Decision-Maker,++,+,0,-,--,Target (Y/N),Comments
"James Naish (Labour, Rushcliffe)",1,,,,,,"2025-06-20 VOTE: Voted No: Terminally Ill Adults (End of Life) Bill: Third Reading [++: Voted against assisted dying bill at Third Reading, aligning with CitizenGO's opposition.] | 2025-06-20 VOTE: Voted No: Terminally Ill Adults (End of Life) Bill: Amendment 94 [0: Assisted dying bill amendment; effect unclear from title alone.] | 2025-06-20 VOTE: Voted No: Terminally Ill Adults (End of Life) Bill: Amendment 77 [0: Assisted dying bill amendment; effect unclear from title alone.] | 2025-06-20 VOTE: Voted Aye: Terminally Ill Adults (End of Life) Bill: Amendment 12 [0: Assisted dying bill amendment; effect unclear from title alone.] | 2025-06-20 VOTE: Voted Aye: Terminally Ill Adults (End of Life) Bill: Amendment 24 [0: Assisted dying bill amendment; effect unclear from title alone.] | 2025-06-20 VOTE: Voted No: Terminally Ill Adults (End of Life) Bill: New Clause 16 [0: Assisted dying bill new clause; effect unclear from title alone.] | 2025-06-13 VOTE: Voted Aye: Terminally Ill Adults (End of Life) Bill: New Clause 2 [0: Assisted dying bill amendment; effect unclear from title alone.] | 2025-06-13 VOTE: Voted Aye: Terminally Ill Adults (End of Life) Bill: New Clause 1 [0: New Clause on end of life bill, effect unclear from title alone.] | 2025-06-13 VOTE: Voted Aye: Terminally Ill Adults (End of Life) Bill: Amendment (b) to New Clause 14 [0: Amendment to end of life bill, effect unclear from title alone.] | 2025-05-16 VOTE: Voted Aye: Terminally Ill Adults (End of Life) Bill Report Stage: Amendment (a) to New Clause 10 [0: Amendment to end of life bill, effect unclear from title alone.] | 2025-05-16 VOTE: Voted No: Terminally Ill Adults (End of Life) Bill Report Stage: Amendment (a) to New Clause 10 [0: Amendment to end of life bill, effect unclear from title alone.] | 2024-11-29 VOTE: Voted No: Terminally Ill Adults (End of Life) Bill: Second Reading [++: Voted against assisted dying bill's second reading, aligning with opposition to assisted dying.]"
"Mary Kelly Foy (Labour, City of Durham)",1,,,,,,"2025-06-20 VOTE: Voted No: Terminally Ill Adults (End of Life) Bill: Third Reading [++: Voted against assisted dying bill at Third Reading, aligning with CitizenGO's opposition.] | 2025-06-20 VOTE: Voted No: Terminally Ill Adults (End of Life) Bill: Amendment 94 [0: Assisted dying bill amendment; effect unclear from title alone.] | 2025-06-20 VOTE: Voted No: Terminally Ill Adults (End of Life) Bill: Amendment 77 [0: Assisted dying bill amendment; effect unclear from title alone.] | 2025-06-20 VOTE: Voted Aye: Terminally Ill Adults (End of Life) Bill: Amendment 12 [0: Assisted dying bill amendment; effect unclear from title alone.] | 2025-06-20 VOTE: Voted Aye: Terminally Ill Adults (End of Life) Bill: Amendment 24 [0: Assisted dying bill amendment; effect unclear from title alone.] | 2025-06-20 VOTE: Voted Aye: Terminally Ill Adults (End of Life) Bill: New Clause 16 [0: Assisted dying bill new clause; effect unclear from title alone.] | 2025-06-20 VOTE: Voted No: Terminally Ill Adults (End of Life) Bill: New Clause 16 [0: Assisted dying bill new clause; effect unclear from title alone.] | 2025-06-13 VOTE: Voted Aye: Terminally Ill Adults (End of Life) Bill: New Clause 2 [0: Assisted dying bill amendment; effect unclear from title alone.] | 2025-06-13 VOTE: Voted Aye: Terminally Ill Adults (End of Life) Bill: New Clause 1 [0: New Clause on end of life bill, effect unclear from title alone.] | 2025-06-13 VOTE: Voted Aye: Terminally Ill Adults (End of Life) Bill: Amendment (b) to New Clause 14 [0: Amendment to end of life bill, effect unclear from title alone.] | 2025-05-16 VOTE: Voted Aye: Terminally Ill Adults (End of Life) Bill Report Stage: Amendment (a) to New Clause 10 [0: Amendment to end of life bill, effect unclear from title alone.] | 2024-11-29 VOTE: Voted No: Terminally Ill Adults (End of Life) Bill: Second Reading [++: Voted against assisted dying bill's second reading, aligning with opposition to assisted dying.]"
"Alex Burghart (Conservative, Brentwood and Ongar)",1,,,,,,"2025-06-20 VOTE: Voted No: Terminally Ill Adults (End of Life) Bill: Third Reading [++: Voted against assisted dying bill at Third Reading, aligning with CitizenGO's opposition.] | 2025-06-20 VOTE: Voted No: Terminally Ill Adults (End of Life) Bill: Amendment 94 [0: Assisted dying bill amendment; effect unclear from title alone.] | 2025-06-20 VOTE: Voted No: Terminally Ill Adults (End of Life) Bill: Amendment 77 [0: Assisted dying bill amendment; effect unclear from title alone.] | 2025-06-20 VOTE: Voted Aye: Terminally Ill Adults (End of Life) Bill: Amendment 12 [0: Assisted dying bill amendment; effect unclear from title alone.] | 2025-06-20 VOTE: Voted Aye: Terminally Ill Adults (End of Life) Bill: Amendment 24 [0: Assisted dying bill amendment; effect unclear from title alone.] | 2025-06-20 VOTE: Voted Aye: Terminally Ill Adults (End of Life) Bill: New Clause 16 [0: Assisted dying bill new clause; effect unclear from title alone.] | 2025-06-13 VOTE: Voted Aye: Terminally Ill Adults (End of Life) Bill: New Clause 2 [0: Assisted dying bill amendment; effect unclear from title alone.] | 2025-06-13 VOTE: Voted Aye: Terminally Ill Adults (End of Life) Bill: New Clause 1 [0: New Clause on end of life bill, effect unclear from title alone.] | 2025-06-13 VOTE: Voted Aye: Terminally Ill Adults (End of Life) Bill: Amendment (b) to New Clause 14 [0: Amendment to end of life bill, effect unclear from title alone.] | 2025-05-16 VOTE: Voted Aye: Terminally Ill Adults (End of Life) Bill Report Stage: Amendment (a) to New Clause 10 [0: Amendment to end of life bill, effect unclear from title alone.] | 2024-11-29 VOTE: Voted No: Terminally Ill Adults (End of Life) Bill: Second Reading [++: Voted against assisted dying bill's second reading, aligning with opposition to assisted dying.]"
"Alex Easton (Independent, North Down)",1,,,,,,"2025-06-20 VOTE: Voted No: Terminally Ill Adults (End of Life) Bill: Third Reading [++: Voted against assisted dying bill at Third Reading, aligning with CitizenGO's opposition.] | 2025-06-20 VOTE: Voted No: Terminally Ill Adults (End of Life) Bill: Amendment 94 [0: Assisted dying bill amendment; effect unclear from title alone.] | 2025-06-20 VOTE: Voted No: Terminally Ill Adults (End of Life) Bill: Amendment 77 [0: Assisted dying bill amendment; effect unclear from title alone.] | 2025-06-20 VOTE: Voted Aye: Terminally Ill Adults (End of Life) Bill: Amendment 12 [0: Assisted dying bill amendment; effect unclear from title alone.] | 2025-06-20 VOTE: Voted Aye: Terminally Ill Adults (End of Life) Bill: Amendment 24 [0: Assisted dying bill amendment; effect unclear from title alone.] | 2025-06-20 VOTE: Voted Aye: Terminally Ill Adults (End of Life) Bill: New Clause 16 [0: Assisted dying bill new clause; effect unclear from title alone.] | 2025-06-13 VOTE: Voted Aye: Terminally Ill Adults (End of Life) Bill: New Clause 2 [0: Assisted dying bill amendment; effect unclear from title alone.] | 2025-06-13 VOTE: Voted Aye: Terminally Ill Adults (End of Life) Bill: New Clause 1 [0: New Clause on end of life bill, effect unclear from title alone.] | 2025-06-13 VOTE: Voted Aye: Terminally Ill Adults (End of Life) Bill: Amendment (b) to New Clause 14 [0: Amendment to end of life bill, effect unclear from title alone.] | 2025-05-16 VOTE: Voted Aye: Terminally Ill Adults (End of Life) Bill Report Stage: Amendment (a) to New Clause 10 [0: Amendment to end of life bill, effect unclear from title alone.] | 2024-11-29 VOTE: Voted No: Terminally Ill Adults (End of Life) Bill: Second Reading [++: Voted against assisted dying bill's second reading, aligning with opposition to assisted dying.]"
"Alison Griffiths (Conservative, Bognor Regis and Littlehampton)",1,,,,,,"2025-06-20 VOTE: Voted No: Terminally Ill Adults (End of Life) Bill: Third Reading [++: Voted against assisted dying bill at Third Reading, aligning with CitizenGO's opposition.] | 2025-06-20 VOTE: Voted No: Terminally Ill Adults (End of Life) Bill: Amendment 94 [0: Assisted dying bill amendment; effect unclear from title alone.] | 2025-06-20 VOTE: Voted No: Terminally Ill Adults (End of Life) Bill: Amendment 77 [0: Assisted dying bill amendment; effect unclear from title alone.] | 2025-06-20 VOTE: Voted Aye: Terminally Ill Adults (End of Life) Bill: Amendment 12 [0: Assisted dying bill amendment; effect unclear from title alone.] | 2025-06-20 VOTE: Voted Aye: Terminally Ill Adults (End of Life) Bill: Amendment 24 [0: Assisted dying bill amendment; effect unclear from title alone.] | 2025-06-20 VOTE: Voted Aye: Terminally Ill Adults (End of Life) Bill: New Clause 16 [0: Assisted dying bill new clause; effect unclear from title alone.] | 2025-06-13 VOTE: Voted Aye: Terminally Ill Adults (End of Life) Bill: New Clause 2 [0: Assisted dying bill amendment; effect unclear from title alone.] | 2025-06-13 VOTE: Voted Aye: Terminally Ill Adults (End of Life) Bill: New Clause 1 [0: New Clause on end of life bill, effect unclear from title alone.] | 2025-06-13 VOTE: Voted Aye: Terminally Ill Adults (End of Life) Bill: Amendment (b) to New Clause 14 [0: Amendment to end of life bill, effect unclear from title alone.] | 2025-05-16 VOTE: Voted Aye: Terminally Ill Adults (End of Life) Bill Report Stage: Amendment (a) to New Clause 10 [0: Amendment to end of life bill, effect unclear from title alone.] | 2024-11-29 VOTE: Voted No: Terminally Ill Adults (End of Life) Bill: Second Reading [++: Voted against assisted dying bill's second reading, aligning with opposition to assisted dying.]"
"Amanda Hack (Labour, North West Leicestershire)",1,,,,,,"CONFLICTING SIGNALS - review all evidence | 2025-06-20 VOTE: Voted No: Terminally Ill Adults (End of Life) Bill: Third Reading [++: Voted against assisted dying bill at Third Reading, aligning with CitizenGO's opposition.] | 2025-06-20 VOTE: Voted No: Terminally Ill Adults (End of Life) Bill: Amendment 94 [0: Assisted dying bill amendment; effect unclear from title alone.] | 2025-06-20 VOTE: Voted No: Terminally Ill Adults (End of Life) Bill: Amendment 77 [0: Assisted dying bill amendment; effect unclear from title alone.] | 2025-06-20 VOTE: Voted Aye: Terminally Ill Adults (End of Life) Bill: Amendment 12 [0: Assisted dying bill amendment; effect unclear from title alone.] | 2025-06-20 VOTE: Voted Aye: Terminally Ill Adults (End of Life) Bill: Amendment 24 [0: Assisted dying bill amendment; effect unclear from title alone.] | 2025-06-20 VOTE: Voted Aye: Terminally Ill Adults (End of Life) Bill: New Clause 16 [0: Assisted dying bill new clause; effect unclear from title alone.] | 2025-06-13 VOTE: Voted Aye: Terminally Ill Adults (End of Life) Bill: New Clause 2 [0: Assisted dying bill amendment; effect unclear from title alone.] | 2025-06-13 VOTE: Voted Aye: Terminally Ill Adults (End of Life) Bill: New Clause 1 [0: New Clause on end of life bill, effect unclear from title alone.] | 2025-06-13 VOTE: Voted Aye: Terminally Ill Adults (End of Life) Bill: Amendment (b) to New Clause 14 [0: Amendment to end of life bill, effect unclear from title alone.] | 2025-05-16 VOTE: Voted No: Terminally Ill Adults (End of Life) Bill Report Stage: Amendment (a) to New Clause 10 [0: Amendment to end of life bill, effect unclear from title alone.] | 2024-11-29 VOTE: Voted Aye: Terminally Ill Adults (End of Life) Bill: Second Reading [--: Voted for assisted dying bill's second reading, directly opposing CitizenGO's stance against assisted dying.]"
"Andrew Pakes (Labour (Co-op), Peterborough)",1,,,,,,"2025-06-20 VOTE: Voted No: Terminally Ill Adults (End of Life) Bill: Third Reading [++: Voted against assisted dying bill at Third Reading, aligning with CitizenGO's opposition.] | 2025-06-20 VOTE: Voted No: Terminally Ill Adults (End of Life) Bill: Amendment 94 [0: Assisted dying bill amendment; effect unclear from title alone.] | 2025-06-20 VOTE: Voted No: Terminally Ill Adults (End of Life) Bill: Amendment 77 [0: Assisted dying bill amendment; effect unclear from title alone.] | 2025-06-20 VOTE: Voted Aye: Terminally Ill Adults (End of Life) Bill: Amendment 12 [0: Assisted dying bill amendment; effect unclear from title alone.] | 2025-06-20 VOTE: Voted Aye: Terminally Ill Adults (End of Life) Bill: Amendment 24 [0: Assisted dying bill amendment; effect unclear from title alone.] | 2025-06-20 VOTE: Voted Aye: Terminally Ill Adults (End of Life) Bill: New Clause 16 [0: Assisted dying bill new clause; effect unclear from title alone.] | 2025-06-13 VOTE: Voted Aye: Terminally Ill Adults (End of Life) Bill: New Clause 2 [0: Assisted dying bill amendment; effect unclear from title alone.] | 2025-06-13 VOTE: Voted Aye: Terminally Ill Adults (End of Life) Bill: New Clause 1 [0: New Clause on end of life bill, effect unclear from title alone.] | 2025-06-13 VOTE: Voted Aye: Terminally Ill Adults (End of Life) Bill: Amendment (b) to New Clause 14 [0: Amendment to end of life bill, effect unclear from title alone.] | 2025-05-16 VOTE: Voted Aye: Terminally Ill Adults (End of Life) Bill Report Stage: Amendment (a) to New Clause 10 [0: Amendment to end of life bill, effect unclear from title alone.] | 2024-11-29 VOTE: Voted No: Terminally Ill Adults (End of Life) Bill: Second Reading [++: Voted against assisted dying bill's second reading, aligning with opposition to assisted dying.]"
"Andrew Rosindell (Reform UK, Romford)",1,,,,,,"2025-06-20 VOTE: Voted No: Terminally Ill Adults (End of Life) Bill: Third Reading [++: Voted against assisted dying bill at Third Reading, aligning with CitizenGO's opposition.] | 2025-06-20 VOTE: Voted No: Terminally Ill Adults (End of Life) Bill: Amendment 94 [0: Assisted dying bill amendment; effect unclear from title alone.] | 2025-06-20 VOTE: Voted No: Terminally Ill Adults (End of Life) Bill: Amendment 77 [0: Assisted dying bill amendment; effect unclear from title alone.] | 2025-06-20 VOTE: Voted Aye: Terminally Ill Adults (End of Life) Bill: Amendment 12 [0: Assisted dying bill amendment; effect unclear from title alone.] | 2025-06-20 VOTE: Voted Aye: Terminally Ill Adults (End of Life) Bill: Amendment 24 [0: Assisted dying bill amendment; effect unclear from title alone.] | 2025-06-20 VOTE: Voted Aye: Terminally Ill Adults (End of Life) Bill: New Clause 16 [0: Assisted dying bill new clause; effect unclear from title alone.] | 2025-06-13 VOTE: Voted Aye: Terminally Ill Adults (End of Life) Bill: New Clause 2 [0: Assisted dying bill amendment; effect unclear from title alone.] | 2025-06-13 VOTE: Voted Aye: Terminally Ill Adults (End of Life) Bill: New Clause 1 [0: New Clause on end of life bill, effect unclear from title alone.] | 2025-06-13 VOTE: Voted Aye: Terminally Ill Adults (End of Life) Bill: Amendment (b) to New Clause 14 [0: Amendment to end of life bill, effect unclear from title alone.] | 2025-05-16 VOTE: Voted Aye: Terminally Ill Adults (End of Life) Bill Report Stage: Amendment (a) to New Clause 10 [0: Amendment to end of life bill, effect unclear from title alone.] | 2024-11-29 VOTE: Voted No: Terminally Ill Adults (End of Life) Bill: Second Reading [++: Voted against assisted dying bill's second reading, aligning with opposition to assisted dying.]"
"Anna Dixon (Labour, Shipley)",1,,,,,,"2025-06-20 VOTE: Voted No: Terminally Ill Adults (End of Life) Bill: Third Reading [++: Voted against assisted dying bill at Third Reading, aligning with CitizenGO's opposition.] | 2025-06-20 VOTE: Voted No: Terminally Ill Adults (End of Life) Bill: Amendment 94 [0: Assisted dying bill amendment; effect unclear from title alone.] | 2025-06-20 VOTE: Voted No: Terminally Ill Adults (End of Life) Bill: Amendment 77 [0: Assisted dying bill amendment; effect unclear from title alone.] | 2025-06-20 VOTE: Voted Aye: Terminally Ill Adults (End of Life) Bill: Amendment 12 [0: Assisted dying bill amendment; effect unclear from title alone.] | 2025-06-20 VOTE: Voted Aye: Terminally Ill Adults (End of Life) Bill: Amendment 24 [0: Assisted dying bill amendment; effect unclear from title alone.] | 2025-06-20 VOTE: Voted Aye: Terminally Ill Adults (End of Life) Bill: New Clause 16 [0: Assisted dying bill new clause; effect unclear from title alone.] | 2025-06-13 VOTE: Voted Aye: Terminally Ill Adults (End of Life) Bill: New Clause 2 [0: Assisted dying bill amendment; effect unclear from title alone.] | 2025-06-13 VOTE: Voted Aye: Terminally Ill Adults (End of Life) Bill: New Clause 1 [0: New Clause on end of life bill, effect unclear from title alone.] | 2025-06-13 VOTE: Voted Aye: Terminally Ill Adults (End of Life) Bill: Amendment (b) to New Clause 14 [0: Amendment to end of life bill, effect unclear from title alone.] | 2025-05-16 VOTE: Voted Aye: Terminally Ill Adults (End of Life) Bill Report Stage: Amendment (a) to New Clause 10 [0: Amendment to end of life bill, effect unclear from title alone.] | 2024-11-29 VOTE: Voted No: Terminally Ill Adults (End of Life) Bill: Second Reading [++: Voted against assisted dying bill's second reading, aligning with opposition to assisted dying.]"
"Antonia Bance (Labour, Tipton and Wednesbury)",1,,,,,,"2025-06-20 VOTE: Voted No: Terminally Ill Adults (End of Life) Bill: Third Reading [++: Voted against assisted dying bill at Third Reading, aligning with CitizenGO's opposition.] | 2025-06-20 VOTE: Voted No: Terminally Ill Adults (End of Life) Bill: Amendment 94 [0: Assisted dying bill amendment; effect unclear from title alone.] | 2025-06-20 VOTE: Voted No: Terminally Ill Adults (End of Life) Bill: Amendment 77 [0: Assisted dying bill amendment; effect unclear from title alone.] | 2025-06-20 VOTE: Voted Aye: Terminally Ill Adults (End of Life) Bill: Amendment 12 [0: Assisted dying bill amendment; effect unclear from title alone.] | 2025-06-20 VOTE: Voted Aye: Terminally Ill Adults (End of Life) Bill: Amendment 24 [0: Assisted dying bill amendment; effect unclear from title alone.] | 2025-06-20 VOTE: Voted Aye: Terminally Ill Adults (End of Life) Bill: New Clause 16 [0: Assisted dying bill new clause; effect unclear from title alone.] | 2025-06-13 VOTE: Voted Aye: Terminally Ill Adults (End of Life) Bill: New Clause 2 [0: Assisted dying bill amendment; effect unclear from title alone.] | 2025-06-13 VOTE: Voted Aye: Terminally Ill Adults (End of Life) Bill: New Clause 1 [0: New Clause on end of life bill, effect unclear from title alone.] | 2025-06-13 VOTE: Voted Aye: Terminally Ill Adults (End of Life) Bill: Amendment (b) to New Clause 14 [0: Amendment to end of life bill, effect unclear from title alone.] | 2025-05-16 VOTE: Voted Aye: Terminally Ill Adults (End of Life) Bill Report Stage: Amendment (a) to New Clause 10 [0: Amendment to end of life bill, effect unclear from title alone.] | 2024-11-29 VOTE: Voted No: Terminally Ill Adults (End of Life) Bill: Second Reading [++: Voted against assisted dying bill's second reading, aligning with opposition to assisted dying.]"
"Bell Ribeiro-Addy (Labour, Clapham and Brixton Hill)",1,,,,,,"2025-06-20 VOTE: Voted No: Terminally Ill Adults (End of Life) Bill: Third Reading [++: Voted against assisted dying bill at Third Reading, aligning with CitizenGO's opposition.] | 2025-06-20 VOTE: Voted No: Terminally Ill Adults (End of Life) Bill: Amendment 94 [0: Assisted dying bill amendment; effect unclear from title alone.] | 2025-06-20 VOTE: Voted No: Terminally Ill Adults (End of Life) Bill: Amendment 77 [0: Assisted dying bill amendment; effect unclear from title alone.] | 2025-06-20 VOTE: Voted Aye: Terminally Ill Adults (End of Life) Bill: Amendment 12 [0: Assisted dying bill amendment; effect unclear from title alone.] | 2025-06-20 VOTE: Voted Aye: Terminally Ill Adults (End of Life) Bill: Amendment 24 [0: Assisted dying bill amendment; effect unclear from title alone.] | 2025-06-20 VOTE: Voted Aye: Terminally Ill Adults (End of Life) Bill: New Clause 16 [0: Assisted dying bill new clause; effect unclear from title alone.] | 2025-06-13 VOTE: Voted Aye: Terminally Ill Adults (End of Life) Bill: New Clause 2 [0: Assisted dying bill amendment; effect unclear from title alone.] | 2025-06-13 VOTE: Voted Aye: Terminally Ill Adults (End of Life) Bill: New Clause 1 [0: New Clause on end of life bill, effect unclear from title alone.] | 2025-06-13 VOTE: Voted Aye: Terminally Ill Adults (End of Life) Bill: Amendment (b) to New Clause 14 [0: Amendment to end of life bill, effect unclear from title alone.] | 2025-05-16 VOTE: Voted Aye: Terminally Ill Adults (End of Life) Bill Report Stage: Amendment (a) to New Clause 10 [0: Amendment to end of life bill, effect unclear from title alone.] | 2024-11-29 VOTE: Voted No: Terminally Ill Adults (End of Life) Bill: Second Reading [++: Voted against assisted dying bill's second reading, aligning with opposition to assisted dying.]"
"Ben Obese-Jecty (Conservative, Huntingdon)",1,,,,,,"2025-06-20 VOTE: Voted No: Terminally Ill Adults (End of Life) Bill: Third Reading [++: Voted against assisted dying bill at Third Reading, aligning with CitizenGO's opposition.] | 2025-06-20 VOTE: Voted No: Terminally Ill Adults (End of Life) Bill: Amendment 94 [0: Assisted dying bill amendment; effect unclear from title alone.] | 2025-06-20 VOTE: Voted No: Terminally Ill Adults (End of Life) Bill: Amendment 77 [0: Assisted dying bill amendment; effect unclear from title alone.] | 2025-06-20 VOTE: Voted Aye: Terminally Ill Adults (End of Life) Bill: Amendment 12 [0: Assisted dying bill amendment; effect unclear from title alone.] | 2025-06-20 VOTE: Voted Aye: Terminally Ill Adults (End of Life) Bill: Amendment 24 [0: Assisted dying bill amendment; effect unclear from title alone.] | 2025-06-20 VOTE: Voted Aye: Terminally Ill Adults (End of Life) Bill: New Clause 16 [0: Assisted dying bill new clause; effect unclear from title alone.] | 2025-06-13 VOTE: Voted Aye: Terminally Ill Adults (End of Life) Bill: New Clause 2 [0: Assisted dying bill amendment; effect unclear from title alone.] | 2025-06-13 VOTE: Voted Aye: Terminally Ill Adults (End of Life) Bill: New Clause 1 [0: New Clause on end of life bill, effect unclear from title alone.] | 2025-06-13 VOTE: Voted Aye: Terminally Ill Adults (End of Life) Bill: Amendment (b) to New Clause 14 [0: Amendment to end of life bill, effect unclear from title alone.] | 2025-05-16 VOTE: Voted Aye: Terminally Ill Adults (End of Life) Bill Report Stage: Amendment (a) to New Clause 10 [0: Amendment to end of life bill, effect unclear from title alone.] | 2024-11-29 VOTE: Voted No: Terminally Ill Adults (End of Life) Bill: Second Reading [++: Voted against assisted dying bill's second reading, aligning with opposition to assisted dying.]"
"Blair McDougall (Labour, East Renfrewshire)",1,,,,,,"2025-06-20 VOTE: Voted No: Terminally Ill Adults (End of Life) Bill: Third Reading [++: Voted against assisted dying bill at Third Reading, aligning with CitizenGO's opposition.] | 2025-06-20 VOTE: Voted No: Terminally Ill Adults (End of Life) Bill: Amendment 94 [0: Assisted dying bill amendment; effect unclear from title alone.] | 2025-06-20 VOTE: Voted No: Terminally Ill Adults (End of Life) Bill: Amendment 77 [0: Assisted dying bill amendment; effect unclear from title alone.] | 2025-06-20 VOTE: Voted Aye: Terminally Ill Adults (End of Life) Bill: Amendment 12 [0: Assisted dying bill amendment; effect unclear from title alone.] | 2025-06-20 VOTE: Voted Aye: Terminally Ill Adults (End of Life) Bill: Amendment 24 [0: Assisted dying bill amendment; effect unclear from title alone.] | 2025-06-20 VOTE: Voted Aye: Terminally Ill Adults (End of Life) Bill: New Clause 16 [0: Assisted dying bill new clause; effect unclear from title alone.] | 2025-06-13 VOTE: Voted Aye: Terminally Ill Adults (End of Life) Bill: New Clause 2 [0: Assisted dying bill amendment; effect unclear from title alone.] | 2025-06-13 VOTE: Voted Aye: Terminally Ill Adults (End of Life) Bill: New Clause 1 [0: New Clause on end of life bill, effect unclear from title alone.] | 2025-06-13 VOTE: Voted Aye: Terminally Ill Adults (End of Life) Bill: Amendment (b) to New Clause 14 [0: Amendment to end of life bill, effect unclear from title alone.] | 2025-05-16 VOTE: Voted Aye: Terminally Ill Adults (End of Life) Bill Report Stage: Amendment (a) to New Clause 10 [0: Amendment to end of life bill, effect unclear from title alone.] | 2024-11-29 VOTE: Voted No: Terminally Ill Adults (End of Life) Bill: Second Reading [++: Voted against assisted dying bill's second reading, aligning with opposition to assisted dying.]"
"Blake Stephenson (Conservative, Mid Bedfordshire)",1,,,,,,"2025-06-20 VOTE: Voted No: Terminally Ill Adults (End of Life) Bill: Third Reading [++: Voted against assisted dying bill at Third Reading, aligning with CitizenGO's opposition.] | 2025-06-20 VOTE: Voted No: Terminally Ill Adults (End of Life) Bill: Amendment 94 [0: Assisted dying bill amendment; effect unclear from title alone.] | 2025-06-20 VOTE: Voted No: Terminally Ill Adults (End of Life) Bill: Amendment 77 [0: Assisted dying bill amendment; effect unclear from title alone.] | 2025-06-20 VOTE: Voted Aye: Terminally Ill Adults (End of Life) Bill: Amendment 12 [0: Assisted dying bill amendment; effect unclear from title alone.] | 2025-06-20 VOTE: Voted Aye: Terminally Ill Adults (End of Life) Bill: Amendment 24 [0: Assisted dying bill amendment; effect unclear from title alone.] | 2025-06-20 VOTE: Voted Aye: Terminally Ill Adults (End of Life) Bill: New Clause 16 [0: Assisted dying bill new clause; effect unclear from title alone.] | 2025-06-13 VOTE: Voted Aye: Terminally Ill Adults (End of Life) Bill: New Clause 2 [0: Assisted dying bill amendment; effect unclear from title alone.] | 2025-06-13 VOTE: Voted Aye: Terminally Ill Adults (End of Life) Bill: New Clause 1 [0: New Clause on end of life bill, effect unclear from title alone.] | 2025-06-13 VOTE: Voted Aye: Terminally Ill Adults (End of Life) Bill: Amendment (b) to New Clause 14 [0: Amendment to end of life bill, effect unclear from title alone.] | 2025-05-16 VOTE: Voted Aye: Terminally Ill Adults (End of Life) Bill Report Stage: Amendment (a) to New Clause 10 [0: Amendment to end of life bill, effect unclear from title alone.] | 2024-11-29 VOTE: Voted No: Terminally Ill Adults (End of Life) Bill: Second Reading [++: Voted against assisted dying bill's second reading, aligning with opposition to assisted dying.]"
"Bradley Thomas (Conservative, Bromsgrove)",1,,,,,,"2025-06-20 VOTE: Voted No: Terminally Ill Adults (End of Life) Bill: Third Reading [++: Voted against assisted dying bill at Third Reading, aligning with CitizenGO's opposition.] | 2025-06-20 VOTE: Voted No: Terminally Ill Adults (End of Life) Bill: Amendment 94 [0: Assisted dying bill amendment; effect unclear from title alone.] | 2025-06-20 VOTE: Voted No: Terminally Ill Adults (End of Life) Bill: Amendment 77 [0: Assisted dying bill amendment; effect unclear from title alone.] | 2025-06-20 VOTE: Voted Aye: Terminally Ill Adults (End of Life) Bill: Amendment 12 [0: Assisted dying bill amendment; effect unclear from title alone.] | 2025-06-20 VOTE: Voted Aye: Terminally Ill Adults (End of Life) Bill: Amendment 24 [0: Assisted dying bill amendment; effect unclear from title alone.] | 2025-06-20 VOTE: Voted Aye: Terminally Ill Adults (End of Life) Bill: New Clause 16 [0: Assisted dying bill new clause; effect unclear from title alone.] | 2025-06-13 VOTE: Voted Aye: Terminally Ill Adults (End of Life) Bill: New Clause 2 [0: Assisted dying bill amendment; effect unclear from title alone.] | 2025-06-13 VOTE: Voted Aye: Terminally Ill Adults (End of Life) Bill: New Clause 1 [0: New Clause on end of life bill, effect unclear from title alone.] | 2025-06-13 VOTE: Voted Aye: Terminally Ill Adults (End of Life) Bill: Amendment (b) to New Clause 14 [0: Amendment to end of life bill, effect unclear from title alone.] | 2025-05-16 VOTE: Voted Aye: Terminally Ill Adults (End of Life) Bill Report Stage: Amendment (a) to New Clause 10 [0: Amendment to end of life bill, effect unclear from title alone.] | 2024-11-29 VOTE: Voted No: Terminally Ill Adults (End of Life) Bill: Second Reading [++: Voted against assisted dying bill's second reading, aligning with opposition to assisted dying.]"
"Brian Mathew (Liberal Democrat, Melksham and Devizes)",1,,,,,,"CONFLICTING SIGNALS - review all evidence | 2025-06-20 VOTE: Voted No: Terminally Ill Adults (End of Life) Bill: Third Reading [++: Voted against assisted dying bill at Third Reading, aligning with CitizenGO's opposition.] | 2025-06-20 VOTE: Voted No: Terminally Ill Adults (End of Life) Bill: Amendment 94 [0: Assisted dying bill amendment; effect unclear from title alone.] | 2025-06-20 VOTE: Voted No: Terminally Ill Adults (End of Life) Bill: Amendment 77 [0: Assisted dying bill amendment; effect unclear from title alone.] | 2025-06-20 VOTE: Voted Aye: Terminally Ill Adults (End of Life) Bill: Amendment 12 [0: Assisted dying bill amendment; effect unclear from title alone.] | 2025-06-20 VOTE: Voted Aye: Terminally Ill Adults (End of Life) Bill: Amendment 24 [0: Assisted dying bill amendment; effect unclear from title alone.] | 2025-06-20 VOTE: Voted Aye: Terminally Ill Adults (End of Life) Bill: New Clause 16 [0: Assisted dying bill new clause; effect unclear from title alone.] | 2025-06-13 VOTE: Voted Aye: Terminally Ill Adults (End of Life) Bill: New Clause 2 [0: Assisted dying bill amendment; effect unclear from title alone.] | 2025-06-13 VOTE: Voted Aye: Terminally Ill Adults (End of Life) Bill: New Clause 1 [0: New Clause on end of life bill, effect unclear from title alone.] | 2025-06-13 VOTE: Voted Aye: Terminally Ill Adults (End of Life) Bill: Amendment (b) to New Clause 14 [0: Amendment to end of life bill, effect unclear from title alone.] | 2025-05-16 VOTE: Voted Aye: Terminally Ill Adults (End of Life) Bill Report Stage: Amendment (a) to New Clause 10 [0: Amendment to end of life bill, effect unclear from title alone.] | 2024-11-29 VOTE: Voted Aye: Terminally Ill Adults (End of Life) Bill: Second Reading [--: Voted for assisted dying bill's second reading, directly opposing CitizenGO's stance against assisted dying.]"
"Carla Lockhart (Democratic Unionist Party, Upper Bann)",1,,,,,,"2025-06-20 VOTE: Voted No: Terminally Ill Adults (End of Life) Bill: Third Reading [++: Voted against assisted dying bill at Third Reading, aligning with CitizenGO's opposition.] | 2025-06-20 VOTE: Voted No: Terminally Ill Adults (End of Life) Bill: Amendment 94 [0: Assisted dying bill amendment; effect unclear from title alone.] | 2025-06-20 VOTE: Voted No: Terminally Ill Adults (End of Life) Bill: Amendment 77 [0: Assisted dying bill amendment; effect unclear from title alone.] | 2025-06-20 VOTE: Voted Aye: Terminally Ill Adults (End of Life) Bill: Amendment 12 [0: Assisted dying bill amendment; effect unclear from title alone.] | 2025-06-20 VOTE: Voted Aye: Terminally Ill Adults (End of Life) Bill: Amendment 24 [0: Assisted dying bill amendment; effect unclear from title alone.] | 2025-06-20 VOTE: Voted Aye: Terminally Ill Adults (End of Life) Bill: New Clause 16 [0: Assisted dying bill new clause; effect unclear from title alone.] | 2025-06-13 VOTE: Voted Aye: Terminally Ill Adults (End of Life) Bill: New Clause 2 [0: Assisted dying bill amendment; effect unclear from title alone.] | 2025-06-13 VOTE: Voted Aye: Terminally Ill Adults (End of Life) Bill: New Clause 1 [0: New Clause on end of life bill, effect unclear from title alone.] | 2025-06-13 VOTE: Voted Aye: Terminally Ill Adults (End of Life) Bill: Amendment (b) to New Clause 14 [0: Amendment to end of life bill, effect unclear from title alone.] | 2025-05-16 VOTE: Voted Aye: Terminally Ill Adults (End of Life) Bill Report Stage: Amendment (a) to New Clause 10 [0: Amendment to end of life bill, effect unclear from title alone.] | 2024-11-29 VOTE: Voted No: Terminally Ill Adults (End of Life) Bill: Second Reading [++: Voted against assisted dying bill's second reading, aligning with opposition to assisted dying.]"
"Catherine Atkinson (Labour, Derby North)",1,,,,,,"2025-06-20 VOTE: Voted No: Terminally Ill Adults (End of Life) Bill: Third Reading [++: Voted against assisted dying bill at Third Reading, aligning with CitizenGO's opposition.] | 2025-06-20 VOTE: Voted No: Terminally Ill Adults (End of Life) Bill: Amendment 94 [0: Assisted dying bill amendment; effect unclear from title alone.] | 2025-06-20 VOTE: Voted No: Terminally Ill Adults (End of Life) Bill: Amendment 77 [0: Assisted dying bill amendment; effect unclear from title alone.] | 2025-06-20 VOTE: Voted Aye: Terminally Ill Adults (End of Life) Bill: Amendment 12 [0: Assisted dying bill amendment; effect unclear from title alone.] | 2025-06-20 VOTE: Voted Aye: Terminally Ill Adults (End of Life) Bill: Amendment 24 [0: Assisted dying bill amendment; effect unclear from title alone.] | 2025-06-20 VOTE: Voted Aye: Terminally Ill Adults (End of Life) Bill: New Clause 16 [0: Assisted dying bill new clause; effect unclear from title alone.] | 2025-06-13 VOTE: Voted Aye: Terminally Ill Adults (End of Life) Bill: New Clause 2 [0: Assisted dying bill amendment; effect unclear from title alone.] | 2025-06-13 VOTE: Voted Aye: Terminally Ill Adults (End of Life) Bill: New Clause 1 [0: New Clause on end of life bill, effect unclear from title alone.] | 2025-06-13 VOTE: Voted Aye: Terminally Ill Adults (End of Life) Bill: Amendment (b) to New Clause 14 [0: Amendment to end of life bill, effect unclear from title alone.] | 2025-05-16 VOTE: Voted Aye: Terminally Ill Adults (End of Life) Bill Report Stage: Amendment (a) to New Clause 10 [0: Amendment to end of life bill, effect unclear from title alone.] | 2024-11-29 VOTE: Voted No: Terminally Ill Adults (End of Life) Bill: Second Reading [++: Voted against assisted dying bill's second reading, aligning with opposition to assisted dying.]"
"Catherine McKinnell (Labour, Newcastle upon Tyne North)",1,,,,,,"2025-06-20 VOTE: Voted No: Terminally Ill Adults (End of Life) Bill: Third Reading [++: Voted against assisted dying bill at Third Reading, aligning with CitizenGO's opposition.] | 2025-06-20 VOTE: Voted No: Terminally Ill Adults (End of Life) Bill: Amendment 94 [0: Assisted dying bill amendment; effect unclear from title alone.] | 2025-06-20 VOTE: Voted No: Terminally Ill Adults (End of Life) Bill: Amendment 77 [0: Assisted dying bill amendment; effect unclear from title alone.] | 2025-06-20 VOTE: Voted Aye: Terminally Ill Adults (End of Life) Bill: Amendment 12 [0: Assisted dying bill amendment; effect unclear from title alone.] | 2025-06-20 VOTE: Voted Aye: Terminally Ill Adults (End of Life) Bill: Amendment 24 [0: Assisted dying bill amendment; effect unclear from title alone.] | 2025-06-20 VOTE: Voted Aye: Terminally Ill Adults (End of Life) Bill: New Clause 16 [0: Assisted dying bill new clause; effect unclear from title alone.] | 2025-06-13 VOTE: Voted Aye: Terminally Ill Adults (End of Life) Bill: New Clause 2 [0: Assisted dying bill amendment; effect unclear from title alone.] | 2025-06-13 VOTE: Voted Aye: Terminally Ill Adults (End of Life) Bill: New Clause 1 [0: New Clause on end of life bill, effect unclear from title alone.] | 2025-06-13 VOTE: Voted Aye: Terminally Ill Adults (End of Life) Bill: Amendment (b) to New Clause 14 [0: Amendment to end of life bill, effect unclear from title alone.] | 2025-05-16 VOTE: Voted Aye: Terminally Ill Adults (End of Life) Bill Report Stage: Amendment (a) to New Clause 10 [0: Amendment to end of life bill, effect unclear from title alone.] | 2024-11-29 VOTE: Voted No: Terminally Ill Adults (End of Life) Bill: Second Reading [++: Voted against assisted dying bill's second reading, aligning with opposition to assisted dying.]"
"Chris Evans (Labour (Co-op), Caerphilly)",1,,,,,,"2025-06-20 VOTE: Voted No: Terminally Ill Adults (End of Life) Bill: Third Reading [++: Voted against assisted dying bill at Third Reading, aligning with CitizenGO's opposition.] | 2025-06-20 VOTE: Voted No: Terminally Ill Adults (End of Life) Bill: Amendment 94 [0: Assisted dying bill amendment; effect unclear from title alone.] | 2025-06-20 VOTE: Voted No: Terminally Ill Adults (End of Life) Bill: Amendment 77 [0: Assisted dying bill amendment; effect unclear from title alone.] | 2025-06-20 VOTE: Voted Aye: Terminally Ill Adults (End of Life) Bill: Amendment 12 [0: Assisted dying bill amendment; effect unclear from title alone.] | 2025-06-20 VOTE: Voted Aye: Terminally Ill Adults (End of Life) Bill: Amendment 24 [0: Assisted dying bill amendment; effect unclear from title alone.] | 2025-06-20 VOTE: Voted Aye: Terminally Ill Adults (End of Life) Bill: New Clause 16 [0: Assisted dying bill new clause; effect unclear from title alone.] | 2025-06-13 VOTE: Voted Aye: Terminally Ill Adults (End of Life) Bill: New Clause 2 [0: Assisted dying bill amendment; effect unclear from title alone.] | 2025-06-13 VOTE: Voted Aye: Terminally Ill Adults (End of Life) Bill: New Clause 1 [0: New Clause on end of life bill, effect unclear from title alone.] | 2025-06-13 VOTE: Voted Aye: Terminally Ill Adults (End of Life) Bill: Amendment (b) to New Clause 14 [0: Amendment to end of life bill, effect unclear from title alone.] | 2025-05-16 VOTE: Voted Aye: Terminally Ill Adults (End of Life) Bill Report Stage: Amendment (a) to New Clause 10 [0: Amendment to end of life bill, effect unclear from title alone.] | 2024-11-29 VOTE: Voted No: Terminally Ill Adults (End of Life) Bill: Second Reading [++: Voted against assisted dying bill's second reading, aligning with opposition to assisted dying.]"
"Chris Hinchliff (Labour, North East Hertfordshire)",1,,,,,,"CONFLICTING SIGNALS - review all evidence | 2025-06-20 VOTE: Voted No: Terminally Ill Adults (End of Life) Bill: Third Reading [++: Voted against assisted dying bill at Third Reading, aligning with CitizenGO's opposition.] | 2025-06-20 VOTE: Voted Aye: Terminally Ill Adults (End of Life) Bill: Amendment 94 [0: Assisted dying bill amendment; effect unclear from title alone.] | 2025-06-20 VOTE: Voted Aye: Terminally Ill Adults (End of Life) Bill: Amendment 77 [0: Assisted dying bill amendment; effect unclear from title alone.] | 2025-06-20 VOTE: Voted No: Terminally Ill Adults (End of Life) Bill: Amendment 12 [0: Assisted dying bill amendment; effect unclear from title alone.] | 2025-06-20 VOTE: Voted No: Terminally Ill Adults (End of Life) Bill: Amendment 24 [0: Assisted dying bill amendment; effect unclear from title alone.] | 2025-06-20 VOTE: Voted No: Terminally Ill Adults (End of Life) Bill: New Clause 16 [0: Assisted dying bill new clause; effect unclear from title alone.] | 2025-06-13 VOTE: Voted Aye: Terminally Ill Adults (End of Life) Bill: New Clause 2 [0: Assisted dying bill amendment; effect unclear from title alone.] | 2025-06-13 VOTE: Voted No: Terminally Ill Adults (End of Life) Bill: New Clause 1 [0: New Clause on end of life bill, effect unclear from title alone.] | 2025-06-13 VOTE: Voted No: Terminally Ill Adults (End of Life) Bill: Amendment (b) to New Clause 14 [0: Amendment to end of life bill, effect unclear from title alone.] | 2025-05-16 VOTE: Voted No: Terminally Ill Adults (End of Life) Bill Report Stage: Amendment (a) to New Clause 10 [0: Amendment to end of life bill, effect unclear from title alone.] | 2024-11-29 VOTE: Voted Aye: Terminally Ill Adults (End of Life) Bill: Second Reading [--: Voted for assisted dying bill's second reading, directly opposing CitizenGO's stance against assisted dying.]"
"Claire Coutinho (Conservative, East Surrey)",1,,,,,,"2025-06-20 VOTE: Voted No: Terminally Ill Adults (End of Life) Bill: Third Reading [++: Voted against assisted dying bill at Third Reading, aligning with CitizenGO's opposition.] | 2025-06-20 VOTE: Voted No: Terminally Ill Adults (End of Life) Bill: Amendment 94 [0: Assisted dying bill amendment; effect unclear from title alone.] | 2025-06-20 VOTE: Voted No: Terminally Ill Adults (End of Life) Bill: Amendment 77 [0: Assisted dying bill amendment; effect unclear from title alone.] | 2025-06-20 VOTE: Voted Aye: Terminally Ill Adults (End of Life) Bill: Amendment 12 [0: Assisted dying bill amendment; effect unclear from title alone.] | 2025-06-20 VOTE: Voted Aye: Terminally Ill Adults (End of Life) Bill: Amendment 24 [0: Assisted dying bill amendment; effect unclear from title alone.] | 2025-06-20 VOTE: Voted Aye: Terminally Ill Adults (End of Life) Bill: New Clause 16 [0: Assisted dying bill new clause; effect unclear from title alone.] | 2025-06-13 VOTE: Voted Aye: Terminally Ill Adults (End of Life) Bill: New Clause 2 [0: Assisted dying bill amendment; effect unclear from title alone.] | 2025-06-13 VOTE: Voted Aye: Terminally Ill Adults (End of Life) Bill: New Clause 1 [0: New Clause on end of life bill, effect unclear from title alone.] | 2025-06-13 VOTE: Voted Aye: Terminally Ill Adults (End of Life) Bill: Amendment (b) to New Clause 14 [0: Amendment to end of life bill, effect unclear from title alone.] | 2025-05-16 VOTE: Voted Aye: Terminally Ill Adults (End of Life) Bill Report Stage: Amendment (a) to New Clause 10 [0: Amendment to end of life bill, effect unclear from title alone.] | 2024-11-29 VOTE: Voted No: Terminally Ill Adults (End of Life) Bill: Second Reading [++: Voted against assisted dying bill's second reading, aligning with opposition to assisted dying.]"
"Dame Chi Onwurah (Labour, Newcastle upon Tyne Central and West)",1,,,,,,"2025-06-20 VOTE: Voted No: Terminally Ill Adults (End of Life) Bill: Third Reading [++: Voted against assisted dying bill at Third Reading, aligning with CitizenGO's opposition.] | 2025-06-20 VOTE: Voted No: Terminally Ill Adults (End of Life) Bill: Amendment 94 [0: Assisted dying bill amendment; effect unclear from title alone.] | 2025-06-20 VOTE: Voted No: Terminally Ill Adults (End of Life) Bill: Amendment 77 [0: Assisted dying bill amendment; effect unclear from title alone.] | 2025-06-20 VOTE: Voted Aye: Terminally Ill Adults (End of Life) Bill: Amendment 12 [0: Assisted dying bill amendment; effect unclear from title alone.] | 2025-06-20 VOTE: Voted Aye: Terminally Ill Adults (End of Life) Bill: Amendment 24 [0: Assisted dying bill amendment; effect unclear from title alone.] | 2025-06-20 VOTE: Voted Aye: Terminally Ill Adults (End of Life) Bill: New Clause 16 [0: Assisted dying bill new clause; effect unclear from title alone.] | 2025-06-13 VOTE: Voted Aye: Terminally Ill Adults (End of Life) Bill: New Clause 2 [0: Assisted dying bill amendment; effect unclear from title alone.] | 2025-06-13 VOTE: Voted Aye: Terminally Ill Adults (End of Life) Bill: New Clause 1 [0: New Clause on end of life bill, effect unclear from title alone.] | 2025-06-13 VOTE: Voted Aye: Terminally Ill Adults (End of Life) Bill: Amendment (b) to New Clause 14 [0: Amendment to end of life bill, effect unclear from title alone.] | 2025-05-16 VOTE: Voted Aye: Terminally Ill Adults (End of Life) Bill Report Stage: Amendment (a) to New Clause 10 [0: Amendment to end of life bill, effect unclear from title alone.] | 2024-11-29 VOTE: Voted No: Terminally Ill Adults (End of Life) Bill: Second Reading [++: Voted against assisted dying bill's second reading, aligning with opposition to assisted dying.]"
"Dame Meg Hillier (Labour (Co-op), Hackney South and Shoreditch)",1,,,,,,"2025-06-20 VOTE: Voted No: Terminally Ill Adults (End of Life) Bill: Third Reading [++: Voted against assisted dying bill at Third Reading, aligning with CitizenGO's opposition.] | 2025-06-20 VOTE: Voted No: Terminally Ill Adults (End of Life) Bill: Amendment 94 [0: Assisted dying bill amendment; effect unclear from title alone.] | 2025-06-20 VOTE: Voted No: Terminally Ill Adults (End of Life) Bill: Amendment 77 [0: Assisted dying bill amendment; effect unclear from title alone.] | 2025-06-20 VOTE: Voted Aye: Terminally Ill Adults (End of Life) Bill: Amendment 12 [0: Assisted dying bill amendment; effect unclear from title alone.] | 2025-06-20 VOTE: Voted Aye: Terminally Ill Adults (End of Life) Bill: Amendment 24 [0: Assisted dying bill amendment; effect unclear from title alone.] | 2025-06-20 VOTE: Voted Aye: Terminally Ill Adults (End of Life) Bill: New Clause 16 [0: Assisted dying bill new clause; effect unclear from title alone.] | 2025-06-13 VOTE: Voted Aye: Terminally Ill Adults (End of Life) Bill: New Clause 2 [0: Assisted dying bill amendment; effect unclear from title alone.] | 2025-06-13 VOTE: Voted Aye: Terminally Ill Adults (End of Life) Bill: New Clause 1 [0: New Clause on end of life bill, effect unclear from title alone.] | 2025-06-13 VOTE: Voted Aye: Terminally Ill Adults (End of Life) Bill: Amendment (b) to New Clause 14 [0: Amendment to end of life bill, effect unclear from title alone.] | 2025-05-16 VOTE: Voted Aye: Terminally Ill Adults (End of Life) Bill Report Stage: Amendment (a) to New Clause 10 [0: Amendment to end of life bill, effect unclear from title alone.] | 2024-11-29 VOTE: Voted No: Terminally Ill Adults (End of Life) Bill: Second Reading [++: Voted against assisted dying bill's second reading, aligning with opposition to assisted dying.]"
"Dame Nia Griffith (Labour, Llanelli)",1,,,,,,"2025-06-20 VOTE: Voted No: Terminally Ill Adults (End of Life) Bill: Third Reading [++: Voted against assisted dying bill at Third Reading, aligning with CitizenGO's opposition.] | 2025-06-20 VOTE: Voted No: Terminally Ill Adults (End of Life) Bill: Amendment 94 [0: Assisted dying bill amendment; effect unclear from title alone.] | 2025-06-20 VOTE: Voted No: Terminally Ill Adults (End of Life) Bill: Amendment 77 [0: Assisted dying bill amendment; effect unclear from title alone.] | 2025-06-20 VOTE: Voted Aye: Terminally Ill Adults (End of Life) Bill: Amendment 12 [0: Assisted dying bill amendment; effect unclear from title alone.] | 2025-06-20 VOTE: Voted Aye: Terminally Ill Adults (End of Life) Bill: Amendment 24 [0: Assisted dying bill amendment; effect unclear from title alone.] | 2025-06-20 VOTE: Voted Aye: Terminally Ill Adults (End of Life) Bill: New Clause 16 [0: Assisted dying bill new clause; effect unclear from title alone.] | 2025-06-13 VOTE: Voted Aye: Terminally Ill Adults (End of Life) Bill: New Clause 2 [0: Assisted dying bill amendment; effect unclear from title alone.] | 2025-06-13 VOTE: Voted Aye: Terminally Ill Adults (End of Life) Bill: New Clause 1 [0: New Clause on end of life bill, effect unclear from title alone.] | 2025-06-13 VOTE: Voted Aye: Terminally Ill Adults (End of Life) Bill: Amendment (b) to New Clause 14 [0: Amendment to end of life bill, effect unclear from title alone.] | 2025-05-16 VOTE: Voted Aye: Terminally Ill Adults (End of Life) Bill Report Stage: Amendment (a) to New Clause 10 [0: Amendment to end of life bill, effect unclear from title alone.] | 2024-11-29 VOTE: Voted No: Terminally Ill Adults (End of Life) Bill: Second Reading [++: Voted against assisted dying bill's second reading, aligning with opposition to assisted dying.]"
"Dame Siobhain McDonagh (Labour, Mitcham and Morden)",1,,,,,,"2025-06-20 VOTE: Voted No: Terminally Ill Adults (End of Life) Bill: Third Reading [++: Voted against assisted dying bill at Third Reading, aligning with CitizenGO's opposition.] | 2025-06-20 VOTE: Voted No: Terminally Ill Adults (End of Life) Bill: Amendment 94 [0: Assisted dying bill amendment; effect unclear from title alone.] | 2025-06-20 VOTE: Voted No: Terminally Ill Adults (End of Life) Bill: Amendment 77 [0: Assisted dying bill amendment; effect unclear from title alone.] | 2025-06-20 VOTE: Voted Aye: Terminally Ill Adults (End of Life) Bill: Amendment 12 [0: Assisted dying bill amendment; effect unclear from title alone.] | 2025-06-20 VOTE: Voted Aye: Terminally Ill Adults (End of Life) Bill: Amendment 24 [0: Assisted dying bill amendment; effect unclear from title alone.] | 2025-06-20 VOTE: Voted Aye: Terminally Ill Adults (End of Life) Bill: New Clause 16 [0: Assisted dying bill new clause; effect unclear from title alone.] | 2025-06-13 VOTE: Voted Aye: Terminally Ill Adults (End of Life) Bill: New Clause 2 [0: Assisted dying bill amendment; effect unclear from title alone.] | 2025-06-13 VOTE: Voted Aye: Terminally Ill Adults (End of Life) Bill: New Clause 1 [0: New Clause on end of life bill, effect unclear from title alone.] | 2025-06-13 VOTE: Voted Aye: Terminally Ill Adults (End of Life) Bill: Amendment (b) to New Clause 14 [0: Amendment to end of life bill, effect unclear from title alone.] | 2025-05-16 VOTE: Voted Aye: Terminally Ill Adults (End of Life) Bill Report Stage: Amendment (a) to New Clause 10 [0: Amendment to end of life bill, effect unclear from title alone.] | 2024-11-29 VOTE: Voted No: Terminally Ill Adults (End of Life) Bill: Second Reading [++: Voted against assisted dying bill's second reading, aligning with opposition to assisted dying.]"
"Damian Hinds (Conservative, East Hampshire)",1,,,,,,"2025-06-20 VOTE: Voted No: Terminally Ill Adults (End of Life) Bill: Third Reading [++: Voted against assisted dying bill at Third Reading, aligning with CitizenGO's opposition.] | 2025-06-20 VOTE: Voted No: Terminally Ill Adults (End of Life) Bill: Amendment 94 [0: Assisted dying bill amendment; effect unclear from title alone.] | 2025-06-20 VOTE: Voted No: Terminally Ill Adults (End of Life) Bill: Amendment 77 [0: Assisted dying bill amendment; effect unclear from title alone.] | 2025-06-20 VOTE: Voted Aye: Terminally Ill Adults (End of Life) Bill: Amendment 12 [0: Assisted dying bill amendment; effect unclear from title alone.] | 2025-06-20 VOTE: Voted Aye: Terminally Ill Adults (End of Life) Bill: Amendment 24 [0: Assisted dying bill amendment; effect unclear from title alone.] | 2025-06-20 VOTE: Voted Aye: Terminally Ill Adults (End of Life) Bill: New Clause 16 [0: Assisted dying bill new clause; effect unclear from title alone.] | 2025-06-13 VOTE: Voted Aye: Terminally Ill Adults (End of Life) Bill: New Clause 2 [0: Assisted dying bill amendment; effect unclear from title alone.] | 2025-06-13 VOTE: Voted Aye: Terminally Ill Adults (End of Life) Bill: New Clause 1 [0: New Clause on end of life bill, effect unclear from title alone.] | 2025-06-13 VOTE: Voted Aye: Terminally Ill Adults (End of Life) Bill: Amendment (b) to New Clause 14 [0: Amendment to end of life bill, effect unclear from title alone.] | 2025-05-16 VOTE: Voted Aye: Terminally Ill Adults (End of Life) Bill Report Stage: Amendment (a) to New Clause 10 [0: Amendment to end of life bill, effect unclear from title alone.] | 2024-11-29 VOTE: Voted No: Terminally Ill Adults (End of Life) Bill: Second Reading [++: Voted against assisted dying bill's second reading, aligning with opposition to assisted dying.]"
"Daniel Francis (Labour, Bexleyheath and Crayford)",1,,,,,,"2025-06-20 VOTE: Voted No: Terminally Ill Adults (End of Life) Bill: Third Reading [++: Voted against assisted dying bill at Third Reading, aligning with CitizenGO's opposition.] | 2025-06-20 VOTE: Voted No: Terminally Ill Adults (End of Life) Bill: Amendment 94 [0: Assisted dying bill amendment; effect unclear from title alone.] | 2025-06-20 VOTE: Voted No: Terminally Ill Adults (End of Life) Bill: Amendment 77 [0: Assisted dying bill amendment; effect unclear from title alone.] | 2025-06-20 VOTE: Voted Aye: Terminally Ill Adults (End of Life) Bill: Amendment 12 [0: Assisted dying bill amendment; effect unclear from title alone.] | 2025-06-20 VOTE: Voted Aye: Terminally Ill Adults (End of Life) Bill: Amendment 24 [0: Assisted dying bill amendment; effect unclear from title alone.] | 2025-06-20 VOTE: Voted Aye: Terminally Ill Adults (End of Life) Bill: New Clause 16 [0: Assisted dying bill new clause; effect unclear from title alone.] | 2025-06-13 VOTE: Voted Aye: Terminally Ill Adults (End of Life) Bill: New Clause 2 [0: Assisted dying bill amendment; effect unclear from title alone.] | 2025-06-13 VOTE: Voted Aye: Terminally Ill Adults (End of Life) Bill: New Clause 1 [0: New Clause on end of life bill, effect unclear from title alone.] | 2025-06-13 VOTE: Voted Aye: Terminally Ill Adults (End of Life) Bill: Amendment (b) to New Clause 14 [0: Amendment to end of life bill, effect unclear from title alone.] | 2025-05-16 VOTE: Voted Aye: Terminally Ill Adults (End of Life) Bill Report Stage: Amendment (a) to New Clause 10 [0: Amendment to end of life bill, effect unclear from title alone.] | 2024-11-29 VOTE: Voted No: Terminally Ill Adults (End of Life) Bill: Second Reading [++: Voted against assisted dying bill's second reading, aligning with opposition to assisted dying.]"
"Danny Kruger (Reform UK, East Wiltshire)",1,,,,,,"2025-06-20 VOTE: Voted No: Terminally Ill Adults (End of Life) Bill: Third Reading [++: Voted against assisted dying bill at Third Reading, aligning with CitizenGO's opposition.] | 2025-06-20 VOTE: Voted No: Terminally Ill Adults (End of Life) Bill: Amendment 94 [0: Assisted dying bill amendment; effect unclear from title alone.] | 2025-06-20 VOTE: Voted No: Terminally Ill Adults (End of Life) Bill: Amendment 77 [0: Assisted dying bill amendment; effect unclear from title alone.] | 2025-06-20 VOTE: Voted Aye: Terminally Ill Adults (End of Life) Bill: Amendment 12 [0: Assisted dying bill amendment; effect unclear from title alone.] | 2025-06-20 VOTE: Voted Aye: Terminally Ill Adults (End of Life) Bill: Amendment 24 [0: Assisted dying bill amendment; effect unclear from title alone.] | 2025-06-20 VOTE: Voted Aye: Terminally Ill Adults (End of Life) Bill: New Clause 16 [0: Assisted dying bill new clause; effect unclear from title alone.] | 2025-06-13 VOTE: Voted Aye: Terminally Ill Adults (End of Life) Bill: New Clause 2 [0: Assisted dying bill amendment; effect unclear from title alone.] | 2025-06-13 VOTE: Voted Aye: Terminally Ill Adults (End of Life) Bill: New Clause 1 [0: New Clause on end of life bill, effect unclear from title alone.] | 2025-06-13 VOTE: Voted Aye: Terminally Ill Adults (End of Life) Bill: Amendment (b) to New Clause 14 [0: Amendment to end of life bill, effect unclear from title alone.] | 2025-05-16 VOTE: Voted Aye: Terminally Ill Adults (End of Life) Bill Report Stage: Amendment (a) to New Clause 10 [0: Amendment to end of life bill, effect unclear from title alone.] | 2024-11-29 VOTE: Voted No: Terminally Ill Adults (End of Life) Bill: Second Reading [++: Voted against assisted dying bill's second reading, aligning with opposition to assisted dying.]"
"Darren Paffey (Labour, Southampton Itchen)",1,,,,,,"2025-06-20 VOTE: Voted No: Terminally Ill Adults (End of Life) Bill: Third Reading [++: Voted against assisted dying bill at Third Reading, aligning with CitizenGO's opposition.] | 2025-06-20 VOTE: Voted No: Terminally Ill Adults (End of Life) Bill: Amendment 94 [0: Assisted dying bill amendment; effect unclear from title alone.] | 2025-06-20 VOTE: Voted No: Terminally Ill Adults (End of Life) Bill: Amendment 77 [0: Assisted dying bill amendment; effect unclear from title alone.] | 2025-06-20 VOTE: Voted Aye: Terminally Ill Adults (End of Life) Bill: Amendment 12 [0: Assisted dying bill amendment; effect unclear from title alone.] | 2025-06-20 VOTE: Voted Aye: Terminally Ill Adults (End of Life) Bill: Amendment 24 [0: Assisted dying bill amendment; effect unclear from title alone.] | 2025-06-20 VOTE: Voted Aye: Terminally Ill Adults (End of Life) Bill: New Clause 16 [0: Assisted dying bill new clause; effect unclear from title alone.] | 2025-06-13 VOTE: Voted Aye: Terminally Ill Adults (End of Life) Bill: New Clause 2 [0: Assisted dying bill amendment; effect unclear from title alone.] | 2025-06-13 VOTE: Voted Aye: Terminally Ill Adults (End of Life) Bill: New Clause 1 [0: New Clause on end of life bill, effect unclear from title alone.] | 2025-06-13 VOTE: Voted Aye: Terminally Ill Adults (End of Life) Bill: Amendment (b) to New Clause 14 [0: Amendment to end of life bill, effect unclear from title alone.] | 2025-05-16 VOTE: Voted Aye: Terminally Ill Adults (End of Life) Bill Report Stage: Amendment (a) to New Clause 10 [0: Amendment to end of life bill, effect unclear from title alone.] | 2024-11-29 VOTE: Voted No: Terminally Ill Adults (End of Life) Bill: Second Reading [++: Voted against assisted dying bill's second reading, aligning with opposition to assisted dying.]"
"David Baines (Labour, St Helens North)",1,,,,,,"2025-06-20 VOTE: Voted No: Terminally Ill Adults (End of Life) Bill: Third Reading [++: Voted against assisted dying bill at Third Reading, aligning with CitizenGO's opposition.] | 2025-06-20 VOTE: Voted No: Terminally Ill Adults (End of Life) Bill: Amendment 94 [0: Assisted dying bill amendment; effect unclear from title alone.] | 2025-06-20 VOTE: Voted No: Terminally Ill Adults (End of Life) Bill: Amendment 77 [0: Assisted dying bill amendment; effect unclear from title alone.] | 2025-06-20 VOTE: Voted Aye: Terminally Ill Adults (End of Life) Bill: Amendment 12 [0: Assisted dying bill amendment; effect unclear from title alone.] | 2025-06-20 VOTE: Voted Aye: Terminally Ill Adults (End of Life) Bill: Amendment 24 [0: Assisted dying bill amendment; effect unclear from title alone.] | 2025-06-20 VOTE: Voted Aye: Terminally Ill Adults (End of Life) Bill: New Clause 16 [0: Assisted dying bill new clause; effect unclear from title alone.] | 2025-06-13 VOTE: Voted Aye: Terminally Ill Adults (End of Life) Bill: New Clause 2 [0: Assisted dying bill amendment; effect unclear from title alone.] | 2025-06-13 VOTE: Voted Aye: Terminally Ill Adults (End of Life) Bill: New Clause 1 [0: New Clause on end of life bill, effect unclear from title alone.] | 2025-06-13 VOTE: Voted Aye: Terminally Ill Adults (End of Life) Bill: Amendment (b) to New Clause 14 [0: Amendment to end of life bill, effect unclear from title alone.] | 2025-05-16 VOTE: Voted Aye: Terminally Ill Adults (End of Life) Bill Report Stage: Amendment (a) to New Clause 10 [0: Amendment to end of life bill, effect unclear from title alone.] | 2024-11-29 VOTE: Voted No: Terminally Ill Adults (End of Life) Bill: Second Reading [++: Voted against assisted dying bill's second reading, aligning with opposition to assisted dying.]"
"David Mundell (Conservative, Dumfriesshire, Clydesdale and Tweeddale)",1,,,,,,"2025-06-20 VOTE: Voted No: Terminally Ill Adults (End of Life) Bill: Third Reading [++: Voted against assisted dying bill at Third Reading, aligning with CitizenGO's opposition.] | 2025-06-20 VOTE: Voted No: Terminally Ill Adults (End of Life) Bill: Amendment 94 [0: Assisted dying bill amendment; effect unclear from title alone.] | 2025-06-20 VOTE: Voted No: Terminally Ill Adults (End of Life) Bill: Amendment 77 [0: Assisted dying bill amendment; effect unclear from title alone.] | 2025-06-20 VOTE: Voted Aye: Terminally Ill Adults (End of Life) Bill: Amendment 12 [0: Assisted dying bill amendment; effect unclear from title alone.] | 2025-06-20 VOTE: Voted Aye: Terminally Ill Adults (End of Life) Bill: Amendment 24 [0: Assisted dying bill amendment; effect unclear from title alone.] | 2025-06-20 VOTE: Voted Aye: Terminally Ill Adults (End of Life) Bill: New Clause 16 [0: Assisted dying bill new clause; effect unclear from title alone.] | 2025-06-13 VOTE: Voted Aye: Terminally Ill Adults (End of Life) Bill: New Clause 2 [0: Assisted dying bill amendment; effect unclear from title alone.] | 2025-06-13 VOTE: Voted Aye: Terminally Ill Adults (End of Life) Bill: New Clause 1 [0: New Clause on end of life bill, effect unclear from title alone.] | 2025-06-13 VOTE: Voted Aye: Terminally Ill Adults (End of Life) Bill: Amendment (b) to New Clause 14 [0: Amendment to end of life bill, effect unclear from title alone.] | 2025-05-16 VOTE: Voted Aye: Terminally Ill Adults (End of Life) Bill Report Stage: Amendment (a) to New Clause 10 [0: Amendment to end of life bill, effect unclear from title alone.] | 2024-11-29 VOTE: Voted No: Terminally Ill Adults (End of Life) Bill: Second Reading [++: Voted against assisted dying bill's second reading, aligning with opposition to assisted dying.]"
"David Reed (Conservative, Exmouth and Exeter East)",1,,,,,,"2025-06-20 VOTE: Voted No: Terminally Ill Adults (End of Life) Bill: Third Reading [++: Voted against assisted dying bill at Third Reading, aligning with CitizenGO's opposition.] | 2025-06-20 VOTE: Voted No: Terminally Ill Adults (End of Life) Bill: Amendment 94 [0: Assisted dying bill amendment; effect unclear from title alone.] | 2025-06-20 VOTE: Voted No: Terminally Ill Adults (End of Life) Bill: Amendment 77 [0: Assisted dying bill amendment; effect unclear from title alone.] | 2025-06-20 VOTE: Voted Aye: Terminally Ill Adults (End of Life) Bill: Amendment 12 [0: Assisted dying bill amendment; effect unclear from title alone.] | 2025-06-20 VOTE: Voted Aye: Terminally Ill Adults (End of Life) Bill: Amendment 24 [0: Assisted dying bill amendment; effect unclear from title alone.] | 2025-06-20 VOTE: Voted Aye: Terminally Ill Adults (End of Life) Bill: New Clause 16 [0: Assisted dying bill new clause; effect unclear from title alone.] | 2025-06-13 VOTE: Voted Aye: Terminally Ill Adults (End of Life) Bill: New Clause 2 [0: Assisted dying bill amendment; effect unclear from title alone.] | 2025-06-13 VOTE: Voted Aye: Terminally Ill Adults (End of Life) Bill: New Clause 1 [0: New Clause on end of life bill, effect unclear from title alone.] | 2025-06-13 VOTE: Voted Aye: Terminally Ill Adults (End of Life) Bill: Amendment (b) to New Clause 14 [0: Amendment to end of life bill, effect unclear from title alone.] | 2025-05-16 VOTE: Voted Aye: Terminally Ill Adults (End of Life) Bill Report Stage: Amendment (a) to New Clause 10 [0: Amendment to end of life bill, effect unclear from title alone.] | 2024-11-29 VOTE: Voted No: Terminally Ill Adults (End of Life) Bill: Second Reading [++: Voted against assisted dying bill's second reading, aligning with opposition to assisted dying.]"
"David Smith (Labour, North Northumberland)",1,,,,,,"2025-06-20 VOTE: Voted No: Terminally Ill Adults (End of Life) Bill: Third Reading [++: Voted against assisted dying bill at Third Reading, aligning with CitizenGO's opposition.] | 2025-06-20 VOTE: Voted No: Terminally Ill Adults (End of Life) Bill: Amendment 94 [0: Assisted dying bill amendment; effect unclear from title alone.] | 2025-06-20 VOTE: Voted No: Terminally Ill Adults (End of Life) Bill: Amendment 77 [0: Assisted dying bill amendment; effect unclear from title alone.] | 2025-06-20 VOTE: Voted Aye: Terminally Ill Adults (End of Life) Bill: Amendment 12 [0: Assisted dying bill amendment; effect unclear from title alone.] | 2025-06-20 VOTE: Voted Aye: Terminally Ill Adults (End of Life) Bill: Amendment 24 [0: Assisted dying bill amendment; effect unclear from title alone.] | 2025-06-20 VOTE: Voted Aye: Terminally Ill Adults (End of Life) Bill: New Clause 16 [0: Assisted dying bill new clause; effect unclear from title alone.] | 2025-06-13 VOTE: Voted Aye: Terminally Ill Adults (End of Life) Bill: New Clause 2 [0: Assisted dying bill amendment; effect unclear from title alone.] | 2025-06-13 VOTE: Voted Aye: Terminally Ill Adults (End of Life) Bill: New Clause 1 [0: New Clause on end of life bill, effect unclear from title alone.] | 2025-06-13 VOTE: Voted Aye: Terminally Ill Adults (End of Life) Bill: Amendment (b) to New Clause 14 [0: Amendment to end of life bill, effect unclear from title alone.] | 2025-05-16 VOTE: Voted Aye: Terminally Ill Adults (End of Life) Bill Report Stage: Amendment (a) to New Clause 10 [0: Amendment to end of life bill, effect unclear from title alone.] | 2024-11-29 VOTE: Voted No: Terminally Ill Adults (End of Life) Bill: Second Reading [++: Voted against assisted dying bill's second reading, aligning with opposition to assisted dying.]"
"David Williams (Labour, Stoke-on-Trent North)",1,,,,,,"2025-06-20 VOTE: Voted No: Terminally Ill Adults (End of Life) Bill: Third Reading [++: Voted against assisted dying bill at Third Reading, aligning with CitizenGO's opposition.] | 2025-06-20 VOTE: Voted No: Terminally Ill Adults (End of Life) Bill: Amendment 94 [0: Assisted dying bill amendment; effect unclear from title alone.] | 2025-06-20 VOTE: Voted No: Terminally Ill Adults (End of Life) Bill: Amendment 77 [0: Assisted dying bill amendment; effect unclear from title alone.] | 2025-06-20 VOTE: Voted Aye: Terminally Ill Adults (End of Life) Bill: Amendment 12 [0: Assisted dying bill amendment; effect unclear from title alone.] | 2025-06-20 VOTE: Voted Aye: Terminally Ill Adults (End of Life) Bill: Amendment 24 [0: Assisted dying bill amendment; effect unclear from title alone.] | 2025-06-20 VOTE: Voted Aye: Terminally Ill Adults (End of Life) Bill: New Clause 16 [0: Assisted dying bill new clause; effect unclear from title alone.] | 2025-06-13 VOTE: Voted Aye: Terminally Ill Adults (End of Life) Bill: New Clause 2 [0: Assisted dying bill amendment; effect unclear from title alone.] | 2025-06-13 VOTE: Voted Aye: Terminally Ill Adults (End of Life) Bill: New Clause 1 [0: New Clause on end of life bill, effect unclear from title alone.] | 2025-06-13 VOTE: Voted Aye: Terminally Ill Adults (End of Life) Bill: Amendment (b) to New Clause 14 [0: Amendment to end of life bill, effect unclear from title alone.] | 2025-05-16 VOTE: Voted Aye: Terminally Ill Adults (End of Life) Bill Report Stage: Amendment (a) to New Clause 10 [0: Amendment to end of life bill, effect unclear from title alone.] | 2024-11-29 VOTE: Voted No: Terminally Ill Adults (End of Life) Bill: Second Reading [++: Voted against assisted dying bill's second reading, aligning with opposition to assisted dying.]"
"Douglas McAllister (Labour, West Dunbartonshire)",1,,,,,,"2025-06-20 VOTE: Voted No: Terminally Ill Adults (End of Life) Bill: Third Reading [++: Voted against assisted dying bill at Third Reading, aligning with CitizenGO's opposition.] | 2025-06-20 VOTE: Voted No: Terminally Ill Adults (End of Life) Bill: Amendment 94 [0: Assisted dying bill amendment; effect unclear from title alone.] | 2025-06-20 VOTE: Voted No: Terminally Ill Adults (End of Life) Bill: Amendment 77 [0: Assisted dying bill amendment; effect unclear from title alone.] | 2025-06-20 VOTE: Voted Aye: Terminally Ill Adults (End of Life) Bill: Amendment 12 [0: Assisted dying bill amendment; effect unclear from title alone.] | 2025-06-20 VOTE: Voted Aye: Terminally Ill Adults (End of Life) Bill: Amendment 24 [0: Assisted dying bill amendment; effect unclear from title alone.] | 2025-06-20 VOTE: Voted Aye: Terminally Ill Adults (End of Life) Bill: New Clause 16 [0: Assisted dying bill new clause; effect unclear from title alone.] | 2025-06-13 VOTE: Voted Aye: Terminally Ill Adults (End of Life) Bill: New Clause 2 [0: Assisted dying bill amendment; effect unclear from title alone.] | 2025-06-13 VOTE: Voted Aye: Terminally Ill Adults (End of Life) Bill: New Clause 1 [0: New Clause on end of life bill, effect unclear from title alone.] | 2025-06-13 VOTE: Voted Aye: Terminally Ill Adults (End of Life) Bill: Amendment (b) to New Clause 14 [0: Amendment to end of life bill, effect unclear from title alone.] | 2025-05-16 VOTE: Voted Aye: Terminally Ill Adults (End of Life) Bill Report Stage: Amendment (a) to New Clause 10 [0: Amendment to end of life bill, effect unclear from title alone.] | 2024-11-29 VOTE: Voted No: Terminally Ill Adults (End of Life) Bill: Second Reading [++: Voted against assisted dying bill's second reading, aligning with opposition to assisted dying.]"
"Dr Al Pinkerton (Liberal Democrat, Surrey Heath)",1,,,,,,"CONFLICTING SIGNALS - review all evidence | 2025-06-20 VOTE: Voted No: Terminally Ill Adults (End of Life) Bill: Third Reading [++: Voted against assisted dying bill at Third Reading, aligning with CitizenGO's opposition.] | 2025-06-20 VOTE: Voted No: Terminally Ill Adults (End of Life) Bill: Amendment 94 [0: Assisted dying bill amendment; effect unclear from title alone.] | 2025-06-20 VOTE: Voted No: Terminally Ill Adults (End of Life) Bill: Amendment 77 [0: Assisted dying bill amendment; effect unclear from title alone.] | 2025-06-20 VOTE: Voted Aye: Terminally Ill Adults (End of Life) Bill: Amendment 12 [0: Assisted dying bill amendment; effect unclear from title alone.] | 2025-06-20 VOTE: Voted Aye: Terminally Ill Adults (End of Life) Bill: Amendment 24 [0: Assisted dying bill amendment; effect unclear from title alone.] | 2025-06-20 VOTE: Voted Aye: Terminally Ill Adults (End of Life) Bill: New Clause 16 [0: Assisted dying bill new clause; effect unclear from title alone.] | 2025-06-13 VOTE: Voted Aye: Terminally Ill Adults (End of Life) Bill: New Clause 2 [0: Assisted dying bill amendment; effect unclear from title alone.] | 2025-06-13 VOTE: Voted Aye: Terminally Ill Adults (End of Life) Bill: New Clause 1 [0: New Clause on end of life bill, effect unclear from title alone.] | 2025-06-13 VOTE: Voted Aye: Terminally Ill Adults (End of Life) Bill: Amendment (b) to New Clause 14 [0: Amendment to end of life bill, effect unclear from title alone.] | 2025-05-16 VOTE: Voted Aye: Terminally Ill Adults (End of Life) Bill Report Stage: Amendment (a) to New Clause 10 [0: Amendment to end of life bill, effect unclear from title alone.] | 2024-11-29 VOTE: Voted Aye: Terminally Ill Adults (End of Life) Bill: Second Reading [--: Voted for assisted dying bill's second reading, directly opposing CitizenGO's stance against assisted dying.]"
"Dr Ben Spencer (Conservative, Runnymede and Weybridge)",1,,,,,,"2025-06-20 VOTE: Voted No: Terminally Ill Adults (End of Life) Bill: Third Reading [++: Voted against assisted dying bill at Third Reading, aligning with CitizenGO's opposition.] | 2025-06-20 VOTE: Voted No: Terminally Ill Adults (End of Life) Bill: Amendment 94 [0: Assisted dying bill amendment; effect unclear from title alone.] | 2025-06-20 VOTE: Voted No: Terminally Ill Adults (End of Life) Bill: Amendment 77 [0: Assisted dying bill amendment; effect unclear from title alone.] | 2025-06-20 VOTE: Voted Aye: Terminally Ill Adults (End of Life) Bill: Amendment 12 [0: Assisted dying bill amendment; effect unclear from title alone.] | 2025-06-20 VOTE: Voted No: Terminally Ill Adults (End of Life) Bill: Amendment 24 [0: Assisted dying bill amendment; effect unclear from title alone.] | 2025-06-20 VOTE: Voted No: Terminally Ill Adults (End of Life) Bill: New Clause 16 [0: Assisted dying bill new clause; effect unclear from title alone.] | 2025-06-13 VOTE: Voted No: Terminally Ill Adults (End of Life) Bill: New Clause 2 [0: Assisted dying bill amendment; effect unclear from title alone.] | 2025-06-13 VOTE: Voted No: Terminally Ill Adults (End of Life) Bill: New Clause 1 [0: New Clause on end of life bill, effect unclear from title alone.] | 2025-06-13 VOTE: Voted Aye: Terminally Ill Adults (End of Life) Bill: Amendment (b) to New Clause 14 [0: Amendment to end of life bill, effect unclear from title alone.] | 2025-05-16 VOTE: Voted Aye: Terminally Ill Adults (End of Life) Bill Report Stage: Amendment (a) to New Clause 10 [0: Amendment to end of life bill, effect unclear from title alone.] | 2024-11-29 VOTE: Voted No: Terminally Ill Adults (End of Life) Bill: Second Reading [++: Voted against assisted dying bill's second reading, aligning with opposition to assisted dying.]"
"Dr Caroline Johnson (Conservative, Sleaford and North Hykeham)",1,,,,,,"2025-06-20 VOTE: Voted No: Terminally Ill Adults (End of Life) Bill: Third Reading [++: Voted against assisted dying bill at Third Reading, aligning with CitizenGO's opposition.] | 2025-06-20 VOTE: Voted No: Terminally Ill Adults (End of Life) Bill: Amendment 94 [0: Assisted dying bill amendment; effect unclear from title alone.] | 2025-06-20 VOTE: Voted No: Terminally Ill Adults (End of Life) Bill: Amendment 77 [0: Assisted dying bill amendment; effect unclear from title alone.] | 2025-06-20 VOTE: Voted Aye: Terminally Ill Adults (End of Life) Bill: Amendment 12 [0: Assisted dying bill amendment; effect unclear from title alone.] | 2025-06-20 VOTE: Voted Aye: Terminally Ill Adults (End of Life) Bill: Amendment 24 [0: Assisted dying bill amendment; effect unclear from title alone.] | 2025-06-20 VOTE: Voted Aye: Terminally Ill Adults (End of Life) Bill: New Clause 16 [0: Assisted dying bill new clause; effect unclear from title alone.] | 2025-06-13 VOTE: Voted Aye: Terminally Ill Adults (End of Life) Bill: New Clause 2 [0: Assisted dying bill amendment; effect unclear from title alone.] | 2025-06-13 VOTE: Voted Aye: Terminally Ill Adults (End of Life) Bill: New Clause 1 [0: New Clause on end of life bill, effect unclear from title alone.] | 2025-06-13 VOTE: Voted Aye: Terminally Ill Adults (End of Life) Bill: Amendment (b) to New Clause 14 [0: Amendment to end of life bill, effect unclear from title alone.] | 2025-05-16 VOTE: Voted Aye: Terminally Ill Adults (End of Life) Bill Report Stage: Amendment (a) to New Clause 10 [0: Amendment to end of life bill, effect unclear from title alone.] | 2024-11-29 VOTE: Voted No: Terminally Ill Adults (End of Life) Bill: Second Reading [++: Voted against assisted dying bill's second reading, aligning with opposition to assisted dying.]"
"Dr Neil Hudson (Conservative, Epping Forest)",1,,,,,,"2025-06-20 VOTE: Voted No: Terminally Ill Adults (End of Life) Bill: Third Reading [++: Voted against assisted dying bill at Third Reading, aligning with CitizenGO's opposition.] | 2025-06-20 VOTE: Voted No: Terminally Ill Adults (End of Life) Bill: Amendment 94 [0: Assisted dying bill amendment; effect unclear from title alone.] | 2025-06-20 VOTE: Voted No: Terminally Ill Adults (End of Life) Bill: Amendment 77 [0: Assisted dying bill amendment; effect unclear from title alone.] | 2025-06-20 VOTE: Voted Aye: Terminally Ill Adults (End of Life) Bill: Amendment 12 [0: Assisted dying bill amendment; effect unclear from title alone.] | 2025-06-20 VOTE: Voted Aye: Terminally Ill Adults (End of Life) Bill: Amendment 24 [0: Assisted dying bill amendment; effect unclear from title alone.] | 2025-06-20 VOTE: Voted Aye: Terminally Ill Adults (End of Life) Bill: New Clause 16 [0: Assisted dying bill new clause; effect unclear from title alone.] | 2025-06-13 VOTE: Voted Aye: Terminally Ill Adults (End of Life) Bill: New Clause 2 [0: Assisted dying bill amendment; effect unclear from title alone.] | 2025-06-13 VOTE: Voted Aye: Terminally Ill Adults (End of Life) Bill: New Clause 1 [0: New Clause on end of life bill, effect unclear from title alone.] | 2025-06-13 VOTE: Voted Aye: Terminally Ill Adults (End of Life) Bill: Amendment (b) to New Clause 14 [0: Amendment to end of life bill, effect unclear from title alone.] | 2025-05-16 VOTE: Voted Aye: Terminally Ill Adults (End of Life) Bill Report Stage: Amendment (a) to New Clause 10 [0: Amendment to end of life bill, effect unclear from title alone.] | 2024-11-29 VOTE: Voted No: Terminally Ill Adults (End of Life) Bill: Second Reading [++: Voted against assisted dying bill's second reading, aligning with opposition to assisted dying.]"
"Dr Zubir Ahmed (Labour, Glasgow South West)",1,,,,,,"2025-06-20 VOTE: Voted No: Terminally Ill Adults (End of Life) Bill: Third Reading [++: Voted against assisted dying bill at Third Reading, aligning with CitizenGO's opposition.] | 2025-06-20 VOTE: Voted No: Terminally Ill Adults (End of Life) Bill: Amendment 94 [0: Assisted dying bill amendment; effect unclear from title alone.] | 2025-06-20 VOTE: Voted No: Terminally Ill Adults (End of Life) Bill: Amendment 77 [0: Assisted dying bill amendment; effect unclear from title alone.] | 2025-06-20 VOTE: Voted Aye: Terminally Ill Adults (End of Life) Bill: Amendment 12 [0: Assisted dying bill amendment; effect unclear from title alone.] | 2025-06-20 VOTE: Voted Aye: Terminally Ill Adults (End of Life) Bill: Amendment 24 [0: Assisted dying bill amendment; effect unclear from title alone.] | 2025-06-20 VOTE: Voted Aye: Terminally Ill Adults (End of Life) Bill: New Clause 16 [0: Assisted dying bill new clause; effect unclear from title alone.] | 2025-06-13 VOTE: Voted Aye: Terminally Ill Adults (End of Life) Bill: New Clause 2 [0: Assisted dying bill amendment; effect unclear from title alone.] | 2025-06-13 VOTE: Voted Aye: Terminally Ill Adults (End of Life) Bill: New Clause 1 [0: New Clause on end of life bill, effect unclear from title alone.] | 2025-06-13 VOTE: Voted Aye: Terminally Ill Adults (End of Life) Bill: Amendment (b) to New Clause 14 [0: Amendment to end of life bill, effect unclear from title alone.] | 2025-05-16 VOTE: Voted Aye: Terminally Ill Adults (End of Life) Bill Report Stage: Amendment (a) to New Clause 10 [0: Amendment to end of life bill, effect unclear from title alone.] | 2024-11-29 VOTE: Voted No: Terminally Ill Adults (End of Life) Bill: Second Reading [++: Voted against assisted dying bill's second reading, aligning with opposition to assisted dying.]"
"Edward Argar (Conservative, Melton and Syston)",1,,,,,,"2025-06-20 VOTE: Voted No: Terminally Ill Adults (End of Life) Bill: Third Reading [++: Voted against assisted dying bill at Third Reading, aligning with CitizenGO's opposition.] | 2025-06-20 VOTE: Voted No: Terminally Ill Adults (End of Life) Bill: Amendment 94 [0: Assisted dying bill amendment; effect unclear from title alone.] | 2025-06-20 VOTE: Voted No: Terminally Ill Adults (End of Life) Bill: Amendment 77 [0: Assisted dying bill amendment; effect unclear from title alone.] | 2025-06-20 VOTE: Voted Aye: Terminally Ill Adults (End of Life) Bill: Amendment 12 [0: Assisted dying bill amendment; effect unclear from title alone.] | 2025-06-20 VOTE: Voted Aye: Terminally Ill Adults (End of Life) Bill: Amendment 24 [0: Assisted dying bill amendment; effect unclear from title alone.] | 2025-06-20 VOTE: Voted Aye: Terminally Ill Adults (End of Life) Bill: New Clause 16 [0: Assisted dying bill new clause; effect unclear from title alone.] | 2025-06-13 VOTE: Voted Aye: Terminally Ill Adults (End of Life) Bill: New Clause 2 [0: Assisted dying bill amendment; effect unclear from title alone.] | 2025-06-13 VOTE: Voted Aye: Terminally Ill Adults (End of Life) Bill: New Clause 1 [0: New Clause on end of life bill, effect unclear from title alone.] | 2025-06-13 VOTE: Voted Aye: Terminally Ill Adults (End of Life) Bill: Amendment (b) to New Clause 14 [0: Amendment to end of life bill, effect unclear from title alone.] | 2025-05-16 VOTE: Voted Aye: Terminally Ill Adults (End of Life) Bill Report Stage: Amendment (a) to New Clause 10 [0: Amendment to end of life bill, effect unclear from title alone.] | 2024-11-29 VOTE: Voted No: Terminally Ill Adults (End of Life) Bill: Second Reading [++: Voted against assisted dying bill's second reading, aligning with opposition to assisted dying.]"
"Emma Lewell (Labour, South Shields)",1,,,,,,"2025-06-20 VOTE: Voted No: Terminally Ill Adults (End of Life) Bill: Third Reading [++: Voted against assisted dying bill at Third Reading, aligning with CitizenGO's opposition.] | 2025-06-20 VOTE: Voted No: Terminally Ill Adults (End of Life) Bill: Amendment 94 [0: Assisted dying bill amendment; effect unclear from title alone.] | 2025-06-20 VOTE: Voted No: Terminally Ill Adults (End of Life) Bill: Amendment 77 [0: Assisted dying bill amendment; effect unclear from title alone.] | 2025-06-20 VOTE: Voted Aye: Terminally Ill Adults (End of Life) Bill: Amendment 12 [0: Assisted dying bill amendment; effect unclear from title alone.] | 2025-06-20 VOTE: Voted Aye: Terminally Ill Adults (End of Life) Bill: Amendment 24 [0: Assisted dying bill amendment; effect unclear from title alone.] | 2025-06-20 VOTE: Voted Aye: Terminally Ill Adults (End of Life) Bill: New Clause 16 [0: Assisted dying bill new clause; effect unclear from title alone.] | 2025-06-13 VOTE: Voted Aye: Terminally Ill Adults (End of Life) Bill: New Clause 2 [0: Assisted dying bill amendment; effect unclear from title alone.] | 2025-06-13 VOTE: Voted Aye: Terminally Ill Adults (End of Life) Bill: New Clause 1 [0: New Clause on end of life bill, effect unclear from title alone.] | 2025-06-13 VOTE: Voted Aye: Terminally Ill Adults (End of Life) Bill: Amendment (b) to New Clause 14 [0: Amendment to end of life bill, effect unclear from title alone.] | 2025-05-16 VOTE: Voted Aye: Terminally Ill Adults (End of Life) Bill Report Stage: Amendment (a) to New Clause 10 [0: Amendment to end of life bill, effect unclear from title alone.] | 2024-11-29 VOTE: Voted No: Terminally Ill Adults (End of Life) Bill: Second Reading [++: Voted against assisted dying bill's second reading, aligning with opposition to assisted dying.]"
"Frank McNally (Labour, Coatbridge and Bellshill)",1,,,,,,"2025-06-20 VOTE: Voted No: Terminally Ill Adults (End of Life) Bill: Third Reading [++: Voted against assisted dying bill at Third Reading, aligning with CitizenGO's opposition.] | 2025-06-20 VOTE: Voted No: Terminally Ill Adults (End of Life) Bill: Amendment 94 [0: Assisted dying bill amendment; effect unclear from title alone.] | 2025-06-20 VOTE: Voted No: Terminally Ill Adults (End of Life) Bill: Amendment 77 [0: Assisted dying bill amendment; effect unclear from title alone.] | 2025-06-20 VOTE: Voted Aye: Terminally Ill Adults (End of Life) Bill: Amendment 12 [0: Assisted dying bill amendment; effect unclear from title alone.] | 2025-06-20 VOTE: Voted Aye: Terminally Ill Adults (End of Life) Bill: Amendment 24 [0: Assisted dying bill amendment; effect unclear from title alone.] | 2025-06-20 VOTE: Voted Aye: Terminally Ill Adults (End of Life) Bill: New Clause 16 [0: Assisted dying bill new clause; effect unclear from title alone.] | 2025-06-13 VOTE: Voted Aye: Terminally Ill Adults (End of Life) Bill: New Clause 2 [0: Assisted dying bill amendment; effect unclear from title alone.] | 2025-06-13 VOTE: Voted Aye: Terminally Ill Adults (End of Life) Bill: New Clause 1 [0: New Clause on end of life bill, effect unclear from title alone.] | 2025-06-13 VOTE: Voted Aye: Terminally Ill Adults (End of Life) Bill: Amendment (b) to New Clause 14 [0: Amendment to end of life bill, effect unclear from title alone.] | 2025-05-16 VOTE: Voted Aye: Terminally Ill Adults (End of Life) Bill Report Stage: Amendment (a) to New Clause 10 [0: Amendment to end of life bill, effect unclear from title alone.] | 2024-11-29 VOTE: Voted No: Terminally Ill Adults (End of Life) Bill: Second Reading [++: Voted against assisted dying bill's second reading, aligning with opposition to assisted dying.]"
"Gavin Robinson (Democratic Unionist Party, Belfast East)",1,,,,,,"2025-06-20 VOTE: Voted No: Terminally Ill Adults (End of Life) Bill: Third Reading [++: Voted against assisted dying bill at Third Reading, aligning with CitizenGO's opposition.] | 2025-06-20 VOTE: Voted No: Terminally Ill Adults (End of Life) Bill: Amendment 94 [0: Assisted dying bill amendment; effect unclear from title alone.] | 2025-06-20 VOTE: Voted No: Terminally Ill Adults (End of Life) Bill: Amendment 77 [0: Assisted dying bill amendment; effect unclear from title alone.] | 2025-06-20 VOTE: Voted Aye: Terminally Ill Adults (End of Life) Bill: Amendment 12 [0: Assisted dying bill amendment; effect unclear from title alone.] | 2025-06-20 VOTE: Voted Aye: Terminally Ill Adults (End of Life) Bill: Amendment 24 [0: Assisted dying bill amendment; effect unclear from title alone.] | 2025-06-20 VOTE: Voted Aye: Terminally Ill Adults (End of Life) Bill: New Clause 16 [0: Assisted dying bill new clause; effect unclear from title alone.] | 2025-06-13 VOTE: Voted Aye: Terminally Ill Adults (End of Life) Bill: New Clause 2 [0: Assisted dying bill amendment; effect unclear from title alone.] | 2025-06-13 VOTE: Voted Aye: Terminally Ill Adults (End of Life) Bill: New Clause 1 [0: New Clause on end of life bill, effect unclear from title alone.] | 2025-06-13 VOTE: Voted Aye: Terminally Ill Adults (End of Life) Bill: Amendment (b) to New Clause 14 [0: Amendment to end of life bill, effect unclear from title alone.] | 2025-05-16 VOTE: Voted Aye: Terminally Ill Adults (End of Life) Bill Report Stage: Amendment (a) to New Clause 10 [0: Amendment to end of life bill, effect unclear from title alone.] | 2024-11-29 VOTE: Voted No: Terminally Ill Adults (End of Life) Bill: Second Reading [++: Voted against assisted dying bill's second reading, aligning with opposition to assisted dying.]"
"Gideon Amos (Liberal Democrat, Taunton and Wellington)",1,,,,,,"2025-06-20 VOTE: Voted No: Terminally Ill Adults (End of Life) Bill: Third Reading [++: Voted against assisted dying bill at Third Reading, aligning with CitizenGO's opposition.] | 2025-06-20 VOTE: Voted No: Terminally Ill Adults (End of Life) Bill: Amendment 94 [0: Assisted dying bill amendment; effect unclear from title alone.] | 2025-06-20 VOTE: Voted No: Terminally Ill Adults (End of Life) Bill: Amendment 77 [0: Assisted dying bill amendment; effect unclear from title alone.] | 2025-06-20 VOTE: Voted Aye: Terminally Ill Adults (End of Life) Bill: Amendment 12 [0: Assisted dying bill amendment; effect unclear from title alone.] | 2025-06-20 VOTE: Voted Aye: Terminally Ill Adults (End of Life) Bill: Amendment 24 [0: Assisted dying bill amendment; effect unclear from title alone.] | 2025-06-20 VOTE: Voted Aye: Terminally Ill Adults (End of Life) Bill: New Clause 16 [0: Assisted dying bill new clause; effect unclear from title alone.] | 2025-06-13 VOTE: Voted Aye: Terminally Ill Adults (End of Life) Bill: New Clause 2 [0: Assisted dying bill amendment; effect unclear from title alone.] | 2025-06-13 VOTE: Voted Aye: Terminally Ill Adults (End of Life) Bill: New Clause 1 [0: New Clause on end of life bill, effect unclear from title alone.] | 2025-06-13 VOTE: Voted Aye: Terminally Ill Adults (End of Life) Bill: Amendment (b) to New Clause 14 [0: Amendment to end of life bill, effect unclear from title alone.] | 2025-05-16 VOTE: Voted Aye: Terminally Ill Adults (End of Life) Bill Report Stage: Amendment (a) to New Clause 10 [0: Amendment to end of life bill, effect unclear from title alone.] | 2024-11-29 VOTE: Voted No: Terminally Ill Adults (End of Life) Bill: Second Reading [++: Voted against assisted dying bill's second reading, aligning with opposition to assisted dying.]"
"Greg Smith (Conservative, Mid Buckinghamshire)",1,,,,,,"2025-06-20 VOTE: Voted No: Terminally Ill Adults (End of Life) Bill: Third Reading [++: Voted against assisted dying bill at Third Reading, aligning with CitizenGO's opposition.] | 2025-06-20 VOTE: Voted No: Terminally Ill Adults (End of Life) Bill: Amendment 94 [0: Assisted dying bill amendment; effect unclear from title alone.] | 2025-06-20 VOTE: Voted No: Terminally Ill Adults (End of Life) Bill: Amendment 77 [0: Assisted dying bill amendment; effect unclear from title alone.] | 2025-06-20 VOTE: Voted Aye: Terminally Ill Adults (End of Life) Bill: Amendment 12 [0: Assisted dying bill amendment; effect unclear from title alone.] | 2025-06-20 VOTE: Voted Aye: Terminally Ill Adults (End of Life) Bill: Amendment 24 [0: Assisted dying bill amendment; effect unclear from title alone.] | 2025-06-20 VOTE: Voted Aye: Terminally Ill Adults (End of Life) Bill: New Clause 16 [0: Assisted dying bill new clause; effect unclear from title alone.] | 2025-06-13 VOTE: Voted Aye: Terminally Ill Adults (End of Life) Bill: New Clause 2 [0: Assisted dying bill amendment; effect unclear from title alone.] | 2025-06-13 VOTE: Voted Aye: Terminally Ill Adults (End of Life) Bill: New Clause 1 [0: New Clause on end of life bill, effect unclear from title alone.] | 2025-06-13 VOTE: Voted Aye: Terminally Ill Adults (End of Life) Bill: Amendment (b) to New Clause 14 [0: Amendment to end of life bill, effect unclear from title alone.] | 2025-05-16 VOTE: Voted Aye: Terminally Ill Adults (End of Life) Bill Report Stage: Amendment (a) to New Clause 10 [0: Amendment to end of life bill, effect unclear from title alone.] | 2024-11-29 VOTE: Voted No: Terminally Ill Adults (End of Life) Bill: Second Reading [++: Voted against assisted dying bill's second reading, aligning with opposition to assisted dying.]"
"Gregory Stafford (Conservative, Farnham and Bordon)",1,,,,,,"2025-06-20 VOTE: Voted No: Terminally Ill Adults (End of Life) Bill: Third Reading [++: Voted against assisted dying bill at Third Reading, aligning with CitizenGO's opposition.] | 2025-06-20 VOTE: Voted No: Terminally Ill Adults (End of Life) Bill: Amendment 94 [0: Assisted dying bill amendment; effect unclear from title alone.] | 2025-06-20 VOTE: Voted No: Terminally Ill Adults (End of Life) Bill: Amendment 77 [0: Assisted dying bill amendment; effect unclear from title alone.] | 2025-06-20 VOTE: Voted Aye: Terminally Ill Adults (End of Life) Bill: Amendment 12 [0: Assisted dying bill amendment; effect unclear from title alone.] | 2025-06-20 VOTE: Voted Aye: Terminally Ill Adults (End of Life) Bill: Amendment 24 [0: Assisted dying bill amendment; effect unclear from title alone.] | 2025-06-20 VOTE: Voted Aye: Terminally Ill Adults (End of Life) Bill: New Clause 16 [0: Assisted dying bill new clause; effect unclear from title alone.] | 2025-06-13 VOTE: Voted Aye: Terminally Ill Adults (End of Life) Bill: New Clause 2 [0: Assisted dying bill amendment; effect unclear from title alone.] | 2025-06-13 VOTE: Voted Aye: Terminally Ill Adults (End of Life) Bill: New Clause 1 [0: New Clause on end of life bill, effect unclear from title alone.] | 2025-06-13 VOTE: Voted Aye: Terminally Ill Adults (End of Life) Bill: Amendment (b) to New Clause 14 [0: Amendment to end of life bill, effect unclear from title alone.] | 2025-05-16 VOTE: Voted Aye: Terminally Ill Adults (End of Life) Bill Report Stage: Amendment (a) to New Clause 10 [0: Amendment to end of life bill, effect unclear from title alone.] | 2024-11-29 VOTE: Voted No: Terminally Ill Adults (End of Life) Bill: Second Reading [++: Voted against assisted dying bill's second reading, aligning with opposition to assisted dying.]"
"Gurinder Singh Josan (Labour, Smethwick)",1,,,,,,"2025-06-20 VOTE: Voted No: Terminally Ill Adults (End of Life) Bill: Third Reading [++: Voted against assisted dying bill at Third Reading, aligning with CitizenGO's opposition.] | 2025-06-20 VOTE: Voted No: Terminally Ill Adults (End of Life) Bill: Amendment 94 [0: Assisted dying bill amendment; effect unclear from title alone.] | 2025-06-20 VOTE: Voted No: Terminally Ill Adults (End of Life) Bill: Amendment 77 [0: Assisted dying bill amendment; effect unclear from title alone.] | 2025-06-20 VOTE: Voted Aye: Terminally Ill Adults (End of Life) Bill: Amendment 12 [0: Assisted dying bill amendment; effect unclear from title alone.] | 2025-06-20 VOTE: Voted Aye: Terminally Ill Adults (End of Life) Bill: Amendment 24 [0: Assisted dying bill amendment; effect unclear from title alone.] | 2025-06-20 VOTE: Voted Aye: Terminally Ill Adults (End of Life) Bill: New Clause 16 [0: Assisted dying bill new clause; effect unclear from title alone.] | 2025-06-13 VOTE: Voted Aye: Terminally Ill Adults (End of Life) Bill: New Clause 2 [0: Assisted dying bill amendment; effect unclear from title alone.] | 2025-06-13 VOTE: Voted Aye: Terminally Ill Adults (End of Life) Bill: New Clause 1 [0: New Clause on end of life bill, effect unclear from title alone.] | 2025-06-13 VOTE: Voted Aye: Terminally Ill Adults (End of Life) Bill: Amendment (b) to New Clause 14 [0: Amendment to end of life bill, effect unclear from title alone.] | 2025-05-16 VOTE: Voted Aye: Terminally Ill Adults (End of Life) Bill Report Stage: Amendment (a) to New Clause 10 [0: Amendment to end of life bill, effect unclear from title alone.] | 2024-11-29 VOTE: Voted No: Terminally Ill Adults (End of Life) Bill: Second Reading [++: Voted against assisted dying bill's second reading, aligning with opposition to assisted dying.]"
"Helen Hayes (Labour, Dulwich and West Norwood)",1,,,,,,"2025-06-20 VOTE: Voted No: Terminally Ill Adults (End of Life) Bill: Third Reading [++: Voted against assisted dying bill at Third Reading, aligning with CitizenGO's opposition.] | 2025-06-20 VOTE: Voted No: Terminally Ill Adults (End of Life) Bill: Amendment 94 [0: Assisted dying bill amendment; effect unclear from title alone.] | 2025-06-20 VOTE: Voted No: Terminally Ill Adults (End of Life) Bill: Amendment 77 [0: Assisted dying bill amendment; effect unclear from title alone.] | 2025-06-20 VOTE: Voted Aye: Terminally Ill Adults (End of Life) Bill: Amendment 12 [0: Assisted dying bill amendment; effect unclear from title alone.] | 2025-06-20 VOTE: Voted Aye: Terminally Ill Adults (End of Life) Bill: Amendment 24 [0: Assisted dying bill amendment; effect unclear from title alone.] | 2025-06-20 VOTE: Voted Aye: Terminally Ill Adults (End of Life) Bill: New Clause 16 [0: Assisted dying bill new clause; effect unclear from title alone.] | 2025-06-13 VOTE: Voted Aye: Terminally Ill Adults (End of Life) Bill: New Clause 2 [0: Assisted dying bill amendment; effect unclear from title alone.] | 2025-06-13 VOTE: Voted Aye: Terminally Ill Adults (End of Life) Bill: New Clause 1 [0: New Clause on end of life bill, effect unclear from title alone.] | 2025-06-13 VOTE: Voted Aye: Terminally Ill Adults (End of Life) Bill: Amendment (b) to New Clause 14 [0: Amendment to end of life bill, effect unclear from title alone.] | 2025-05-16 VOTE: Voted Aye: Terminally Ill Adults (End of Life) Bill Report Stage: Amendment (a) to New Clause 10 [0: Amendment to end of life bill, effect unclear from title alone.] | 2024-11-29 VOTE: Voted No: Terminally Ill Adults (End of Life) Bill: Second Reading [++: Voted against assisted dying bill's second reading, aligning with opposition to assisted dying.]"
"Helen Whately (Conservative, Faversham and Mid Kent)",1,,,,,,"2025-06-20 VOTE: Voted No: Terminally Ill Adults (End of Life) Bill: Third Reading [++: Voted against assisted dying bill at Third Reading, aligning with CitizenGO's opposition.] | 2025-06-20 VOTE: Voted No: Terminally Ill Adults (End of Life) Bill: Amendment 94 [0: Assisted dying bill amendment; effect unclear from title alone.] | 2025-06-20 VOTE: Voted No: Terminally Ill Adults (End of Life) Bill: Amendment 77 [0: Assisted dying bill amendment; effect unclear from title alone.] | 2025-06-20 VOTE: Voted Aye: Terminally Ill Adults (End of Life) Bill: Amendment 12 [0: Assisted dying bill amendment; effect unclear from title alone.] | 2025-06-20 VOTE: Voted Aye: Terminally Ill Adults (End of Life) Bill: Amendment 24 [0: Assisted dying bill amendment; effect unclear from title alone.] | 2025-06-20 VOTE: Voted Aye: Terminally Ill Adults (End of Life) Bill: New Clause 16 [0: Assisted dying bill new clause; effect unclear from title alone.] | 2025-06-13 VOTE: Voted Aye: Terminally Ill Adults (End of Life) Bill: New Clause 2 [0: Assisted dying bill amendment; effect unclear from title alone.] | 2025-06-13 VOTE: Voted Aye: Terminally Ill Adults (End of Life) Bill: New Clause 1 [0: New Clause on end of life bill, effect unclear from title alone.] | 2025-06-13 VOTE: Voted Aye: Terminally Ill Adults (End of Life) Bill: Amendment (b) to New Clause 14 [0: Amendment to end of life bill, effect unclear from title alone.] | 2025-05-16 VOTE: Voted Aye: Terminally Ill Adults (End of Life) Bill Report Stage: Amendment (a) to New Clause 10 [0: Amendment to end of life bill, effect unclear from title alone.] | 2024-11-29 VOTE: Voted No: Terminally Ill Adults (End of Life) Bill: Second Reading [++: Voted against assisted dying bill's second reading, aligning with opposition to assisted dying.]"
"Jack Rankin (Conservative, Windsor)",1,,,,,,"2025-06-20 VOTE: Voted No: Terminally Ill Adults (End of Life) Bill: Third Reading [++: Voted against assisted dying bill at Third Reading, aligning with CitizenGO's opposition.] | 2025-06-20 VOTE: Voted No: Terminally Ill Adults (End of Life) Bill: Amendment 94 [0: Assisted dying bill amendment; effect unclear from title alone.] | 2025-06-20 VOTE: Voted No: Terminally Ill Adults (End of Life) Bill: Amendment 77 [0: Assisted dying bill amendment; effect unclear from title alone.] | 2025-06-20 VOTE: Voted Aye: Terminally Ill Adults (End of Life) Bill: Amendment 12 [0: Assisted dying bill amendment; effect unclear from title alone.] | 2025-06-20 VOTE: Voted Aye: Terminally Ill Adults (End of Life) Bill: Amendment 24 [0: Assisted dying bill amendment; effect unclear from title alone.] | 2025-06-20 VOTE: Voted Aye: Terminally Ill Adults (End of Life) Bill: New Clause 16 [0: Assisted dying bill new clause; effect unclear from title alone.] | 2025-06-13 VOTE: Voted Aye: Terminally Ill Adults (End of Life) Bill: New Clause 2 [0: Assisted dying bill amendment; effect unclear from title alone.] | 2025-06-13 VOTE: Voted Aye: Terminally Ill Adults (End of Life) Bill: New Clause 1 [0: New Clause on end of life bill, effect unclear from title alone.] | 2025-06-13 VOTE: Voted Aye: Terminally Ill Adults (End of Life) Bill: Amendment (b) to New Clause 14 [0: Amendment to end of life bill, effect unclear from title alone.] | 2025-05-16 VOTE: Voted Aye: Terminally Ill Adults (End of Life) Bill Report Stage: Amendment (a) to New Clause 10 [0: Amendment to end of life bill, effect unclear from title alone.] | 2024-11-29 VOTE: Voted No: Terminally Ill Adults (End of Life) Bill: Second Reading [++: Voted against assisted dying bill's second reading, aligning with opposition to assisted dying.]"
"James Asser (Labour, West Ham and Beckton)",1,,,,,,"2025-06-20 VOTE: Voted No: Terminally Ill Adults (End of Life) Bill: Third Reading [++: Voted against assisted dying bill at Third Reading, aligning with CitizenGO's opposition.] | 2025-06-20 VOTE: Voted No: Terminally Ill Adults (End of Life) Bill: Amendment 94 [0: Assisted dying bill amendment; effect unclear from title alone.] | 2025-06-20 VOTE: Voted No: Terminally Ill Adults (End of Life) Bill: Amendment 77 [0: Assisted dying bill amendment; effect unclear from title alone.] | 2025-06-20 VOTE: Voted Aye: Terminally Ill Adults (End of Life) Bill: Amendment 12 [0: Assisted dying bill amendment; effect unclear from title alone.] | 2025-06-20 VOTE: Voted Aye: Terminally Ill Adults (End of Life) Bill: Amendment 24 [0: Assisted dying bill amendment; effect unclear from title alone.] | 2025-06-20 VOTE: Voted Aye: Terminally Ill Adults (End of Life) Bill: New Clause 16 [0: Assisted dying bill new clause; effect unclear from title alone.] | 2025-06-13 VOTE: Voted Aye: Terminally Ill Adults (End of Life) Bill: New Clause 2 [0: Assisted dying bill amendment; effect unclear from title alone.] | 2025-06-13 VOTE: Voted Aye: Terminally Ill Adults (End of Life) Bill: New Clause 1 [0: New Clause on end of life bill, effect unclear from title alone.] | 2025-06-13 VOTE: Voted Aye: Terminally Ill Adults (End of Life) Bill: Amendment (b) to New Clause 14 [0: Amendment to end of life bill, effect unclear from title alone.] | 2025-05-16 VOTE: Voted Aye: Terminally Ill Adults (End of Life) Bill Report Stage: Amendment (a) to New Clause 10 [0: Amendment to end of life bill, effect unclear from title alone.] | 2024-11-29 VOTE: Voted No: Terminally Ill Adults (End of Life) Bill: Second Reading [++: Voted against assisted dying bill's second reading, aligning with opposition to assisted dying.]"
"James McMurdock (Independent, South Basildon and East Thurrock)",1,,,,,,"2025-06-20 VOTE: Voted No: Terminally Ill Adults (End of Life) Bill: Third Reading [++: Voted against assisted dying bill at Third Reading, aligning with CitizenGO's opposition.] | 2025-06-20 VOTE: Voted No: Terminally Ill Adults (End of Life) Bill: Amendment 94 [0: Assisted dying bill amendment; effect unclear from title alone.] | 2025-06-20 VOTE: Voted No: Terminally Ill Adults (End of Life) Bill: Amendment 77 [0: Assisted dying bill amendment; effect unclear from title alone.] | 2025-06-20 VOTE: Voted Aye: Terminally Ill Adults (End of Life) Bill: Amendment 12 [0: Assisted dying bill amendment; effect unclear from title alone.] | 2025-06-20 VOTE: Voted Aye: Terminally Ill Adults (End of Life) Bill: Amendment 24 [0: Assisted dying bill amendment; effect unclear from title alone.] | 2025-06-20 VOTE: Voted Aye: Terminally Ill Adults (End of Life) Bill: New Clause 16 [0: Assisted dying bill new clause; effect unclear from title alone.] | 2025-06-13 VOTE: Voted Aye: Terminally Ill Adults (End of Life) Bill: New Clause 2 [0: Assisted dying bill amendment; effect unclear from title alone.] | 2025-06-13 VOTE: Voted Aye: Terminally Ill Adults (End of Life) Bill: New Clause 1 [0: New Clause on end of life bill, effect unclear from title alone.] | 2025-06-13 VOTE: Voted Aye: Terminally Ill Adults (End of Life) Bill: Amendment (b) to New Clause 14 [0: Amendment to end of life bill, effect unclear from title alone.] | 2025-05-16 VOTE: Voted Aye: Terminally Ill Adults (End of Life) Bill Report Stage: Amendment (a) to New Clause 10 [0: Amendment to end of life bill, effect unclear from title alone.] | 2024-11-29 VOTE: Voted No: Terminally Ill Adults (End of Life) Bill: Second Reading [++: Voted against assisted dying bill's second reading, aligning with opposition to assisted dying.]"
"Jen Craft (Labour, Thurrock)",1,,,,,,"2025-06-20 VOTE: Voted No: Terminally Ill Adults (End of Life) Bill: Third Reading [++: Voted against assisted dying bill at Third Reading, aligning with CitizenGO's opposition.] | 2025-06-20 VOTE: Voted No: Terminally Ill Adults (End of Life) Bill: Amendment 94 [0: Assisted dying bill amendment; effect unclear from title alone.] | 2025-06-20 VOTE: Voted No: Terminally Ill Adults (End of Life) Bill: Amendment 77 [0: Assisted dying bill amendment; effect unclear from title alone.] | 2025-06-20 VOTE: Voted Aye: Terminally Ill Adults (End of Life) Bill: Amendment 12 [0: Assisted dying bill amendment; effect unclear from title alone.] | 2025-06-20 VOTE: Voted Aye: Terminally Ill Adults (End of Life) Bill: Amendment 24 [0: Assisted dying bill amendment; effect unclear from title alone.] | 2025-06-20 VOTE: Voted Aye: Terminally Ill Adults (End of Life) Bill: New Clause 16 [0: Assisted dying bill new clause; effect unclear from title alone.] | 2025-06-13 VOTE: Voted Aye: Terminally Ill Adults (End of Life) Bill: New Clause 2 [0: Assisted dying bill amendment; effect unclear from title alone.] | 2025-06-13 VOTE: Voted Aye: Terminally Ill Adults (End of Life) Bill: New Clause 1 [0: New Clause on end of life bill, effect unclear from title alone.] | 2025-06-13 VOTE: Voted Aye: Terminally Ill Adults (End of Life) Bill: Amendment (b) to New Clause 14 [0: Amendment to end of life bill, effect unclear from title alone.] | 2025-05-16 VOTE: Voted Aye: Terminally Ill Adults (End of Life) Bill Report Stage: Amendment (a) to New Clause 10 [0: Amendment to end of life bill, effect unclear from title alone.] | 2024-11-29 VOTE: Voted No: Terminally Ill Adults (End of Life) Bill: Second Reading [++: Voted against assisted dying bill's second reading, aligning with opposition to assisted dying.]"
"Jeremy Corbyn (Your Party, Islington North)",1,,,,,,"2025-06-20 VOTE: Voted No: Terminally Ill Adults (End of Life) Bill: Third Reading [++: Voted against assisted dying bill at Third Reading, aligning with CitizenGO's opposition.] | 2025-06-20 VOTE: Voted No: Terminally Ill Adults (End of Life) Bill: Amendment 94 [0: Assisted dying bill amendment; effect unclear from title alone.] | 2025-06-20 VOTE: Voted No: Terminally Ill Adults (End of Life) Bill: Amendment 77 [0: Assisted dying bill amendment; effect unclear from title alone.] | 2025-06-20 VOTE: Voted Aye: Terminally Ill Adults (End of Life) Bill: Amendment 12 [0: Assisted dying bill amendment; effect unclear from title alone.] | 2025-06-20 VOTE: Voted Aye: Terminally Ill Adults (End of Life) Bill: Amendment 24 [0: Assisted dying bill amendment; effect unclear from title alone.] | 2025-06-20 VOTE: Voted Aye: Terminally Ill Adults (End of Life) Bill: New Clause 16 [0: Assisted dying bill new clause; effect unclear from title alone.] | 2025-06-13 VOTE: Voted Aye: Terminally Ill Adults (End of Life) Bill: New Clause 2 [0: Assisted dying bill amendment; effect unclear from title alone.] | 2025-06-13 VOTE: Voted Aye: Terminally Ill Adults (End of Life) Bill: New Clause 1 [0: New Clause on end of life bill, effect unclear from title alone.] | 2025-06-13 VOTE: Voted Aye: Terminally Ill Adults (End of Life) Bill: Amendment (b) to New Clause 14 [0: Amendment to end of life bill, effect unclear from title alone.] | 2025-05-16 VOTE: Voted Aye: Terminally Ill Adults (End of Life) Bill Report Stage: Amendment (a) to New Clause 10 [0: Amendment to end of life bill, effect unclear from title alone.] | 2024-11-29 VOTE: Voted No: Terminally Ill Adults (End of Life) Bill: Second Reading [++: Voted against assisted dying bill's second reading, aligning with opposition to assisted dying.]"
"Jerome Mayhew (Conservative, Broadland and Fakenham)",1,,,,,,"2025-06-20 VOTE: Voted No: Terminally Ill Adults (End of Life) Bill: Third Reading [++: Voted against assisted dying bill at Third Reading, aligning with CitizenGO's opposition.] | 2025-06-20 VOTE: Voted No: Terminally Ill Adults (End of Life) Bill: Amendment 94 [0: Assisted dying bill amendment; effect unclear from title alone.] | 2025-06-20 VOTE: Voted No: Terminally Ill Adults (End of Life) Bill: Amendment 77 [0: Assisted dying bill amendment; effect unclear from title alone.] | 2025-06-20 VOTE: Voted Aye: Terminally Ill Adults (End of Life) Bill: Amendment 12 [0: Assisted dying bill amendment; effect unclear from title alone.] | 2025-06-20 VOTE: Voted Aye: Terminally Ill Adults (End of Life) Bill: Amendment 24 [0: Assisted dying bill amendment; effect unclear from title alone.] | 2025-06-20 VOTE: Voted Aye: Terminally Ill Adults (End of Life) Bill: New Clause 16 [0: Assisted dying bill new clause; effect unclear from title alone.] | 2025-06-13 VOTE: Voted Aye: Terminally Ill Adults (End of Life) Bill: New Clause 2 [0: Assisted dying bill amendment; effect unclear from title alone.] | 2025-06-13 VOTE: Voted Aye: Terminally Ill Adults (End of Life) Bill: New Clause 1 [0: New Clause on end of life bill, effect unclear from title alone.] | 2025-06-13 VOTE: Voted Aye: Terminally Ill Adults (End of Life) Bill: Amendment (b) to New Clause 14 [0: Amendment to end of life bill, effect unclear from title alone.] | 2025-05-16 VOTE: Voted Aye: Terminally Ill Adults (End of Life) Bill Report Stage: Amendment (a) to New Clause 10 [0: Amendment to end of life bill, effect unclear from title alone.] | 2024-11-29 VOTE: Voted No: Terminally Ill Adults (End of Life) Bill: Second Reading [++: Voted against assisted dying bill's second reading, aligning with opposition to assisted dying.]"
"Jess Asato (Labour, Lowestoft)",1,,,,,,"2025-06-20 VOTE: Voted No: Terminally Ill Adults (End of Life) Bill: Third Reading [++: Voted against assisted dying bill at Third Reading, aligning with CitizenGO's opposition.] | 2025-06-20 VOTE: Voted No: Terminally Ill Adults (End of Life) Bill: Amendment 94 [0: Assisted dying bill amendment; effect unclear from title alone.] | 2025-06-20 VOTE: Voted No: Terminally Ill Adults (End of Life) Bill: Amendment 77 [0: Assisted dying bill amendment; effect unclear from title alone.] | 2025-06-20 VOTE: Voted Aye: Terminally Ill Adults (End of Life) Bill: Amendment 12 [0: Assisted dying bill amendment; effect unclear from title alone.] | 2025-06-20 VOTE: Voted Aye: Terminally Ill Adults (End of Life) Bill: Amendment 24 [0: Assisted dying bill amendment; effect unclear from title alone.] | 2025-06-20 VOTE: Voted Aye: Terminally Ill Adults (End of Life) Bill: New Clause 16 [0: Assisted dying bill new clause; effect unclear from title alone.] | 2025-06-13 VOTE: Voted Aye: Terminally Ill Adults (End of Life) Bill: New Clause 2 [0: Assisted dying bill amendment; effect unclear from title alone.] | 2025-06-13 VOTE: Voted Aye: Terminally Ill Adults (End of Life) Bill: New Clause 1 [0: New Clause on end of life bill, effect unclear from title alone.] | 2025-06-13 VOTE: Voted Aye: Terminally Ill Adults (End of Life) Bill: Amendment (b) to New Clause 14 [0: Amendment to end of life bill, effect unclear from title alone.] | 2025-05-16 VOTE: Voted Aye: Terminally Ill Adults (End of Life) Bill Report Stage: Amendment (a) to New Clause 10 [0: Amendment to end of life bill, effect unclear from title alone.] | 2024-11-29 VOTE: Voted No: Terminally Ill Adults (End of Life) Bill: Second Reading [++: Voted against assisted dying bill's second reading, aligning with opposition to assisted dying.]"
"Jim Allister (Traditional Unionist Voice, North Antrim)",1,,,,,,"2025-06-20 VOTE: Voted No: Terminally Ill Adults (End of Life) Bill: Third Reading [++: Voted against assisted dying bill at Third Reading, aligning with CitizenGO's opposition.] | 2025-06-20 VOTE: Voted No: Terminally Ill Adults (End of Life) Bill: Amendment 94 [0: Assisted dying bill amendment; effect unclear from title alone.] | 2025-06-20 VOTE: Voted No: Terminally Ill Adults (End of Life) Bill: Amendment 77 [0: Assisted dying bill amendment; effect unclear from title alone.] | 2025-06-20 VOTE: Voted Aye: Terminally Ill Adults (End of Life) Bill: Amendment 12 [0: Assisted dying bill amendment; effect unclear from title alone.] | 2025-06-20 VOTE: Voted Aye: Terminally Ill Adults (End of Life) Bill: Amendment 24 [0: Assisted dying bill amendment; effect unclear from title alone.] | 2025-06-20 VOTE: Voted Aye: Terminally Ill Adults (End of Life) Bill: New Clause 16 [0: Assisted dying bill new clause; effect unclear from title alone.] | 2025-06-13 VOTE: Voted Aye: Terminally Ill Adults (End of Life) Bill: New Clause 2 [0: Assisted dying bill amendment; effect unclear from title alone.] | 2025-06-13 VOTE: Voted Aye: Terminally Ill Adults (End of Life) Bill: New Clause 1 [0: New Clause on end of life bill, effect unclear from title alone.] | 2025-06-13 VOTE: Voted Aye: Terminally Ill Adults (End of Life) Bill: Amendment (b) to New Clause 14 [0: Amendment to end of life bill, effect unclear from title alone.] | 2025-05-16 VOTE: Voted Aye: Terminally Ill Adults (End of Life) Bill Report Stage: Amendment (a) to New Clause 10 [0: Amendment to end of life bill, effect unclear from title alone.] | 2024-11-29 VOTE: Voted No: Terminally Ill Adults (End of Life) Bill: Second Reading [++: Voted against assisted dying bill's second reading, aligning with opposition to assisted dying.]"
"Jim Shannon (Democratic Unionist Party, Strangford)",1,,,,,,"2025-06-20 VOTE: Voted No: Terminally Ill Adults (End of Life) Bill: Third Reading [++: Voted against assisted dying bill at Third Reading, aligning with CitizenGO's opposition.] | 2025-06-20 VOTE: Voted No: Terminally Ill Adults (End of Life) Bill: Amendment 94 [0: Assisted dying bill amendment; effect unclear from title alone.] | 2025-06-20 VOTE: Voted No: Terminally Ill Adults (End of Life) Bill: Amendment 77 [0: Assisted dying bill amendment; effect unclear from title alone.] | 2025-06-20 VOTE: Voted Aye: Terminally Ill Adults (End of Life) Bill: Amendment 12 [0: Assisted dying bill amendment; effect unclear from title alone.] | 2025-06-20 VOTE: Voted Aye: Terminally Ill Adults (End of Life) Bill: Amendment 24 [0: Assisted dying bill amendment; effect unclear from title alone.] | 2025-06-20 VOTE: Voted Aye: Terminally Ill Adults (End of Life) Bill: New Clause 16 [0: Assisted dying bill new clause; effect unclear from title alone.] | 2025-06-13 VOTE: Voted Aye: Terminally Ill Adults (End of Life) Bill: New Clause 2 [0: Assisted dying bill amendment; effect unclear from title alone.] | 2025-06-13 VOTE: Voted Aye: Terminally Ill Adults (End of Life) Bill: New Clause 1 [0: New Clause on end of life bill, effect unclear from title alone.] | 2025-06-13 VOTE: Voted Aye: Terminally Ill Adults (End of Life) Bill: Amendment (b) to New Clause 14 [0: Amendment to end of life bill, effect unclear from title alone.] | 2025-05-16 VOTE: Voted Aye: Terminally Ill Adults (End of Life) Bill Report Stage: Amendment (a) to New Clause 10 [0: Amendment to end of life bill, effect unclear from title alone.] | 2024-11-29 VOTE: Voted No: Terminally Ill Adults (End of Life) Bill: Second Reading [++: Voted against assisted dying bill's second reading, aligning with opposition to assisted dying.]"
"Johanna Baxter (Labour, Paisley and Renfrewshire South)",1,,,,,,"2025-06-20 VOTE: Voted No: Terminally Ill Adults (End of Life) Bill: Third Reading [++: Voted against assisted dying bill at Third Reading, aligning with CitizenGO's opposition.] | 2025-06-20 VOTE: Voted No: Terminally Ill Adults (End of Life) Bill: Amendment 94 [0: Assisted dying bill amendment; effect unclear from title alone.] | 2025-06-20 VOTE: Voted No: Terminally Ill Adults (End of Life) Bill: Amendment 77 [0: Assisted dying bill amendment; effect unclear from title alone.] | 2025-06-20 VOTE: Voted Aye: Terminally Ill Adults (End of Life) Bill: Amendment 12 [0: Assisted dying bill amendment; effect unclear from title alone.] | 2025-06-20 VOTE: Voted Aye: Terminally Ill Adults (End of Life) Bill: Amendment 24 [0: Assisted dying bill amendment; effect unclear from title alone.] | 2025-06-20 VOTE: Voted Aye: Terminally Ill Adults (End of Life) Bill: New Clause 16 [0: Assisted dying bill new clause; effect unclear from title alone.] | 2025-06-13 VOTE: Voted Aye: Terminally Ill Adults (End of Life) Bill: New Clause 2 [0: Assisted dying bill amendment; effect unclear from title alone.] | 2025-06-13 VOTE: Voted Aye: Terminally Ill Adults (End of Life) Bill: New Clause 1 [0: New Clause on end of life bill, effect unclear from title alone.] | 2025-06-13 VOTE: Voted Aye: Terminally Ill Adults (End of Life) Bill: Amendment (b) to New Clause 14 [0: Amendment to end of life bill, effect unclear from title alone.] | 2025-05-16 VOTE: Voted Aye: Terminally Ill Adults (End of Life) Bill Report Stage: Amendment (a) to New Clause 10 [0: Amendment to end of life bill, effect unclear from title alone.] | 2024-11-29 VOTE: Voted No: Terminally Ill Adults (End of Life) Bill: Second Reading [++: Voted against assisted dying bill's second reading, aligning with opposition to assisted dying.]"
"John Cooper (Conservative, Dumfries and Galloway)",1,,,,,,"2025-06-20 VOTE: Voted No: Terminally Ill Adults (End of Life) Bill: Third Reading [++: Voted against assisted dying bill at Third Reading, aligning with CitizenGO's opposition.] | 2025-06-20 VOTE: Voted No: Terminally Ill Adults (End of Life) Bill: Amendment 94 [0: Assisted dying bill amendment; effect unclear from title alone.] | 2025-06-20 VOTE: Voted No: Terminally Ill Adults (End of Life) Bill: Amendment 77 [0: Assisted dying bill amendment; effect unclear from title alone.] | 2025-06-20 VOTE: Voted Aye: Terminally Ill Adults (End of Life) Bill: Amendment 12 [0: Assisted dying bill amendment; effect unclear from title alone.] | 2025-06-20 VOTE: Voted Aye: Terminally Ill Adults (End of Life) Bill: Amendment 24 [0: Assisted dying bill amendment; effect unclear from title alone.] | 2025-06-20 VOTE: Voted Aye: Terminally Ill Adults (End of Life) Bill: New Clause 16 [0: Assisted dying bill new clause; effect unclear from title alone.] | 2025-06-13 VOTE: Voted Aye: Terminally Ill Adults (End of Life) Bill: New Clause 2 [0: Assisted dying bill amendment; effect unclear from title alone.] | 2025-06-13 VOTE: Voted Aye: Terminally Ill Adults (End of Life) Bill: New Clause 1 [0: New Clause on end of life bill, effect unclear from title alone.] | 2025-06-13 VOTE: Voted Aye: Terminally Ill Adults (End of Life) Bill: Amendment (b) to New Clause 14 [0: Amendment to end of life bill, effect unclear from title alone.] | 2025-05-16 VOTE: Voted Aye: Terminally Ill Adults (End of Life) Bill Report Stage: Amendment (a) to New Clause 10 [0: Amendment to end of life bill, effect unclear from title alone.] | 2024-11-29 VOTE: Voted No: Terminally Ill Adults (End of Life) Bill: Second Reading [++: Voted against assisted dying bill's second reading, aligning with opposition to assisted dying.]"
"John Grady (Labour, Glasgow East)",1,,,,,,"2025-06-20 VOTE: Voted No: Terminally Ill Adults (End of Life) Bill: Third Reading [++: Voted against assisted dying bill at Third Reading, aligning with CitizenGO's opposition.] | 2025-06-20 VOTE: Voted No: Terminally Ill Adults (End of Life) Bill: Amendment 94 [0: Assisted dying bill amendment; effect unclear from title alone.] | 2025-06-20 VOTE: Voted No: Terminally Ill Adults (End of Life) Bill: Amendment 77 [0: Assisted dying bill amendment; effect unclear from title alone.] | 2025-06-20 VOTE: Voted Aye: Terminally Ill Adults (End of Life) Bill: Amendment 12 [0: Assisted dying bill amendment; effect unclear from title alone.] | 2025-06-20 VOTE: Voted Aye: Terminally Ill Adults (End of Life) Bill: Amendment 24 [0: Assisted dying bill amendment; effect unclear from title alone.] | 2025-06-20 VOTE: Voted Aye: Terminally Ill Adults (End of Life) Bill: New Clause 16 [0: Assisted dying bill new clause; effect unclear from title alone.] | 2025-06-13 VOTE: Voted Aye: Terminally Ill Adults (End of Life) Bill: New Clause 2 [0: Assisted dying bill amendment; effect unclear from title alone.] | 2025-06-13 VOTE: Voted Aye: Terminally Ill Adults (End of Life) Bill: New Clause 1 [0: New Clause on end of life bill, effect unclear from title alone.] | 2025-06-13 VOTE: Voted Aye: Terminally Ill Adults (End of Life) Bill: Amendment (b) to New Clause 14 [0: Amendment to end of life bill, effect unclear from title alone.] | 2025-05-16 VOTE: Voted Aye: Terminally Ill Adults (End of Life) Bill Report Stage: Amendment (a) to New Clause 10 [0: Amendment to end of life bill, effect unclear from title alone.] | 2024-11-29 VOTE: Voted No: Terminally Ill Adults (End of Life) Bill: Second Reading [++: Voted against assisted dying bill's second reading, aligning with opposition to assisted dying.]"
"Jonathan Davies (Labour, Mid Derbyshire)",1,,,,,,"2025-06-20 VOTE: Voted No: Terminally Ill Adults (End of Life) Bill: Third Reading [++: Voted against assisted dying bill at Third Reading, aligning with CitizenGO's opposition.] | 2025-06-20 VOTE: Voted No: Terminally Ill Adults (End of Life) Bill: Amendment 94 [0: Assisted dying bill amendment; effect unclear from title alone.] | 2025-06-20 VOTE: Voted No: Terminally Ill Adults (End of Life) Bill: Amendment 77 [0: Assisted dying bill amendment; effect unclear from title alone.] | 2025-06-20 VOTE: Voted Aye: Terminally Ill Adults (End of Life) Bill: Amendment 12 [0: Assisted dying bill amendment; effect unclear from title alone.] | 2025-06-20 VOTE: Voted Aye: Terminally Ill Adults (End of Life) Bill: Amendment 24 [0: Assisted dying bill amendment; effect unclear from title alone.] | 2025-06-20 VOTE: Voted Aye: Terminally Ill Adults (End of Life) Bill: New Clause 16 [0: Assisted dying bill new clause; effect unclear from title alone.] | 2025-06-13 VOTE: Voted Aye: Terminally Ill Adults (End of Life) Bill: New Clause 2 [0: Assisted dying bill amendment; effect unclear from title alone.] | 2025-06-13 VOTE: Voted Aye: Terminally Ill Adults (End of Life) Bill: New Clause 1 [0: New Clause on end of life bill, effect unclear from title alone.] | 2025-06-13 VOTE: Voted Aye: Terminally Ill Adults (End of Life) Bill: Amendment (b) to New Clause 14 [0: Amendment to end of life bill, effect unclear from title alone.] | 2025-05-16 VOTE: Voted Aye: Terminally Ill Adults (End of Life) Bill Report Stage: Amendment (a) to New Clause 10 [0: Amendment to end of life bill, effect unclear from title alone.] | 2024-11-29 VOTE: Voted No: Terminally Ill Adults (End of Life) Bill: Second Reading [++: Voted against assisted dying bill's second reading, aligning with opposition to assisted dying.]"
"Josh Newbury (Labour, Cannock Chase)",1,,,,,,"2025-06-20 VOTE: Voted No: Terminally Ill Adults (End of Life) Bill: Third Reading [++: Voted against assisted dying bill at Third Reading, aligning with CitizenGO's opposition.] | 2025-06-20 VOTE: Voted No: Terminally Ill Adults (End of Life) Bill: Amendment 94 [0: Assisted dying bill amendment; effect unclear from title alone.] | 2025-06-20 VOTE: Voted No: Terminally Ill Adults (End of Life) Bill: Amendment 77 [0: Assisted dying bill amendment; effect unclear from title alone.] | 2025-06-20 VOTE: Voted Aye: Terminally Ill Adults (End of Life) Bill: Amendment 12 [0: Assisted dying bill amendment; effect unclear from title alone.] | 2025-06-20 VOTE: Voted Aye: Terminally Ill Adults (End of Life) Bill: Amendment 24 [0: Assisted dying bill amendment; effect unclear from title alone.] | 2025-06-20 VOTE: Voted No: Terminally Ill Adults (End of Life) Bill: New Clause 16 [0: Assisted dying bill new clause; effect unclear from title alone.] | 2025-06-13 VOTE: Voted Aye: Terminally Ill Adults (End of Life) Bill: New Clause 2 [0: Assisted dying bill amendment; effect unclear from title alone.] | 2025-06-13 VOTE: Voted Aye: Terminally Ill Adults (End of Life) Bill: New Clause 1 [0: New Clause on end of life bill, effect unclear from title alone.] | 2025-06-13 VOTE: Voted Aye: Terminally Ill Adults (End of Life) Bill: Amendment (b) to New Clause 14 [0: Amendment to end of life bill, effect unclear from title alone.] | 2025-05-16 VOTE: Voted Aye: Terminally Ill Adults (End of Life) Bill Report Stage: Amendment (a) to New Clause 10 [0: Amendment to end of life bill, effect unclear from title alone.] | 2024-11-29 VOTE: Voted No: Terminally Ill Adults (End of Life) Bill: Second Reading [++: Voted against assisted dying bill's second reading, aligning with opposition to assisted dying.]"
"Julia Lopez (Conservative, Hornchurch and Upminster)",1,,,,,,"2025-06-20 VOTE: Voted No: Terminally Ill Adults (End of Life) Bill: Third Reading [++: Voted against assisted dying bill at Third Reading, aligning with CitizenGO's opposition.] | 2025-06-20 VOTE: Voted No: Terminally Ill Adults (End of Life) Bill: Amendment 94 [0: Assisted dying bill amendment; effect unclear from title alone.] | 2025-06-20 VOTE: Voted No: Terminally Ill Adults (End of Life) Bill: Amendment 77 [0: Assisted dying bill amendment; effect unclear from title alone.] | 2025-06-20 VOTE: Voted Aye: Terminally Ill Adults (End of Life) Bill: Amendment 12 [0: Assisted dying bill amendment; effect unclear from title alone.] | 2025-06-20 VOTE: Voted Aye: Terminally Ill Adults (End of Life) Bill: Amendment 24 [0: Assisted dying bill amendment; effect unclear from title alone.] | 2025-06-20 VOTE: Voted Aye: Terminally Ill Adults (End of Life) Bill: New Clause 16 [0: Assisted dying bill new clause; effect unclear from title alone.] | 2025-06-13 VOTE: Voted Aye: Terminally Ill Adults (End of Life) Bill: New Clause 2 [0: Assisted dying bill amendment; effect unclear from title alone.] | 2025-06-13 VOTE: Voted Aye: Terminally Ill Adults (End of Life) Bill: New Clause 1 [0: New Clause on end of life bill, effect unclear from title alone.] | 2025-06-13 VOTE: Voted Aye: Terminally Ill Adults (End of Life) Bill: Amendment (b) to New Clause 14 [0: Amendment to end of life bill, effect unclear from title alone.] | 2025-05-16 VOTE: Voted Aye: Terminally Ill Adults (End of Life) Bill Report Stage: Amendment (a) to New Clause 10 [0: Amendment to end of life bill, effect unclear from title alone.] | 2024-11-29 VOTE: Voted No: Terminally Ill Adults (End of Life) Bill: Second Reading [++: Voted against assisted dying bill's second reading, aligning with opposition to assisted dying.]"
"Katie Lam (Conservative, Weald of Kent)",1,,,,,,"2025-06-20 VOTE: Voted No: Terminally Ill Adults (End of Life) Bill: Third Reading [++: Voted against assisted dying bill at Third Reading, aligning with CitizenGO's opposition.] | 2025-06-20 VOTE: Voted No: Terminally Ill Adults (End of Life) Bill: Amendment 94 [0: Assisted dying bill amendment; effect unclear from title alone.] | 2025-06-20 VOTE: Voted No: Terminally Ill Adults (End of Life) Bill: Amendment 77 [0: Assisted dying bill amendment; effect unclear from title alone.] | 2025-06-20 VOTE: Voted Aye: Terminally Ill Adults (End of Life) Bill: Amendment 12 [0: Assisted dying bill amendment; effect unclear from title alone.] | 2025-06-20 VOTE: Voted Aye: Terminally Ill Adults (End of Life) Bill: Amendment 24 [0: Assisted dying bill amendment; effect unclear from title alone.] | 2025-06-20 VOTE: Voted Aye: Terminally Ill Adults (End of Life) Bill: New Clause 16 [0: Assisted dying bill new clause; effect unclear from title alone.] | 2025-06-13 VOTE: Voted Aye: Terminally Ill Adults (End of Life) Bill: New Clause 2 [0: Assisted dying bill amendment; effect unclear from title alone.] | 2025-06-13 VOTE: Voted Aye: Terminally Ill Adults (End of Life) Bill: New Clause 1 [0: New Clause on end of life bill, effect unclear from title alone.] | 2025-06-13 VOTE: Voted Aye: Terminally Ill Adults (End of Life) Bill: Amendment (b) to New Clause 14 [0: Amendment to end of life bill, effect unclear from title alone.] | 2025-05-16 VOTE: Voted Aye: Terminally Ill Adults (End of Life) Bill Report Stage: Amendment (a) to New Clause 10 [0: Amendment to end of life bill, effect unclear from title alone.] | 2024-11-29 VOTE: Voted No: Terminally Ill Adults (End of Life) Bill: Second Reading [++: Voted against assisted dying bill's second reading, aligning with opposition to assisted dying.]"
"Katrina Murray (Labour, Cumbernauld and Kirkintilloch)",1,,,,,,"2025-06-20 VOTE: Voted No: Terminally Ill Adults (End of Life) Bill: Third Reading [++: Voted against assisted dying bill at Third Reading, aligning with CitizenGO's opposition.] | 2025-06-20 VOTE: Voted No: Terminally Ill Adults (End of Life) Bill: Amendment 94 [0: Assisted dying bill amendment; effect unclear from title alone.] | 2025-06-20 VOTE: Voted No: Terminally Ill Adults (End of Life) Bill: Amendment 77 [0: Assisted dying bill amendment; effect unclear from title alone.] | 2025-06-20 VOTE: Voted Aye: Terminally Ill Adults (End of Life) Bill: Amendment 12 [0: Assisted dying bill amendment; effect unclear from title alone.] | 2025-06-20 VOTE: Voted Aye: Terminally Ill Adults (End of Life) Bill: Amendment 24 [0: Assisted dying bill amendment; effect unclear from title alone.] | 2025-06-20 VOTE: Voted Aye: Terminally Ill Adults (End of Life) Bill: New Clause 16 [0: Assisted dying bill new clause; effect unclear from title alone.] | 2025-06-13 VOTE: Voted Aye: Terminally Ill Adults (End of Life) Bill: New Clause 2 [0: Assisted dying bill amendment; effect unclear from title alone.] | 2025-06-13 VOTE: Voted Aye: Terminally Ill Adults (End of Life) Bill: New Clause 1 [0: New Clause on end of life bill, effect unclear from title alone.] | 2025-06-13 VOTE: Voted Aye: Terminally Ill Adults (End of Life) Bill: Amendment (b) to New Clause 14 [0: Amendment to end of life bill, effect unclear from title alone.] | 2025-05-16 VOTE: Voted Aye: Terminally Ill Adults (End of Life) Bill Report Stage: Amendment (a) to New Clause 10 [0: Amendment to end of life bill, effect unclear from title alone.] | 2024-11-29 VOTE: Voted No: Terminally Ill Adults (End of Life) Bill: Second Reading [++: Voted against assisted dying bill's second reading, aligning with opposition to assisted dying.]"
"Kirsteen Sullivan (Labour (Co-op), Bathgate and Linlithgow)",1,,,,,,"2025-06-20 VOTE: Voted No: Terminally Ill Adults (End of Life) Bill: Third Reading [++: Voted against assisted dying bill at Third Reading, aligning with CitizenGO's opposition.] | 2025-06-20 VOTE: Voted No: Terminally Ill Adults (End of Life) Bill: Amendment 94 [0: Assisted dying bill amendment; effect unclear from title alone.] | 2025-06-20 VOTE: Voted No: Terminally Ill Adults (End of Life) Bill: Amendment 77 [0: Assisted dying bill amendment; effect unclear from title alone.] | 2025-06-20 VOTE: Voted Aye: Terminally Ill Adults (End of Life) Bill: Amendment 12 [0: Assisted dying bill amendment; effect unclear from title alone.] | 2025-06-20 VOTE: Voted Aye: Terminally Ill Adults (End of Life) Bill: Amendment 24 [0: Assisted dying bill amendment; effect unclear from title alone.] | 2025-06-20 VOTE: Voted Aye: Terminally Ill Adults (End of Life) Bill: New Clause 16 [0: Assisted dying bill new clause; effect unclear from title alone.] | 2025-06-13 VOTE: Voted Aye: Terminally Ill Adults (End of Life) Bill: New Clause 2 [0: Assisted dying bill amendment; effect unclear from title alone.] | 2025-06-13 VOTE: Voted Aye: Terminally Ill Adults (End of Life) Bill: New Clause 1 [0: New Clause on end of life bill, effect unclear from title alone.] | 2025-06-13 VOTE: Voted Aye: Terminally Ill Adults (End of Life) Bill: Amendment (b) to New Clause 14 [0: Amendment to end of life bill, effect unclear from title alone.] | 2025-05-16 VOTE: Voted Aye: Terminally Ill Adults (End of Life) Bill Report Stage: Amendment (a) to New Clause 10 [0: Amendment to end of life bill, effect unclear from title alone.] | 2024-11-29 VOTE: Voted No: Terminally Ill Adults (End of Life) Bill: Second Reading [++: Voted against assisted dying bill's second reading, aligning with opposition to assisted dying.]"
"Laurence Turner (Labour, Birmingham Northfield)",1,,,,,,"2025-06-20 VOTE: Voted No: Terminally Ill Adults (End of Life) Bill: Third Reading [++: Voted against assisted dying bill at Third Reading, aligning with CitizenGO's opposition.] | 2025-06-20 VOTE: Voted No: Terminally Ill Adults (End of Life) Bill: Amendment 94 [0: Assisted dying bill amendment; effect unclear from title alone.] | 2025-06-20 VOTE: Voted No: Terminally Ill Adults (End of Life) Bill: Amendment 77 [0: Assisted dying bill amendment; effect unclear from title alone.] | 2025-06-20 VOTE: Voted Aye: Terminally Ill Adults (End of Life) Bill: Amendment 12 [0: Assisted dying bill amendment; effect unclear from title alone.] | 2025-06-20 VOTE: Voted Aye: Terminally Ill Adults (End of Life) Bill: Amendment 24 [0: Assisted dying bill amendment; effect unclear from title alone.] | 2025-06-20 VOTE: Voted Aye: Terminally Ill Adults (End of Life) Bill: New Clause 16 [0: Assisted dying bill new clause; effect unclear from title alone.] | 2025-06-13 VOTE: Voted Aye: Terminally Ill Adults (End of Life) Bill: New Clause 2 [0: Assisted dying bill amendment; effect unclear from title alone.] | 2025-06-13 VOTE: Voted Aye: Terminally Ill Adults (End of Life) Bill: New Clause 1 [0: New Clause on end of life bill, effect unclear from title alone.] | 2025-06-13 VOTE: Voted Aye: Terminally Ill Adults (End of Life) Bill: Amendment (b) to New Clause 14 [0: Amendment to end of life bill, effect unclear from title alone.] | 2025-05-16 VOTE: Voted Aye: Terminally Ill Adults (End of Life) Bill Report Stage: Amendment (a) to New Clause 10 [0: Amendment to end of life bill, effect unclear from title alone.] | 2024-11-29 VOTE: Voted No: Terminally Ill Adults (End of Life) Bill: Second Reading [++: Voted against assisted dying bill's second reading, aligning with opposition to assisted dying.]"
"Lee Anderson (Reform UK, Ashfield)",1,,,,,,"CONFLICTING SIGNALS - review all evidence | 2025-06-20 VOTE: Voted No: Terminally Ill Adults (End of Life) Bill: Third Reading [++: Voted against assisted dying bill at Third Reading, aligning with CitizenGO's opposition.] | 2025-06-20 VOTE: Voted No: Terminally Ill Adults (End of Life) Bill: Amendment 94 [0: Assisted dying bill amendment; effect unclear from title alone.] | 2025-06-20 VOTE: Voted No: Terminally Ill Adults (End of Life) Bill: Amendment 77 [0: Assisted dying bill amendment; effect unclear from title alone.] | 2025-06-20 VOTE: Voted Aye: Terminally Ill Adults (End of Life) Bill: Amendment 12 [0: Assisted dying bill amendment; effect unclear from title alone.] | 2025-06-20 VOTE: Voted Aye: Terminally Ill Adults (End of Life) Bill: Amendment 24 [0: Assisted dying bill amendment; effect unclear from title alone.] | 2025-06-20 VOTE: Voted Aye: Terminally Ill Adults (End of Life) Bill: New Clause 16 [0: Assisted dying bill new clause; effect unclear from title alone.] | 2025-06-13 VOTE: Voted Aye: Terminally Ill Adults (End of Life) Bill: New Clause 2 [0: Assisted dying bill amendment; effect unclear from title alone.] | 2025-06-13 VOTE: Voted Aye: Terminally Ill Adults (End of Life) Bill: New Clause 1 [0: New Clause on end of life bill, effect unclear from title alone.] | 2025-06-13 VOTE: Voted Aye: Terminally Ill Adults (End of Life) Bill: Amendment (b) to New Clause 14 [0: Amendment to end of life bill, effect unclear from title alone.] | 2025-05-16 VOTE: Voted Aye: Terminally Ill Adults (End of Life) Bill Report Stage: Amendment (a) to New Clause 10 [0: Amendment to end of life bill, effect unclear from title alone.] | 2024-11-29 VOTE: Voted Aye: Terminally Ill Adults (End of Life) Bill: Second Reading [--: Voted for assisted dying bill's second reading, directly opposing CitizenGO's stance against assisted dying.]"
"Lewis Cocking (Conservative, Broxbourne)",1,,,,,,"2025-06-20 VOTE: Voted No: Terminally Ill Adults (End of Life) Bill: Third Reading [++: Voted against assisted dying bill at Third Reading, aligning with CitizenGO's opposition.] | 2025-06-20 VOTE: Voted No: Terminally Ill Adults (End of Life) Bill: Amendment 94 [0: Assisted dying bill amendment; effect unclear from title alone.] | 2025-06-20 VOTE: Voted No: Terminally Ill Adults (End of Life) Bill: Amendment 77 [0: Assisted dying bill amendment; effect unclear from title alone.] | 2025-06-20 VOTE: Voted Aye: Terminally Ill Adults (End of Life) Bill: Amendment 12 [0: Assisted dying bill amendment; effect unclear from title alone.] | 2025-06-20 VOTE: Voted Aye: Terminally Ill Adults (End of Life) Bill: Amendment 24 [0: Assisted dying bill amendment; effect unclear from title alone.] | 2025-06-20 VOTE: Voted Aye: Terminally Ill Adults (End of Life) Bill: New Clause 16 [0: Assisted dying bill new clause; effect unclear from title alone.] | 2025-06-13 VOTE: Voted Aye: Terminally Ill Adults (End of Life) Bill: New Clause 2 [0: Assisted dying bill amendment; effect unclear from title alone.] | 2025-06-13 VOTE: Voted Aye: Terminally Ill Adults (End of Life) Bill: New Clause 1 [0: New Clause on end of life bill, effect unclear from title alone.] | 2025-06-13 VOTE: Voted Aye: Terminally Ill Adults (End of Life) Bill: Amendment (b) to New Clause 14 [0: Amendment to end of life bill, effect unclear from title alone.] | 2025-05-16 VOTE: Voted Aye: Terminally Ill Adults (End of Life) Bill Report Stage: Amendment (a) to New Clause 10 [0: Amendment to end of life bill, effect unclear from title alone.] | 2024-11-29 VOTE: Voted No: Terminally Ill Adults (End of Life) Bill: Second Reading [++: Voted against assisted dying bill's second reading, aligning with opposition to assisted dying.]"
"Liam Conlon (Labour, Beckenham and Penge)",1,,,,,,"2025-06-20 VOTE: Voted No: Terminally Ill Adults (End of Life) Bill: Third Reading [++: Voted against assisted dying bill at Third Reading, aligning with CitizenGO's opposition.] | 2025-06-20 VOTE: Voted No: Terminally Ill Adults (End of Life) Bill: Amendment 94 [0: Assisted dying bill amendment; effect unclear from title alone.] | 2025-06-20 VOTE: Voted No: Terminally Ill Adults (End of Life) Bill: Amendment 77 [0: Assisted dying bill amendment; effect unclear from title alone.] | 2025-06-20 VOTE: Voted Aye: Terminally Ill Adults (End of Life) Bill: Amendment 12 [0: Assisted dying bill amendment; effect unclear from title alone.] | 2025-06-20 VOTE: Voted Aye: Terminally Ill Adults (End of Life) Bill: Amendment 24 [0: Assisted dying bill amendment; effect unclear from title alone.] | 2025-06-20 VOTE: Voted Aye: Terminally Ill Adults (End of Life) Bill: New Clause 16 [0: Assisted dying bill new clause; effect unclear from title alone.] | 2025-06-13 VOTE: Voted Aye: Terminally Ill Adults (End of Life) Bill: New Clause 2 [0: Assisted dying bill amendment; effect unclear from title alone.] | 2025-06-13 VOTE: Voted Aye: Terminally Ill Adults (End of Life) Bill: New Clause 1 [0: New Clause on end of life bill, effect unclear from title alone.] | 2025-06-13 VOTE: Voted Aye: Terminally Ill Adults (End of Life) Bill: Amendment (b) to New Clause 14 [0: Amendment to end of life bill, effect unclear from title alone.] | 2025-05-16 VOTE: Voted Aye: Terminally Ill Adults (End of Life) Bill Report Stage: Amendment (a) to New Clause 10 [0: Amendment to end of life bill, effect unclear from title alone.] | 2024-11-29 VOTE: Voted No: Terminally Ill Adults (End of Life) Bill: Second Reading [++: Voted against assisted dying bill's second reading, aligning with opposition to assisted dying.]"
"Lillian Jones (Labour, Kilmarnock and Loudoun)",1,,,,,,"2025-06-20 VOTE: Voted No: Terminally Ill Adults (End of Life) Bill: Third Reading [++: Voted against assisted dying bill at Third Reading, aligning with CitizenGO's opposition.] | 2025-06-20 VOTE: Voted No: Terminally Ill Adults (End of Life) Bill: Amendment 94 [0: Assisted dying bill amendment; effect unclear from title alone.] | 2025-06-20 VOTE: Voted No: Terminally Ill Adults (End of Life) Bill: Amendment 77 [0: Assisted dying bill amendment; effect unclear from title alone.] | 2025-06-20 VOTE: Voted Aye: Terminally Ill Adults (End of Life) Bill: Amendment 12 [0: Assisted dying bill amendment; effect unclear from title alone.] | 2025-06-20 VOTE: Voted Aye: Terminally Ill Adults (End of Life) Bill: Amendment 24 [0: Assisted dying bill amendment; effect unclear from title alone.] | 2025-06-20 VOTE: Voted Aye: Terminally Ill Adults (End of Life) Bill: New Clause 16 [0: Assisted dying bill new clause; effect unclear from title alone.] | 2025-06-13 VOTE: Voted Aye: Terminally Ill Adults (End of Life) Bill: New Clause 2 [0: Assisted dying bill amendment; effect unclear from title alone.] | 2025-06-13 VOTE: Voted Aye: Terminally Ill Adults (End of Life) Bill: New Clause 1 [0: New Clause on end of life bill, effect unclear from title alone.] | 2025-06-13 VOTE: Voted Aye: Terminally Ill Adults (End of Life) Bill: Amendment (b) to New Clause 14 [0: Amendment to end of life bill, effect unclear from title alone.] | 2025-05-16 VOTE: Voted Aye: Terminally Ill Adults (End of Life) Bill Report Stage: Amendment (a) to New Clause 10 [0: Amendment to end of life bill, effect unclear from title alone.] | 2024-11-29 VOTE: Voted No: Terminally Ill Adults (End of Life) Bill: Second Reading [++: Voted against assisted dying bill's second reading, aligning with opposition to assisted dying.]"
"Margaret Mullane (Labour, Dagenham and Rainham)",1,,,,,,"2025-06-20 VOTE: Voted No: Terminally Ill Adults (End of Life) Bill: Third Reading [++: Voted against assisted dying bill at Third Reading, aligning with CitizenGO's opposition.] | 2025-06-20 VOTE: Voted No: Terminally Ill Adults (End of Life) Bill: Amendment 94 [0: Assisted dying bill amendment; effect unclear from title alone.] | 2025-06-20 VOTE: Voted No: Terminally Ill Adults (End of Life) Bill: Amendment 77 [0: Assisted dying bill amendment; effect unclear from title alone.] | 2025-06-20 VOTE: Voted Aye: Terminally Ill Adults (End of Life) Bill: Amendment 12 [0: Assisted dying bill amendment; effect unclear from title alone.] | 2025-06-20 VOTE: Voted Aye: Terminally Ill Adults (End of Life) Bill: Amendment 24 [0: Assisted dying bill amendment; effect unclear from title alone.] | 2025-06-20 VOTE: Voted Aye: Terminally Ill Adults (End of Life) Bill: New Clause 16 [0: Assisted dying bill new clause; effect unclear from title alone.] | 2025-06-13 VOTE: Voted Aye: Terminally Ill Adults (End of Life) Bill: New Clause 2 [0: Assisted dying bill amendment; effect unclear from title alone.] | 2025-06-13 VOTE: Voted Aye: Terminally Ill Adults (End of Life) Bill: New Clause 1 [0: New Clause on end of life bill, effect unclear from title alone.] | 2025-06-13 VOTE: Voted Aye: Terminally Ill Adults (End of Life) Bill: Amendment (b) to New Clause 14 [0: Amendment to end of life bill, effect unclear from title alone.] | 2025-05-16 VOTE: Voted Aye: Terminally Ill Adults (End of Life) Bill Report Stage: Amendment (a) to New Clause 10 [0: Amendment to end of life bill, effect unclear from title alone.] | 2024-11-29 VOTE: Voted No: Terminally Ill Adults (End of Life) Bill: Second Reading [++: Voted against assisted dying bill's second reading, aligning with opposition to assisted dying.]"
"Mark Pritchard (Conservative, The Wrekin)",1,,,,,,"2025-06-20 VOTE: Voted No: Terminally Ill Adults (End of Life) Bill: Third Reading [++: Voted against assisted dying bill at Third Reading, aligning with CitizenGO's opposition.] | 2025-06-20 VOTE: Voted No: Terminally Ill Adults (End of Life) Bill: Amendment 94 [0: Assisted dying bill amendment; effect unclear from title alone.] | 2025-06-20 VOTE: Voted No: Terminally Ill Adults (End of Life) Bill: Amendment 77 [0: Assisted dying bill amendment; effect unclear from title alone.] | 2025-06-20 VOTE: Voted Aye: Terminally Ill Adults (End of Life) Bill: Amendment 12 [0: Assisted dying bill amendment; effect unclear from title alone.] | 2025-06-20 VOTE: Voted Aye: Terminally Ill Adults (End of Life) Bill: Amendment 24 [0: Assisted dying bill amendment; effect unclear from title alone.] | 2025-06-20 VOTE: Voted Aye: Terminally Ill Adults (End of Life) Bill: New Clause 16 [0: Assisted dying bill new clause; effect unclear from title alone.] | 2025-06-13 VOTE: Voted Aye: Terminally Ill Adults (End of Life) Bill: New Clause 2 [0: Assisted dying bill amendment; effect unclear from title alone.] | 2025-06-13 VOTE: Voted Aye: Terminally Ill Adults (End of Life) Bill: New Clause 1 [0: New Clause on end of life bill, effect unclear from title alone.] | 2025-06-13 VOTE: Voted Aye: Terminally Ill Adults (End of Life) Bill: Amendment (b) to New Clause 14 [0: Amendment to end of life bill, effect unclear from title alone.] | 2025-05-16 VOTE: Voted Aye: Terminally Ill Adults (End of Life) Bill Report Stage: Amendment (a) to New Clause 10 [0: Amendment to end of life bill, effect unclear from title alone.] | 2024-11-29 VOTE: Voted No: Terminally Ill Adults (End of Life) Bill: Second Reading [++: Voted against assisted dying bill's second reading, aligning with opposition to assisted dying.]"
"Markus Campbell-Savours (Labour, Penrith and Solway)",1,,,,,,"CONFLICTING SIGNALS - review all evidence | 2025-06-20 VOTE: Voted No: Terminally Ill Adults (End of Life) Bill: Third Reading [++: Voted against assisted dying bill at Third Reading, aligning with CitizenGO's opposition.] | 2025-06-20 VOTE: Voted No: Terminally Ill Adults (End of Life) Bill: Amendment 94 [0: Assisted dying bill amendment; effect unclear from title alone.] | 2025-06-20 VOTE: Voted No: Terminally Ill Adults (End of Life) Bill: Amendment 77 [0: Assisted dying bill amendment; effect unclear from title alone.] | 2025-06-20 VOTE: Voted Aye: Terminally Ill Adults (End of Life) Bill: Amendment 12 [0: Assisted dying bill amendment; effect unclear from title alone.] | 2025-06-20 VOTE: Voted Aye: Terminally Ill Adults (End of Life) Bill: Amendment 24 [0: Assisted dying bill amendment; effect unclear from title alone.] | 2025-06-20 VOTE: Voted Aye: Terminally Ill Adults (End of Life) Bill: New Clause 16 [0: Assisted dying bill new clause; effect unclear from title alone.] | 2025-06-13 VOTE: Voted Aye: Terminally Ill Adults (End of Life) Bill: New Clause 2 [0: Assisted dying bill amendment; effect unclear from title alone.] | 2025-06-13 VOTE: Voted Aye: Terminally Ill Adults (End of Life) Bill: New Clause 1 [0: New Clause on end of life bill, effect unclear from title alone.] | 2025-06-13 VOTE: Voted Aye: Terminally Ill Adults (End of Life) Bill: Amendment (b) to New Clause 14 [0: Amendment to end of life bill, effect unclear from title alone.] | 2025-05-16 VOTE: Voted Aye: Terminally Ill Adults (End of Life) Bill Report Stage: Amendment (a) to New Clause 10 [0: Amendment to end of life bill, effect unclear from title alone.] | 2024-11-29 VOTE: Voted Aye: Terminally Ill Adults (End of Life) Bill: Second Reading [--: Voted for assisted dying bill's second reading, directly opposing CitizenGO's stance against assisted dying.]"
"Martin McCluskey (Labour, Inverclyde and Renfrewshire West)",1,,,,,,"2025-06-20 VOTE: Voted No: Terminally Ill Adults (End of Life) Bill: Third Reading [++: Voted against assisted dying bill at Third Reading, aligning with CitizenGO's opposition.] | 2025-06-20 VOTE: Voted No: Terminally Ill Adults (End of Life) Bill: Amendment 94 [0: Assisted dying bill amendment; effect unclear from title alone.] | 2025-06-20 VOTE: Voted No: Terminally Ill Adults (End of Life) Bill: Amendment 77 [0: Assisted dying bill amendment; effect unclear from title alone.] | 2025-06-20 VOTE: Voted Aye: Terminally Ill Adults (End of Life) Bill: Amendment 12 [0: Assisted dying bill amendment; effect unclear from title alone.] | 2025-06-20 VOTE: Voted Aye: Terminally Ill Adults (End of Life) Bill: Amendment 24 [0: Assisted dying bill amendment; effect unclear from title alone.] | 2025-06-20 VOTE: Voted Aye: Terminally Ill Adults (End of Life) Bill: New Clause 16 [0: Assisted dying bill new clause; effect unclear from title alone.] | 2025-06-13 VOTE: Voted Aye: Terminally Ill Adults (End of Life) Bill: New Clause 2 [0: Assisted dying bill amendment; effect unclear from title alone.] | 2025-06-13 VOTE: Voted Aye: Terminally Ill Adults (End of Life) Bill: New Clause 1 [0: New Clause on end of life bill, effect unclear from title alone.] | 2025-06-13 VOTE: Voted Aye: Terminally Ill Adults (End of Life) Bill: Amendment (b) to New Clause 14 [0: Amendment to end of life bill, effect unclear from title alone.] | 2025-05-16 VOTE: Voted Aye: Terminally Ill Adults (End of Life) Bill Report Stage: Amendment (a) to New Clause 10 [0: Amendment to end of life bill, effect unclear from title alone.] | 2024-11-29 VOTE: Voted No: Terminally Ill Adults (End of Life) Bill: Second Reading [++: Voted against assisted dying bill's second reading, aligning with opposition to assisted dying.]"
"Martin Vickers (Conservative, Brigg and Immingham)",1,,,,,,"2025-06-20 VOTE: Voted No: Terminally Ill Adults (End of Life) Bill: Third Reading [++: Voted against assisted dying bill at Third Reading, aligning with CitizenGO's opposition.] | 2025-06-20 VOTE: Voted No: Terminally Ill Adults (End of Life) Bill: Amendment 94 [0: Assisted dying bill amendment; effect unclear from title alone.] | 2025-06-20 VOTE: Voted No: Terminally Ill Adults (End of Life) Bill: Amendment 77 [0: Assisted dying bill amendment; effect unclear from title alone.] | 2025-06-20 VOTE: Voted Aye: Terminally Ill Adults (End of Life) Bill: Amendment 12 [0: Assisted dying bill amendment; effect unclear from title alone.] | 2025-06-20 VOTE: Voted Aye: Terminally Ill Adults (End of Life) Bill: Amendment 24 [0: Assisted dying bill amendment; effect unclear from title alone.] | 2025-06-20 VOTE: Voted Aye: Terminally Ill Adults (End of Life) Bill: New Clause 16 [0: Assisted dying bill new clause; effect unclear from title alone.] | 2025-06-13 VOTE: Voted Aye: Terminally Ill Adults (End of Life) Bill: New Clause 2 [0: Assisted dying bill amendment; effect unclear from title alone.] | 2025-06-13 VOTE: Voted Aye: Terminally Ill Adults (End of Life) Bill: New Clause 1 [0: New Clause on end of life bill, effect unclear from title alone.] | 2025-06-13 VOTE: Voted Aye: Terminally Ill Adults (End of Life) Bill: Amendment (b) to New Clause 14 [0: Amendment to end of life bill, effect unclear from title alone.] | 2025-05-16 VOTE: Voted Aye: Terminally Ill Adults (End of Life) Bill Report Stage: Amendment (a) to New Clause 10 [0: Amendment to end of life bill, effect unclear from title alone.] | 2024-11-29 VOTE: Voted No: Terminally Ill Adults (End of Life) Bill: Second Reading [++: Voted against assisted dying bill's second reading, aligning with opposition to assisted dying.]"
"Mary Creagh (Labour, Coventry East)",1,,,,,,"2025-06-20 VOTE: Voted No: Terminally Ill Adults (End of Life) Bill: Third Reading [++: Voted against assisted dying bill at Third Reading, aligning with CitizenGO's opposition.] | 2025-06-20 VOTE: Voted No: Terminally Ill Adults (End of Life) Bill: Amendment 94 [0: Assisted dying bill amendment; effect unclear from title alone.] | 2025-06-20 VOTE: Voted No: Terminally Ill Adults (End of Life) Bill: Amendment 77 [0: Assisted dying bill amendment; effect unclear from title alone.] | 2025-06-20 VOTE: Voted Aye: Terminally Ill Adults (End of Life) Bill: Amendment 12 [0: Assisted dying bill amendment; effect unclear from title alone.] | 2025-06-20 VOTE: Voted Aye: Terminally Ill Adults (End of Life) Bill: Amendment 24 [0: Assisted dying bill amendment; effect unclear from title alone.] | 2025-06-20 VOTE: Voted Aye: Terminally Ill Adults (End of Life) Bill: New Clause 16 [0: Assisted dying bill new clause; effect unclear from title alone.] | 2025-06-13 VOTE: Voted Aye: Terminally Ill Adults (End of Life) Bill: New Clause 2 [0: Assisted dying bill amendment; effect unclear from title alone.] | 2025-06-13 VOTE: Voted Aye: Terminally Ill Adults (End of Life) Bill: New Clause 1 [0: New Clause on end of life bill, effect unclear from title alone.] | 2025-06-13 VOTE: Voted Aye: Terminally Ill Adults (End of Life) Bill: Amendment (b) to New Clause 14 [0: Amendment to end of life bill, effect unclear from title alone.] | 2025-05-16 VOTE: Voted Aye: Terminally Ill Adults (End of Life) Bill Report Stage: Amendment (a) to New Clause 10 [0: Amendment to end of life bill, effect unclear from title alone.] | 2024-11-29 VOTE: Voted No: Terminally Ill Adults (End of Life) Bill: Second Reading [++: Voted against assisted dying bill's second reading, aligning with opposition to assisted dying.]"
"Matt Rodda (Labour, Reading Central)",1,,,,,,"2025-06-20 VOTE: Voted No: Terminally Ill Adults (End of Life) Bill: Third Reading [++: Voted against assisted dying bill at Third Reading, aligning with CitizenGO's opposition.] | 2025-06-20 VOTE: Voted No: Terminally Ill Adults (End of Life) Bill: Amendment 94 [0: Assisted dying bill amendment; effect unclear from title alone.] | 2025-06-20 VOTE: Voted No: Terminally Ill Adults (End of Life) Bill: Amendment 77 [0: Assisted dying bill amendment; effect unclear from title alone.] | 2025-06-20 VOTE: Voted Aye: Terminally Ill Adults (End of Life) Bill: Amendment 12 [0: Assisted dying bill amendment; effect unclear from title alone.] | 2025-06-20 VOTE: Voted Aye: Terminally Ill Adults (End of Life) Bill: Amendment 24 [0: Assisted dying bill amendment; effect unclear from title alone.] | 2025-06-20 VOTE: Voted Aye: Terminally Ill Adults (End of Life) Bill: New Clause 16 [0: Assisted dying bill new clause; effect unclear from title alone.] | 2025-06-13 VOTE: Voted Aye: Terminally Ill Adults (End of Life) Bill: New Clause 2 [0: Assisted dying bill amendment; effect unclear from title alone.] | 2025-06-13 VOTE: Voted Aye: Terminally Ill Adults (End of Life) Bill: New Clause 1 [0: New Clause on end of life bill, effect unclear from title alone.] | 2025-06-13 VOTE: Voted Aye: Terminally Ill Adults (End of Life) Bill: Amendment (b) to New Clause 14 [0: Amendment to end of life bill, effect unclear from title alone.] | 2025-05-16 VOTE: Voted Aye: Terminally Ill Adults (End of Life) Bill Report Stage: Amendment (a) to New Clause 10 [0: Amendment to end of life bill, effect unclear from title alone.] | 2024-11-29 VOTE: Voted No: Terminally Ill Adults (End of Life) Bill: Second Reading [++: Voted against assisted dying bill's second reading, aligning with opposition to assisted dying.]"
"Matt Vickers (Conservative, Stockton West)",1,,,,,,"2025-06-20 VOTE: Voted No: Terminally Ill Adults (End of Life) Bill: Third Reading [++: Voted against assisted dying bill at Third Reading, aligning with CitizenGO's opposition.] | 2025-06-20 VOTE: Voted No: Terminally Ill Adults (End of Life) Bill: Amendment 94 [0: Assisted dying bill amendment; effect unclear from title alone.] | 2025-06-20 VOTE: Voted No: Terminally Ill Adults (End of Life) Bill: Amendment 77 [0: Assisted dying bill amendment; effect unclear from title alone.] | 2025-06-20 VOTE: Voted Aye: Terminally Ill Adults (End of Life) Bill: Amendment 12 [0: Assisted dying bill amendment; effect unclear from title alone.] | 2025-06-20 VOTE: Voted Aye: Terminally Ill Adults (End of Life) Bill: Amendment 24 [0: Assisted dying bill amendment; effect unclear from title alone.] | 2025-06-20 VOTE: Voted Aye: Terminally Ill Adults (End of Life) Bill: New Clause 16 [0: Assisted dying bill new clause; effect unclear from title alone.] | 2025-06-13 VOTE: Voted Aye: Terminally Ill Adults (End of Life) Bill: New Clause 2 [0: Assisted dying bill amendment; effect unclear from title alone.] | 2025-06-13 VOTE: Voted Aye: Terminally Ill Adults (End of Life) Bill: New Clause 1 [0: New Clause on end of life bill, effect unclear from title alone.] | 2025-06-13 VOTE: Voted Aye: Terminally Ill Adults (End of Life) Bill: Amendment (b) to New Clause 14 [0: Amendment to end of life bill, effect unclear from title alone.] | 2025-05-16 VOTE: Voted Aye: Terminally Ill Adults (End of Life) Bill Report Stage: Amendment (a) to New Clause 10 [0: Amendment to end of life bill, effect unclear from title alone.] | 2024-11-29 VOTE: Voted No: Terminally Ill Adults (End of Life) Bill: Second Reading [++: Voted against assisted dying bill's second reading, aligning with opposition to assisted dying.]"
"Maya Ellis (Labour, Ribble Valley)",1,,,,,,"2025-06-20 VOTE: Voted No: Terminally Ill Adults (End of Life) Bill: Third Reading [++: Voted against assisted dying bill at Third Reading, aligning with CitizenGO's opposition.] | 2025-06-20 VOTE: Voted No: Terminally Ill Adults (End of Life) Bill: Amendment 94 [0: Assisted dying bill amendment; effect unclear from title alone.] | 2025-06-20 VOTE: Voted No: Terminally Ill Adults (End of Life) Bill: Amendment 77 [0: Assisted dying bill amendment; effect unclear from title alone.] | 2025-06-20 VOTE: Voted Aye: Terminally Ill Adults (End of Life) Bill: Amendment 12 [0: Assisted dying bill amendment; effect unclear from title alone.] | 2025-06-20 VOTE: Voted Aye: Terminally Ill Adults (End of Life) Bill: Amendment 24 [0: Assisted dying bill amendment; effect unclear from title alone.] | 2025-06-20 VOTE: Voted Aye: Terminally Ill Adults (End of Life) Bill: New Clause 16 [0: Assisted dying bill new clause; effect unclear from title alone.] | 2025-06-13 VOTE: Voted Aye: Terminally Ill Adults (End of Life) Bill: New Clause 2 [0: Assisted dying bill amendment; effect unclear from title alone.] | 2025-06-13 VOTE: Voted Aye: Terminally Ill Adults (End of Life) Bill: New Clause 1 [0: New Clause on end of life bill, effect unclear from title alone.] | 2025-06-13 VOTE: Voted Aye: Terminally Ill Adults (End of Life) Bill: Amendment (b) to New Clause 14 [0: Amendment to end of life bill, effect unclear from title alone.] | 2025-05-16 VOTE: Voted Aye: Terminally Ill Adults (End of Life) Bill Report Stage: Amendment (a) to New Clause 10 [0: Amendment to end of life bill, effect unclear from title alone.] | 2024-11-29 VOTE: Voted No: Terminally Ill Adults (End of Life) Bill: Second Reading [++: Voted against assisted dying bill's second reading, aligning with opposition to assisted dying.]"
"Melanie Ward (Labour, Cowdenbeath and Kirkcaldy)",1,,,,,,"2025-06-20 VOTE: Voted No: Terminally Ill Adults (End of Life) Bill: Third Reading [++: Voted against assisted dying bill at Third Reading, aligning with CitizenGO's opposition.] | 2025-06-20 VOTE: Voted No: Terminally Ill Adults (End of Life) Bill: Amendment 94 [0: Assisted dying bill amendment; effect unclear from title alone.] | 2025-06-20 VOTE: Voted No: Terminally Ill Adults (End of Life) Bill: Amendment 77 [0: Assisted dying bill amendment; effect unclear from title alone.] | 2025-06-20 VOTE: Voted Aye: Terminally Ill Adults (End of Life) Bill: Amendment 12 [0: Assisted dying bill amendment; effect unclear from title alone.] | 2025-06-20 VOTE: Voted Aye: Terminally Ill Adults (End of Life) Bill: Amendment 24 [0: Assisted dying bill amendment; effect unclear from title alone.] | 2025-06-20 VOTE: Voted Aye: Terminally Ill Adults (End of Life) Bill: New Clause 16 [0: Assisted dying bill new clause; effect unclear from title alone.] | 2025-06-13 VOTE: Voted Aye: Terminally Ill Adults (End of Life) Bill: New Clause 2 [0: Assisted dying bill amendment; effect unclear from title alone.] | 2025-06-13 VOTE: Voted Aye: Terminally Ill Adults (End of Life) Bill: New Clause 1 [0: New Clause on end of life bill, effect unclear from title alone.] | 2025-06-13 VOTE: Voted Aye: Terminally Ill Adults (End of Life) Bill: Amendment (b) to New Clause 14 [0: Amendment to end of life bill, effect unclear from title alone.] | 2025-05-16 VOTE: Voted Aye: Terminally Ill Adults (End of Life) Bill Report Stage: Amendment (a) to New Clause 10 [0: Amendment to end of life bill, effect unclear from title alone.] | 2024-11-29 VOTE: Voted No: Terminally Ill Adults (End of Life) Bill: Second Reading [++: Voted against assisted dying bill's second reading, aligning with opposition to assisted dying.]"
"Mike Kane (Labour, Wythenshawe and Sale East)",1,,,,,,"2025-06-20 VOTE: Voted No: Terminally Ill Adults (End of Life) Bill: Third Reading [++: Voted against assisted dying bill at Third Reading, aligning with CitizenGO's opposition.] | 2025-06-20 VOTE: Voted No: Terminally Ill Adults (End of Life) Bill: Amendment 94 [0: Assisted dying bill amendment; effect unclear from title alone.] | 2025-06-20 VOTE: Voted No: Terminally Ill Adults (End of Life) Bill: Amendment 77 [0: Assisted dying bill amendment; effect unclear from title alone.] | 2025-06-20 VOTE: Voted Aye: Terminally Ill Adults (End of Life) Bill: Amendment 12 [0: Assisted dying bill amendment; effect unclear from title alone.] | 2025-06-20 VOTE: Voted Aye: Terminally Ill Adults (End of Life) Bill: Amendment 24 [0: Assisted dying bill amendment; effect unclear from title alone.] | 2025-06-20 VOTE: Voted Aye: Terminally Ill Adults (End of Life) Bill: New Clause 16 [0: Assisted dying bill new clause; effect unclear from title alone.] | 2025-06-13 VOTE: Voted Aye: Terminally Ill Adults (End of Life) Bill: New Clause 2 [0: Assisted dying bill amendment; effect unclear from title alone.] | 2025-06-13 VOTE: Voted Aye: Terminally Ill Adults (End of Life) Bill: New Clause 1 [0: New Clause on end of life bill, effect unclear from title alone.] | 2025-06-13 VOTE: Voted Aye: Terminally Ill Adults (End of Life) Bill: Amendment (b) to New Clause 14 [0: Amendment to end of life bill, effect unclear from title alone.] | 2025-05-16 VOTE: Voted Aye: Terminally Ill Adults (End of Life) Bill Report Stage: Amendment (a) to New Clause 10 [0: Amendment to end of life bill, effect unclear from title alone.] | 2024-11-29 VOTE: Voted No: Terminally Ill Adults (End of Life) Bill: Second Reading [++: Voted against assisted dying bill's second reading, aligning with opposition to assisted dying.]"
"Mike Reader (Labour, Northampton South)",1,,,,,,"2025-06-20 VOTE: Voted No: Terminally Ill Adults (End of Life) Bill: Third Reading [++: Voted against assisted dying bill at Third Reading, aligning with CitizenGO's opposition.] | 2025-06-20 VOTE: Voted No: Terminally Ill Adults (End of Life) Bill: Amendment 94 [0: Assisted dying bill amendment; effect unclear from title alone.] | 2025-06-20 VOTE: Voted Aye: Terminally Ill Adults (End of Life) Bill: Amendment 77 [0: Assisted dying bill amendment; effect unclear from title alone.] | 2025-06-20 VOTE: Voted Aye: Terminally Ill Adults (End of Life) Bill: Amendment 12 [0: Assisted dying bill amendment; effect unclear from title alone.] | 2025-06-20 VOTE: Voted Aye: Terminally Ill Adults (End of Life) Bill: Amendment 24 [0: Assisted dying bill amendment; effect unclear from title alone.] | 2025-06-20 VOTE: Voted Aye: Terminally Ill Adults (End of Life) Bill: New Clause 16 [0: Assisted dying bill new clause; effect unclear from title alone.] | 2025-06-13 VOTE: Voted Aye: Terminally Ill Adults (End of Life) Bill: New Clause 2 [0: Assisted dying bill amendment; effect unclear from title alone.] | 2025-06-13 VOTE: Voted No: Terminally Ill Adults (End of Life) Bill: New Clause 1 [0: New Clause on end of life bill, effect unclear from title alone.] | 2025-06-13 VOTE: Voted Aye: Terminally Ill Adults (End of Life) Bill: Amendment (b) to New Clause 14 [0: Amendment to end of life bill, effect unclear from title alone.] | 2025-05-16 VOTE: Voted Aye: Terminally Ill Adults (End of Life) Bill Report Stage: Amendment (a) to New Clause 10 [0: Amendment to end of life bill, effect unclear from title alone.] | 2024-11-29 VOTE: Voted No: Terminally Ill Adults (End of Life) Bill: Second Reading [++: Voted against assisted dying bill's second reading, aligning with opposition to assisted dying.]"
"Mims Davies (Conservative, East Grinstead and Uckfield)",1,,,,,,"2025-06-20 VOTE: Voted No: Terminally Ill Adults (End of Life) Bill: Third Reading [++: Voted against assisted dying bill at Third Reading, aligning with CitizenGO's opposition.] | 2025-06-20 VOTE: Voted No: Terminally Ill Adults (End of Life) Bill: Amendment 94 [0: Assisted dying bill amendment; effect unclear from title alone.] | 2025-06-20 VOTE: Voted No: Terminally Ill Adults (End of Life) Bill: Amendment 77 [0: Assisted dying bill amendment; effect unclear from title alone.] | 2025-06-20 VOTE: Voted Aye: Terminally Ill Adults (End of Life) Bill: Amendment 12 [0: Assisted dying bill amendment; effect unclear from title alone.] | 2025-06-20 VOTE: Voted Aye: Terminally Ill Adults (End of Life) Bill: Amendment 24 [0: Assisted dying bill amendment; effect unclear from title alone.] | 2025-06-20 VOTE: Voted Aye: Terminally Ill Adults (End of Life) Bill: New Clause 16 [0: Assisted dying bill new clause; effect unclear from title alone.] | 2025-06-13 VOTE: Voted Aye: Terminally Ill Adults (End of Life) Bill: New Clause 2 [0: Assisted dying bill amendment; effect unclear from title alone.] | 2025-06-13 VOTE: Voted Aye: Terminally Ill Adults (End of Life) Bill: New Clause 1 [0: New Clause on end of life bill, effect unclear from title alone.] | 2025-06-13 VOTE: Voted Aye: Terminally Ill Adults (End of Life) Bill: Amendment (b) to New Clause 14 [0: Amendment to end of life bill, effect unclear from title alone.] | 2025-05-16 VOTE: Voted Aye: Terminally Ill Adults (End of Life) Bill Report Stage: Amendment (a) to New Clause 10 [0: Amendment to end of life bill, effect unclear from title alone.] | 2024-11-29 VOTE: Voted No: Terminally Ill Adults (End of Life) Bill: Second Reading [++: Voted against assisted dying bill's second reading, aligning with opposition to assisted dying.]"
"Monica Harding (Liberal Democrat, Esher and Walton)",1,,,,,,"2025-06-20 VOTE: Voted No: Terminally Ill Adults (End of Life) Bill: Third Reading [++: Voted against assisted dying bill at Third Reading, aligning with CitizenGO's opposition.] | 2025-06-20 VOTE: Voted No: Terminally Ill Adults (End of Life) Bill: Amendment 94 [0: Assisted dying bill amendment; effect unclear from title alone.] | 2025-06-20 VOTE: Voted No: Terminally Ill Adults (End of Life) Bill: Amendment 77 [0: Assisted dying bill amendment; effect unclear from title alone.] | 2025-06-20 VOTE: Voted Aye: Terminally Ill Adults (End of Life) Bill: Amendment 12 [0: Assisted dying bill amendment; effect unclear from title alone.] | 2025-06-20 VOTE: Voted Aye: Terminally Ill Adults (End of Life) Bill: Amendment 24 [0: Assisted dying bill amendment; effect unclear from title alone.] | 2025-06-20 VOTE: Voted Aye: Terminally Ill Adults (End of Life) Bill: New Clause 16 [0: Assisted dying bill new clause; effect unclear from title alone.] | 2025-06-13 VOTE: Voted Aye: Terminally Ill Adults (End of Life) Bill: New Clause 2 [0: Assisted dying bill amendment; effect unclear from title alone.] | 2025-06-13 VOTE: Voted Aye: Terminally Ill Adults (End of Life) Bill: New Clause 1 [0: New Clause on end of life bill, effect unclear from title alone.] | 2025-06-13 VOTE: Voted Aye: Terminally Ill Adults (End of Life) Bill: Amendment (b) to New Clause 14 [0: Amendment to end of life bill, effect unclear from title alone.] | 2025-05-16 VOTE: Voted Aye: Terminally Ill Adults (End of Life) Bill Report Stage: Amendment (a) to New Clause 10 [0: Amendment to end of life bill, effect unclear from title alone.] | 2024-11-29 VOTE: Voted No: Terminally Ill Adults (End of Life) Bill: Second Reading [++: Voted against assisted dying bill's second reading, aligning with opposition to assisted dying.]"
"Mr Gagan Mohindra (Conservative, South West Hertfordshire)",1,,,,,,"2025-06-20 VOTE: Voted No: Terminally Ill Adults (End of Life) Bill: Third Reading [++: Voted against assisted dying bill at Third Reading, aligning with CitizenGO's opposition.] | 2025-06-20 VOTE: Voted No: Terminally Ill Adults (End of Life) Bill: Amendment 94 [0: Assisted dying bill amendment; effect unclear from title alone.] | 2025-06-20 VOTE: Voted No: Terminally Ill Adults (End of Life) Bill: Amendment 77 [0: Assisted dying bill amendment; effect unclear from title alone.] | 2025-06-20 VOTE: Voted Aye: Terminally Ill Adults (End of Life) Bill: Amendment 12 [0: Assisted dying bill amendment; effect unclear from title alone.] | 2025-06-20 VOTE: Voted Aye: Terminally Ill Adults (End of Life) Bill: Amendment 24 [0: Assisted dying bill amendment; effect unclear from title alone.] | 2025-06-20 VOTE: Voted Aye: Terminally Ill Adults (End of Life) Bill: New Clause 16 [0: Assisted dying bill new clause; effect unclear from title alone.] | 2025-06-13 VOTE: Voted Aye: Terminally Ill Adults (End of Life) Bill: New Clause 2 [0: Assisted dying bill amendment; effect unclear from title alone.] | 2025-06-13 VOTE: Voted Aye: Terminally Ill Adults (End of Life) Bill: New Clause 1 [0: New Clause on end of life bill, effect unclear from title alone.] | 2025-06-13 VOTE: Voted Aye: Terminally Ill Adults (End of Life) Bill: Amendment (b) to New Clause 14 [0: Amendment to end of life bill, effect unclear from title alone.] | 2025-05-16 VOTE: Voted Aye: Terminally Ill Adults (End of Life) Bill Report Stage: Amendment (a) to New Clause 10 [0: Amendment to end of life bill, effect unclear from title alone.] | 2024-11-29 VOTE: Voted No: Terminally Ill Adults (End of Life) Bill: Second Reading [++: Voted against assisted dying bill's second reading, aligning with opposition to assisted dying.]"
"Mr Gregory Campbell (Democratic Unionist Party, East Londonderry)",1,,,,,,"2025-06-20 VOTE: Voted No: Terminally Ill Adults (End of Life) Bill: Third Reading [++: Voted against assisted dying bill at Third Reading, aligning with CitizenGO's opposition.] | 2025-06-20 VOTE: Voted No: Terminally Ill Adults (End of Life) Bill: Amendment 94 [0: Assisted dying bill amendment; effect unclear from title alone.] | 2025-06-20 VOTE: Voted No: Terminally Ill Adults (End of Life) Bill: Amendment 77 [0: Assisted dying bill amendment; effect unclear from title alone.] | 2025-06-20 VOTE: Voted Aye: Terminally Ill Adults (End of Life) Bill: Amendment 12 [0: Assisted dying bill amendment; effect unclear from title alone.] | 2025-06-20 VOTE: Voted Aye: Terminally Ill Adults (End of Life) Bill: Amendment 24 [0: Assisted dying bill amendment; effect unclear from title alone.] | 2025-06-20 VOTE: Voted Aye: Terminally Ill Adults (End of Life) Bill: New Clause 16 [0: Assisted dying bill new clause; effect unclear from title alone.] | 2025-06-13 VOTE: Voted Aye: Terminally Ill Adults (End of Life) Bill: New Clause 2 [0: Assisted dying bill amendment; effect unclear from title alone.] | 2025-06-13 VOTE: Voted Aye: Terminally Ill Adults (End of Life) Bill: New Clause 1 [0: New Clause on end of life bill, effect unclear from title alone.] | 2025-06-13 VOTE: Voted Aye: Terminally Ill Adults (End of Life) Bill: Amendment (b) to New Clause 14 [0: Amendment to end of life bill, effect unclear from title alone.] | 2025-05-16 VOTE: Voted Aye: Terminally Ill Adults (End of Life) Bill Report Stage: Amendment (a) to New Clause 10 [0: Amendment to end of life bill, effect unclear from title alone.] | 2024-11-29 VOTE: Voted No: Terminally Ill Adults (End of Life) Bill: Second Reading [++: Voted against assisted dying bill's second reading, aligning with opposition to assisted dying.]"
"Mr Paul Kohler (Liberal Democrat, Wimbledon)",1,,,,,,"2025-06-20 VOTE: Voted No: Terminally Ill Adults (End of Life) Bill: Third Reading [++: Voted against assisted dying bill at Third Reading, aligning with CitizenGO's opposition.] | 2025-06-20 VOTE: Voted No: Terminally Ill Adults (End of Life) Bill: Amendment 94 [0: Assisted dying bill amendment; effect unclear from title alone.] | 2025-06-20 VOTE: Voted No: Terminally Ill Adults (End of Life) Bill: Amendment 77 [0: Assisted dying bill amendment; effect unclear from title alone.] | 2025-06-20 VOTE: Voted Aye: Terminally Ill Adults (End of Life) Bill: Amendment 12 [0: Assisted dying bill amendment; effect unclear from title alone.] | 2025-06-20 VOTE: Voted Aye: Terminally Ill Adults (End of Life) Bill: Amendment 24 [0: Assisted dying bill amendment; effect unclear from title alone.] | 2025-06-20 VOTE: Voted Aye: Terminally Ill Adults (End of Life) Bill: New Clause 16 [0: Assisted dying bill new clause; effect unclear from title alone.] | 2025-06-13 VOTE: Voted Aye: Terminally Ill Adults (End of Life) Bill: New Clause 2 [0: Assisted dying bill amendment; effect unclear from title alone.] | 2025-06-13 VOTE: Voted Aye: Terminally Ill Adults (End of Life) Bill: New Clause 1 [0: New Clause on end of life bill, effect unclear from title alone.] | 2025-06-13 VOTE: Voted Aye: Terminally Ill Adults (End of Life) Bill: Amendment (b) to New Clause 14 [0: Amendment to end of life bill, effect unclear from title alone.] | 2025-05-16 VOTE: Voted Aye: Terminally Ill Adults (End of Life) Bill Report Stage: Amendment (a) to New Clause 10 [0: Amendment to end of life bill, effect unclear from title alone.] | 2024-11-29 VOTE: Voted No: Terminally Ill Adults (End of Life) Bill: Second Reading [++: Voted against assisted dying bill's second reading, aligning with opposition to assisted dying.]"
"Ms Abena Oppong-Asare (Labour, Erith and Thamesmead)",1,,,,,,"2025-06-20 VOTE: Voted No: Terminally Ill Adults (End of Life) Bill: Third Reading [++: Voted against assisted dying bill at Third Reading, aligning with CitizenGO's opposition.] | 2025-06-20 VOTE: Voted No: Terminally Ill Adults (End of Life) Bill: Amendment 94 [0: Assisted dying bill amendment; effect unclear from title alone.] | 2025-06-20 VOTE: Voted No: Terminally Ill Adults (End of Life) Bill: Amendment 77 [0: Assisted dying bill amendment; effect unclear from title alone.] | 2025-06-20 VOTE: Voted Aye: Terminally Ill Adults (End of Life) Bill: Amendment 12 [0: Assisted dying bill amendment; effect unclear from title alone.] | 2025-06-20 VOTE: Voted Aye: Terminally Ill Adults (End of Life) Bill: Amendment 24 [0: Assisted dying bill amendment; effect unclear from title alone.] | 2025-06-20 VOTE: Voted Aye: Terminally Ill Adults (End of Life) Bill: New Clause 16 [0: Assisted dying bill new clause; effect unclear from title alone.] | 2025-06-13 VOTE: Voted Aye: Terminally Ill Adults (End of Life) Bill: New Clause 2 [0: Assisted dying bill amendment; effect unclear from title alone.] | 2025-06-13 VOTE: Voted Aye: Terminally Ill Adults (End of Life) Bill: New Clause 1 [0: New Clause on end of life bill, effect unclear from title alone.] | 2025-06-13 VOTE: Voted Aye: Terminally Ill Adults (End of Life) Bill: Amendment (b) to New Clause 14 [0: Amendment to end of life bill, effect unclear from title alone.] | 2025-05-16 VOTE: Voted Aye: Terminally Ill Adults (End of Life) Bill Report Stage: Amendment (a) to New Clause 10 [0: Amendment to end of life bill, effect unclear from title alone.] | 2024-11-29 VOTE: Voted No: Terminally Ill Adults (End of Life) Bill: Second Reading [++: Voted against assisted dying bill's second reading, aligning with opposition to assisted dying.]"
"Ms Diane Abbott (Labour, Hackney North and Stoke Newington)",1,,,,,,"2025-06-20 VOTE: Voted No: Terminally Ill Adults (End of Life) Bill: Third Reading [++: Voted against assisted dying bill at Third Reading, aligning with CitizenGO's opposition.] | 2025-06-20 VOTE: Voted No: Terminally Ill Adults (End of Life) Bill: Amendment 94 [0: Assisted dying bill amendment; effect unclear from title alone.] | 2025-06-20 VOTE: Voted No: Terminally Ill Adults (End of Life) Bill: Amendment 77 [0: Assisted dying bill amendment; effect unclear from title alone.] | 2025-06-20 VOTE: Voted Aye: Terminally Ill Adults (End of Life) Bill: Amendment 12 [0: Assisted dying bill amendment; effect unclear from title alone.] | 2025-06-20 VOTE: Voted Aye: Terminally Ill Adults (End of Life) Bill: Amendment 24 [0: Assisted dying bill amendment; effect unclear from title alone.] | 2025-06-20 VOTE: Voted Aye: Terminally Ill Adults (End of Life) Bill: New Clause 16 [0: Assisted dying bill new clause; effect unclear from title alone.] | 2025-06-13 VOTE: Voted Aye: Terminally Ill Adults (End of Life) Bill: New Clause 2 [0: Assisted dying bill amendment; effect unclear from title alone.] | 2025-06-13 VOTE: Voted Aye: Terminally Ill Adults (End of Life) Bill: New Clause 1 [0: New Clause on end of life bill, effect unclear from title alone.] | 2025-06-13 VOTE: Voted Aye: Terminally Ill Adults (End of Life) Bill: Amendment (b) to New Clause 14 [0: Amendment to end of life bill, effect unclear from title alone.] | 2025-05-16 VOTE: Voted Aye: Terminally Ill Adults (End of Life) Bill Report Stage: Amendment (a) to New Clause 10 [0: Amendment to end of life bill, effect unclear from title alone.] | 2024-11-29 VOTE: Voted No: Terminally Ill Adults (End of Life) Bill: Second Reading [++: Voted against assisted dying bill's second reading, aligning with opposition to assisted dying.]"
"Ms Marie Rimmer (Labour, St Helens South and Whiston)",1,,,,,,"2025-06-20 VOTE: Voted No: Terminally Ill Adults (End of Life) Bill: Third Reading [++: Voted against assisted dying bill at Third Reading, aligning with CitizenGO's opposition.] | 2025-06-20 VOTE: Voted No: Terminally Ill Adults (End of Life) Bill: Amendment 94 [0: Assisted dying bill amendment; effect unclear from title alone.] | 2025-06-20 VOTE: Voted No: Terminally Ill Adults (End of Life) Bill: Amendment 77 [0: Assisted dying bill amendment; effect unclear from title alone.] | 2025-06-20 VOTE: Voted Aye: Terminally Ill Adults (End of Life) Bill: Amendment 12 [0: Assisted dying bill amendment; effect unclear from title alone.] | 2025-06-20 VOTE: Voted Aye: Terminally Ill Adults (End of Life) Bill: Amendment 24 [0: Assisted dying bill amendment; effect unclear from title alone.] | 2025-06-20 VOTE: Voted Aye: Terminally Ill Adults (End of Life) Bill: New Clause 16 [0: Assisted dying bill new clause; effect unclear from title alone.] | 2025-06-13 VOTE: Voted Aye: Terminally Ill Adults (End of Life) Bill: New Clause 2 [0: Assisted dying bill amendment; effect unclear from title alone.] | 2025-06-13 VOTE: Voted Aye: Terminally Ill Adults (End of Life) Bill: New Clause 1 [0: New Clause on end of life bill, effect unclear from title alone.] | 2025-06-13 VOTE: Voted Aye: Terminally Ill Adults (End of Life) Bill: Amendment (b) to New Clause 14 [0: Amendment to end of life bill, effect unclear from title alone.] | 2025-05-16 VOTE: Voted Aye: Terminally Ill Adults (End of Life) Bill Report Stage: Amendment (a) to New Clause 10 [0: Amendment to end of life bill, effect unclear from title alone.] | 2024-11-29 VOTE: Voted No: Terminally Ill Adults (End of Life) Bill: Second Reading [++: Voted against assisted dying bill's second reading, aligning with opposition to assisted dying.]"
"Ms Polly Billington (Labour, East Thanet)",1,,,,,,"2025-06-20 VOTE: Voted No: Terminally Ill Adults (End of Life) Bill: Third Reading [++: Voted against assisted dying bill at Third Reading, aligning with CitizenGO's opposition.] | 2025-06-20 VOTE: Voted No: Terminally Ill Adults (End of Life) Bill: Amendment 94 [0: Assisted dying bill amendment; effect unclear from title alone.] | 2025-06-20 VOTE: Voted No: Terminally Ill Adults (End of Life) Bill: Amendment 77 [0: Assisted dying bill amendment; effect unclear from title alone.] | 2025-06-20 VOTE: Voted Aye: Terminally Ill Adults (End of Life) Bill: Amendment 12 [0: Assisted dying bill amendment; effect unclear from title alone.] | 2025-06-20 VOTE: Voted Aye: Terminally Ill Adults (End of Life) Bill: Amendment 24 [0: Assisted dying bill amendment; effect unclear from title alone.] | 2025-06-20 VOTE: Voted Aye: Terminally Ill Adults (End of Life) Bill: New Clause 16 [0: Assisted dying bill new clause; effect unclear from title alone.] | 2025-06-13 VOTE: Voted Aye: Terminally Ill Adults (End of Life) Bill: New Clause 2 [0: Assisted dying bill amendment; effect unclear from title alone.] | 2025-06-13 VOTE: Voted Aye: Terminally Ill Adults (End of Life) Bill: New Clause 1 [0: New Clause on end of life bill, effect unclear from title alone.] | 2025-06-13 VOTE: Voted Aye: Terminally Ill Adults (End of Life) Bill: Amendment (b) to New Clause 14 [0: Amendment to end of life bill, effect unclear from title alone.] | 2025-05-16 VOTE: Voted Aye: Terminally Ill Adults (End of Life) Bill Report Stage: Amendment (a) to New Clause 10 [0: Amendment to end of life bill, effect unclear from title alone.] | 2024-11-29 VOTE: Voted No: Terminally Ill Adults (End of Life) Bill: Second Reading [++: Voted against assisted dying bill's second reading, aligning with opposition to assisted dying.]"
"Naz Shah (Labour, Bradford West)",1,,,,,,"2025-06-20 VOTE: Voted No: Terminally Ill Adults (End of Life) Bill: Third Reading [++: Voted against assisted dying bill at Third Reading, aligning with CitizenGO's opposition.] | 2025-06-20 VOTE: Voted No: Terminally Ill Adults (End of Life) Bill: Amendment 94 [0: Assisted dying bill amendment; effect unclear from title alone.] | 2025-06-20 VOTE: Voted No: Terminally Ill Adults (End of Life) Bill: Amendment 77 [0: Assisted dying bill amendment; effect unclear from title alone.] | 2025-06-20 VOTE: Voted Aye: Terminally Ill Adults (End of Life) Bill: Amendment 12 [0: Assisted dying bill amendment; effect unclear from title alone.] | 2025-06-20 VOTE: Voted Aye: Terminally Ill Adults (End of Life) Bill: Amendment 24 [0: Assisted dying bill amendment; effect unclear from title alone.] | 2025-06-20 VOTE: Voted Aye: Terminally Ill Adults (End of Life) Bill: New Clause 16 [0: Assisted dying bill new clause; effect unclear from title alone.] | 2025-06-13 VOTE: Voted Aye: Terminally Ill Adults (End of Life) Bill: New Clause 2 [0: Assisted dying bill amendment; effect unclear from title alone.] | 2025-06-13 VOTE: Voted Aye: Terminally Ill Adults (End of Life) Bill: New Clause 1 [0: New Clause on end of life bill, effect unclear from title alone.] | 2025-06-13 VOTE: Voted Aye: Terminally Ill Adults (End of Life) Bill: Amendment (b) to New Clause 14 [0: Amendment to end of life bill, effect unclear from title alone.] | 2025-05-16 VOTE: Voted Aye: Terminally Ill Adults (End of Life) Bill Report Stage: Amendment (a) to New Clause 10 [0: Amendment to end of life bill, effect unclear from title alone.] | 2024-11-29 VOTE: Voted No: Terminally Ill Adults (End of Life) Bill: Second Reading [++: Voted against assisted dying bill's second reading, aligning with opposition to assisted dying.]"
"Nick Timothy (Conservative, West Suffolk)",1,,,,,,"2025-06-20 VOTE: Voted No: Terminally Ill Adults (End of Life) Bill: Third Reading [++: Voted against assisted dying bill at Third Reading, aligning with CitizenGO's opposition.] | 2025-06-20 VOTE: Voted No: Terminally Ill Adults (End of Life) Bill: Amendment 94 [0: Assisted dying bill amendment; effect unclear from title alone.] | 2025-06-20 VOTE: Voted No: Terminally Ill Adults (End of Life) Bill: Amendment 77 [0: Assisted dying bill amendment; effect unclear from title alone.] | 2025-06-20 VOTE: Voted Aye: Terminally Ill Adults (End of Life) Bill: Amendment 12 [0: Assisted dying bill amendment; effect unclear from title alone.] | 2025-06-20 VOTE: Voted Aye: Terminally Ill Adults (End of Life) Bill: Amendment 24 [0: Assisted dying bill amendment; effect unclear from title alone.] | 2025-06-20 VOTE: Voted Aye: Terminally Ill Adults (End of Life) Bill: New Clause 16 [0: Assisted dying bill new clause; effect unclear from title alone.] | 2025-06-13 VOTE: Voted Aye: Terminally Ill Adults (End of Life) Bill: New Clause 2 [0: Assisted dying bill amendment; effect unclear from title alone.] | 2025-06-13 VOTE: Voted Aye: Terminally Ill Adults (End of Life) Bill: New Clause 1 [0: New Clause on end of life bill, effect unclear from title alone.] | 2025-06-13 VOTE: Voted Aye: Terminally Ill Adults (End of Life) Bill: Amendment (b) to New Clause 14 [0: Amendment to end of life bill, effect unclear from title alone.] | 2025-05-16 VOTE: Voted Aye: Terminally Ill Adults (End of Life) Bill Report Stage: Amendment (a) to New Clause 10 [0: Amendment to end of life bill, effect unclear from title alone.] | 2024-11-29 VOTE: Voted No: Terminally Ill Adults (End of Life) Bill: Second Reading [++: Voted against assisted dying bill's second reading, aligning with opposition to assisted dying.]"
"Patrick Hurley (Labour, Southport)",1,,,,,,"2025-06-20 VOTE: Voted No: Terminally Ill Adults (End of Life) Bill: Third Reading [++: Voted against assisted dying bill at Third Reading, aligning with CitizenGO's opposition.] | 2025-06-20 VOTE: Voted No: Terminally Ill Adults (End of Life) Bill: Amendment 94 [0: Assisted dying bill amendment; effect unclear from title alone.] | 2025-06-20 VOTE: Voted No: Terminally Ill Adults (End of Life) Bill: Amendment 77 [0: Assisted dying bill amendment; effect unclear from title alone.] | 2025-06-20 VOTE: Voted Aye: Terminally Ill Adults (End of Life) Bill: Amendment 12 [0: Assisted dying bill amendment; effect unclear from title alone.] | 2025-06-20 VOTE: Voted Aye: Terminally Ill Adults (End of Life) Bill: Amendment 24 [0: Assisted dying bill amendment; effect unclear from title alone.] | 2025-06-20 VOTE: Voted Aye: Terminally Ill Adults (End of Life) Bill: New Clause 16 [0: Assisted dying bill new clause; effect unclear from title alone.] | 2025-06-13 VOTE: Voted Aye: Terminally Ill Adults (End of Life) Bill: New Clause 2 [0: Assisted dying bill amendment; effect unclear from title alone.] | 2025-06-13 VOTE: Voted Aye: Terminally Ill Adults (End of Life) Bill: New Clause 1 [0: New Clause on end of life bill, effect unclear from title alone.] | 2025-06-13 VOTE: Voted Aye: Terminally Ill Adults (End of Life) Bill: Amendment (b) to New Clause 14 [0: Amendment to end of life bill, effect unclear from title alone.] | 2025-05-16 VOTE: Voted Aye: Terminally Ill Adults (End of Life) Bill Report Stage: Amendment (a) to New Clause 10 [0: Amendment to end of life bill, effect unclear from title alone.] | 2024-11-29 VOTE: Voted No: Terminally Ill Adults (End of Life) Bill: Second Reading [++: Voted against assisted dying bill's second reading, aligning with opposition to assisted dying.]"
"Patrick Spencer (Independent, Central Suffolk and North Ipswich)",1,,,,,,"2025-06-20 VOTE: Voted No: Terminally Ill Adults (End of Life) Bill: Third Reading [++: Voted against assisted dying bill at Third Reading, aligning with CitizenGO's opposition.] | 2025-06-20 VOTE: Voted No: Terminally Ill Adults (End of Life) Bill: Amendment 94 [0: Assisted dying bill amendment; effect unclear from title alone.] | 2025-06-20 VOTE: Voted No: Terminally Ill Adults (End of Life) Bill: Amendment 77 [0: Assisted dying bill amendment; effect unclear from title alone.] | 2025-06-20 VOTE: Voted Aye: Terminally Ill Adults (End of Life) Bill: Amendment 12 [0: Assisted dying bill amendment; effect unclear from title alone.] | 2025-06-20 VOTE: Voted Aye: Terminally Ill Adults (End of Life) Bill: Amendment 24 [0: Assisted dying bill amendment; effect unclear from title alone.] | 2025-06-20 VOTE: Voted Aye: Terminally Ill Adults (End of Life) Bill: New Clause 16 [0: Assisted dying bill new clause; effect unclear from title alone.] | 2025-06-13 VOTE: Voted Aye: Terminally Ill Adults (End of Life) Bill: New Clause 2 [0: Assisted dying bill amendment; effect unclear from title alone.] | 2025-06-13 VOTE: Voted Aye: Terminally Ill Adults (End of Life) Bill: New Clause 1 [0: New Clause on end of life bill, effect unclear from title alone.] | 2025-06-13 VOTE: Voted Aye: Terminally Ill Adults (End of Life) Bill: Amendment (b) to New Clause 14 [0: Amendment to end of life bill, effect unclear from title alone.] | 2025-05-16 VOTE: Voted Aye: Terminally Ill Adults (End of Life) Bill Report Stage: Amendment (a) to New Clause 10 [0: Amendment to end of life bill, effect unclear from title alone.] | 2024-11-29 VOTE: Voted No: Terminally Ill Adults (End of Life) Bill: Second Reading [++: Voted against assisted dying bill's second reading, aligning with opposition to assisted dying.]"
"Paul Holmes (Conservative, Hamble Valley)",1,,,,,,"2025-06-20 VOTE: Voted No: Terminally Ill Adults (End of Life) Bill: Third Reading [++: Voted against assisted dying bill at Third Reading, aligning with CitizenGO's opposition.] | 2025-06-20 VOTE: Voted No: Terminally Ill Adults (End of Life) Bill: Amendment 94 [0: Assisted dying bill amendment; effect unclear from title alone.] | 2025-06-20 VOTE: Voted No: Terminally Ill Adults (End of Life) Bill: Amendment 77 [0: Assisted dying bill amendment; effect unclear from title alone.] | 2025-06-20 VOTE: Voted Aye: Terminally Ill Adults (End of Life) Bill: Amendment 12 [0: Assisted dying bill amendment; effect unclear from title alone.] | 2025-06-20 VOTE: Voted Aye: Terminally Ill Adults (End of Life) Bill: Amendment 24 [0: Assisted dying bill amendment; effect unclear from title alone.] | 2025-06-20 VOTE: Voted Aye: Terminally Ill Adults (End of Life) Bill: New Clause 16 [0: Assisted dying bill new clause; effect unclear from title alone.] | 2025-06-13 VOTE: Voted Aye: Terminally Ill Adults (End of Life) Bill: New Clause 2 [0: Assisted dying bill amendment; effect unclear from title alone.] | 2025-06-13 VOTE: Voted Aye: Terminally Ill Adults (End of Life) Bill: New Clause 1 [0: New Clause on end of life bill, effect unclear from title alone.] | 2025-06-13 VOTE: Voted Aye: Terminally Ill Adults (End of Life) Bill: Amendment (b) to New Clause 14 [0: Amendment to end of life bill, effect unclear from title alone.] | 2025-05-16 VOTE: Voted Aye: Terminally Ill Adults (End of Life) Bill Report Stage: Amendment (a) to New Clause 10 [0: Amendment to end of life bill, effect unclear from title alone.] | 2024-11-29 VOTE: Voted No: Terminally Ill Adults (End of Life) Bill: Second Reading [++: Voted against assisted dying bill's second reading, aligning with opposition to assisted dying.]"
"Rachael Maskell (Labour (Co-op), York Central)",1,,,,,,"2025-06-20 VOTE: Voted No: Terminally Ill Adults (End of Life) Bill: Third Reading [++: Voted against assisted dying bill at Third Reading, aligning with CitizenGO's opposition.] | 2025-06-20 VOTE: Voted No: Terminally Ill Adults (End of Life) Bill: Amendment 94 [0: Assisted dying bill amendment; effect unclear from title alone.] | 2025-06-20 VOTE: Voted No: Terminally Ill Adults (End of Life) Bill: Amendment 77 [0: Assisted dying bill amendment; effect unclear from title alone.] | 2025-06-20 VOTE: Voted Aye: Terminally Ill Adults (End of Life) Bill: Amendment 12 [0: Assisted dying bill amendment; effect unclear from title alone.] | 2025-06-20 VOTE: Voted Aye: Terminally Ill Adults (End of Life) Bill: Amendment 24 [0: Assisted dying bill amendment; effect unclear from title alone.] | 2025-06-20 VOTE: Voted Aye: Terminally Ill Adults (End of Life) Bill: New Clause 16 [0: Assisted dying bill new clause; effect unclear from title alone.] | 2025-06-13 VOTE: Voted Aye: Terminally Ill Adults (End of Life) Bill: New Clause 2 [0: Assisted dying bill amendment; effect unclear from title alone.] | 2025-06-13 VOTE: Voted Aye: Terminally Ill Adults (End of Life) Bill: New Clause 1 [0: New Clause on end of life bill, effect unclear from title alone.] | 2025-06-13 VOTE: Voted Aye: Terminally Ill Adults (End of Life) Bill: Amendment (b) to New Clause 14 [0: Amendment to end of life bill, effect unclear from title alone.] | 2025-05-16 VOTE: Voted Aye: Terminally Ill Adults (End of Life) Bill Report Stage: Amendment (a) to New Clause 10 [0: Amendment to end of life bill, effect unclear from title alone.] | 2024-11-29 VOTE: Voted No: Terminally Ill Adults (End of Life) Bill: Second Reading [++: Voted against assisted dying bill's second reading, aligning with opposition to assisted dying.]"
"Richard Baker (Labour, Glenrothes and Mid Fife)",1,,,,,,"2025-06-20 VOTE: Voted No: Terminally Ill Adults (End of Life) Bill: Third Reading [++: Voted against assisted dying bill at Third Reading, aligning with CitizenGO's opposition.] | 2025-06-20 VOTE: Voted No: Terminally Ill Adults (End of Life) Bill: Amendment 94 [0: Assisted dying bill amendment; effect unclear from title alone.] | 2025-06-20 VOTE: Voted No: Terminally Ill Adults (End of Life) Bill: Amendment 77 [0: Assisted dying bill amendment; effect unclear from title alone.] | 2025-06-20 VOTE: Voted Aye: Terminally Ill Adults (End of Life) Bill: Amendment 12 [0: Assisted dying bill amendment; effect unclear from title alone.] | 2025-06-20 VOTE: Voted Aye: Terminally Ill Adults (End of Life) Bill: Amendment 24 [0: Assisted dying bill amendment; effect unclear from title alone.] | 2025-06-20 VOTE: Voted Aye: Terminally Ill Adults (End of Life) Bill: New Clause 16 [0: Assisted dying bill new clause; effect unclear from title alone.] | 2025-06-13 VOTE: Voted Aye: Terminally Ill Adults (End of Life) Bill: New Clause 2 [0: Assisted dying bill amendment; effect unclear from title alone.] | 2025-06-13 VOTE: Voted Aye: Terminally Ill Adults (End of Life) Bill: New Clause 1 [0: New Clause on end of life bill, effect unclear from title alone.] | 2025-06-13 VOTE: Voted Aye: Terminally Ill Adults (End of Life) Bill: Amendment (b) to New Clause 14 [0: Amendment to end of life bill, effect unclear from title alone.] | 2025-05-16 VOTE: Voted Aye: Terminally Ill Adults (End of Life) Bill Report Stage: Amendment (a) to New Clause 10 [0: Amendment to end of life bill, effect unclear from title alone.] | 2024-11-29 VOTE: Voted No: Terminally Ill Adults (End of Life) Bill: Second Reading [++: Voted against assisted dying bill's second reading, aligning with opposition to assisted dying.]"
"Richard Burgon (Labour, Leeds East)",1,,,,,,"2025-06-20 VOTE: Voted No: Terminally Ill Adults (End of Life) Bill: Third Reading [++: Voted against assisted dying bill at Third Reading, aligning with CitizenGO's opposition.] | 2025-06-20 VOTE: Voted No: Terminally Ill Adults (End of Life) Bill: Amendment 94 [0: Assisted dying bill amendment; effect unclear from title alone.] | 2025-06-20 VOTE: Voted No: Terminally Ill Adults (End of Life) Bill: Amendment 77 [0: Assisted dying bill amendment; effect unclear from title alone.] | 2025-06-20 VOTE: Voted Aye: Terminally Ill Adults (End of Life) Bill: Amendment 12 [0: Assisted dying bill amendment; effect unclear from title alone.] | 2025-06-20 VOTE: Voted Aye: Terminally Ill Adults (End of Life) Bill: Amendment 24 [0: Assisted dying bill amendment; effect unclear from title alone.] | 2025-06-20 VOTE: Voted Aye: Terminally Ill Adults (End of Life) Bill: New Clause 16 [0: Assisted dying bill new clause; effect unclear from title alone.] | 2025-06-13 VOTE: Voted Aye: Terminally Ill Adults (End of Life) Bill: New Clause 2 [0: Assisted dying bill amendment; effect unclear from title alone.] | 2025-06-13 VOTE: Voted Aye: Terminally Ill Adults (End of Life) Bill: New Clause 1 [0: New Clause on end of life bill, effect unclear from title alone.] | 2025-06-13 VOTE: Voted Aye: Terminally Ill Adults (End of Life) Bill: Amendment (b) to New Clause 14 [0: Amendment to end of life bill, effect unclear from title alone.] | 2025-05-16 VOTE: Voted Aye: Terminally Ill Adults (End of Life) Bill Report Stage: Amendment (a) to New Clause 10 [0: Amendment to end of life bill, effect unclear from title alone.] | 2024-11-29 VOTE: Voted No: Terminally Ill Adults (End of Life) Bill: Second Reading [++: Voted against assisted dying bill's second reading, aligning with opposition to assisted dying.]"
"Robin Swann (Ulster Unionist Party, South Antrim)",1,,,,,,"2025-06-20 VOTE: Voted No: Terminally Ill Adults (End of Life) Bill: Third Reading [++: Voted against assisted dying bill at Third Reading, aligning with CitizenGO's opposition.] | 2025-06-20 VOTE: Voted No: Terminally Ill Adults (End of Life) Bill: Amendment 94 [0: Assisted dying bill amendment; effect unclear from title alone.] | 2025-06-20 VOTE: Voted No: Terminally Ill Adults (End of Life) Bill: Amendment 77 [0: Assisted dying bill amendment; effect unclear from title alone.] | 2025-06-20 VOTE: Voted Aye: Terminally Ill Adults (End of Life) Bill: Amendment 12 [0: Assisted dying bill amendment; effect unclear from title alone.] | 2025-06-20 VOTE: Voted Aye: Terminally Ill Adults (End of Life) Bill: Amendment 24 [0: Assisted dying bill amendment; effect unclear from title alone.] | 2025-06-20 VOTE: Voted Aye: Terminally Ill Adults (End of Life) Bill: New Clause 16 [0: Assisted dying bill new clause; effect unclear from title alone.] | 2025-06-13 VOTE: Voted Aye: Terminally Ill Adults (End of Life) Bill: New Clause 2 [0: Assisted dying bill amendment; effect unclear from title alone.] | 2025-06-13 VOTE: Voted Aye: Terminally Ill Adults (End of Life) Bill: New Clause 1 [0: New Clause on end of life bill, effect unclear from title alone.] | 2025-06-13 VOTE: Voted Aye: Terminally Ill Adults (End of Life) Bill: Amendment (b) to New Clause 14 [0: Amendment to end of life bill, effect unclear from title alone.] | 2025-05-16 VOTE: Voted Aye: Terminally Ill Adults (End of Life) Bill Report Stage: Amendment (a) to New Clause 10 [0: Amendment to end of life bill, effect unclear from title alone.] | 2024-11-29 VOTE: Voted No: Terminally Ill Adults (End of Life) Bill: Second Reading [++: Voted against assisted dying bill's second reading, aligning with opposition to assisted dying.]"
"Sally Jameson (Labour (Co-op), Doncaster Central)",1,,,,,,"2025-06-20 VOTE: Voted No: Terminally Ill Adults (End of Life) Bill: Third Reading [++: Voted against assisted dying bill at Third Reading, aligning with CitizenGO's opposition.] | 2025-06-20 VOTE: Voted No: Terminally Ill Adults (End of Life) Bill: Amendment 94 [0: Assisted dying bill amendment; effect unclear from title alone.] | 2025-06-20 VOTE: Voted No: Terminally Ill Adults (End of Life) Bill: Amendment 77 [0: Assisted dying bill amendment; effect unclear from title alone.] | 2025-06-20 VOTE: Voted Aye: Terminally Ill Adults (End of Life) Bill: Amendment 12 [0: Assisted dying bill amendment; effect unclear from title alone.] | 2025-06-20 VOTE: Voted Aye: Terminally Ill Adults (End of Life) Bill: Amendment 24 [0: Assisted dying bill amendment; effect unclear from title alone.] | 2025-06-20 VOTE: Voted Aye: Terminally Ill Adults (End of Life) Bill: New Clause 16 [0: Assisted dying bill new clause; effect unclear from title alone.] | 2025-06-13 VOTE: Voted Aye: Terminally Ill Adults (End of Life) Bill: New Clause 2 [0: Assisted dying bill amendment; effect unclear from title alone.] | 2025-06-13 VOTE: Voted Aye: Terminally Ill Adults (End of Life) Bill: New Clause 1 [0: New Clause on end of life bill, effect unclear from title alone.] | 2025-06-13 VOTE: Voted Aye: Terminally Ill Adults (End of Life) Bill: Amendment (b) to New Clause 14 [0: Amendment to end of life bill, effect unclear from title alone.] | 2025-05-16 VOTE: Voted Aye: Terminally Ill Adults (End of Life) Bill Report Stage: Amendment (a) to New Clause 10 [0: Amendment to end of life bill, effect unclear from title alone.] | 2024-11-29 VOTE: Voted No: Terminally Ill Adults (End of Life) Bill: Second Reading [++: Voted against assisted dying bill's second reading, aligning with opposition to assisted dying.]"
"Sam Rushworth (Labour, Bishop Auckland)",1,,,,,,"2025-06-20 VOTE: Voted No: Terminally Ill Adults (End of Life) Bill: Third Reading [++: Voted against assisted dying bill at Third Reading, aligning with CitizenGO's opposition.] | 2025-06-20 VOTE: Voted No: Terminally Ill Adults (End of Life) Bill: Amendment 94 [0: Assisted dying bill amendment; effect unclear from title alone.] | 2025-06-20 VOTE: Voted No: Terminally Ill Adults (End of Life) Bill: Amendment 77 [0: Assisted dying bill amendment; effect unclear from title alone.] | 2025-06-20 VOTE: Voted Aye: Terminally Ill Adults (End of Life) Bill: Amendment 12 [0: Assisted dying bill amendment; effect unclear from title alone.] | 2025-06-20 VOTE: Voted Aye: Terminally Ill Adults (End of Life) Bill: Amendment 24 [0: Assisted dying bill amendment; effect unclear from title alone.] | 2025-06-20 VOTE: Voted Aye: Terminally Ill Adults (End of Life) Bill: New Clause 16 [0: Assisted dying bill new clause; effect unclear from title alone.] | 2025-06-13 VOTE: Voted Aye: Terminally Ill Adults (End of Life) Bill: New Clause 2 [0: Assisted dying bill amendment; effect unclear from title alone.] | 2025-06-13 VOTE: Voted Aye: Terminally Ill Adults (End of Life) Bill: New Clause 1 [0: New Clause on end of life bill, effect unclear from title alone.] | 2025-06-13 VOTE: Voted Aye: Terminally Ill Adults (End of Life) Bill: Amendment (b) to New Clause 14 [0: Amendment to end of life bill, effect unclear from title alone.] | 2025-05-16 VOTE: Voted Aye: Terminally Ill Adults (End of Life) Bill Report Stage: Amendment (a) to New Clause 10 [0: Amendment to end of life bill, effect unclear from title alone.] | 2024-11-29 VOTE: Voted No: Terminally Ill Adults (End of Life) Bill: Second Reading [++: Voted against assisted dying bill's second reading, aligning with opposition to assisted dying.]"
"Sammy Wilson (Democratic Unionist Party, East Antrim)",1,,,,,,"2025-06-20 VOTE: Voted No: Terminally Ill Adults (End of Life) Bill: Third Reading [++: Voted against assisted dying bill at Third Reading, aligning with CitizenGO's opposition.] | 2025-06-20 VOTE: Voted No: Terminally Ill Adults (End of Life) Bill: Amendment 94 [0: Assisted dying bill amendment; effect unclear from title alone.] | 2025-06-20 VOTE: Voted No: Terminally Ill Adults (End of Life) Bill: Amendment 77 [0: Assisted dying bill amendment; effect unclear from title alone.] | 2025-06-20 VOTE: Voted Aye: Terminally Ill Adults (End of Life) Bill: Amendment 12 [0: Assisted dying bill amendment; effect unclear from title alone.] | 2025-06-20 VOTE: Voted Aye: Terminally Ill Adults (End of Life) Bill: Amendment 24 [0: Assisted dying bill amendment; effect unclear from title alone.] | 2025-06-20 VOTE: Voted Aye: Terminally Ill Adults (End of Life) Bill: New Clause 16 [0: Assisted dying bill new clause; effect unclear from title alone.] | 2025-06-13 VOTE: Voted Aye: Terminally Ill Adults (End of Life) Bill: New Clause 2 [0: Assisted dying bill amendment; effect unclear from title alone.] | 2025-06-13 VOTE: Voted Aye: Terminally Ill Adults (End of Life) Bill: New Clause 1 [0: New Clause on end of life bill, effect unclear from title alone.] | 2025-06-13 VOTE: Voted Aye: Terminally Ill Adults (End of Life) Bill: Amendment (b) to New Clause 14 [0: Amendment to end of life bill, effect unclear from title alone.] | 2025-05-16 VOTE: Voted Aye: Terminally Ill Adults (End of Life) Bill Report Stage: Amendment (a) to New Clause 10 [0: Amendment to end of life bill, effect unclear from title alone.] | 2024-11-29 VOTE: Voted No: Terminally Ill Adults (End of Life) Bill: Second Reading [++: Voted against assisted dying bill's second reading, aligning with opposition to assisted dying.]"
"Saqib Bhatti (Conservative, Meriden and Solihull East)",1,,,,,,"2025-06-20 VOTE: Voted No: Terminally Ill Adults (End of Life) Bill: Third Reading [++: Voted against assisted dying bill at Third Reading, aligning with CitizenGO's opposition.] | 2025-06-20 VOTE: Voted No: Terminally Ill Adults (End of Life) Bill: Amendment 94 [0: Assisted dying bill amendment; effect unclear from title alone.] | 2025-06-20 VOTE: Voted No: Terminally Ill Adults (End of Life) Bill: Amendment 77 [0: Assisted dying bill amendment; effect unclear from title alone.] | 2025-06-20 VOTE: Voted Aye: Terminally Ill Adults (End of Life) Bill: Amendment 12 [0: Assisted dying bill amendment; effect unclear from title alone.] | 2025-06-20 VOTE: Voted Aye: Terminally Ill Adults (End of Life) Bill: Amendment 24 [0: Assisted dying bill amendment; effect unclear from title alone.] | 2025-06-20 VOTE: Voted Aye: Terminally Ill Adults (End of Life) Bill: New Clause 16 [0: Assisted dying bill new clause; effect unclear from title alone.] | 2025-06-13 VOTE: Voted Aye: Terminally Ill Adults (End of Life) Bill: New Clause 2 [0: Assisted dying bill amendment; effect unclear from title alone.] | 2025-06-13 VOTE: Voted Aye: Terminally Ill Adults (End of Life) Bill: New Clause 1 [0: New Clause on end of life bill, effect unclear from title alone.] | 2025-06-13 VOTE: Voted Aye: Terminally Ill Adults (End of Life) Bill: Amendment (b) to New Clause 14 [0: Amendment to end of life bill, effect unclear from title alone.] | 2025-05-16 VOTE: Voted Aye: Terminally Ill Adults (End of Life) Bill Report Stage: Amendment (a) to New Clause 10 [0: Amendment to end of life bill, effect unclear from title alone.] | 2024-11-29 VOTE: Voted No: Terminally Ill Adults (End of Life) Bill: Second Reading [++: Voted against assisted dying bill's second reading, aligning with opposition to assisted dying.]"
"Sarah Bool (Conservative, South Northamptonshire)",1,,,,,,"2025-06-20 VOTE: Voted No: Terminally Ill Adults (End of Life) Bill: Third Reading [++: Voted against assisted dying bill at Third Reading, aligning with CitizenGO's opposition.] | 2025-06-20 VOTE: Voted No: Terminally Ill Adults (End of Life) Bill: Amendment 94 [0: Assisted dying bill amendment; effect unclear from title alone.] | 2025-06-20 VOTE: Voted No: Terminally Ill Adults (End of Life) Bill: Amendment 77 [0: Assisted dying bill amendment; effect unclear from title alone.] | 2025-06-20 VOTE: Voted Aye: Terminally Ill Adults (End of Life) Bill: Amendment 12 [0: Assisted dying bill amendment; effect unclear from title alone.] | 2025-06-20 VOTE: Voted Aye: Terminally Ill Adults (End of Life) Bill: Amendment 24 [0: Assisted dying bill amendment; effect unclear from title alone.] | 2025-06-20 VOTE: Voted Aye: Terminally Ill Adults (End of Life) Bill: New Clause 16 [0: Assisted dying bill new clause; effect unclear from title alone.] | 2025-06-13 VOTE: Voted Aye: Terminally Ill Adults (End of Life) Bill: New Clause 2 [0: Assisted dying bill amendment; effect unclear from title alone.] | 2025-06-13 VOTE: Voted Aye: Terminally Ill Adults (End of Life) Bill: New Clause 1 [0: New Clause on end of life bill, effect unclear from title alone.] | 2025-06-13 VOTE: Voted Aye: Terminally Ill Adults (End of Life) Bill: Amendment (b) to New Clause 14 [0: Amendment to end of life bill, effect unclear from title alone.] | 2025-05-16 VOTE: Voted Aye: Terminally Ill Adults (End of Life) Bill Report Stage: Amendment (a) to New Clause 10 [0: Amendment to end of life bill, effect unclear from title alone.] | 2024-11-29 VOTE: Voted No: Terminally Ill Adults (End of Life) Bill: Second Reading [++: Voted against assisted dying bill's second reading, aligning with opposition to assisted dying.]"
"Sarah Olney (Liberal Democrat, Richmond Park)",1,,,,,,"2025-06-20 VOTE: Voted No: Terminally Ill Adults (End of Life) Bill: Third Reading [++: Voted against assisted dying bill at Third Reading, aligning with CitizenGO's opposition.] | 2025-06-20 VOTE: Voted No: Terminally Ill Adults (End of Life) Bill: Amendment 94 [0: Assisted dying bill amendment; effect unclear from title alone.] | 2025-06-20 VOTE: Voted No: Terminally Ill Adults (End of Life) Bill: Amendment 77 [0: Assisted dying bill amendment; effect unclear from title alone.] | 2025-06-20 VOTE: Voted Aye: Terminally Ill Adults (End of Life) Bill: Amendment 12 [0: Assisted dying bill amendment; effect unclear from title alone.] | 2025-06-20 VOTE: Voted Aye: Terminally Ill Adults (End of Life) Bill: Amendment 24 [0: Assisted dying bill amendment; effect unclear from title alone.] | 2025-06-20 VOTE: Voted Aye: Terminally Ill Adults (End of Life) Bill: New Clause 16 [0: Assisted dying bill new clause; effect unclear from title alone.] | 2025-06-13 VOTE: Voted Aye: Terminally Ill Adults (End of Life) Bill: New Clause 2 [0: Assisted dying bill amendment; effect unclear from title alone.] | 2025-06-13 VOTE: Voted Aye: Terminally Ill Adults (End of Life) Bill: New Clause 1 [0: New Clause on end of life bill, effect unclear from title alone.] | 2025-06-13 VOTE: Voted Aye: Terminally Ill Adults (End of Life) Bill: Amendment (b) to New Clause 14 [0: Amendment to end of life bill, effect unclear from title alone.] | 2025-05-16 VOTE: Voted Aye: Terminally Ill Adults (End of Life) Bill Report Stage: Amendment (a) to New Clause 10 [0: Amendment to end of life bill, effect unclear from title alone.] | 2024-11-29 VOTE: Voted No: Terminally Ill Adults (End of Life) Bill: Second Reading [++: Voted against assisted dying bill's second reading, aligning with opposition to assisted dying.]"
"Sarah Smith (Labour, Hyndburn)",1,,,,,,"2025-06-20 VOTE: Voted No: Terminally Ill Adults (End of Life) Bill: Third Reading [++: Voted against assisted dying bill at Third Reading, aligning with CitizenGO's opposition.] | 2025-06-20 VOTE: Voted No: Terminally Ill Adults (End of Life) Bill: Amendment 94 [0: Assisted dying bill amendment; effect unclear from title alone.] | 2025-06-20 VOTE: Voted No: Terminally Ill Adults (End of Life) Bill: Amendment 77 [0: Assisted dying bill amendment; effect unclear from title alone.] | 2025-06-20 VOTE: Voted Aye: Terminally Ill Adults (End of Life) Bill: Amendment 12 [0: Assisted dying bill amendment; effect unclear from title alone.] | 2025-06-20 VOTE: Voted Aye: Terminally Ill Adults (End of Life) Bill: Amendment 24 [0: Assisted dying bill amendment; effect unclear from title alone.] | 2025-06-20 VOTE: Voted Aye: Terminally Ill Adults (End of Life) Bill: New Clause 16 [0: Assisted dying bill new clause; effect unclear from title alone.] | 2025-06-13 VOTE: Voted Aye: Terminally Ill Adults (End of Life) Bill: New Clause 2 [0: Assisted dying bill amendment; effect unclear from title alone.] | 2025-06-13 VOTE: Voted Aye: Terminally Ill Adults (End of Life) Bill: New Clause 1 [0: New Clause on end of life bill, effect unclear from title alone.] | 2025-06-13 VOTE: Voted Aye: Terminally Ill Adults (End of Life) Bill: Amendment (b) to New Clause 14 [0: Amendment to end of life bill, effect unclear from title alone.] | 2025-05-16 VOTE: Voted Aye: Terminally Ill Adults (End of Life) Bill Report Stage: Amendment (a) to New Clause 10 [0: Amendment to end of life bill, effect unclear from title alone.] | 2024-11-29 VOTE: Voted No: Terminally Ill Adults (End of Life) Bill: Second Reading [++: Voted against assisted dying bill's second reading, aligning with opposition to assisted dying.]"
"Satvir Kaur (Labour, Southampton Test)",1,,,,,,"2025-06-20 VOTE: Voted No: Terminally Ill Adults (End of Life) Bill: Third Reading [++: Voted against assisted dying bill at Third Reading, aligning with CitizenGO's opposition.] | 2025-06-20 VOTE: Voted No: Terminally Ill Adults (End of Life) Bill: Amendment 94 [0: Assisted dying bill amendment; effect unclear from title alone.] | 2025-06-20 VOTE: Voted No: Terminally Ill Adults (End of Life) Bill: Amendment 77 [0: Assisted dying bill amendment; effect unclear from title alone.] | 2025-06-20 VOTE: Voted Aye: Terminally Ill Adults (End of Life) Bill: Amendment 12 [0: Assisted dying bill amendment; effect unclear from title alone.] | 2025-06-20 VOTE: Voted Aye: Terminally Ill Adults (End of Life) Bill: Amendment 24 [0: Assisted dying bill amendment; effect unclear from title alone.] | 2025-06-20 VOTE: Voted Aye: Terminally Ill Adults (End of Life) Bill: New Clause 16 [0: Assisted dying bill new clause; effect unclear from title alone.] | 2025-06-13 VOTE: Voted Aye: Terminally Ill Adults (End of Life) Bill: New Clause 2 [0: Assisted dying bill amendment; effect unclear from title alone.] | 2025-06-13 VOTE: Voted Aye: Terminally Ill Adults (End of Life) Bill: New Clause 1 [0: New Clause on end of life bill, effect unclear from title alone.] | 2025-06-13 VOTE: Voted Aye: Terminally Ill Adults (End of Life) Bill: Amendment (b) to New Clause 14 [0: Amendment to end of life bill, effect unclear from title alone.] | 2025-05-16 VOTE: Voted Aye: Terminally Ill Adults (End of Life) Bill Report Stage: Amendment (a) to New Clause 10 [0: Amendment to end of life bill, effect unclear from title alone.] | 2024-11-29 VOTE: Voted No: Terminally Ill Adults (End of Life) Bill: Second Reading [++: Voted against assisted dying bill's second reading, aligning with opposition to assisted dying.]"
"Seema Malhotra (Labour (Co-op), Feltham and Heston)",1,,,,,,"2025-06-20 VOTE: Voted No: Terminally Ill Adults (End of Life) Bill: Third Reading [++: Voted against assisted dying bill at Third Reading, aligning with CitizenGO's opposition.] | 2025-06-20 VOTE: Voted No: Terminally Ill Adults (End of Life) Bill: Amendment 94 [0: Assisted dying bill amendment; effect unclear from title alone.] | 2025-06-20 VOTE: Voted No: Terminally Ill Adults (End of Life) Bill: Amendment 77 [0: Assisted dying bill amendment; effect unclear from title alone.] | 2025-06-20 VOTE: Voted Aye: Terminally Ill Adults (End of Life) Bill: Amendment 12 [0: Assisted dying bill amendment; effect unclear from title alone.] | 2025-06-20 VOTE: Voted Aye: Terminally Ill Adults (End of Life) Bill: Amendment 24 [0: Assisted dying bill amendment; effect unclear from title alone.] | 2025-06-20 VOTE: Voted Aye: Terminally Ill Adults (End of Life) Bill: New Clause 16 [0: Assisted dying bill new clause; effect unclear from title alone.] | 2025-06-13 VOTE: Voted Aye: Terminally Ill Adults (End of Life) Bill: New Clause 2 [0: Assisted dying bill amendment; effect unclear from title alone.] | 2025-06-13 VOTE: Voted Aye: Terminally Ill Adults (End of Life) Bill: New Clause 1 [0: New Clause on end of life bill, effect unclear from title alone.] | 2025-06-13 VOTE: Voted Aye: Terminally Ill Adults (End of Life) Bill: Amendment (b) to New Clause 14 [0: Amendment to end of life bill, effect unclear from title alone.] | 2025-05-16 VOTE: Voted Aye: Terminally Ill Adults (End of Life) Bill Report Stage: Amendment (a) to New Clause 10 [0: Amendment to end of life bill, effect unclear from title alone.] | 2024-11-29 VOTE: Voted No: Terminally Ill Adults (End of Life) Bill: Second Reading [++: Voted against assisted dying bill's second reading, aligning with opposition to assisted dying.]"
"Shabana Mahmood (Labour, Birmingham Ladywood)",1,,,,,,"2025-06-20 VOTE: Voted No: Terminally Ill Adults (End of Life) Bill: Third Reading [++: Voted against assisted dying bill at Third Reading, aligning with CitizenGO's opposition.] | 2025-06-20 VOTE: Voted No: Terminally Ill Adults (End of Life) Bill: Amendment 94 [0: Assisted dying bill amendment; effect unclear from title alone.] | 2025-06-20 VOTE: Voted No: Terminally Ill Adults (End of Life) Bill: Amendment 77 [0: Assisted dying bill amendment; effect unclear from title alone.] | 2025-06-20 VOTE: Voted Aye: Terminally Ill Adults (End of Life) Bill: Amendment 12 [0: Assisted dying bill amendment; effect unclear from title alone.] | 2025-06-20 VOTE: Voted Aye: Terminally Ill Adults (End of Life) Bill: Amendment 24 [0: Assisted dying bill amendment; effect unclear from title alone.] | 2025-06-20 VOTE: Voted Aye: Terminally Ill Adults (End of Life) Bill: New Clause 16 [0: Assisted dying bill new clause; effect unclear from title alone.] | 2025-06-13 VOTE: Voted Aye: Terminally Ill Adults (End of Life) Bill: New Clause 2 [0: Assisted dying bill amendment; effect unclear from title alone.] | 2025-06-13 VOTE: Voted Aye: Terminally Ill Adults (End of Life) Bill: New Clause 1 [0: New Clause on end of life bill, effect unclear from title alone.] | 2025-06-13 VOTE: Voted Aye: Terminally Ill Adults (End of Life) Bill: Amendment (b) to New Clause 14 [0: Amendment to end of life bill, effect unclear from title alone.] | 2025-05-16 VOTE: Voted Aye: Terminally Ill Adults (End of Life) Bill Report Stage: Amendment (a) to New Clause 10 [0: Amendment to end of life bill, effect unclear from title alone.] | 2024-11-29 VOTE: Voted No: Terminally Ill Adults (End of Life) Bill: Second Reading [++: Voted against assisted dying bill's second reading, aligning with opposition to assisted dying.]"
"Shivani Raja (Conservative, Leicester East)",1,,,,,,"2025-06-20 VOTE: Voted No: Terminally Ill Adults (End of Life) Bill: Third Reading [++: Voted against assisted dying bill at Third Reading, aligning with CitizenGO's opposition.] | 2025-06-20 VOTE: Voted No: Terminally Ill Adults (End of Life) Bill: Amendment 94 [0: Assisted dying bill amendment; effect unclear from title alone.] | 2025-06-20 VOTE: Voted No: Terminally Ill Adults (End of Life) Bill: Amendment 77 [0: Assisted dying bill amendment; effect unclear from title alone.] | 2025-06-20 VOTE: Voted Aye: Terminally Ill Adults (End of Life) Bill: Amendment 12 [0: Assisted dying bill amendment; effect unclear from title alone.] | 2025-06-20 VOTE: Voted Aye: Terminally Ill Adults (End of Life) Bill: Amendment 24 [0: Assisted dying bill amendment; effect unclear from title alone.] | 2025-06-20 VOTE: Voted Aye: Terminally Ill Adults (End of Life) Bill: New Clause 16 [0: Assisted dying bill new clause; effect unclear from title alone.] | 2025-06-13 VOTE: Voted Aye: Terminally Ill Adults (End of Life) Bill: New Clause 2 [0: Assisted dying bill amendment; effect unclear from title alone.] | 2025-06-13 VOTE: Voted Aye: Terminally Ill Adults (End of Life) Bill: New Clause 1 [0: New Clause on end of life bill, effect unclear from title alone.] | 2025-06-13 VOTE: Voted Aye: Terminally Ill Adults (End of Life) Bill: Amendment (b) to New Clause 14 [0: Amendment to end of life bill, effect unclear from title alone.] | 2025-05-16 VOTE: Voted Aye: Terminally Ill Adults (End of Life) Bill Report Stage: Amendment (a) to New Clause 10 [0: Amendment to end of life bill, effect unclear from title alone.] | 2024-11-29 VOTE: Voted No: Terminally Ill Adults (End of Life) Bill: Second Reading [++: Voted against assisted dying bill's second reading, aligning with opposition to assisted dying.]"
"Shockat Adam (Independent, Leicester South)",1,,,,,,"2025-06-20 VOTE: Voted No: Terminally Ill Adults (End of Life) Bill: Third Reading [++: Voted against assisted dying bill at Third Reading, aligning with CitizenGO's opposition.] | 2025-06-20 VOTE: Voted No: Terminally Ill Adults (End of Life) Bill: Amendment 94 [0: Assisted dying bill amendment; effect unclear from title alone.] | 2025-06-20 VOTE: Voted No: Terminally Ill Adults (End of Life) Bill: Amendment 77 [0: Assisted dying bill amendment; effect unclear from title alone.] | 2025-06-20 VOTE: Voted Aye: Terminally Ill Adults (End of Life) Bill: Amendment 12 [0: Assisted dying bill amendment; effect unclear from title alone.] | 2025-06-20 VOTE: Voted Aye: Terminally Ill Adults (End of Life) Bill: Amendment 24 [0: Assisted dying bill amendment; effect unclear from title alone.] | 2025-06-20 VOTE: Voted Aye: Terminally Ill Adults (End of Life) Bill: New Clause 16 [0: Assisted dying bill new clause; effect unclear from title alone.] | 2025-06-13 VOTE: Voted Aye: Terminally Ill Adults (End of Life) Bill: New Clause 2 [0: Assisted dying bill amendment; effect unclear from title alone.] | 2025-06-13 VOTE: Voted Aye: Terminally Ill Adults (End of Life) Bill: New Clause 1 [0: New Clause on end of life bill, effect unclear from title alone.] | 2025-06-13 VOTE: Voted Aye: Terminally Ill Adults (End of Life) Bill: Amendment (b) to New Clause 14 [0: Amendment to end of life bill, effect unclear from title alone.] | 2025-05-16 VOTE: Voted Aye: Terminally Ill Adults (End of Life) Bill Report Stage: Amendment (a) to New Clause 10 [0: Amendment to end of life bill, effect unclear from title alone.] | 2024-11-29 VOTE: Voted No: Terminally Ill Adults (End of Life) Bill: Second Reading [++: Voted against assisted dying bill's second reading, aligning with opposition to assisted dying.]"
"Simon Hoare (Conservative, North Dorset)",1,,,,,,"2025-06-20 VOTE: Voted No: Terminally Ill Adults (End of Life) Bill: Third Reading [++: Voted against assisted dying bill at Third Reading, aligning with CitizenGO's opposition.] | 2025-06-20 VOTE: Voted No: Terminally Ill Adults (End of Life) Bill: Amendment 94 [0: Assisted dying bill amendment; effect unclear from title alone.] | 2025-06-20 VOTE: Voted No: Terminally Ill Adults (End of Life) Bill: Amendment 77 [0: Assisted dying bill amendment; effect unclear from title alone.] | 2025-06-20 VOTE: Voted Aye: Terminally Ill Adults (End of Life) Bill: Amendment 12 [0: Assisted dying bill amendment; effect unclear from title alone.] | 2025-06-20 VOTE: Voted Aye: Terminally Ill Adults (End of Life) Bill: Amendment 24 [0: Assisted dying bill amendment; effect unclear from title alone.] | 2025-06-20 VOTE: Voted Aye: Terminally Ill Adults (End of Life) Bill: New Clause 16 [0: Assisted dying bill new clause; effect unclear from title alone.] | 2025-06-13 VOTE: Voted Aye: Terminally Ill Adults (End of Life) Bill: New Clause 2 [0: Assisted dying bill amendment; effect unclear from title alone.] | 2025-06-13 VOTE: Voted Aye: Terminally Ill Adults (End of Life) Bill: New Clause 1 [0: New Clause on end of life bill, effect unclear from title alone.] | 2025-06-13 VOTE: Voted Aye: Terminally Ill Adults (End of Life) Bill: Amendment (b) to New Clause 14 [0: Amendment to end of life bill, effect unclear from title alone.] | 2025-05-16 VOTE: Voted Aye: Terminally Ill Adults (End of Life) Bill Report Stage: Amendment (a) to New Clause 10 [0: Amendment to end of life bill, effect unclear from title alone.] | 2024-11-29 VOTE: Voted No: Terminally Ill Adults (End of Life) Bill: Second Reading [++: Voted against assisted dying bill's second reading, aligning with opposition to assisted dying.]"
"Sir Desmond Swayne (Conservative, New Forest West)",1,,,,,,"2025-06-20 VOTE: Voted No: Terminally Ill Adults (End of Life) Bill: Third Reading [++: Voted against assisted dying bill at Third Reading, aligning with CitizenGO's opposition.] | 2025-06-20 VOTE: Voted No: Terminally Ill Adults (End of Life) Bill: Amendment 94 [0: Assisted dying bill amendment; effect unclear from title alone.] | 2025-06-20 VOTE: Voted No: Terminally Ill Adults (End of Life) Bill: Amendment 77 [0: Assisted dying bill amendment; effect unclear from title alone.] | 2025-06-20 VOTE: Voted Aye: Terminally Ill Adults (End of Life) Bill: Amendment 12 [0: Assisted dying bill amendment; effect unclear from title alone.] | 2025-06-20 VOTE: Voted Aye: Terminally Ill Adults (End of Life) Bill: Amendment 24 [0: Assisted dying bill amendment; effect unclear from title alone.] | 2025-06-20 VOTE: Voted Aye: Terminally Ill Adults (End of Life) Bill: New Clause 16 [0: Assisted dying bill new clause; effect unclear from title alone.] | 2025-06-13 VOTE: Voted Aye: Terminally Ill Adults (End of Life) Bill: New Clause 2 [0: Assisted dying bill amendment; effect unclear from title alone.] | 2025-06-13 VOTE: Voted Aye: Terminally Ill Adults (End of Life) Bill: New Clause 1 [0: New Clause on end of life bill, effect unclear from title alone.] | 2025-06-13 VOTE: Voted Aye: Terminally Ill Adults (End of Life) Bill: Amendment (b) to New Clause 14 [0: Amendment to end of life bill, effect unclear from title alone.] | 2025-05-16 VOTE: Voted Aye: Terminally Ill Adults (End of Life) Bill Report Stage: Amendment (a) to New Clause 10 [0: Amendment to end of life bill, effect unclear from title alone.] | 2024-11-29 VOTE: Voted No: Terminally Ill Adults (End of Life) Bill: Second Reading [++: Voted against assisted dying bill's second reading, aligning with opposition to assisted dying.]"
"Sir Edward Leigh (Conservative, Gainsborough)",1,,,,,,"2025-06-20 VOTE: Voted No: Terminally Ill Adults (End of Life) Bill: Third Reading [++: Voted against assisted dying bill at Third Reading, aligning with CitizenGO's opposition.] | 2025-06-20 VOTE: Voted No: Terminally Ill Adults (End of Life) Bill: Amendment 94 [0: Assisted dying bill amendment; effect unclear from title alone.] | 2025-06-20 VOTE: Voted No: Terminally Ill Adults (End of Life) Bill: Amendment 77 [0: Assisted dying bill amendment; effect unclear from title alone.] | 2025-06-20 VOTE: Voted Aye: Terminally Ill Adults (End of Life) Bill: Amendment 12 [0: Assisted dying bill amendment; effect unclear from title alone.] | 2025-06-20 VOTE: Voted Aye: Terminally Ill Adults (End of Life) Bill: Amendment 24 [0: Assisted dying bill amendment; effect unclear from title alone.] | 2025-06-20 VOTE: Voted Aye: Terminally Ill Adults (End of Life) Bill: New Clause 16 [0: Assisted dying bill new clause; effect unclear from title alone.] | 2025-06-13 VOTE: Voted Aye: Terminally Ill Adults (End of Life) Bill: New Clause 2 [0: Assisted dying bill amendment; effect unclear from title alone.] | 2025-06-13 VOTE: Voted Aye: Terminally Ill Adults (End of Life) Bill: New Clause 1 [0: New Clause on end of life bill, effect unclear from title alone.] | 2025-06-13 VOTE: Voted Aye: Terminally Ill Adults (End of Life) Bill: Amendment (b) to New Clause 14 [0: Amendment to end of life bill, effect unclear from title alone.] | 2025-05-16 VOTE: Voted Aye: Terminally Ill Adults (End of Life) Bill Report Stage: Amendment (a) to New Clause 10 [0: Amendment to end of life bill, effect unclear from title alone.] | 2024-11-29 VOTE: Voted No: Terminally Ill Adults (End of Life) Bill: Second Reading [++: Voted against assisted dying bill's second reading, aligning with opposition to assisted dying.]"
"Sir Iain Duncan Smith (Conservative, Chingford and Woodford Green)",1,,,,,,"2025-06-20 VOTE: Voted No: Terminally Ill Adults (End of Life) Bill: Third Reading [++: Voted against assisted dying bill at Third Reading, aligning with CitizenGO's opposition.] | 2025-06-20 VOTE: Voted No: Terminally Ill Adults (End of Life) Bill: Amendment 94 [0: Assisted dying bill amendment; effect unclear from title alone.] | 2025-06-20 VOTE: Voted No: Terminally Ill Adults (End of Life) Bill: Amendment 77 [0: Assisted dying bill amendment; effect unclear from title alone.] | 2025-06-20 VOTE: Voted Aye: Terminally Ill Adults (End of Life) Bill: Amendment 12 [0: Assisted dying bill amendment; effect unclear from title alone.] | 2025-06-20 VOTE: Voted Aye: Terminally Ill Adults (End of Life) Bill: Amendment 24 [0: Assisted dying bill amendment; effect unclear from title alone.] | 2025-06-20 VOTE: Voted Aye: Terminally Ill Adults (End of Life) Bill: New Clause 16 [0: Assisted dying bill new clause; effect unclear from title alone.] | 2025-06-13 VOTE: Voted Aye: Terminally Ill Adults (End of Life) Bill: New Clause 2 [0: Assisted dying bill amendment; effect unclear from title alone.] | 2025-06-13 VOTE: Voted Aye: Terminally Ill Adults (End of Life) Bill: New Clause 1 [0: New Clause on end of life bill, effect unclear from title alone.] | 2025-06-13 VOTE: Voted Aye: Terminally Ill Adults (End of Life) Bill: Amendment (b) to New Clause 14 [0: Amendment to end of life bill, effect unclear from title alone.] | 2025-05-16 VOTE: Voted Aye: Terminally Ill Adults (End of Life) Bill Report Stage: Amendment (a) to New Clause 10 [0: Amendment to end of life bill, effect unclear from title alone.] | 2024-11-29 VOTE: Voted No: Terminally Ill Adults (End of Life) Bill: Second Reading [++: Voted against assisted dying bill's second reading, aligning with opposition to assisted dying.]"
"Sir Julian Smith (Conservative, Skipton and Ripon)",1,,,,,,"2025-06-20 VOTE: Voted No: Terminally Ill Adults (End of Life) Bill: Third Reading [++: Voted against assisted dying bill at Third Reading, aligning with CitizenGO's opposition.] | 2025-06-20 VOTE: Voted No: Terminally Ill Adults (End of Life) Bill: Amendment 94 [0: Assisted dying bill amendment; effect unclear from title alone.] | 2025-06-20 VOTE: Voted No: Terminally Ill Adults (End of Life) Bill: Amendment 77 [0: Assisted dying bill amendment; effect unclear from title alone.] | 2025-06-20 VOTE: Voted Aye: Terminally Ill Adults (End of Life) Bill: Amendment 12 [0: Assisted dying bill amendment; effect unclear from title alone.] | 2025-06-20 VOTE: Voted Aye: Terminally Ill Adults (End of Life) Bill: Amendment 24 [0: Assisted dying bill amendment; effect unclear from title alone.] | 2025-06-20 VOTE: Voted Aye: Terminally Ill Adults (End of Life) Bill: New Clause 16 [0: Assisted dying bill new clause; effect unclear from title alone.] | 2025-06-13 VOTE: Voted Aye: Terminally Ill Adults (End of Life) Bill: New Clause 2 [0: Assisted dying bill amendment; effect unclear from title alone.] | 2025-06-13 VOTE: Voted Aye: Terminally Ill Adults (End of Life) Bill: New Clause 1 [0: New Clause on end of life bill, effect unclear from title alone.] | 2025-06-13 VOTE: Voted Aye: Terminally Ill Adults (End of Life) Bill: Amendment (b) to New Clause 14 [0: Amendment to end of life bill, effect unclear from title alone.] | 2025-05-16 VOTE: Voted Aye: Terminally Ill Adults (End of Life) Bill Report Stage: Amendment (a) to New Clause 10 [0: Amendment to end of life bill, effect unclear from title alone.] | 2024-11-29 VOTE: Voted No: Terminally Ill Adults (End of Life) Bill: Second Reading [++: Voted against assisted dying bill's second reading, aligning with opposition to assisted dying.]"
"Sojan Joseph (Labour, Ashford)",1,,,,,,"2025-06-20 VOTE: Voted No: Terminally Ill Adults (End of Life) Bill: Third Reading [++: Voted against assisted dying bill at Third Reading, aligning with CitizenGO's opposition.] | 2025-06-20 VOTE: Voted No: Terminally Ill Adults (End of Life) Bill: Amendment 94 [0: Assisted dying bill amendment; effect unclear from title alone.] | 2025-06-20 VOTE: Voted No: Terminally Ill Adults (End of Life) Bill: Amendment 77 [0: Assisted dying bill amendment; effect unclear from title alone.] | 2025-06-20 VOTE: Voted Aye: Terminally Ill Adults (End of Life) Bill: Amendment 12 [0: Assisted dying bill amendment; effect unclear from title alone.] | 2025-06-20 VOTE: Voted Aye: Terminally Ill Adults (End of Life) Bill: Amendment 24 [0: Assisted dying bill amendment; effect unclear from title alone.] | 2025-06-20 VOTE: Voted Aye: Terminally Ill Adults (End of Life) Bill: New Clause 16 [0: Assisted dying bill new clause; effect unclear from title alone.] | 2025-06-13 VOTE: Voted Aye: Terminally Ill Adults (End of Life) Bill: New Clause 2 [0: Assisted dying bill amendment; effect unclear from title alone.] | 2025-06-13 VOTE: Voted Aye: Terminally Ill Adults (End of Life) Bill: New Clause 1 [0: New Clause on end of life bill, effect unclear from title alone.] | 2025-06-13 VOTE: Voted Aye: Terminally Ill Adults (End of Life) Bill: Amendment (b) to New Clause 14 [0: Amendment to end of life bill, effect unclear from title alone.] | 2025-05-16 VOTE: Voted Aye: Terminally Ill Adults (End of Life) Bill Report Stage: Amendment (a) to New Clause 10 [0: Amendment to end of life bill, effect unclear from title alone.] | 2024-11-29 VOTE: Voted No: Terminally Ill Adults (End of Life) Bill: Second Reading [++: Voted against assisted dying bill's second reading, aligning with opposition to assisted dying.]"
"Stephanie Peacock (Labour, Barnsley South)",1,,,,,,"2025-06-20 VOTE: Voted No: Terminally Ill Adults (End of Life) Bill: Third Reading [++: Voted against assisted dying bill at Third Reading, aligning with CitizenGO's opposition.] | 2025-06-20 VOTE: Voted No: Terminally Ill Adults (End of Life) Bill: Amendment 94 [0: Assisted dying bill amendment; effect unclear from title alone.] | 2025-06-20 VOTE: Voted No: Terminally Ill Adults (End of Life) Bill: Amendment 77 [0: Assisted dying bill amendment; effect unclear from title alone.] | 2025-06-20 VOTE: Voted Aye: Terminally Ill Adults (End of Life) Bill: Amendment 12 [0: Assisted dying bill amendment; effect unclear from title alone.] | 2025-06-20 VOTE: Voted Aye: Terminally Ill Adults (End of Life) Bill: Amendment 24 [0: Assisted dying bill amendment; effect unclear from title alone.] | 2025-06-20 VOTE: Voted Aye: Terminally Ill Adults (End of Life) Bill: New Clause 16 [0: Assisted dying bill new clause; effect unclear from title alone.] | 2025-06-13 VOTE: Voted Aye: Terminally Ill Adults (End of Life) Bill: New Clause 2 [0: Assisted dying bill amendment; effect unclear from title alone.] | 2025-06-13 VOTE: Voted Aye: Terminally Ill Adults (End of Life) Bill: New Clause 1 [0: New Clause on end of life bill, effect unclear from title alone.] | 2025-06-13 VOTE: Voted Aye: Terminally Ill Adults (End of Life) Bill: Amendment (b) to New Clause 14 [0: Amendment to end of life bill, effect unclear from title alone.] | 2025-05-16 VOTE: Voted Aye: Terminally Ill Adults (End of Life) Bill Report Stage: Amendment (a) to New Clause 10 [0: Amendment to end of life bill, effect unclear from title alone.] | 2024-11-29 VOTE: Voted No: Terminally Ill Adults (End of Life) Bill: Second Reading [++: Voted against assisted dying bill's second reading, aligning with opposition to assisted dying.]"
"Stephen Doughty (Labour (Co-op), Cardiff South and Penarth)",1,,,,,,"2025-06-20 VOTE: Voted No: Terminally Ill Adults (End of Life) Bill: Third Reading [++: Voted against assisted dying bill at Third Reading, aligning with CitizenGO's opposition.] | 2025-06-20 VOTE: Voted No: Terminally Ill Adults (End of Life) Bill: Amendment 94 [0: Assisted dying bill amendment; effect unclear from title alone.] | 2025-06-20 VOTE: Voted No: Terminally Ill Adults (End of Life) Bill: Amendment 77 [0: Assisted dying bill amendment; effect unclear from title alone.] | 2025-06-20 VOTE: Voted Aye: Terminally Ill Adults (End of Life) Bill: Amendment 12 [0: Assisted dying bill amendment; effect unclear from title alone.] | 2025-06-20 VOTE: Voted Aye: Terminally Ill Adults (End of Life) Bill: Amendment 24 [0: Assisted dying bill amendment; effect unclear from title alone.] | 2025-06-20 VOTE: Voted Aye: Terminally Ill Adults (End of Life) Bill: New Clause 16 [0: Assisted dying bill new clause; effect unclear from title alone.] | 2025-06-13 VOTE: Voted Aye: Terminally Ill Adults (End of Life) Bill: New Clause 2 [0: Assisted dying bill amendment; effect unclear from title alone.] | 2025-06-13 VOTE: Voted Aye: Terminally Ill Adults (End of Life) Bill: New Clause 1 [0: New Clause on end of life bill, effect unclear from title alone.] | 2025-06-13 VOTE: Voted Aye: Terminally Ill Adults (End of Life) Bill: Amendment (b) to New Clause 14 [0: Amendment to end of life bill, effect unclear from title alone.] | 2025-05-16 VOTE: Voted Aye: Terminally Ill Adults (End of Life) Bill Report Stage: Amendment (a) to New Clause 10 [0: Amendment to end of life bill, effect unclear from title alone.] | 2024-11-29 VOTE: Voted No: Terminally Ill Adults (End of Life) Bill: Second Reading [++: Voted against assisted dying bill's second reading, aligning with opposition to assisted dying.]"
"Steve Darling (Liberal Democrat, Torbay)",1,,,,,,"CONFLICTING SIGNALS - review all evidence | 2025-06-20 VOTE: Voted No: Terminally Ill Adults (End of Life) Bill: Third Reading [++: Voted against assisted dying bill at Third Reading, aligning with CitizenGO's opposition.] | 2025-06-20 VOTE: Voted Aye: Terminally Ill Adults (End of Life) Bill: Amendment 94 [0: Assisted dying bill amendment; effect unclear from title alone.] | 2025-06-20 VOTE: Voted Aye: Terminally Ill Adults (End of Life) Bill: Amendment 77 [0: Assisted dying bill amendment; effect unclear from title alone.] | 2025-06-20 VOTE: Voted Aye: Terminally Ill Adults (End of Life) Bill: Amendment 12 [0: Assisted dying bill amendment; effect unclear from title alone.] | 2025-06-20 VOTE: Voted No: Terminally Ill Adults (End of Life) Bill: Amendment 24 [0: Assisted dying bill amendment; effect unclear from title alone.] | 2025-06-20 VOTE: Voted Aye: Terminally Ill Adults (End of Life) Bill: New Clause 16 [0: Assisted dying bill new clause; effect unclear from title alone.] | 2025-06-13 VOTE: Voted Aye: Terminally Ill Adults (End of Life) Bill: New Clause 2 [0: Assisted dying bill amendment; effect unclear from title alone.] | 2025-06-13 VOTE: Voted No: Terminally Ill Adults (End of Life) Bill: New Clause 1 [0: New Clause on end of life bill, effect unclear from title alone.] | 2025-06-13 VOTE: Voted No: Terminally Ill Adults (End of Life) Bill: Amendment (b) to New Clause 14 [0: Amendment to end of life bill, effect unclear from title alone.] | 2025-05-16 VOTE: Voted Aye: Terminally Ill Adults (End of Life) Bill Report Stage: Amendment (a) to New Clause 10 [0: Amendment to end of life bill, effect unclear from title alone.] | 2024-11-29 VOTE: Voted Aye: Terminally Ill Adults (End of Life) Bill: Second Reading [--: Voted for assisted dying bill's second reading, directly opposing CitizenGO's stance against assisted dying.]"
"Stuart Andrew (Conservative, Daventry)",1,,,,,,"2025-06-20 VOTE: Voted No: Terminally Ill Adults (End of Life) Bill: Third Reading [++: Voted against assisted dying bill at Third Reading, aligning with CitizenGO's opposition.] | 2025-06-20 VOTE: Voted No: Terminally Ill Adults (End of Life) Bill: Amendment 94 [0: Assisted dying bill amendment; effect unclear from title alone.] | 2025-06-20 VOTE: Voted No: Terminally Ill Adults (End of Life) Bill: Amendment 77 [0: Assisted dying bill amendment; effect unclear from title alone.] | 2025-06-20 VOTE: Voted Aye: Terminally Ill Adults (End of Life) Bill: Amendment 12 [0: Assisted dying bill amendment; effect unclear from title alone.] | 2025-06-20 VOTE: Voted Aye: Terminally Ill Adults (End of Life) Bill: Amendment 24 [0: Assisted dying bill amendment; effect unclear from title alone.] | 2025-06-20 VOTE: Voted Aye: Terminally Ill Adults (End of Life) Bill: New Clause 16 [0: Assisted dying bill new clause; effect unclear from title alone.] | 2025-06-13 VOTE: Voted Aye: Terminally Ill Adults (End of Life) Bill: New Clause 2 [0: Assisted dying bill amendment; effect unclear from title alone.] | 2025-06-13 VOTE: Voted Aye: Terminally Ill Adults (End of Life) Bill: New Clause 1 [0: New Clause on end of life bill, effect unclear from title alone.] | 2025-06-13 VOTE: Voted Aye: Terminally Ill Adults (End of Life) Bill: Amendment (b) to New Clause 14 [0: Amendment to end of life bill, effect unclear from title alone.] | 2025-05-16 VOTE: Voted Aye: Terminally Ill Adults (End of Life) Bill Report Stage: Amendment (a) to New Clause 10 [0: Amendment to end of life bill, effect unclear from title alone.] | 2024-11-29 VOTE: Voted No: Terminally Ill Adults (End of Life) Bill: Second Reading [++: Voted against assisted dying bill's second reading, aligning with opposition to assisted dying.]"
"Taiwo Owatemi (Labour, Coventry North West)",1,,,,,,"2025-06-20 VOTE: Voted No: Terminally Ill Adults (End of Life) Bill: Third Reading [++: Voted against assisted dying bill at Third Reading, aligning with CitizenGO's opposition.] | 2025-06-20 VOTE: Voted No: Terminally Ill Adults (End of Life) Bill: Amendment 94 [0: Assisted dying bill amendment; effect unclear from title alone.] | 2025-06-20 VOTE: Voted No: Terminally Ill Adults (End of Life) Bill: Amendment 77 [0: Assisted dying bill amendment; effect unclear from title alone.] | 2025-06-20 VOTE: Voted Aye: Terminally Ill Adults (End of Life) Bill: Amendment 12 [0: Assisted dying bill amendment; effect unclear from title alone.] | 2025-06-20 VOTE: Voted Aye: Terminally Ill Adults (End of Life) Bill: Amendment 24 [0: Assisted dying bill amendment; effect unclear from title alone.] | 2025-06-20 VOTE: Voted Aye: Terminally Ill Adults (End of Life) Bill: New Clause 16 [0: Assisted dying bill new clause; effect unclear from title alone.] | 2025-06-13 VOTE: Voted Aye: Terminally Ill Adults (End of Life) Bill: New Clause 2 [0: Assisted dying bill amendment; effect unclear from title alone.] | 2025-06-13 VOTE: Voted Aye: Terminally Ill Adults (End of Life) Bill: New Clause 1 [0: New Clause on end of life bill, effect unclear from title alone.] | 2025-06-13 VOTE: Voted Aye: Terminally Ill Adults (End of Life) Bill: Amendment (b) to New Clause 14 [0: Amendment to end of life bill, effect unclear from title alone.] | 2025-05-16 VOTE: Voted Aye: Terminally Ill Adults (End of Life) Bill Report Stage: Amendment (a) to New Clause 10 [0: Amendment to end of life bill, effect unclear from title alone.] | 2024-11-29 VOTE: Voted No: Terminally Ill Adults (End of Life) Bill: Second Reading [++: Voted against assisted dying bill's second reading, aligning with opposition to assisted dying.]"
"Tim Farron (Liberal Democrat, Westmorland and Lonsdale)",1,,,,,,"2025-06-20 VOTE: Voted No: Terminally Ill Adults (End of Life) Bill: Third Reading [++: Voted against assisted dying bill at Third Reading, aligning with CitizenGO's opposition.] | 2025-06-20 VOTE: Voted No: Terminally Ill Adults (End of Life) Bill: Amendment 94 [0: Assisted dying bill amendment; effect unclear from title alone.] | 2025-06-20 VOTE: Voted No: Terminally Ill Adults (End of Life) Bill: Amendment 77 [0: Assisted dying bill amendment; effect unclear from title alone.] | 2025-06-20 VOTE: Voted Aye: Terminally Ill Adults (End of Life) Bill: Amendment 12 [0: Assisted dying bill amendment; effect unclear from title alone.] | 2025-06-20 VOTE: Voted Aye: Terminally Ill Adults (End of Life) Bill: Amendment 24 [0: Assisted dying bill amendment; effect unclear from title alone.] | 2025-06-20 VOTE: Voted Aye: Terminally Ill Adults (End of Life) Bill: New Clause 16 [0: Assisted dying bill new clause; effect unclear from title alone.] | 2025-06-13 VOTE: Voted Aye: Terminally Ill Adults (End of Life) Bill: New Clause 2 [0: Assisted dying bill amendment; effect unclear from title alone.] | 2025-06-13 VOTE: Voted Aye: Terminally Ill Adults (End of Life) Bill: New Clause 1 [0: New Clause on end of life bill, effect unclear from title alone.] | 2025-06-13 VOTE: Voted Aye: Terminally Ill Adults (End of Life) Bill: Amendment (b) to New Clause 14 [0: Amendment to end of life bill, effect unclear from title alone.] | 2025-05-16 VOTE: Voted Aye: Terminally Ill Adults (End of Life) Bill Report Stage: Amendment (a) to New Clause 10 [0: Amendment to end of life bill, effect unclear from title alone.] | 2024-11-29 VOTE: Voted No: Terminally Ill Adults (End of Life) Bill: Second Reading [++: Voted against assisted dying bill's second reading, aligning with opposition to assisted dying.]"
"Tom Collins (Labour, Worcester)",1,,,,,,"2025-06-20 VOTE: Voted No: Terminally Ill Adults (End of Life) Bill: Third Reading [++: Voted against assisted dying bill at Third Reading, aligning with CitizenGO's opposition.] | 2025-06-20 VOTE: Voted No: Terminally Ill Adults (End of Life) Bill: Amendment 94 [0: Assisted dying bill amendment; effect unclear from title alone.] | 2025-06-20 VOTE: Voted No: Terminally Ill Adults (End of Life) Bill: Amendment 77 [0: Assisted dying bill amendment; effect unclear from title alone.] | 2025-06-20 VOTE: Voted Aye: Terminally Ill Adults (End of Life) Bill: Amendment 12 [0: Assisted dying bill amendment; effect unclear from title alone.] | 2025-06-20 VOTE: Voted Aye: Terminally Ill Adults (End of Life) Bill: Amendment 24 [0: Assisted dying bill amendment; effect unclear from title alone.] | 2025-06-20 VOTE: Voted Aye: Terminally Ill Adults (End of Life) Bill: New Clause 16 [0: Assisted dying bill new clause; effect unclear from title alone.] | 2025-06-13 VOTE: Voted Aye: Terminally Ill Adults (End of Life) Bill: New Clause 2 [0: Assisted dying bill amendment; effect unclear from title alone.] | 2025-06-13 VOTE: Voted Aye: Terminally Ill Adults (End of Life) Bill: New Clause 1 [0: New Clause on end of life bill, effect unclear from title alone.] | 2025-06-13 VOTE: Voted Aye: Terminally Ill Adults (End of Life) Bill: Amendment (b) to New Clause 14 [0: Amendment to end of life bill, effect unclear from title alone.] | 2025-05-16 VOTE: Voted Aye: Terminally Ill Adults (End of Life) Bill Report Stage: Amendment (a) to New Clause 10 [0: Amendment to end of life bill, effect unclear from title alone.] | 2024-11-29 VOTE: Voted No: Terminally Ill Adults (End of Life) Bill: Second Reading [++: Voted against assisted dying bill's second reading, aligning with opposition to assisted dying.]"
"Tom Tugendhat (Conservative, Tonbridge)",1,,,,,,"2025-06-20 VOTE: Voted No: Terminally Ill Adults (End of Life) Bill: Third Reading [++: Voted against assisted dying bill at Third Reading, aligning with CitizenGO's opposition.] | 2025-06-20 VOTE: Voted No: Terminally Ill Adults (End of Life) Bill: Amendment 94 [0: Assisted dying bill amendment; effect unclear from title alone.] | 2025-06-20 VOTE: Voted No: Terminally Ill Adults (End of Life) Bill: Amendment 77 [0: Assisted dying bill amendment; effect unclear from title alone.] | 2025-06-20 VOTE: Voted Aye: Terminally Ill Adults (End of Life) Bill: Amendment 12 [0: Assisted dying bill amendment; effect unclear from title alone.] | 2025-06-20 VOTE: Voted Aye: Terminally Ill Adults (End of Life) Bill: Amendment 24 [0: Assisted dying bill amendment; effect unclear from title alone.] | 2025-06-20 VOTE: Voted Aye: Terminally Ill Adults (End of Life) Bill: New Clause 16 [0: Assisted dying bill new clause; effect unclear from title alone.] | 2025-06-13 VOTE: Voted Aye: Terminally Ill Adults (End of Life) Bill: New Clause 2 [0: Assisted dying bill amendment; effect unclear from title alone.] | 2025-06-13 VOTE: Voted Aye: Terminally Ill Adults (End of Life) Bill: New Clause 1 [0: New Clause on end of life bill, effect unclear from title alone.] | 2025-06-13 VOTE: Voted Aye: Terminally Ill Adults (End of Life) Bill: Amendment (b) to New Clause 14 [0: Amendment to end of life bill, effect unclear from title alone.] | 2025-05-16 VOTE: Voted Aye: Terminally Ill Adults (End of Life) Bill Report Stage: Amendment (a) to New Clause 10 [0: Amendment to end of life bill, effect unclear from title alone.] | 2024-11-29 VOTE: Voted No: Terminally Ill Adults (End of Life) Bill: Second Reading [++: Voted against assisted dying bill's second reading, aligning with opposition to assisted dying.]"
"Torcuil Crichton (Labour, Na h-Eileanan an Iar)",1,,,,,,"2025-06-20 VOTE: Voted No: Terminally Ill Adults (End of Life) Bill: Third Reading [++: Voted against assisted dying bill at Third Reading, aligning with CitizenGO's opposition.] | 2025-06-20 VOTE: Voted No: Terminally Ill Adults (End of Life) Bill: Amendment 94 [0: Assisted dying bill amendment; effect unclear from title alone.] | 2025-06-20 VOTE: Voted No: Terminally Ill Adults (End of Life) Bill: Amendment 77 [0: Assisted dying bill amendment; effect unclear from title alone.] | 2025-06-20 VOTE: Voted Aye: Terminally Ill Adults (End of Life) Bill: Amendment 12 [0: Assisted dying bill amendment; effect unclear from title alone.] | 2025-06-20 VOTE: Voted Aye: Terminally Ill Adults (End of Life) Bill: Amendment 24 [0: Assisted dying bill amendment; effect unclear from title alone.] | 2025-06-20 VOTE: Voted Aye: Terminally Ill Adults (End of Life) Bill: New Clause 16 [0: Assisted dying bill new clause; effect unclear from title alone.] | 2025-06-13 VOTE: Voted Aye: Terminally Ill Adults (End of Life) Bill: New Clause 2 [0: Assisted dying bill amendment; effect unclear from title alone.] | 2025-06-13 VOTE: Voted Aye: Terminally Ill Adults (End of Life) Bill: New Clause 1 [0: New Clause on end of life bill, effect unclear from title alone.] | 2025-06-13 VOTE: Voted Aye: Terminally Ill Adults (End of Life) Bill: Amendment (b) to New Clause 14 [0: Amendment to end of life bill, effect unclear from title alone.] | 2025-05-16 VOTE: Voted Aye: Terminally Ill Adults (End of Life) Bill Report Stage: Amendment (a) to New Clause 10 [0: Amendment to end of life bill, effect unclear from title alone.] | 2024-11-29 VOTE: Voted No: Terminally Ill Adults (End of Life) Bill: Second Reading [++: Voted against assisted dying bill's second reading, aligning with opposition to assisted dying.]"
"Vicky Foxcroft (Labour, Lewisham North)",1,,,,,,"2025-06-20 VOTE: Voted No: Terminally Ill Adults (End of Life) Bill: Third Reading [++: Voted against assisted dying bill at Third Reading, aligning with CitizenGO's opposition.] | 2025-06-20 VOTE: Voted No: Terminally Ill Adults (End of Life) Bill: Amendment 94 [0: Assisted dying bill amendment; effect unclear from title alone.] | 2025-06-20 VOTE: Voted No: Terminally Ill Adults (End of Life) Bill: Amendment 77 [0: Assisted dying bill amendment; effect unclear from title alone.] | 2025-06-20 VOTE: Voted Aye: Terminally Ill Adults (End of Life) Bill: Amendment 12 [0: Assisted dying bill amendment; effect unclear from title alone.] | 2025-06-20 VOTE: Voted Aye: Terminally Ill Adults (End of Life) Bill: Amendment 24 [0: Assisted dying bill amendment; effect unclear from title alone.] | 2025-06-20 VOTE: Voted Aye: Terminally Ill Adults (End of Life) Bill: New Clause 16 [0: Assisted dying bill new clause; effect unclear from title alone.] | 2025-06-13 VOTE: Voted Aye: Terminally Ill Adults (End of Life) Bill: New Clause 2 [0: Assisted dying bill amendment; effect unclear from title alone.] | 2025-06-13 VOTE: Voted Aye: Terminally Ill Adults (End of Life) Bill: New Clause 1 [0: New Clause on end of life bill, effect unclear from title alone.] | 2025-06-13 VOTE: Voted Aye: Terminally Ill Adults (End of Life) Bill: Amendment (b) to New Clause 14 [0: Amendment to end of life bill, effect unclear from title alone.] | 2025-05-16 VOTE: Voted Aye: Terminally Ill Adults (End of Life) Bill Report Stage: Amendment (a) to New Clause 10 [0: Amendment to end of life bill, effect unclear from title alone.] | 2024-11-29 VOTE: Voted No: Terminally Ill Adults (End of Life) Bill: Second Reading [++: Voted against assisted dying bill's second reading, aligning with opposition to assisted dying.]"
"Wes Streeting (Labour, Ilford North)",1,,,,,,"2025-06-20 VOTE: Voted No: Terminally Ill Adults (End of Life) Bill: Third Reading [++: Voted against assisted dying bill at Third Reading, aligning with CitizenGO's opposition.] | 2025-06-20 VOTE: Voted No: Terminally Ill Adults (End of Life) Bill: Amendment 94 [0: Assisted dying bill amendment; effect unclear from title alone.] | 2025-06-20 VOTE: Voted No: Terminally Ill Adults (End of Life) Bill: Amendment 77 [0: Assisted dying bill amendment; effect unclear from title alone.] | 2025-06-20 VOTE: Voted Aye: Terminally Ill Adults (End of Life) Bill: Amendment 12 [0: Assisted dying bill amendment; effect unclear from title alone.] | 2025-06-20 VOTE: Voted Aye: Terminally Ill Adults (End of Life) Bill: Amendment 24 [0: Assisted dying bill amendment; effect unclear from title alone.] | 2025-06-20 VOTE: Voted Aye: Terminally Ill Adults (End of Life) Bill: New Clause 16 [0: Assisted dying bill new clause; effect unclear from title alone.] | 2025-06-13 VOTE: Voted Aye: Terminally Ill Adults (End of Life) Bill: New Clause 2 [0: Assisted dying bill amendment; effect unclear from title alone.] | 2025-06-13 VOTE: Voted Aye: Terminally Ill Adults (End of Life) Bill: New Clause 1 [0: New Clause on end of life bill, effect unclear from title alone.] | 2025-06-13 VOTE: Voted Aye: Terminally Ill Adults (End of Life) Bill: Amendment (b) to New Clause 14 [0: Amendment to end of life bill, effect unclear from title alone.] | 2025-05-16 VOTE: Voted Aye: Terminally Ill Adults (End of Life) Bill Report Stage: Amendment (a) to New Clause 10 [0: Amendment to end of life bill, effect unclear from title alone.] | 2024-11-29 VOTE: Voted No: Terminally Ill Adults (End of Life) Bill: Second Reading [++: Voted against assisted dying bill's second reading, aligning with opposition to assisted dying.]"
"Alan Strickland (Labour, Newton Aycliffe and Spennymoor)",1,,,,,,"2025-06-20 VOTE: Voted No: Terminally Ill Adults (End of Life) Bill: Third Reading [++: Voted against assisted dying bill at Third Reading, aligning with CitizenGO's opposition.] | 2025-06-20 VOTE: Voted No: Terminally Ill Adults (End of Life) Bill: Amendment 94 [0: Assisted dying bill amendment; effect unclear from title alone.] | 2025-06-20 VOTE: Voted No: Terminally Ill Adults (End of Life) Bill: Amendment 77 [0: Assisted dying bill amendment; effect unclear from title alone.] | 2025-06-20 VOTE: Voted Aye: Terminally Ill Adults (End of Life) Bill: Amendment 12 [0: Assisted dying bill amendment; effect unclear from title alone.] | 2025-06-20 VOTE: Voted Aye: Terminally Ill Adults (End of Life) Bill: Amendment 24 [0: Assisted dying bill amendment; effect unclear from title alone.] | 2025-06-20 VOTE: Voted Aye: Terminally Ill Adults (End of Life) Bill: New Clause 16 [0: Assisted dying bill new clause; effect unclear from title alone.] | 2025-06-13 VOTE: Voted Aye: Terminally Ill Adults (End of Life) Bill: New Clause 2 [0: Assisted dying bill amendment; effect unclear from title alone.] | 2025-06-13 VOTE: Voted Aye: Terminally Ill Adults (End of Life) Bill: New Clause 1 [0: New Clause on end of life bill, effect unclear from title alone.] | 2025-06-13 VOTE: Voted Aye: Terminally Ill Adults (End of Life) Bill: Amendment (b) to New Clause 14 [0: Amendment to end of life bill, effect unclear from title alone.] | 2024-11-29 VOTE: Voted No: Terminally Ill Adults (End of Life) Bill: Second Reading [++: Voted against assisted dying bill's second reading, aligning with opposition to assisted dying.]"
"Alex Baker (Labour, Aldershot)",1,,,,,,"2025-06-20 VOTE: Voted No: Terminally Ill Adults (End of Life) Bill: Third Reading [++: Voted against assisted dying bill at Third Reading, aligning with CitizenGO's opposition.] | 2025-06-20 VOTE: Voted No: Terminally Ill Adults (End of Life) Bill: Amendment 94 [0: Assisted dying bill amendment; effect unclear from title alone.] | 2025-06-20 VOTE: Voted No: Terminally Ill Adults (End of Life) Bill: Amendment 77 [0: Assisted dying bill amendment; effect unclear from title alone.] | 2025-06-20 VOTE: Voted Aye: Terminally Ill Adults (End of Life) Bill: Amendment 12 [0: Assisted dying bill amendment; effect unclear from title alone.] | 2025-06-20 VOTE: Voted Aye: Terminally Ill Adults (End of Life) Bill: Amendment 24 [0: Assisted dying bill amendment; effect unclear from title alone.] | 2025-06-13 VOTE: Voted Aye: Terminally Ill Adults (End of Life) Bill: New Clause 2 [0: Assisted dying bill amendment; effect unclear from title alone.] | 2025-06-13 VOTE: Voted Aye: Terminally Ill Adults (End of Life) Bill: New Clause 1 [0: New Clause on end of life bill, effect unclear from title alone.] | 2025-06-13 VOTE: Voted Aye: Terminally Ill Adults (End of Life) Bill: Amendment (b) to New Clause 14 [0: Amendment to end of life bill, effect unclear from title alone.] | 2025-05-16 VOTE: Voted Aye: Terminally Ill Adults (End of Life) Bill Report Stage: Amendment (a) to New Clause 10 [0: Amendment to end of life bill, effect unclear from title alone.] | 2024-11-29 VOTE: Voted No: Terminally Ill Adults (End of Life) Bill: Second Reading [++: Voted against assisted dying bill's second reading, aligning with opposition to assisted dying.]"
"Alex McIntyre (Labour, Gloucester)",1,,,,,,"2025-06-20 VOTE: Voted No: Terminally Ill Adults (End of Life) Bill: Third Reading [++: Voted against assisted dying bill at Third Reading, aligning with CitizenGO's opposition.] | 2025-06-20 VOTE: Voted Aye: Terminally Ill Adults (End of Life) Bill: Amendment 94 [0: Assisted dying bill amendment; effect unclear from title alone.] | 2025-06-20 VOTE: Voted Aye: Terminally Ill Adults (End of Life) Bill: Amendment 77 [0: Assisted dying bill amendment; effect unclear from title alone.] | 2025-06-20 VOTE: Voted Aye: Terminally Ill Adults (End of Life) Bill: Amendment 24 [0: Assisted dying bill amendment; effect unclear from title alone.] | 2025-06-20 VOTE: Voted Aye: Terminally Ill Adults (End of Life) Bill: New Clause 16 [0: Assisted dying bill new clause; effect unclear from title alone.] | 2025-06-13 VOTE: Voted Aye: Terminally Ill Adults (End of Life) Bill: New Clause 2 [0: Assisted dying bill amendment; effect unclear from title alone.] | 2025-06-13 VOTE: Voted Aye: Terminally Ill Adults (End of Life) Bill: New Clause 1 [0: New Clause on end of life bill, effect unclear from title alone.] | 2025-06-13 VOTE: Voted Aye: Terminally Ill Adults (End of Life) Bill: Amendment (b) to New Clause 14 [0: Amendment to end of life bill, effect unclear from title alone.] | 2025-05-16 VOTE: Voted Aye: Terminally Ill Adults (End of Life) Bill Report Stage: Amendment (a) to New Clause 10 [0: Amendment to end of life bill, effect unclear from title alone.] | 2024-11-29 VOTE: Voted No: Terminally Ill Adults (End of Life) Bill: Second Reading [++: Voted against assisted dying bill's second reading, aligning with opposition to assisted dying.]"
"Alison Taylor (Labour, Paisley and Renfrewshire North)",1,,,,,,"2025-06-20 VOTE: Voted No: Terminally Ill Adults (End of Life) Bill: Third Reading [++: Voted against assisted dying bill at Third Reading, aligning with CitizenGO's opposition.] | 2025-06-20 VOTE: Voted No: Terminally Ill Adults (End of Life) Bill: Amendment 94 [0: Assisted dying bill amendment; effect unclear from title alone.] | 2025-06-20 VOTE: Voted No: Terminally Ill Adults (End of Life) Bill: Amendment 77 [0: Assisted dying bill amendment; effect unclear from title alone.] | 2025-06-20 VOTE: Voted Aye: Terminally Ill Adults (End of Life) Bill: Amendment 12 [0: Assisted dying bill amendment; effect unclear from title alone.] | 2025-06-20 VOTE: Voted Aye: Terminally Ill Adults (End of Life) Bill: Amendment 24 [0: Assisted dying bill amendment; effect unclear from title alone.] | 2025-06-20 VOTE: Voted Aye: Terminally Ill Adults (End of Life) Bill: New Clause 16 [0: Assisted dying bill new clause; effect unclear from title alone.] | 2025-06-13 VOTE: Voted Aye: Terminally Ill Adults (End of Life) Bill: New Clause 1 [0: New Clause on end of life bill, effect unclear from title alone.] | 2025-06-13 VOTE: Voted Aye: Terminally Ill Adults (End of Life) Bill: Amendment (b) to New Clause 14 [0: Amendment to end of life bill, effect unclear from title alone.] | 2025-05-16 VOTE: Voted Aye: Terminally Ill Adults (End of Life) Bill Report Stage: Amendment (a) to New Clause 10 [0: Amendment to end of life bill, effect unclear from title alone.] | 2024-11-29 VOTE: Voted No: Terminally Ill Adults (End of Life) Bill: Second Reading [++: Voted against assisted dying bill's second reading, aligning with opposition to assisted dying.]"
"Ben Coleman (Labour, Chelsea and Fulham)",1,,,,,,"2025-06-20 VOTE: Voted No: Terminally Ill Adults (End of Life) Bill: Third Reading [++: Voted against assisted dying bill at Third Reading, aligning with CitizenGO's opposition.] | 2025-06-20 VOTE: Voted No: Terminally Ill Adults (End of Life) Bill: Amendment 94 [0: Assisted dying bill amendment; effect unclear from title alone.] | 2025-06-20 VOTE: Voted No: Terminally Ill Adults (End of Life) Bill: Amendment 77 [0: Assisted dying bill amendment; effect unclear from title alone.] | 2025-06-20 VOTE: Voted Aye: Terminally Ill Adults (End of Life) Bill: Amendment 12 [0: Assisted dying bill amendment; effect unclear from title alone.] | 2025-06-20 VOTE: Voted Aye: Terminally Ill Adults (End of Life) Bill: Amendment 24 [0: Assisted dying bill amendment; effect unclear from title alone.] | 2025-06-20 VOTE: Voted Aye: Terminally Ill Adults (End of Life) Bill: New Clause 16 [0: Assisted dying bill new clause; effect unclear from title alone.] | 2025-06-13 VOTE: Voted Aye: Terminally Ill Adults (End of Life) Bill: New Clause 2 [0: Assisted dying bill amendment; effect unclear from title alone.] | 2025-06-13 VOTE: Voted Aye: Terminally Ill Adults (End of Life) Bill: New Clause 1 [0: New Clause on end of life bill, effect unclear from title alone.] | 2025-06-13 VOTE: Voted Aye: Terminally Ill Adults (End of Life) Bill: Amendment (b) to New Clause 14 [0: Amendment to end of life bill, effect unclear from title alone.] | 2024-11-29 VOTE: Voted No: Terminally Ill Adults (End of Life) Bill: Second Reading [++: Voted against assisted dying bill's second reading, aligning with opposition to assisted dying.]"
"Calum Miller (Liberal Democrat, Bicester and Woodstock)",1,,,,,,"2025-06-20 VOTE: Voted No: Terminally Ill Adults (End of Life) Bill: Third Reading [++: Voted against assisted dying bill at Third Reading, aligning with CitizenGO's opposition.] | 2025-06-20 VOTE: Voted No: Terminally Ill Adults (End of Life) Bill: Amendment 94 [0: Assisted dying bill amendment; effect unclear from title alone.] | 2025-06-20 VOTE: Voted No: Terminally Ill Adults (End of Life) Bill: Amendment 77 [0: Assisted dying bill amendment; effect unclear from title alone.] | 2025-06-20 VOTE: Voted Aye: Terminally Ill Adults (End of Life) Bill: Amendment 12 [0: Assisted dying bill amendment; effect unclear from title alone.] | 2025-06-20 VOTE: Voted Aye: Terminally Ill Adults (End of Life) Bill: Amendment 24 [0: Assisted dying bill amendment; effect unclear from title alone.] | 2025-06-20 VOTE: Voted Aye: Terminally Ill Adults (End of Life) Bill: New Clause 16 [0: Assisted dying bill new clause; effect unclear from title alone.] | 2025-06-13 VOTE: Voted Aye: Terminally Ill Adults (End of Life) Bill: New Clause 2 [0: Assisted dying bill amendment; effect unclear from title alone.] | 2025-06-13 VOTE: Voted Aye: Terminally Ill Adults (End of Life) Bill: New Clause 1 [0: New Clause on end of life bill, effect unclear from title alone.] | 2025-06-13 VOTE: Voted Aye: Terminally Ill Adults (End of Life) Bill: Amendment (b) to New Clause 14 [0: Amendment to end of life bill, effect unclear from title alone.] | 2024-11-29 VOTE: Voted No: Terminally Ill Adults (End of Life) Bill: Second Reading [++: Voted against assisted dying bill's second reading, aligning with opposition to assisted dying.]"
"Charlie Dewhirst (Conservative, Bridlington and The Wolds)",1,,,,,,"2025-06-20 VOTE: Voted No: Terminally Ill Adults (End of Life) Bill: Third Reading [++: Voted against assisted dying bill at Third Reading, aligning with CitizenGO's opposition.] | 2025-06-20 VOTE: Voted No: Terminally Ill Adults (End of Life) Bill: Amendment 94 [0: Assisted dying bill amendment; effect unclear from title alone.] | 2025-06-20 VOTE: Voted No: Terminally Ill Adults (End of Life) Bill: Amendment 77 [0: Assisted dying bill amendment; effect unclear from title alone.] | 2025-06-20 VOTE: Voted Aye: Terminally Ill Adults (End of Life) Bill: Amendment 12 [0: Assisted dying bill amendment; effect unclear from title alone.] | 2025-06-20 VOTE: Voted Aye: Terminally Ill Adults (End of Life) Bill: Amendment 24 [0: Assisted dying bill amendment; effect unclear from title alone.] | 2025-06-20 VOTE: Voted Aye: Terminally Ill Adults (End of Life) Bill: New Clause 16 [0: Assisted dying bill new clause; effect unclear from title alone.] | 2025-06-13 VOTE: Voted Aye: Terminally Ill Adults (End of Life) Bill: New Clause 2 [0: Assisted dying bill amendment; effect unclear from title alone.] | 2025-06-13 VOTE: Voted Aye: Terminally Ill Adults (End of Life) Bill: New Clause 1 [0: New Clause on end of life bill, effect unclear from title alone.] | 2025-06-13 VOTE: Voted Aye: Terminally Ill Adults (End of Life) Bill: Amendment (b) to New Clause 14 [0: Amendment to end of life bill, effect unclear from title alone.] | 2025-05-16 VOTE: Voted Aye: Terminally Ill Adults (End of Life) Bill Report Stage: Amendment (a) to New Clause 10 [0: Amendment to end of life bill, effect unclear from title alone.]"
"Dame Harriett Baldwin (Conservative, West Worcestershire)",1,,,,,,"2025-06-20 VOTE: Voted No: Terminally Ill Adults (End of Life) Bill: Third Reading [++: Voted against assisted dying bill at Third Reading, aligning with CitizenGO's opposition.] | 2025-06-20 VOTE: Voted No: Terminally Ill Adults (End of Life) Bill: Amendment 94 [0: Assisted dying bill amendment; effect unclear from title alone.] | 2025-06-20 VOTE: Voted No: Terminally Ill Adults (End of Life) Bill: Amendment 77 [0: Assisted dying bill amendment; effect unclear from title alone.] | 2025-06-20 VOTE: Voted Aye: Terminally Ill Adults (End of Life) Bill: Amendment 12 [0: Assisted dying bill amendment; effect unclear from title alone.] | 2025-06-20 VOTE: Voted Aye: Terminally Ill Adults (End of Life) Bill: Amendment 24 [0: Assisted dying bill amendment; effect unclear from title alone.] | 2025-06-20 VOTE: Voted Aye: Terminally Ill Adults (End of Life) Bill: New Clause 16 [0: Assisted dying bill new clause; effect unclear from title alone.] | 2025-06-13 VOTE: Voted Aye: Terminally Ill Adults (End of Life) Bill: New Clause 2 [0: Assisted dying bill amendment; effect unclear from title alone.] | 2025-06-13 VOTE: Voted Aye: Terminally Ill Adults (End of Life) Bill: New Clause 1 [0: New Clause on end of life bill, effect unclear from title alone.] | 2025-06-13 VOTE: Voted Aye: Terminally Ill Adults (End of Life) Bill: Amendment (b) to New Clause 14 [0: Amendment to end of life bill, effect unclear from title alone.] | 2025-05-16 VOTE: Voted Aye: Terminally Ill Adults (End of Life) Bill Report Stage: Amendment (a) to New Clause 10 [0: Amendment to end of life bill, effect unclear from title alone.]"
"Dawn Butler (Labour, Brent East)",1,,,,,,"2025-06-20 VOTE: Voted No: Terminally Ill Adults (End of Life) Bill: Third Reading [++: Voted against assisted dying bill at Third Reading, aligning with CitizenGO's opposition.] | 2025-06-20 VOTE: Voted No: Terminally Ill Adults (End of Life) Bill: Amendment 77 [0: Assisted dying bill amendment; effect unclear from title alone.] | 2025-06-20 VOTE: Voted Aye: Terminally Ill Adults (End of Life) Bill: Amendment 12 [0: Assisted dying bill amendment; effect unclear from title alone.] | 2025-06-20 VOTE: Voted Aye: Terminally Ill Adults (End of Life) Bill: Amendment 24 [0: Assisted dying bill amendment; effect unclear from title alone.] | 2025-06-20 VOTE: Voted Aye: Terminally Ill Adults (End of Life) Bill: New Clause 16 [0: Assisted dying bill new clause; effect unclear from title alone.] | 2025-06-13 VOTE: Voted Aye: Terminally Ill Adults (End of Life) Bill: New Clause 2 [0: Assisted dying bill amendment; effect unclear from title alone.] | 2025-06-13 VOTE: Voted Aye: Terminally Ill Adults (End of Life) Bill: New Clause 1 [0: New Clause on end of life bill, effect unclear from title alone.] | 2025-06-13 VOTE: Voted Aye: Terminally Ill Adults (End of Life) Bill: Amendment (b) to New Clause 14 [0: Amendment to end of life bill, effect unclear from title alone.] | 2025-05-16 VOTE: Voted Aye: Terminally Ill Adults (End of Life) Bill Report Stage: Amendment (a) to New Clause 10 [0: Amendment to end of life bill, effect unclear from title alone.] | 2024-11-29 VOTE: Voted No: Terminally Ill Adults (End of Life) Bill: Second Reading [++: Voted against assisted dying bill's second reading, aligning with opposition to assisted dying.]"
"Derek Twigg (Labour, Widnes and Halewood)",1,,,,,,"2025-06-20 VOTE: Voted No: Terminally Ill Adults (End of Life) Bill: Third Reading [++: Voted against assisted dying bill at Third Reading, aligning with CitizenGO's opposition.] | 2025-06-20 VOTE: Voted No: Terminally Ill Adults (End of Life) Bill: Amendment 94 [0: Assisted dying bill amendment; effect unclear from title alone.] | 2025-06-20 VOTE: Voted No: Terminally Ill Adults (End of Life) Bill: Amendment 77 [0: Assisted dying bill amendment; effect unclear from title alone.] | 2025-06-20 VOTE: Voted Aye: Terminally Ill Adults (End of Life) Bill: Amendment 12 [0: Assisted dying bill amendment; effect unclear from title alone.] | 2025-06-20 VOTE: Voted Aye: Terminally Ill Adults (End of Life) Bill: Amendment 24 [0: Assisted dying bill amendment; effect unclear from title alone.] | 2025-06-20 VOTE: Voted Aye: Terminally Ill Adults (End of Life) Bill: New Clause 16 [0: Assisted dying bill new clause; effect unclear from title alone.] | 2025-06-13 VOTE: Voted Aye: Terminally Ill Adults (End of Life) Bill: New Clause 2 [0: Assisted dying bill amendment; effect unclear from title alone.] | 2025-06-13 VOTE: Voted Aye: Terminally Ill Adults (End of Life) Bill: New Clause 1 [0: New Clause on end of life bill, effect unclear from title alone.] | 2025-06-13 VOTE: Voted Aye: Terminally Ill Adults (End of Life) Bill: Amendment (b) to New Clause 14 [0: Amendment to end of life bill, effect unclear from title alone.] | 2024-11-29 VOTE: Voted No: Terminally Ill Adults (End of Life) Bill: Second Reading [++: Voted against assisted dying bill's second reading, aligning with opposition to assisted dying.]"
"Dr Andrew Murrison (Conservative, South West Wiltshire)",1,,,,,,"2025-06-20 VOTE: Voted No: Terminally Ill Adults (End of Life) Bill: Third Reading [++: Voted against assisted dying bill at Third Reading, aligning with CitizenGO's opposition.] | 2025-06-20 VOTE: Voted No: Terminally Ill Adults (End of Life) Bill: Amendment 94 [0: Assisted dying bill amendment; effect unclear from title alone.] | 2025-06-20 VOTE: Voted No: Terminally Ill Adults (End of Life) Bill: Amendment 77 [0: Assisted dying bill amendment; effect unclear from title alone.] | 2025-06-20 VOTE: Voted Aye: Terminally Ill Adults (End of Life) Bill: Amendment 12 [0: Assisted dying bill amendment; effect unclear from title alone.] | 2025-06-20 VOTE: Voted Aye: Terminally Ill Adults (End of Life) Bill: Amendment 24 [0: Assisted dying bill amendment; effect unclear from title alone.] | 2025-06-20 VOTE: Voted Aye: Terminally Ill Adults (End of Life) Bill: New Clause 16 [0: Assisted dying bill new clause; effect unclear from title alone.] | 2025-06-13 VOTE: Voted Aye: Terminally Ill Adults (End of Life) Bill: New Clause 2 [0: Assisted dying bill amendment; effect unclear from title alone.] | 2025-06-13 VOTE: Voted Aye: Terminally Ill Adults (End of Life) Bill: New Clause 1 [0: New Clause on end of life bill, effect unclear from title alone.] | 2025-06-13 VOTE: Voted Aye: Terminally Ill Adults (End of Life) Bill: Amendment (b) to New Clause 14 [0: Amendment to end of life bill, effect unclear from title alone.] | 2024-11-29 VOTE: Voted No: Terminally Ill Adults (End of Life) Bill: Second Reading [++: Voted against assisted dying bill's second reading, aligning with opposition to assisted dying.]"
"Fleur Anderson (Labour, Putney)",1,,,,,,"2025-06-20 VOTE: Voted No: Terminally Ill Adults (End of Life) Bill: Third Reading [++: Voted against assisted dying bill at Third Reading, aligning with CitizenGO's opposition.] | 2025-06-20 VOTE: Voted Aye: Terminally Ill Adults (End of Life) Bill: Amendment 94 [0: Assisted dying bill amendment; effect unclear from title alone.] | 2025-06-20 VOTE: Voted Aye: Terminally Ill Adults (End of Life) Bill: Amendment 77 [0: Assisted dying bill amendment; effect unclear from title alone.] | 2025-06-20 VOTE: Voted No: Terminally Ill Adults (End of Life) Bill: Amendment 12 [0: Assisted dying bill amendment; effect unclear from title alone.] | 2025-06-20 VOTE: Voted No: Terminally Ill Adults (End of Life) Bill: Amendment 24 [0: Assisted dying bill amendment; effect unclear from title alone.] | 2025-06-20 VOTE: Voted Aye: Terminally Ill Adults (End of Life) Bill: New Clause 16 [0: Assisted dying bill new clause; effect unclear from title alone.] | 2025-06-13 VOTE: Voted Aye: Terminally Ill Adults (End of Life) Bill: New Clause 2 [0: Assisted dying bill amendment; effect unclear from title alone.] | 2025-06-13 VOTE: Voted No: Terminally Ill Adults (End of Life) Bill: New Clause 1 [0: New Clause on end of life bill, effect unclear from title alone.] | 2025-05-16 VOTE: Voted Aye: Terminally Ill Adults (End of Life) Bill Report Stage: Amendment (a) to New Clause 10 [0: Amendment to end of life bill, effect unclear from title alone.] | 2024-11-29 VOTE: Voted No: Terminally Ill Adults (End of Life) Bill: Second Reading [++: Voted against assisted dying bill's second reading, aligning with opposition to assisted dying.]"
"Florence Eshalomi (Labour (Co-op), Vauxhall and Camberwell Green)",1,,,,,,"2025-06-20 VOTE: Voted No: Terminally Ill Adults (End of Life) Bill: Third Reading [++: Voted against assisted dying bill at Third Reading, aligning with CitizenGO's opposition.] | 2025-06-20 VOTE: Voted No: Terminally Ill Adults (End of Life) Bill: Amendment 94 [0: Assisted dying bill amendment; effect unclear from title alone.] | 2025-06-20 VOTE: Voted No: Terminally Ill Adults (End of Life) Bill: Amendment 77 [0: Assisted dying bill amendment; effect unclear from title alone.] | 2025-06-20 VOTE: Voted Aye: Terminally Ill Adults (End of Life) Bill: Amendment 12 [0: Assisted dying bill amendment; effect unclear from title alone.] | 2025-06-20 VOTE: Voted Aye: Terminally Ill Adults (End of Life) Bill: Amendment 24 [0: Assisted dying bill amendment; effect unclear from title alone.] | 2025-06-20 VOTE: Voted Aye: Terminally Ill Adults (End of Life) Bill: New Clause 16 [0: Assisted dying bill new clause; effect unclear from title alone.] | 2025-06-13 VOTE: Voted Aye: Terminally Ill Adults (End of Life) Bill: New Clause 2 [0: Assisted dying bill amendment; effect unclear from title alone.] | 2025-06-13 VOTE: Voted Aye: Terminally Ill Adults (End of Life) Bill: New Clause 1 [0: New Clause on end of life bill, effect unclear from title alone.] | 2025-06-13 VOTE: Voted Aye: Terminally Ill Adults (End of Life) Bill: Amendment (b) to New Clause 14 [0: Amendment to end of life bill, effect unclear from title alone.] | 2025-05-16 VOTE: Voted Aye: Terminally Ill Adults (End of Life) Bill Report Stage: Amendment (a) to New Clause 10 [0: Amendment to end of life bill, effect unclear from title alone.]"
"Iqbal Mohamed (Independent, Dewsbury and Batley)",1,,,,,,"2025-06-20 VOTE: Voted No: Terminally Ill Adults (End of Life) Bill: Third Reading [++: Voted against assisted dying bill at Third Reading, aligning with CitizenGO's opposition.] | 2025-06-20 VOTE: Voted No: Terminally Ill Adults (End of Life) Bill: Amendment 94 [0: Assisted dying bill amendment; effect unclear from title alone.] | 2025-06-20 VOTE: Voted Aye: Terminally Ill Adults (End of Life) Bill: Amendment 12 [0: Assisted dying bill amendment; effect unclear from title alone.] | 2025-06-20 VOTE: Voted Aye: Terminally Ill Adults (End of Life) Bill: Amendment 24 [0: Assisted dying bill amendment; effect unclear from title alone.] | 2025-06-20 VOTE: Voted Aye: Terminally Ill Adults (End of Life) Bill: New Clause 16 [0: Assisted dying bill new clause; effect unclear from title alone.] | 2025-06-13 VOTE: Voted Aye: Terminally Ill Adults (End of Life) Bill: New Clause 2 [0: Assisted dying bill amendment; effect unclear from title alone.] | 2025-06-13 VOTE: Voted Aye: Terminally Ill Adults (End of Life) Bill: New Clause 1 [0: New Clause on end of life bill, effect unclear from title alone.] | 2025-06-13 VOTE: Voted Aye: Terminally Ill Adults (End of Life) Bill: Amendment (b) to New Clause 14 [0: Amendment to end of life bill, effect unclear from title alone.] | 2025-05-16 VOTE: Voted Aye: Terminally Ill Adults (End of Life) Bill Report Stage: Amendment (a) to New Clause 10 [0: Amendment to end of life bill, effect unclear from title alone.] | 2024-11-29 VOTE: Voted No: Terminally Ill Adults (End of Life) Bill: Second Reading [++: Voted against assisted dying bill's second reading, aligning with opposition to assisted dying.]"
"Jim McMahon (Labour (Co-op), Oldham West, Chadderton and Royton)",1,,,,,,"2025-06-20 VOTE: Voted No: Terminally Ill Adults (End of Life) Bill: Third Reading [++: Voted against assisted dying bill at Third Reading, aligning with CitizenGO's opposition.] | 2025-06-20 VOTE: Voted No: Terminally Ill Adults (End of Life) Bill: Amendment 94 [0: Assisted dying bill amendment; effect unclear from title alone.] | 2025-06-20 VOTE: Voted Aye: Terminally Ill Adults (End of Life) Bill: Amendment 12 [0: Assisted dying bill amendment; effect unclear from title alone.] | 2025-06-20 VOTE: Voted Aye: Terminally Ill Adults (End of Life) Bill: Amendment 24 [0: Assisted dying bill amendment; effect unclear from title alone.] | 2025-06-20 VOTE: Voted Aye: Terminally Ill Adults (End of Life) Bill: New Clause 16 [0: Assisted dying bill new clause; effect unclear from title alone.] | 2025-06-13 VOTE: Voted Aye: Terminally Ill Adults (End of Life) Bill: New Clause 2 [0: Assisted dying bill amendment; effect unclear from title alone.] | 2025-06-13 VOTE: Voted Aye: Terminally Ill Adults (End of Life) Bill: New Clause 1 [0: New Clause on end of life bill, effect unclear from title alone.] | 2025-06-13 VOTE: Voted Aye: Terminally Ill Adults (End of Life) Bill: Amendment (b) to New Clause 14 [0: Amendment to end of life bill, effect unclear from title alone.] | 2025-05-16 VOTE: Voted Aye: Terminally Ill Adults (End of Life) Bill Report Stage: Amendment (a) to New Clause 10 [0: Amendment to end of life bill, effect unclear from title alone.] | 2024-11-29 VOTE: Voted No: Terminally Ill Adults (End of Life) Bill: Second Reading [++: Voted against assisted dying bill's second reading, aligning with opposition to assisted dying.]"
"Josh Fenton-Glynn (Labour, Calder Valley)",1,,,,,,"2025-06-20 VOTE: Voted No: Terminally Ill Adults (End of Life) Bill: Third Reading [++: Voted against assisted dying bill at Third Reading, aligning with CitizenGO's opposition.] | 2025-06-20 VOTE: Voted No: Terminally Ill Adults (End of Life) Bill: Amendment 94 [0: Assisted dying bill amendment; effect unclear from title alone.] | 2025-06-20 VOTE: Voted No: Terminally Ill Adults (End of Life) Bill: Amendment 77 [0: Assisted dying bill amendment; effect unclear from title alone.] | 2025-06-20 VOTE: Voted Aye: Terminally Ill Adults (End of Life) Bill: Amendment 12 [0: Assisted dying bill amendment; effect unclear from title alone.] | 2025-06-20 VOTE: Voted Aye: Terminally Ill Adults (End of Life) Bill: Amendment 24 [0: Assisted dying bill amendment; effect unclear from title alone.] | 2025-06-20 VOTE: Voted Aye: Terminally Ill Adults (End of Life) Bill: New Clause 16 [0: Assisted dying bill new clause; effect unclear from title alone.] | 2025-06-13 VOTE: Voted Aye: Terminally Ill Adults (End of Life) Bill: New Clause 2 [0: Assisted dying bill amendment; effect unclear from title alone.] | 2025-06-13 VOTE: Voted Aye: Terminally Ill Adults (End of Life) Bill: New Clause 1 [0: New Clause on end of life bill, effect unclear from title alone.] | 2025-06-13 VOTE: Voted Aye: Terminally Ill Adults (End of Life) Bill: Amendment (b) to New Clause 14 [0: Amendment to end of life bill, effect unclear from title alone.] | 2025-05-16 VOTE: Voted Aye: Terminally Ill Adults (End of Life) Bill Report Stage: Amendment (a) to New Clause 10 [0: Amendment to end of life bill, effect unclear from title alone.]"
"Juliet Campbell (Labour, Broxtowe)",1,,,,,,"2025-06-20 VOTE: Voted No: Terminally Ill Adults (End of Life) Bill: Third Reading [++: Voted against assisted dying bill at Third Reading, aligning with CitizenGO's opposition.] | 2025-06-20 VOTE: Voted No: Terminally Ill Adults (End of Life) Bill: Amendment 94 [0: Assisted dying bill amendment; effect unclear from title alone.] | 2025-06-20 VOTE: Voted Aye: Terminally Ill Adults (End of Life) Bill: Amendment 12 [0: Assisted dying bill amendment; effect unclear from title alone.] | 2025-06-20 VOTE: Voted Aye: Terminally Ill Adults (End of Life) Bill: Amendment 24 [0: Assisted dying bill amendment; effect unclear from title alone.] | 2025-06-20 VOTE: Voted Aye: Terminally Ill Adults (End of Life) Bill: New Clause 16 [0: Assisted dying bill new clause; effect unclear from title alone.] | 2025-06-13 VOTE: Voted Aye: Terminally Ill Adults (End of Life) Bill: New Clause 2 [0: Assisted dying bill amendment; effect unclear from title alone.] | 2025-06-13 VOTE: Voted Aye: Terminally Ill Adults (End of Life) Bill: New Clause 1 [0: New Clause on end of life bill, effect unclear from title alone.] | 2025-06-13 VOTE: Voted Aye: Terminally Ill Adults (End of Life) Bill: Amendment (b) to New Clause 14 [0: Amendment to end of life bill, effect unclear from title alone.] | 2025-05-16 VOTE: Voted Aye: Terminally Ill Adults (End of Life) Bill Report Stage: Amendment (a) to New Clause 10 [0: Amendment to end of life bill, effect unclear from title alone.] | 2024-11-29 VOTE: Voted No: Terminally Ill Adults (End of Life) Bill: Second Reading [++: Voted against assisted dying bill's second reading, aligning with opposition to assisted dying.]"
"Justin Madders (Labour, Ellesmere Port and Bromborough)",1,,,,,,"2025-06-20 VOTE: Voted No: Terminally Ill Adults (End of Life) Bill: Third Reading [++: Voted against assisted dying bill at Third Reading, aligning with CitizenGO's opposition.] | 2025-06-20 VOTE: Voted No: Terminally Ill Adults (End of Life) Bill: Amendment 94 [0: Assisted dying bill amendment; effect unclear from title alone.] | 2025-06-20 VOTE: Voted Aye: Terminally Ill Adults (End of Life) Bill: Amendment 12 [0: Assisted dying bill amendment; effect unclear from title alone.] | 2025-06-20 VOTE: Voted Aye: Terminally Ill Adults (End of Life) Bill: Amendment 24 [0: Assisted dying bill amendment; effect unclear from title alone.] | 2025-06-20 VOTE: Voted Aye: Terminally Ill Adults (End of Life) Bill: New Clause 16 [0: Assisted dying bill new clause; effect unclear from title alone.] | 2025-06-13 VOTE: Voted Aye: Terminally Ill Adults (End of Life) Bill: New Clause 2 [0: Assisted dying bill amendment; effect unclear from title alone.] | 2025-06-13 VOTE: Voted Aye: Terminally Ill Adults (End of Life) Bill: New Clause 1 [0: New Clause on end of life bill, effect unclear from title alone.] | 2025-06-13 VOTE: Voted Aye: Terminally Ill Adults (End of Life) Bill: Amendment (b) to New Clause 14 [0: Amendment to end of life bill, effect unclear from title alone.] | 2025-05-16 VOTE: Voted Aye: Terminally Ill Adults (End of Life) Bill Report Stage: Amendment (a) to New Clause 10 [0: Amendment to end of life bill, effect unclear from title alone.] | 2024-11-29 VOTE: Voted No: Terminally Ill Adults (End of Life) Bill: Second Reading [++: Voted against assisted dying bill's second reading, aligning with opposition to assisted dying.]"
"Liz Twist (Labour, Blaydon and Consett)",1,,,,,,"2025-06-20 VOTE: Voted No: Terminally Ill Adults (End of Life) Bill: Third Reading [++: Voted against assisted dying bill at Third Reading, aligning with CitizenGO's opposition.] | 2025-06-20 VOTE: Voted No: Terminally Ill Adults (End of Life) Bill: Amendment 94 [0: Assisted dying bill amendment; effect unclear from title alone.] | 2025-06-20 VOTE: Voted No: Terminally Ill Adults (End of Life) Bill: Amendment 77 [0: Assisted dying bill amendment; effect unclear from title alone.] | 2025-06-20 VOTE: Voted Aye: Terminally Ill Adults (End of Life) Bill: Amendment 12 [0: Assisted dying bill amendment; effect unclear from title alone.] | 2025-06-20 VOTE: Voted Aye: Terminally Ill Adults (End of Life) Bill: Amendment 24 [0: Assisted dying bill amendment; effect unclear from title alone.] | 2025-06-20 VOTE: Voted Aye: Terminally Ill Adults (End of Life) Bill: New Clause 16 [0: Assisted dying bill new clause; effect unclear from title alone.] | 2025-06-13 VOTE: Voted Aye: Terminally Ill Adults (End of Life) Bill: New Clause 2 [0: Assisted dying bill amendment; effect unclear from title alone.] | 2025-06-13 VOTE: Voted Aye: Terminally Ill Adults (End of Life) Bill: New Clause 1 [0: New Clause on end of life bill, effect unclear from title alone.] | 2025-06-13 VOTE: Voted Aye: Terminally Ill Adults (End of Life) Bill: Amendment (b) to New Clause 14 [0: Amendment to end of life bill, effect unclear from title alone.] | 2024-11-29 VOTE: Voted No: Terminally Ill Adults (End of Life) Bill: Second Reading [++: Voted against assisted dying bill's second reading, aligning with opposition to assisted dying.]"
"Mike Wood (Conservative, Kingswinford and South Staffordshire)",1,,,,,,"2025-06-20 VOTE: Voted No: Terminally Ill Adults (End of Life) Bill: Third Reading [++: Voted against assisted dying bill at Third Reading, aligning with CitizenGO's opposition.] | 2025-06-20 VOTE: Voted No: Terminally Ill Adults (End of Life) Bill: Amendment 94 [0: Assisted dying bill amendment; effect unclear from title alone.] | 2025-06-20 VOTE: Voted No: Terminally Ill Adults (End of Life) Bill: Amendment 77 [0: Assisted dying bill amendment; effect unclear from title alone.] | 2025-06-20 VOTE: Voted Aye: Terminally Ill Adults (End of Life) Bill: Amendment 12 [0: Assisted dying bill amendment; effect unclear from title alone.] | 2025-06-20 VOTE: Voted Aye: Terminally Ill Adults (End of Life) Bill: Amendment 24 [0: Assisted dying bill amendment; effect unclear from title alone.] | 2025-06-20 VOTE: Voted Aye: Terminally Ill Adults (End of Life) Bill: New Clause 16 [0: Assisted dying bill new clause; effect unclear from title alone.] | 2025-06-13 VOTE: Voted Aye: Terminally Ill Adults (End of Life) Bill: New Clause 2 [0: Assisted dying bill amendment; effect unclear from title alone.] | 2025-06-13 VOTE: Voted Aye: Terminally Ill Adults (End of Life) Bill: New Clause 1 [0: New Clause on end of life bill, effect unclear from title alone.] | 2025-06-13 VOTE: Voted Aye: Terminally Ill Adults (End of Life) Bill: Amendment (b) to New Clause 14 [0: Amendment to end of life bill, effect unclear from title alone.] | 2025-05-16 VOTE: Voted Aye: Terminally Ill Adults (End of Life) Bill Report Stage: Amendment (a) to New Clause 10 [0: Amendment to end of life bill, effect unclear from title alone.]"
"Mr Paul Foster (Labour, South Ribble)",1,,,,,,"CONFLICTING SIGNALS - review all evidence | 2025-06-20 VOTE: Voted No: Terminally Ill Adults (End of Life) Bill: Third Reading [++: Voted against assisted dying bill at Third Reading, aligning with CitizenGO's opposition.] | 2025-06-20 VOTE: Voted No: Terminally Ill Adults (End of Life) Bill: Amendment 94 [0: Assisted dying bill amendment; effect unclear from title alone.] | 2025-06-20 VOTE: Voted No: Terminally Ill Adults (End of Life) Bill: Amendment 77 [0: Assisted dying bill amendment; effect unclear from title alone.] | 2025-06-20 VOTE: Voted Aye: Terminally Ill Adults (End of Life) Bill: Amendment 12 [0: Assisted dying bill amendment; effect unclear from title alone.] | 2025-06-20 VOTE: Voted Aye: Terminally Ill Adults (End of Life) Bill: Amendment 24 [0: Assisted dying bill amendment; effect unclear from title alone.] | 2025-06-20 VOTE: Voted Aye: Terminally Ill Adults (End of Life) Bill: New Clause 16 [0: Assisted dying bill new clause; effect unclear from title alone.] | 2025-06-13 VOTE: Voted No: Terminally Ill Adults (End of Life) Bill: New Clause 2 [0: Assisted dying bill amendment; effect unclear from title alone.] | 2025-06-13 VOTE: Voted Aye: Terminally Ill Adults (End of Life) Bill: New Clause 1 [0: New Clause on end of life bill, effect unclear from title alone.] | 2025-06-13 VOTE: Voted No: Terminally Ill Adults (End of Life) Bill: Amendment (b) to New Clause 14 [0: Amendment to end of life bill, effect unclear from title alone.] | 2024-11-29 VOTE: Voted Aye: Terminally Ill Adults (End of Life) Bill: Second Reading [--: Voted for assisted dying bill's second reading, directly opposing CitizenGO's stance against assisted dying.]"
"Mrs Elsie Blundell (Labour, Heywood and Middleton North)",1,,,,,,"2025-06-20 VOTE: Voted No: Terminally Ill Adults (End of Life) Bill: Third Reading [++: Voted against assisted dying bill at Third Reading, aligning with CitizenGO's opposition.] | 2025-06-20 VOTE: Voted No: Terminally Ill Adults (End of Life) Bill: Amendment 94 [0: Assisted dying bill amendment; effect unclear from title alone.] | 2025-06-20 VOTE: Voted No: Terminally Ill Adults (End of Life) Bill: Amendment 77 [0: Assisted dying bill amendment; effect unclear from title alone.] | 2025-06-20 VOTE: Voted Aye: Terminally Ill Adults (End of Life) Bill: Amendment 12 [0: Assisted dying bill amendment; effect unclear from title alone.] | 2025-06-20 VOTE: Voted Aye: Terminally Ill Adults (End of Life) Bill: Amendment 24 [0: Assisted dying bill amendment; effect unclear from title alone.] | 2025-06-20 VOTE: Voted Aye: Terminally Ill Adults (End of Life) Bill: New Clause 16 [0: Assisted dying bill new clause; effect unclear from title alone.] | 2025-06-13 VOTE: Voted Aye: Terminally Ill Adults (End of Life) Bill: New Clause 2 [0: Assisted dying bill amendment; effect unclear from title alone.] | 2025-06-13 VOTE: Voted Aye: Terminally Ill Adults (End of Life) Bill: New Clause 1 [0: New Clause on end of life bill, effect unclear from title alone.] | 2025-06-13 VOTE: Voted Aye: Terminally Ill Adults (End of Life) Bill: Amendment (b) to New Clause 14 [0: Amendment to end of life bill, effect unclear from title alone.] | 2024-11-29 VOTE: Voted No: Terminally Ill Adults (End of Life) Bill: Second Reading [++: Voted against assisted dying bill's second reading, aligning with opposition to assisted dying.]"
"Munira Wilson (Liberal Democrat, Twickenham)",1,,,,,,"2025-06-20 VOTE: Voted No: Terminally Ill Adults (End of Life) Bill: Third Reading [++: Voted against assisted dying bill at Third Reading, aligning with CitizenGO's opposition.] | 2025-06-20 VOTE: Voted No: Terminally Ill Adults (End of Life) Bill: Amendment 94 [0: Assisted dying bill amendment; effect unclear from title alone.] | 2025-06-20 VOTE: Voted No: Terminally Ill Adults (End of Life) Bill: Amendment 77 [0: Assisted dying bill amendment; effect unclear from title alone.] | 2025-06-20 VOTE: Voted Aye: Terminally Ill Adults (End of Life) Bill: Amendment 12 [0: Assisted dying bill amendment; effect unclear from title alone.] | 2025-06-20 VOTE: Voted Aye: Terminally Ill Adults (End of Life) Bill: Amendment 24 [0: Assisted dying bill amendment; effect unclear from title alone.] | 2025-06-20 VOTE: Voted Aye: Terminally Ill Adults (End of Life) Bill: New Clause 16 [0: Assisted dying bill new clause; effect unclear from title alone.] | 2025-06-13 VOTE: Voted Aye: Terminally Ill Adults (End of Life) Bill: New Clause 2 [0: Assisted dying bill amendment; effect unclear from title alone.] | 2025-06-13 VOTE: Voted Aye: Terminally Ill Adults (End of Life) Bill: New Clause 1 [0: New Clause on end of life bill, effect unclear from title alone.] | 2025-06-13 VOTE: Voted Aye: Terminally Ill Adults (End of Life) Bill: Amendment (b) to New Clause 14 [0: Amendment to end of life bill, effect unclear from title alone.] | 2024-11-29 VOTE: Voted No: Terminally Ill Adults (End of Life) Bill: Second Reading [++: Voted against assisted dying bill's second reading, aligning with opposition to assisted dying.]"
"Neil Coyle (Labour, Bermondsey and Old Southwark)",1,,,,,,"2025-06-20 VOTE: Voted No: Terminally Ill Adults (End of Life) Bill: Third Reading [++: Voted against assisted dying bill at Third Reading, aligning with CitizenGO's opposition.] | 2025-06-20 VOTE: Voted No: Terminally Ill Adults (End of Life) Bill: Amendment 94 [0: Assisted dying bill amendment; effect unclear from title alone.] | 2025-06-20 VOTE: Voted No: Terminally Ill Adults (End of Life) Bill: Amendment 77 [0: Assisted dying bill amendment; effect unclear from title alone.] | 2025-06-20 VOTE: Voted Aye: Terminally Ill Adults (End of Life) Bill: Amendment 12 [0: Assisted dying bill amendment; effect unclear from title alone.] | 2025-06-20 VOTE: Voted Aye: Terminally Ill Adults (End of Life) Bill: Amendment 24 [0: Assisted dying bill amendment; effect unclear from title alone.] | 2025-06-20 VOTE: Voted Aye: Terminally Ill Adults (End of Life) Bill: New Clause 16 [0: Assisted dying bill new clause; effect unclear from title alone.] | 2025-06-13 VOTE: Voted Aye: Terminally Ill Adults (End of Life) Bill: New Clause 2 [0: Assisted dying bill amendment; effect unclear from title alone.] | 2025-06-13 VOTE: Voted Aye: Terminally Ill Adults (End of Life) Bill: New Clause 1 [0: New Clause on end of life bill, effect unclear from title alone.] | 2025-06-13 VOTE: Voted Aye: Terminally Ill Adults (End of Life) Bill: Amendment (b) to New Clause 14 [0: Amendment to end of life bill, effect unclear from title alone.] | 2024-11-29 VOTE: Voted No: Terminally Ill Adults (End of Life) Bill: Second Reading [++: Voted against assisted dying bill's second reading, aligning with opposition to assisted dying.]"
"Paul Waugh (Labour (Co-op), Rochdale)",1,,,,,,"2025-06-20 VOTE: Voted No: Terminally Ill Adults (End of Life) Bill: Third Reading [++: Voted against assisted dying bill at Third Reading, aligning with CitizenGO's opposition.] | 2025-06-20 VOTE: Voted No: Terminally Ill Adults (End of Life) Bill: Amendment 94 [0: Assisted dying bill amendment; effect unclear from title alone.] | 2025-06-20 VOTE: Voted No: Terminally Ill Adults (End of Life) Bill: Amendment 77 [0: Assisted dying bill amendment; effect unclear from title alone.] | 2025-06-20 VOTE: Voted Aye: Terminally Ill Adults (End of Life) Bill: Amendment 12 [0: Assisted dying bill amendment; effect unclear from title alone.] | 2025-06-20 VOTE: Voted Aye: Terminally Ill Adults (End of Life) Bill: Amendment 24 [0: Assisted dying bill amendment; effect unclear from title alone.] | 2025-06-20 VOTE: Voted Aye: Terminally Ill Adults (End of Life) Bill: New Clause 16 [0: Assisted dying bill new clause; effect unclear from title alone.] | 2025-06-13 VOTE: Voted Aye: Terminally Ill Adults (End of Life) Bill: New Clause 2 [0: Assisted dying bill amendment; effect unclear from title alone.] | 2025-06-13 VOTE: Voted Aye: Terminally Ill Adults (End of Life) Bill: New Clause 1 [0: New Clause on end of life bill, effect unclear from title alone.] | 2025-06-13 VOTE: Voted Aye: Terminally Ill Adults (End of Life) Bill: Amendment (b) to New Clause 14 [0: Amendment to end of life bill, effect unclear from title alone.] | 2024-11-29 VOTE: Voted No: Terminally Ill Adults (End of Life) Bill: Second Reading [++: Voted against assisted dying bill's second reading, aligning with opposition to assisted dying.]"
"Peter Lamb (Labour, Crawley)",1,,,,,,"2025-06-20 VOTE: Voted No: Terminally Ill Adults (End of Life) Bill: Third Reading [++: Voted against assisted dying bill at Third Reading, aligning with CitizenGO's opposition.] | 2025-06-20 VOTE: Voted No: Terminally Ill Adults (End of Life) Bill: Amendment 94 [0: Assisted dying bill amendment; effect unclear from title alone.] | 2025-06-20 VOTE: Voted No: Terminally Ill Adults (End of Life) Bill: Amendment 77 [0: Assisted dying bill amendment; effect unclear from title alone.] | 2025-06-20 VOTE: Voted Aye: Terminally Ill Adults (End of Life) Bill: Amendment 12 [0: Assisted dying bill amendment; effect unclear from title alone.] | 2025-06-20 VOTE: Voted Aye: Terminally Ill Adults (End of Life) Bill: Amendment 24 [0: Assisted dying bill amendment; effect unclear from title alone.] | 2025-06-20 VOTE: Voted Aye: Terminally Ill Adults (End of Life) Bill: New Clause 16 [0: Assisted dying bill new clause; effect unclear from title alone.] | 2025-06-13 VOTE: Voted Aye: Terminally Ill Adults (End of Life) Bill: New Clause 2 [0: Assisted dying bill amendment; effect unclear from title alone.] | 2025-06-13 VOTE: Voted Aye: Terminally Ill Adults (End of Life) Bill: New Clause 1 [0: New Clause on end of life bill, effect unclear from title alone.] | 2025-06-13 VOTE: Voted Aye: Terminally Ill Adults (End of Life) Bill: Amendment (b) to New Clause 14 [0: Amendment to end of life bill, effect unclear from title alone.] | 2025-05-16 VOTE: Voted Aye: Terminally Ill Adults (End of Life) Bill Report Stage: Amendment (a) to New Clause 10 [0: Amendment to end of life bill, effect unclear from title alone.]"
"Rebecca Harris (Conservative, Castle Point)",1,,,,,,"2025-06-20 VOTE: Voted No: Terminally Ill Adults (End of Life) Bill: Third Reading [++: Voted against assisted dying bill at Third Reading, aligning with CitizenGO's opposition.] | 2025-06-20 VOTE: Voted No: Terminally Ill Adults (End of Life) Bill: Amendment 77 [0: Assisted dying bill amendment; effect unclear from title alone.] | 2025-06-20 VOTE: Voted Aye: Terminally Ill Adults (End of Life) Bill: Amendment 12 [0: Assisted dying bill amendment; effect unclear from title alone.] | 2025-06-20 VOTE: Voted Aye: Terminally Ill Adults (End of Life) Bill: Amendment 24 [0: Assisted dying bill amendment; effect unclear from title alone.] | 2025-06-20 VOTE: Voted Aye: Terminally Ill Adults (End of Life) Bill: New Clause 16 [0: Assisted dying bill new clause; effect unclear from title alone.] | 2025-06-13 VOTE: Voted Aye: Terminally Ill Adults (End of Life) Bill: New Clause 2 [0: Assisted dying bill amendment; effect unclear from title alone.] | 2025-06-13 VOTE: Voted Aye: Terminally Ill Adults (End of Life) Bill: New Clause 1 [0: New Clause on end of life bill, effect unclear from title alone.] | 2025-06-13 VOTE: Voted Aye: Terminally Ill Adults (End of Life) Bill: Amendment (b) to New Clause 14 [0: Amendment to end of life bill, effect unclear from title alone.] | 2025-05-16 VOTE: Voted Aye: Terminally Ill Adults (End of Life) Bill Report Stage: Amendment (a) to New Clause 10 [0: Amendment to end of life bill, effect unclear from title alone.] | 2024-11-29 VOTE: Voted No: Terminally Ill Adults (End of Life) Bill: Second Reading [++: Voted against assisted dying bill's second reading, aligning with opposition to assisted dying.]"
"Rebecca Long Bailey (Labour, Salford)",1,,,,,,"2025-06-20 VOTE: Voted No: Terminally Ill Adults (End of Life) Bill: Third Reading [++: Voted against assisted dying bill at Third Reading, aligning with CitizenGO's opposition.] | 2025-06-20 VOTE: Voted No: Terminally Ill Adults (End of Life) Bill: Amendment 94 [0: Assisted dying bill amendment; effect unclear from title alone.] | 2025-06-20 VOTE: Voted No: Terminally Ill Adults (End of Life) Bill: Amendment 77 [0: Assisted dying bill amendment; effect unclear from title alone.] | 2025-06-20 VOTE: Voted Aye: Terminally Ill Adults (End of Life) Bill: Amendment 12 [0: Assisted dying bill amendment; effect unclear from title alone.] | 2025-06-20 VOTE: Voted Aye: Terminally Ill Adults (End of Life) Bill: Amendment 24 [0: Assisted dying bill amendment; effect unclear from title alone.] | 2025-06-20 VOTE: Voted Aye: Terminally Ill Adults (End of Life) Bill: New Clause 16 [0: Assisted dying bill new clause; effect unclear from title alone.] | 2025-06-13 VOTE: Voted Aye: Terminally Ill Adults (End of Life) Bill: New Clause 2 [0: Assisted dying bill amendment; effect unclear from title alone.] | 2025-06-13 VOTE: Voted Aye: Terminally Ill Adults (End of Life) Bill: New Clause 1 [0: New Clause on end of life bill, effect unclear from title alone.] | 2025-06-13 VOTE: Voted Aye: Terminally Ill Adults (End of Life) Bill: Amendment (b) to New Clause 14 [0: Amendment to end of life bill, effect unclear from title alone.] | 2024-11-29 VOTE: Voted No: Terminally Ill Adults (End of Life) Bill: Second Reading [++: Voted against assisted dying bill's second reading, aligning with opposition to assisted dying.]"
"Rosie Duffield (Independent, Canterbury)",1,,,,,,"2025-06-20 VOTE: Voted No: Terminally Ill Adults (End of Life) Bill: Third Reading [++: Voted against assisted dying bill at Third Reading, aligning with CitizenGO's opposition.] | 2025-06-20 VOTE: Voted No: Terminally Ill Adults (End of Life) Bill: Amendment 94 [0: Assisted dying bill amendment; effect unclear from title alone.] | 2025-06-20 VOTE: Voted No: Terminally Ill Adults (End of Life) Bill: Amendment 77 [0: Assisted dying bill amendment; effect unclear from title alone.] | 2025-06-20 VOTE: Voted Aye: Terminally Ill Adults (End of Life) Bill: Amendment 12 [0: Assisted dying bill amendment; effect unclear from title alone.] | 2025-06-20 VOTE: Voted Aye: Terminally Ill Adults (End of Life) Bill: New Clause 16 [0: Assisted dying bill new clause; effect unclear from title alone.] | 2025-06-13 VOTE: Voted Aye: Terminally Ill Adults (End of Life) Bill: New Clause 2 [0: Assisted dying bill amendment; effect unclear from title alone.] | 2025-06-13 VOTE: Voted Aye: Terminally Ill Adults (End of Life) Bill: New Clause 1 [0: New Clause on end of life bill, effect unclear from title alone.] | 2025-06-13 VOTE: Voted Aye: Terminally Ill Adults (End of Life) Bill: Amendment (b) to New Clause 14 [0: Amendment to end of life bill, effect unclear from title alone.] | 2025-05-16 VOTE: Voted Aye: Terminally Ill Adults (End of Life) Bill Report Stage: Amendment (a) to New Clause 10 [0: Amendment to end of life bill, effect unclear from title alone.] | 2024-11-29 VOTE: Voted No: Terminally Ill Adults (End of Life) Bill: Second Reading [++: Voted against assisted dying bill's second reading, aligning with opposition to assisted dying.]"
"Sir Christopher Chope (Conservative, Christchurch)",1,,,,,,"2025-06-20 VOTE: Voted No: Terminally Ill Adults (End of Life) Bill: Third Reading [++: Voted against assisted dying bill at Third Reading, aligning with CitizenGO's opposition.] | 2025-06-20 VOTE: Voted No: Terminally Ill Adults (End of Life) Bill: Amendment 94 [0: Assisted dying bill amendment; effect unclear from title alone.] | 2025-06-20 VOTE: Voted No: Terminally Ill Adults (End of Life) Bill: Amendment 77 [0: Assisted dying bill amendment; effect unclear from title alone.] | 2025-06-20 VOTE: Voted Aye: Terminally Ill Adults (End of Life) Bill: Amendment 12 [0: Assisted dying bill amendment; effect unclear from title alone.] | 2025-06-20 VOTE: Voted Aye: Terminally Ill Adults (End of Life) Bill: Amendment 24 [0: Assisted dying bill amendment; effect unclear from title alone.] | 2025-06-20 VOTE: Voted Aye: Terminally Ill Adults (End of Life) Bill: New Clause 16 [0: Assisted dying bill new clause; effect unclear from title alone.] | 2025-06-13 VOTE: Voted Aye: Terminally Ill Adults (End of Life) Bill: New Clause 2 [0: Assisted dying bill amendment; effect unclear from title alone.] | 2025-06-13 VOTE: Voted Aye: Terminally Ill Adults (End of Life) Bill: New Clause 1 [0: New Clause on end of life bill, effect unclear from title alone.] | 2025-06-13 VOTE: Voted Aye: Terminally Ill Adults (End of Life) Bill: Amendment (b) to New Clause 14 [0: Amendment to end of life bill, effect unclear from title alone.] | 2024-11-29 VOTE: Voted No: Terminally Ill Adults (End of Life) Bill: Second Reading [++: Voted against assisted dying bill's second reading, aligning with opposition to assisted dying.]"
"Sir John Hayes (Conservative, South Holland and The Deepings)",1,,,,,,"2025-06-20 VOTE: Voted No: Terminally Ill Adults (End of Life) Bill: Third Reading [++: Voted against assisted dying bill at Third Reading, aligning with CitizenGO's opposition.] | 2025-06-20 VOTE: Voted No: Terminally Ill Adults (End of Life) Bill: Amendment 94 [0: Assisted dying bill amendment; effect unclear from title alone.] | 2025-06-20 VOTE: Voted No: Terminally Ill Adults (End of Life) Bill: Amendment 77 [0: Assisted dying bill amendment; effect unclear from title alone.] | 2025-06-20 VOTE: Voted Aye: Terminally Ill Adults (End of Life) Bill: Amendment 12 [0: Assisted dying bill amendment; effect unclear from title alone.] | 2025-06-20 VOTE: Voted Aye: Terminally Ill Adults (End of Life) Bill: Amendment 24 [0: Assisted dying bill amendment; effect unclear from title alone.] | 2025-06-13 VOTE: Voted Aye: Terminally Ill Adults (End of Life) Bill: New Clause 2 [0: Assisted dying bill amendment; effect unclear from title alone.] | 2025-06-13 VOTE: Voted Aye: Terminally Ill Adults (End of Life) Bill: New Clause 1 [0: New Clause on end of life bill, effect unclear from title alone.] | 2025-06-13 VOTE: Voted Aye: Terminally Ill Adults (End of Life) Bill: Amendment (b) to New Clause 14 [0: Amendment to end of life bill, effect unclear from title alone.] | 2025-05-16 VOTE: Voted Aye: Terminally Ill Adults (End of Life) Bill Report Stage: Amendment (a) to New Clause 10 [0: Amendment to end of life bill, effect unclear from title alone.] | 2024-11-29 VOTE: Voted No: Terminally Ill Adults (End of Life) Bill: Second Reading [++: Voted against assisted dying bill's second reading, aligning with opposition to assisted dying.]"
"Yuan Yang (Labour, Earley and Woodley)",1,,,,,,"CONFLICTING SIGNALS - review all evidence | 2025-06-20 VOTE: Voted No: Terminally Ill Adults (End of Life) Bill: Third Reading [++: Voted against assisted dying bill at Third Reading, aligning with CitizenGO's opposition.] | 2025-06-20 VOTE: Voted Aye: Terminally Ill Adults (End of Life) Bill: Amendment 94 [0: Assisted dying bill amendment; effect unclear from title alone.] | 2025-06-20 VOTE: Voted Aye: Terminally Ill Adults (End of Life) Bill: Amendment 77 [0: Assisted dying bill amendment; effect unclear from title alone.] | 2025-06-20 VOTE: Voted No: Terminally Ill Adults (End of Life) Bill: Amendment 12 [0: Assisted dying bill amendment; effect unclear from title alone.] | 2025-06-20 VOTE: Voted No: Terminally Ill Adults (End of Life) Bill: New Clause 16 [0: Assisted dying bill new clause; effect unclear from title alone.] | 2025-06-13 VOTE: Voted Aye: Terminally Ill Adults (End of Life) Bill: New Clause 2 [0: Assisted dying bill amendment; effect unclear from title alone.] | 2025-06-13 VOTE: Voted No: Terminally Ill Adults (End of Life) Bill: New Clause 1 [0: New Clause on end of life bill, effect unclear from title alone.] | 2025-06-13 VOTE: Voted No: Terminally Ill Adults (End of Life) Bill: Amendment (b) to New Clause 14 [0: Amendment to end of life bill, effect unclear from title alone.] | 2025-05-16 VOTE: Voted No: Terminally Ill Adults (End of Life) Bill Report Stage: Amendment (a) to New Clause 10 [0: Amendment to end of life bill, effect unclear from title alone.] | 2024-11-29 VOTE: Voted Aye: Terminally Ill Adults (End of Life) Bill: Second Reading [--: Voted for assisted dying bill's second reading, directly opposing CitizenGO's stance against assisted dying.]"
"Andrew Griffith (Conservative, Arundel and South Downs)",1,,,,,,"2025-06-20 VOTE: Voted No: Terminally Ill Adults (End of Life) Bill: Third Reading [++: Voted against assisted dying bill at Third Reading, aligning with CitizenGO's opposition.] | 2025-06-20 VOTE: Voted No: Terminally Ill Adults (End of Life) Bill: Amendment 77 [0: Assisted dying bill amendment; effect unclear from title alone.] | 2025-06-20 VOTE: Voted Aye: Terminally Ill Adults (End of Life) Bill: Amendment 12 [0: Assisted dying bill amendment; effect unclear from title alone.] | 2025-06-20 VOTE: Voted Aye: Terminally Ill Adults (End of Life) Bill: Amendment 24 [0: Assisted dying bill amendment; effect unclear from title alone.] | 2025-06-20 VOTE: Voted Aye: Terminally Ill Adults (End of Life) Bill: New Clause 16 [0: Assisted dying bill new clause; effect unclear from title alone.] | 2025-06-13 VOTE: Voted Aye: Terminally Ill Adults (End of Life) Bill: New Clause 2 [0: Assisted dying bill amendment; effect unclear from title alone.] | 2025-06-13 VOTE: Voted Aye: Terminally Ill Adults (End of Life) Bill: New Clause 1 [0: New Clause on end of life bill, effect unclear from title alone.] | 2025-06-13 VOTE: Voted Aye: Terminally Ill Adults (End of Life) Bill: Amendment (b) to New Clause 14 [0: Amendment to end of life bill, effect unclear from title alone.] | 2024-11-29 VOTE: Voted No: Terminally Ill Adults (End of Life) Bill: Second Reading [++: Voted against assisted dying bill's second reading, aligning with opposition to assisted dying.]"
"Ann Davies (Plaid Cymru, Caerfyrddin)",1,,,,,,"2025-06-20 VOTE: Voted No: Terminally Ill Adults (End of Life) Bill: Third Reading [++: Voted against assisted dying bill at Third Reading, aligning with CitizenGO's opposition.] | 2025-06-20 VOTE: Voted No: Terminally Ill Adults (End of Life) Bill: Amendment 94 [0: Assisted dying bill amendment; effect unclear from title alone.] | 2025-06-20 VOTE: Voted No: Terminally Ill Adults (End of Life) Bill: Amendment 12 [0: Assisted dying bill amendment; effect unclear from title alone.] | 2025-06-20 VOTE: Voted No: Terminally Ill Adults (End of Life) Bill: Amendment 24 [0: Assisted dying bill amendment; effect unclear from title alone.] | 2025-06-20 VOTE: Voted Aye: Terminally Ill Adults (End of Life) Bill: New Clause 16 [0: Assisted dying bill new clause; effect unclear from title alone.] | 2025-06-13 VOTE: Voted Aye: Terminally Ill Adults (End of Life) Bill: New Clause 2 [0: Assisted dying bill amendment; effect unclear from title alone.] | 2025-06-13 VOTE: Voted Aye: Terminally Ill Adults (End of Life) Bill: New Clause 1 [0: New Clause on end of life bill, effect unclear from title alone.] | 2025-06-13 VOTE: Voted Aye: Terminally Ill Adults (End of Life) Bill: Amendment (b) to New Clause 14 [0: Amendment to end of life bill, effect unclear from title alone.] | 2024-11-29 VOTE: Voted No: Terminally Ill Adults (End of Life) Bill: Second Reading [++: Voted against assisted dying bill's second reading, aligning with opposition to assisted dying.]"
"Bob Blackman (Conservative, Harrow East)",1,,,,,,"2025-06-20 VOTE: Voted No: Terminally Ill Adults (End of Life) Bill: Third Reading [++: Voted against assisted dying bill at Third Reading, aligning with CitizenGO's opposition.] | 2025-06-20 VOTE: Voted No: Terminally Ill Adults (End of Life) Bill: Amendment 94 [0: Assisted dying bill amendment; effect unclear from title alone.] | 2025-06-20 VOTE: Voted No: Terminally Ill Adults (End of Life) Bill: Amendment 77 [0: Assisted dying bill amendment; effect unclear from title alone.] | 2025-06-20 VOTE: Voted Aye: Terminally Ill Adults (End of Life) Bill: Amendment 12 [0: Assisted dying bill amendment; effect unclear from title alone.] | 2025-06-13 VOTE: Voted Aye: Terminally Ill Adults (End of Life) Bill: New Clause 2 [0: Assisted dying bill amendment; effect unclear from title alone.] | 2025-06-13 VOTE: Voted Aye: Terminally Ill Adults (End of Life) Bill: New Clause 1 [0: New Clause on end of life bill, effect unclear from title alone.] | 2025-06-13 VOTE: Voted Aye: Terminally Ill Adults (End of Life) Bill: Amendment (b) to New Clause 14 [0: Amendment to end of life bill, effect unclear from title alone.] | 2025-05-16 VOTE: Voted Aye: Terminally Ill Adults (End of Life) Bill Report Stage: Amendment (a) to New Clause 10 [0: Amendment to end of life bill, effect unclear from title alone.] | 2024-11-29 VOTE: Voted No: Terminally Ill Adults (End of Life) Bill: Second Reading [++: Voted against assisted dying bill's second reading, aligning with opposition to assisted dying.]"
"Dan Carden (Labour, Liverpool Walton)",1,,,,,,"2025-06-20 VOTE: Voted No: Terminally Ill Adults (End of Life) Bill: Third Reading [++: Voted against assisted dying bill at Third Reading, aligning with CitizenGO's opposition.] | 2025-06-20 VOTE: Voted No: Terminally Ill Adults (End of Life) Bill: Amendment 94 [0: Assisted dying bill amendment; effect unclear from title alone.] | 2025-06-20 VOTE: Voted No: Terminally Ill Adults (End of Life) Bill: Amendment 77 [0: Assisted dying bill amendment; effect unclear from title alone.] | 2025-06-20 VOTE: Voted Aye: Terminally Ill Adults (End of Life) Bill: Amendment 12 [0: Assisted dying bill amendment; effect unclear from title alone.] | 2025-06-20 VOTE: Voted Aye: Terminally Ill Adults (End of Life) Bill: Amendment 24 [0: Assisted dying bill amendment; effect unclear from title alone.] | 2025-06-20 VOTE: Voted Aye: Terminally Ill Adults (End of Life) Bill: New Clause 16 [0: Assisted dying bill new clause; effect unclear from title alone.] | 2025-06-13 VOTE: Voted Aye: Terminally Ill Adults (End of Life) Bill: New Clause 2 [0: Assisted dying bill amendment; effect unclear from title alone.] | 2025-06-13 VOTE: Voted Aye: Terminally Ill Adults (End of Life) Bill: New Clause 1 [0: New Clause on end of life bill, effect unclear from title alone.] | 2025-06-13 VOTE: Voted Aye: Terminally Ill Adults (End of Life) Bill: Amendment (b) to New Clause 14 [0: Amendment to end of life bill, effect unclear from title alone.]"
"Dr Allison Gardner (Labour, Stoke-on-Trent South)",1,,,,,,"2025-06-20 VOTE: Voted No: Terminally Ill Adults (End of Life) Bill: Third Reading [++: Voted against assisted dying bill at Third Reading, aligning with CitizenGO's opposition.] | 2025-06-20 VOTE: Voted No: Terminally Ill Adults (End of Life) Bill: Amendment 94 [0: Assisted dying bill amendment; effect unclear from title alone.] | 2025-06-20 VOTE: Voted No: Terminally Ill Adults (End of Life) Bill: Amendment 77 [0: Assisted dying bill amendment; effect unclear from title alone.] | 2025-06-20 VOTE: Voted Aye: Terminally Ill Adults (End of Life) Bill: Amendment 12 [0: Assisted dying bill amendment; effect unclear from title alone.] | 2025-06-13 VOTE: Voted Aye: Terminally Ill Adults (End of Life) Bill: New Clause 2 [0: Assisted dying bill amendment; effect unclear from title alone.] | 2025-06-13 VOTE: Voted Aye: Terminally Ill Adults (End of Life) Bill: New Clause 1 [0: New Clause on end of life bill, effect unclear from title alone.] | 2025-06-13 VOTE: Voted Aye: Terminally Ill Adults (End of Life) Bill: Amendment (b) to New Clause 14 [0: Amendment to end of life bill, effect unclear from title alone.] | 2025-05-16 VOTE: Voted Aye: Terminally Ill Adults (End of Life) Bill Report Stage: Amendment (a) to New Clause 10 [0: Amendment to end of life bill, effect unclear from title alone.] | 2024-11-29 VOTE: Voted No: Terminally Ill Adults (End of Life) Bill: Second Reading [++: Voted against assisted dying bill's second reading, aligning with opposition to assisted dying.]"
"Dr Lauren Sullivan (Labour, Gravesham)",1,,,,,,"2025-06-20 VOTE: Voted No: Terminally Ill Adults (End of Life) Bill: Third Reading [++: Voted against assisted dying bill at Third Reading, aligning with CitizenGO's opposition.] | 2025-06-20 VOTE: Voted No: Terminally Ill Adults (End of Life) Bill: Amendment 94 [0: Assisted dying bill amendment; effect unclear from title alone.] | 2025-06-20 VOTE: Voted No: Terminally Ill Adults (End of Life) Bill: Amendment 77 [0: Assisted dying bill amendment; effect unclear from title alone.] | 2025-06-20 VOTE: Voted Aye: Terminally Ill Adults (End of Life) Bill: Amendment 12 [0: Assisted dying bill amendment; effect unclear from title alone.] | 2025-06-13 VOTE: Voted Aye: Terminally Ill Adults (End of Life) Bill: New Clause 2 [0: Assisted dying bill amendment; effect unclear from title alone.] | 2025-06-13 VOTE: Voted Aye: Terminally Ill Adults (End of Life) Bill: New Clause 1 [0: New Clause on end of life bill, effect unclear from title alone.] | 2025-06-13 VOTE: Voted Aye: Terminally Ill Adults (End of Life) Bill: Amendment (b) to New Clause 14 [0: Amendment to end of life bill, effect unclear from title alone.] | 2025-05-16 VOTE: Voted Aye: Terminally Ill Adults (End of Life) Bill Report Stage: Amendment (a) to New Clause 10 [0: Amendment to end of life bill, effect unclear from title alone.] | 2024-11-29 VOTE: Voted No: Terminally Ill Adults (End of Life) Bill: Second Reading [++: Voted against assisted dying bill's second reading, aligning with opposition to assisted dying.]"
"Dr Scott Arthur (Labour, Edinburgh South West)",1,,,,,,"2025-06-20 VOTE: Voted No: Terminally Ill Adults (End of Life) Bill: Third Reading [++: Voted against assisted dying bill at Third Reading, aligning with CitizenGO's opposition.] | 2025-06-20 VOTE: Voted No: Terminally Ill Adults (End of Life) Bill: Amendment 77 [0: Assisted dying bill amendment; effect unclear from title alone.] | 2025-06-20 VOTE: Voted Aye: Terminally Ill Adults (End of Life) Bill: Amendment 12 [0: Assisted dying bill amendment; effect unclear from title alone.] | 2025-06-20 VOTE: Voted Aye: Terminally Ill Adults (End of Life) Bill: New Clause 16 [0: Assisted dying bill new clause; effect unclear from title alone.] | 2025-06-13 VOTE: Voted Aye: Terminally Ill Adults (End of Life) Bill: New Clause 2 [0: Assisted dying bill amendment; effect unclear from title alone.] | 2025-06-13 VOTE: Voted Aye: Terminally Ill Adults (End of Life) Bill: New Clause 1 [0: New Clause on end of life bill, effect unclear from title alone.] | 2025-06-13 VOTE: Voted Aye: Terminally Ill Adults (End of Life) Bill: Amendment (b) to New Clause 14 [0: Amendment to end of life bill, effect unclear from title alone.] | 2025-05-16 VOTE: Voted Aye: Terminally Ill Adults (End of Life) Bill Report Stage: Amendment (a) to New Clause 10 [0: Amendment to end of life bill, effect unclear from title alone.] | 2024-11-29 VOTE: Voted No: Terminally Ill Adults (End of Life) Bill: Second Reading [++: Voted against assisted dying bill's second reading, aligning with opposition to assisted dying.]"
"Gareth Davies (Conservative, Grantham and Bourne)",1,,,,,,"2025-06-20 VOTE: Voted No: Terminally Ill Adults (End of Life) Bill: Third Reading [++: Voted against assisted dying bill at Third Reading, aligning with CitizenGO's opposition.] | 2025-06-20 VOTE: Voted No: Terminally Ill Adults (End of Life) Bill: Amendment 77 [0: Assisted dying bill amendment; effect unclear from title alone.] | 2025-06-20 VOTE: Voted Aye: Terminally Ill Adults (End of Life) Bill: Amendment 12 [0: Assisted dying bill amendment; effect unclear from title alone.] | 2025-06-20 VOTE: Voted Aye: Terminally Ill Adults (End of Life) Bill: Amendment 24 [0: Assisted dying bill amendment; effect unclear from title alone.] | 2025-06-20 VOTE: Voted Aye: Terminally Ill Adults (End of Life) Bill: New Clause 16 [0: Assisted dying bill new clause; effect unclear from title alone.] | 2025-06-13 VOTE: Voted Aye: Terminally Ill Adults (End of Life) Bill: New Clause 2 [0: Assisted dying bill amendment; effect unclear from title alone.] | 2025-06-13 VOTE: Voted Aye: Terminally Ill Adults (End of Life) Bill: New Clause 1 [0: New Clause on end of life bill, effect unclear from title alone.] | 2025-06-13 VOTE: Voted Aye: Terminally Ill Adults (End of Life) Bill: Amendment (b) to New Clause 14 [0: Amendment to end of life bill, effect unclear from title alone.] | 2024-11-29 VOTE: Voted No: Terminally Ill Adults (End of Life) Bill: Second Reading [++: Voted against assisted dying bill's second reading, aligning with opposition to assisted dying.]"
"Jess Brown-Fuller (Liberal Democrat, Chichester)",1,,,,,,"CONFLICTING SIGNALS - review all evidence | 2025-06-20 VOTE: Voted No: Terminally Ill Adults (End of Life) Bill: Third Reading [++: Voted against assisted dying bill at Third Reading, aligning with CitizenGO's opposition.] | 2025-06-20 VOTE: Voted Aye: Terminally Ill Adults (End of Life) Bill: Amendment 77 [0: Assisted dying bill amendment; effect unclear from title alone.] | 2025-06-20 VOTE: Voted No: Terminally Ill Adults (End of Life) Bill: Amendment 12 [0: Assisted dying bill amendment; effect unclear from title alone.] | 2025-06-20 VOTE: Voted No: Terminally Ill Adults (End of Life) Bill: Amendment 24 [0: Assisted dying bill amendment; effect unclear from title alone.] | 2025-06-20 VOTE: Voted No: Terminally Ill Adults (End of Life) Bill: New Clause 16 [0: Assisted dying bill new clause; effect unclear from title alone.] | 2025-06-13 VOTE: Voted Aye: Terminally Ill Adults (End of Life) Bill: New Clause 2 [0: Assisted dying bill amendment; effect unclear from title alone.] | 2025-06-13 VOTE: Voted No: Terminally Ill Adults (End of Life) Bill: Amendment (b) to New Clause 14 [0: Amendment to end of life bill, effect unclear from title alone.] | 2025-05-16 VOTE: Voted No: Terminally Ill Adults (End of Life) Bill Report Stage: Amendment (a) to New Clause 10 [0: Amendment to end of life bill, effect unclear from title alone.] | 2024-11-29 VOTE: Voted Aye: Terminally Ill Adults (End of Life) Bill: Second Reading [--: Voted for assisted dying bill's second reading, directly opposing CitizenGO's stance against assisted dying.]"
"Lincoln Jopp (Conservative, Spelthorne)",1,,,,,,"2025-06-20 VOTE: Voted No: Terminally Ill Adults (End of Life) Bill: Third Reading [++: Voted against assisted dying bill at Third Reading, aligning with CitizenGO's opposition.] | 2025-06-20 VOTE: Voted No: Terminally Ill Adults (End of Life) Bill: Amendment 94 [0: Assisted dying bill amendment; effect unclear from title alone.] | 2025-06-20 VOTE: Voted No: Terminally Ill Adults (End of Life) Bill: Amendment 77 [0: Assisted dying bill amendment; effect unclear from title alone.] | 2025-06-20 VOTE: Voted Aye: Terminally Ill Adults (End of Life) Bill: Amendment 12 [0: Assisted dying bill amendment; effect unclear from title alone.] | 2025-06-20 VOTE: Voted Aye: Terminally Ill Adults (End of Life) Bill: New Clause 16 [0: Assisted dying bill new clause; effect unclear from title alone.] | 2025-06-13 VOTE: Voted Aye: Terminally Ill Adults (End of Life) Bill: New Clause 2 [0: Assisted dying bill amendment; effect unclear from title alone.] | 2025-06-13 VOTE: Voted Aye: Terminally Ill Adults (End of Life) Bill: New Clause 1 [0: New Clause on end of life bill, effect unclear from title alone.] | 2025-06-13 VOTE: Voted Aye: Terminally Ill Adults (End of Life) Bill: Amendment (b) to New Clause 14 [0: Amendment to end of life bill, effect unclear from title alone.] | 2024-11-29 VOTE: Voted No: Terminally Ill Adults (End of Life) Bill: Second Reading [++: Voted against assisted dying bill's second reading, aligning with opposition to assisted dying.]"
"Marsha De Cordova (Labour, Battersea)",1,,,,,,"2025-06-20 VOTE: Voted No: Terminally Ill Adults (End of Life) Bill: Third Reading [++: Voted against assisted dying bill at Third Reading, aligning with CitizenGO's opposition.] | 2025-06-20 VOTE: Voted No: Terminally Ill Adults (End of Life) Bill: Amendment 94 [0: Assisted dying bill amendment; effect unclear from title alone.] | 2025-06-20 VOTE: Voted No: Terminally Ill Adults (End of Life) Bill: Amendment 77 [0: Assisted dying bill amendment; effect unclear from title alone.] | 2025-06-20 VOTE: Voted Aye: Terminally Ill Adults (End of Life) Bill: Amendment 12 [0: Assisted dying bill amendment; effect unclear from title alone.] | 2025-06-13 VOTE: Voted Aye: Terminally Ill Adults (End of Life) Bill: New Clause 2 [0: Assisted dying bill amendment; effect unclear from title alone.] | 2025-06-13 VOTE: Voted Aye: Terminally Ill Adults (End of Life) Bill: New Clause 1 [0: New Clause on end of life bill, effect unclear from title alone.] | 2025-06-13 VOTE: Voted Aye: Terminally Ill Adults (End of Life) Bill: Amendment (b) to New Clause 14 [0: Amendment to end of life bill, effect unclear from title alone.] | 2025-05-16 VOTE: Voted Aye: Terminally Ill Adults (End of Life) Bill Report Stage: Amendment (a) to New Clause 10 [0: Amendment to end of life bill, effect unclear from title alone.] | 2024-11-29 VOTE: Voted No: Terminally Ill Adults (End of Life) Bill: Second Reading [++: Voted against assisted dying bill's second reading, aligning with opposition to assisted dying.]"
"Nesil Caliskan (Labour, Barking)",1,,,,,,"2025-06-20 VOTE: Voted No: Terminally Ill Adults (End of Life) Bill: Third Reading [++: Voted against assisted dying bill at Third Reading, aligning with CitizenGO's opposition.] | 2025-06-20 VOTE: Voted No: Terminally Ill Adults (End of Life) Bill: Amendment 94 [0: Assisted dying bill amendment; effect unclear from title alone.] | 2025-06-20 VOTE: Voted Aye: Terminally Ill Adults (End of Life) Bill: Amendment 12 [0: Assisted dying bill amendment; effect unclear from title alone.] | 2025-06-20 VOTE: Voted Aye: Terminally Ill Adults (End of Life) Bill: Amendment 24 [0: Assisted dying bill amendment; effect unclear from title alone.] | 2025-06-13 VOTE: Voted Aye: Terminally Ill Adults (End of Life) Bill: New Clause 2 [0: Assisted dying bill amendment; effect unclear from title alone.] | 2025-06-13 VOTE: Voted Aye: Terminally Ill Adults (End of Life) Bill: New Clause 1 [0: New Clause on end of life bill, effect unclear from title alone.] | 2025-06-13 VOTE: Voted Aye: Terminally Ill Adults (End of Life) Bill: Amendment (b) to New Clause 14 [0: Amendment to end of life bill, effect unclear from title alone.] | 2025-05-16 VOTE: Voted Aye: Terminally Ill Adults (End of Life) Bill Report Stage: Amendment (a) to New Clause 10 [0: Amendment to end of life bill, effect unclear from title alone.] | 2024-11-29 VOTE: Voted No: Terminally Ill Adults (End of Life) Bill: Second Reading [++: Voted against assisted dying bill's second reading, aligning with opposition to assisted dying.]"
"Rebecca Paul (Conservative, Reigate)",1,,,,,,"2025-06-20 VOTE: Voted No: Terminally Ill Adults (End of Life) Bill: Third Reading [++: Voted against assisted dying bill at Third Reading, aligning with CitizenGO's opposition.] | 2025-06-20 VOTE: Voted No: Terminally Ill Adults (End of Life) Bill: Amendment 77 [0: Assisted dying bill amendment; effect unclear from title alone.] | 2025-06-20 VOTE: Voted Aye: Terminally Ill Adults (End of Life) Bill: Amendment 12 [0: Assisted dying bill amendment; effect unclear from title alone.] | 2025-06-20 VOTE: Voted Aye: Terminally Ill Adults (End of Life) Bill: New Clause 16 [0: Assisted dying bill new clause; effect unclear from title alone.] | 2025-06-13 VOTE: Voted Aye: Terminally Ill Adults (End of Life) Bill: New Clause 2 [0: Assisted dying bill amendment; effect unclear from title alone.] | 2025-06-13 VOTE: Voted Aye: Terminally Ill Adults (End of Life) Bill: New Clause 1 [0: New Clause on end of life bill, effect unclear from title alone.] | 2025-06-13 VOTE: Voted Aye: Terminally Ill Adults (End of Life) Bill: Amendment (b) to New Clause 14 [0: Amendment to end of life bill, effect unclear from title alone.] | 2025-05-16 VOTE: Voted Aye: Terminally Ill Adults (End of Life) Bill Report Stage: Amendment (a) to New Clause 10 [0: Amendment to end of life bill, effect unclear from title alone.] | 2024-11-29 VOTE: Voted No: Terminally Ill Adults (End of Life) Bill: Second Reading [++: Voted against assisted dying bill's second reading, aligning with opposition to assisted dying.]"
"Rebecca Smith (Conservative, South West Devon)",1,,,,,,"2025-06-20 VOTE: Voted No: Terminally Ill Adults (End of Life) Bill: Third Reading [++: Voted against assisted dying bill at Third Reading, aligning with CitizenGO's opposition.] | 2025-06-20 VOTE: Voted No: Terminally Ill Adults (End of Life) Bill: Amendment 94 [0: Assisted dying bill amendment; effect unclear from title alone.] | 2025-06-20 VOTE: Voted Aye: Terminally Ill Adults (End of Life) Bill: Amendment 24 [0: Assisted dying bill amendment; effect unclear from title alone.] | 2025-06-20 VOTE: Voted Aye: Terminally Ill Adults (End of Life) Bill: New Clause 16 [0: Assisted dying bill new clause; effect unclear from title alone.] | 2025-06-13 VOTE: Voted Aye: Terminally Ill Adults (End of Life) Bill: New Clause 2 [0: Assisted dying bill amendment; effect unclear from title alone.] | 2025-06-13 VOTE: Voted Aye: Terminally Ill Adults (End of Life) Bill: New Clause 1 [0: New Clause on end of life bill, effect unclear from title alone.] | 2025-06-13 VOTE: Voted Aye: Terminally Ill Adults (End of Life) Bill: Amendment (b) to New Clause 14 [0: Amendment to end of life bill, effect unclear from title alone.] | 2025-05-16 VOTE: Voted Aye: Terminally Ill Adults (End of Life) Bill Report Stage: Amendment (a) to New Clause 10 [0: Amendment to end of life bill, effect unclear from title alone.] | 2024-11-29 VOTE: Voted No: Terminally Ill Adults (End of Life) Bill: Second Reading [++: Voted against assisted dying bill's second reading, aligning with opposition to assisted dying.]"
"Robert Jenrick (Reform UK, Newark)",1,,,,,,"2025-06-20 VOTE: Voted No: Terminally Ill Adults (End of Life) Bill: Third Reading [++: Voted against assisted dying bill at Third Reading, aligning with CitizenGO's opposition.] | 2025-06-20 VOTE: Voted Aye: Terminally Ill Adults (End of Life) Bill: Amendment 12 [0: Assisted dying bill amendment; effect unclear from title alone.] | 2025-06-20 VOTE: Voted Aye: Terminally Ill Adults (End of Life) Bill: Amendment 24 [0: Assisted dying bill amendment; effect unclear from title alone.] | 2025-06-20 VOTE: Voted Aye: Terminally Ill Adults (End of Life) Bill: New Clause 16 [0: Assisted dying bill new clause; effect unclear from title alone.] | 2025-06-13 VOTE: Voted Aye: Terminally Ill Adults (End of Life) Bill: New Clause 2 [0: Assisted dying bill amendment; effect unclear from title alone.] | 2025-06-13 VOTE: Voted Aye: Terminally Ill Adults (End of Life) Bill: New Clause 1 [0: New Clause on end of life bill, effect unclear from title alone.] | 2025-06-13 VOTE: Voted Aye: Terminally Ill Adults (End of Life) Bill: Amendment (b) to New Clause 14 [0: Amendment to end of life bill, effect unclear from title alone.] | 2025-05-16 VOTE: Voted Aye: Terminally Ill Adults (End of Life) Bill Report Stage: Amendment (a) to New Clause 10 [0: Amendment to end of life bill, effect unclear from title alone.] | 2024-11-29 VOTE: Voted No: Terminally Ill Adults (End of Life) Bill: Second Reading [++: Voted against assisted dying bill's second reading, aligning with opposition to assisted dying.]"
"Rushanara Ali (Labour, Bethnal Green and Stepney)",1,,,,,,"2025-06-20 VOTE: Voted No: Terminally Ill Adults (End of Life) Bill: Third Reading [++: Voted against assisted dying bill at Third Reading, aligning with CitizenGO's opposition.] | 2025-06-20 VOTE: Voted No: Terminally Ill Adults (End of Life) Bill: Amendment 94 [0: Assisted dying bill amendment; effect unclear from title alone.] | 2025-06-20 VOTE: Voted No: Terminally Ill Adults (End of Life) Bill: Amendment 77 [0: Assisted dying bill amendment; effect unclear from title alone.] | 2025-06-20 VOTE: Voted Aye: Terminally Ill Adults (End of Life) Bill: Amendment 12 [0: Assisted dying bill amendment; effect unclear from title alone.] | 2025-06-13 VOTE: Voted Aye: Terminally Ill Adults (End of Life) Bill: New Clause 2 [0: Assisted dying bill amendment; effect unclear from title alone.] | 2025-06-13 VOTE: Voted Aye: Terminally Ill Adults (End of Life) Bill: New Clause 1 [0: New Clause on end of life bill, effect unclear from title alone.] | 2025-06-13 VOTE: Voted Aye: Terminally Ill Adults (End of Life) Bill: Amendment (b) to New Clause 14 [0: Amendment to end of life bill, effect unclear from title alone.] | 2025-05-16 VOTE: Voted Aye: Terminally Ill Adults (End of Life) Bill Report Stage: Amendment (a) to New Clause 10 [0: Amendment to end of life bill, effect unclear from title alone.] | 2024-11-29 VOTE: Voted No: Terminally Ill Adults (End of Life) Bill: Second Reading [++: Voted against assisted dying bill's second reading, aligning with opposition to assisted dying.]"
"Tom Morrison (Liberal Democrat, Cheadle)",1,,,,,,"2026-06-29 PQ: Hospices: Finance (re: palliative care) [+: Pushes for palliative care funding, supporting alternative to assisted dying.] | 2026-06-26 PQ: Hospices: Finance (re: palliative care) [+: Advocates core funding and NHS pay uplifts for hospices.] | 2026-06-26 PQ: Hospices: Finance (re: palliative care) [+: Seeks assurance on transition to sustainable hospice funding.] | 2026-06-26 PQ: Hospices: Finance (re: palliative care) [+: Probes sustainable funding for end-of-life care, favouring palliative alternatives.] | 2026-06-26 PQ: Hospices: Finance (re: palliative care) [+: Asks about timetable for sustainable palliative care funding.] | 2025-06-20 VOTE: Voted No: Terminally Ill Adults (End of Life) Bill: Third Reading [++: Voted against assisted dying bill at Third Reading, aligning with CitizenGO's opposition.] | 2025-06-20 VOTE: Voted No: Terminally Ill Adults (End of Life) Bill: Amendment 94 [0: Assisted dying bill amendment; effect unclear from title alone.] | 2025-06-20 VOTE: Voted No: Terminally Ill Adults (End of Life) Bill: Amendment 12 [0: Assisted dying bill amendment; effect unclear from title alone.] | 2024-11-29 VOTE: Voted No: Terminally Ill Adults (End of Life) Bill: Second Reading [++: Voted against assisted dying bill's second reading, aligning with opposition to assisted dying.]"
"Andrew Bowie (Conservative, West Aberdeenshire and Kincardine)",1,,,,,,"2025-06-20 VOTE: Voted No: Terminally Ill Adults (End of Life) Bill: Third Reading [++: Voted against assisted dying bill at Third Reading, aligning with CitizenGO's opposition.] | 2025-06-20 VOTE: Voted No: Terminally Ill Adults (End of Life) Bill: Amendment 94 [0: Assisted dying bill amendment; effect unclear from title alone.] | 2025-06-20 VOTE: Voted No: Terminally Ill Adults (End of Life) Bill: Amendment 77 [0: Assisted dying bill amendment; effect unclear from title alone.] | 2025-06-20 VOTE: Voted Aye: Terminally Ill Adults (End of Life) Bill: Amendment 12 [0: Assisted dying bill amendment; effect unclear from title alone.] | 2025-06-20 VOTE: Voted Aye: Terminally Ill Adults (End of Life) Bill: Amendment 24 [0: Assisted dying bill amendment; effect unclear from title alone.] | 2025-06-20 VOTE: Voted Aye: Terminally Ill Adults (End of Life) Bill: New Clause 16 [0: Assisted dying bill new clause; effect unclear from title alone.] | 2025-05-16 VOTE: Voted Aye: Terminally Ill Adults (End of Life) Bill Report Stage: Amendment (a) to New Clause 10 [0: Amendment to end of life bill, effect unclear from title alone.] | 2024-11-29 VOTE: Voted No: Terminally Ill Adults (End of Life) Bill: Second Reading [++: Voted against assisted dying bill's second reading, aligning with opposition to assisted dying.]"
"Barry Gardiner (Labour, Brent West)",1,,,,,,"2025-06-20 VOTE: Voted No: Terminally Ill Adults (End of Life) Bill: Third Reading [++: Voted against assisted dying bill at Third Reading, aligning with CitizenGO's opposition.] | 2025-06-20 VOTE: Voted No: Terminally Ill Adults (End of Life) Bill: Amendment 94 [0: Assisted dying bill amendment; effect unclear from title alone.] | 2025-06-20 VOTE: Voted No: Terminally Ill Adults (End of Life) Bill: Amendment 77 [0: Assisted dying bill amendment; effect unclear from title alone.] | 2025-06-20 VOTE: Voted Aye: Terminally Ill Adults (End of Life) Bill: Amendment 12 [0: Assisted dying bill amendment; effect unclear from title alone.] | 2025-06-20 VOTE: Voted Aye: Terminally Ill Adults (End of Life) Bill: Amendment 24 [0: Assisted dying bill amendment; effect unclear from title alone.] | 2025-06-20 VOTE: Voted Aye: Terminally Ill Adults (End of Life) Bill: New Clause 16 [0: Assisted dying bill new clause; effect unclear from title alone.] | 2025-05-16 VOTE: Voted Aye: Terminally Ill Adults (End of Life) Bill Report Stage: Amendment (a) to New Clause 10 [0: Amendment to end of life bill, effect unclear from title alone.] | 2024-11-29 VOTE: Voted No: Terminally Ill Adults (End of Life) Bill: Second Reading [++: Voted against assisted dying bill's second reading, aligning with opposition to assisted dying.]"
"Chris McDonald (Labour, Stockton North)",1,,,,,,"2025-06-20 VOTE: Voted No: Terminally Ill Adults (End of Life) Bill: Third Reading [++: Voted against assisted dying bill at Third Reading, aligning with CitizenGO's opposition.] | 2025-06-20 VOTE: Voted No: Terminally Ill Adults (End of Life) Bill: Amendment 94 [0: Assisted dying bill amendment; effect unclear from title alone.] | 2025-06-20 VOTE: Voted No: Terminally Ill Adults (End of Life) Bill: Amendment 77 [0: Assisted dying bill amendment; effect unclear from title alone.] | 2025-06-20 VOTE: Voted Aye: Terminally Ill Adults (End of Life) Bill: Amendment 12 [0: Assisted dying bill amendment; effect unclear from title alone.] | 2025-06-20 VOTE: Voted Aye: Terminally Ill Adults (End of Life) Bill: Amendment 24 [0: Assisted dying bill amendment; effect unclear from title alone.] | 2025-06-20 VOTE: Voted Aye: Terminally Ill Adults (End of Life) Bill: New Clause 16 [0: Assisted dying bill new clause; effect unclear from title alone.] | 2025-05-16 VOTE: Voted Aye: Terminally Ill Adults (End of Life) Bill Report Stage: Amendment (a) to New Clause 10 [0: Amendment to end of life bill, effect unclear from title alone.] | 2024-11-29 VOTE: Voted No: Terminally Ill Adults (End of Life) Bill: Second Reading [++: Voted against assisted dying bill's second reading, aligning with opposition to assisted dying.]"
"David Pinto-Duschinsky (Labour, Hendon)",1,,,,,,"2025-06-20 VOTE: Voted No: Terminally Ill Adults (End of Life) Bill: Third Reading [++: Voted against assisted dying bill at Third Reading, aligning with CitizenGO's opposition.] | 2025-06-20 VOTE: Voted No: Terminally Ill Adults (End of Life) Bill: Amendment 94 [0: Assisted dying bill amendment; effect unclear from title alone.] | 2025-06-20 VOTE: Voted No: Terminally Ill Adults (End of Life) Bill: Amendment 77 [0: Assisted dying bill amendment; effect unclear from title alone.] | 2025-06-20 VOTE: Voted Aye: Terminally Ill Adults (End of Life) Bill: Amendment 12 [0: Assisted dying bill amendment; effect unclear from title alone.] | 2025-06-20 VOTE: Voted Aye: Terminally Ill Adults (End of Life) Bill: Amendment 24 [0: Assisted dying bill amendment; effect unclear from title alone.] | 2025-06-20 VOTE: Voted Aye: Terminally Ill Adults (End of Life) Bill: New Clause 16 [0: Assisted dying bill new clause; effect unclear from title alone.] | 2025-05-16 VOTE: Voted Aye: Terminally Ill Adults (End of Life) Bill Report Stage: Amendment (a) to New Clause 10 [0: Amendment to end of life bill, effect unclear from title alone.] | 2024-11-29 VOTE: Voted No: Terminally Ill Adults (End of Life) Bill: Second Reading [++: Voted against assisted dying bill's second reading, aligning with opposition to assisted dying.]"
"Dr Kieran Mullan (Conservative, Bexhill and Battle)",1,,,,,,"2025-06-20 VOTE: Voted No: Terminally Ill Adults (End of Life) Bill: Third Reading [++: Voted against assisted dying bill at Third Reading, aligning with CitizenGO's opposition.] | 2025-06-20 VOTE: Voted Aye: Terminally Ill Adults (End of Life) Bill: Amendment 12 [0: Assisted dying bill amendment; effect unclear from title alone.] | 2025-06-20 VOTE: Voted Aye: Terminally Ill Adults (End of Life) Bill: New Clause 16 [0: Assisted dying bill new clause; effect unclear from title alone.] | 2025-06-13 VOTE: Voted Aye: Terminally Ill Adults (End of Life) Bill: New Clause 2 [0: Assisted dying bill amendment; effect unclear from title alone.] | 2025-06-13 VOTE: Voted Aye: Terminally Ill Adults (End of Life) Bill: New Clause 1 [0: New Clause on end of life bill, effect unclear from title alone.] | 2025-06-13 VOTE: Voted Aye: Terminally Ill Adults (End of Life) Bill: Amendment (b) to New Clause 14 [0: Amendment to end of life bill, effect unclear from title alone.] | 2025-05-16 VOTE: Voted Aye: Terminally Ill Adults (End of Life) Bill Report Stage: Amendment (a) to New Clause 10 [0: Amendment to end of life bill, effect unclear from title alone.] | 2024-11-29 VOTE: Voted No: Terminally Ill Adults (End of Life) Bill: Second Reading [++: Voted against assisted dying bill's second reading, aligning with opposition to assisted dying.]"
"Gill Furniss (Labour, Sheffield Brightside and Hillsborough)",1,,,,,,"2025-06-20 VOTE: Voted No: Terminally Ill Adults (End of Life) Bill: Third Reading [++: Voted against assisted dying bill at Third Reading, aligning with CitizenGO's opposition.] | 2025-06-20 VOTE: Voted No: Terminally Ill Adults (End of Life) Bill: Amendment 94 [0: Assisted dying bill amendment; effect unclear from title alone.] | 2025-06-20 VOTE: Voted No: Terminally Ill Adults (End of Life) Bill: Amendment 77 [0: Assisted dying bill amendment; effect unclear from title alone.] | 2025-06-20 VOTE: Voted Aye: Terminally Ill Adults (End of Life) Bill: Amendment 12 [0: Assisted dying bill amendment; effect unclear from title alone.] | 2025-06-20 VOTE: Voted Aye: Terminally Ill Adults (End of Life) Bill: Amendment 24 [0: Assisted dying bill amendment; effect unclear from title alone.] | 2025-06-20 VOTE: Voted No: Terminally Ill Adults (End of Life) Bill: New Clause 16 [0: Assisted dying bill new clause; effect unclear from title alone.] | 2025-05-16 VOTE: Voted No: Terminally Ill Adults (End of Life) Bill Report Stage: Amendment (a) to New Clause 10 [0: Amendment to end of life bill, effect unclear from title alone.] | 2024-11-29 VOTE: Voted No: Terminally Ill Adults (End of Life) Bill: Second Reading [++: Voted against assisted dying bill's second reading, aligning with opposition to assisted dying.]"
"Gordon McKee (Labour, Glasgow South)",1,,,,,,"2025-06-20 VOTE: Voted No: Terminally Ill Adults (End of Life) Bill: Third Reading [++: Voted against assisted dying bill at Third Reading, aligning with CitizenGO's opposition.] | 2025-06-20 VOTE: Voted Aye: Terminally Ill Adults (End of Life) Bill: Amendment 24 [0: Assisted dying bill amendment; effect unclear from title alone.] | 2025-06-20 VOTE: Voted Aye: Terminally Ill Adults (End of Life) Bill: New Clause 16 [0: Assisted dying bill new clause; effect unclear from title alone.] | 2025-06-13 VOTE: Voted Aye: Terminally Ill Adults (End of Life) Bill: New Clause 2 [0: Assisted dying bill amendment; effect unclear from title alone.] | 2025-06-13 VOTE: Voted Aye: Terminally Ill Adults (End of Life) Bill: New Clause 1 [0: New Clause on end of life bill, effect unclear from title alone.] | 2025-06-13 VOTE: Voted Aye: Terminally Ill Adults (End of Life) Bill: Amendment (b) to New Clause 14 [0: Amendment to end of life bill, effect unclear from title alone.] | 2025-05-16 VOTE: Voted Aye: Terminally Ill Adults (End of Life) Bill Report Stage: Amendment (a) to New Clause 10 [0: Amendment to end of life bill, effect unclear from title alone.] | 2024-11-29 VOTE: Voted No: Terminally Ill Adults (End of Life) Bill: Second Reading [++: Voted against assisted dying bill's second reading, aligning with opposition to assisted dying.]"
"Graham Stringer (Labour, Blackley and Middleton South)",1,,,,,,"2025-06-20 VOTE: Voted No: Terminally Ill Adults (End of Life) Bill: Third Reading [++: Voted against assisted dying bill at Third Reading, aligning with CitizenGO's opposition.] | 2025-06-20 VOTE: Voted No: Terminally Ill Adults (End of Life) Bill: Amendment 94 [0: Assisted dying bill amendment; effect unclear from title alone.] | 2025-06-20 VOTE: Voted No: Terminally Ill Adults (End of Life) Bill: Amendment 77 [0: Assisted dying bill amendment; effect unclear from title alone.] | 2025-06-20 VOTE: Voted Aye: Terminally Ill Adults (End of Life) Bill: Amendment 12 [0: Assisted dying bill amendment; effect unclear from title alone.] | 2025-06-20 VOTE: Voted Aye: Terminally Ill Adults (End of Life) Bill: Amendment 24 [0: Assisted dying bill amendment; effect unclear from title alone.] | 2025-06-20 VOTE: Voted Aye: Terminally Ill Adults (End of Life) Bill: New Clause 16 [0: Assisted dying bill new clause; effect unclear from title alone.] | 2025-05-16 VOTE: Voted Aye: Terminally Ill Adults (End of Life) Bill Report Stage: Amendment (a) to New Clause 10 [0: Amendment to end of life bill, effect unclear from title alone.] | 2024-11-29 VOTE: Voted No: Terminally Ill Adults (End of Life) Bill: Second Reading [++: Voted against assisted dying bill's second reading, aligning with opposition to assisted dying.]"
"Graham Stuart (Conservative, Beverley and Holderness)",1,,,,,,"2025-06-20 VOTE: Voted No: Terminally Ill Adults (End of Life) Bill: Third Reading [++: Voted against assisted dying bill at Third Reading, aligning with CitizenGO's opposition.] | 2025-06-20 VOTE: Voted No: Terminally Ill Adults (End of Life) Bill: Amendment 94 [0: Assisted dying bill amendment; effect unclear from title alone.] | 2025-06-20 VOTE: Voted No: Terminally Ill Adults (End of Life) Bill: Amendment 77 [0: Assisted dying bill amendment; effect unclear from title alone.] | 2025-06-20 VOTE: Voted Aye: Terminally Ill Adults (End of Life) Bill: Amendment 12 [0: Assisted dying bill amendment; effect unclear from title alone.] | 2025-06-20 VOTE: Voted Aye: Terminally Ill Adults (End of Life) Bill: Amendment 24 [0: Assisted dying bill amendment; effect unclear from title alone.] | 2025-06-20 VOTE: Voted Aye: Terminally Ill Adults (End of Life) Bill: New Clause 16 [0: Assisted dying bill new clause; effect unclear from title alone.] | 2025-05-16 VOTE: Voted Aye: Terminally Ill Adults (End of Life) Bill Report Stage: Amendment (a) to New Clause 10 [0: Amendment to end of life bill, effect unclear from title alone.] | 2024-11-29 VOTE: Voted No: Terminally Ill Adults (End of Life) Bill: Second Reading [++: Voted against assisted dying bill's second reading, aligning with opposition to assisted dying.]"
"Harriet Cross (Conservative, Gordon and Buchan)",1,,,,,,"2025-06-20 VOTE: Voted No: Terminally Ill Adults (End of Life) Bill: Third Reading [++: Voted against assisted dying bill at Third Reading, aligning with CitizenGO's opposition.] | 2025-06-20 VOTE: Voted No: Terminally Ill Adults (End of Life) Bill: Amendment 94 [0: Assisted dying bill amendment; effect unclear from title alone.] | 2025-06-20 VOTE: Voted No: Terminally Ill Adults (End of Life) Bill: Amendment 77 [0: Assisted dying bill amendment; effect unclear from title alone.] | 2025-06-20 VOTE: Voted Aye: Terminally Ill Adults (End of Life) Bill: Amendment 12 [0: Assisted dying bill amendment; effect unclear from title alone.] | 2025-06-20 VOTE: Voted Aye: Terminally Ill Adults (End of Life) Bill: Amendment 24 [0: Assisted dying bill amendment; effect unclear from title alone.] | 2025-06-20 VOTE: Voted Aye: Terminally Ill Adults (End of Life) Bill: New Clause 16 [0: Assisted dying bill new clause; effect unclear from title alone.] | 2025-05-16 VOTE: Voted Aye: Terminally Ill Adults (End of Life) Bill Report Stage: Amendment (a) to New Clause 10 [0: Amendment to end of life bill, effect unclear from title alone.] | 2024-11-29 VOTE: Voted No: Terminally Ill Adults (End of Life) Bill: Second Reading [++: Voted against assisted dying bill's second reading, aligning with opposition to assisted dying.]"
"Jamie Stone (Liberal Democrat, Caithness, Sutherland and Easter Ross)",1,,,,,,"2025-06-20 VOTE: Voted No: Terminally Ill Adults (End of Life) Bill: Third Reading [++: Voted against assisted dying bill at Third Reading, aligning with CitizenGO's opposition.] | 2025-06-20 VOTE: Voted No: Terminally Ill Adults (End of Life) Bill: Amendment 94 [0: Assisted dying bill amendment; effect unclear from title alone.] | 2025-06-20 VOTE: Voted No: Terminally Ill Adults (End of Life) Bill: Amendment 77 [0: Assisted dying bill amendment; effect unclear from title alone.] | 2025-06-20 VOTE: Voted Aye: Terminally Ill Adults (End of Life) Bill: Amendment 12 [0: Assisted dying bill amendment; effect unclear from title alone.] | 2025-06-20 VOTE: Voted Aye: Terminally Ill Adults (End of Life) Bill: Amendment 24 [0: Assisted dying bill amendment; effect unclear from title alone.] | 2025-06-20 VOTE: Voted Aye: Terminally Ill Adults (End of Life) Bill: New Clause 16 [0: Assisted dying bill new clause; effect unclear from title alone.] | 2025-05-16 VOTE: Voted Aye: Terminally Ill Adults (End of Life) Bill Report Stage: Amendment (a) to New Clause 10 [0: Amendment to end of life bill, effect unclear from title alone.] | 2024-11-29 VOTE: Voted No: Terminally Ill Adults (End of Life) Bill: Second Reading [++: Voted against assisted dying bill's second reading, aligning with opposition to assisted dying.]"
"Jonathan Hinder (Labour, Pendle and Clitheroe)",1,,,,,,"CONFLICTING SIGNALS - review all evidence | 2025-06-20 VOTE: Voted No: Terminally Ill Adults (End of Life) Bill: Third Reading [++: Voted against assisted dying bill at Third Reading, aligning with CitizenGO's opposition.] | 2025-06-20 VOTE: Voted Aye: Terminally Ill Adults (End of Life) Bill: Amendment 12 [0: Assisted dying bill amendment; effect unclear from title alone.] | 2025-06-20 VOTE: Voted Aye: Terminally Ill Adults (End of Life) Bill: Amendment 24 [0: Assisted dying bill amendment; effect unclear from title alone.] | 2025-06-20 VOTE: Voted Aye: Terminally Ill Adults (End of Life) Bill: New Clause 16 [0: Assisted dying bill new clause; effect unclear from title alone.] | 2025-06-13 VOTE: Voted Aye: Terminally Ill Adults (End of Life) Bill: New Clause 2 [0: Assisted dying bill amendment; effect unclear from title alone.] | 2025-06-13 VOTE: Voted Aye: Terminally Ill Adults (End of Life) Bill: New Clause 1 [0: New Clause on end of life bill, effect unclear from title alone.] | 2025-06-13 VOTE: Voted Aye: Terminally Ill Adults (End of Life) Bill: Amendment (b) to New Clause 14 [0: Amendment to end of life bill, effect unclear from title alone.] | 2024-11-29 VOTE: Voted Aye: Terminally Ill Adults (End of Life) Bill: Second Reading [--: Voted for assisted dying bill's second reading, directly opposing CitizenGO's stance against assisted dying.]"
"Kenneth Stevenson (Labour, Airdrie and Shotts)",1,,,,,,"2025-06-20 VOTE: Voted No: Terminally Ill Adults (End of Life) Bill: Third Reading [++: Voted against assisted dying bill at Third Reading, aligning with CitizenGO's opposition.] | 2025-06-20 VOTE: Voted No: Terminally Ill Adults (End of Life) Bill: Amendment 94 [0: Assisted dying bill amendment; effect unclear from title alone.] | 2025-06-20 VOTE: Voted No: Terminally Ill Adults (End of Life) Bill: Amendment 77 [0: Assisted dying bill amendment; effect unclear from title alone.] | 2025-06-20 VOTE: Voted Aye: Terminally Ill Adults (End of Life) Bill: Amendment 12 [0: Assisted dying bill amendment; effect unclear from title alone.] | 2025-06-20 VOTE: Voted Aye: Terminally Ill Adults (End of Life) Bill: Amendment 24 [0: Assisted dying bill amendment; effect unclear from title alone.] | 2025-06-20 VOTE: Voted Aye: Terminally Ill Adults (End of Life) Bill: New Clause 16 [0: Assisted dying bill new clause; effect unclear from title alone.] | 2025-05-16 VOTE: Voted Aye: Terminally Ill Adults (End of Life) Bill Report Stage: Amendment (a) to New Clause 10 [0: Amendment to end of life bill, effect unclear from title alone.] | 2024-11-29 VOTE: Voted No: Terminally Ill Adults (End of Life) Bill: Second Reading [++: Voted against assisted dying bill's second reading, aligning with opposition to assisted dying.]"
"Mary Glindon (Labour, Newcastle upon Tyne East and Wallsend)",1,,,,,,"2025-06-20 VOTE: Voted No: Terminally Ill Adults (End of Life) Bill: Third Reading [++: Voted against assisted dying bill at Third Reading, aligning with CitizenGO's opposition.] | 2025-06-20 VOTE: Voted No: Terminally Ill Adults (End of Life) Bill: Amendment 94 [0: Assisted dying bill amendment; effect unclear from title alone.] | 2025-06-20 VOTE: Voted No: Terminally Ill Adults (End of Life) Bill: Amendment 77 [0: Assisted dying bill amendment; effect unclear from title alone.] | 2025-06-13 VOTE: Voted Aye: Terminally Ill Adults (End of Life) Bill: New Clause 2 [0: Assisted dying bill amendment; effect unclear from title alone.] | 2025-06-13 VOTE: Voted Aye: Terminally Ill Adults (End of Life) Bill: New Clause 1 [0: New Clause on end of life bill, effect unclear from title alone.] | 2025-06-13 VOTE: Voted Aye: Terminally Ill Adults (End of Life) Bill: Amendment (b) to New Clause 14 [0: Amendment to end of life bill, effect unclear from title alone.] | 2025-05-16 VOTE: Voted Aye: Terminally Ill Adults (End of Life) Bill Report Stage: Amendment (a) to New Clause 10 [0: Amendment to end of life bill, effect unclear from title alone.] | 2024-11-29 VOTE: Voted No: Terminally Ill Adults (End of Life) Bill: Second Reading [++: Voted against assisted dying bill's second reading, aligning with opposition to assisted dying.]"
"Matthew Patrick (Labour, Wirral West)",1,,,,,,"2025-06-20 VOTE: Voted No: Terminally Ill Adults (End of Life) Bill: Third Reading [++: Voted against assisted dying bill at Third Reading, aligning with CitizenGO's opposition.] | 2025-06-20 VOTE: Voted No: Terminally Ill Adults (End of Life) Bill: Amendment 94 [0: Assisted dying bill amendment; effect unclear from title alone.] | 2025-06-20 VOTE: Voted No: Terminally Ill Adults (End of Life) Bill: Amendment 77 [0: Assisted dying bill amendment; effect unclear from title alone.] | 2025-06-20 VOTE: Voted Aye: Terminally Ill Adults (End of Life) Bill: Amendment 12 [0: Assisted dying bill amendment; effect unclear from title alone.] | 2025-06-20 VOTE: Voted Aye: Terminally Ill Adults (End of Life) Bill: Amendment 24 [0: Assisted dying bill amendment; effect unclear from title alone.] | 2025-06-20 VOTE: Voted Aye: Terminally Ill Adults (End of Life) Bill: New Clause 16 [0: Assisted dying bill new clause; effect unclear from title alone.] | 2025-05-16 VOTE: Voted No: Terminally Ill Adults (End of Life) Bill Report Stage: Amendment (a) to New Clause 10 [0: Amendment to end of life bill, effect unclear from title alone.] | 2024-11-29 VOTE: Voted No: Terminally Ill Adults (End of Life) Bill: Second Reading [++: Voted against assisted dying bill's second reading, aligning with opposition to assisted dying.]"
"Mr Angus MacDonald (Liberal Democrat, Inverness, Skye and West Ross-shire)",1,,,,,,"2025-06-20 VOTE: Voted No: Terminally Ill Adults (End of Life) Bill: Third Reading [++: Voted against assisted dying bill at Third Reading, aligning with CitizenGO's opposition.] | 2025-06-20 VOTE: Voted No: Terminally Ill Adults (End of Life) Bill: Amendment 94 [0: Assisted dying bill amendment; effect unclear from title alone.] | 2025-06-20 VOTE: Voted No: Terminally Ill Adults (End of Life) Bill: Amendment 77 [0: Assisted dying bill amendment; effect unclear from title alone.] | 2025-06-20 VOTE: Voted Aye: Terminally Ill Adults (End of Life) Bill: Amendment 12 [0: Assisted dying bill amendment; effect unclear from title alone.] | 2025-06-20 VOTE: Voted Aye: Terminally Ill Adults (End of Life) Bill: Amendment 24 [0: Assisted dying bill amendment; effect unclear from title alone.] | 2025-06-20 VOTE: Voted Aye: Terminally Ill Adults (End of Life) Bill: New Clause 16 [0: Assisted dying bill new clause; effect unclear from title alone.] | 2025-05-16 VOTE: Voted Aye: Terminally Ill Adults (End of Life) Bill Report Stage: Amendment (a) to New Clause 10 [0: Amendment to end of life bill, effect unclear from title alone.] | 2024-11-29 VOTE: Voted No: Terminally Ill Adults (End of Life) Bill: Second Reading [++: Voted against assisted dying bill's second reading, aligning with opposition to assisted dying.]"
"Mr Bayo Alaba (Labour, Southend East and Rochford)",1,,,,,,"2025-06-20 VOTE: Voted No: Terminally Ill Adults (End of Life) Bill: Third Reading [++: Voted against assisted dying bill at Third Reading, aligning with CitizenGO's opposition.] | 2025-06-20 VOTE: Voted No: Terminally Ill Adults (End of Life) Bill: Amendment 94 [0: Assisted dying bill amendment; effect unclear from title alone.] | 2025-06-20 VOTE: Voted No: Terminally Ill Adults (End of Life) Bill: Amendment 77 [0: Assisted dying bill amendment; effect unclear from title alone.] | 2025-06-20 VOTE: Voted Aye: Terminally Ill Adults (End of Life) Bill: Amendment 12 [0: Assisted dying bill amendment; effect unclear from title alone.] | 2025-06-20 VOTE: Voted Aye: Terminally Ill Adults (End of Life) Bill: Amendment 24 [0: Assisted dying bill amendment; effect unclear from title alone.] | 2025-06-20 VOTE: Voted Aye: Terminally Ill Adults (End of Life) Bill: New Clause 16 [0: Assisted dying bill new clause; effect unclear from title alone.] | 2025-05-16 VOTE: Voted Aye: Terminally Ill Adults (End of Life) Bill Report Stage: Amendment (a) to New Clause 10 [0: Amendment to end of life bill, effect unclear from title alone.] | 2024-11-29 VOTE: Voted No: Terminally Ill Adults (End of Life) Bill: Second Reading [++: Voted against assisted dying bill's second reading, aligning with opposition to assisted dying.]"
"Mr James Frith (Labour, Bury North)",1,,,,,,"2025-06-20 VOTE: Voted No: Terminally Ill Adults (End of Life) Bill: Third Reading [++: Voted against assisted dying bill at Third Reading, aligning with CitizenGO's opposition.] | 2025-06-20 VOTE: Voted No: Terminally Ill Adults (End of Life) Bill: Amendment 94 [0: Assisted dying bill amendment; effect unclear from title alone.] | 2025-06-20 VOTE: Voted No: Terminally Ill Adults (End of Life) Bill: Amendment 77 [0: Assisted dying bill amendment; effect unclear from title alone.] | 2025-06-20 VOTE: Voted Aye: Terminally Ill Adults (End of Life) Bill: Amendment 12 [0: Assisted dying bill amendment; effect unclear from title alone.] | 2025-06-20 VOTE: Voted Aye: Terminally Ill Adults (End of Life) Bill: Amendment 24 [0: Assisted dying bill amendment; effect unclear from title alone.] | 2025-06-20 VOTE: Voted Aye: Terminally Ill Adults (End of Life) Bill: New Clause 16 [0: Assisted dying bill new clause; effect unclear from title alone.] | 2025-05-16 VOTE: Voted Aye: Terminally Ill Adults (End of Life) Bill Report Stage: Amendment (a) to New Clause 10 [0: Amendment to end of life bill, effect unclear from title alone.] | 2024-11-29 VOTE: Voted No: Terminally Ill Adults (End of Life) Bill: Second Reading [++: Voted against assisted dying bill's second reading, aligning with opposition to assisted dying.]"
"Mr Richard Holden (Conservative, Basildon and Billericay)",1,,,,,,"2025-06-20 VOTE: Voted No: Terminally Ill Adults (End of Life) Bill: Third Reading [++: Voted against assisted dying bill at Third Reading, aligning with CitizenGO's opposition.] | 2025-06-20 VOTE: Voted No: Terminally Ill Adults (End of Life) Bill: Amendment 94 [0: Assisted dying bill amendment; effect unclear from title alone.] | 2025-06-20 VOTE: Voted No: Terminally Ill Adults (End of Life) Bill: Amendment 77 [0: Assisted dying bill amendment; effect unclear from title alone.] | 2025-06-20 VOTE: Voted Aye: Terminally Ill Adults (End of Life) Bill: Amendment 12 [0: Assisted dying bill amendment; effect unclear from title alone.] | 2025-06-13 VOTE: Voted Aye: Terminally Ill Adults (End of Life) Bill: New Clause 1 [0: New Clause on end of life bill, effect unclear from title alone.] | 2025-06-13 VOTE: Voted Aye: Terminally Ill Adults (End of Life) Bill: Amendment (b) to New Clause 14 [0: Amendment to end of life bill, effect unclear from title alone.] | 2025-05-16 VOTE: Voted Aye: Terminally Ill Adults (End of Life) Bill Report Stage: Amendment (a) to New Clause 10 [0: Amendment to end of life bill, effect unclear from title alone.] | 2024-11-29 VOTE: Voted No: Terminally Ill Adults (End of Life) Bill: Second Reading [++: Voted against assisted dying bill's second reading, aligning with opposition to assisted dying.]"
"Mr Tanmanjeet Singh Dhesi (Labour, Slough)",1,,,,,,"2025-06-20 VOTE: Voted No: Terminally Ill Adults (End of Life) Bill: Third Reading [++: Voted against assisted dying bill at Third Reading, aligning with CitizenGO's opposition.] | 2025-06-20 VOTE: Voted No: Terminally Ill Adults (End of Life) Bill: Amendment 94 [0: Assisted dying bill amendment; effect unclear from title alone.] | 2025-06-20 VOTE: Voted No: Terminally Ill Adults (End of Life) Bill: Amendment 77 [0: Assisted dying bill amendment; effect unclear from title alone.] | 2025-06-20 VOTE: Voted Aye: Terminally Ill Adults (End of Life) Bill: Amendment 12 [0: Assisted dying bill amendment; effect unclear from title alone.] | 2025-06-20 VOTE: Voted Aye: Terminally Ill Adults (End of Life) Bill: Amendment 24 [0: Assisted dying bill amendment; effect unclear from title alone.] | 2025-06-20 VOTE: Voted Aye: Terminally Ill Adults (End of Life) Bill: New Clause 16 [0: Assisted dying bill new clause; effect unclear from title alone.] | 2025-05-16 VOTE: Voted Aye: Terminally Ill Adults (End of Life) Bill Report Stage: Amendment (a) to New Clause 10 [0: Amendment to end of life bill, effect unclear from title alone.] | 2024-11-29 VOTE: Voted No: Terminally Ill Adults (End of Life) Bill: Second Reading [++: Voted against assisted dying bill's second reading, aligning with opposition to assisted dying.]"
"Nick Thomas-Symonds (Labour, Torfaen)",1,,,,,,"2025-06-20 VOTE: Voted No: Terminally Ill Adults (End of Life) Bill: Third Reading [++: Voted against assisted dying bill at Third Reading, aligning with CitizenGO's opposition.] | 2025-06-20 VOTE: Voted No: Terminally Ill Adults (End of Life) Bill: Amendment 94 [0: Assisted dying bill amendment; effect unclear from title alone.] | 2025-06-20 VOTE: Voted No: Terminally Ill Adults (End of Life) Bill: Amendment 77 [0: Assisted dying bill amendment; effect unclear from title alone.] | 2025-06-20 VOTE: Voted Aye: Terminally Ill Adults (End of Life) Bill: Amendment 12 [0: Assisted dying bill amendment; effect unclear from title alone.] | 2025-06-20 VOTE: Voted Aye: Terminally Ill Adults (End of Life) Bill: Amendment 24 [0: Assisted dying bill amendment; effect unclear from title alone.] | 2025-06-20 VOTE: Voted Aye: Terminally Ill Adults (End of Life) Bill: New Clause 16 [0: Assisted dying bill new clause; effect unclear from title alone.] | 2025-05-16 VOTE: Voted Aye: Terminally Ill Adults (End of Life) Bill Report Stage: Amendment (a) to New Clause 10 [0: Amendment to end of life bill, effect unclear from title alone.] | 2024-11-29 VOTE: Voted No: Terminally Ill Adults (End of Life) Bill: Second Reading [++: Voted against assisted dying bill's second reading, aligning with opposition to assisted dying.]"
"Nigel Huddleston (Conservative, Droitwich and Evesham)",1,,,,,,"2025-06-20 VOTE: Voted No: Terminally Ill Adults (End of Life) Bill: Third Reading [++: Voted against assisted dying bill at Third Reading, aligning with CitizenGO's opposition.] | 2025-06-20 VOTE: Voted No: Terminally Ill Adults (End of Life) Bill: Amendment 94 [0: Assisted dying bill amendment; effect unclear from title alone.] | 2025-06-20 VOTE: Voted No: Terminally Ill Adults (End of Life) Bill: Amendment 77 [0: Assisted dying bill amendment; effect unclear from title alone.] | 2025-06-20 VOTE: Voted Aye: Terminally Ill Adults (End of Life) Bill: Amendment 12 [0: Assisted dying bill amendment; effect unclear from title alone.] | 2025-06-20 VOTE: Voted Aye: Terminally Ill Adults (End of Life) Bill: Amendment 24 [0: Assisted dying bill amendment; effect unclear from title alone.] | 2025-06-20 VOTE: Voted Aye: Terminally Ill Adults (End of Life) Bill: New Clause 16 [0: Assisted dying bill new clause; effect unclear from title alone.] | 2025-05-16 VOTE: Voted Aye: Terminally Ill Adults (End of Life) Bill Report Stage: Amendment (a) to New Clause 10 [0: Amendment to end of life bill, effect unclear from title alone.] | 2024-11-29 VOTE: Voted No: Terminally Ill Adults (End of Life) Bill: Second Reading [++: Voted against assisted dying bill's second reading, aligning with opposition to assisted dying.]"
"Olivia Bailey (Labour, Reading West and Mid Berkshire)",1,,,,,,"2025-06-20 VOTE: Voted No: Terminally Ill Adults (End of Life) Bill: Third Reading [++: Voted against assisted dying bill at Third Reading, aligning with CitizenGO's opposition.] | 2025-06-20 VOTE: Voted No: Terminally Ill Adults (End of Life) Bill: Amendment 94 [0: Assisted dying bill amendment; effect unclear from title alone.] | 2025-06-20 VOTE: Voted No: Terminally Ill Adults (End of Life) Bill: Amendment 77 [0: Assisted dying bill amendment; effect unclear from title alone.] | 2025-06-13 VOTE: Voted Aye: Terminally Ill Adults (End of Life) Bill: New Clause 2 [0: Assisted dying bill amendment; effect unclear from title alone.] | 2025-06-13 VOTE: Voted Aye: Terminally Ill Adults (End of Life) Bill: New Clause 1 [0: New Clause on end of life bill, effect unclear from title alone.] | 2025-06-13 VOTE: Voted Aye: Terminally Ill Adults (End of Life) Bill: Amendment (b) to New Clause 14 [0: Amendment to end of life bill, effect unclear from title alone.] | 2025-05-16 VOTE: Voted Aye: Terminally Ill Adults (End of Life) Bill Report Stage: Amendment (a) to New Clause 10 [0: Amendment to end of life bill, effect unclear from title alone.] | 2024-11-29 VOTE: Voted No: Terminally Ill Adults (End of Life) Bill: Second Reading [++: Voted against assisted dying bill's second reading, aligning with opposition to assisted dying.]"
"Richard Quigley (Labour, Isle of Wight West)",1,,,,,,"2025-06-20 VOTE: Voted No: Terminally Ill Adults (End of Life) Bill: Third Reading [++: Voted against assisted dying bill at Third Reading, aligning with CitizenGO's opposition.] | 2025-06-20 VOTE: Voted No: Terminally Ill Adults (End of Life) Bill: Amendment 94 [0: Assisted dying bill amendment; effect unclear from title alone.] | 2025-06-20 VOTE: Voted No: Terminally Ill Adults (End of Life) Bill: Amendment 77 [0: Assisted dying bill amendment; effect unclear from title alone.] | 2025-06-20 VOTE: Voted Aye: Terminally Ill Adults (End of Life) Bill: Amendment 12 [0: Assisted dying bill amendment; effect unclear from title alone.] | 2025-06-20 VOTE: Voted Aye: Terminally Ill Adults (End of Life) Bill: Amendment 24 [0: Assisted dying bill amendment; effect unclear from title alone.] | 2025-06-20 VOTE: Voted Aye: Terminally Ill Adults (End of Life) Bill: New Clause 16 [0: Assisted dying bill new clause; effect unclear from title alone.] | 2025-05-16 VOTE: Voted Aye: Terminally Ill Adults (End of Life) Bill Report Stage: Amendment (a) to New Clause 10 [0: Amendment to end of life bill, effect unclear from title alone.] | 2024-11-29 VOTE: Voted No: Terminally Ill Adults (End of Life) Bill: Second Reading [++: Voted against assisted dying bill's second reading, aligning with opposition to assisted dying.]"
"Sean Woodcock (Labour, Banbury)",1,,,,,,"2025-06-20 VOTE: Voted No: Terminally Ill Adults (End of Life) Bill: Third Reading [++: Voted against assisted dying bill at Third Reading, aligning with CitizenGO's opposition.] | 2025-06-20 VOTE: Voted No: Terminally Ill Adults (End of Life) Bill: Amendment 94 [0: Assisted dying bill amendment; effect unclear from title alone.] | 2025-06-20 VOTE: Voted Aye: Terminally Ill Adults (End of Life) Bill: Amendment 12 [0: Assisted dying bill amendment; effect unclear from title alone.] | 2025-06-20 VOTE: Voted Aye: Terminally Ill Adults (End of Life) Bill: Amendment 24 [0: Assisted dying bill amendment; effect unclear from title alone.] | 2025-06-20 VOTE: Voted Aye: Terminally Ill Adults (End of Life) Bill: New Clause 16 [0: Assisted dying bill new clause; effect unclear from title alone.] | 2025-05-16 VOTE: Voted Aye: Terminally Ill Adults (End of Life) Bill Report Stage: Amendment (a) to New Clause 10 [0: Amendment to end of life bill, effect unclear from title alone.] | 2025-05-16 VOTE: Voted No: Terminally Ill Adults (End of Life) Bill Report Stage: Amendment (a) to New Clause 10 [0: Amendment to end of life bill, effect unclear from title alone.] | 2024-11-29 VOTE: Voted No: Terminally Ill Adults (End of Life) Bill: Second Reading [++: Voted against assisted dying bill's second reading, aligning with opposition to assisted dying.]"
"Sir Gavin Williamson (Conservative, Stone, Great Wyrley and Penkridge)",1,,,,,,"2025-06-20 VOTE: Voted No: Terminally Ill Adults (End of Life) Bill: Third Reading [++: Voted against assisted dying bill at Third Reading, aligning with CitizenGO's opposition.] | 2025-06-20 VOTE: Voted No: Terminally Ill Adults (End of Life) Bill: Amendment 94 [0: Assisted dying bill amendment; effect unclear from title alone.] | 2025-06-20 VOTE: Voted No: Terminally Ill Adults (End of Life) Bill: Amendment 77 [0: Assisted dying bill amendment; effect unclear from title alone.] | 2025-06-13 VOTE: Voted Aye: Terminally Ill Adults (End of Life) Bill: New Clause 2 [0: Assisted dying bill amendment; effect unclear from title alone.] | 2025-06-13 VOTE: Voted Aye: Terminally Ill Adults (End of Life) Bill: New Clause 1 [0: New Clause on end of life bill, effect unclear from title alone.] | 2025-06-13 VOTE: Voted Aye: Terminally Ill Adults (End of Life) Bill: Amendment (b) to New Clause 14 [0: Amendment to end of life bill, effect unclear from title alone.] | 2025-05-16 VOTE: Voted Aye: Terminally Ill Adults (End of Life) Bill Report Stage: Amendment (a) to New Clause 10 [0: Amendment to end of life bill, effect unclear from title alone.] | 2024-11-29 VOTE: Voted No: Terminally Ill Adults (End of Life) Bill: Second Reading [++: Voted against assisted dying bill's second reading, aligning with opposition to assisted dying.]"
"Sir James Cleverly (Conservative, Braintree)",1,,,,,,"2025-06-20 VOTE: Voted No: Terminally Ill Adults (End of Life) Bill: Third Reading [++: Voted against assisted dying bill at Third Reading, aligning with CitizenGO's opposition.] | 2025-06-20 VOTE: Voted No: Terminally Ill Adults (End of Life) Bill: Amendment 94 [0: Assisted dying bill amendment; effect unclear from title alone.] | 2025-06-20 VOTE: Voted No: Terminally Ill Adults (End of Life) Bill: Amendment 77 [0: Assisted dying bill amendment; effect unclear from title alone.] | 2025-06-20 VOTE: Voted Aye: Terminally Ill Adults (End of Life) Bill: Amendment 12 [0: Assisted dying bill amendment; effect unclear from title alone.] | 2025-06-20 VOTE: Voted Aye: Terminally Ill Adults (End of Life) Bill: Amendment 24 [0: Assisted dying bill amendment; effect unclear from title alone.] | 2025-06-20 VOTE: Voted Aye: Terminally Ill Adults (End of Life) Bill: New Clause 16 [0: Assisted dying bill new clause; effect unclear from title alone.] | 2025-05-16 VOTE: Voted Aye: Terminally Ill Adults (End of Life) Bill Report Stage: Amendment (a) to New Clause 10 [0: Amendment to end of life bill, effect unclear from title alone.] | 2024-11-29 VOTE: Voted No: Terminally Ill Adults (End of Life) Bill: Second Reading [++: Voted against assisted dying bill's second reading, aligning with opposition to assisted dying.]"
"Stuart Anderson (Conservative, South Shropshire)",1,,,,,,"2025-06-20 VOTE: Voted No: Terminally Ill Adults (End of Life) Bill: Third Reading [++: Voted against assisted dying bill at Third Reading, aligning with CitizenGO's opposition.] | 2025-06-20 VOTE: Voted No: Terminally Ill Adults (End of Life) Bill: Amendment 94 [0: Assisted dying bill amendment; effect unclear from title alone.] | 2025-06-20 VOTE: Voted No: Terminally Ill Adults (End of Life) Bill: Amendment 77 [0: Assisted dying bill amendment; effect unclear from title alone.] | 2025-06-20 VOTE: Voted Aye: Terminally Ill Adults (End of Life) Bill: Amendment 12 [0: Assisted dying bill amendment; effect unclear from title alone.] | 2025-06-20 VOTE: Voted Aye: Terminally Ill Adults (End of Life) Bill: Amendment 24 [0: Assisted dying bill amendment; effect unclear from title alone.] | 2025-06-20 VOTE: Voted Aye: Terminally Ill Adults (End of Life) Bill: New Clause 16 [0: Assisted dying bill new clause; effect unclear from title alone.] | 2025-05-16 VOTE: Voted Aye: Terminally Ill Adults (End of Life) Bill Report Stage: Amendment (a) to New Clause 10 [0: Amendment to end of life bill, effect unclear from title alone.] | 2024-11-29 VOTE: Voted No: Terminally Ill Adults (End of Life) Bill: Second Reading [++: Voted against assisted dying bill's second reading, aligning with opposition to assisted dying.]"
"Sureena Brackenridge (Labour, Wolverhampton North East)",1,,,,,,"2025-06-20 VOTE: Voted No: Terminally Ill Adults (End of Life) Bill: Third Reading [++: Voted against assisted dying bill at Third Reading, aligning with CitizenGO's opposition.] | 2025-06-20 VOTE: Voted No: Terminally Ill Adults (End of Life) Bill: Amendment 94 [0: Assisted dying bill amendment; effect unclear from title alone.] | 2025-06-20 VOTE: Voted No: Terminally Ill Adults (End of Life) Bill: Amendment 77 [0: Assisted dying bill amendment; effect unclear from title alone.] | 2025-06-20 VOTE: Voted Aye: Terminally Ill Adults (End of Life) Bill: Amendment 12 [0: Assisted dying bill amendment; effect unclear from title alone.] | 2025-06-20 VOTE: Voted Aye: Terminally Ill Adults (End of Life) Bill: Amendment 24 [0: Assisted dying bill amendment; effect unclear from title alone.] | 2025-06-20 VOTE: Voted Aye: Terminally Ill Adults (End of Life) Bill: New Clause 16 [0: Assisted dying bill new clause; effect unclear from title alone.] | 2025-05-16 VOTE: Voted Aye: Terminally Ill Adults (End of Life) Bill Report Stage: Amendment (a) to New Clause 10 [0: Amendment to end of life bill, effect unclear from title alone.] | 2024-11-29 VOTE: Voted No: Terminally Ill Adults (End of Life) Bill: Second Reading [++: Voted against assisted dying bill's second reading, aligning with opposition to assisted dying.]"
"Valerie Vaz (Labour, Walsall and Bloxwich)",1,,,,,,"2025-06-20 VOTE: Voted No: Terminally Ill Adults (End of Life) Bill: Third Reading [++: Voted against assisted dying bill at Third Reading, aligning with CitizenGO's opposition.] | 2025-06-20 VOTE: Voted No: Terminally Ill Adults (End of Life) Bill: Amendment 94 [0: Assisted dying bill amendment; effect unclear from title alone.] | 2025-06-20 VOTE: Voted No: Terminally Ill Adults (End of Life) Bill: Amendment 77 [0: Assisted dying bill amendment; effect unclear from title alone.] | 2025-06-20 VOTE: Voted Aye: Terminally Ill Adults (End of Life) Bill: Amendment 12 [0: Assisted dying bill amendment; effect unclear from title alone.] | 2025-06-20 VOTE: Voted Aye: Terminally Ill Adults (End of Life) Bill: Amendment 24 [0: Assisted dying bill amendment; effect unclear from title alone.] | 2025-06-20 VOTE: Voted Aye: Terminally Ill Adults (End of Life) Bill: New Clause 16 [0: Assisted dying bill new clause; effect unclear from title alone.] | 2025-05-16 VOTE: Voted Aye: Terminally Ill Adults (End of Life) Bill Report Stage: Amendment (a) to New Clause 10 [0: Amendment to end of life bill, effect unclear from title alone.] | 2024-11-29 VOTE: Voted No: Terminally Ill Adults (End of Life) Bill: Second Reading [++: Voted against assisted dying bill's second reading, aligning with opposition to assisted dying.]"
"Andy McDonald (Labour, Middlesbrough and Thornaby East)",1,,,,,,"2025-06-20 VOTE: Voted No: Terminally Ill Adults (End of Life) Bill: Third Reading [++: Voted against assisted dying bill at Third Reading, aligning with CitizenGO's opposition.] | 2025-06-20 VOTE: Voted No: Terminally Ill Adults (End of Life) Bill: Amendment 94 [0: Assisted dying bill amendment; effect unclear from title alone.] | 2025-06-20 VOTE: Voted No: Terminally Ill Adults (End of Life) Bill: Amendment 77 [0: Assisted dying bill amendment; effect unclear from title alone.] | 2025-06-20 VOTE: Voted Aye: Terminally Ill Adults (End of Life) Bill: Amendment 12 [0: Assisted dying bill amendment; effect unclear from title alone.] | 2025-06-20 VOTE: Voted Aye: Terminally Ill Adults (End of Life) Bill: Amendment 24 [0: Assisted dying bill amendment; effect unclear from title alone.] | 2025-06-20 VOTE: Voted Aye: Terminally Ill Adults (End of Life) Bill: New Clause 16 [0: Assisted dying bill new clause; effect unclear from title alone.] | 2024-11-29 VOTE: Voted No: Terminally Ill Adults (End of Life) Bill: Second Reading [++: Voted against assisted dying bill's second reading, aligning with opposition to assisted dying.]"
"Emma Hardy (Labour, Kingston upon Hull West and Haltemprice)",1,,,,,,"CONFLICTING SIGNALS - review all evidence | 2025-06-20 VOTE: Voted No: Terminally Ill Adults (End of Life) Bill: Third Reading [++: Voted against assisted dying bill at Third Reading, aligning with CitizenGO's opposition.] | 2025-06-20 VOTE: Voted Aye: Terminally Ill Adults (End of Life) Bill: Amendment 12 [0: Assisted dying bill amendment; effect unclear from title alone.] | 2025-06-20 VOTE: Voted Aye: Terminally Ill Adults (End of Life) Bill: Amendment 24 [0: Assisted dying bill amendment; effect unclear from title alone.] | 2025-06-20 VOTE: Voted Aye: Terminally Ill Adults (End of Life) Bill: New Clause 16 [0: Assisted dying bill new clause; effect unclear from title alone.] | 2025-05-16 VOTE: Voted Aye: Terminally Ill Adults (End of Life) Bill Report Stage: Amendment (a) to New Clause 10 [0: Amendment to end of life bill, effect unclear from title alone.] | 2024-11-29 VOTE: Voted Aye: Terminally Ill Adults (End of Life) Bill: Second Reading [--: Voted for assisted dying bill's second reading, directly opposing CitizenGO's stance against assisted dying.] | 2024-11-29 VOTE: Voted No: Terminally Ill Adults (End of Life) Bill: Second Reading [++: Voted against assisted dying bill's second reading, aligning with opposition to assisted dying.]"
"Grahame Morris (Labour, Easington)",1,,,,,,"2025-06-20 VOTE: Voted No: Terminally Ill Adults (End of Life) Bill: Third Reading [++: Voted against assisted dying bill at Third Reading, aligning with CitizenGO's opposition.] | 2025-06-20 VOTE: Voted No: Terminally Ill Adults (End of Life) Bill: Amendment 94 [0: Assisted dying bill amendment; effect unclear from title alone.] | 2025-06-20 VOTE: Voted No: Terminally Ill Adults (End of Life) Bill: Amendment 77 [0: Assisted dying bill amendment; effect unclear from title alone.] | 2025-06-20 VOTE: Voted Aye: Terminally Ill Adults (End of Life) Bill: Amendment 12 [0: Assisted dying bill amendment; effect unclear from title alone.] | 2025-06-20 VOTE: Voted Aye: Terminally Ill Adults (End of Life) Bill: Amendment 24 [0: Assisted dying bill amendment; effect unclear from title alone.] | 2025-06-20 VOTE: Voted Aye: Terminally Ill Adults (End of Life) Bill: New Clause 16 [0: Assisted dying bill new clause; effect unclear from title alone.] | 2024-11-29 VOTE: Voted No: Terminally Ill Adults (End of Life) Bill: Second Reading [++: Voted against assisted dying bill's second reading, aligning with opposition to assisted dying.]"
"Lola McEvoy (Labour, Darlington)",1,,,,,,"2025-06-20 VOTE: Voted No: Terminally Ill Adults (End of Life) Bill: Third Reading [++: Voted against assisted dying bill at Third Reading, aligning with CitizenGO's opposition.] | 2025-06-20 VOTE: Voted No: Terminally Ill Adults (End of Life) Bill: Amendment 94 [0: Assisted dying bill amendment; effect unclear from title alone.] | 2025-06-20 VOTE: Voted Aye: Terminally Ill Adults (End of Life) Bill: Amendment 12 [0: Assisted dying bill amendment; effect unclear from title alone.] | 2025-06-20 VOTE: Voted Aye: Terminally Ill Adults (End of Life) Bill: Amendment 24 [0: Assisted dying bill amendment; effect unclear from title alone.] | 2025-06-20 VOTE: Voted Aye: Terminally Ill Adults (End of Life) Bill: New Clause 16 [0: Assisted dying bill new clause; effect unclear from title alone.] | 2025-05-16 VOTE: Voted Aye: Terminally Ill Adults (End of Life) Bill Report Stage: Amendment (a) to New Clause 10 [0: Amendment to end of life bill, effect unclear from title alone.] | 2024-11-29 VOTE: Voted No: Terminally Ill Adults (End of Life) Bill: Second Reading [++: Voted against assisted dying bill's second reading, aligning with opposition to assisted dying.]"
"Martin Rhodes (Labour, Glasgow North)",1,,,,,,"2025-06-20 VOTE: Voted No: Terminally Ill Adults (End of Life) Bill: Third Reading [++: Voted against assisted dying bill at Third Reading, aligning with CitizenGO's opposition.] | 2025-06-20 VOTE: Voted No: Terminally Ill Adults (End of Life) Bill: Amendment 94 [0: Assisted dying bill amendment; effect unclear from title alone.] | 2025-06-20 VOTE: Voted No: Terminally Ill Adults (End of Life) Bill: Amendment 77 [0: Assisted dying bill amendment; effect unclear from title alone.] | 2025-06-20 VOTE: Voted Aye: Terminally Ill Adults (End of Life) Bill: Amendment 12 [0: Assisted dying bill amendment; effect unclear from title alone.] | 2025-06-20 VOTE: Voted Aye: Terminally Ill Adults (End of Life) Bill: Amendment 24 [0: Assisted dying bill amendment; effect unclear from title alone.] | 2025-06-20 VOTE: Voted Aye: Terminally Ill Adults (End of Life) Bill: New Clause 16 [0: Assisted dying bill new clause; effect unclear from title alone.] | 2024-11-29 VOTE: Voted No: Terminally Ill Adults (End of Life) Bill: Second Reading [++: Voted against assisted dying bill's second reading, aligning with opposition to assisted dying.]"
"Mr Adnan Hussain (Independent, Blackburn)",1,,,,,,"2025-06-20 VOTE: Voted No: Terminally Ill Adults (End of Life) Bill: Third Reading [++: Voted against assisted dying bill at Third Reading, aligning with CitizenGO's opposition.] | 2025-06-20 VOTE: Voted No: Terminally Ill Adults (End of Life) Bill: Amendment 94 [0: Assisted dying bill amendment; effect unclear from title alone.] | 2025-06-13 VOTE: Voted Aye: Terminally Ill Adults (End of Life) Bill: New Clause 2 [0: Assisted dying bill amendment; effect unclear from title alone.] | 2025-06-13 VOTE: Voted Aye: Terminally Ill Adults (End of Life) Bill: New Clause 1 [0: New Clause on end of life bill, effect unclear from title alone.] | 2025-06-13 VOTE: Voted Aye: Terminally Ill Adults (End of Life) Bill: Amendment (b) to New Clause 14 [0: Amendment to end of life bill, effect unclear from title alone.] | 2025-05-16 VOTE: Voted Aye: Terminally Ill Adults (End of Life) Bill Report Stage: Amendment (a) to New Clause 10 [0: Amendment to end of life bill, effect unclear from title alone.] | 2024-11-29 VOTE: Voted No: Terminally Ill Adults (End of Life) Bill: Second Reading [++: Voted against assisted dying bill's second reading, aligning with opposition to assisted dying.]"
"Mr Mark Francois (Conservative, Rayleigh and Wickford)",1,,,,,,"2025-06-20 VOTE: Voted No: Terminally Ill Adults (End of Life) Bill: Amendment 94 [0: Assisted dying bill amendment; effect unclear from title alone.] | 2025-06-20 VOTE: Voted No: Terminally Ill Adults (End of Life) Bill: Amendment 77 [0: Assisted dying bill amendment; effect unclear from title alone.] | 2025-06-20 VOTE: Voted Aye: Terminally Ill Adults (End of Life) Bill: Amendment 12 [0: Assisted dying bill amendment; effect unclear from title alone.] | 2025-06-13 VOTE: Voted Aye: Terminally Ill Adults (End of Life) Bill: New Clause 2 [0: Assisted dying bill amendment; effect unclear from title alone.] | 2025-06-13 VOTE: Voted Aye: Terminally Ill Adults (End of Life) Bill: New Clause 1 [0: New Clause on end of life bill, effect unclear from title alone.] | 2025-05-16 VOTE: Voted Aye: Terminally Ill Adults (End of Life) Bill Report Stage: Amendment (a) to New Clause 10 [0: Amendment to end of life bill, effect unclear from title alone.] | 2024-11-29 VOTE: Voted No: Terminally Ill Adults (End of Life) Bill: Second Reading [++: Voted against assisted dying bill's second reading, aligning with opposition to assisted dying.]"
"Patricia Ferguson (Labour, Glasgow West)",1,,,,,,"2025-06-20 VOTE: Voted No: Terminally Ill Adults (End of Life) Bill: Third Reading [++: Voted against assisted dying bill at Third Reading, aligning with CitizenGO's opposition.] | 2025-06-20 VOTE: Voted No: Terminally Ill Adults (End of Life) Bill: Amendment 94 [0: Assisted dying bill amendment; effect unclear from title alone.] | 2025-06-20 VOTE: Voted No: Terminally Ill Adults (End of Life) Bill: Amendment 77 [0: Assisted dying bill amendment; effect unclear from title alone.] | 2025-06-20 VOTE: Voted Aye: Terminally Ill Adults (End of Life) Bill: Amendment 12 [0: Assisted dying bill amendment; effect unclear from title alone.] | 2025-06-20 VOTE: Voted Aye: Terminally Ill Adults (End of Life) Bill: Amendment 24 [0: Assisted dying bill amendment; effect unclear from title alone.] | 2025-05-16 VOTE: Voted Aye: Terminally Ill Adults (End of Life) Bill Report Stage: Amendment (a) to New Clause 10 [0: Amendment to end of life bill, effect unclear from title alone.] | 2024-11-29 VOTE: Voted No: Terminally Ill Adults (End of Life) Bill: Second Reading [++: Voted against assisted dying bill's second reading, aligning with opposition to assisted dying.]"
"Paulette Hamilton (Labour, Birmingham Erdington)",1,,,,,,"2025-06-20 VOTE: Voted No: Terminally Ill Adults (End of Life) Bill: Third Reading [++: Voted against assisted dying bill at Third Reading, aligning with CitizenGO's opposition.] | 2025-06-20 VOTE: Voted No: Terminally Ill Adults (End of Life) Bill: Amendment 94 [0: Assisted dying bill amendment; effect unclear from title alone.] | 2025-06-20 VOTE: Voted No: Terminally Ill Adults (End of Life) Bill: Amendment 77 [0: Assisted dying bill amendment; effect unclear from title alone.] | 2025-06-20 VOTE: Voted Aye: Terminally Ill Adults (End of Life) Bill: Amendment 12 [0: Assisted dying bill amendment; effect unclear from title alone.] | 2025-06-20 VOTE: Voted Aye: Terminally Ill Adults (End of Life) Bill: Amendment 24 [0: Assisted dying bill amendment; effect unclear from title alone.] | 2025-06-20 VOTE: Voted Aye: Terminally Ill Adults (End of Life) Bill: New Clause 16 [0: Assisted dying bill new clause; effect unclear from title alone.] | 2024-11-29 VOTE: Voted No: Terminally Ill Adults (End of Life) Bill: Second Reading [++: Voted against assisted dying bill's second reading, aligning with opposition to assisted dying.]"
"Peter Fortune (Conservative, Bromley and Biggin Hill)",1,,,,,,"2025-06-20 VOTE: Voted No: Terminally Ill Adults (End of Life) Bill: Third Reading [++: Voted against assisted dying bill at Third Reading, aligning with CitizenGO's opposition.] | 2025-06-20 VOTE: Voted No: Terminally Ill Adults (End of Life) Bill: Amendment 94 [0: Assisted dying bill amendment; effect unclear from title alone.] | 2025-06-13 VOTE: Voted Aye: Terminally Ill Adults (End of Life) Bill: New Clause 2 [0: Assisted dying bill amendment; effect unclear from title alone.] | 2025-06-13 VOTE: Voted Aye: Terminally Ill Adults (End of Life) Bill: New Clause 1 [0: New Clause on end of life bill, effect unclear from title alone.] | 2025-06-13 VOTE: Voted Aye: Terminally Ill Adults (End of Life) Bill: Amendment (b) to New Clause 14 [0: Amendment to end of life bill, effect unclear from title alone.] | 2025-05-16 VOTE: Voted Aye: Terminally Ill Adults (End of Life) Bill Report Stage: Amendment (a) to New Clause 10 [0: Amendment to end of life bill, effect unclear from title alone.] | 2024-11-29 VOTE: Voted No: Terminally Ill Adults (End of Life) Bill: Second Reading [++: Voted against assisted dying bill's second reading, aligning with opposition to assisted dying.]"
"Sir Alec Shelbrooke (Conservative, Wetherby and Easingwold)",1,,,,,,"2025-06-20 VOTE: Voted No: Terminally Ill Adults (End of Life) Bill: Third Reading [++: Voted against assisted dying bill at Third Reading, aligning with CitizenGO's opposition.] | 2025-06-20 VOTE: Voted No: Terminally Ill Adults (End of Life) Bill: Amendment 94 [0: Assisted dying bill amendment; effect unclear from title alone.] | 2025-06-20 VOTE: Voted No: Terminally Ill Adults (End of Life) Bill: Amendment 77 [0: Assisted dying bill amendment; effect unclear from title alone.] | 2025-06-20 VOTE: Voted Aye: Terminally Ill Adults (End of Life) Bill: Amendment 12 [0: Assisted dying bill amendment; effect unclear from title alone.] | 2025-06-20 VOTE: Voted Aye: Terminally Ill Adults (End of Life) Bill: Amendment 24 [0: Assisted dying bill amendment; effect unclear from title alone.] | 2025-06-20 VOTE: Voted Aye: Terminally Ill Adults (End of Life) Bill: New Clause 16 [0: Assisted dying bill new clause; effect unclear from title alone.] | 2024-11-29 VOTE: Voted No: Terminally Ill Adults (End of Life) Bill: Second Reading [++: Voted against assisted dying bill's second reading, aligning with opposition to assisted dying.]"
"Sir Geoffrey Clifton-Brown (Conservative, North Cotswolds)",1,,,,,,"2025-06-20 VOTE: Voted No: Terminally Ill Adults (End of Life) Bill: Third Reading [++: Voted against assisted dying bill at Third Reading, aligning with CitizenGO's opposition.] | 2025-06-20 VOTE: Voted No: Terminally Ill Adults (End of Life) Bill: Amendment 94 [0: Assisted dying bill amendment; effect unclear from title alone.] | 2025-06-20 VOTE: Voted No: Terminally Ill Adults (End of Life) Bill: Amendment 77 [0: Assisted dying bill amendment; effect unclear from title alone.] | 2025-06-20 VOTE: Voted Aye: Terminally Ill Adults (End of Life) Bill: Amendment 12 [0: Assisted dying bill amendment; effect unclear from title alone.] | 2025-06-20 VOTE: Voted Aye: Terminally Ill Adults (End of Life) Bill: Amendment 24 [0: Assisted dying bill amendment; effect unclear from title alone.] | 2025-06-20 VOTE: Voted No: Terminally Ill Adults (End of Life) Bill: New Clause 16 [0: Assisted dying bill new clause; effect unclear from title alone.] | 2025-05-16 VOTE: Voted Aye: Terminally Ill Adults (End of Life) Bill Report Stage: Amendment (a) to New Clause 10 [0: Amendment to end of life bill, effect unclear from title alone.]"
"Sir Jeremy Wright (Conservative, Kenilworth and Southam)",1,,,,,,"2025-06-20 VOTE: Voted No: Terminally Ill Adults (End of Life) Bill: Third Reading [++: Voted against assisted dying bill at Third Reading, aligning with CitizenGO's opposition.] | 2025-06-20 VOTE: Voted No: Terminally Ill Adults (End of Life) Bill: Amendment 94 [0: Assisted dying bill amendment; effect unclear from title alone.] | 2025-06-20 VOTE: Voted No: Terminally Ill Adults (End of Life) Bill: Amendment 77 [0: Assisted dying bill amendment; effect unclear from title alone.] | 2025-06-20 VOTE: Voted Aye: Terminally Ill Adults (End of Life) Bill: Amendment 12 [0: Assisted dying bill amendment; effect unclear from title alone.] | 2025-06-20 VOTE: Voted Aye: Terminally Ill Adults (End of Life) Bill: Amendment 24 [0: Assisted dying bill amendment; effect unclear from title alone.] | 2025-06-20 VOTE: Voted Aye: Terminally Ill Adults (End of Life) Bill: New Clause 16 [0: Assisted dying bill new clause; effect unclear from title alone.] | 2024-11-29 VOTE: Voted No: Terminally Ill Adults (End of Life) Bill: Second Reading [++: Voted against assisted dying bill's second reading, aligning with opposition to assisted dying.]"
"Sir Stephen Timms (Labour, East Ham)",1,,,,,,"2025-06-20 VOTE: Voted No: Terminally Ill Adults (End of Life) Bill: Third Reading [++: Voted against assisted dying bill at Third Reading, aligning with CitizenGO's opposition.] | 2025-06-20 VOTE: Voted No: Terminally Ill Adults (End of Life) Bill: Amendment 94 [0: Assisted dying bill amendment; effect unclear from title alone.] | 2025-06-20 VOTE: Voted No: Terminally Ill Adults (End of Life) Bill: Amendment 77 [0: Assisted dying bill amendment; effect unclear from title alone.] | 2025-06-20 VOTE: Voted Aye: Terminally Ill Adults (End of Life) Bill: Amendment 12 [0: Assisted dying bill amendment; effect unclear from title alone.] | 2025-06-20 VOTE: Voted Aye: Terminally Ill Adults (End of Life) Bill: Amendment 24 [0: Assisted dying bill amendment; effect unclear from title alone.] | 2025-05-16 VOTE: Voted Aye: Terminally Ill Adults (End of Life) Bill Report Stage: Amendment (a) to New Clause 10 [0: Amendment to end of life bill, effect unclear from title alone.] | 2024-11-29 VOTE: Voted No: Terminally Ill Adults (End of Life) Bill: Second Reading [++: Voted against assisted dying bill's second reading, aligning with opposition to assisted dying.]"
"Uma Kumaran (Labour, Stratford and Bow)",1,,,,,,"2025-06-20 VOTE: Voted No: Terminally Ill Adults (End of Life) Bill: Third Reading [++: Voted against assisted dying bill at Third Reading, aligning with CitizenGO's opposition.] | 2025-06-20 VOTE: Voted No: Terminally Ill Adults (End of Life) Bill: Amendment 94 [0: Assisted dying bill amendment; effect unclear from title alone.] | 2025-06-13 VOTE: Voted Aye: Terminally Ill Adults (End of Life) Bill: New Clause 2 [0: Assisted dying bill amendment; effect unclear from title alone.] | 2025-06-13 VOTE: Voted Aye: Terminally Ill Adults (End of Life) Bill: New Clause 1 [0: New Clause on end of life bill, effect unclear from title alone.] | 2025-06-13 VOTE: Voted Aye: Terminally Ill Adults (End of Life) Bill: Amendment (b) to New Clause 14 [0: Amendment to end of life bill, effect unclear from title alone.] | 2025-05-16 VOTE: Voted Aye: Terminally Ill Adults (End of Life) Bill Report Stage: Amendment (a) to New Clause 10 [0: Amendment to end of life bill, effect unclear from title alone.] | 2024-11-29 VOTE: Voted No: Terminally Ill Adults (End of Life) Bill: Second Reading [++: Voted against assisted dying bill's second reading, aligning with opposition to assisted dying.]"
"Adam Jogee (Labour, Newcastle-under-Lyme)",1,,,,,,"2025-06-20 VOTE: Voted No: Terminally Ill Adults (End of Life) Bill: Third Reading [++: Voted against assisted dying bill at Third Reading, aligning with CitizenGO's opposition.] | 2025-06-13 VOTE: Voted Aye: Terminally Ill Adults (End of Life) Bill: New Clause 2 [0: Assisted dying bill amendment; effect unclear from title alone.] | 2025-06-13 VOTE: Voted Aye: Terminally Ill Adults (End of Life) Bill: New Clause 1 [0: New Clause on end of life bill, effect unclear from title alone.] | 2025-06-13 VOTE: Voted Aye: Terminally Ill Adults (End of Life) Bill: Amendment (b) to New Clause 14 [0: Amendment to end of life bill, effect unclear from title alone.] | 2025-05-16 VOTE: Voted Aye: Terminally Ill Adults (End of Life) Bill Report Stage: Amendment (a) to New Clause 10 [0: Amendment to end of life bill, effect unclear from title alone.] | 2024-11-29 VOTE: Voted No: Terminally Ill Adults (End of Life) Bill: Second Reading [++: Voted against assisted dying bill's second reading, aligning with opposition to assisted dying.]"
"Afzal Khan (Labour, Manchester Rusholme)",1,,,,,,"2025-06-20 VOTE: Voted No: Terminally Ill Adults (End of Life) Bill: Third Reading [++: Voted against assisted dying bill at Third Reading, aligning with CitizenGO's opposition.] | 2025-06-20 VOTE: Voted No: Terminally Ill Adults (End of Life) Bill: Amendment 94 [0: Assisted dying bill amendment; effect unclear from title alone.] | 2025-06-20 VOTE: Voted No: Terminally Ill Adults (End of Life) Bill: Amendment 77 [0: Assisted dying bill amendment; effect unclear from title alone.] | 2025-06-20 VOTE: Voted Aye: Terminally Ill Adults (End of Life) Bill: Amendment 12 [0: Assisted dying bill amendment; effect unclear from title alone.] | 2025-06-20 VOTE: Voted Aye: Terminally Ill Adults (End of Life) Bill: Amendment 24 [0: Assisted dying bill amendment; effect unclear from title alone.] | 2025-05-16 VOTE: Voted Aye: Terminally Ill Adults (End of Life) Bill Report Stage: Amendment (a) to New Clause 10 [0: Amendment to end of life bill, effect unclear from title alone.]"
"Alan Mak (Conservative, Havant)",1,,,,,,"2025-06-20 VOTE: Voted No: Terminally Ill Adults (End of Life) Bill: Third Reading [++: Voted against assisted dying bill at Third Reading, aligning with CitizenGO's opposition.] | 2025-06-13 VOTE: Voted Aye: Terminally Ill Adults (End of Life) Bill: New Clause 2 [0: Assisted dying bill amendment; effect unclear from title alone.] | 2025-06-13 VOTE: Voted Aye: Terminally Ill Adults (End of Life) Bill: New Clause 1 [0: New Clause on end of life bill, effect unclear from title alone.] | 2025-06-13 VOTE: Voted Aye: Terminally Ill Adults (End of Life) Bill: Amendment (b) to New Clause 14 [0: Amendment to end of life bill, effect unclear from title alone.] | 2025-05-16 VOTE: Voted Aye: Terminally Ill Adults (End of Life) Bill Report Stage: Amendment (a) to New Clause 10 [0: Amendment to end of life bill, effect unclear from title alone.] | 2024-11-29 VOTE: Voted No: Terminally Ill Adults (End of Life) Bill: Second Reading [++: Voted against assisted dying bill's second reading, aligning with opposition to assisted dying.]"
"Anneliese Dodds (Labour (Co-op), Oxford East)",1,,,,,,"2025-06-20 VOTE: Voted No: Terminally Ill Adults (End of Life) Bill: Third Reading [++: Voted against assisted dying bill at Third Reading, aligning with CitizenGO's opposition.] | 2025-06-13 VOTE: Voted Aye: Terminally Ill Adults (End of Life) Bill: New Clause 2 [0: Assisted dying bill amendment; effect unclear from title alone.] | 2025-06-13 VOTE: Voted Aye: Terminally Ill Adults (End of Life) Bill: New Clause 1 [0: New Clause on end of life bill, effect unclear from title alone.] | 2025-06-13 VOTE: Voted Aye: Terminally Ill Adults (End of Life) Bill: Amendment (b) to New Clause 14 [0: Amendment to end of life bill, effect unclear from title alone.] | 2025-05-16 VOTE: Voted Aye: Terminally Ill Adults (End of Life) Bill Report Stage: Amendment (a) to New Clause 10 [0: Amendment to end of life bill, effect unclear from title alone.] | 2024-11-29 VOTE: Voted No: Terminally Ill Adults (End of Life) Bill: Second Reading [++: Voted against assisted dying bill's second reading, aligning with opposition to assisted dying.]"
"Anneliese Midgley (Labour, Knowsley)",1,,,,,,"2025-06-20 VOTE: Voted No: Terminally Ill Adults (End of Life) Bill: Third Reading [++: Voted against assisted dying bill at Third Reading, aligning with CitizenGO's opposition.] | 2025-06-13 VOTE: Voted Aye: Terminally Ill Adults (End of Life) Bill: New Clause 2 [0: Assisted dying bill amendment; effect unclear from title alone.] | 2025-06-13 VOTE: Voted Aye: Terminally Ill Adults (End of Life) Bill: New Clause 1 [0: New Clause on end of life bill, effect unclear from title alone.] | 2025-06-13 VOTE: Voted Aye: Terminally Ill Adults (End of Life) Bill: Amendment (b) to New Clause 14 [0: Amendment to end of life bill, effect unclear from title alone.] | 2025-05-16 VOTE: Voted Aye: Terminally Ill Adults (End of Life) Bill Report Stage: Amendment (a) to New Clause 10 [0: Amendment to end of life bill, effect unclear from title alone.] | 2024-11-29 VOTE: Voted No: Terminally Ill Adults (End of Life) Bill: Second Reading [++: Voted against assisted dying bill's second reading, aligning with opposition to assisted dying.]"
"Apsana Begum (Labour, Poplar and Limehouse)",1,,,,,,"2025-06-20 VOTE: Voted No: Terminally Ill Adults (End of Life) Bill: Third Reading [++: Voted against assisted dying bill at Third Reading, aligning with CitizenGO's opposition.] | 2025-06-13 VOTE: Voted Aye: Terminally Ill Adults (End of Life) Bill: New Clause 2 [0: Assisted dying bill amendment; effect unclear from title alone.] | 2025-06-13 VOTE: Voted Aye: Terminally Ill Adults (End of Life) Bill: New Clause 1 [0: New Clause on end of life bill, effect unclear from title alone.] | 2025-06-13 VOTE: Voted Aye: Terminally Ill Adults (End of Life) Bill: Amendment (b) to New Clause 14 [0: Amendment to end of life bill, effect unclear from title alone.] | 2025-05-16 VOTE: Voted Aye: Terminally Ill Adults (End of Life) Bill Report Stage: Amendment (a) to New Clause 10 [0: Amendment to end of life bill, effect unclear from title alone.] | 2024-11-29 VOTE: Voted No: Terminally Ill Adults (End of Life) Bill: Second Reading [++: Voted against assisted dying bill's second reading, aligning with opposition to assisted dying.]"
"Ayoub Khan (Independent, Birmingham Perry Barr)",1,,,,,,"2025-06-20 VOTE: Voted No: Terminally Ill Adults (End of Life) Bill: Third Reading [++: Voted against assisted dying bill at Third Reading, aligning with CitizenGO's opposition.] | 2025-06-13 VOTE: Voted Aye: Terminally Ill Adults (End of Life) Bill: New Clause 2 [0: Assisted dying bill amendment; effect unclear from title alone.] | 2025-06-13 VOTE: Voted Aye: Terminally Ill Adults (End of Life) Bill: New Clause 1 [0: New Clause on end of life bill, effect unclear from title alone.] | 2025-06-13 VOTE: Voted Aye: Terminally Ill Adults (End of Life) Bill: Amendment (b) to New Clause 14 [0: Amendment to end of life bill, effect unclear from title alone.] | 2025-05-16 VOTE: Voted Aye: Terminally Ill Adults (End of Life) Bill Report Stage: Amendment (a) to New Clause 10 [0: Amendment to end of life bill, effect unclear from title alone.] | 2024-11-29 VOTE: Voted No: Terminally Ill Adults (End of Life) Bill: Second Reading [++: Voted against assisted dying bill's second reading, aligning with opposition to assisted dying.]"
"Brian Leishman (Labour, Alloa and Grangemouth)",1,,,,,,"2025-06-20 VOTE: Voted No: Terminally Ill Adults (End of Life) Bill: Third Reading [++: Voted against assisted dying bill at Third Reading, aligning with CitizenGO's opposition.] | 2025-06-20 VOTE: Voted No: Terminally Ill Adults (End of Life) Bill: Amendment 94 [0: Assisted dying bill amendment; effect unclear from title alone.] | 2025-06-20 VOTE: Voted No: Terminally Ill Adults (End of Life) Bill: Amendment 77 [0: Assisted dying bill amendment; effect unclear from title alone.] | 2025-06-20 VOTE: Voted Aye: Terminally Ill Adults (End of Life) Bill: Amendment 12 [0: Assisted dying bill amendment; effect unclear from title alone.] | 2025-06-20 VOTE: Voted Aye: Terminally Ill Adults (End of Life) Bill: Amendment 24 [0: Assisted dying bill amendment; effect unclear from title alone.] | 2024-11-29 VOTE: Voted No: Terminally Ill Adults (End of Life) Bill: Second Reading [++: Voted against assisted dying bill's second reading, aligning with opposition to assisted dying.]"
"David Simmonds (Conservative, Ruislip, Northwood and Pinner)",1,,,,,,"2025-06-20 VOTE: Voted No: Terminally Ill Adults (End of Life) Bill: Third Reading [++: Voted against assisted dying bill at Third Reading, aligning with CitizenGO's opposition.] | 2025-06-13 VOTE: Voted Aye: Terminally Ill Adults (End of Life) Bill: New Clause 2 [0: Assisted dying bill amendment; effect unclear from title alone.] | 2025-06-13 VOTE: Voted Aye: Terminally Ill Adults (End of Life) Bill: New Clause 1 [0: New Clause on end of life bill, effect unclear from title alone.] | 2025-06-13 VOTE: Voted Aye: Terminally Ill Adults (End of Life) Bill: Amendment (b) to New Clause 14 [0: Amendment to end of life bill, effect unclear from title alone.] | 2025-05-16 VOTE: Voted Aye: Terminally Ill Adults (End of Life) Bill Report Stage: Amendment (a) to New Clause 10 [0: Amendment to end of life bill, effect unclear from title alone.] | 2024-11-29 VOTE: Voted No: Terminally Ill Adults (End of Life) Bill: Second Reading [++: Voted against assisted dying bill's second reading, aligning with opposition to assisted dying.]"
"Dr Rupa Huq (Labour, Ealing Central and Acton)",1,,,,,,"2025-06-20 VOTE: Voted No: Terminally Ill Adults (End of Life) Bill: Third Reading [++: Voted against assisted dying bill at Third Reading, aligning with CitizenGO's opposition.] | 2025-06-13 VOTE: Voted Aye: Terminally Ill Adults (End of Life) Bill: New Clause 2 [0: Assisted dying bill amendment; effect unclear from title alone.] | 2025-06-13 VOTE: Voted Aye: Terminally Ill Adults (End of Life) Bill: New Clause 1 [0: New Clause on end of life bill, effect unclear from title alone.] | 2025-06-13 VOTE: Voted Aye: Terminally Ill Adults (End of Life) Bill: Amendment (b) to New Clause 14 [0: Amendment to end of life bill, effect unclear from title alone.] | 2025-05-16 VOTE: Voted Aye: Terminally Ill Adults (End of Life) Bill Report Stage: Amendment (a) to New Clause 10 [0: Amendment to end of life bill, effect unclear from title alone.] | 2024-11-29 VOTE: Voted No: Terminally Ill Adults (End of Life) Bill: Second Reading [++: Voted against assisted dying bill's second reading, aligning with opposition to assisted dying.]"
"Joe Robertson (Conservative, Isle of Wight East)",1,,,,,,"2025-06-20 VOTE: Voted No: Terminally Ill Adults (End of Life) Bill: Third Reading [++: Voted against assisted dying bill at Third Reading, aligning with CitizenGO's opposition.] | 2025-06-20 VOTE: Voted No: Terminally Ill Adults (End of Life) Bill: Amendment 94 [0: Assisted dying bill amendment; effect unclear from title alone.] | 2025-06-20 VOTE: Voted No: Terminally Ill Adults (End of Life) Bill: Amendment 77 [0: Assisted dying bill amendment; effect unclear from title alone.] | 2025-06-20 VOTE: Voted Aye: Terminally Ill Adults (End of Life) Bill: Amendment 12 [0: Assisted dying bill amendment; effect unclear from title alone.] | 2025-06-20 VOTE: Voted Aye: Terminally Ill Adults (End of Life) Bill: New Clause 16 [0: Assisted dying bill new clause; effect unclear from title alone.] | 2024-11-29 VOTE: Voted No: Terminally Ill Adults (End of Life) Bill: Second Reading [++: Voted against assisted dying bill's second reading, aligning with opposition to assisted dying.]"
"John Glen (Conservative, Salisbury)",1,,,,,,"2025-06-20 VOTE: Voted No: Terminally Ill Adults (End of Life) Bill: Third Reading [++: Voted against assisted dying bill at Third Reading, aligning with CitizenGO's opposition.] | 2025-06-13 VOTE: Voted Aye: Terminally Ill Adults (End of Life) Bill: New Clause 2 [0: Assisted dying bill amendment; effect unclear from title alone.] | 2025-06-13 VOTE: Voted Aye: Terminally Ill Adults (End of Life) Bill: New Clause 1 [0: New Clause on end of life bill, effect unclear from title alone.] | 2025-06-13 VOTE: Voted Aye: Terminally Ill Adults (End of Life) Bill: Amendment (b) to New Clause 14 [0: Amendment to end of life bill, effect unclear from title alone.] | 2025-05-16 VOTE: Voted Aye: Terminally Ill Adults (End of Life) Bill Report Stage: Amendment (a) to New Clause 10 [0: Amendment to end of life bill, effect unclear from title alone.] | 2024-11-29 VOTE: Voted No: Terminally Ill Adults (End of Life) Bill: Second Reading [++: Voted against assisted dying bill's second reading, aligning with opposition to assisted dying.]"
"John Lamont (Conservative, Berwickshire, Roxburgh and Selkirk)",1,,,,,,"2025-06-20 VOTE: Voted No: Terminally Ill Adults (End of Life) Bill: Third Reading [++: Voted against assisted dying bill at Third Reading, aligning with CitizenGO's opposition.] | 2025-06-13 VOTE: Voted Aye: Terminally Ill Adults (End of Life) Bill: New Clause 2 [0: Assisted dying bill amendment; effect unclear from title alone.] | 2025-06-13 VOTE: Voted Aye: Terminally Ill Adults (End of Life) Bill: New Clause 1 [0: New Clause on end of life bill, effect unclear from title alone.] | 2025-06-13 VOTE: Voted Aye: Terminally Ill Adults (End of Life) Bill: Amendment (b) to New Clause 14 [0: Amendment to end of life bill, effect unclear from title alone.] | 2025-05-16 VOTE: Voted Aye: Terminally Ill Adults (End of Life) Bill Report Stage: Amendment (a) to New Clause 10 [0: Amendment to end of life bill, effect unclear from title alone.] | 2024-11-29 VOTE: Voted No: Terminally Ill Adults (End of Life) Bill: Second Reading [++: Voted against assisted dying bill's second reading, aligning with opposition to assisted dying.]"
"Kanishka Narayan (Labour, Vale of Glamorgan)",1,,,,,,"CONFLICTING SIGNALS - review all evidence | 2025-06-20 VOTE: Voted No: Terminally Ill Adults (End of Life) Bill: Third Reading [++: Voted against assisted dying bill at Third Reading, aligning with CitizenGO's opposition.] | 2025-06-13 VOTE: Voted Aye: Terminally Ill Adults (End of Life) Bill: New Clause 2 [0: Assisted dying bill amendment; effect unclear from title alone.] | 2025-06-13 VOTE: Voted Aye: Terminally Ill Adults (End of Life) Bill: New Clause 1 [0: New Clause on end of life bill, effect unclear from title alone.] | 2025-06-13 VOTE: Voted Aye: Terminally Ill Adults (End of Life) Bill: Amendment (b) to New Clause 14 [0: Amendment to end of life bill, effect unclear from title alone.] | 2025-05-16 VOTE: Voted Aye: Terminally Ill Adults (End of Life) Bill Report Stage: Amendment (a) to New Clause 10 [0: Amendment to end of life bill, effect unclear from title alone.] | 2024-11-29 VOTE: Voted Aye: Terminally Ill Adults (End of Life) Bill: Second Reading [--: Voted for assisted dying bill's second reading, directly opposing CitizenGO's stance against assisted dying.]"
"Mr Andrew Snowden (Conservative, Fylde)",1,,,,,,"CONFLICTING SIGNALS - review all evidence | 2025-06-20 VOTE: Voted No: Terminally Ill Adults (End of Life) Bill: Third Reading [++: Voted against assisted dying bill at Third Reading, aligning with CitizenGO's opposition.] | 2025-06-13 VOTE: Voted Aye: Terminally Ill Adults (End of Life) Bill: New Clause 2 [0: Assisted dying bill amendment; effect unclear from title alone.] | 2025-06-13 VOTE: Voted Aye: Terminally Ill Adults (End of Life) Bill: New Clause 1 [0: New Clause on end of life bill, effect unclear from title alone.] | 2025-06-13 VOTE: Voted Aye: Terminally Ill Adults (End of Life) Bill: Amendment (b) to New Clause 14 [0: Amendment to end of life bill, effect unclear from title alone.] | 2025-05-16 VOTE: Voted Aye: Terminally Ill Adults (End of Life) Bill Report Stage: Amendment (a) to New Clause 10 [0: Amendment to end of life bill, effect unclear from title alone.] | 2024-11-29 VOTE: Voted Aye: Terminally Ill Adults (End of Life) Bill: Second Reading [--: Voted for assisted dying bill's second reading, directly opposing CitizenGO's stance against assisted dying.]"
"Mr Louie French (Conservative, Old Bexley and Sidcup)",1,,,,,,"2025-06-20 VOTE: Voted No: Terminally Ill Adults (End of Life) Bill: Third Reading [++: Voted against assisted dying bill at Third Reading, aligning with CitizenGO's opposition.] | 2025-06-13 VOTE: Voted Aye: Terminally Ill Adults (End of Life) Bill: New Clause 2 [0: Assisted dying bill amendment; effect unclear from title alone.] | 2025-06-13 VOTE: Voted Aye: Terminally Ill Adults (End of Life) Bill: New Clause 1 [0: New Clause on end of life bill, effect unclear from title alone.] | 2025-06-13 VOTE: Voted Aye: Terminally Ill Adults (End of Life) Bill: Amendment (b) to New Clause 14 [0: Amendment to end of life bill, effect unclear from title alone.] | 2025-05-16 VOTE: Voted Aye: Terminally Ill Adults (End of Life) Bill Report Stage: Amendment (a) to New Clause 10 [0: Amendment to end of life bill, effect unclear from title alone.] | 2024-11-29 VOTE: Voted No: Terminally Ill Adults (End of Life) Bill: Second Reading [++: Voted against assisted dying bill's second reading, aligning with opposition to assisted dying.]"
"Priti Patel (Conservative, Witham)",1,,,,,,"2025-06-20 VOTE: Voted No: Terminally Ill Adults (End of Life) Bill: Third Reading [++: Voted against assisted dying bill at Third Reading, aligning with CitizenGO's opposition.] | 2025-06-13 VOTE: Voted Aye: Terminally Ill Adults (End of Life) Bill: New Clause 2 [0: Assisted dying bill amendment; effect unclear from title alone.] | 2025-06-13 VOTE: Voted Aye: Terminally Ill Adults (End of Life) Bill: New Clause 1 [0: New Clause on end of life bill, effect unclear from title alone.] | 2025-06-13 VOTE: Voted Aye: Terminally Ill Adults (End of Life) Bill: Amendment (b) to New Clause 14 [0: Amendment to end of life bill, effect unclear from title alone.] | 2025-05-16 VOTE: Voted Aye: Terminally Ill Adults (End of Life) Bill Report Stage: Amendment (a) to New Clause 10 [0: Amendment to end of life bill, effect unclear from title alone.] | 2024-11-29 VOTE: Voted No: Terminally Ill Adults (End of Life) Bill: Second Reading [++: Voted against assisted dying bill's second reading, aligning with opposition to assisted dying.]"
"Robbie Moore (Conservative, Keighley and Ilkley)",1,,,,,,"2025-06-20 VOTE: Voted No: Terminally Ill Adults (End of Life) Bill: Third Reading [++: Voted against assisted dying bill at Third Reading, aligning with CitizenGO's opposition.] | 2025-06-13 VOTE: Voted Aye: Terminally Ill Adults (End of Life) Bill: New Clause 2 [0: Assisted dying bill amendment; effect unclear from title alone.] | 2025-06-13 VOTE: Voted Aye: Terminally Ill Adults (End of Life) Bill: New Clause 1 [0: New Clause on end of life bill, effect unclear from title alone.] | 2025-06-13 VOTE: Voted Aye: Terminally Ill Adults (End of Life) Bill: Amendment (b) to New Clause 14 [0: Amendment to end of life bill, effect unclear from title alone.] | 2025-05-16 VOTE: Voted Aye: Terminally Ill Adults (End of Life) Bill Report Stage: Amendment (a) to New Clause 10 [0: Amendment to end of life bill, effect unclear from title alone.] | 2024-11-29 VOTE: Voted No: Terminally Ill Adults (End of Life) Bill: Second Reading [++: Voted against assisted dying bill's second reading, aligning with opposition to assisted dying.]"
"Rupert Lowe (Restore Britain, Great Yarmouth)",1,,,,,,"CONFLICTING SIGNALS - review all evidence | 2025-06-20 VOTE: Voted No: Terminally Ill Adults (End of Life) Bill: Third Reading [++: Voted against assisted dying bill at Third Reading, aligning with CitizenGO's opposition.] | 2025-06-20 VOTE: Voted Aye: Terminally Ill Adults (End of Life) Bill: Amendment 12 [0: Assisted dying bill amendment; effect unclear from title alone.] | 2025-06-20 VOTE: Voted Aye: Terminally Ill Adults (End of Life) Bill: Amendment 24 [0: Assisted dying bill amendment; effect unclear from title alone.] | 2025-06-20 VOTE: Voted Aye: Terminally Ill Adults (End of Life) Bill: New Clause 16 [0: Assisted dying bill new clause; effect unclear from title alone.] | 2025-05-16 VOTE: Voted Aye: Terminally Ill Adults (End of Life) Bill Report Stage: Amendment (a) to New Clause 10 [0: Amendment to end of life bill, effect unclear from title alone.] | 2024-11-29 VOTE: Voted Aye: Terminally Ill Adults (End of Life) Bill: Second Reading [--: Voted for assisted dying bill's second reading, directly opposing CitizenGO's stance against assisted dying.]"
"Sir Bernard Jenkin (Conservative, Harwich and North Essex)",1,,,,,,"2025-06-20 VOTE: Voted No: Terminally Ill Adults (End of Life) Bill: Third Reading [++: Voted against assisted dying bill at Third Reading, aligning with CitizenGO's opposition.] | 2025-06-20 VOTE: Voted No: Terminally Ill Adults (End of Life) Bill: Amendment 94 [0: Assisted dying bill amendment; effect unclear from title alone.] | 2025-06-20 VOTE: Voted No: Terminally Ill Adults (End of Life) Bill: Amendment 77 [0: Assisted dying bill amendment; effect unclear from title alone.] | 2025-06-20 VOTE: Voted Aye: Terminally Ill Adults (End of Life) Bill: Amendment 12 [0: Assisted dying bill amendment; effect unclear from title alone.] | 2025-06-20 VOTE: Voted Aye: Terminally Ill Adults (End of Life) Bill: New Clause 16 [0: Assisted dying bill new clause; effect unclear from title alone.] | 2024-11-29 VOTE: Voted No: Terminally Ill Adults (End of Life) Bill: Second Reading [++: Voted against assisted dying bill's second reading, aligning with opposition to assisted dying.]"
"Sir Julian Lewis (Conservative, New Forest East)",1,,,,,,"2025-06-20 VOTE: Voted No: Terminally Ill Adults (End of Life) Bill: Third Reading [++: Voted against assisted dying bill at Third Reading, aligning with CitizenGO's opposition.] | 2025-06-13 VOTE: Voted Aye: Terminally Ill Adults (End of Life) Bill: New Clause 2 [0: Assisted dying bill amendment; effect unclear from title alone.] | 2025-06-13 VOTE: Voted Aye: Terminally Ill Adults (End of Life) Bill: New Clause 1 [0: New Clause on end of life bill, effect unclear from title alone.] | 2025-06-13 VOTE: Voted Aye: Terminally Ill Adults (End of Life) Bill: Amendment (b) to New Clause 14 [0: Amendment to end of life bill, effect unclear from title alone.] | 2025-05-16 VOTE: Voted Aye: Terminally Ill Adults (End of Life) Bill Report Stage: Amendment (a) to New Clause 10 [0: Amendment to end of life bill, effect unclear from title alone.] | 2024-11-29 VOTE: Voted No: Terminally Ill Adults (End of Life) Bill: Second Reading [++: Voted against assisted dying bill's second reading, aligning with opposition to assisted dying.]"
"Zarah Sultana (Your Party, Coventry South)",1,,,,,,"2025-06-20 VOTE: Voted No: Terminally Ill Adults (End of Life) Bill: Third Reading [++: Voted against assisted dying bill at Third Reading, aligning with CitizenGO's opposition.] | 2025-06-13 VOTE: Voted Aye: Terminally Ill Adults (End of Life) Bill: New Clause 2 [0: Assisted dying bill amendment; effect unclear from title alone.] | 2025-06-13 VOTE: Voted Aye: Terminally Ill Adults (End of Life) Bill: New Clause 1 [0: New Clause on end of life bill, effect unclear from title alone.] | 2025-06-13 VOTE: Voted Aye: Terminally Ill Adults (End of Life) Bill: Amendment (b) to New Clause 14 [0: Amendment to end of life bill, effect unclear from title alone.] | 2025-05-16 VOTE: Voted Aye: Terminally Ill Adults (End of Life) Bill Report Stage: Amendment (a) to New Clause 10 [0: Amendment to end of life bill, effect unclear from title alone.] | 2024-11-29 VOTE: Voted No: Terminally Ill Adults (End of Life) Bill: Second Reading [++: Voted against assisted dying bill's second reading, aligning with opposition to assisted dying.]"
"Dame Karen Bradley (Conservative, Staffordshire Moorlands)",1,,,,,,"2025-06-13 VOTE: Voted Aye: Terminally Ill Adults (End of Life) Bill: New Clause 2 [0: Assisted dying bill amendment; effect unclear from title alone.] | 2025-06-13 VOTE: Voted Aye: Terminally Ill Adults (End of Life) Bill: New Clause 1 [0: New Clause on end of life bill, effect unclear from title alone.] | 2025-06-13 VOTE: Voted Aye: Terminally Ill Adults (End of Life) Bill: Amendment (b) to New Clause 14 [0: Amendment to end of life bill, effect unclear from title alone.] | 2025-05-16 VOTE: Voted Aye: Terminally Ill Adults (End of Life) Bill Report Stage: Amendment (a) to New Clause 10 [0: Amendment to end of life bill, effect unclear from title alone.] | 2024-11-29 VOTE: Voted No: Terminally Ill Adults (End of Life) Bill: Second Reading [++: Voted against assisted dying bill's second reading, aligning with opposition to assisted dying.]"
"Dan Tomlinson (Labour, Chipping Barnet)",1,,,,,,"2025-06-20 VOTE: Voted No: Terminally Ill Adults (End of Life) Bill: Third Reading [++: Voted against assisted dying bill at Third Reading, aligning with CitizenGO's opposition.] | 2025-06-13 VOTE: Voted Aye: Terminally Ill Adults (End of Life) Bill: New Clause 2 [0: Assisted dying bill amendment; effect unclear from title alone.] | 2025-06-13 VOTE: Voted Aye: Terminally Ill Adults (End of Life) Bill: New Clause 1 [0: New Clause on end of life bill, effect unclear from title alone.] | 2025-06-13 VOTE: Voted Aye: Terminally Ill Adults (End of Life) Bill: Amendment (b) to New Clause 14 [0: Amendment to end of life bill, effect unclear from title alone.] | 2024-11-29 VOTE: Voted No: Terminally Ill Adults (End of Life) Bill: Second Reading [++: Voted against assisted dying bill's second reading, aligning with opposition to assisted dying.]"
"Ed Davey (Liberal Democrat, Kingston and Surbiton)",1,,,,,,"2025-06-13 VOTE: Voted Aye: Terminally Ill Adults (End of Life) Bill: New Clause 2 [0: Assisted dying bill amendment; effect unclear from title alone.] | 2025-06-13 VOTE: Voted Aye: Terminally Ill Adults (End of Life) Bill: New Clause 1 [0: New Clause on end of life bill, effect unclear from title alone.] | 2025-06-13 VOTE: Voted Aye: Terminally Ill Adults (End of Life) Bill: Amendment (b) to New Clause 14 [0: Amendment to end of life bill, effect unclear from title alone.] | 2025-05-16 VOTE: Voted Aye: Terminally Ill Adults (End of Life) Bill Report Stage: Amendment (a) to New Clause 10 [0: Amendment to end of life bill, effect unclear from title alone.] | 2024-11-29 VOTE: Voted No: Terminally Ill Adults (End of Life) Bill: Second Reading [++: Voted against assisted dying bill's second reading, aligning with opposition to assisted dying.]"
"Joy Morrissey (Conservative, Beaconsfield)",1,,,,,,"2025-06-20 VOTE: Voted No: Terminally Ill Adults (End of Life) Bill: Third Reading [++: Voted against assisted dying bill at Third Reading, aligning with CitizenGO's opposition.] | 2025-06-13 VOTE: Voted Aye: Terminally Ill Adults (End of Life) Bill: New Clause 2 [0: Assisted dying bill amendment; effect unclear from title alone.] | 2025-06-13 VOTE: Voted Aye: Terminally Ill Adults (End of Life) Bill: New Clause 1 [0: New Clause on end of life bill, effect unclear from title alone.] | 2025-06-13 VOTE: Voted Aye: Terminally Ill Adults (End of Life) Bill: Amendment (b) to New Clause 14 [0: Amendment to end of life bill, effect unclear from title alone.] | 2024-11-29 VOTE: Voted No: Terminally Ill Adults (End of Life) Bill: Second Reading [++: Voted against assisted dying bill's second reading, aligning with opposition to assisted dying.]"
"Michelle Scrogham (Labour, Barrow and Furness)",1,,,,,,"2025-06-20 VOTE: Voted No: Terminally Ill Adults (End of Life) Bill: Third Reading [++: Voted against assisted dying bill at Third Reading, aligning with CitizenGO's opposition.] | 2025-06-13 VOTE: Voted Aye: Terminally Ill Adults (End of Life) Bill: New Clause 2 [0: Assisted dying bill amendment; effect unclear from title alone.] | 2025-06-13 VOTE: Voted Aye: Terminally Ill Adults (End of Life) Bill: New Clause 1 [0: New Clause on end of life bill, effect unclear from title alone.] | 2025-05-16 VOTE: Voted Aye: Terminally Ill Adults (End of Life) Bill Report Stage: Amendment (a) to New Clause 10 [0: Amendment to end of life bill, effect unclear from title alone.] | 2024-11-29 VOTE: Voted No: Terminally Ill Adults (End of Life) Bill: Second Reading [++: Voted against assisted dying bill's second reading, aligning with opposition to assisted dying.]"
"Wendy Morton (Conservative, Aldridge-Brownhills)",1,,,,,,"2026-05-19 PQ: Palliative Care [0: Neutral question on stakeholder engagement in policy development.] | 2026-05-19 PQ: Palliative Care [0: Neutral factual query on framework content proposals.] | 2026-05-19 PQ: Palliative Care [0: Procedural question on publication timing of care framework.] | 2025-06-20 VOTE: Voted No: Terminally Ill Adults (End of Life) Bill: Third Reading [++: Voted against assisted dying bill at Third Reading, aligning with CitizenGO's opposition.] | 2024-11-29 VOTE: Voted No: Terminally Ill Adults (End of Life) Bill: Second Reading [++: Voted against assisted dying bill's second reading, aligning with opposition to assisted dying.]"
"Yasmin Qureshi (Labour, Bolton South and Walkden)",1,,,,,,"2025-06-20 VOTE: Voted No: Terminally Ill Adults (End of Life) Bill: Third Reading [++: Voted against assisted dying bill at Third Reading, aligning with CitizenGO's opposition.] | 2025-06-13 VOTE: Voted Aye: Terminally Ill Adults (End of Life) Bill: New Clause 2 [0: Assisted dying bill amendment; effect unclear from title alone.] | 2025-06-13 VOTE: Voted Aye: Terminally Ill Adults (End of Life) Bill: New Clause 1 [0: New Clause on end of life bill, effect unclear from title alone.] | 2025-06-13 VOTE: Voted Aye: Terminally Ill Adults (End of Life) Bill: Amendment (b) to New Clause 14 [0: Amendment to end of life bill, effect unclear from title alone.] | 2024-11-29 VOTE: Voted No: Terminally Ill Adults (End of Life) Bill: Second Reading [++: Voted against assisted dying bill's second reading, aligning with opposition to assisted dying.]"
"Feryal Clark (Labour, Enfield North)",1,,,,,,"2025-06-20 VOTE: Voted No: Terminally Ill Adults (End of Life) Bill: Third Reading [++: Voted against assisted dying bill at Third Reading, aligning with CitizenGO's opposition.] | 2025-06-20 VOTE: Voted No: Terminally Ill Adults (End of Life) Bill: Amendment 94 [0: Assisted dying bill amendment; effect unclear from title alone.] | 2025-05-16 VOTE: Voted Aye: Terminally Ill Adults (End of Life) Bill Report Stage: Amendment (a) to New Clause 10 [0: Amendment to end of life bill, effect unclear from title alone.] | 2024-11-29 VOTE: Voted No: Terminally Ill Adults (End of Life) Bill: Second Reading [++: Voted against assisted dying bill's second reading, aligning with opposition to assisted dying.]"
"Alberto Costa (Conservative, South Leicestershire)",1,,,,,,"2025-06-20 VOTE: Voted No: Terminally Ill Adults (End of Life) Bill: Third Reading [++: Voted against assisted dying bill at Third Reading, aligning with CitizenGO's opposition.] | 2025-05-16 VOTE: Voted Aye: Terminally Ill Adults (End of Life) Bill Report Stage: Amendment (a) to New Clause 10 [0: Amendment to end of life bill, effect unclear from title alone.] | 2024-11-29 VOTE: Voted No: Terminally Ill Adults (End of Life) Bill: Second Reading [++: Voted against assisted dying bill's second reading, aligning with opposition to assisted dying.]"
"Ashley Dalton (Labour, West Lancashire)",1,,,,,,"2025-06-20 VOTE: Voted No: Terminally Ill Adults (End of Life) Bill: Third Reading [++: Voted against assisted dying bill at Third Reading, aligning with CitizenGO's opposition.] | 2025-05-16 VOTE: Voted Aye: Terminally Ill Adults (End of Life) Bill Report Stage: Amendment (a) to New Clause 10 [0: Amendment to end of life bill, effect unclear from title alone.] | 2024-11-29 VOTE: Voted No: Terminally Ill Adults (End of Life) Bill: Second Reading [++: Voted against assisted dying bill's second reading, aligning with opposition to assisted dying.]"
"Bridget Phillipson (Labour, Houghton and Sunderland South)",1,,,,,,"2025-06-20 VOTE: Voted No: Terminally Ill Adults (End of Life) Bill: Third Reading [++: Voted against assisted dying bill at Third Reading, aligning with CitizenGO's opposition.] | 2025-05-16 VOTE: Voted Aye: Terminally Ill Adults (End of Life) Bill Report Stage: Amendment (a) to New Clause 10 [0: Amendment to end of life bill, effect unclear from title alone.] | 2024-11-29 VOTE: Voted No: Terminally Ill Adults (End of Life) Bill: Second Reading [++: Voted against assisted dying bill's second reading, aligning with opposition to assisted dying.]"
"Dr Rosena Allin-Khan (Labour, Tooting)",1,,,,,,"2025-06-20 VOTE: Voted No: Terminally Ill Adults (End of Life) Bill: Third Reading [++: Voted against assisted dying bill at Third Reading, aligning with CitizenGO's opposition.] | 2025-05-16 VOTE: Voted Aye: Terminally Ill Adults (End of Life) Bill Report Stage: Amendment (a) to New Clause 10 [0: Amendment to end of life bill, effect unclear from title alone.] | 2024-11-29 VOTE: Voted No: Terminally Ill Adults (End of Life) Bill: Second Reading [++: Voted against assisted dying bill's second reading, aligning with opposition to assisted dying.]"
"Helen Grant (Conservative, Maidstone and Malling)",1,,,,,,"2025-06-20 VOTE: Voted No: Terminally Ill Adults (End of Life) Bill: Third Reading [++: Voted against assisted dying bill at Third Reading, aligning with CitizenGO's opposition.] | 2025-05-16 VOTE: Voted Aye: Terminally Ill Adults (End of Life) Bill Report Stage: Amendment (a) to New Clause 10 [0: Amendment to end of life bill, effect unclear from title alone.] | 2024-11-29 VOTE: Voted No: Terminally Ill Adults (End of Life) Bill: Second Reading [++: Voted against assisted dying bill's second reading, aligning with opposition to assisted dying.]"
"Imran Hussain (Labour, Bradford East)",1,,,,,,"2025-06-20 VOTE: Voted No: Terminally Ill Adults (End of Life) Bill: Third Reading [++: Voted against assisted dying bill at Third Reading, aligning with CitizenGO's opposition.] | 2025-05-16 VOTE: Voted Aye: Terminally Ill Adults (End of Life) Bill Report Stage: Amendment (a) to New Clause 10 [0: Amendment to end of life bill, effect unclear from title alone.] | 2024-11-29 VOTE: Voted No: Terminally Ill Adults (End of Life) Bill: Second Reading [++: Voted against assisted dying bill's second reading, aligning with opposition to assisted dying.]"
"Kate Osamor (Labour (Co-op), Edmonton and Winchmore Hill)",1,,,,,,"2025-06-20 VOTE: Voted No: Terminally Ill Adults (End of Life) Bill: Third Reading [++: Voted against assisted dying bill at Third Reading, aligning with CitizenGO's opposition.] | 2025-05-16 VOTE: Voted Aye: Terminally Ill Adults (End of Life) Bill Report Stage: Amendment (a) to New Clause 10 [0: Amendment to end of life bill, effect unclear from title alone.] | 2024-11-29 VOTE: Voted No: Terminally Ill Adults (End of Life) Bill: Second Reading [++: Voted against assisted dying bill's second reading, aligning with opposition to assisted dying.]"
"Liam Byrne (Labour, Birmingham Hodge Hill and Solihull North)",1,,,,,,"2025-06-20 VOTE: Voted No: Terminally Ill Adults (End of Life) Bill: Third Reading [++: Voted against assisted dying bill at Third Reading, aligning with CitizenGO's opposition.] | 2025-05-16 VOTE: Voted Aye: Terminally Ill Adults (End of Life) Bill Report Stage: Amendment (a) to New Clause 10 [0: Amendment to end of life bill, effect unclear from title alone.] | 2024-11-29 VOTE: Voted No: Terminally Ill Adults (End of Life) Bill: Second Reading [++: Voted against assisted dying bill's second reading, aligning with opposition to assisted dying.]"
"Michael Shanks (Labour, Rutherglen)",1,,,,,,"2025-06-20 VOTE: Voted No: Terminally Ill Adults (End of Life) Bill: Third Reading [++: Voted against assisted dying bill at Third Reading, aligning with CitizenGO's opposition.] | 2025-05-16 VOTE: Voted Aye: Terminally Ill Adults (End of Life) Bill Report Stage: Amendment (a) to New Clause 10 [0: Amendment to end of life bill, effect unclear from title alone.] | 2024-11-29 VOTE: Voted No: Terminally Ill Adults (End of Life) Bill: Second Reading [++: Voted against assisted dying bill's second reading, aligning with opposition to assisted dying.]"
"Neil O'Brien (Conservative, Harborough, Oadby and Wigston)",1,,,,,,"2025-06-20 VOTE: Voted No: Terminally Ill Adults (End of Life) Bill: Third Reading [++: Voted against assisted dying bill at Third Reading, aligning with CitizenGO's opposition.] | 2025-05-16 VOTE: Voted Aye: Terminally Ill Adults (End of Life) Bill Report Stage: Amendment (a) to New Clause 10 [0: Amendment to end of life bill, effect unclear from title alone.] | 2024-11-29 VOTE: Voted No: Terminally Ill Adults (End of Life) Bill: Second Reading [++: Voted against assisted dying bill's second reading, aligning with opposition to assisted dying.]"
"Sir Geoffrey Cox (Conservative, Torridge and Tavistock)",1,,,,,,"2025-06-20 VOTE: Voted No: Terminally Ill Adults (End of Life) Bill: Third Reading [++: Voted against assisted dying bill at Third Reading, aligning with CitizenGO's opposition.] | 2025-05-16 VOTE: Voted Aye: Terminally Ill Adults (End of Life) Bill Report Stage: Amendment (a) to New Clause 10 [0: Amendment to end of life bill, effect unclear from title alone.] | 2024-11-29 VOTE: Voted No: Terminally Ill Adults (End of Life) Bill: Second Reading [++: Voted against assisted dying bill's second reading, aligning with opposition to assisted dying.]"
"Sir John Whittingdale (Conservative, Maldon)",1,,,,,,"2025-06-20 VOTE: Voted No: Terminally Ill Adults (End of Life) Bill: Third Reading [++: Voted against assisted dying bill at Third Reading, aligning with CitizenGO's opposition.] | 2025-05-16 VOTE: Voted Aye: Terminally Ill Adults (End of Life) Bill Report Stage: Amendment (a) to New Clause 10 [0: Amendment to end of life bill, effect unclear from title alone.] | 2024-11-29 VOTE: Voted No: Terminally Ill Adults (End of Life) Bill: Second Reading [++: Voted against assisted dying bill's second reading, aligning with opposition to assisted dying.]"
"Steve Barclay (Conservative, North East Cambridgeshire)",1,,,,,,"2025-06-20 VOTE: Voted No: Terminally Ill Adults (End of Life) Bill: Third Reading [++: Voted against assisted dying bill at Third Reading, aligning with CitizenGO's opposition.] | 2025-06-20 VOTE: Voted No: Terminally Ill Adults (End of Life) Bill: Amendment 94 [0: Assisted dying bill amendment; effect unclear from title alone.] | 2024-11-29 VOTE: Voted No: Terminally Ill Adults (End of Life) Bill: Second Reading [++: Voted against assisted dying bill's second reading, aligning with opposition to assisted dying.]"
"Suella Braverman (Reform UK, Fareham and Waterlooville)",1,,,,,,"2025-06-20 VOTE: Voted No: Terminally Ill Adults (End of Life) Bill: Third Reading [++: Voted against assisted dying bill at Third Reading, aligning with CitizenGO's opposition.] | 2025-05-16 VOTE: Voted Aye: Terminally Ill Adults (End of Life) Bill Report Stage: Amendment (a) to New Clause 10 [0: Amendment to end of life bill, effect unclear from title alone.] | 2024-11-29 VOTE: Voted No: Terminally Ill Adults (End of Life) Bill: Second Reading [++: Voted against assisted dying bill's second reading, aligning with opposition to assisted dying.]"
"Abtisam Mohamed (Labour, Sheffield Central)",1,,,,,,"2025-06-20 VOTE: Voted No: Terminally Ill Adults (End of Life) Bill: Third Reading [++: Voted against assisted dying bill at Third Reading, aligning with CitizenGO's opposition.] | 2024-11-29 VOTE: Voted No: Terminally Ill Adults (End of Life) Bill: Second Reading [++: Voted against assisted dying bill's second reading, aligning with opposition to assisted dying.]"
"Angela Rayner (Labour, Ashton-under-Lyne)",1,,,,,,"2025-06-20 VOTE: Voted No: Terminally Ill Adults (End of Life) Bill: Third Reading [++: Voted against assisted dying bill at Third Reading, aligning with CitizenGO's opposition.] | 2024-11-29 VOTE: Voted No: Terminally Ill Adults (End of Life) Bill: Second Reading [++: Voted against assisted dying bill's second reading, aligning with opposition to assisted dying.]"
"Ben Goldsborough (Labour, South Norfolk)",1,,,,,,"2025-06-20 VOTE: Voted No: Terminally Ill Adults (End of Life) Bill: Third Reading [++: Voted against assisted dying bill at Third Reading, aligning with CitizenGO's opposition.] | 2024-11-29 VOTE: Voted No: Terminally Ill Adults (End of Life) Bill: Second Reading [++: Voted against assisted dying bill's second reading, aligning with opposition to assisted dying.]"
"Darren Jones (Labour, Bristol North West)",1,,,,,,"2025-06-20 VOTE: Voted No: Terminally Ill Adults (End of Life) Bill: Third Reading [++: Voted against assisted dying bill at Third Reading, aligning with CitizenGO's opposition.] | 2024-11-29 VOTE: Voted No: Terminally Ill Adults (End of Life) Bill: Second Reading [++: Voted against assisted dying bill's second reading, aligning with opposition to assisted dying.]"
"Debbie Abrahams (Labour, Oldham East and Saddleworth)",1,,,,,,"2025-06-20 VOTE: Voted No: Terminally Ill Adults (End of Life) Bill: Third Reading [++: Voted against assisted dying bill at Third Reading, aligning with CitizenGO's opposition.] | 2025-05-16 VOTE: Voted Aye: Terminally Ill Adults (End of Life) Bill Report Stage: Amendment (a) to New Clause 10 [0: Amendment to end of life bill, effect unclear from title alone.]"
"Gareth Bacon (Conservative, Orpington)",1,,,,,,"2025-06-20 VOTE: Voted No: Terminally Ill Adults (End of Life) Bill: Third Reading [++: Voted against assisted dying bill at Third Reading, aligning with CitizenGO's opposition.] | 2024-11-29 VOTE: Voted No: Terminally Ill Adults (End of Life) Bill: Second Reading [++: Voted against assisted dying bill's second reading, aligning with opposition to assisted dying.]"
"Ian Byrne (Labour, Liverpool West Derby)",1,,,,,,"2025-06-20 VOTE: Voted No: Terminally Ill Adults (End of Life) Bill: Third Reading [++: Voted against assisted dying bill at Third Reading, aligning with CitizenGO's opposition.] | 2024-11-29 VOTE: Voted No: Terminally Ill Adults (End of Life) Bill: Second Reading [++: Voted against assisted dying bill's second reading, aligning with opposition to assisted dying.]"
"Ian Lavery (Labour, Blyth and Ashington)",1,,,,,,"2025-06-20 VOTE: Voted No: Terminally Ill Adults (End of Life) Bill: Third Reading [++: Voted against assisted dying bill at Third Reading, aligning with CitizenGO's opposition.] | 2024-11-29 VOTE: Voted No: Terminally Ill Adults (End of Life) Bill: Second Reading [++: Voted against assisted dying bill's second reading, aligning with opposition to assisted dying.]"
"Imogen Walker (Labour, Hamilton and Clyde Valley)",1,,,,,,"2025-06-20 VOTE: Voted No: Terminally Ill Adults (End of Life) Bill: Third Reading [++: Voted against assisted dying bill at Third Reading, aligning with CitizenGO's opposition.] | 2024-11-29 VOTE: Voted No: Terminally Ill Adults (End of Life) Bill: Second Reading [++: Voted against assisted dying bill's second reading, aligning with opposition to assisted dying.]"
"Jesse Norman (Conservative, Hereford and South Herefordshire)",1,,,,,,"2025-06-20 VOTE: Voted No: Terminally Ill Adults (End of Life) Bill: Third Reading [++: Voted against assisted dying bill at Third Reading, aligning with CitizenGO's opposition.] | 2024-11-29 VOTE: Voted No: Terminally Ill Adults (End of Life) Bill: Second Reading [++: Voted against assisted dying bill's second reading, aligning with opposition to assisted dying.]"
"Jon Trickett (Labour, Normanton and Hemsworth)",1,,,,,,"2025-06-20 VOTE: Voted No: Terminally Ill Adults (End of Life) Bill: Third Reading [++: Voted against assisted dying bill at Third Reading, aligning with CitizenGO's opposition.] | 2024-11-29 VOTE: Voted No: Terminally Ill Adults (End of Life) Bill: Second Reading [++: Voted against assisted dying bill's second reading, aligning with opposition to assisted dying.]"
"Jonathan Reynolds (Labour (Co-op), Stalybridge and Hyde)",1,,,,,,"2025-06-20 VOTE: Voted No: Terminally Ill Adults (End of Life) Bill: Third Reading [++: Voted against assisted dying bill at Third Reading, aligning with CitizenGO's opposition.] | 2024-11-29 VOTE: Voted No: Terminally Ill Adults (End of Life) Bill: Second Reading [++: Voted against assisted dying bill's second reading, aligning with opposition to assisted dying.]"
"Mohammad Yasin (Labour, Bedford)",1,,,,,,"2025-06-20 VOTE: Voted No: Terminally Ill Adults (End of Life) Bill: Third Reading [++: Voted against assisted dying bill at Third Reading, aligning with CitizenGO's opposition.] | 2024-11-29 VOTE: Voted No: Terminally Ill Adults (End of Life) Bill: Second Reading [++: Voted against assisted dying bill's second reading, aligning with opposition to assisted dying.]"
"Mrs Kemi Badenoch (Conservative, North West Essex)",1,,,,,,"2025-06-20 VOTE: Voted No: Terminally Ill Adults (End of Life) Bill: Third Reading [++: Voted against assisted dying bill at Third Reading, aligning with CitizenGO's opposition.] | 2024-11-29 VOTE: Voted No: Terminally Ill Adults (End of Life) Bill: Second Reading [++: Voted against assisted dying bill's second reading, aligning with opposition to assisted dying.]"
"Ms Julie Minns (Labour, Carlisle)",1,,,,,,"2025-05-16 VOTE: Voted Aye: Terminally Ill Adults (End of Life) Bill Report Stage: Amendment (a) to New Clause 10 [0: Amendment to end of life bill, effect unclear from title alone.] | 2024-11-29 VOTE: Voted No: Terminally Ill Adults (End of Life) Bill: Second Reading [++: Voted against assisted dying bill's second reading, aligning with opposition to assisted dying.]"
"Naushabah Khan (Labour, Gillingham and Rainham)",1,,,,,,"2025-06-20 VOTE: Voted No: Terminally Ill Adults (End of Life) Bill: Third Reading [++: Voted against assisted dying bill at Third Reading, aligning with CitizenGO's opposition.] | 2024-11-29 VOTE: Voted No: Terminally Ill Adults (End of Life) Bill: Second Reading [++: Voted against assisted dying bill's second reading, aligning with opposition to assisted dying.]"
"Preet Kaur Gill (Labour (Co-op), Birmingham Edgbaston)",1,,,,,,"2025-06-20 VOTE: Voted No: Terminally Ill Adults (End of Life) Bill: Third Reading [++: Voted against assisted dying bill at Third Reading, aligning with CitizenGO's opposition.] | 2024-11-29 VOTE: Voted No: Terminally Ill Adults (End of Life) Bill: Second Reading [++: Voted against assisted dying bill's second reading, aligning with opposition to assisted dying.]"
"Richard Fuller (Conservative, North Bedfordshire)",1,,,,,,"2025-06-20 VOTE: Voted No: Terminally Ill Adults (End of Life) Bill: Third Reading [++: Voted against assisted dying bill at Third Reading, aligning with CitizenGO's opposition.] | 2024-11-29 VOTE: Voted No: Terminally Ill Adults (End of Life) Bill: Second Reading [++: Voted against assisted dying bill's second reading, aligning with opposition to assisted dying.]"
"Sir Mark Hendrick (Labour (Co-op), Preston)",1,,,,,,"2025-06-20 VOTE: Voted No: Terminally Ill Adults (End of Life) Bill: Third Reading [++: Voted against assisted dying bill at Third Reading, aligning with CitizenGO's opposition.] | 2024-11-29 VOTE: Voted No: Terminally Ill Adults (End of Life) Bill: Second Reading [++: Voted against assisted dying bill's second reading, aligning with opposition to assisted dying.]"
"Sorcha Eastwood (Alliance, Lagan Valley)",1,,,,,,"2025-06-20 VOTE: Voted No: Terminally Ill Adults (End of Life) Bill: Third Reading [++: Voted against assisted dying bill at Third Reading, aligning with CitizenGO's opposition.] | 2024-11-29 VOTE: Voted No: Terminally Ill Adults (End of Life) Bill: Second Reading [++: Voted against assisted dying bill's second reading, aligning with opposition to assisted dying.]"
"Tahir Ali (Labour, Birmingham Hall Green and Moseley)",1,,,,,,"2025-06-20 VOTE: Voted No: Terminally Ill Adults (End of Life) Bill: Third Reading [++: Voted against assisted dying bill at Third Reading, aligning with CitizenGO's opposition.] | 2024-11-29 VOTE: Voted No: Terminally Ill Adults (End of Life) Bill: Second Reading [++: Voted against assisted dying bill's second reading, aligning with opposition to assisted dying.]"
"Esther McVey (Conservative, Tatton)",1,,,,,,"2024-11-29 VOTE: Voted No: Terminally Ill Adults (End of Life) Bill: Second Reading [++: Voted against assisted dying bill's second reading, aligning with opposition to assisted dying.]"
"Mr David Lammy (Labour, Tottenham)",1,,,,,,"2024-11-29 VOTE: Voted No: Terminally Ill Adults (End of Life) Bill: Second Reading [++: Voted against assisted dying bill's second reading, aligning with opposition to assisted dying.]"
"Ruth Jones (Labour, Newport West and Islwyn)",1,,,,,,"2024-11-29 VOTE: Voted No: Terminally Ill Adults (End of Life) Bill: Second Reading [++: Voted against assisted dying bill's second reading, aligning with opposition to assisted dying.]"
"Sir Roger Gale (Conservative, Herne Bay and Sandwich)",1,,,,,,"2024-11-29 VOTE: Voted No: Terminally Ill Adults (End of Life) Bill: Second Reading [++: Voted against assisted dying bill's second reading, aligning with opposition to assisted dying.]"
"Alex Sobel (Labour (Co-op), Leeds Central and Headingley)",,,1,,,,"2025-06-13 VOTE: Voted Aye: Terminally Ill Adults (End of Life) Bill: New Clause 2 [0: Assisted dying bill amendment; effect unclear from title alone.] | 2025-06-13 VOTE: Voted Aye: Terminally Ill Adults (End of Life) Bill: New Clause 1 [0: New Clause on end of life bill, effect unclear from title alone.] | 2025-06-13 VOTE: Voted Aye: Terminally Ill Adults (End of Life) Bill: Amendment (b) to New Clause 14 [0: Amendment to end of life bill, effect unclear from title alone.] | 2025-05-16 VOTE: Voted No: Terminally Ill Adults (End of Life) Bill Report Stage: Amendment (a) to New Clause 10 [0: Amendment to end of life bill, effect unclear from title alone.]"
"Sarah Owen (Labour, Luton North)",,,1,,,,2025-06-20 VOTE: Voted No: Terminally Ill Adults (End of Life) Bill: Amendment 12 [0: Assisted dying bill amendment; effect unclear from title alone.]
"Andy Burnham (Labour (Co-op), Makerfield)",,,1,,,,No recorded activity on this area (ledger from 2026-02-03)
"Bambos Charalambous (Labour, Southgate and Wood Green)",,,1,,,,No recorded activity on this area (ledger from 2026-02-03)
"Brendan O'Hara (Scottish National Party, Argyll, Bute and South Lochaber)",,,1,,,,No recorded activity on this area (ledger from 2026-02-03)
"Caroline Nokes (Conservative, Romsey and Southampton North)",,,1,,,,No recorded activity on this area (ledger from 2026-02-03)
"Carolyn Harris (Labour, Neath and Swansea East)",,,1,,,,No recorded activity on this area (ledger from 2026-02-03)
"Chris Hazzard (Sinn Féin, South Down)",,,1,,,,No recorded activity on this area (ledger from 2026-02-03)
"Chris Law (Scottish National Party, Dundee Central)",,,1,,,,No recorded activity on this area (ledger from 2026-02-03)
"Claire Hanna (Social Democratic & Labour Party, Belfast South and Mid Down)",,,1,,,,No recorded activity on this area (ledger from 2026-02-03)
"Dave Doogan (Scottish National Party, Angus and Perthshire Glens)",,,1,,,,No recorded activity on this area (ledger from 2026-02-03)
"Douglas Lumsden (Conservative, Aberdeen South)",,,1,,,,No recorded activity on this area (ledger from 2026-02-03)
"Dáire Hughes (Sinn Féin, Newry and Armagh)",,,1,,,,No recorded activity on this area (ledger from 2026-02-03)
"Graham Leadbitter (Scottish National Party, Moray West, Nairn and Strathspey)",,,1,,,,No recorded activity on this area (ledger from 2026-02-03)
"Hannah Spencer (Green Party, Gorton and Denton)",,,1,,,,No recorded activity on this area (ledger from 2026-02-03)
"John Finucane (Sinn Féin, Belfast North)",,,1,,,,No recorded activity on this area (ledger from 2026-02-03)
"Judith Cummins (Labour, Bradford South)",,,1,,,,No recorded activity on this area (ledger from 2026-02-03)
"Kirsty Blackman (Scottish National Party, Aberdeen North)",,,1,,,,No recorded activity on this area (ledger from 2026-02-03)
"Lara Bird (Scottish National Party, Arbroath and Broughty Ferry)",,,1,,,,No recorded activity on this area (ledger from 2026-02-03)
"Mr Cathal Mallaghan (Sinn Féin, Mid Ulster)",,,1,,,,No recorded activity on this area (ledger from 2026-02-03)
"Ms Nusrat Ghani (Conservative, Sussex Weald)",,,1,,,,No recorded activity on this area (ledger from 2026-02-03)
"Pat Cullen (Sinn Féin, Fermanagh and South Tyrone)",,,1,,,,No recorded activity on this area (ledger from 2026-02-03)
"Paul Maskey (Sinn Féin, Belfast West)",,,1,,,,No recorded activity on this area (ledger from 2026-02-03)
"Pete Wishart (Scottish National Party, Perth and Kinross-shire)",,,1,,,,No recorded activity on this area (ledger from 2026-02-03)
"Seamus Logan (Scottish National Party, Aberdeenshire North and Moray East)",,,1,,,,No recorded activity on this area (ledger from 2026-02-03)
"Sir Lindsay Hoyle (Speaker, Chorley)",,,1,,,,No recorded activity on this area (ledger from 2026-02-03)
"Órfhlaith Begley (Sinn Féin, West Tyrone)",,,1,,,,No recorded activity on this area (ledger from 2026-02-03)
"Victoria Collins (Liberal Democrat, Harpenden and Berkhamsted)",,,,,1,,"CONFLICTING SIGNALS - review all evidence | 2026-06-08 PQ: Hospices: Finance (re: palliative care) [+: Questions adequacy of hospice funding, supports palliative care sector.] | 2026-06-08 PQ: Hospices [+: Seeks equitable hospice provision, supports palliative care alternatives.] | 2026-06-08 PQ: Hospices: Finance (re: palliative care) [+: Presses for hospice funding, supports palliative care as alternative to assisted dying.] | 2025-06-20 VOTE: Voted Aye: Terminally Ill Adults (End of Life) Bill: Third Reading [--: Voted to pass assisted dying bill at Third Reading, directly opposing CitizenGO's stance.] | 2025-06-20 VOTE: Voted Aye: Terminally Ill Adults (End of Life) Bill: Amendment 94 [0: Assisted dying bill amendment; effect unclear from title alone.] | 2025-06-20 VOTE: Voted Aye: Terminally Ill Adults (End of Life) Bill: Amendment 77 [0: Assisted dying bill amendment; effect unclear from title alone.] | 2025-06-20 VOTE: Voted No: Terminally Ill Adults (End of Life) Bill: Amendment 12 [0: Assisted dying bill amendment; effect unclear from title alone.] | 2025-06-20 VOTE: Voted No: Terminally Ill Adults (End of Life) Bill: Amendment 24 [0: Assisted dying bill amendment; effect unclear from title alone.] | 2025-06-20 VOTE: Voted No: Terminally Ill Adults (End of Life) Bill: New Clause 16 [0: Assisted dying bill new clause; effect unclear from title alone.] | 2025-06-13 VOTE: Voted Aye: Terminally Ill Adults (End of Life) Bill: New Clause 2 [0: Assisted dying bill amendment; effect unclear from title alone.] | 2025-06-13 VOTE: Voted Aye: Terminally Ill Adults (End of Life) Bill: New Clause 1 [0: New Clause on end of life bill, effect unclear from title alone.] | 2025-06-13 VOTE: Voted No: Terminally Ill Adults (End of Life) Bill: Amendment (b) to New Clause 14 [0: Amendment to end of life bill, effect unclear from title alone.] | 2025-05-16 VOTE: Voted No: Terminally Ill Adults (End of Life) Bill Report Stage: Amendment (a) to New Clause 10 [0: Amendment to end of life bill, effect unclear from title alone.] | 2024-11-29 VOTE: Voted Aye: Terminally Ill Adults (End of Life) Bill: Second Reading [--: Voted for assisted dying bill's second reading, directly opposing CitizenGO's stance against assisted dying.]"
"Luke Taylor (Liberal Democrat, Sutton and Cheam)",,,,,1,,"CONFLICTING SIGNALS - review all evidence | 2026-06-08 PQ: Palliative Care [+: Seeks progress on palliative care framework, aligns with opposing assisted dying.] | 2026-06-08 PQ: Palliative Care [+: Pushes for stronger palliative care implementation, supports alternative to assisted dying.] | 2025-06-20 VOTE: Voted Aye: Terminally Ill Adults (End of Life) Bill: Third Reading [--: Voted to pass assisted dying bill at Third Reading, directly opposing CitizenGO's stance.] | 2025-06-20 VOTE: Voted Aye: Terminally Ill Adults (End of Life) Bill: Amendment 94 [0: Assisted dying bill amendment; effect unclear from title alone.] | 2025-06-20 VOTE: Voted Aye: Terminally Ill Adults (End of Life) Bill: Amendment 77 [0: Assisted dying bill amendment; effect unclear from title alone.] | 2025-06-20 VOTE: Voted No: Terminally Ill Adults (End of Life) Bill: Amendment 12 [0: Assisted dying bill amendment; effect unclear from title alone.] | 2025-06-20 VOTE: Voted No: Terminally Ill Adults (End of Life) Bill: Amendment 24 [0: Assisted dying bill amendment; effect unclear from title alone.] | 2025-06-20 VOTE: Voted No: Terminally Ill Adults (End of Life) Bill: New Clause 16 [0: Assisted dying bill new clause; effect unclear from title alone.] | 2025-06-13 VOTE: Voted No: Terminally Ill Adults (End of Life) Bill: New Clause 2 [0: Assisted dying bill amendment; effect unclear from title alone.] | 2025-06-13 VOTE: Voted No: Terminally Ill Adults (End of Life) Bill: New Clause 1 [0: New Clause on end of life bill, effect unclear from title alone.] | 2025-06-13 VOTE: Voted No: Terminally Ill Adults (End of Life) Bill: Amendment (b) to New Clause 14 [0: Amendment to end of life bill, effect unclear from title alone.] | 2025-05-16 VOTE: Voted No: Terminally Ill Adults (End of Life) Bill Report Stage: Amendment (a) to New Clause 10 [0: Amendment to end of life bill, effect unclear from title alone.] | 2024-11-29 VOTE: Voted Aye: Terminally Ill Adults (End of Life) Bill: Second Reading [--: Voted for assisted dying bill's second reading, directly opposing CitizenGO's stance against assisted dying.]"
"Alison Bennett (Liberal Democrat, Mid Sussex)",,,,,1,,"CONFLICTING SIGNALS - review all evidence | 2026-06-17 PQ: Hospices: Finance [+: Seeks support for hospices, reinforcing palliative care alternatives to assisted dying.] | 2025-06-20 VOTE: Voted Aye: Terminally Ill Adults (End of Life) Bill: Third Reading [--: Voted to pass assisted dying bill at Third Reading, directly opposing CitizenGO's stance.] | 2025-06-20 VOTE: Voted Aye: Terminally Ill Adults (End of Life) Bill: Amendment 94 [0: Assisted dying bill amendment; effect unclear from title alone.] | 2025-06-20 VOTE: Voted Aye: Terminally Ill Adults (End of Life) Bill: Amendment 77 [0: Assisted dying bill amendment; effect unclear from title alone.] | 2025-06-20 VOTE: Voted No: Terminally Ill Adults (End of Life) Bill: Amendment 12 [0: Assisted dying bill amendment; effect unclear from title alone.] | 2025-06-20 VOTE: Voted No: Terminally Ill Adults (End of Life) Bill: Amendment 24 [0: Assisted dying bill amendment; effect unclear from title alone.] | 2025-06-20 VOTE: Voted No: Terminally Ill Adults (End of Life) Bill: New Clause 16 [0: Assisted dying bill new clause; effect unclear from title alone.] | 2025-06-13 VOTE: Voted No: Terminally Ill Adults (End of Life) Bill: New Clause 2 [0: Assisted dying bill amendment; effect unclear from title alone.] | 2025-06-13 VOTE: Voted No: Terminally Ill Adults (End of Life) Bill: New Clause 1 [0: New Clause on end of life bill, effect unclear from title alone.] | 2025-06-13 VOTE: Voted No: Terminally Ill Adults (End of Life) Bill: Amendment (b) to New Clause 14 [0: Amendment to end of life bill, effect unclear from title alone.] | 2025-05-16 VOTE: Voted No: Terminally Ill Adults (End of Life) Bill Report Stage: Amendment (a) to New Clause 10 [0: Amendment to end of life bill, effect unclear from title alone.] | 2024-11-29 VOTE: Voted Aye: Terminally Ill Adults (End of Life) Bill: Second Reading [--: Voted for assisted dying bill's second reading, directly opposing CitizenGO's stance against assisted dying.]"
"Kate Osborne (Labour, Jarrow and Gateshead East)",,,,,1,,"2025-06-20 VOTE: Voted Aye: Terminally Ill Adults (End of Life) Bill: Third Reading [--: Voted to pass assisted dying bill at Third Reading, directly opposing CitizenGO's stance.] | 2025-06-20 VOTE: Voted Aye: Terminally Ill Adults (End of Life) Bill: Amendment 94 [0: Assisted dying bill amendment; effect unclear from title alone.] | 2025-06-20 VOTE: Voted Aye: Terminally Ill Adults (End of Life) Bill: Amendment 77 [0: Assisted dying bill amendment; effect unclear from title alone.] | 2025-06-20 VOTE: Voted No: Terminally Ill Adults (End of Life) Bill: Amendment 12 [0: Assisted dying bill amendment; effect unclear from title alone.] | 2025-06-20 VOTE: Voted No: Terminally Ill Adults (End of Life) Bill: Amendment 24 [0: Assisted dying bill amendment; effect unclear from title alone.] | 2025-06-20 VOTE: Voted No: Terminally Ill Adults (End of Life) Bill: New Clause 16 [0: Assisted dying bill new clause; effect unclear from title alone.] | 2025-06-13 VOTE: Voted No: Terminally Ill Adults (End of Life) Bill: New Clause 2 [0: Assisted dying bill amendment; effect unclear from title alone.] | 2025-06-13 VOTE: Voted No: Terminally Ill Adults (End of Life) Bill: New Clause 1 [0: New Clause on end of life bill, effect unclear from title alone.] | 2025-06-13 VOTE: Voted Aye: Terminally Ill Adults (End of Life) Bill: Amendment (b) to New Clause 14 [0: Amendment to end of life bill, effect unclear from title alone.] | 2025-06-13 VOTE: Voted No: Terminally Ill Adults (End of Life) Bill: Amendment (b) to New Clause 14 [0: Amendment to end of life bill, effect unclear from title alone.] | 2025-05-16 VOTE: Voted No: Terminally Ill Adults (End of Life) Bill Report Stage: Amendment (a) to New Clause 10 [0: Amendment to end of life bill, effect unclear from title alone.] | 2024-11-29 VOTE: Voted Aye: Terminally Ill Adults (End of Life) Bill: Second Reading [--: Voted for assisted dying bill's second reading, directly opposing CitizenGO's stance against assisted dying.]"
"Mr Will Forster (Liberal Democrat, Woking)",,,,,1,,"CONFLICTING SIGNALS - review all evidence | 2026-06-22 PQ: Palliative Care: Standards [+: Pushes accountability for palliative care, supporting alternative to assisted dying.] | 2025-06-20 VOTE: Voted Aye: Terminally Ill Adults (End of Life) Bill: Third Reading [--: Voted to pass assisted dying bill at Third Reading, directly opposing CitizenGO's stance.] | 2025-06-20 VOTE: Voted Aye: Terminally Ill Adults (End of Life) Bill: Amendment 94 [0: Assisted dying bill amendment; effect unclear from title alone.] | 2025-06-20 VOTE: Voted Aye: Terminally Ill Adults (End of Life) Bill: Amendment 77 [0: Assisted dying bill amendment; effect unclear from title alone.] | 2025-06-20 VOTE: Voted No: Terminally Ill Adults (End of Life) Bill: Amendment 12 [0: Assisted dying bill amendment; effect unclear from title alone.] | 2025-06-20 VOTE: Voted No: Terminally Ill Adults (End of Life) Bill: Amendment 24 [0: Assisted dying bill amendment; effect unclear from title alone.] | 2025-06-20 VOTE: Voted No: Terminally Ill Adults (End of Life) Bill: New Clause 16 [0: Assisted dying bill new clause; effect unclear from title alone.] | 2025-06-13 VOTE: Voted Aye: Terminally Ill Adults (End of Life) Bill: New Clause 2 [0: Assisted dying bill amendment; effect unclear from title alone.] | 2025-06-13 VOTE: Voted No: Terminally Ill Adults (End of Life) Bill: New Clause 1 [0: New Clause on end of life bill, effect unclear from title alone.] | 2025-06-13 VOTE: Voted Aye: Terminally Ill Adults (End of Life) Bill: Amendment (b) to New Clause 14 [0: Amendment to end of life bill, effect unclear from title alone.] | 2025-05-16 VOTE: Voted No: Terminally Ill Adults (End of Life) Bill Report Stage: Amendment (a) to New Clause 10 [0: Amendment to end of life bill, effect unclear from title alone.] | 2024-11-29 VOTE: Voted Aye: Terminally Ill Adults (End of Life) Bill: Second Reading [--: Voted for assisted dying bill's second reading, directly opposing CitizenGO's stance against assisted dying.]"
"Adam Thompson (Labour, Erewash)",,,,,1,,"2025-06-20 VOTE: Voted Aye: Terminally Ill Adults (End of Life) Bill: Third Reading [--: Voted to pass assisted dying bill at Third Reading, directly opposing CitizenGO's stance.] | 2025-06-20 VOTE: Voted Aye: Terminally Ill Adults (End of Life) Bill: Amendment 94 [0: Assisted dying bill amendment; effect unclear from title alone.] | 2025-06-20 VOTE: Voted Aye: Terminally Ill Adults (End of Life) Bill: Amendment 77 [0: Assisted dying bill amendment; effect unclear from title alone.] | 2025-06-20 VOTE: Voted No: Terminally Ill Adults (End of Life) Bill: Amendment 12 [0: Assisted dying bill amendment; effect unclear from title alone.] | 2025-06-20 VOTE: Voted No: Terminally Ill Adults (End of Life) Bill: Amendment 24 [0: Assisted dying bill amendment; effect unclear from title alone.] | 2025-06-20 VOTE: Voted No: Terminally Ill Adults (End of Life) Bill: New Clause 16 [0: Assisted dying bill new clause; effect unclear from title alone.] | 2025-06-13 VOTE: Voted No: Terminally Ill Adults (End of Life) Bill: New Clause 2 [0: Assisted dying bill amendment; effect unclear from title alone.] | 2025-06-13 VOTE: Voted No: Terminally Ill Adults (End of Life) Bill: New Clause 1 [0: New Clause on end of life bill, effect unclear from title alone.] | 2025-06-13 VOTE: Voted No: Terminally Ill Adults (End of Life) Bill: Amendment (b) to New Clause 14 [0: Amendment to end of life bill, effect unclear from title alone.] | 2025-05-16 VOTE: Voted No: Terminally Ill Adults (End of Life) Bill Report Stage: Amendment (a) to New Clause 10 [0: Amendment to end of life bill, effect unclear from title alone.] | 2024-11-29 VOTE: Voted Aye: Terminally Ill Adults (End of Life) Bill: Second Reading [--: Voted for assisted dying bill's second reading, directly opposing CitizenGO's stance against assisted dying.]"
"Adrian Ramsay (Green Party, Waveney Valley)",,,,,1,,"2025-06-20 VOTE: Voted Aye: Terminally Ill Adults (End of Life) Bill: Third Reading [--: Voted to pass assisted dying bill at Third Reading, directly opposing CitizenGO's stance.] | 2025-06-20 VOTE: Voted Aye: Terminally Ill Adults (End of Life) Bill: Amendment 94 [0: Assisted dying bill amendment; effect unclear from title alone.] | 2025-06-20 VOTE: Voted Aye: Terminally Ill Adults (End of Life) Bill: Amendment 77 [0: Assisted dying bill amendment; effect unclear from title alone.] | 2025-06-20 VOTE: Voted No: Terminally Ill Adults (End of Life) Bill: Amendment 12 [0: Assisted dying bill amendment; effect unclear from title alone.] | 2025-06-20 VOTE: Voted No: Terminally Ill Adults (End of Life) Bill: Amendment 24 [0: Assisted dying bill amendment; effect unclear from title alone.] | 2025-06-20 VOTE: Voted No: Terminally Ill Adults (End of Life) Bill: New Clause 16 [0: Assisted dying bill new clause; effect unclear from title alone.] | 2025-06-13 VOTE: Voted No: Terminally Ill Adults (End of Life) Bill: New Clause 2 [0: Assisted dying bill amendment; effect unclear from title alone.] | 2025-06-13 VOTE: Voted No: Terminally Ill Adults (End of Life) Bill: New Clause 1 [0: New Clause on end of life bill, effect unclear from title alone.] | 2025-06-13 VOTE: Voted No: Terminally Ill Adults (End of Life) Bill: Amendment (b) to New Clause 14 [0: Amendment to end of life bill, effect unclear from title alone.] | 2025-05-16 VOTE: Voted No: Terminally Ill Adults (End of Life) Bill Report Stage: Amendment (a) to New Clause 10 [0: Amendment to end of life bill, effect unclear from title alone.] | 2024-11-29 VOTE: Voted Aye: Terminally Ill Adults (End of Life) Bill: Second Reading [--: Voted for assisted dying bill's second reading, directly opposing CitizenGO's stance against assisted dying.]"
"Alex Ballinger (Labour, Halesowen)",,,,,1,,"2025-06-20 VOTE: Voted Aye: Terminally Ill Adults (End of Life) Bill: Third Reading [--: Voted to pass assisted dying bill at Third Reading, directly opposing CitizenGO's stance.] | 2025-06-20 VOTE: Voted Aye: Terminally Ill Adults (End of Life) Bill: Amendment 94 [0: Assisted dying bill amendment; effect unclear from title alone.] | 2025-06-20 VOTE: Voted Aye: Terminally Ill Adults (End of Life) Bill: Amendment 77 [0: Assisted dying bill amendment; effect unclear from title alone.] | 2025-06-20 VOTE: Voted No: Terminally Ill Adults (End of Life) Bill: Amendment 12 [0: Assisted dying bill amendment; effect unclear from title alone.] | 2025-06-20 VOTE: Voted No: Terminally Ill Adults (End of Life) Bill: Amendment 24 [0: Assisted dying bill amendment; effect unclear from title alone.] | 2025-06-20 VOTE: Voted No: Terminally Ill Adults (End of Life) Bill: New Clause 16 [0: Assisted dying bill new clause; effect unclear from title alone.] | 2025-06-13 VOTE: Voted No: Terminally Ill Adults (End of Life) Bill: New Clause 2 [0: Assisted dying bill amendment; effect unclear from title alone.] | 2025-06-13 VOTE: Voted No: Terminally Ill Adults (End of Life) Bill: New Clause 1 [0: New Clause on end of life bill, effect unclear from title alone.] | 2025-06-13 VOTE: Voted No: Terminally Ill Adults (End of Life) Bill: Amendment (b) to New Clause 14 [0: Amendment to end of life bill, effect unclear from title alone.] | 2025-05-16 VOTE: Voted No: Terminally Ill Adults (End of Life) Bill Report Stage: Amendment (a) to New Clause 10 [0: Amendment to end of life bill, effect unclear from title alone.] | 2024-11-29 VOTE: Voted Aye: Terminally Ill Adults (End of Life) Bill: Second Reading [--: Voted for assisted dying bill's second reading, directly opposing CitizenGO's stance against assisted dying.]"
"Alex Brewer (Liberal Democrat, North East Hampshire)",,,,,1,,"2025-06-20 VOTE: Voted Aye: Terminally Ill Adults (End of Life) Bill: Third Reading [--: Voted to pass assisted dying bill at Third Reading, directly opposing CitizenGO's stance.] | 2025-06-20 VOTE: Voted Aye: Terminally Ill Adults (End of Life) Bill: Amendment 94 [0: Assisted dying bill amendment; effect unclear from title alone.] | 2025-06-20 VOTE: Voted Aye: Terminally Ill Adults (End of Life) Bill: Amendment 77 [0: Assisted dying bill amendment; effect unclear from title alone.] | 2025-06-20 VOTE: Voted No: Terminally Ill Adults (End of Life) Bill: Amendment 12 [0: Assisted dying bill amendment; effect unclear from title alone.] | 2025-06-20 VOTE: Voted No: Terminally Ill Adults (End of Life) Bill: Amendment 24 [0: Assisted dying bill amendment; effect unclear from title alone.] | 2025-06-20 VOTE: Voted No: Terminally Ill Adults (End of Life) Bill: New Clause 16 [0: Assisted dying bill new clause; effect unclear from title alone.] | 2025-06-13 VOTE: Voted No: Terminally Ill Adults (End of Life) Bill: New Clause 2 [0: Assisted dying bill amendment; effect unclear from title alone.] | 2025-06-13 VOTE: Voted No: Terminally Ill Adults (End of Life) Bill: New Clause 1 [0: New Clause on end of life bill, effect unclear from title alone.] | 2025-06-13 VOTE: Voted No: Terminally Ill Adults (End of Life) Bill: Amendment (b) to New Clause 14 [0: Amendment to end of life bill, effect unclear from title alone.] | 2025-05-16 VOTE: Voted No: Terminally Ill Adults (End of Life) Bill Report Stage: Amendment (a) to New Clause 10 [0: Amendment to end of life bill, effect unclear from title alone.] | 2024-11-29 VOTE: Voted Aye: Terminally Ill Adults (End of Life) Bill: Second Reading [--: Voted for assisted dying bill's second reading, directly opposing CitizenGO's stance against assisted dying.]"
"Alex Davies-Jones (Labour, Pontypridd)",,,,,1,,"2025-06-20 VOTE: Voted Aye: Terminally Ill Adults (End of Life) Bill: Third Reading [--: Voted to pass assisted dying bill at Third Reading, directly opposing CitizenGO's stance.] | 2025-06-20 VOTE: Voted Aye: Terminally Ill Adults (End of Life) Bill: Amendment 94 [0: Assisted dying bill amendment; effect unclear from title alone.] | 2025-06-20 VOTE: Voted Aye: Terminally Ill Adults (End of Life) Bill: Amendment 77 [0: Assisted dying bill amendment; effect unclear from title alone.] | 2025-06-20 VOTE: Voted No: Terminally Ill Adults (End of Life) Bill: Amendment 12 [0: Assisted dying bill amendment; effect unclear from title alone.] | 2025-06-20 VOTE: Voted No: Terminally Ill Adults (End of Life) Bill: Amendment 24 [0: Assisted dying bill amendment; effect unclear from title alone.] | 2025-06-20 VOTE: Voted No: Terminally Ill Adults (End of Life) Bill: New Clause 16 [0: Assisted dying bill new clause; effect unclear from title alone.] | 2025-06-13 VOTE: Voted No: Terminally Ill Adults (End of Life) Bill: New Clause 2 [0: Assisted dying bill amendment; effect unclear from title alone.] | 2025-06-13 VOTE: Voted No: Terminally Ill Adults (End of Life) Bill: New Clause 1 [0: New Clause on end of life bill, effect unclear from title alone.] | 2025-06-13 VOTE: Voted No: Terminally Ill Adults (End of Life) Bill: Amendment (b) to New Clause 14 [0: Amendment to end of life bill, effect unclear from title alone.] | 2025-05-16 VOTE: Voted No: Terminally Ill Adults (End of Life) Bill Report Stage: Amendment (a) to New Clause 10 [0: Amendment to end of life bill, effect unclear from title alone.] | 2024-11-29 VOTE: Voted Aye: Terminally Ill Adults (End of Life) Bill: Second Reading [--: Voted for assisted dying bill's second reading, directly opposing CitizenGO's stance against assisted dying.]"
"Alex Norris (Labour (Co-op), Nottingham North and Kimberley)",,,,,1,,"2025-06-20 VOTE: Voted Aye: Terminally Ill Adults (End of Life) Bill: Third Reading [--: Voted to pass assisted dying bill at Third Reading, directly opposing CitizenGO's stance.] | 2025-06-20 VOTE: Voted Aye: Terminally Ill Adults (End of Life) Bill: Amendment 94 [0: Assisted dying bill amendment; effect unclear from title alone.] | 2025-06-20 VOTE: Voted Aye: Terminally Ill Adults (End of Life) Bill: Amendment 77 [0: Assisted dying bill amendment; effect unclear from title alone.] | 2025-06-20 VOTE: Voted No: Terminally Ill Adults (End of Life) Bill: Amendment 12 [0: Assisted dying bill amendment; effect unclear from title alone.] | 2025-06-20 VOTE: Voted No: Terminally Ill Adults (End of Life) Bill: Amendment 24 [0: Assisted dying bill amendment; effect unclear from title alone.] | 2025-06-20 VOTE: Voted No: Terminally Ill Adults (End of Life) Bill: New Clause 16 [0: Assisted dying bill new clause; effect unclear from title alone.] | 2025-06-13 VOTE: Voted No: Terminally Ill Adults (End of Life) Bill: New Clause 2 [0: Assisted dying bill amendment; effect unclear from title alone.] | 2025-06-13 VOTE: Voted No: Terminally Ill Adults (End of Life) Bill: New Clause 1 [0: New Clause on end of life bill, effect unclear from title alone.] | 2025-06-13 VOTE: Voted No: Terminally Ill Adults (End of Life) Bill: Amendment (b) to New Clause 14 [0: Amendment to end of life bill, effect unclear from title alone.] | 2025-05-16 VOTE: Voted No: Terminally Ill Adults (End of Life) Bill Report Stage: Amendment (a) to New Clause 10 [0: Amendment to end of life bill, effect unclear from title alone.] | 2024-11-29 VOTE: Voted Aye: Terminally Ill Adults (End of Life) Bill: Second Reading [--: Voted for assisted dying bill's second reading, directly opposing CitizenGO's stance against assisted dying.]"
"Alicia Kearns (Conservative, Rutland and Stamford)",,,,,1,,"2025-06-20 VOTE: Voted Aye: Terminally Ill Adults (End of Life) Bill: Third Reading [--: Voted to pass assisted dying bill at Third Reading, directly opposing CitizenGO's stance.] | 2025-06-20 VOTE: Voted Aye: Terminally Ill Adults (End of Life) Bill: Amendment 94 [0: Assisted dying bill amendment; effect unclear from title alone.] | 2025-06-20 VOTE: Voted Aye: Terminally Ill Adults (End of Life) Bill: Amendment 77 [0: Assisted dying bill amendment; effect unclear from title alone.] | 2025-06-20 VOTE: Voted No: Terminally Ill Adults (End of Life) Bill: Amendment 12 [0: Assisted dying bill amendment; effect unclear from title alone.] | 2025-06-20 VOTE: Voted No: Terminally Ill Adults (End of Life) Bill: Amendment 24 [0: Assisted dying bill amendment; effect unclear from title alone.] | 2025-06-20 VOTE: Voted No: Terminally Ill Adults (End of Life) Bill: New Clause 16 [0: Assisted dying bill new clause; effect unclear from title alone.] | 2025-06-13 VOTE: Voted No: Terminally Ill Adults (End of Life) Bill: New Clause 2 [0: Assisted dying bill amendment; effect unclear from title alone.] | 2025-06-13 VOTE: Voted No: Terminally Ill Adults (End of Life) Bill: New Clause 1 [0: New Clause on end of life bill, effect unclear from title alone.] | 2025-06-13 VOTE: Voted No: Terminally Ill Adults (End of Life) Bill: Amendment (b) to New Clause 14 [0: Amendment to end of life bill, effect unclear from title alone.] | 2025-05-16 VOTE: Voted No: Terminally Ill Adults (End of Life) Bill Report Stage: Amendment (a) to New Clause 10 [0: Amendment to end of life bill, effect unclear from title alone.] | 2024-11-29 VOTE: Voted Aye: Terminally Ill Adults (End of Life) Bill: Second Reading [--: Voted for assisted dying bill's second reading, directly opposing CitizenGO's stance against assisted dying.]"
"Alison Hume (Labour, Scarborough and Whitby)",,,,,1,,"2025-06-20 VOTE: Voted Aye: Terminally Ill Adults (End of Life) Bill: Third Reading [--: Voted to pass assisted dying bill at Third Reading, directly opposing CitizenGO's stance.] | 2025-06-20 VOTE: Voted Aye: Terminally Ill Adults (End of Life) Bill: Amendment 94 [0: Assisted dying bill amendment; effect unclear from title alone.] | 2025-06-20 VOTE: Voted Aye: Terminally Ill Adults (End of Life) Bill: Amendment 77 [0: Assisted dying bill amendment; effect unclear from title alone.] | 2025-06-20 VOTE: Voted No: Terminally Ill Adults (End of Life) Bill: Amendment 12 [0: Assisted dying bill amendment; effect unclear from title alone.] | 2025-06-20 VOTE: Voted No: Terminally Ill Adults (End of Life) Bill: Amendment 24 [0: Assisted dying bill amendment; effect unclear from title alone.] | 2025-06-20 VOTE: Voted No: Terminally Ill Adults (End of Life) Bill: New Clause 16 [0: Assisted dying bill new clause; effect unclear from title alone.] | 2025-06-13 VOTE: Voted No: Terminally Ill Adults (End of Life) Bill: New Clause 2 [0: Assisted dying bill amendment; effect unclear from title alone.] | 2025-06-13 VOTE: Voted No: Terminally Ill Adults (End of Life) Bill: New Clause 1 [0: New Clause on end of life bill, effect unclear from title alone.] | 2025-06-13 VOTE: Voted No: Terminally Ill Adults (End of Life) Bill: Amendment (b) to New Clause 14 [0: Amendment to end of life bill, effect unclear from title alone.] | 2025-05-16 VOTE: Voted No: Terminally Ill Adults (End of Life) Bill Report Stage: Amendment (a) to New Clause 10 [0: Amendment to end of life bill, effect unclear from title alone.] | 2024-11-29 VOTE: Voted Aye: Terminally Ill Adults (End of Life) Bill: Second Reading [--: Voted for assisted dying bill's second reading, directly opposing CitizenGO's stance against assisted dying.]"
"Alistair Strathern (Labour, Hitchin)",,,,,1,,"2025-06-20 VOTE: Voted Aye: Terminally Ill Adults (End of Life) Bill: Third Reading [--: Voted to pass assisted dying bill at Third Reading, directly opposing CitizenGO's stance.] | 2025-06-20 VOTE: Voted Aye: Terminally Ill Adults (End of Life) Bill: Amendment 94 [0: Assisted dying bill amendment; effect unclear from title alone.] | 2025-06-20 VOTE: Voted Aye: Terminally Ill Adults (End of Life) Bill: Amendment 77 [0: Assisted dying bill amendment; effect unclear from title alone.] | 2025-06-20 VOTE: Voted No: Terminally Ill Adults (End of Life) Bill: Amendment 12 [0: Assisted dying bill amendment; effect unclear from title alone.] | 2025-06-20 VOTE: Voted No: Terminally Ill Adults (End of Life) Bill: Amendment 24 [0: Assisted dying bill amendment; effect unclear from title alone.] | 2025-06-20 VOTE: Voted No: Terminally Ill Adults (End of Life) Bill: New Clause 16 [0: Assisted dying bill new clause; effect unclear from title alone.] | 2025-06-13 VOTE: Voted No: Terminally Ill Adults (End of Life) Bill: New Clause 2 [0: Assisted dying bill amendment; effect unclear from title alone.] | 2025-06-13 VOTE: Voted No: Terminally Ill Adults (End of Life) Bill: New Clause 1 [0: New Clause on end of life bill, effect unclear from title alone.] | 2025-06-13 VOTE: Voted No: Terminally Ill Adults (End of Life) Bill: Amendment (b) to New Clause 14 [0: Amendment to end of life bill, effect unclear from title alone.] | 2025-05-16 VOTE: Voted No: Terminally Ill Adults (End of Life) Bill Report Stage: Amendment (a) to New Clause 10 [0: Amendment to end of life bill, effect unclear from title alone.] | 2024-11-29 VOTE: Voted Aye: Terminally Ill Adults (End of Life) Bill: Second Reading [--: Voted for assisted dying bill's second reading, directly opposing CitizenGO's stance against assisted dying.]"
"Andrew Cooper (Labour, Mid Cheshire)",,,,,1,,"2025-06-20 VOTE: Voted Aye: Terminally Ill Adults (End of Life) Bill: Third Reading [--: Voted to pass assisted dying bill at Third Reading, directly opposing CitizenGO's stance.] | 2025-06-20 VOTE: Voted Aye: Terminally Ill Adults (End of Life) Bill: Amendment 94 [0: Assisted dying bill amendment; effect unclear from title alone.] | 2025-06-20 VOTE: Voted Aye: Terminally Ill Adults (End of Life) Bill: Amendment 77 [0: Assisted dying bill amendment; effect unclear from title alone.] | 2025-06-20 VOTE: Voted No: Terminally Ill Adults (End of Life) Bill: Amendment 12 [0: Assisted dying bill amendment; effect unclear from title alone.] | 2025-06-20 VOTE: Voted No: Terminally Ill Adults (End of Life) Bill: Amendment 24 [0: Assisted dying bill amendment; effect unclear from title alone.] | 2025-06-20 VOTE: Voted No: Terminally Ill Adults (End of Life) Bill: New Clause 16 [0: Assisted dying bill new clause; effect unclear from title alone.] | 2025-06-13 VOTE: Voted No: Terminally Ill Adults (End of Life) Bill: New Clause 2 [0: Assisted dying bill amendment; effect unclear from title alone.] | 2025-06-13 VOTE: Voted No: Terminally Ill Adults (End of Life) Bill: New Clause 1 [0: New Clause on end of life bill, effect unclear from title alone.] | 2025-06-13 VOTE: Voted No: Terminally Ill Adults (End of Life) Bill: Amendment (b) to New Clause 14 [0: Amendment to end of life bill, effect unclear from title alone.] | 2025-05-16 VOTE: Voted No: Terminally Ill Adults (End of Life) Bill Report Stage: Amendment (a) to New Clause 10 [0: Amendment to end of life bill, effect unclear from title alone.] | 2024-11-29 VOTE: Voted Aye: Terminally Ill Adults (End of Life) Bill: Second Reading [--: Voted for assisted dying bill's second reading, directly opposing CitizenGO's stance against assisted dying.]"
"Andrew Lewin (Labour, Welwyn Hatfield)",,,,,1,,"2025-06-20 VOTE: Voted Aye: Terminally Ill Adults (End of Life) Bill: Third Reading [--: Voted to pass assisted dying bill at Third Reading, directly opposing CitizenGO's stance.] | 2025-06-20 VOTE: Voted Aye: Terminally Ill Adults (End of Life) Bill: Amendment 94 [0: Assisted dying bill amendment; effect unclear from title alone.] | 2025-06-20 VOTE: Voted Aye: Terminally Ill Adults (End of Life) Bill: Amendment 77 [0: Assisted dying bill amendment; effect unclear from title alone.] | 2025-06-20 VOTE: Voted No: Terminally Ill Adults (End of Life) Bill: Amendment 12 [0: Assisted dying bill amendment; effect unclear from title alone.] | 2025-06-20 VOTE: Voted No: Terminally Ill Adults (End of Life) Bill: Amendment 24 [0: Assisted dying bill amendment; effect unclear from title alone.] | 2025-06-20 VOTE: Voted No: Terminally Ill Adults (End of Life) Bill: New Clause 16 [0: Assisted dying bill new clause; effect unclear from title alone.] | 2025-06-13 VOTE: Voted No: Terminally Ill Adults (End of Life) Bill: New Clause 2 [0: Assisted dying bill amendment; effect unclear from title alone.] | 2025-06-13 VOTE: Voted No: Terminally Ill Adults (End of Life) Bill: New Clause 1 [0: New Clause on end of life bill, effect unclear from title alone.] | 2025-06-13 VOTE: Voted No: Terminally Ill Adults (End of Life) Bill: Amendment (b) to New Clause 14 [0: Amendment to end of life bill, effect unclear from title alone.] | 2025-05-16 VOTE: Voted No: Terminally Ill Adults (End of Life) Bill Report Stage: Amendment (a) to New Clause 10 [0: Amendment to end of life bill, effect unclear from title alone.] | 2024-11-29 VOTE: Voted Aye: Terminally Ill Adults (End of Life) Bill: Second Reading [--: Voted for assisted dying bill's second reading, directly opposing CitizenGO's stance against assisted dying.]"
"Andrew Ranger (Labour, Wrexham)",,,,,1,,"2025-06-20 VOTE: Voted Aye: Terminally Ill Adults (End of Life) Bill: Third Reading [--: Voted to pass assisted dying bill at Third Reading, directly opposing CitizenGO's stance.] | 2025-06-20 VOTE: Voted Aye: Terminally Ill Adults (End of Life) Bill: Amendment 94 [0: Assisted dying bill amendment; effect unclear from title alone.] | 2025-06-20 VOTE: Voted Aye: Terminally Ill Adults (End of Life) Bill: Amendment 77 [0: Assisted dying bill amendment; effect unclear from title alone.] | 2025-06-20 VOTE: Voted No: Terminally Ill Adults (End of Life) Bill: Amendment 12 [0: Assisted dying bill amendment; effect unclear from title alone.] | 2025-06-20 VOTE: Voted No: Terminally Ill Adults (End of Life) Bill: Amendment 24 [0: Assisted dying bill amendment; effect unclear from title alone.] | 2025-06-20 VOTE: Voted No: Terminally Ill Adults (End of Life) Bill: New Clause 16 [0: Assisted dying bill new clause; effect unclear from title alone.] | 2025-06-13 VOTE: Voted No: Terminally Ill Adults (End of Life) Bill: New Clause 2 [0: Assisted dying bill amendment; effect unclear from title alone.] | 2025-06-13 VOTE: Voted No: Terminally Ill Adults (End of Life) Bill: New Clause 1 [0: New Clause on end of life bill, effect unclear from title alone.] | 2025-06-13 VOTE: Voted No: Terminally Ill Adults (End of Life) Bill: Amendment (b) to New Clause 14 [0: Amendment to end of life bill, effect unclear from title alone.] | 2025-05-16 VOTE: Voted No: Terminally Ill Adults (End of Life) Bill Report Stage: Amendment (a) to New Clause 10 [0: Amendment to end of life bill, effect unclear from title alone.] | 2024-11-29 VOTE: Voted Aye: Terminally Ill Adults (End of Life) Bill: Second Reading [--: Voted for assisted dying bill's second reading, directly opposing CitizenGO's stance against assisted dying.]"
"Andrew Western (Labour, Stretford and Urmston)",,,,,1,,"2025-06-20 VOTE: Voted Aye: Terminally Ill Adults (End of Life) Bill: Third Reading [--: Voted to pass assisted dying bill at Third Reading, directly opposing CitizenGO's stance.] | 2025-06-20 VOTE: Voted Aye: Terminally Ill Adults (End of Life) Bill: Amendment 94 [0: Assisted dying bill amendment; effect unclear from title alone.] | 2025-06-20 VOTE: Voted Aye: Terminally Ill Adults (End of Life) Bill: Amendment 77 [0: Assisted dying bill amendment; effect unclear from title alone.] | 2025-06-20 VOTE: Voted No: Terminally Ill Adults (End of Life) Bill: Amendment 12 [0: Assisted dying bill amendment; effect unclear from title alone.] | 2025-06-20 VOTE: Voted No: Terminally Ill Adults (End of Life) Bill: Amendment 24 [0: Assisted dying bill amendment; effect unclear from title alone.] | 2025-06-20 VOTE: Voted No: Terminally Ill Adults (End of Life) Bill: New Clause 16 [0: Assisted dying bill new clause; effect unclear from title alone.] | 2025-06-13 VOTE: Voted No: Terminally Ill Adults (End of Life) Bill: New Clause 2 [0: Assisted dying bill amendment; effect unclear from title alone.] | 2025-06-13 VOTE: Voted No: Terminally Ill Adults (End of Life) Bill: New Clause 1 [0: New Clause on end of life bill, effect unclear from title alone.] | 2025-06-13 VOTE: Voted No: Terminally Ill Adults (End of Life) Bill: Amendment (b) to New Clause 14 [0: Amendment to end of life bill, effect unclear from title alone.] | 2025-05-16 VOTE: Voted No: Terminally Ill Adults (End of Life) Bill Report Stage: Amendment (a) to New Clause 10 [0: Amendment to end of life bill, effect unclear from title alone.] | 2024-11-29 VOTE: Voted Aye: Terminally Ill Adults (End of Life) Bill: Second Reading [--: Voted for assisted dying bill's second reading, directly opposing CitizenGO's stance against assisted dying.]"
"Andy MacNae (Labour, Rossendale and Darwen)",,,,,1,,"2025-06-20 VOTE: Voted Aye: Terminally Ill Adults (End of Life) Bill: Third Reading [--: Voted to pass assisted dying bill at Third Reading, directly opposing CitizenGO's stance.] | 2025-06-20 VOTE: Voted Aye: Terminally Ill Adults (End of Life) Bill: Amendment 94 [0: Assisted dying bill amendment; effect unclear from title alone.] | 2025-06-20 VOTE: Voted Aye: Terminally Ill Adults (End of Life) Bill: Amendment 77 [0: Assisted dying bill amendment; effect unclear from title alone.] | 2025-06-20 VOTE: Voted No: Terminally Ill Adults (End of Life) Bill: Amendment 12 [0: Assisted dying bill amendment; effect unclear from title alone.] | 2025-06-20 VOTE: Voted No: Terminally Ill Adults (End of Life) Bill: Amendment 24 [0: Assisted dying bill amendment; effect unclear from title alone.] | 2025-06-20 VOTE: Voted No: Terminally Ill Adults (End of Life) Bill: New Clause 16 [0: Assisted dying bill new clause; effect unclear from title alone.] | 2025-06-13 VOTE: Voted No: Terminally Ill Adults (End of Life) Bill: New Clause 2 [0: Assisted dying bill amendment; effect unclear from title alone.] | 2025-06-13 VOTE: Voted Aye: Terminally Ill Adults (End of Life) Bill: New Clause 1 [0: New Clause on end of life bill, effect unclear from title alone.] | 2025-06-13 VOTE: Voted No: Terminally Ill Adults (End of Life) Bill: Amendment (b) to New Clause 14 [0: Amendment to end of life bill, effect unclear from title alone.] | 2025-05-16 VOTE: Voted No: Terminally Ill Adults (End of Life) Bill Report Stage: Amendment (a) to New Clause 10 [0: Amendment to end of life bill, effect unclear from title alone.] | 2024-11-29 VOTE: Voted Aye: Terminally Ill Adults (End of Life) Bill: Second Reading [--: Voted for assisted dying bill's second reading, directly opposing CitizenGO's stance against assisted dying.]"
"Andy Slaughter (Labour, Hammersmith and Chiswick)",,,,,1,,"2025-06-20 VOTE: Voted Aye: Terminally Ill Adults (End of Life) Bill: Third Reading [--: Voted to pass assisted dying bill at Third Reading, directly opposing CitizenGO's stance.] | 2025-06-20 VOTE: Voted Aye: Terminally Ill Adults (End of Life) Bill: Amendment 94 [0: Assisted dying bill amendment; effect unclear from title alone.] | 2025-06-20 VOTE: Voted Aye: Terminally Ill Adults (End of Life) Bill: Amendment 77 [0: Assisted dying bill amendment; effect unclear from title alone.] | 2025-06-20 VOTE: Voted No: Terminally Ill Adults (End of Life) Bill: Amendment 12 [0: Assisted dying bill amendment; effect unclear from title alone.] | 2025-06-20 VOTE: Voted No: Terminally Ill Adults (End of Life) Bill: Amendment 24 [0: Assisted dying bill amendment; effect unclear from title alone.] | 2025-06-20 VOTE: Voted No: Terminally Ill Adults (End of Life) Bill: New Clause 16 [0: Assisted dying bill new clause; effect unclear from title alone.] | 2025-06-13 VOTE: Voted No: Terminally Ill Adults (End of Life) Bill: New Clause 2 [0: Assisted dying bill amendment; effect unclear from title alone.] | 2025-06-13 VOTE: Voted No: Terminally Ill Adults (End of Life) Bill: New Clause 1 [0: New Clause on end of life bill, effect unclear from title alone.] | 2025-06-13 VOTE: Voted No: Terminally Ill Adults (End of Life) Bill: Amendment (b) to New Clause 14 [0: Amendment to end of life bill, effect unclear from title alone.] | 2025-05-16 VOTE: Voted No: Terminally Ill Adults (End of Life) Bill Report Stage: Amendment (a) to New Clause 10 [0: Amendment to end of life bill, effect unclear from title alone.] | 2024-11-29 VOTE: Voted Aye: Terminally Ill Adults (End of Life) Bill: Second Reading [--: Voted for assisted dying bill's second reading, directly opposing CitizenGO's stance against assisted dying.]"
"Anna Sabine (Liberal Democrat, Frome and East Somerset)",,,,,1,,"2025-06-20 VOTE: Voted Aye: Terminally Ill Adults (End of Life) Bill: Third Reading [--: Voted to pass assisted dying bill at Third Reading, directly opposing CitizenGO's stance.] | 2025-06-20 VOTE: Voted Aye: Terminally Ill Adults (End of Life) Bill: Amendment 94 [0: Assisted dying bill amendment; effect unclear from title alone.] | 2025-06-20 VOTE: Voted Aye: Terminally Ill Adults (End of Life) Bill: Amendment 77 [0: Assisted dying bill amendment; effect unclear from title alone.] | 2025-06-20 VOTE: Voted No: Terminally Ill Adults (End of Life) Bill: Amendment 12 [0: Assisted dying bill amendment; effect unclear from title alone.] | 2025-06-20 VOTE: Voted No: Terminally Ill Adults (End of Life) Bill: Amendment 24 [0: Assisted dying bill amendment; effect unclear from title alone.] | 2025-06-20 VOTE: Voted No: Terminally Ill Adults (End of Life) Bill: New Clause 16 [0: Assisted dying bill new clause; effect unclear from title alone.] | 2025-06-13 VOTE: Voted No: Terminally Ill Adults (End of Life) Bill: New Clause 2 [0: Assisted dying bill amendment; effect unclear from title alone.] | 2025-06-13 VOTE: Voted No: Terminally Ill Adults (End of Life) Bill: New Clause 1 [0: New Clause on end of life bill, effect unclear from title alone.] | 2025-06-13 VOTE: Voted No: Terminally Ill Adults (End of Life) Bill: Amendment (b) to New Clause 14 [0: Amendment to end of life bill, effect unclear from title alone.] | 2025-05-16 VOTE: Voted No: Terminally Ill Adults (End of Life) Bill Report Stage: Amendment (a) to New Clause 10 [0: Amendment to end of life bill, effect unclear from title alone.] | 2024-11-29 VOTE: Voted Aye: Terminally Ill Adults (End of Life) Bill: Second Reading [--: Voted for assisted dying bill's second reading, directly opposing CitizenGO's stance against assisted dying.]"
"Aphra Brandreth (Conservative, Chester South and Eddisbury)",,,,,1,,"2025-06-20 VOTE: Voted Aye: Terminally Ill Adults (End of Life) Bill: Third Reading [--: Voted to pass assisted dying bill at Third Reading, directly opposing CitizenGO's stance.] | 2025-06-20 VOTE: Voted Aye: Terminally Ill Adults (End of Life) Bill: Amendment 94 [0: Assisted dying bill amendment; effect unclear from title alone.] | 2025-06-20 VOTE: Voted Aye: Terminally Ill Adults (End of Life) Bill: Amendment 77 [0: Assisted dying bill amendment; effect unclear from title alone.] | 2025-06-20 VOTE: Voted No: Terminally Ill Adults (End of Life) Bill: Amendment 12 [0: Assisted dying bill amendment; effect unclear from title alone.] | 2025-06-20 VOTE: Voted No: Terminally Ill Adults (End of Life) Bill: Amendment 24 [0: Assisted dying bill amendment; effect unclear from title alone.] | 2025-06-20 VOTE: Voted No: Terminally Ill Adults (End of Life) Bill: New Clause 16 [0: Assisted dying bill new clause; effect unclear from title alone.] | 2025-06-13 VOTE: Voted No: Terminally Ill Adults (End of Life) Bill: New Clause 2 [0: Assisted dying bill amendment; effect unclear from title alone.] | 2025-06-13 VOTE: Voted No: Terminally Ill Adults (End of Life) Bill: New Clause 1 [0: New Clause on end of life bill, effect unclear from title alone.] | 2025-06-13 VOTE: Voted No: Terminally Ill Adults (End of Life) Bill: Amendment (b) to New Clause 14 [0: Amendment to end of life bill, effect unclear from title alone.] | 2025-05-16 VOTE: Voted No: Terminally Ill Adults (End of Life) Bill Report Stage: Amendment (a) to New Clause 10 [0: Amendment to end of life bill, effect unclear from title alone.] | 2024-11-29 VOTE: Voted Aye: Terminally Ill Adults (End of Life) Bill: Second Reading [--: Voted for assisted dying bill's second reading, directly opposing CitizenGO's stance against assisted dying.]"
"Becky Gittins (Labour, Clwyd East)",,,,,1,,"2025-06-20 VOTE: Voted Aye: Terminally Ill Adults (End of Life) Bill: Third Reading [--: Voted to pass assisted dying bill at Third Reading, directly opposing CitizenGO's stance.] | 2025-06-20 VOTE: Voted Aye: Terminally Ill Adults (End of Life) Bill: Amendment 94 [0: Assisted dying bill amendment; effect unclear from title alone.] | 2025-06-20 VOTE: Voted Aye: Terminally Ill Adults (End of Life) Bill: Amendment 77 [0: Assisted dying bill amendment; effect unclear from title alone.] | 2025-06-20 VOTE: Voted No: Terminally Ill Adults (End of Life) Bill: Amendment 12 [0: Assisted dying bill amendment; effect unclear from title alone.] | 2025-06-20 VOTE: Voted No: Terminally Ill Adults (End of Life) Bill: Amendment 24 [0: Assisted dying bill amendment; effect unclear from title alone.] | 2025-06-20 VOTE: Voted No: Terminally Ill Adults (End of Life) Bill: New Clause 16 [0: Assisted dying bill new clause; effect unclear from title alone.] | 2025-06-13 VOTE: Voted No: Terminally Ill Adults (End of Life) Bill: New Clause 2 [0: Assisted dying bill amendment; effect unclear from title alone.] | 2025-06-13 VOTE: Voted No: Terminally Ill Adults (End of Life) Bill: New Clause 1 [0: New Clause on end of life bill, effect unclear from title alone.] | 2025-06-13 VOTE: Voted No: Terminally Ill Adults (End of Life) Bill: Amendment (b) to New Clause 14 [0: Amendment to end of life bill, effect unclear from title alone.] | 2025-05-16 VOTE: Voted No: Terminally Ill Adults (End of Life) Bill Report Stage: Amendment (a) to New Clause 10 [0: Amendment to end of life bill, effect unclear from title alone.] | 2024-11-29 VOTE: Voted Aye: Terminally Ill Adults (End of Life) Bill: Second Reading [--: Voted for assisted dying bill's second reading, directly opposing CitizenGO's stance against assisted dying.]"
"Ben Maguire (Liberal Democrat, North Cornwall)",,,,,1,,"2025-06-20 VOTE: Voted Aye: Terminally Ill Adults (End of Life) Bill: Third Reading [--: Voted to pass assisted dying bill at Third Reading, directly opposing CitizenGO's stance.] | 2025-06-20 VOTE: Voted Aye: Terminally Ill Adults (End of Life) Bill: Amendment 94 [0: Assisted dying bill amendment; effect unclear from title alone.] | 2025-06-20 VOTE: Voted Aye: Terminally Ill Adults (End of Life) Bill: Amendment 77 [0: Assisted dying bill amendment; effect unclear from title alone.] | 2025-06-20 VOTE: Voted No: Terminally Ill Adults (End of Life) Bill: Amendment 12 [0: Assisted dying bill amendment; effect unclear from title alone.] | 2025-06-20 VOTE: Voted No: Terminally Ill Adults (End of Life) Bill: Amendment 24 [0: Assisted dying bill amendment; effect unclear from title alone.] | 2025-06-20 VOTE: Voted No: Terminally Ill Adults (End of Life) Bill: New Clause 16 [0: Assisted dying bill new clause; effect unclear from title alone.] | 2025-06-13 VOTE: Voted Aye: Terminally Ill Adults (End of Life) Bill: New Clause 2 [0: Assisted dying bill amendment; effect unclear from title alone.] | 2025-06-13 VOTE: Voted No: Terminally Ill Adults (End of Life) Bill: New Clause 1 [0: New Clause on end of life bill, effect unclear from title alone.] | 2025-06-13 VOTE: Voted No: Terminally Ill Adults (End of Life) Bill: Amendment (b) to New Clause 14 [0: Amendment to end of life bill, effect unclear from title alone.] | 2025-05-16 VOTE: Voted No: Terminally Ill Adults (End of Life) Bill Report Stage: Amendment (a) to New Clause 10 [0: Amendment to end of life bill, effect unclear from title alone.] | 2024-11-29 VOTE: Voted Aye: Terminally Ill Adults (End of Life) Bill: Second Reading [--: Voted for assisted dying bill's second reading, directly opposing CitizenGO's stance against assisted dying.]"
"Bobby Dean (Liberal Democrat, Carshalton and Wallington)",,,,,1,,"2025-06-20 VOTE: Voted Aye: Terminally Ill Adults (End of Life) Bill: Third Reading [--: Voted to pass assisted dying bill at Third Reading, directly opposing CitizenGO's stance.] | 2025-06-20 VOTE: Voted Aye: Terminally Ill Adults (End of Life) Bill: Amendment 94 [0: Assisted dying bill amendment; effect unclear from title alone.] | 2025-06-20 VOTE: Voted Aye: Terminally Ill Adults (End of Life) Bill: Amendment 77 [0: Assisted dying bill amendment; effect unclear from title alone.] | 2025-06-20 VOTE: Voted No: Terminally Ill Adults (End of Life) Bill: Amendment 12 [0: Assisted dying bill amendment; effect unclear from title alone.] | 2025-06-20 VOTE: Voted No: Terminally Ill Adults (End of Life) Bill: Amendment 24 [0: Assisted dying bill amendment; effect unclear from title alone.] | 2025-06-20 VOTE: Voted No: Terminally Ill Adults (End of Life) Bill: New Clause 16 [0: Assisted dying bill new clause; effect unclear from title alone.] | 2025-06-13 VOTE: Voted No: Terminally Ill Adults (End of Life) Bill: New Clause 2 [0: Assisted dying bill amendment; effect unclear from title alone.] | 2025-06-13 VOTE: Voted No: Terminally Ill Adults (End of Life) Bill: New Clause 1 [0: New Clause on end of life bill, effect unclear from title alone.] | 2025-06-13 VOTE: Voted No: Terminally Ill Adults (End of Life) Bill: Amendment (b) to New Clause 14 [0: Amendment to end of life bill, effect unclear from title alone.] | 2025-05-16 VOTE: Voted No: Terminally Ill Adults (End of Life) Bill Report Stage: Amendment (a) to New Clause 10 [0: Amendment to end of life bill, effect unclear from title alone.] | 2024-11-29 VOTE: Voted Aye: Terminally Ill Adults (End of Life) Bill: Second Reading [--: Voted for assisted dying bill's second reading, directly opposing CitizenGO's stance against assisted dying.]"
"Callum Anderson (Labour, Buckingham and Bletchley)",,,,,1,,"2025-06-20 VOTE: Voted Aye: Terminally Ill Adults (End of Life) Bill: Third Reading [--: Voted to pass assisted dying bill at Third Reading, directly opposing CitizenGO's stance.] | 2025-06-20 VOTE: Voted Aye: Terminally Ill Adults (End of Life) Bill: Amendment 94 [0: Assisted dying bill amendment; effect unclear from title alone.] | 2025-06-20 VOTE: Voted Aye: Terminally Ill Adults (End of Life) Bill: Amendment 77 [0: Assisted dying bill amendment; effect unclear from title alone.] | 2025-06-20 VOTE: Voted No: Terminally Ill Adults (End of Life) Bill: Amendment 12 [0: Assisted dying bill amendment; effect unclear from title alone.] | 2025-06-20 VOTE: Voted No: Terminally Ill Adults (End of Life) Bill: Amendment 24 [0: Assisted dying bill amendment; effect unclear from title alone.] | 2025-06-20 VOTE: Voted Aye: Terminally Ill Adults (End of Life) Bill: New Clause 16 [0: Assisted dying bill new clause; effect unclear from title alone.] | 2025-06-13 VOTE: Voted Aye: Terminally Ill Adults (End of Life) Bill: New Clause 2 [0: Assisted dying bill amendment; effect unclear from title alone.] | 2025-06-13 VOTE: Voted No: Terminally Ill Adults (End of Life) Bill: New Clause 1 [0: New Clause on end of life bill, effect unclear from title alone.] | 2025-06-13 VOTE: Voted No: Terminally Ill Adults (End of Life) Bill: Amendment (b) to New Clause 14 [0: Amendment to end of life bill, effect unclear from title alone.] | 2025-05-16 VOTE: Voted No: Terminally Ill Adults (End of Life) Bill Report Stage: Amendment (a) to New Clause 10 [0: Amendment to end of life bill, effect unclear from title alone.] | 2024-11-29 VOTE: Voted Aye: Terminally Ill Adults (End of Life) Bill: Second Reading [--: Voted for assisted dying bill's second reading, directly opposing CitizenGO's stance against assisted dying.]"
"Caroline Voaden (Liberal Democrat, South Devon)",,,,,1,,"2025-06-20 VOTE: Voted Aye: Terminally Ill Adults (End of Life) Bill: Third Reading [--: Voted to pass assisted dying bill at Third Reading, directly opposing CitizenGO's stance.] | 2025-06-20 VOTE: Voted Aye: Terminally Ill Adults (End of Life) Bill: Amendment 94 [0: Assisted dying bill amendment; effect unclear from title alone.] | 2025-06-20 VOTE: Voted Aye: Terminally Ill Adults (End of Life) Bill: Amendment 77 [0: Assisted dying bill amendment; effect unclear from title alone.] | 2025-06-20 VOTE: Voted No: Terminally Ill Adults (End of Life) Bill: Amendment 12 [0: Assisted dying bill amendment; effect unclear from title alone.] | 2025-06-20 VOTE: Voted No: Terminally Ill Adults (End of Life) Bill: Amendment 24 [0: Assisted dying bill amendment; effect unclear from title alone.] | 2025-06-20 VOTE: Voted No: Terminally Ill Adults (End of Life) Bill: New Clause 16 [0: Assisted dying bill new clause; effect unclear from title alone.] | 2025-06-13 VOTE: Voted No: Terminally Ill Adults (End of Life) Bill: New Clause 2 [0: Assisted dying bill amendment; effect unclear from title alone.] | 2025-06-13 VOTE: Voted No: Terminally Ill Adults (End of Life) Bill: New Clause 1 [0: New Clause on end of life bill, effect unclear from title alone.] | 2025-06-13 VOTE: Voted No: Terminally Ill Adults (End of Life) Bill: Amendment (b) to New Clause 14 [0: Amendment to end of life bill, effect unclear from title alone.] | 2025-05-16 VOTE: Voted No: Terminally Ill Adults (End of Life) Bill Report Stage: Amendment (a) to New Clause 10 [0: Amendment to end of life bill, effect unclear from title alone.] | 2024-11-29 VOTE: Voted Aye: Terminally Ill Adults (End of Life) Bill: Second Reading [--: Voted for assisted dying bill's second reading, directly opposing CitizenGO's stance against assisted dying.]"
"Cat Eccles (Labour, Stourbridge)",,,,,1,,"2025-06-20 VOTE: Voted Aye: Terminally Ill Adults (End of Life) Bill: Third Reading [--: Voted to pass assisted dying bill at Third Reading, directly opposing CitizenGO's stance.] | 2025-06-20 VOTE: Voted Aye: Terminally Ill Adults (End of Life) Bill: Amendment 94 [0: Assisted dying bill amendment; effect unclear from title alone.] | 2025-06-20 VOTE: Voted Aye: Terminally Ill Adults (End of Life) Bill: Amendment 77 [0: Assisted dying bill amendment; effect unclear from title alone.] | 2025-06-20 VOTE: Voted No: Terminally Ill Adults (End of Life) Bill: Amendment 12 [0: Assisted dying bill amendment; effect unclear from title alone.] | 2025-06-20 VOTE: Voted No: Terminally Ill Adults (End of Life) Bill: Amendment 24 [0: Assisted dying bill amendment; effect unclear from title alone.] | 2025-06-20 VOTE: Voted No: Terminally Ill Adults (End of Life) Bill: New Clause 16 [0: Assisted dying bill new clause; effect unclear from title alone.] | 2025-06-13 VOTE: Voted No: Terminally Ill Adults (End of Life) Bill: New Clause 2 [0: Assisted dying bill amendment; effect unclear from title alone.] | 2025-06-13 VOTE: Voted No: Terminally Ill Adults (End of Life) Bill: New Clause 1 [0: New Clause on end of life bill, effect unclear from title alone.] | 2025-06-13 VOTE: Voted No: Terminally Ill Adults (End of Life) Bill: Amendment (b) to New Clause 14 [0: Amendment to end of life bill, effect unclear from title alone.] | 2025-05-16 VOTE: Voted No: Terminally Ill Adults (End of Life) Bill Report Stage: Amendment (a) to New Clause 10 [0: Amendment to end of life bill, effect unclear from title alone.] | 2024-11-29 VOTE: Voted Aye: Terminally Ill Adults (End of Life) Bill: Second Reading [--: Voted for assisted dying bill's second reading, directly opposing CitizenGO's stance against assisted dying.]"
"Catherine Fookes (Labour, Monmouthshire)",,,,,1,,"2025-06-20 VOTE: Voted Aye: Terminally Ill Adults (End of Life) Bill: Third Reading [--: Voted to pass assisted dying bill at Third Reading, directly opposing CitizenGO's stance.] | 2025-06-20 VOTE: Voted Aye: Terminally Ill Adults (End of Life) Bill: Amendment 94 [0: Assisted dying bill amendment; effect unclear from title alone.] | 2025-06-20 VOTE: Voted Aye: Terminally Ill Adults (End of Life) Bill: Amendment 77 [0: Assisted dying bill amendment; effect unclear from title alone.] | 2025-06-20 VOTE: Voted No: Terminally Ill Adults (End of Life) Bill: Amendment 12 [0: Assisted dying bill amendment; effect unclear from title alone.] | 2025-06-20 VOTE: Voted No: Terminally Ill Adults (End of Life) Bill: Amendment 24 [0: Assisted dying bill amendment; effect unclear from title alone.] | 2025-06-20 VOTE: Voted No: Terminally Ill Adults (End of Life) Bill: New Clause 16 [0: Assisted dying bill new clause; effect unclear from title alone.] | 2025-06-13 VOTE: Voted No: Terminally Ill Adults (End of Life) Bill: New Clause 2 [0: Assisted dying bill amendment; effect unclear from title alone.] | 2025-06-13 VOTE: Voted No: Terminally Ill Adults (End of Life) Bill: New Clause 1 [0: New Clause on end of life bill, effect unclear from title alone.] | 2025-06-13 VOTE: Voted No: Terminally Ill Adults (End of Life) Bill: Amendment (b) to New Clause 14 [0: Amendment to end of life bill, effect unclear from title alone.] | 2025-05-16 VOTE: Voted No: Terminally Ill Adults (End of Life) Bill Report Stage: Amendment (a) to New Clause 10 [0: Amendment to end of life bill, effect unclear from title alone.] | 2024-11-29 VOTE: Voted Aye: Terminally Ill Adults (End of Life) Bill: Second Reading [--: Voted for assisted dying bill's second reading, directly opposing CitizenGO's stance against assisted dying.]"
"Charlie Maynard (Liberal Democrat, Witney)",,,,,1,,"2025-06-20 VOTE: Voted Aye: Terminally Ill Adults (End of Life) Bill: Third Reading [--: Voted to pass assisted dying bill at Third Reading, directly opposing CitizenGO's stance.] | 2025-06-20 VOTE: Voted Aye: Terminally Ill Adults (End of Life) Bill: Amendment 94 [0: Assisted dying bill amendment; effect unclear from title alone.] | 2025-06-20 VOTE: Voted Aye: Terminally Ill Adults (End of Life) Bill: Amendment 77 [0: Assisted dying bill amendment; effect unclear from title alone.] | 2025-06-20 VOTE: Voted No: Terminally Ill Adults (End of Life) Bill: Amendment 12 [0: Assisted dying bill amendment; effect unclear from title alone.] | 2025-06-20 VOTE: Voted No: Terminally Ill Adults (End of Life) Bill: Amendment 24 [0: Assisted dying bill amendment; effect unclear from title alone.] | 2025-06-20 VOTE: Voted No: Terminally Ill Adults (End of Life) Bill: New Clause 16 [0: Assisted dying bill new clause; effect unclear from title alone.] | 2025-06-13 VOTE: Voted No: Terminally Ill Adults (End of Life) Bill: New Clause 2 [0: Assisted dying bill amendment; effect unclear from title alone.] | 2025-06-13 VOTE: Voted No: Terminally Ill Adults (End of Life) Bill: New Clause 1 [0: New Clause on end of life bill, effect unclear from title alone.] | 2025-06-13 VOTE: Voted No: Terminally Ill Adults (End of Life) Bill: Amendment (b) to New Clause 14 [0: Amendment to end of life bill, effect unclear from title alone.] | 2025-05-16 VOTE: Voted No: Terminally Ill Adults (End of Life) Bill Report Stage: Amendment (a) to New Clause 10 [0: Amendment to end of life bill, effect unclear from title alone.] | 2024-11-29 VOTE: Voted Aye: Terminally Ill Adults (End of Life) Bill: Second Reading [--: Voted for assisted dying bill's second reading, directly opposing CitizenGO's stance against assisted dying.]"
"Charlotte Cane (Liberal Democrat, Ely and East Cambridgeshire)",,,,,1,,"2025-06-20 VOTE: Voted Aye: Terminally Ill Adults (End of Life) Bill: Third Reading [--: Voted to pass assisted dying bill at Third Reading, directly opposing CitizenGO's stance.] | 2025-06-20 VOTE: Voted Aye: Terminally Ill Adults (End of Life) Bill: Amendment 94 [0: Assisted dying bill amendment; effect unclear from title alone.] | 2025-06-20 VOTE: Voted Aye: Terminally Ill Adults (End of Life) Bill: Amendment 77 [0: Assisted dying bill amendment; effect unclear from title alone.] | 2025-06-20 VOTE: Voted No: Terminally Ill Adults (End of Life) Bill: Amendment 12 [0: Assisted dying bill amendment; effect unclear from title alone.] | 2025-06-20 VOTE: Voted No: Terminally Ill Adults (End of Life) Bill: Amendment 24 [0: Assisted dying bill amendment; effect unclear from title alone.] | 2025-06-20 VOTE: Voted No: Terminally Ill Adults (End of Life) Bill: New Clause 16 [0: Assisted dying bill new clause; effect unclear from title alone.] | 2025-06-13 VOTE: Voted Aye: Terminally Ill Adults (End of Life) Bill: New Clause 2 [0: Assisted dying bill amendment; effect unclear from title alone.] | 2025-06-13 VOTE: Voted No: Terminally Ill Adults (End of Life) Bill: New Clause 1 [0: New Clause on end of life bill, effect unclear from title alone.] | 2025-06-13 VOTE: Voted No: Terminally Ill Adults (End of Life) Bill: Amendment (b) to New Clause 14 [0: Amendment to end of life bill, effect unclear from title alone.] | 2025-05-16 VOTE: Voted No: Terminally Ill Adults (End of Life) Bill Report Stage: Amendment (a) to New Clause 10 [0: Amendment to end of life bill, effect unclear from title alone.] | 2024-11-29 VOTE: Voted Aye: Terminally Ill Adults (End of Life) Bill: Second Reading [--: Voted for assisted dying bill's second reading, directly opposing CitizenGO's stance against assisted dying.]"
"Chris Bloore (Labour, Redditch)",,,,,1,,"2025-06-20 VOTE: Voted Aye: Terminally Ill Adults (End of Life) Bill: Third Reading [--: Voted to pass assisted dying bill at Third Reading, directly opposing CitizenGO's stance.] | 2025-06-20 VOTE: Voted Aye: Terminally Ill Adults (End of Life) Bill: Amendment 94 [0: Assisted dying bill amendment; effect unclear from title alone.] | 2025-06-20 VOTE: Voted Aye: Terminally Ill Adults (End of Life) Bill: Amendment 77 [0: Assisted dying bill amendment; effect unclear from title alone.] | 2025-06-20 VOTE: Voted No: Terminally Ill Adults (End of Life) Bill: Amendment 12 [0: Assisted dying bill amendment; effect unclear from title alone.] | 2025-06-20 VOTE: Voted No: Terminally Ill Adults (End of Life) Bill: Amendment 24 [0: Assisted dying bill amendment; effect unclear from title alone.] | 2025-06-20 VOTE: Voted No: Terminally Ill Adults (End of Life) Bill: New Clause 16 [0: Assisted dying bill new clause; effect unclear from title alone.] | 2025-06-13 VOTE: Voted No: Terminally Ill Adults (End of Life) Bill: New Clause 2 [0: Assisted dying bill amendment; effect unclear from title alone.] | 2025-06-13 VOTE: Voted No: Terminally Ill Adults (End of Life) Bill: New Clause 1 [0: New Clause on end of life bill, effect unclear from title alone.] | 2025-06-13 VOTE: Voted No: Terminally Ill Adults (End of Life) Bill: Amendment (b) to New Clause 14 [0: Amendment to end of life bill, effect unclear from title alone.] | 2025-05-16 VOTE: Voted No: Terminally Ill Adults (End of Life) Bill Report Stage: Amendment (a) to New Clause 10 [0: Amendment to end of life bill, effect unclear from title alone.] | 2024-11-29 VOTE: Voted Aye: Terminally Ill Adults (End of Life) Bill: Second Reading [--: Voted for assisted dying bill's second reading, directly opposing CitizenGO's stance against assisted dying.]"
"Chris Elmore (Labour, Bridgend)",,,,,1,,"2025-06-20 VOTE: Voted Aye: Terminally Ill Adults (End of Life) Bill: Third Reading [--: Voted to pass assisted dying bill at Third Reading, directly opposing CitizenGO's stance.] | 2025-06-20 VOTE: Voted Aye: Terminally Ill Adults (End of Life) Bill: Amendment 94 [0: Assisted dying bill amendment; effect unclear from title alone.] | 2025-06-20 VOTE: Voted Aye: Terminally Ill Adults (End of Life) Bill: Amendment 77 [0: Assisted dying bill amendment; effect unclear from title alone.] | 2025-06-20 VOTE: Voted No: Terminally Ill Adults (End of Life) Bill: Amendment 12 [0: Assisted dying bill amendment; effect unclear from title alone.] | 2025-06-20 VOTE: Voted No: Terminally Ill Adults (End of Life) Bill: Amendment 24 [0: Assisted dying bill amendment; effect unclear from title alone.] | 2025-06-20 VOTE: Voted No: Terminally Ill Adults (End of Life) Bill: New Clause 16 [0: Assisted dying bill new clause; effect unclear from title alone.] | 2025-06-13 VOTE: Voted No: Terminally Ill Adults (End of Life) Bill: New Clause 2 [0: Assisted dying bill amendment; effect unclear from title alone.] | 2025-06-13 VOTE: Voted No: Terminally Ill Adults (End of Life) Bill: New Clause 1 [0: New Clause on end of life bill, effect unclear from title alone.] | 2025-06-13 VOTE: Voted No: Terminally Ill Adults (End of Life) Bill: Amendment (b) to New Clause 14 [0: Amendment to end of life bill, effect unclear from title alone.] | 2025-05-16 VOTE: Voted No: Terminally Ill Adults (End of Life) Bill Report Stage: Amendment (a) to New Clause 10 [0: Amendment to end of life bill, effect unclear from title alone.] | 2024-11-29 VOTE: Voted Aye: Terminally Ill Adults (End of Life) Bill: Second Reading [--: Voted for assisted dying bill's second reading, directly opposing CitizenGO's stance against assisted dying.]"
"Chris Kane (Labour, Stirling and Strathallan)",,,,,1,,"2025-06-20 VOTE: Voted Aye: Terminally Ill Adults (End of Life) Bill: Third Reading [--: Voted to pass assisted dying bill at Third Reading, directly opposing CitizenGO's stance.] | 2025-06-20 VOTE: Voted Aye: Terminally Ill Adults (End of Life) Bill: Amendment 94 [0: Assisted dying bill amendment; effect unclear from title alone.] | 2025-06-20 VOTE: Voted Aye: Terminally Ill Adults (End of Life) Bill: Amendment 77 [0: Assisted dying bill amendment; effect unclear from title alone.] | 2025-06-20 VOTE: Voted No: Terminally Ill Adults (End of Life) Bill: Amendment 12 [0: Assisted dying bill amendment; effect unclear from title alone.] | 2025-06-20 VOTE: Voted No: Terminally Ill Adults (End of Life) Bill: Amendment 24 [0: Assisted dying bill amendment; effect unclear from title alone.] | 2025-06-20 VOTE: Voted No: Terminally Ill Adults (End of Life) Bill: New Clause 16 [0: Assisted dying bill new clause; effect unclear from title alone.] | 2025-06-13 VOTE: Voted No: Terminally Ill Adults (End of Life) Bill: New Clause 2 [0: Assisted dying bill amendment; effect unclear from title alone.] | 2025-06-13 VOTE: Voted No: Terminally Ill Adults (End of Life) Bill: New Clause 1 [0: New Clause on end of life bill, effect unclear from title alone.] | 2025-06-13 VOTE: Voted No: Terminally Ill Adults (End of Life) Bill: Amendment (b) to New Clause 14 [0: Amendment to end of life bill, effect unclear from title alone.] | 2025-05-16 VOTE: Voted No: Terminally Ill Adults (End of Life) Bill Report Stage: Amendment (a) to New Clause 10 [0: Amendment to end of life bill, effect unclear from title alone.] | 2024-11-29 VOTE: Voted Aye: Terminally Ill Adults (End of Life) Bill: Second Reading [--: Voted for assisted dying bill's second reading, directly opposing CitizenGO's stance against assisted dying.]"
"Chris Murray (Labour, Edinburgh East and Musselburgh)",,,,,1,,"2025-06-20 VOTE: Voted Aye: Terminally Ill Adults (End of Life) Bill: Third Reading [--: Voted to pass assisted dying bill at Third Reading, directly opposing CitizenGO's stance.] | 2025-06-20 VOTE: Voted Aye: Terminally Ill Adults (End of Life) Bill: Amendment 94 [0: Assisted dying bill amendment; effect unclear from title alone.] | 2025-06-20 VOTE: Voted Aye: Terminally Ill Adults (End of Life) Bill: Amendment 77 [0: Assisted dying bill amendment; effect unclear from title alone.] | 2025-06-20 VOTE: Voted No: Terminally Ill Adults (End of Life) Bill: Amendment 12 [0: Assisted dying bill amendment; effect unclear from title alone.] | 2025-06-20 VOTE: Voted No: Terminally Ill Adults (End of Life) Bill: Amendment 24 [0: Assisted dying bill amendment; effect unclear from title alone.] | 2025-06-20 VOTE: Voted No: Terminally Ill Adults (End of Life) Bill: New Clause 16 [0: Assisted dying bill new clause; effect unclear from title alone.] | 2025-06-13 VOTE: Voted No: Terminally Ill Adults (End of Life) Bill: New Clause 2 [0: Assisted dying bill amendment; effect unclear from title alone.] | 2025-06-13 VOTE: Voted No: Terminally Ill Adults (End of Life) Bill: New Clause 1 [0: New Clause on end of life bill, effect unclear from title alone.] | 2025-06-13 VOTE: Voted No: Terminally Ill Adults (End of Life) Bill: Amendment (b) to New Clause 14 [0: Amendment to end of life bill, effect unclear from title alone.] | 2025-05-16 VOTE: Voted No: Terminally Ill Adults (End of Life) Bill Report Stage: Amendment (a) to New Clause 10 [0: Amendment to end of life bill, effect unclear from title alone.] | 2024-11-29 VOTE: Voted Aye: Terminally Ill Adults (End of Life) Bill: Second Reading [--: Voted for assisted dying bill's second reading, directly opposing CitizenGO's stance against assisted dying.]"
"Chris Philp (Conservative, Croydon South)",,,,,1,,"2025-06-20 VOTE: Voted Aye: Terminally Ill Adults (End of Life) Bill: Third Reading [--: Voted to pass assisted dying bill at Third Reading, directly opposing CitizenGO's stance.] | 2025-06-20 VOTE: Voted Aye: Terminally Ill Adults (End of Life) Bill: Amendment 94 [0: Assisted dying bill amendment; effect unclear from title alone.] | 2025-06-20 VOTE: Voted Aye: Terminally Ill Adults (End of Life) Bill: Amendment 77 [0: Assisted dying bill amendment; effect unclear from title alone.] | 2025-06-20 VOTE: Voted No: Terminally Ill Adults (End of Life) Bill: Amendment 12 [0: Assisted dying bill amendment; effect unclear from title alone.] | 2025-06-20 VOTE: Voted No: Terminally Ill Adults (End of Life) Bill: Amendment 24 [0: Assisted dying bill amendment; effect unclear from title alone.] | 2025-06-20 VOTE: Voted No: Terminally Ill Adults (End of Life) Bill: New Clause 16 [0: Assisted dying bill new clause; effect unclear from title alone.] | 2025-06-13 VOTE: Voted Aye: Terminally Ill Adults (End of Life) Bill: New Clause 2 [0: Assisted dying bill amendment; effect unclear from title alone.] | 2025-06-13 VOTE: Voted No: Terminally Ill Adults (End of Life) Bill: New Clause 1 [0: New Clause on end of life bill, effect unclear from title alone.] | 2025-06-13 VOTE: Voted No: Terminally Ill Adults (End of Life) Bill: Amendment (b) to New Clause 14 [0: Amendment to end of life bill, effect unclear from title alone.] | 2025-05-16 VOTE: Voted No: Terminally Ill Adults (End of Life) Bill Report Stage: Amendment (a) to New Clause 10 [0: Amendment to end of life bill, effect unclear from title alone.] | 2024-11-29 VOTE: Voted Aye: Terminally Ill Adults (End of Life) Bill: Second Reading [--: Voted for assisted dying bill's second reading, directly opposing CitizenGO's stance against assisted dying.]"
"Chris Vince (Labour (Co-op), Harlow)",,,,,1,,"2025-06-20 VOTE: Voted Aye: Terminally Ill Adults (End of Life) Bill: Third Reading [--: Voted to pass assisted dying bill at Third Reading, directly opposing CitizenGO's stance.] | 2025-06-20 VOTE: Voted Aye: Terminally Ill Adults (End of Life) Bill: Amendment 94 [0: Assisted dying bill amendment; effect unclear from title alone.] | 2025-06-20 VOTE: Voted Aye: Terminally Ill Adults (End of Life) Bill: Amendment 77 [0: Assisted dying bill amendment; effect unclear from title alone.] | 2025-06-20 VOTE: Voted No: Terminally Ill Adults (End of Life) Bill: Amendment 12 [0: Assisted dying bill amendment; effect unclear from title alone.] | 2025-06-20 VOTE: Voted No: Terminally Ill Adults (End of Life) Bill: Amendment 24 [0: Assisted dying bill amendment; effect unclear from title alone.] | 2025-06-20 VOTE: Voted No: Terminally Ill Adults (End of Life) Bill: New Clause 16 [0: Assisted dying bill new clause; effect unclear from title alone.] | 2025-06-13 VOTE: Voted No: Terminally Ill Adults (End of Life) Bill: New Clause 2 [0: Assisted dying bill amendment; effect unclear from title alone.] | 2025-06-13 VOTE: Voted No: Terminally Ill Adults (End of Life) Bill: New Clause 1 [0: New Clause on end of life bill, effect unclear from title alone.] | 2025-06-13 VOTE: Voted No: Terminally Ill Adults (End of Life) Bill: Amendment (b) to New Clause 14 [0: Amendment to end of life bill, effect unclear from title alone.] | 2025-05-16 VOTE: Voted No: Terminally Ill Adults (End of Life) Bill Report Stage: Amendment (a) to New Clause 10 [0: Amendment to end of life bill, effect unclear from title alone.] | 2024-11-29 VOTE: Voted Aye: Terminally Ill Adults (End of Life) Bill: Second Reading [--: Voted for assisted dying bill's second reading, directly opposing CitizenGO's stance against assisted dying.]"
"Christian Wakeford (Labour, Bury South)",,,,,1,,"2025-06-20 VOTE: Voted Aye: Terminally Ill Adults (End of Life) Bill: Third Reading [--: Voted to pass assisted dying bill at Third Reading, directly opposing CitizenGO's stance.] | 2025-06-20 VOTE: Voted Aye: Terminally Ill Adults (End of Life) Bill: Amendment 94 [0: Assisted dying bill amendment; effect unclear from title alone.] | 2025-06-20 VOTE: Voted Aye: Terminally Ill Adults (End of Life) Bill: Amendment 77 [0: Assisted dying bill amendment; effect unclear from title alone.] | 2025-06-20 VOTE: Voted No: Terminally Ill Adults (End of Life) Bill: Amendment 12 [0: Assisted dying bill amendment; effect unclear from title alone.] | 2025-06-20 VOTE: Voted No: Terminally Ill Adults (End of Life) Bill: Amendment 24 [0: Assisted dying bill amendment; effect unclear from title alone.] | 2025-06-20 VOTE: Voted No: Terminally Ill Adults (End of Life) Bill: New Clause 16 [0: Assisted dying bill new clause; effect unclear from title alone.] | 2025-06-13 VOTE: Voted No: Terminally Ill Adults (End of Life) Bill: New Clause 2 [0: Assisted dying bill amendment; effect unclear from title alone.] | 2025-06-13 VOTE: Voted No: Terminally Ill Adults (End of Life) Bill: New Clause 1 [0: New Clause on end of life bill, effect unclear from title alone.] | 2025-06-13 VOTE: Voted No: Terminally Ill Adults (End of Life) Bill: Amendment (b) to New Clause 14 [0: Amendment to end of life bill, effect unclear from title alone.] | 2025-05-16 VOTE: Voted No: Terminally Ill Adults (End of Life) Bill Report Stage: Amendment (a) to New Clause 10 [0: Amendment to end of life bill, effect unclear from title alone.] | 2024-11-29 VOTE: Voted Aye: Terminally Ill Adults (End of Life) Bill: Second Reading [--: Voted for assisted dying bill's second reading, directly opposing CitizenGO's stance against assisted dying.]"
"Christine Jardine (Liberal Democrat, Edinburgh West)",,,,,1,,"2025-06-20 VOTE: Voted Aye: Terminally Ill Adults (End of Life) Bill: Third Reading [--: Voted to pass assisted dying bill at Third Reading, directly opposing CitizenGO's stance.] | 2025-06-20 VOTE: Voted Aye: Terminally Ill Adults (End of Life) Bill: Amendment 94 [0: Assisted dying bill amendment; effect unclear from title alone.] | 2025-06-20 VOTE: Voted Aye: Terminally Ill Adults (End of Life) Bill: Amendment 77 [0: Assisted dying bill amendment; effect unclear from title alone.] | 2025-06-20 VOTE: Voted No: Terminally Ill Adults (End of Life) Bill: Amendment 12 [0: Assisted dying bill amendment; effect unclear from title alone.] | 2025-06-20 VOTE: Voted No: Terminally Ill Adults (End of Life) Bill: Amendment 24 [0: Assisted dying bill amendment; effect unclear from title alone.] | 2025-06-20 VOTE: Voted No: Terminally Ill Adults (End of Life) Bill: New Clause 16 [0: Assisted dying bill new clause; effect unclear from title alone.] | 2025-06-13 VOTE: Voted No: Terminally Ill Adults (End of Life) Bill: New Clause 2 [0: Assisted dying bill amendment; effect unclear from title alone.] | 2025-06-13 VOTE: Voted No: Terminally Ill Adults (End of Life) Bill: New Clause 1 [0: New Clause on end of life bill, effect unclear from title alone.] | 2025-06-13 VOTE: Voted No: Terminally Ill Adults (End of Life) Bill: Amendment (b) to New Clause 14 [0: Amendment to end of life bill, effect unclear from title alone.] | 2025-05-16 VOTE: Voted No: Terminally Ill Adults (End of Life) Bill Report Stage: Amendment (a) to New Clause 10 [0: Amendment to end of life bill, effect unclear from title alone.] | 2024-11-29 VOTE: Voted Aye: Terminally Ill Adults (End of Life) Bill: Second Reading [--: Voted for assisted dying bill's second reading, directly opposing CitizenGO's stance against assisted dying.]"
"Claire Hazelgrove (Labour, Filton and Bradley Stoke)",,,,,1,,"2025-06-20 VOTE: Voted Aye: Terminally Ill Adults (End of Life) Bill: Third Reading [--: Voted to pass assisted dying bill at Third Reading, directly opposing CitizenGO's stance.] | 2025-06-20 VOTE: Voted Aye: Terminally Ill Adults (End of Life) Bill: Amendment 94 [0: Assisted dying bill amendment; effect unclear from title alone.] | 2025-06-20 VOTE: Voted Aye: Terminally Ill Adults (End of Life) Bill: Amendment 77 [0: Assisted dying bill amendment; effect unclear from title alone.] | 2025-06-20 VOTE: Voted No: Terminally Ill Adults (End of Life) Bill: Amendment 12 [0: Assisted dying bill amendment; effect unclear from title alone.] | 2025-06-20 VOTE: Voted No: Terminally Ill Adults (End of Life) Bill: Amendment 24 [0: Assisted dying bill amendment; effect unclear from title alone.] | 2025-06-20 VOTE: Voted No: Terminally Ill Adults (End of Life) Bill: New Clause 16 [0: Assisted dying bill new clause; effect unclear from title alone.] | 2025-06-13 VOTE: Voted No: Terminally Ill Adults (End of Life) Bill: New Clause 2 [0: Assisted dying bill amendment; effect unclear from title alone.] | 2025-06-13 VOTE: Voted Aye: Terminally Ill Adults (End of Life) Bill: New Clause 1 [0: New Clause on end of life bill, effect unclear from title alone.] | 2025-06-13 VOTE: Voted No: Terminally Ill Adults (End of Life) Bill: Amendment (b) to New Clause 14 [0: Amendment to end of life bill, effect unclear from title alone.] | 2025-05-16 VOTE: Voted No: Terminally Ill Adults (End of Life) Bill Report Stage: Amendment (a) to New Clause 10 [0: Amendment to end of life bill, effect unclear from title alone.] | 2024-11-29 VOTE: Voted Aye: Terminally Ill Adults (End of Life) Bill: Second Reading [--: Voted for assisted dying bill's second reading, directly opposing CitizenGO's stance against assisted dying.]"
"Claire Hughes (Labour, Bangor Aberconwy)",,,,,1,,"2025-06-20 VOTE: Voted Aye: Terminally Ill Adults (End of Life) Bill: Third Reading [--: Voted to pass assisted dying bill at Third Reading, directly opposing CitizenGO's stance.] | 2025-06-20 VOTE: Voted Aye: Terminally Ill Adults (End of Life) Bill: Amendment 94 [0: Assisted dying bill amendment; effect unclear from title alone.] | 2025-06-20 VOTE: Voted Aye: Terminally Ill Adults (End of Life) Bill: Amendment 77 [0: Assisted dying bill amendment; effect unclear from title alone.] | 2025-06-20 VOTE: Voted No: Terminally Ill Adults (End of Life) Bill: Amendment 12 [0: Assisted dying bill amendment; effect unclear from title alone.] | 2025-06-20 VOTE: Voted No: Terminally Ill Adults (End of Life) Bill: Amendment 24 [0: Assisted dying bill amendment; effect unclear from title alone.] | 2025-06-20 VOTE: Voted No: Terminally Ill Adults (End of Life) Bill: New Clause 16 [0: Assisted dying bill new clause; effect unclear from title alone.] | 2025-06-13 VOTE: Voted No: Terminally Ill Adults (End of Life) Bill: New Clause 2 [0: Assisted dying bill amendment; effect unclear from title alone.] | 2025-06-13 VOTE: Voted No: Terminally Ill Adults (End of Life) Bill: New Clause 1 [0: New Clause on end of life bill, effect unclear from title alone.] | 2025-06-13 VOTE: Voted No: Terminally Ill Adults (End of Life) Bill: Amendment (b) to New Clause 14 [0: Amendment to end of life bill, effect unclear from title alone.] | 2025-05-16 VOTE: Voted No: Terminally Ill Adults (End of Life) Bill Report Stage: Amendment (a) to New Clause 10 [0: Amendment to end of life bill, effect unclear from title alone.] | 2024-11-29 VOTE: Voted Aye: Terminally Ill Adults (End of Life) Bill: Second Reading [--: Voted for assisted dying bill's second reading, directly opposing CitizenGO's stance against assisted dying.]"
"Claire Young (Liberal Democrat, Thornbury and Yate)",,,,,1,,"2025-06-20 VOTE: Voted Aye: Terminally Ill Adults (End of Life) Bill: Third Reading [--: Voted to pass assisted dying bill at Third Reading, directly opposing CitizenGO's stance.] | 2025-06-20 VOTE: Voted Aye: Terminally Ill Adults (End of Life) Bill: Amendment 94 [0: Assisted dying bill amendment; effect unclear from title alone.] | 2025-06-20 VOTE: Voted Aye: Terminally Ill Adults (End of Life) Bill: Amendment 77 [0: Assisted dying bill amendment; effect unclear from title alone.] | 2025-06-20 VOTE: Voted No: Terminally Ill Adults (End of Life) Bill: Amendment 12 [0: Assisted dying bill amendment; effect unclear from title alone.] | 2025-06-20 VOTE: Voted No: Terminally Ill Adults (End of Life) Bill: Amendment 24 [0: Assisted dying bill amendment; effect unclear from title alone.] | 2025-06-20 VOTE: Voted No: Terminally Ill Adults (End of Life) Bill: New Clause 16 [0: Assisted dying bill new clause; effect unclear from title alone.] | 2025-06-13 VOTE: Voted No: Terminally Ill Adults (End of Life) Bill: New Clause 2 [0: Assisted dying bill amendment; effect unclear from title alone.] | 2025-06-13 VOTE: Voted No: Terminally Ill Adults (End of Life) Bill: New Clause 1 [0: New Clause on end of life bill, effect unclear from title alone.] | 2025-06-13 VOTE: Voted No: Terminally Ill Adults (End of Life) Bill: Amendment (b) to New Clause 14 [0: Amendment to end of life bill, effect unclear from title alone.] | 2025-05-16 VOTE: Voted No: Terminally Ill Adults (End of Life) Bill Report Stage: Amendment (a) to New Clause 10 [0: Amendment to end of life bill, effect unclear from title alone.] | 2024-11-29 VOTE: Voted Aye: Terminally Ill Adults (End of Life) Bill: Second Reading [--: Voted for assisted dying bill's second reading, directly opposing CitizenGO's stance against assisted dying.]"
"Clive Jones (Liberal Democrat, Wokingham)",,,,,1,,"2025-06-20 VOTE: Voted Aye: Terminally Ill Adults (End of Life) Bill: Third Reading [--: Voted to pass assisted dying bill at Third Reading, directly opposing CitizenGO's stance.] | 2025-06-20 VOTE: Voted Aye: Terminally Ill Adults (End of Life) Bill: Amendment 94 [0: Assisted dying bill amendment; effect unclear from title alone.] | 2025-06-20 VOTE: Voted Aye: Terminally Ill Adults (End of Life) Bill: Amendment 77 [0: Assisted dying bill amendment; effect unclear from title alone.] | 2025-06-20 VOTE: Voted No: Terminally Ill Adults (End of Life) Bill: Amendment 12 [0: Assisted dying bill amendment; effect unclear from title alone.] | 2025-06-20 VOTE: Voted No: Terminally Ill Adults (End of Life) Bill: Amendment 24 [0: Assisted dying bill amendment; effect unclear from title alone.] | 2025-06-20 VOTE: Voted No: Terminally Ill Adults (End of Life) Bill: New Clause 16 [0: Assisted dying bill new clause; effect unclear from title alone.] | 2025-06-13 VOTE: Voted No: Terminally Ill Adults (End of Life) Bill: New Clause 2 [0: Assisted dying bill amendment; effect unclear from title alone.] | 2025-06-13 VOTE: Voted No: Terminally Ill Adults (End of Life) Bill: New Clause 1 [0: New Clause on end of life bill, effect unclear from title alone.] | 2025-06-13 VOTE: Voted No: Terminally Ill Adults (End of Life) Bill: Amendment (b) to New Clause 14 [0: Amendment to end of life bill, effect unclear from title alone.] | 2025-05-16 VOTE: Voted No: Terminally Ill Adults (End of Life) Bill Report Stage: Amendment (a) to New Clause 10 [0: Amendment to end of life bill, effect unclear from title alone.] | 2024-11-29 VOTE: Voted Aye: Terminally Ill Adults (End of Life) Bill: Second Reading [--: Voted for assisted dying bill's second reading, directly opposing CitizenGO's stance against assisted dying.]"
"Daisy Cooper (Liberal Democrat, St Albans)",,,,,1,,"2025-06-20 VOTE: Voted Aye: Terminally Ill Adults (End of Life) Bill: Third Reading [--: Voted to pass assisted dying bill at Third Reading, directly opposing CitizenGO's stance.] | 2025-06-20 VOTE: Voted Aye: Terminally Ill Adults (End of Life) Bill: Amendment 94 [0: Assisted dying bill amendment; effect unclear from title alone.] | 2025-06-20 VOTE: Voted Aye: Terminally Ill Adults (End of Life) Bill: Amendment 77 [0: Assisted dying bill amendment; effect unclear from title alone.] | 2025-06-20 VOTE: Voted No: Terminally Ill Adults (End of Life) Bill: Amendment 12 [0: Assisted dying bill amendment; effect unclear from title alone.] | 2025-06-20 VOTE: Voted No: Terminally Ill Adults (End of Life) Bill: Amendment 24 [0: Assisted dying bill amendment; effect unclear from title alone.] | 2025-06-20 VOTE: Voted No: Terminally Ill Adults (End of Life) Bill: New Clause 16 [0: Assisted dying bill new clause; effect unclear from title alone.] | 2025-06-13 VOTE: Voted Aye: Terminally Ill Adults (End of Life) Bill: New Clause 2 [0: Assisted dying bill amendment; effect unclear from title alone.] | 2025-06-13 VOTE: Voted No: Terminally Ill Adults (End of Life) Bill: New Clause 1 [0: New Clause on end of life bill, effect unclear from title alone.] | 2025-06-13 VOTE: Voted No: Terminally Ill Adults (End of Life) Bill: Amendment (b) to New Clause 14 [0: Amendment to end of life bill, effect unclear from title alone.] | 2025-05-16 VOTE: Voted No: Terminally Ill Adults (End of Life) Bill Report Stage: Amendment (a) to New Clause 10 [0: Amendment to end of life bill, effect unclear from title alone.] | 2024-11-29 VOTE: Voted Aye: Terminally Ill Adults (End of Life) Bill: Second Reading [--: Voted for assisted dying bill's second reading, directly opposing CitizenGO's stance against assisted dying.]"
"Dame Diana Johnson (Labour, Kingston upon Hull North and Cottingham)",,,,,1,,"2025-06-20 VOTE: Voted Aye: Terminally Ill Adults (End of Life) Bill: Third Reading [--: Voted to pass assisted dying bill at Third Reading, directly opposing CitizenGO's stance.] | 2025-06-20 VOTE: Voted Aye: Terminally Ill Adults (End of Life) Bill: Amendment 94 [0: Assisted dying bill amendment; effect unclear from title alone.] | 2025-06-20 VOTE: Voted Aye: Terminally Ill Adults (End of Life) Bill: Amendment 77 [0: Assisted dying bill amendment; effect unclear from title alone.] | 2025-06-20 VOTE: Voted No: Terminally Ill Adults (End of Life) Bill: Amendment 12 [0: Assisted dying bill amendment; effect unclear from title alone.] | 2025-06-20 VOTE: Voted No: Terminally Ill Adults (End of Life) Bill: Amendment 24 [0: Assisted dying bill amendment; effect unclear from title alone.] | 2025-06-20 VOTE: Voted No: Terminally Ill Adults (End of Life) Bill: New Clause 16 [0: Assisted dying bill new clause; effect unclear from title alone.] | 2025-06-13 VOTE: Voted No: Terminally Ill Adults (End of Life) Bill: New Clause 2 [0: Assisted dying bill amendment; effect unclear from title alone.] | 2025-06-13 VOTE: Voted No: Terminally Ill Adults (End of Life) Bill: New Clause 1 [0: New Clause on end of life bill, effect unclear from title alone.] | 2025-06-13 VOTE: Voted No: Terminally Ill Adults (End of Life) Bill: Amendment (b) to New Clause 14 [0: Amendment to end of life bill, effect unclear from title alone.] | 2025-05-16 VOTE: Voted No: Terminally Ill Adults (End of Life) Bill Report Stage: Amendment (a) to New Clause 10 [0: Amendment to end of life bill, effect unclear from title alone.] | 2024-11-29 VOTE: Voted Aye: Terminally Ill Adults (End of Life) Bill: Second Reading [--: Voted for assisted dying bill's second reading, directly opposing CitizenGO's stance against assisted dying.]"
"Damien Egan (Labour, Bristol North East)",,,,,1,,"2025-06-20 VOTE: Voted Aye: Terminally Ill Adults (End of Life) Bill: Third Reading [--: Voted to pass assisted dying bill at Third Reading, directly opposing CitizenGO's stance.] | 2025-06-20 VOTE: Voted Aye: Terminally Ill Adults (End of Life) Bill: Amendment 94 [0: Assisted dying bill amendment; effect unclear from title alone.] | 2025-06-20 VOTE: Voted Aye: Terminally Ill Adults (End of Life) Bill: Amendment 77 [0: Assisted dying bill amendment; effect unclear from title alone.] | 2025-06-20 VOTE: Voted No: Terminally Ill Adults (End of Life) Bill: Amendment 12 [0: Assisted dying bill amendment; effect unclear from title alone.] | 2025-06-20 VOTE: Voted No: Terminally Ill Adults (End of Life) Bill: Amendment 24 [0: Assisted dying bill amendment; effect unclear from title alone.] | 2025-06-20 VOTE: Voted No: Terminally Ill Adults (End of Life) Bill: New Clause 16 [0: Assisted dying bill new clause; effect unclear from title alone.] | 2025-06-13 VOTE: Voted No: Terminally Ill Adults (End of Life) Bill: New Clause 2 [0: Assisted dying bill amendment; effect unclear from title alone.] | 2025-06-13 VOTE: Voted No: Terminally Ill Adults (End of Life) Bill: New Clause 1 [0: New Clause on end of life bill, effect unclear from title alone.] | 2025-06-13 VOTE: Voted No: Terminally Ill Adults (End of Life) Bill: Amendment (b) to New Clause 14 [0: Amendment to end of life bill, effect unclear from title alone.] | 2025-05-16 VOTE: Voted No: Terminally Ill Adults (End of Life) Bill Report Stage: Amendment (a) to New Clause 10 [0: Amendment to end of life bill, effect unclear from title alone.] | 2024-11-29 VOTE: Voted Aye: Terminally Ill Adults (End of Life) Bill: Second Reading [--: Voted for assisted dying bill's second reading, directly opposing CitizenGO's stance against assisted dying.]"
"Dan Norris (Independent, North East Somerset and Hanham)",,,,,1,,"2025-06-20 VOTE: Voted Aye: Terminally Ill Adults (End of Life) Bill: Third Reading [--: Voted to pass assisted dying bill at Third Reading, directly opposing CitizenGO's stance.] | 2025-06-20 VOTE: Voted Aye: Terminally Ill Adults (End of Life) Bill: Amendment 94 [0: Assisted dying bill amendment; effect unclear from title alone.] | 2025-06-20 VOTE: Voted Aye: Terminally Ill Adults (End of Life) Bill: Amendment 77 [0: Assisted dying bill amendment; effect unclear from title alone.] | 2025-06-20 VOTE: Voted No: Terminally Ill Adults (End of Life) Bill: Amendment 12 [0: Assisted dying bill amendment; effect unclear from title alone.] | 2025-06-20 VOTE: Voted No: Terminally Ill Adults (End of Life) Bill: Amendment 24 [0: Assisted dying bill amendment; effect unclear from title alone.] | 2025-06-20 VOTE: Voted No: Terminally Ill Adults (End of Life) Bill: New Clause 16 [0: Assisted dying bill new clause; effect unclear from title alone.] | 2025-06-13 VOTE: Voted No: Terminally Ill Adults (End of Life) Bill: New Clause 2 [0: Assisted dying bill amendment; effect unclear from title alone.] | 2025-06-13 VOTE: Voted No: Terminally Ill Adults (End of Life) Bill: New Clause 1 [0: New Clause on end of life bill, effect unclear from title alone.] | 2025-06-13 VOTE: Voted No: Terminally Ill Adults (End of Life) Bill: Amendment (b) to New Clause 14 [0: Amendment to end of life bill, effect unclear from title alone.] | 2025-05-16 VOTE: Voted No: Terminally Ill Adults (End of Life) Bill Report Stage: Amendment (a) to New Clause 10 [0: Amendment to end of life bill, effect unclear from title alone.] | 2024-11-29 VOTE: Voted Aye: Terminally Ill Adults (End of Life) Bill: Second Reading [--: Voted for assisted dying bill's second reading, directly opposing CitizenGO's stance against assisted dying.]"
"Danny Beales (Labour, Uxbridge and South Ruislip)",,,,,1,,"2025-06-20 VOTE: Voted Aye: Terminally Ill Adults (End of Life) Bill: Third Reading [--: Voted to pass assisted dying bill at Third Reading, directly opposing CitizenGO's stance.] | 2025-06-20 VOTE: Voted Aye: Terminally Ill Adults (End of Life) Bill: Amendment 94 [0: Assisted dying bill amendment; effect unclear from title alone.] | 2025-06-20 VOTE: Voted Aye: Terminally Ill Adults (End of Life) Bill: Amendment 77 [0: Assisted dying bill amendment; effect unclear from title alone.] | 2025-06-20 VOTE: Voted No: Terminally Ill Adults (End of Life) Bill: Amendment 12 [0: Assisted dying bill amendment; effect unclear from title alone.] | 2025-06-20 VOTE: Voted No: Terminally Ill Adults (End of Life) Bill: Amendment 24 [0: Assisted dying bill amendment; effect unclear from title alone.] | 2025-06-20 VOTE: Voted No: Terminally Ill Adults (End of Life) Bill: New Clause 16 [0: Assisted dying bill new clause; effect unclear from title alone.] | 2025-06-13 VOTE: Voted No: Terminally Ill Adults (End of Life) Bill: New Clause 2 [0: Assisted dying bill amendment; effect unclear from title alone.] | 2025-06-13 VOTE: Voted No: Terminally Ill Adults (End of Life) Bill: New Clause 1 [0: New Clause on end of life bill, effect unclear from title alone.] | 2025-06-13 VOTE: Voted No: Terminally Ill Adults (End of Life) Bill: Amendment (b) to New Clause 14 [0: Amendment to end of life bill, effect unclear from title alone.] | 2025-05-16 VOTE: Voted No: Terminally Ill Adults (End of Life) Bill Report Stage: Amendment (a) to New Clause 10 [0: Amendment to end of life bill, effect unclear from title alone.] | 2024-11-29 VOTE: Voted Aye: Terminally Ill Adults (End of Life) Bill: Second Reading [--: Voted for assisted dying bill's second reading, directly opposing CitizenGO's stance against assisted dying.]"
"Dave Robertson (Labour, Lichfield)",,,,,1,,"2025-06-20 VOTE: Voted Aye: Terminally Ill Adults (End of Life) Bill: Third Reading [--: Voted to pass assisted dying bill at Third Reading, directly opposing CitizenGO's stance.] | 2025-06-20 VOTE: Voted Aye: Terminally Ill Adults (End of Life) Bill: Amendment 94 [0: Assisted dying bill amendment; effect unclear from title alone.] | 2025-06-20 VOTE: Voted Aye: Terminally Ill Adults (End of Life) Bill: Amendment 77 [0: Assisted dying bill amendment; effect unclear from title alone.] | 2025-06-20 VOTE: Voted No: Terminally Ill Adults (End of Life) Bill: Amendment 12 [0: Assisted dying bill amendment; effect unclear from title alone.] | 2025-06-20 VOTE: Voted No: Terminally Ill Adults (End of Life) Bill: Amendment 24 [0: Assisted dying bill amendment; effect unclear from title alone.] | 2025-06-20 VOTE: Voted No: Terminally Ill Adults (End of Life) Bill: New Clause 16 [0: Assisted dying bill new clause; effect unclear from title alone.] | 2025-06-13 VOTE: Voted Aye: Terminally Ill Adults (End of Life) Bill: New Clause 2 [0: Assisted dying bill amendment; effect unclear from title alone.] | 2025-06-13 VOTE: Voted Aye: Terminally Ill Adults (End of Life) Bill: New Clause 1 [0: New Clause on end of life bill, effect unclear from title alone.] | 2025-06-13 VOTE: Voted Aye: Terminally Ill Adults (End of Life) Bill: Amendment (b) to New Clause 14 [0: Amendment to end of life bill, effect unclear from title alone.] | 2025-05-16 VOTE: Voted Aye: Terminally Ill Adults (End of Life) Bill Report Stage: Amendment (a) to New Clause 10 [0: Amendment to end of life bill, effect unclear from title alone.] | 2024-11-29 VOTE: Voted Aye: Terminally Ill Adults (End of Life) Bill: Second Reading [--: Voted for assisted dying bill's second reading, directly opposing CitizenGO's stance against assisted dying.]"
"David Burton-Sampson (Labour, Southend West and Leigh)",,,,,1,,"2025-06-20 VOTE: Voted Aye: Terminally Ill Adults (End of Life) Bill: Third Reading [--: Voted to pass assisted dying bill at Third Reading, directly opposing CitizenGO's stance.] | 2025-06-20 VOTE: Voted Aye: Terminally Ill Adults (End of Life) Bill: Amendment 94 [0: Assisted dying bill amendment; effect unclear from title alone.] | 2025-06-20 VOTE: Voted Aye: Terminally Ill Adults (End of Life) Bill: Amendment 77 [0: Assisted dying bill amendment; effect unclear from title alone.] | 2025-06-20 VOTE: Voted No: Terminally Ill Adults (End of Life) Bill: Amendment 12 [0: Assisted dying bill amendment; effect unclear from title alone.] | 2025-06-20 VOTE: Voted No: Terminally Ill Adults (End of Life) Bill: Amendment 24 [0: Assisted dying bill amendment; effect unclear from title alone.] | 2025-06-20 VOTE: Voted No: Terminally Ill Adults (End of Life) Bill: New Clause 16 [0: Assisted dying bill new clause; effect unclear from title alone.] | 2025-06-13 VOTE: Voted Aye: Terminally Ill Adults (End of Life) Bill: New Clause 2 [0: Assisted dying bill amendment; effect unclear from title alone.] | 2025-06-13 VOTE: Voted No: Terminally Ill Adults (End of Life) Bill: New Clause 1 [0: New Clause on end of life bill, effect unclear from title alone.] | 2025-06-13 VOTE: Voted Aye: Terminally Ill Adults (End of Life) Bill: Amendment (b) to New Clause 14 [0: Amendment to end of life bill, effect unclear from title alone.] | 2025-05-16 VOTE: Voted No: Terminally Ill Adults (End of Life) Bill Report Stage: Amendment (a) to New Clause 10 [0: Amendment to end of life bill, effect unclear from title alone.] | 2024-11-29 VOTE: Voted Aye: Terminally Ill Adults (End of Life) Bill: Second Reading [--: Voted for assisted dying bill's second reading, directly opposing CitizenGO's stance against assisted dying.]"
"David Taylor (Labour, Hemel Hempstead)",,,,,1,,"2025-06-20 VOTE: Voted Aye: Terminally Ill Adults (End of Life) Bill: Third Reading [--: Voted to pass assisted dying bill at Third Reading, directly opposing CitizenGO's stance.] | 2025-06-20 VOTE: Voted Aye: Terminally Ill Adults (End of Life) Bill: Amendment 94 [0: Assisted dying bill amendment; effect unclear from title alone.] | 2025-06-20 VOTE: Voted Aye: Terminally Ill Adults (End of Life) Bill: Amendment 77 [0: Assisted dying bill amendment; effect unclear from title alone.] | 2025-06-20 VOTE: Voted No: Terminally Ill Adults (End of Life) Bill: Amendment 12 [0: Assisted dying bill amendment; effect unclear from title alone.] | 2025-06-20 VOTE: Voted No: Terminally Ill Adults (End of Life) Bill: Amendment 24 [0: Assisted dying bill amendment; effect unclear from title alone.] | 2025-06-20 VOTE: Voted No: Terminally Ill Adults (End of Life) Bill: New Clause 16 [0: Assisted dying bill new clause; effect unclear from title alone.] | 2025-06-13 VOTE: Voted No: Terminally Ill Adults (End of Life) Bill: New Clause 2 [0: Assisted dying bill amendment; effect unclear from title alone.] | 2025-06-13 VOTE: Voted No: Terminally Ill Adults (End of Life) Bill: New Clause 1 [0: New Clause on end of life bill, effect unclear from title alone.] | 2025-06-13 VOTE: Voted No: Terminally Ill Adults (End of Life) Bill: Amendment (b) to New Clause 14 [0: Amendment to end of life bill, effect unclear from title alone.] | 2025-05-16 VOTE: Voted No: Terminally Ill Adults (End of Life) Bill Report Stage: Amendment (a) to New Clause 10 [0: Amendment to end of life bill, effect unclear from title alone.] | 2024-11-29 VOTE: Voted Aye: Terminally Ill Adults (End of Life) Bill: Second Reading [--: Voted for assisted dying bill's second reading, directly opposing CitizenGO's stance against assisted dying.]"
"Deirdre Costigan (Labour, Ealing Southall)",,,,,1,,"2025-06-20 VOTE: Voted Aye: Terminally Ill Adults (End of Life) Bill: Third Reading [--: Voted to pass assisted dying bill at Third Reading, directly opposing CitizenGO's stance.] | 2025-06-20 VOTE: Voted Aye: Terminally Ill Adults (End of Life) Bill: Amendment 94 [0: Assisted dying bill amendment; effect unclear from title alone.] | 2025-06-20 VOTE: Voted Aye: Terminally Ill Adults (End of Life) Bill: Amendment 77 [0: Assisted dying bill amendment; effect unclear from title alone.] | 2025-06-20 VOTE: Voted No: Terminally Ill Adults (End of Life) Bill: Amendment 12 [0: Assisted dying bill amendment; effect unclear from title alone.] | 2025-06-20 VOTE: Voted No: Terminally Ill Adults (End of Life) Bill: Amendment 24 [0: Assisted dying bill amendment; effect unclear from title alone.] | 2025-06-20 VOTE: Voted No: Terminally Ill Adults (End of Life) Bill: New Clause 16 [0: Assisted dying bill new clause; effect unclear from title alone.] | 2025-06-13 VOTE: Voted No: Terminally Ill Adults (End of Life) Bill: New Clause 2 [0: Assisted dying bill amendment; effect unclear from title alone.] | 2025-06-13 VOTE: Voted No: Terminally Ill Adults (End of Life) Bill: New Clause 1 [0: New Clause on end of life bill, effect unclear from title alone.] | 2025-06-13 VOTE: Voted No: Terminally Ill Adults (End of Life) Bill: Amendment (b) to New Clause 14 [0: Amendment to end of life bill, effect unclear from title alone.] | 2025-05-16 VOTE: Voted No: Terminally Ill Adults (End of Life) Bill Report Stage: Amendment (a) to New Clause 10 [0: Amendment to end of life bill, effect unclear from title alone.] | 2024-11-29 VOTE: Voted Aye: Terminally Ill Adults (End of Life) Bill: Second Reading [--: Voted for assisted dying bill's second reading, directly opposing CitizenGO's stance against assisted dying.]"
"Dr Beccy Cooper (Labour, Worthing West)",,,,,1,,"2025-06-20 VOTE: Voted Aye: Terminally Ill Adults (End of Life) Bill: Third Reading [--: Voted to pass assisted dying bill at Third Reading, directly opposing CitizenGO's stance.] | 2025-06-20 VOTE: Voted Aye: Terminally Ill Adults (End of Life) Bill: Amendment 94 [0: Assisted dying bill amendment; effect unclear from title alone.] | 2025-06-20 VOTE: Voted Aye: Terminally Ill Adults (End of Life) Bill: Amendment 77 [0: Assisted dying bill amendment; effect unclear from title alone.] | 2025-06-20 VOTE: Voted No: Terminally Ill Adults (End of Life) Bill: Amendment 12 [0: Assisted dying bill amendment; effect unclear from title alone.] | 2025-06-20 VOTE: Voted No: Terminally Ill Adults (End of Life) Bill: Amendment 24 [0: Assisted dying bill amendment; effect unclear from title alone.] | 2025-06-20 VOTE: Voted No: Terminally Ill Adults (End of Life) Bill: New Clause 16 [0: Assisted dying bill new clause; effect unclear from title alone.] | 2025-06-13 VOTE: Voted No: Terminally Ill Adults (End of Life) Bill: New Clause 2 [0: Assisted dying bill amendment; effect unclear from title alone.] | 2025-06-13 VOTE: Voted No: Terminally Ill Adults (End of Life) Bill: New Clause 1 [0: New Clause on end of life bill, effect unclear from title alone.] | 2025-06-13 VOTE: Voted No: Terminally Ill Adults (End of Life) Bill: Amendment (b) to New Clause 14 [0: Amendment to end of life bill, effect unclear from title alone.] | 2025-05-16 VOTE: Voted No: Terminally Ill Adults (End of Life) Bill Report Stage: Amendment (a) to New Clause 10 [0: Amendment to end of life bill, effect unclear from title alone.] | 2024-11-29 VOTE: Voted Aye: Terminally Ill Adults (End of Life) Bill: Second Reading [--: Voted for assisted dying bill's second reading, directly opposing CitizenGO's stance against assisted dying.]"
"Dr Danny Chambers (Liberal Democrat, Winchester)",,,,,1,,"2025-06-20 VOTE: Voted Aye: Terminally Ill Adults (End of Life) Bill: Third Reading [--: Voted to pass assisted dying bill at Third Reading, directly opposing CitizenGO's stance.] | 2025-06-20 VOTE: Voted Aye: Terminally Ill Adults (End of Life) Bill: Amendment 94 [0: Assisted dying bill amendment; effect unclear from title alone.] | 2025-06-20 VOTE: Voted Aye: Terminally Ill Adults (End of Life) Bill: Amendment 77 [0: Assisted dying bill amendment; effect unclear from title alone.] | 2025-06-20 VOTE: Voted No: Terminally Ill Adults (End of Life) Bill: Amendment 12 [0: Assisted dying bill amendment; effect unclear from title alone.] | 2025-06-20 VOTE: Voted No: Terminally Ill Adults (End of Life) Bill: Amendment 24 [0: Assisted dying bill amendment; effect unclear from title alone.] | 2025-06-20 VOTE: Voted No: Terminally Ill Adults (End of Life) Bill: New Clause 16 [0: Assisted dying bill new clause; effect unclear from title alone.] | 2025-06-13 VOTE: Voted No: Terminally Ill Adults (End of Life) Bill: New Clause 2 [0: Assisted dying bill amendment; effect unclear from title alone.] | 2025-06-13 VOTE: Voted No: Terminally Ill Adults (End of Life) Bill: New Clause 1 [0: New Clause on end of life bill, effect unclear from title alone.] | 2025-06-13 VOTE: Voted Aye: Terminally Ill Adults (End of Life) Bill: Amendment (b) to New Clause 14 [0: Amendment to end of life bill, effect unclear from title alone.] | 2025-05-16 VOTE: Voted No: Terminally Ill Adults (End of Life) Bill Report Stage: Amendment (a) to New Clause 10 [0: Amendment to end of life bill, effect unclear from title alone.] | 2024-11-29 VOTE: Voted Aye: Terminally Ill Adults (End of Life) Bill: Second Reading [--: Voted for assisted dying bill's second reading, directly opposing CitizenGO's stance against assisted dying.]"
"Dr Ellie Chowns (Green Party, North Herefordshire)",,,,,1,,"2025-06-20 VOTE: Voted Aye: Terminally Ill Adults (End of Life) Bill: Third Reading [--: Voted to pass assisted dying bill at Third Reading, directly opposing CitizenGO's stance.] | 2025-06-20 VOTE: Voted Aye: Terminally Ill Adults (End of Life) Bill: Amendment 94 [0: Assisted dying bill amendment; effect unclear from title alone.] | 2025-06-20 VOTE: Voted Aye: Terminally Ill Adults (End of Life) Bill: Amendment 77 [0: Assisted dying bill amendment; effect unclear from title alone.] | 2025-06-20 VOTE: Voted No: Terminally Ill Adults (End of Life) Bill: Amendment 12 [0: Assisted dying bill amendment; effect unclear from title alone.] | 2025-06-20 VOTE: Voted No: Terminally Ill Adults (End of Life) Bill: Amendment 24 [0: Assisted dying bill amendment; effect unclear from title alone.] | 2025-06-20 VOTE: Voted No: Terminally Ill Adults (End of Life) Bill: New Clause 16 [0: Assisted dying bill new clause; effect unclear from title alone.] | 2025-06-13 VOTE: Voted No: Terminally Ill Adults (End of Life) Bill: New Clause 2 [0: Assisted dying bill amendment; effect unclear from title alone.] | 2025-06-13 VOTE: Voted No: Terminally Ill Adults (End of Life) Bill: New Clause 1 [0: New Clause on end of life bill, effect unclear from title alone.] | 2025-06-13 VOTE: Voted No: Terminally Ill Adults (End of Life) Bill: Amendment (b) to New Clause 14 [0: Amendment to end of life bill, effect unclear from title alone.] | 2025-05-16 VOTE: Voted No: Terminally Ill Adults (End of Life) Bill Report Stage: Amendment (a) to New Clause 10 [0: Amendment to end of life bill, effect unclear from title alone.] | 2024-11-29 VOTE: Voted Aye: Terminally Ill Adults (End of Life) Bill: Second Reading [--: Voted for assisted dying bill's second reading, directly opposing CitizenGO's stance against assisted dying.]"
"Dr Jeevun Sandher (Labour, Loughborough)",,,,,1,,"2025-06-20 VOTE: Voted Aye: Terminally Ill Adults (End of Life) Bill: Third Reading [--: Voted to pass assisted dying bill at Third Reading, directly opposing CitizenGO's stance.] | 2025-06-20 VOTE: Voted Aye: Terminally Ill Adults (End of Life) Bill: Amendment 94 [0: Assisted dying bill amendment; effect unclear from title alone.] | 2025-06-20 VOTE: Voted Aye: Terminally Ill Adults (End of Life) Bill: Amendment 77 [0: Assisted dying bill amendment; effect unclear from title alone.] | 2025-06-20 VOTE: Voted No: Terminally Ill Adults (End of Life) Bill: Amendment 12 [0: Assisted dying bill amendment; effect unclear from title alone.] | 2025-06-20 VOTE: Voted No: Terminally Ill Adults (End of Life) Bill: Amendment 24 [0: Assisted dying bill amendment; effect unclear from title alone.] | 2025-06-20 VOTE: Voted No: Terminally Ill Adults (End of Life) Bill: New Clause 16 [0: Assisted dying bill new clause; effect unclear from title alone.] | 2025-06-13 VOTE: Voted No: Terminally Ill Adults (End of Life) Bill: New Clause 2 [0: Assisted dying bill amendment; effect unclear from title alone.] | 2025-06-13 VOTE: Voted No: Terminally Ill Adults (End of Life) Bill: New Clause 1 [0: New Clause on end of life bill, effect unclear from title alone.] | 2025-06-13 VOTE: Voted No: Terminally Ill Adults (End of Life) Bill: Amendment (b) to New Clause 14 [0: Amendment to end of life bill, effect unclear from title alone.] | 2025-05-16 VOTE: Voted No: Terminally Ill Adults (End of Life) Bill Report Stage: Amendment (a) to New Clause 10 [0: Amendment to end of life bill, effect unclear from title alone.] | 2024-11-29 VOTE: Voted Aye: Terminally Ill Adults (End of Life) Bill: Second Reading [--: Voted for assisted dying bill's second reading, directly opposing CitizenGO's stance against assisted dying.]"
"Dr Neil Shastri-Hurst (Conservative, Solihull West and Shirley)",,,,,1,,"2025-06-20 VOTE: Voted Aye: Terminally Ill Adults (End of Life) Bill: Third Reading [--: Voted to pass assisted dying bill at Third Reading, directly opposing CitizenGO's stance.] | 2025-06-20 VOTE: Voted Aye: Terminally Ill Adults (End of Life) Bill: Amendment 94 [0: Assisted dying bill amendment; effect unclear from title alone.] | 2025-06-20 VOTE: Voted Aye: Terminally Ill Adults (End of Life) Bill: Amendment 77 [0: Assisted dying bill amendment; effect unclear from title alone.] | 2025-06-20 VOTE: Voted No: Terminally Ill Adults (End of Life) Bill: Amendment 12 [0: Assisted dying bill amendment; effect unclear from title alone.] | 2025-06-20 VOTE: Voted No: Terminally Ill Adults (End of Life) Bill: Amendment 24 [0: Assisted dying bill amendment; effect unclear from title alone.] | 2025-06-20 VOTE: Voted No: Terminally Ill Adults (End of Life) Bill: New Clause 16 [0: Assisted dying bill new clause; effect unclear from title alone.] | 2025-06-13 VOTE: Voted No: Terminally Ill Adults (End of Life) Bill: New Clause 2 [0: Assisted dying bill amendment; effect unclear from title alone.] | 2025-06-13 VOTE: Voted No: Terminally Ill Adults (End of Life) Bill: New Clause 1 [0: New Clause on end of life bill, effect unclear from title alone.] | 2025-06-13 VOTE: Voted No: Terminally Ill Adults (End of Life) Bill: Amendment (b) to New Clause 14 [0: Amendment to end of life bill, effect unclear from title alone.] | 2025-05-16 VOTE: Voted No: Terminally Ill Adults (End of Life) Bill Report Stage: Amendment (a) to New Clause 10 [0: Amendment to end of life bill, effect unclear from title alone.] | 2024-11-29 VOTE: Voted Aye: Terminally Ill Adults (End of Life) Bill: Second Reading [--: Voted for assisted dying bill's second reading, directly opposing CitizenGO's stance against assisted dying.]"
"Dr Peter Prinsley (Labour, Bury St Edmunds and Stowmarket)",,,,,1,,"2025-06-20 VOTE: Voted Aye: Terminally Ill Adults (End of Life) Bill: Third Reading [--: Voted to pass assisted dying bill at Third Reading, directly opposing CitizenGO's stance.] | 2025-06-20 VOTE: Voted Aye: Terminally Ill Adults (End of Life) Bill: Amendment 94 [0: Assisted dying bill amendment; effect unclear from title alone.] | 2025-06-20 VOTE: Voted Aye: Terminally Ill Adults (End of Life) Bill: Amendment 77 [0: Assisted dying bill amendment; effect unclear from title alone.] | 2025-06-20 VOTE: Voted No: Terminally Ill Adults (End of Life) Bill: Amendment 12 [0: Assisted dying bill amendment; effect unclear from title alone.] | 2025-06-20 VOTE: Voted No: Terminally Ill Adults (End of Life) Bill: Amendment 24 [0: Assisted dying bill amendment; effect unclear from title alone.] | 2025-06-20 VOTE: Voted No: Terminally Ill Adults (End of Life) Bill: New Clause 16 [0: Assisted dying bill new clause; effect unclear from title alone.] | 2025-06-13 VOTE: Voted No: Terminally Ill Adults (End of Life) Bill: New Clause 2 [0: Assisted dying bill amendment; effect unclear from title alone.] | 2025-06-13 VOTE: Voted No: Terminally Ill Adults (End of Life) Bill: New Clause 1 [0: New Clause on end of life bill, effect unclear from title alone.] | 2025-06-13 VOTE: Voted No: Terminally Ill Adults (End of Life) Bill: Amendment (b) to New Clause 14 [0: Amendment to end of life bill, effect unclear from title alone.] | 2025-05-16 VOTE: Voted No: Terminally Ill Adults (End of Life) Bill Report Stage: Amendment (a) to New Clause 10 [0: Amendment to end of life bill, effect unclear from title alone.] | 2024-11-29 VOTE: Voted Aye: Terminally Ill Adults (End of Life) Bill: Second Reading [--: Voted for assisted dying bill's second reading, directly opposing CitizenGO's stance against assisted dying.]"
"Dr Roz Savage (Liberal Democrat, South Cotswolds)",,,,,1,,"2025-06-20 VOTE: Voted Aye: Terminally Ill Adults (End of Life) Bill: Third Reading [--: Voted to pass assisted dying bill at Third Reading, directly opposing CitizenGO's stance.] | 2025-06-20 VOTE: Voted Aye: Terminally Ill Adults (End of Life) Bill: Amendment 94 [0: Assisted dying bill amendment; effect unclear from title alone.] | 2025-06-20 VOTE: Voted Aye: Terminally Ill Adults (End of Life) Bill: Amendment 77 [0: Assisted dying bill amendment; effect unclear from title alone.] | 2025-06-20 VOTE: Voted No: Terminally Ill Adults (End of Life) Bill: Amendment 12 [0: Assisted dying bill amendment; effect unclear from title alone.] | 2025-06-20 VOTE: Voted No: Terminally Ill Adults (End of Life) Bill: Amendment 24 [0: Assisted dying bill amendment; effect unclear from title alone.] | 2025-06-20 VOTE: Voted No: Terminally Ill Adults (End of Life) Bill: New Clause 16 [0: Assisted dying bill new clause; effect unclear from title alone.] | 2025-06-13 VOTE: Voted Aye: Terminally Ill Adults (End of Life) Bill: New Clause 2 [0: Assisted dying bill amendment; effect unclear from title alone.] | 2025-06-13 VOTE: Voted No: Terminally Ill Adults (End of Life) Bill: New Clause 1 [0: New Clause on end of life bill, effect unclear from title alone.] | 2025-06-13 VOTE: Voted No: Terminally Ill Adults (End of Life) Bill: Amendment (b) to New Clause 14 [0: Amendment to end of life bill, effect unclear from title alone.] | 2025-05-16 VOTE: Voted No: Terminally Ill Adults (End of Life) Bill Report Stage: Amendment (a) to New Clause 10 [0: Amendment to end of life bill, effect unclear from title alone.] | 2024-11-29 VOTE: Voted Aye: Terminally Ill Adults (End of Life) Bill: Second Reading [--: Voted for assisted dying bill's second reading, directly opposing CitizenGO's stance against assisted dying.]"
"Dr Simon Opher (Labour, Stroud)",,,,,1,,"2025-06-20 VOTE: Voted Aye: Terminally Ill Adults (End of Life) Bill: Third Reading [--: Voted to pass assisted dying bill at Third Reading, directly opposing CitizenGO's stance.] | 2025-06-20 VOTE: Voted Aye: Terminally Ill Adults (End of Life) Bill: Amendment 94 [0: Assisted dying bill amendment; effect unclear from title alone.] | 2025-06-20 VOTE: Voted Aye: Terminally Ill Adults (End of Life) Bill: Amendment 77 [0: Assisted dying bill amendment; effect unclear from title alone.] | 2025-06-20 VOTE: Voted No: Terminally Ill Adults (End of Life) Bill: Amendment 12 [0: Assisted dying bill amendment; effect unclear from title alone.] | 2025-06-20 VOTE: Voted No: Terminally Ill Adults (End of Life) Bill: Amendment 24 [0: Assisted dying bill amendment; effect unclear from title alone.] | 2025-06-20 VOTE: Voted No: Terminally Ill Adults (End of Life) Bill: New Clause 16 [0: Assisted dying bill new clause; effect unclear from title alone.] | 2025-06-13 VOTE: Voted No: Terminally Ill Adults (End of Life) Bill: New Clause 2 [0: Assisted dying bill amendment; effect unclear from title alone.] | 2025-06-13 VOTE: Voted No: Terminally Ill Adults (End of Life) Bill: New Clause 1 [0: New Clause on end of life bill, effect unclear from title alone.] | 2025-06-13 VOTE: Voted No: Terminally Ill Adults (End of Life) Bill: Amendment (b) to New Clause 14 [0: Amendment to end of life bill, effect unclear from title alone.] | 2025-05-16 VOTE: Voted No: Terminally Ill Adults (End of Life) Bill Report Stage: Amendment (a) to New Clause 10 [0: Amendment to end of life bill, effect unclear from title alone.] | 2024-11-29 VOTE: Voted Aye: Terminally Ill Adults (End of Life) Bill: Second Reading [--: Voted for assisted dying bill's second reading, directly opposing CitizenGO's stance against assisted dying.]"
"Elaine Stewart (Labour, Ayr, Carrick and Cumnock)",,,,,1,,"2025-06-20 VOTE: Voted Aye: Terminally Ill Adults (End of Life) Bill: Third Reading [--: Voted to pass assisted dying bill at Third Reading, directly opposing CitizenGO's stance.] | 2025-06-20 VOTE: Voted Aye: Terminally Ill Adults (End of Life) Bill: Amendment 94 [0: Assisted dying bill amendment; effect unclear from title alone.] | 2025-06-20 VOTE: Voted Aye: Terminally Ill Adults (End of Life) Bill: Amendment 77 [0: Assisted dying bill amendment; effect unclear from title alone.] | 2025-06-20 VOTE: Voted No: Terminally Ill Adults (End of Life) Bill: Amendment 12 [0: Assisted dying bill amendment; effect unclear from title alone.] | 2025-06-20 VOTE: Voted No: Terminally Ill Adults (End of Life) Bill: Amendment 24 [0: Assisted dying bill amendment; effect unclear from title alone.] | 2025-06-20 VOTE: Voted No: Terminally Ill Adults (End of Life) Bill: New Clause 16 [0: Assisted dying bill new clause; effect unclear from title alone.] | 2025-06-13 VOTE: Voted No: Terminally Ill Adults (End of Life) Bill: New Clause 2 [0: Assisted dying bill amendment; effect unclear from title alone.] | 2025-06-13 VOTE: Voted No: Terminally Ill Adults (End of Life) Bill: New Clause 1 [0: New Clause on end of life bill, effect unclear from title alone.] | 2025-06-13 VOTE: Voted No: Terminally Ill Adults (End of Life) Bill: Amendment (b) to New Clause 14 [0: Amendment to end of life bill, effect unclear from title alone.] | 2025-05-16 VOTE: Voted No: Terminally Ill Adults (End of Life) Bill Report Stage: Amendment (a) to New Clause 10 [0: Amendment to end of life bill, effect unclear from title alone.] | 2024-11-29 VOTE: Voted Aye: Terminally Ill Adults (End of Life) Bill: Second Reading [--: Voted for assisted dying bill's second reading, directly opposing CitizenGO's stance against assisted dying.]"
"Emma Foody (Labour (Co-op), Cramlington and Killingworth)",,,,,1,,"2025-06-20 VOTE: Voted Aye: Terminally Ill Adults (End of Life) Bill: Third Reading [--: Voted to pass assisted dying bill at Third Reading, directly opposing CitizenGO's stance.] | 2025-06-20 VOTE: Voted Aye: Terminally Ill Adults (End of Life) Bill: Amendment 94 [0: Assisted dying bill amendment; effect unclear from title alone.] | 2025-06-20 VOTE: Voted Aye: Terminally Ill Adults (End of Life) Bill: Amendment 77 [0: Assisted dying bill amendment; effect unclear from title alone.] | 2025-06-20 VOTE: Voted No: Terminally Ill Adults (End of Life) Bill: Amendment 12 [0: Assisted dying bill amendment; effect unclear from title alone.] | 2025-06-20 VOTE: Voted No: Terminally Ill Adults (End of Life) Bill: Amendment 24 [0: Assisted dying bill amendment; effect unclear from title alone.] | 2025-06-20 VOTE: Voted No: Terminally Ill Adults (End of Life) Bill: New Clause 16 [0: Assisted dying bill new clause; effect unclear from title alone.] | 2025-06-13 VOTE: Voted No: Terminally Ill Adults (End of Life) Bill: New Clause 2 [0: Assisted dying bill amendment; effect unclear from title alone.] | 2025-06-13 VOTE: Voted No: Terminally Ill Adults (End of Life) Bill: New Clause 1 [0: New Clause on end of life bill, effect unclear from title alone.] | 2025-06-13 VOTE: Voted Aye: Terminally Ill Adults (End of Life) Bill: Amendment (b) to New Clause 14 [0: Amendment to end of life bill, effect unclear from title alone.] | 2025-05-16 VOTE: Voted No: Terminally Ill Adults (End of Life) Bill Report Stage: Amendment (a) to New Clause 10 [0: Amendment to end of life bill, effect unclear from title alone.] | 2024-11-29 VOTE: Voted Aye: Terminally Ill Adults (End of Life) Bill: Second Reading [--: Voted for assisted dying bill's second reading, directly opposing CitizenGO's stance against assisted dying.]"
"Emma Reynolds (Labour, Wycombe)",,,,,1,,"2025-06-20 VOTE: Voted Aye: Terminally Ill Adults (End of Life) Bill: Third Reading [--: Voted to pass assisted dying bill at Third Reading, directly opposing CitizenGO's stance.] | 2025-06-20 VOTE: Voted Aye: Terminally Ill Adults (End of Life) Bill: Amendment 94 [0: Assisted dying bill amendment; effect unclear from title alone.] | 2025-06-20 VOTE: Voted Aye: Terminally Ill Adults (End of Life) Bill: Amendment 77 [0: Assisted dying bill amendment; effect unclear from title alone.] | 2025-06-20 VOTE: Voted No: Terminally Ill Adults (End of Life) Bill: Amendment 12 [0: Assisted dying bill amendment; effect unclear from title alone.] | 2025-06-20 VOTE: Voted No: Terminally Ill Adults (End of Life) Bill: Amendment 24 [0: Assisted dying bill amendment; effect unclear from title alone.] | 2025-06-20 VOTE: Voted No: Terminally Ill Adults (End of Life) Bill: New Clause 16 [0: Assisted dying bill new clause; effect unclear from title alone.] | 2025-06-13 VOTE: Voted No: Terminally Ill Adults (End of Life) Bill: New Clause 2 [0: Assisted dying bill amendment; effect unclear from title alone.] | 2025-06-13 VOTE: Voted No: Terminally Ill Adults (End of Life) Bill: New Clause 1 [0: New Clause on end of life bill, effect unclear from title alone.] | 2025-06-13 VOTE: Voted No: Terminally Ill Adults (End of Life) Bill: Amendment (b) to New Clause 14 [0: Amendment to end of life bill, effect unclear from title alone.] | 2025-05-16 VOTE: Voted No: Terminally Ill Adults (End of Life) Bill Report Stage: Amendment (a) to New Clause 10 [0: Amendment to end of life bill, effect unclear from title alone.] | 2024-11-29 VOTE: Voted Aye: Terminally Ill Adults (End of Life) Bill: Second Reading [--: Voted for assisted dying bill's second reading, directly opposing CitizenGO's stance against assisted dying.]"
"Euan Stainbank (Labour, Falkirk)",,,,,1,,"2025-06-20 VOTE: Voted Aye: Terminally Ill Adults (End of Life) Bill: Third Reading [--: Voted to pass assisted dying bill at Third Reading, directly opposing CitizenGO's stance.] | 2025-06-20 VOTE: Voted Aye: Terminally Ill Adults (End of Life) Bill: Amendment 94 [0: Assisted dying bill amendment; effect unclear from title alone.] | 2025-06-20 VOTE: Voted Aye: Terminally Ill Adults (End of Life) Bill: Amendment 77 [0: Assisted dying bill amendment; effect unclear from title alone.] | 2025-06-20 VOTE: Voted No: Terminally Ill Adults (End of Life) Bill: Amendment 12 [0: Assisted dying bill amendment; effect unclear from title alone.] | 2025-06-20 VOTE: Voted No: Terminally Ill Adults (End of Life) Bill: Amendment 24 [0: Assisted dying bill amendment; effect unclear from title alone.] | 2025-06-20 VOTE: Voted No: Terminally Ill Adults (End of Life) Bill: New Clause 16 [0: Assisted dying bill new clause; effect unclear from title alone.] | 2025-06-13 VOTE: Voted Aye: Terminally Ill Adults (End of Life) Bill: New Clause 2 [0: Assisted dying bill amendment; effect unclear from title alone.] | 2025-06-13 VOTE: Voted No: Terminally Ill Adults (End of Life) Bill: New Clause 1 [0: New Clause on end of life bill, effect unclear from title alone.] | 2025-06-13 VOTE: Voted No: Terminally Ill Adults (End of Life) Bill: Amendment (b) to New Clause 14 [0: Amendment to end of life bill, effect unclear from title alone.] | 2025-05-16 VOTE: Voted No: Terminally Ill Adults (End of Life) Bill Report Stage: Amendment (a) to New Clause 10 [0: Amendment to end of life bill, effect unclear from title alone.] | 2024-11-29 VOTE: Voted Aye: Terminally Ill Adults (End of Life) Bill: Second Reading [--: Voted for assisted dying bill's second reading, directly opposing CitizenGO's stance against assisted dying.]"
"Freddie van Mierlo (Liberal Democrat, Henley and Thame)",,,,,1,,"2025-06-20 VOTE: Voted Aye: Terminally Ill Adults (End of Life) Bill: Third Reading [--: Voted to pass assisted dying bill at Third Reading, directly opposing CitizenGO's stance.] | 2025-06-20 VOTE: Voted Aye: Terminally Ill Adults (End of Life) Bill: Amendment 94 [0: Assisted dying bill amendment; effect unclear from title alone.] | 2025-06-20 VOTE: Voted Aye: Terminally Ill Adults (End of Life) Bill: Amendment 77 [0: Assisted dying bill amendment; effect unclear from title alone.] | 2025-06-20 VOTE: Voted No: Terminally Ill Adults (End of Life) Bill: Amendment 12 [0: Assisted dying bill amendment; effect unclear from title alone.] | 2025-06-20 VOTE: Voted No: Terminally Ill Adults (End of Life) Bill: Amendment 24 [0: Assisted dying bill amendment; effect unclear from title alone.] | 2025-06-20 VOTE: Voted No: Terminally Ill Adults (End of Life) Bill: New Clause 16 [0: Assisted dying bill new clause; effect unclear from title alone.] | 2025-06-13 VOTE: Voted No: Terminally Ill Adults (End of Life) Bill: New Clause 2 [0: Assisted dying bill amendment; effect unclear from title alone.] | 2025-06-13 VOTE: Voted No: Terminally Ill Adults (End of Life) Bill: New Clause 1 [0: New Clause on end of life bill, effect unclear from title alone.] | 2025-06-13 VOTE: Voted No: Terminally Ill Adults (End of Life) Bill: Amendment (b) to New Clause 14 [0: Amendment to end of life bill, effect unclear from title alone.] | 2025-05-16 VOTE: Voted No: Terminally Ill Adults (End of Life) Bill Report Stage: Amendment (a) to New Clause 10 [0: Amendment to end of life bill, effect unclear from title alone.] | 2024-11-29 VOTE: Voted Aye: Terminally Ill Adults (End of Life) Bill: Second Reading [--: Voted for assisted dying bill's second reading, directly opposing CitizenGO's stance against assisted dying.]"
"Gen Kitchen (Labour, Wellingborough and Rushden)",,,,,1,,"2025-06-20 VOTE: Voted Aye: Terminally Ill Adults (End of Life) Bill: Third Reading [--: Voted to pass assisted dying bill at Third Reading, directly opposing CitizenGO's stance.] | 2025-06-20 VOTE: Voted Aye: Terminally Ill Adults (End of Life) Bill: Amendment 94 [0: Assisted dying bill amendment; effect unclear from title alone.] | 2025-06-20 VOTE: Voted Aye: Terminally Ill Adults (End of Life) Bill: Amendment 77 [0: Assisted dying bill amendment; effect unclear from title alone.] | 2025-06-20 VOTE: Voted No: Terminally Ill Adults (End of Life) Bill: Amendment 12 [0: Assisted dying bill amendment; effect unclear from title alone.] | 2025-06-20 VOTE: Voted No: Terminally Ill Adults (End of Life) Bill: Amendment 24 [0: Assisted dying bill amendment; effect unclear from title alone.] | 2025-06-20 VOTE: Voted No: Terminally Ill Adults (End of Life) Bill: New Clause 16 [0: Assisted dying bill new clause; effect unclear from title alone.] | 2025-06-13 VOTE: Voted No: Terminally Ill Adults (End of Life) Bill: New Clause 2 [0: Assisted dying bill amendment; effect unclear from title alone.] | 2025-06-13 VOTE: Voted No: Terminally Ill Adults (End of Life) Bill: New Clause 1 [0: New Clause on end of life bill, effect unclear from title alone.] | 2025-06-13 VOTE: Voted No: Terminally Ill Adults (End of Life) Bill: Amendment (b) to New Clause 14 [0: Amendment to end of life bill, effect unclear from title alone.] | 2025-05-16 VOTE: Voted No: Terminally Ill Adults (End of Life) Bill Report Stage: Amendment (a) to New Clause 10 [0: Amendment to end of life bill, effect unclear from title alone.] | 2024-11-29 VOTE: Voted Aye: Terminally Ill Adults (End of Life) Bill: Second Reading [--: Voted for assisted dying bill's second reading, directly opposing CitizenGO's stance against assisted dying.]"
"Georgia Gould (Labour, Queen's Park and Maida Vale)",,,,,1,,"2025-06-20 VOTE: Voted Aye: Terminally Ill Adults (End of Life) Bill: Third Reading [--: Voted to pass assisted dying bill at Third Reading, directly opposing CitizenGO's stance.] | 2025-06-20 VOTE: Voted Aye: Terminally Ill Adults (End of Life) Bill: Amendment 94 [0: Assisted dying bill amendment; effect unclear from title alone.] | 2025-06-20 VOTE: Voted Aye: Terminally Ill Adults (End of Life) Bill: Amendment 77 [0: Assisted dying bill amendment; effect unclear from title alone.] | 2025-06-20 VOTE: Voted No: Terminally Ill Adults (End of Life) Bill: Amendment 12 [0: Assisted dying bill amendment; effect unclear from title alone.] | 2025-06-20 VOTE: Voted No: Terminally Ill Adults (End of Life) Bill: Amendment 24 [0: Assisted dying bill amendment; effect unclear from title alone.] | 2025-06-20 VOTE: Voted No: Terminally Ill Adults (End of Life) Bill: New Clause 16 [0: Assisted dying bill new clause; effect unclear from title alone.] | 2025-06-13 VOTE: Voted No: Terminally Ill Adults (End of Life) Bill: New Clause 2 [0: Assisted dying bill amendment; effect unclear from title alone.] | 2025-06-13 VOTE: Voted No: Terminally Ill Adults (End of Life) Bill: New Clause 1 [0: New Clause on end of life bill, effect unclear from title alone.] | 2025-06-13 VOTE: Voted No: Terminally Ill Adults (End of Life) Bill: Amendment (b) to New Clause 14 [0: Amendment to end of life bill, effect unclear from title alone.] | 2025-05-16 VOTE: Voted No: Terminally Ill Adults (End of Life) Bill Report Stage: Amendment (a) to New Clause 10 [0: Amendment to end of life bill, effect unclear from title alone.] | 2024-11-29 VOTE: Voted Aye: Terminally Ill Adults (End of Life) Bill: Second Reading [--: Voted for assisted dying bill's second reading, directly opposing CitizenGO's stance against assisted dying.]"
"Gerald Jones (Labour, Merthyr Tydfil and Aberdare)",,,,,1,,"2025-06-20 VOTE: Voted Aye: Terminally Ill Adults (End of Life) Bill: Third Reading [--: Voted to pass assisted dying bill at Third Reading, directly opposing CitizenGO's stance.] | 2025-06-20 VOTE: Voted Aye: Terminally Ill Adults (End of Life) Bill: Amendment 94 [0: Assisted dying bill amendment; effect unclear from title alone.] | 2025-06-20 VOTE: Voted Aye: Terminally Ill Adults (End of Life) Bill: Amendment 77 [0: Assisted dying bill amendment; effect unclear from title alone.] | 2025-06-20 VOTE: Voted No: Terminally Ill Adults (End of Life) Bill: Amendment 12 [0: Assisted dying bill amendment; effect unclear from title alone.] | 2025-06-20 VOTE: Voted No: Terminally Ill Adults (End of Life) Bill: Amendment 24 [0: Assisted dying bill amendment; effect unclear from title alone.] | 2025-06-20 VOTE: Voted No: Terminally Ill Adults (End of Life) Bill: New Clause 16 [0: Assisted dying bill new clause; effect unclear from title alone.] | 2025-06-13 VOTE: Voted No: Terminally Ill Adults (End of Life) Bill: New Clause 2 [0: Assisted dying bill amendment; effect unclear from title alone.] | 2025-06-13 VOTE: Voted No: Terminally Ill Adults (End of Life) Bill: New Clause 1 [0: New Clause on end of life bill, effect unclear from title alone.] | 2025-06-13 VOTE: Voted No: Terminally Ill Adults (End of Life) Bill: Amendment (b) to New Clause 14 [0: Amendment to end of life bill, effect unclear from title alone.] | 2025-05-16 VOTE: Voted No: Terminally Ill Adults (End of Life) Bill Report Stage: Amendment (a) to New Clause 10 [0: Amendment to end of life bill, effect unclear from title alone.] | 2024-11-29 VOTE: Voted Aye: Terminally Ill Adults (End of Life) Bill: Second Reading [--: Voted for assisted dying bill's second reading, directly opposing CitizenGO's stance against assisted dying.]"
"Gill German (Labour, Clwyd North)",,,,,1,,"2025-06-20 VOTE: Voted Aye: Terminally Ill Adults (End of Life) Bill: Third Reading [--: Voted to pass assisted dying bill at Third Reading, directly opposing CitizenGO's stance.] | 2025-06-20 VOTE: Voted Aye: Terminally Ill Adults (End of Life) Bill: Amendment 94 [0: Assisted dying bill amendment; effect unclear from title alone.] | 2025-06-20 VOTE: Voted Aye: Terminally Ill Adults (End of Life) Bill: Amendment 77 [0: Assisted dying bill amendment; effect unclear from title alone.] | 2025-06-20 VOTE: Voted No: Terminally Ill Adults (End of Life) Bill: Amendment 12 [0: Assisted dying bill amendment; effect unclear from title alone.] | 2025-06-20 VOTE: Voted No: Terminally Ill Adults (End of Life) Bill: Amendment 24 [0: Assisted dying bill amendment; effect unclear from title alone.] | 2025-06-20 VOTE: Voted No: Terminally Ill Adults (End of Life) Bill: New Clause 16 [0: Assisted dying bill new clause; effect unclear from title alone.] | 2025-06-13 VOTE: Voted No: Terminally Ill Adults (End of Life) Bill: New Clause 2 [0: Assisted dying bill amendment; effect unclear from title alone.] | 2025-06-13 VOTE: Voted No: Terminally Ill Adults (End of Life) Bill: New Clause 1 [0: New Clause on end of life bill, effect unclear from title alone.] | 2025-06-13 VOTE: Voted No: Terminally Ill Adults (End of Life) Bill: Amendment (b) to New Clause 14 [0: Amendment to end of life bill, effect unclear from title alone.] | 2025-05-16 VOTE: Voted No: Terminally Ill Adults (End of Life) Bill Report Stage: Amendment (a) to New Clause 10 [0: Amendment to end of life bill, effect unclear from title alone.] | 2024-11-29 VOTE: Voted Aye: Terminally Ill Adults (End of Life) Bill: Second Reading [--: Voted for assisted dying bill's second reading, directly opposing CitizenGO's stance against assisted dying.]"
"Graeme Downie (Labour, Dunfermline and Dollar)",,,,,1,,"2025-06-20 VOTE: Voted Aye: Terminally Ill Adults (End of Life) Bill: Third Reading [--: Voted to pass assisted dying bill at Third Reading, directly opposing CitizenGO's stance.] | 2025-06-20 VOTE: Voted Aye: Terminally Ill Adults (End of Life) Bill: Amendment 94 [0: Assisted dying bill amendment; effect unclear from title alone.] | 2025-06-20 VOTE: Voted Aye: Terminally Ill Adults (End of Life) Bill: Amendment 77 [0: Assisted dying bill amendment; effect unclear from title alone.] | 2025-06-20 VOTE: Voted No: Terminally Ill Adults (End of Life) Bill: Amendment 12 [0: Assisted dying bill amendment; effect unclear from title alone.] | 2025-06-20 VOTE: Voted No: Terminally Ill Adults (End of Life) Bill: Amendment 24 [0: Assisted dying bill amendment; effect unclear from title alone.] | 2025-06-20 VOTE: Voted No: Terminally Ill Adults (End of Life) Bill: New Clause 16 [0: Assisted dying bill new clause; effect unclear from title alone.] | 2025-06-13 VOTE: Voted No: Terminally Ill Adults (End of Life) Bill: New Clause 2 [0: Assisted dying bill amendment; effect unclear from title alone.] | 2025-06-13 VOTE: Voted No: Terminally Ill Adults (End of Life) Bill: New Clause 1 [0: New Clause on end of life bill, effect unclear from title alone.] | 2025-06-13 VOTE: Voted No: Terminally Ill Adults (End of Life) Bill: Amendment (b) to New Clause 14 [0: Amendment to end of life bill, effect unclear from title alone.] | 2025-05-16 VOTE: Voted No: Terminally Ill Adults (End of Life) Bill Report Stage: Amendment (a) to New Clause 10 [0: Amendment to end of life bill, effect unclear from title alone.] | 2024-11-29 VOTE: Voted Aye: Terminally Ill Adults (End of Life) Bill: Second Reading [--: Voted for assisted dying bill's second reading, directly opposing CitizenGO's stance against assisted dying.]"
"Henry Tufnell (Labour, Mid and South Pembrokeshire)",,,,,1,,"2025-06-20 VOTE: Voted Aye: Terminally Ill Adults (End of Life) Bill: Third Reading [--: Voted to pass assisted dying bill at Third Reading, directly opposing CitizenGO's stance.] | 2025-06-20 VOTE: Voted Aye: Terminally Ill Adults (End of Life) Bill: Amendment 94 [0: Assisted dying bill amendment; effect unclear from title alone.] | 2025-06-20 VOTE: Voted Aye: Terminally Ill Adults (End of Life) Bill: Amendment 77 [0: Assisted dying bill amendment; effect unclear from title alone.] | 2025-06-20 VOTE: Voted No: Terminally Ill Adults (End of Life) Bill: Amendment 12 [0: Assisted dying bill amendment; effect unclear from title alone.] | 2025-06-20 VOTE: Voted No: Terminally Ill Adults (End of Life) Bill: Amendment 24 [0: Assisted dying bill amendment; effect unclear from title alone.] | 2025-06-20 VOTE: Voted No: Terminally Ill Adults (End of Life) Bill: New Clause 16 [0: Assisted dying bill new clause; effect unclear from title alone.] | 2025-06-13 VOTE: Voted No: Terminally Ill Adults (End of Life) Bill: New Clause 2 [0: Assisted dying bill amendment; effect unclear from title alone.] | 2025-06-13 VOTE: Voted No: Terminally Ill Adults (End of Life) Bill: New Clause 1 [0: New Clause on end of life bill, effect unclear from title alone.] | 2025-06-13 VOTE: Voted No: Terminally Ill Adults (End of Life) Bill: Amendment (b) to New Clause 14 [0: Amendment to end of life bill, effect unclear from title alone.] | 2025-05-16 VOTE: Voted No: Terminally Ill Adults (End of Life) Bill Report Stage: Amendment (a) to New Clause 10 [0: Amendment to end of life bill, effect unclear from title alone.] | 2024-11-29 VOTE: Voted Aye: Terminally Ill Adults (End of Life) Bill: Second Reading [--: Voted for assisted dying bill's second reading, directly opposing CitizenGO's stance against assisted dying.]"
"Ian Roome (Liberal Democrat, North Devon)",,,,,1,,"2025-06-20 VOTE: Voted Aye: Terminally Ill Adults (End of Life) Bill: Third Reading [--: Voted to pass assisted dying bill at Third Reading, directly opposing CitizenGO's stance.] | 2025-06-20 VOTE: Voted Aye: Terminally Ill Adults (End of Life) Bill: Amendment 94 [0: Assisted dying bill amendment; effect unclear from title alone.] | 2025-06-20 VOTE: Voted Aye: Terminally Ill Adults (End of Life) Bill: Amendment 77 [0: Assisted dying bill amendment; effect unclear from title alone.] | 2025-06-20 VOTE: Voted No: Terminally Ill Adults (End of Life) Bill: Amendment 12 [0: Assisted dying bill amendment; effect unclear from title alone.] | 2025-06-20 VOTE: Voted No: Terminally Ill Adults (End of Life) Bill: Amendment 24 [0: Assisted dying bill amendment; effect unclear from title alone.] | 2025-06-20 VOTE: Voted No: Terminally Ill Adults (End of Life) Bill: New Clause 16 [0: Assisted dying bill new clause; effect unclear from title alone.] | 2025-06-13 VOTE: Voted No: Terminally Ill Adults (End of Life) Bill: New Clause 2 [0: Assisted dying bill amendment; effect unclear from title alone.] | 2025-06-13 VOTE: Voted No: Terminally Ill Adults (End of Life) Bill: New Clause 1 [0: New Clause on end of life bill, effect unclear from title alone.] | 2025-06-13 VOTE: Voted No: Terminally Ill Adults (End of Life) Bill: Amendment (b) to New Clause 14 [0: Amendment to end of life bill, effect unclear from title alone.] | 2025-05-16 VOTE: Voted No: Terminally Ill Adults (End of Life) Bill Report Stage: Amendment (a) to New Clause 10 [0: Amendment to end of life bill, effect unclear from title alone.] | 2024-11-29 VOTE: Voted Aye: Terminally Ill Adults (End of Life) Bill: Second Reading [--: Voted for assisted dying bill's second reading, directly opposing CitizenGO's stance against assisted dying.]"
"Ian Sollom (Liberal Democrat, St Neots and Mid Cambridgeshire)",,,,,1,,"2025-06-20 VOTE: Voted Aye: Terminally Ill Adults (End of Life) Bill: Third Reading [--: Voted to pass assisted dying bill at Third Reading, directly opposing CitizenGO's stance.] | 2025-06-20 VOTE: Voted Aye: Terminally Ill Adults (End of Life) Bill: Amendment 94 [0: Assisted dying bill amendment; effect unclear from title alone.] | 2025-06-20 VOTE: Voted Aye: Terminally Ill Adults (End of Life) Bill: Amendment 77 [0: Assisted dying bill amendment; effect unclear from title alone.] | 2025-06-20 VOTE: Voted No: Terminally Ill Adults (End of Life) Bill: Amendment 12 [0: Assisted dying bill amendment; effect unclear from title alone.] | 2025-06-20 VOTE: Voted No: Terminally Ill Adults (End of Life) Bill: Amendment 24 [0: Assisted dying bill amendment; effect unclear from title alone.] | 2025-06-20 VOTE: Voted No: Terminally Ill Adults (End of Life) Bill: New Clause 16 [0: Assisted dying bill new clause; effect unclear from title alone.] | 2025-06-13 VOTE: Voted No: Terminally Ill Adults (End of Life) Bill: New Clause 2 [0: Assisted dying bill amendment; effect unclear from title alone.] | 2025-06-13 VOTE: Voted No: Terminally Ill Adults (End of Life) Bill: New Clause 1 [0: New Clause on end of life bill, effect unclear from title alone.] | 2025-06-13 VOTE: Voted No: Terminally Ill Adults (End of Life) Bill: Amendment (b) to New Clause 14 [0: Amendment to end of life bill, effect unclear from title alone.] | 2025-05-16 VOTE: Voted No: Terminally Ill Adults (End of Life) Bill Report Stage: Amendment (a) to New Clause 10 [0: Amendment to end of life bill, effect unclear from title alone.] | 2024-11-29 VOTE: Voted Aye: Terminally Ill Adults (End of Life) Bill: Second Reading [--: Voted for assisted dying bill's second reading, directly opposing CitizenGO's stance against assisted dying.]"
"Irene Campbell (Labour, North Ayrshire and Arran)",,,,,1,,"2025-06-20 VOTE: Voted Aye: Terminally Ill Adults (End of Life) Bill: Third Reading [--: Voted to pass assisted dying bill at Third Reading, directly opposing CitizenGO's stance.] | 2025-06-20 VOTE: Voted Aye: Terminally Ill Adults (End of Life) Bill: Amendment 94 [0: Assisted dying bill amendment; effect unclear from title alone.] | 2025-06-20 VOTE: Voted Aye: Terminally Ill Adults (End of Life) Bill: Amendment 77 [0: Assisted dying bill amendment; effect unclear from title alone.] | 2025-06-20 VOTE: Voted No: Terminally Ill Adults (End of Life) Bill: Amendment 12 [0: Assisted dying bill amendment; effect unclear from title alone.] | 2025-06-20 VOTE: Voted No: Terminally Ill Adults (End of Life) Bill: Amendment 24 [0: Assisted dying bill amendment; effect unclear from title alone.] | 2025-06-20 VOTE: Voted No: Terminally Ill Adults (End of Life) Bill: New Clause 16 [0: Assisted dying bill new clause; effect unclear from title alone.] | 2025-06-13 VOTE: Voted No: Terminally Ill Adults (End of Life) Bill: New Clause 2 [0: Assisted dying bill amendment; effect unclear from title alone.] | 2025-06-13 VOTE: Voted No: Terminally Ill Adults (End of Life) Bill: New Clause 1 [0: New Clause on end of life bill, effect unclear from title alone.] | 2025-06-13 VOTE: Voted No: Terminally Ill Adults (End of Life) Bill: Amendment (b) to New Clause 14 [0: Amendment to end of life bill, effect unclear from title alone.] | 2025-05-16 VOTE: Voted No: Terminally Ill Adults (End of Life) Bill Report Stage: Amendment (a) to New Clause 10 [0: Amendment to end of life bill, effect unclear from title alone.] | 2024-11-29 VOTE: Voted Aye: Terminally Ill Adults (End of Life) Bill: Second Reading [--: Voted for assisted dying bill's second reading, directly opposing CitizenGO's stance against assisted dying.]"
"Jack Abbott (Labour (Co-op), Ipswich)",,,,,1,,"CONFLICTING SIGNALS - review all evidence | 2025-06-20 VOTE: Voted Aye: Terminally Ill Adults (End of Life) Bill: Third Reading [--: Voted to pass assisted dying bill at Third Reading, directly opposing CitizenGO's stance.] | 2025-06-20 VOTE: Voted Aye: Terminally Ill Adults (End of Life) Bill: Amendment 94 [0: Assisted dying bill amendment; effect unclear from title alone.] | 2025-06-20 VOTE: Voted Aye: Terminally Ill Adults (End of Life) Bill: Amendment 77 [0: Assisted dying bill amendment; effect unclear from title alone.] | 2025-06-20 VOTE: Voted No: Terminally Ill Adults (End of Life) Bill: Amendment 12 [0: Assisted dying bill amendment; effect unclear from title alone.] | 2025-06-20 VOTE: Voted No: Terminally Ill Adults (End of Life) Bill: Amendment 24 [0: Assisted dying bill amendment; effect unclear from title alone.] | 2025-06-20 VOTE: Voted No: Terminally Ill Adults (End of Life) Bill: New Clause 16 [0: Assisted dying bill new clause; effect unclear from title alone.] | 2025-06-13 VOTE: Voted Aye: Terminally Ill Adults (End of Life) Bill: New Clause 2 [0: Assisted dying bill amendment; effect unclear from title alone.] | 2025-06-13 VOTE: Voted No: Terminally Ill Adults (End of Life) Bill: New Clause 1 [0: New Clause on end of life bill, effect unclear from title alone.] | 2025-06-13 VOTE: Voted No: Terminally Ill Adults (End of Life) Bill: Amendment (b) to New Clause 14 [0: Amendment to end of life bill, effect unclear from title alone.] | 2025-05-16 VOTE: Voted No: Terminally Ill Adults (End of Life) Bill Report Stage: Amendment (a) to New Clause 10 [0: Amendment to end of life bill, effect unclear from title alone.] | 2024-11-29 VOTE: Voted No: Terminally Ill Adults (End of Life) Bill: Second Reading [++: Voted against assisted dying bill's second reading, aligning with opposition to assisted dying.]"
"James MacCleary (Liberal Democrat, Lewes)",,,,,1,,"2025-06-20 VOTE: Voted Aye: Terminally Ill Adults (End of Life) Bill: Third Reading [--: Voted to pass assisted dying bill at Third Reading, directly opposing CitizenGO's stance.] | 2025-06-20 VOTE: Voted Aye: Terminally Ill Adults (End of Life) Bill: Amendment 94 [0: Assisted dying bill amendment; effect unclear from title alone.] | 2025-06-20 VOTE: Voted Aye: Terminally Ill Adults (End of Life) Bill: Amendment 77 [0: Assisted dying bill amendment; effect unclear from title alone.] | 2025-06-20 VOTE: Voted No: Terminally Ill Adults (End of Life) Bill: Amendment 12 [0: Assisted dying bill amendment; effect unclear from title alone.] | 2025-06-20 VOTE: Voted No: Terminally Ill Adults (End of Life) Bill: Amendment 24 [0: Assisted dying bill amendment; effect unclear from title alone.] | 2025-06-20 VOTE: Voted No: Terminally Ill Adults (End of Life) Bill: New Clause 16 [0: Assisted dying bill new clause; effect unclear from title alone.] | 2025-06-13 VOTE: Voted No: Terminally Ill Adults (End of Life) Bill: New Clause 2 [0: Assisted dying bill amendment; effect unclear from title alone.] | 2025-06-13 VOTE: Voted No: Terminally Ill Adults (End of Life) Bill: New Clause 1 [0: New Clause on end of life bill, effect unclear from title alone.] | 2025-06-13 VOTE: Voted No: Terminally Ill Adults (End of Life) Bill: Amendment (b) to New Clause 14 [0: Amendment to end of life bill, effect unclear from title alone.] | 2025-05-16 VOTE: Voted No: Terminally Ill Adults (End of Life) Bill Report Stage: Amendment (a) to New Clause 10 [0: Amendment to end of life bill, effect unclear from title alone.] | 2024-11-29 VOTE: Voted Aye: Terminally Ill Adults (End of Life) Bill: Second Reading [--: Voted for assisted dying bill's second reading, directly opposing CitizenGO's stance against assisted dying.]"
"James Murray (Labour (Co-op), Ealing North)",,,,,1,,"2025-06-20 VOTE: Voted Aye: Terminally Ill Adults (End of Life) Bill: Third Reading [--: Voted to pass assisted dying bill at Third Reading, directly opposing CitizenGO's stance.] | 2025-06-20 VOTE: Voted Aye: Terminally Ill Adults (End of Life) Bill: Amendment 94 [0: Assisted dying bill amendment; effect unclear from title alone.] | 2025-06-20 VOTE: Voted Aye: Terminally Ill Adults (End of Life) Bill: Amendment 77 [0: Assisted dying bill amendment; effect unclear from title alone.] | 2025-06-20 VOTE: Voted No: Terminally Ill Adults (End of Life) Bill: Amendment 12 [0: Assisted dying bill amendment; effect unclear from title alone.] | 2025-06-20 VOTE: Voted No: Terminally Ill Adults (End of Life) Bill: Amendment 24 [0: Assisted dying bill amendment; effect unclear from title alone.] | 2025-06-20 VOTE: Voted No: Terminally Ill Adults (End of Life) Bill: New Clause 16 [0: Assisted dying bill new clause; effect unclear from title alone.] | 2025-06-13 VOTE: Voted No: Terminally Ill Adults (End of Life) Bill: New Clause 2 [0: Assisted dying bill amendment; effect unclear from title alone.] | 2025-06-13 VOTE: Voted No: Terminally Ill Adults (End of Life) Bill: New Clause 1 [0: New Clause on end of life bill, effect unclear from title alone.] | 2025-06-13 VOTE: Voted No: Terminally Ill Adults (End of Life) Bill: Amendment (b) to New Clause 14 [0: Amendment to end of life bill, effect unclear from title alone.] | 2025-05-16 VOTE: Voted No: Terminally Ill Adults (End of Life) Bill Report Stage: Amendment (a) to New Clause 10 [0: Amendment to end of life bill, effect unclear from title alone.] | 2024-11-29 VOTE: Voted Aye: Terminally Ill Adults (End of Life) Bill: Second Reading [--: Voted for assisted dying bill's second reading, directly opposing CitizenGO's stance against assisted dying.]"
"Jas Athwal (Labour, Ilford South)",,,,,1,,"2025-06-20 VOTE: Voted Aye: Terminally Ill Adults (End of Life) Bill: Third Reading [--: Voted to pass assisted dying bill at Third Reading, directly opposing CitizenGO's stance.] | 2025-06-20 VOTE: Voted Aye: Terminally Ill Adults (End of Life) Bill: Amendment 94 [0: Assisted dying bill amendment; effect unclear from title alone.] | 2025-06-20 VOTE: Voted Aye: Terminally Ill Adults (End of Life) Bill: Amendment 77 [0: Assisted dying bill amendment; effect unclear from title alone.] | 2025-06-20 VOTE: Voted No: Terminally Ill Adults (End of Life) Bill: Amendment 12 [0: Assisted dying bill amendment; effect unclear from title alone.] | 2025-06-20 VOTE: Voted No: Terminally Ill Adults (End of Life) Bill: Amendment 24 [0: Assisted dying bill amendment; effect unclear from title alone.] | 2025-06-20 VOTE: Voted No: Terminally Ill Adults (End of Life) Bill: New Clause 16 [0: Assisted dying bill new clause; effect unclear from title alone.] | 2025-06-13 VOTE: Voted No: Terminally Ill Adults (End of Life) Bill: New Clause 2 [0: Assisted dying bill amendment; effect unclear from title alone.] | 2025-06-13 VOTE: Voted No: Terminally Ill Adults (End of Life) Bill: New Clause 1 [0: New Clause on end of life bill, effect unclear from title alone.] | 2025-06-13 VOTE: Voted Aye: Terminally Ill Adults (End of Life) Bill: Amendment (b) to New Clause 14 [0: Amendment to end of life bill, effect unclear from title alone.] | 2025-05-16 VOTE: Voted No: Terminally Ill Adults (End of Life) Bill Report Stage: Amendment (a) to New Clause 10 [0: Amendment to end of life bill, effect unclear from title alone.] | 2024-11-29 VOTE: Voted Aye: Terminally Ill Adults (End of Life) Bill: Second Reading [--: Voted for assisted dying bill's second reading, directly opposing CitizenGO's stance against assisted dying.]"
"Jeff Smith (Labour, Manchester Withington)",,,,,1,,"2025-06-20 VOTE: Voted Aye: Terminally Ill Adults (End of Life) Bill: Third Reading [--: Voted to pass assisted dying bill at Third Reading, directly opposing CitizenGO's stance.] | 2025-06-20 VOTE: Voted Aye: Terminally Ill Adults (End of Life) Bill: Amendment 94 [0: Assisted dying bill amendment; effect unclear from title alone.] | 2025-06-20 VOTE: Voted Aye: Terminally Ill Adults (End of Life) Bill: Amendment 77 [0: Assisted dying bill amendment; effect unclear from title alone.] | 2025-06-20 VOTE: Voted No: Terminally Ill Adults (End of Life) Bill: Amendment 12 [0: Assisted dying bill amendment; effect unclear from title alone.] | 2025-06-20 VOTE: Voted No: Terminally Ill Adults (End of Life) Bill: Amendment 24 [0: Assisted dying bill amendment; effect unclear from title alone.] | 2025-06-20 VOTE: Voted No: Terminally Ill Adults (End of Life) Bill: New Clause 16 [0: Assisted dying bill new clause; effect unclear from title alone.] | 2025-06-13 VOTE: Voted No: Terminally Ill Adults (End of Life) Bill: New Clause 2 [0: Assisted dying bill amendment; effect unclear from title alone.] | 2025-06-13 VOTE: Voted No: Terminally Ill Adults (End of Life) Bill: New Clause 1 [0: New Clause on end of life bill, effect unclear from title alone.] | 2025-06-13 VOTE: Voted No: Terminally Ill Adults (End of Life) Bill: Amendment (b) to New Clause 14 [0: Amendment to end of life bill, effect unclear from title alone.] | 2025-05-16 VOTE: Voted No: Terminally Ill Adults (End of Life) Bill Report Stage: Amendment (a) to New Clause 10 [0: Amendment to end of life bill, effect unclear from title alone.] | 2024-11-29 VOTE: Voted Aye: Terminally Ill Adults (End of Life) Bill: Second Reading [--: Voted for assisted dying bill's second reading, directly opposing CitizenGO's stance against assisted dying.]"
"Jess Phillips (Labour, Birmingham Yardley)",,,,,1,,"2025-06-20 VOTE: Voted Aye: Terminally Ill Adults (End of Life) Bill: Third Reading [--: Voted to pass assisted dying bill at Third Reading, directly opposing CitizenGO's stance.] | 2025-06-20 VOTE: Voted Aye: Terminally Ill Adults (End of Life) Bill: Amendment 94 [0: Assisted dying bill amendment; effect unclear from title alone.] | 2025-06-20 VOTE: Voted Aye: Terminally Ill Adults (End of Life) Bill: Amendment 77 [0: Assisted dying bill amendment; effect unclear from title alone.] | 2025-06-20 VOTE: Voted No: Terminally Ill Adults (End of Life) Bill: Amendment 12 [0: Assisted dying bill amendment; effect unclear from title alone.] | 2025-06-20 VOTE: Voted No: Terminally Ill Adults (End of Life) Bill: Amendment 24 [0: Assisted dying bill amendment; effect unclear from title alone.] | 2025-06-20 VOTE: Voted No: Terminally Ill Adults (End of Life) Bill: New Clause 16 [0: Assisted dying bill new clause; effect unclear from title alone.] | 2025-06-13 VOTE: Voted No: Terminally Ill Adults (End of Life) Bill: New Clause 2 [0: Assisted dying bill amendment; effect unclear from title alone.] | 2025-06-13 VOTE: Voted No: Terminally Ill Adults (End of Life) Bill: New Clause 1 [0: New Clause on end of life bill, effect unclear from title alone.] | 2025-06-13 VOTE: Voted No: Terminally Ill Adults (End of Life) Bill: Amendment (b) to New Clause 14 [0: Amendment to end of life bill, effect unclear from title alone.] | 2025-05-16 VOTE: Voted No: Terminally Ill Adults (End of Life) Bill Report Stage: Amendment (a) to New Clause 10 [0: Amendment to end of life bill, effect unclear from title alone.] | 2024-11-29 VOTE: Voted Aye: Terminally Ill Adults (End of Life) Bill: Second Reading [--: Voted for assisted dying bill's second reading, directly opposing CitizenGO's stance against assisted dying.]"
"Jim Dickson (Labour, Dartford)",,,,,1,,"2025-06-20 VOTE: Voted Aye: Terminally Ill Adults (End of Life) Bill: Third Reading [--: Voted to pass assisted dying bill at Third Reading, directly opposing CitizenGO's stance.] | 2025-06-20 VOTE: Voted Aye: Terminally Ill Adults (End of Life) Bill: Amendment 94 [0: Assisted dying bill amendment; effect unclear from title alone.] | 2025-06-20 VOTE: Voted Aye: Terminally Ill Adults (End of Life) Bill: Amendment 77 [0: Assisted dying bill amendment; effect unclear from title alone.] | 2025-06-20 VOTE: Voted No: Terminally Ill Adults (End of Life) Bill: Amendment 12 [0: Assisted dying bill amendment; effect unclear from title alone.] | 2025-06-20 VOTE: Voted No: Terminally Ill Adults (End of Life) Bill: Amendment 24 [0: Assisted dying bill amendment; effect unclear from title alone.] | 2025-06-20 VOTE: Voted No: Terminally Ill Adults (End of Life) Bill: New Clause 16 [0: Assisted dying bill new clause; effect unclear from title alone.] | 2025-06-13 VOTE: Voted No: Terminally Ill Adults (End of Life) Bill: New Clause 2 [0: Assisted dying bill amendment; effect unclear from title alone.] | 2025-06-13 VOTE: Voted No: Terminally Ill Adults (End of Life) Bill: New Clause 1 [0: New Clause on end of life bill, effect unclear from title alone.] | 2025-06-13 VOTE: Voted No: Terminally Ill Adults (End of Life) Bill: Amendment (b) to New Clause 14 [0: Amendment to end of life bill, effect unclear from title alone.] | 2025-05-16 VOTE: Voted No: Terminally Ill Adults (End of Life) Bill Report Stage: Amendment (a) to New Clause 10 [0: Amendment to end of life bill, effect unclear from title alone.] | 2024-11-29 VOTE: Voted Aye: Terminally Ill Adults (End of Life) Bill: Second Reading [--: Voted for assisted dying bill's second reading, directly opposing CitizenGO's stance against assisted dying.]"
"Jo Platt (Labour (Co-op), Leigh and Atherton)",,,,,1,,"2025-06-20 VOTE: Voted Aye: Terminally Ill Adults (End of Life) Bill: Third Reading [--: Voted to pass assisted dying bill at Third Reading, directly opposing CitizenGO's stance.] | 2025-06-20 VOTE: Voted Aye: Terminally Ill Adults (End of Life) Bill: Amendment 94 [0: Assisted dying bill amendment; effect unclear from title alone.] | 2025-06-20 VOTE: Voted Aye: Terminally Ill Adults (End of Life) Bill: Amendment 77 [0: Assisted dying bill amendment; effect unclear from title alone.] | 2025-06-20 VOTE: Voted No: Terminally Ill Adults (End of Life) Bill: Amendment 12 [0: Assisted dying bill amendment; effect unclear from title alone.] | 2025-06-20 VOTE: Voted No: Terminally Ill Adults (End of Life) Bill: Amendment 24 [0: Assisted dying bill amendment; effect unclear from title alone.] | 2025-06-20 VOTE: Voted No: Terminally Ill Adults (End of Life) Bill: New Clause 16 [0: Assisted dying bill new clause; effect unclear from title alone.] | 2025-06-13 VOTE: Voted No: Terminally Ill Adults (End of Life) Bill: New Clause 2 [0: Assisted dying bill amendment; effect unclear from title alone.] | 2025-06-13 VOTE: Voted No: Terminally Ill Adults (End of Life) Bill: New Clause 1 [0: New Clause on end of life bill, effect unclear from title alone.] | 2025-06-13 VOTE: Voted No: Terminally Ill Adults (End of Life) Bill: Amendment (b) to New Clause 14 [0: Amendment to end of life bill, effect unclear from title alone.] | 2025-05-16 VOTE: Voted No: Terminally Ill Adults (End of Life) Bill Report Stage: Amendment (a) to New Clause 10 [0: Amendment to end of life bill, effect unclear from title alone.] | 2024-11-29 VOTE: Voted Aye: Terminally Ill Adults (End of Life) Bill: Second Reading [--: Voted for assisted dying bill's second reading, directly opposing CitizenGO's stance against assisted dying.]"
"Jo White (Labour, Bassetlaw)",,,,,1,,"2025-06-20 VOTE: Voted Aye: Terminally Ill Adults (End of Life) Bill: Third Reading [--: Voted to pass assisted dying bill at Third Reading, directly opposing CitizenGO's stance.] | 2025-06-20 VOTE: Voted Aye: Terminally Ill Adults (End of Life) Bill: Amendment 94 [0: Assisted dying bill amendment; effect unclear from title alone.] | 2025-06-20 VOTE: Voted Aye: Terminally Ill Adults (End of Life) Bill: Amendment 77 [0: Assisted dying bill amendment; effect unclear from title alone.] | 2025-06-20 VOTE: Voted No: Terminally Ill Adults (End of Life) Bill: Amendment 12 [0: Assisted dying bill amendment; effect unclear from title alone.] | 2025-06-20 VOTE: Voted No: Terminally Ill Adults (End of Life) Bill: Amendment 24 [0: Assisted dying bill amendment; effect unclear from title alone.] | 2025-06-20 VOTE: Voted No: Terminally Ill Adults (End of Life) Bill: New Clause 16 [0: Assisted dying bill new clause; effect unclear from title alone.] | 2025-06-13 VOTE: Voted No: Terminally Ill Adults (End of Life) Bill: New Clause 2 [0: Assisted dying bill amendment; effect unclear from title alone.] | 2025-06-13 VOTE: Voted No: Terminally Ill Adults (End of Life) Bill: New Clause 1 [0: New Clause on end of life bill, effect unclear from title alone.] | 2025-06-13 VOTE: Voted No: Terminally Ill Adults (End of Life) Bill: Amendment (b) to New Clause 14 [0: Amendment to end of life bill, effect unclear from title alone.] | 2025-05-16 VOTE: Voted No: Terminally Ill Adults (End of Life) Bill Report Stage: Amendment (a) to New Clause 10 [0: Amendment to end of life bill, effect unclear from title alone.] | 2024-11-29 VOTE: Voted Aye: Terminally Ill Adults (End of Life) Bill: Second Reading [--: Voted for assisted dying bill's second reading, directly opposing CitizenGO's stance against assisted dying.]"
"Joani Reid (Labour, East Kilbride and Strathaven)",,,,,1,,"2025-06-20 VOTE: Voted Aye: Terminally Ill Adults (End of Life) Bill: Third Reading [--: Voted to pass assisted dying bill at Third Reading, directly opposing CitizenGO's stance.] | 2025-06-20 VOTE: Voted Aye: Terminally Ill Adults (End of Life) Bill: Amendment 94 [0: Assisted dying bill amendment; effect unclear from title alone.] | 2025-06-20 VOTE: Voted No: Terminally Ill Adults (End of Life) Bill: Amendment 94 [0: Assisted dying bill amendment; effect unclear from title alone.] | 2025-06-20 VOTE: Voted Aye: Terminally Ill Adults (End of Life) Bill: Amendment 77 [0: Assisted dying bill amendment; effect unclear from title alone.] | 2025-06-20 VOTE: Voted No: Terminally Ill Adults (End of Life) Bill: Amendment 12 [0: Assisted dying bill amendment; effect unclear from title alone.] | 2025-06-20 VOTE: Voted No: Terminally Ill Adults (End of Life) Bill: Amendment 24 [0: Assisted dying bill amendment; effect unclear from title alone.] | 2025-06-20 VOTE: Voted No: Terminally Ill Adults (End of Life) Bill: New Clause 16 [0: Assisted dying bill new clause; effect unclear from title alone.] | 2025-06-13 VOTE: Voted No: Terminally Ill Adults (End of Life) Bill: New Clause 2 [0: Assisted dying bill amendment; effect unclear from title alone.] | 2025-06-13 VOTE: Voted No: Terminally Ill Adults (End of Life) Bill: New Clause 1 [0: New Clause on end of life bill, effect unclear from title alone.] | 2025-06-13 VOTE: Voted No: Terminally Ill Adults (End of Life) Bill: Amendment (b) to New Clause 14 [0: Amendment to end of life bill, effect unclear from title alone.] | 2024-11-29 VOTE: Voted Aye: Terminally Ill Adults (End of Life) Bill: Second Reading [--: Voted for assisted dying bill's second reading, directly opposing CitizenGO's stance against assisted dying.]"
"Jodie Gosling (Labour, Nuneaton)",,,,,1,,"2025-06-20 VOTE: Voted Aye: Terminally Ill Adults (End of Life) Bill: Third Reading [--: Voted to pass assisted dying bill at Third Reading, directly opposing CitizenGO's stance.] | 2025-06-20 VOTE: Voted Aye: Terminally Ill Adults (End of Life) Bill: Amendment 94 [0: Assisted dying bill amendment; effect unclear from title alone.] | 2025-06-20 VOTE: Voted Aye: Terminally Ill Adults (End of Life) Bill: Amendment 77 [0: Assisted dying bill amendment; effect unclear from title alone.] | 2025-06-20 VOTE: Voted No: Terminally Ill Adults (End of Life) Bill: Amendment 12 [0: Assisted dying bill amendment; effect unclear from title alone.] | 2025-06-20 VOTE: Voted No: Terminally Ill Adults (End of Life) Bill: Amendment 24 [0: Assisted dying bill amendment; effect unclear from title alone.] | 2025-06-20 VOTE: Voted No: Terminally Ill Adults (End of Life) Bill: New Clause 16 [0: Assisted dying bill new clause; effect unclear from title alone.] | 2025-06-13 VOTE: Voted No: Terminally Ill Adults (End of Life) Bill: New Clause 2 [0: Assisted dying bill amendment; effect unclear from title alone.] | 2025-06-13 VOTE: Voted No: Terminally Ill Adults (End of Life) Bill: New Clause 1 [0: New Clause on end of life bill, effect unclear from title alone.] | 2025-06-13 VOTE: Voted No: Terminally Ill Adults (End of Life) Bill: Amendment (b) to New Clause 14 [0: Amendment to end of life bill, effect unclear from title alone.] | 2025-05-16 VOTE: Voted No: Terminally Ill Adults (End of Life) Bill Report Stage: Amendment (a) to New Clause 10 [0: Amendment to end of life bill, effect unclear from title alone.] | 2024-11-29 VOTE: Voted Aye: Terminally Ill Adults (End of Life) Bill: Second Reading [--: Voted for assisted dying bill's second reading, directly opposing CitizenGO's stance against assisted dying.]"
"Joe Morris (Labour, Hexham)",,,,,1,,"2025-06-20 VOTE: Voted Aye: Terminally Ill Adults (End of Life) Bill: Third Reading [--: Voted to pass assisted dying bill at Third Reading, directly opposing CitizenGO's stance.] | 2025-06-20 VOTE: Voted Aye: Terminally Ill Adults (End of Life) Bill: Amendment 94 [0: Assisted dying bill amendment; effect unclear from title alone.] | 2025-06-20 VOTE: Voted Aye: Terminally Ill Adults (End of Life) Bill: Amendment 77 [0: Assisted dying bill amendment; effect unclear from title alone.] | 2025-06-20 VOTE: Voted No: Terminally Ill Adults (End of Life) Bill: Amendment 12 [0: Assisted dying bill amendment; effect unclear from title alone.] | 2025-06-20 VOTE: Voted No: Terminally Ill Adults (End of Life) Bill: Amendment 24 [0: Assisted dying bill amendment; effect unclear from title alone.] | 2025-06-20 VOTE: Voted No: Terminally Ill Adults (End of Life) Bill: New Clause 16 [0: Assisted dying bill new clause; effect unclear from title alone.] | 2025-06-13 VOTE: Voted No: Terminally Ill Adults (End of Life) Bill: New Clause 2 [0: Assisted dying bill amendment; effect unclear from title alone.] | 2025-06-13 VOTE: Voted No: Terminally Ill Adults (End of Life) Bill: New Clause 1 [0: New Clause on end of life bill, effect unclear from title alone.] | 2025-06-13 VOTE: Voted No: Terminally Ill Adults (End of Life) Bill: Amendment (b) to New Clause 14 [0: Amendment to end of life bill, effect unclear from title alone.] | 2025-05-16 VOTE: Voted No: Terminally Ill Adults (End of Life) Bill Report Stage: Amendment (a) to New Clause 10 [0: Amendment to end of life bill, effect unclear from title alone.] | 2024-11-29 VOTE: Voted Aye: Terminally Ill Adults (End of Life) Bill: Second Reading [--: Voted for assisted dying bill's second reading, directly opposing CitizenGO's stance against assisted dying.]"
"Joe Powell (Labour, Kensington and Bayswater)",,,,,1,,"2025-06-20 VOTE: Voted Aye: Terminally Ill Adults (End of Life) Bill: Third Reading [--: Voted to pass assisted dying bill at Third Reading, directly opposing CitizenGO's stance.] | 2025-06-20 VOTE: Voted Aye: Terminally Ill Adults (End of Life) Bill: Amendment 94 [0: Assisted dying bill amendment; effect unclear from title alone.] | 2025-06-20 VOTE: Voted Aye: Terminally Ill Adults (End of Life) Bill: Amendment 77 [0: Assisted dying bill amendment; effect unclear from title alone.] | 2025-06-20 VOTE: Voted No: Terminally Ill Adults (End of Life) Bill: Amendment 12 [0: Assisted dying bill amendment; effect unclear from title alone.] | 2025-06-20 VOTE: Voted No: Terminally Ill Adults (End of Life) Bill: Amendment 24 [0: Assisted dying bill amendment; effect unclear from title alone.] | 2025-06-20 VOTE: Voted No: Terminally Ill Adults (End of Life) Bill: New Clause 16 [0: Assisted dying bill new clause; effect unclear from title alone.] | 2025-06-13 VOTE: Voted No: Terminally Ill Adults (End of Life) Bill: New Clause 2 [0: Assisted dying bill amendment; effect unclear from title alone.] | 2025-06-13 VOTE: Voted No: Terminally Ill Adults (End of Life) Bill: New Clause 1 [0: New Clause on end of life bill, effect unclear from title alone.] | 2025-06-13 VOTE: Voted No: Terminally Ill Adults (End of Life) Bill: Amendment (b) to New Clause 14 [0: Amendment to end of life bill, effect unclear from title alone.] | 2025-05-16 VOTE: Voted No: Terminally Ill Adults (End of Life) Bill Report Stage: Amendment (a) to New Clause 10 [0: Amendment to end of life bill, effect unclear from title alone.] | 2024-11-29 VOTE: Voted Aye: Terminally Ill Adults (End of Life) Bill: Second Reading [--: Voted for assisted dying bill's second reading, directly opposing CitizenGO's stance against assisted dying.]"
"John McDonnell (Labour, Hayes and Harlington)",,,,,1,,"2025-06-20 VOTE: Voted Aye: Terminally Ill Adults (End of Life) Bill: Third Reading [--: Voted to pass assisted dying bill at Third Reading, directly opposing CitizenGO's stance.] | 2025-06-20 VOTE: Voted Aye: Terminally Ill Adults (End of Life) Bill: Amendment 94 [0: Assisted dying bill amendment; effect unclear from title alone.] | 2025-06-20 VOTE: Voted Aye: Terminally Ill Adults (End of Life) Bill: Amendment 77 [0: Assisted dying bill amendment; effect unclear from title alone.] | 2025-06-20 VOTE: Voted No: Terminally Ill Adults (End of Life) Bill: Amendment 12 [0: Assisted dying bill amendment; effect unclear from title alone.] | 2025-06-20 VOTE: Voted No: Terminally Ill Adults (End of Life) Bill: Amendment 24 [0: Assisted dying bill amendment; effect unclear from title alone.] | 2025-06-20 VOTE: Voted No: Terminally Ill Adults (End of Life) Bill: New Clause 16 [0: Assisted dying bill new clause; effect unclear from title alone.] | 2025-06-13 VOTE: Voted No: Terminally Ill Adults (End of Life) Bill: New Clause 2 [0: Assisted dying bill amendment; effect unclear from title alone.] | 2025-06-13 VOTE: Voted No: Terminally Ill Adults (End of Life) Bill: New Clause 1 [0: New Clause on end of life bill, effect unclear from title alone.] | 2025-06-13 VOTE: Voted No: Terminally Ill Adults (End of Life) Bill: Amendment (b) to New Clause 14 [0: Amendment to end of life bill, effect unclear from title alone.] | 2025-05-16 VOTE: Voted No: Terminally Ill Adults (End of Life) Bill Report Stage: Amendment (a) to New Clause 10 [0: Amendment to end of life bill, effect unclear from title alone.] | 2024-11-29 VOTE: Voted Aye: Terminally Ill Adults (End of Life) Bill: Second Reading [--: Voted for assisted dying bill's second reading, directly opposing CitizenGO's stance against assisted dying.]"
"John Milne (Liberal Democrat, Horsham)",,,,,1,,"2025-06-20 VOTE: Voted Aye: Terminally Ill Adults (End of Life) Bill: Third Reading [--: Voted to pass assisted dying bill at Third Reading, directly opposing CitizenGO's stance.] | 2025-06-20 VOTE: Voted Aye: Terminally Ill Adults (End of Life) Bill: Amendment 94 [0: Assisted dying bill amendment; effect unclear from title alone.] | 2025-06-20 VOTE: Voted Aye: Terminally Ill Adults (End of Life) Bill: Amendment 77 [0: Assisted dying bill amendment; effect unclear from title alone.] | 2025-06-20 VOTE: Voted No: Terminally Ill Adults (End of Life) Bill: Amendment 12 [0: Assisted dying bill amendment; effect unclear from title alone.] | 2025-06-20 VOTE: Voted No: Terminally Ill Adults (End of Life) Bill: Amendment 24 [0: Assisted dying bill amendment; effect unclear from title alone.] | 2025-06-20 VOTE: Voted No: Terminally Ill Adults (End of Life) Bill: New Clause 16 [0: Assisted dying bill new clause; effect unclear from title alone.] | 2025-06-13 VOTE: Voted No: Terminally Ill Adults (End of Life) Bill: New Clause 2 [0: Assisted dying bill amendment; effect unclear from title alone.] | 2025-06-13 VOTE: Voted No: Terminally Ill Adults (End of Life) Bill: New Clause 1 [0: New Clause on end of life bill, effect unclear from title alone.] | 2025-06-13 VOTE: Voted No: Terminally Ill Adults (End of Life) Bill: Amendment (b) to New Clause 14 [0: Amendment to end of life bill, effect unclear from title alone.] | 2025-05-16 VOTE: Voted No: Terminally Ill Adults (End of Life) Bill Report Stage: Amendment (a) to New Clause 10 [0: Amendment to end of life bill, effect unclear from title alone.] | 2024-11-29 VOTE: Voted Aye: Terminally Ill Adults (End of Life) Bill: Second Reading [--: Voted for assisted dying bill's second reading, directly opposing CitizenGO's stance against assisted dying.]"
"John Slinger (Labour, Rugby)",,,,,1,,"2025-06-20 VOTE: Voted Aye: Terminally Ill Adults (End of Life) Bill: Third Reading [--: Voted to pass assisted dying bill at Third Reading, directly opposing CitizenGO's stance.] | 2025-06-20 VOTE: Voted Aye: Terminally Ill Adults (End of Life) Bill: Amendment 94 [0: Assisted dying bill amendment; effect unclear from title alone.] | 2025-06-20 VOTE: Voted Aye: Terminally Ill Adults (End of Life) Bill: Amendment 77 [0: Assisted dying bill amendment; effect unclear from title alone.] | 2025-06-20 VOTE: Voted No: Terminally Ill Adults (End of Life) Bill: Amendment 12 [0: Assisted dying bill amendment; effect unclear from title alone.] | 2025-06-20 VOTE: Voted No: Terminally Ill Adults (End of Life) Bill: Amendment 24 [0: Assisted dying bill amendment; effect unclear from title alone.] | 2025-06-20 VOTE: Voted No: Terminally Ill Adults (End of Life) Bill: New Clause 16 [0: Assisted dying bill new clause; effect unclear from title alone.] | 2025-06-13 VOTE: Voted No: Terminally Ill Adults (End of Life) Bill: New Clause 2 [0: Assisted dying bill amendment; effect unclear from title alone.] | 2025-06-13 VOTE: Voted No: Terminally Ill Adults (End of Life) Bill: New Clause 1 [0: New Clause on end of life bill, effect unclear from title alone.] | 2025-06-13 VOTE: Voted No: Terminally Ill Adults (End of Life) Bill: Amendment (b) to New Clause 14 [0: Amendment to end of life bill, effect unclear from title alone.] | 2025-05-16 VOTE: Voted No: Terminally Ill Adults (End of Life) Bill Report Stage: Amendment (a) to New Clause 10 [0: Amendment to end of life bill, effect unclear from title alone.] | 2024-11-29 VOTE: Voted Aye: Terminally Ill Adults (End of Life) Bill: Second Reading [--: Voted for assisted dying bill's second reading, directly opposing CitizenGO's stance against assisted dying.]"
"John Whitby (Labour, Derbyshire Dales)",,,,,1,,"2025-06-20 VOTE: Voted Aye: Terminally Ill Adults (End of Life) Bill: Third Reading [--: Voted to pass assisted dying bill at Third Reading, directly opposing CitizenGO's stance.] | 2025-06-20 VOTE: Voted Aye: Terminally Ill Adults (End of Life) Bill: Amendment 94 [0: Assisted dying bill amendment; effect unclear from title alone.] | 2025-06-20 VOTE: Voted Aye: Terminally Ill Adults (End of Life) Bill: Amendment 77 [0: Assisted dying bill amendment; effect unclear from title alone.] | 2025-06-20 VOTE: Voted No: Terminally Ill Adults (End of Life) Bill: Amendment 12 [0: Assisted dying bill amendment; effect unclear from title alone.] | 2025-06-20 VOTE: Voted No: Terminally Ill Adults (End of Life) Bill: Amendment 24 [0: Assisted dying bill amendment; effect unclear from title alone.] | 2025-06-20 VOTE: Voted No: Terminally Ill Adults (End of Life) Bill: New Clause 16 [0: Assisted dying bill new clause; effect unclear from title alone.] | 2025-06-13 VOTE: Voted No: Terminally Ill Adults (End of Life) Bill: New Clause 2 [0: Assisted dying bill amendment; effect unclear from title alone.] | 2025-06-13 VOTE: Voted No: Terminally Ill Adults (End of Life) Bill: New Clause 1 [0: New Clause on end of life bill, effect unclear from title alone.] | 2025-06-13 VOTE: Voted No: Terminally Ill Adults (End of Life) Bill: Amendment (b) to New Clause 14 [0: Amendment to end of life bill, effect unclear from title alone.] | 2025-05-16 VOTE: Voted No: Terminally Ill Adults (End of Life) Bill Report Stage: Amendment (a) to New Clause 10 [0: Amendment to end of life bill, effect unclear from title alone.] | 2024-11-29 VOTE: Voted Aye: Terminally Ill Adults (End of Life) Bill: Second Reading [--: Voted for assisted dying bill's second reading, directly opposing CitizenGO's stance against assisted dying.]"
"Josh Dean (Labour, Hertford and Stortford)",,,,,1,,"2025-06-20 VOTE: Voted Aye: Terminally Ill Adults (End of Life) Bill: Third Reading [--: Voted to pass assisted dying bill at Third Reading, directly opposing CitizenGO's stance.] | 2025-06-20 VOTE: Voted Aye: Terminally Ill Adults (End of Life) Bill: Amendment 94 [0: Assisted dying bill amendment; effect unclear from title alone.] | 2025-06-20 VOTE: Voted Aye: Terminally Ill Adults (End of Life) Bill: Amendment 77 [0: Assisted dying bill amendment; effect unclear from title alone.] | 2025-06-20 VOTE: Voted No: Terminally Ill Adults (End of Life) Bill: Amendment 12 [0: Assisted dying bill amendment; effect unclear from title alone.] | 2025-06-20 VOTE: Voted No: Terminally Ill Adults (End of Life) Bill: Amendment 24 [0: Assisted dying bill amendment; effect unclear from title alone.] | 2025-06-20 VOTE: Voted No: Terminally Ill Adults (End of Life) Bill: New Clause 16 [0: Assisted dying bill new clause; effect unclear from title alone.] | 2025-06-13 VOTE: Voted Aye: Terminally Ill Adults (End of Life) Bill: New Clause 2 [0: Assisted dying bill amendment; effect unclear from title alone.] | 2025-06-13 VOTE: Voted No: Terminally Ill Adults (End of Life) Bill: New Clause 1 [0: New Clause on end of life bill, effect unclear from title alone.] | 2025-06-13 VOTE: Voted No: Terminally Ill Adults (End of Life) Bill: Amendment (b) to New Clause 14 [0: Amendment to end of life bill, effect unclear from title alone.] | 2025-05-16 VOTE: Voted No: Terminally Ill Adults (End of Life) Bill Report Stage: Amendment (a) to New Clause 10 [0: Amendment to end of life bill, effect unclear from title alone.] | 2024-11-29 VOTE: Voted Aye: Terminally Ill Adults (End of Life) Bill: Second Reading [--: Voted for assisted dying bill's second reading, directly opposing CitizenGO's stance against assisted dying.]"
"Karin Smyth (Labour, Bristol South)",,,,,1,,"2025-06-20 VOTE: Voted Aye: Terminally Ill Adults (End of Life) Bill: Third Reading [--: Voted to pass assisted dying bill at Third Reading, directly opposing CitizenGO's stance.] | 2025-06-20 VOTE: Voted Aye: Terminally Ill Adults (End of Life) Bill: Amendment 94 [0: Assisted dying bill amendment; effect unclear from title alone.] | 2025-06-20 VOTE: Voted Aye: Terminally Ill Adults (End of Life) Bill: Amendment 77 [0: Assisted dying bill amendment; effect unclear from title alone.] | 2025-06-20 VOTE: Voted No: Terminally Ill Adults (End of Life) Bill: Amendment 12 [0: Assisted dying bill amendment; effect unclear from title alone.] | 2025-06-20 VOTE: Voted No: Terminally Ill Adults (End of Life) Bill: Amendment 24 [0: Assisted dying bill amendment; effect unclear from title alone.] | 2025-06-20 VOTE: Voted No: Terminally Ill Adults (End of Life) Bill: New Clause 16 [0: Assisted dying bill new clause; effect unclear from title alone.] | 2025-06-13 VOTE: Voted No: Terminally Ill Adults (End of Life) Bill: New Clause 2 [0: Assisted dying bill amendment; effect unclear from title alone.] | 2025-06-13 VOTE: Voted No: Terminally Ill Adults (End of Life) Bill: New Clause 1 [0: New Clause on end of life bill, effect unclear from title alone.] | 2025-06-13 VOTE: Voted No: Terminally Ill Adults (End of Life) Bill: Amendment (b) to New Clause 14 [0: Amendment to end of life bill, effect unclear from title alone.] | 2025-05-16 VOTE: Voted No: Terminally Ill Adults (End of Life) Bill Report Stage: Amendment (a) to New Clause 10 [0: Amendment to end of life bill, effect unclear from title alone.] | 2024-11-29 VOTE: Voted Aye: Terminally Ill Adults (End of Life) Bill: Second Reading [--: Voted for assisted dying bill's second reading, directly opposing CitizenGO's stance against assisted dying.]"
"Kate Dearden (Labour (Co-op), Halifax)",,,,,1,,"2025-06-20 VOTE: Voted Aye: Terminally Ill Adults (End of Life) Bill: Third Reading [--: Voted to pass assisted dying bill at Third Reading, directly opposing CitizenGO's stance.] | 2025-06-20 VOTE: Voted Aye: Terminally Ill Adults (End of Life) Bill: Amendment 94 [0: Assisted dying bill amendment; effect unclear from title alone.] | 2025-06-20 VOTE: Voted Aye: Terminally Ill Adults (End of Life) Bill: Amendment 77 [0: Assisted dying bill amendment; effect unclear from title alone.] | 2025-06-20 VOTE: Voted No: Terminally Ill Adults (End of Life) Bill: Amendment 12 [0: Assisted dying bill amendment; effect unclear from title alone.] | 2025-06-20 VOTE: Voted No: Terminally Ill Adults (End of Life) Bill: Amendment 24 [0: Assisted dying bill amendment; effect unclear from title alone.] | 2025-06-20 VOTE: Voted No: Terminally Ill Adults (End of Life) Bill: New Clause 16 [0: Assisted dying bill new clause; effect unclear from title alone.] | 2025-06-13 VOTE: Voted No: Terminally Ill Adults (End of Life) Bill: New Clause 2 [0: Assisted dying bill amendment; effect unclear from title alone.] | 2025-06-13 VOTE: Voted No: Terminally Ill Adults (End of Life) Bill: New Clause 1 [0: New Clause on end of life bill, effect unclear from title alone.] | 2025-06-13 VOTE: Voted No: Terminally Ill Adults (End of Life) Bill: Amendment (b) to New Clause 14 [0: Amendment to end of life bill, effect unclear from title alone.] | 2025-05-16 VOTE: Voted No: Terminally Ill Adults (End of Life) Bill Report Stage: Amendment (a) to New Clause 10 [0: Amendment to end of life bill, effect unclear from title alone.] | 2024-11-29 VOTE: Voted Aye: Terminally Ill Adults (End of Life) Bill: Second Reading [--: Voted for assisted dying bill's second reading, directly opposing CitizenGO's stance against assisted dying.]"
"Katie White (Labour, Leeds North West)",,,,,1,,"2025-06-20 VOTE: Voted Aye: Terminally Ill Adults (End of Life) Bill: Third Reading [--: Voted to pass assisted dying bill at Third Reading, directly opposing CitizenGO's stance.] | 2025-06-20 VOTE: Voted Aye: Terminally Ill Adults (End of Life) Bill: Amendment 94 [0: Assisted dying bill amendment; effect unclear from title alone.] | 2025-06-20 VOTE: Voted Aye: Terminally Ill Adults (End of Life) Bill: Amendment 77 [0: Assisted dying bill amendment; effect unclear from title alone.] | 2025-06-20 VOTE: Voted No: Terminally Ill Adults (End of Life) Bill: Amendment 12 [0: Assisted dying bill amendment; effect unclear from title alone.] | 2025-06-20 VOTE: Voted No: Terminally Ill Adults (End of Life) Bill: Amendment 24 [0: Assisted dying bill amendment; effect unclear from title alone.] | 2025-06-20 VOTE: Voted No: Terminally Ill Adults (End of Life) Bill: New Clause 16 [0: Assisted dying bill new clause; effect unclear from title alone.] | 2025-06-13 VOTE: Voted No: Terminally Ill Adults (End of Life) Bill: New Clause 2 [0: Assisted dying bill amendment; effect unclear from title alone.] | 2025-06-13 VOTE: Voted No: Terminally Ill Adults (End of Life) Bill: New Clause 1 [0: New Clause on end of life bill, effect unclear from title alone.] | 2025-06-13 VOTE: Voted No: Terminally Ill Adults (End of Life) Bill: Amendment (b) to New Clause 14 [0: Amendment to end of life bill, effect unclear from title alone.] | 2025-05-16 VOTE: Voted No: Terminally Ill Adults (End of Life) Bill Report Stage: Amendment (a) to New Clause 10 [0: Amendment to end of life bill, effect unclear from title alone.] | 2024-11-29 VOTE: Voted Aye: Terminally Ill Adults (End of Life) Bill: Second Reading [--: Voted for assisted dying bill's second reading, directly opposing CitizenGO's stance against assisted dying.]"
"Keir Mather (Labour, Selby)",,,,,1,,"2025-06-20 VOTE: Voted Aye: Terminally Ill Adults (End of Life) Bill: Third Reading [--: Voted to pass assisted dying bill at Third Reading, directly opposing CitizenGO's stance.] | 2025-06-20 VOTE: Voted Aye: Terminally Ill Adults (End of Life) Bill: Amendment 94 [0: Assisted dying bill amendment; effect unclear from title alone.] | 2025-06-20 VOTE: Voted Aye: Terminally Ill Adults (End of Life) Bill: Amendment 77 [0: Assisted dying bill amendment; effect unclear from title alone.] | 2025-06-20 VOTE: Voted No: Terminally Ill Adults (End of Life) Bill: Amendment 12 [0: Assisted dying bill amendment; effect unclear from title alone.] | 2025-06-20 VOTE: Voted No: Terminally Ill Adults (End of Life) Bill: Amendment 24 [0: Assisted dying bill amendment; effect unclear from title alone.] | 2025-06-20 VOTE: Voted No: Terminally Ill Adults (End of Life) Bill: New Clause 16 [0: Assisted dying bill new clause; effect unclear from title alone.] | 2025-06-13 VOTE: Voted No: Terminally Ill Adults (End of Life) Bill: New Clause 2 [0: Assisted dying bill amendment; effect unclear from title alone.] | 2025-06-13 VOTE: Voted No: Terminally Ill Adults (End of Life) Bill: New Clause 1 [0: New Clause on end of life bill, effect unclear from title alone.] | 2025-06-13 VOTE: Voted No: Terminally Ill Adults (End of Life) Bill: Amendment (b) to New Clause 14 [0: Amendment to end of life bill, effect unclear from title alone.] | 2025-05-16 VOTE: Voted No: Terminally Ill Adults (End of Life) Bill Report Stage: Amendment (a) to New Clause 10 [0: Amendment to end of life bill, effect unclear from title alone.] | 2024-11-29 VOTE: Voted Aye: Terminally Ill Adults (End of Life) Bill: Second Reading [--: Voted for assisted dying bill's second reading, directly opposing CitizenGO's stance against assisted dying.]"
"Kerry McCarthy (Labour, Bristol East)",,,,,1,,"2025-06-20 VOTE: Voted Aye: Terminally Ill Adults (End of Life) Bill: Third Reading [--: Voted to pass assisted dying bill at Third Reading, directly opposing CitizenGO's stance.] | 2025-06-20 VOTE: Voted Aye: Terminally Ill Adults (End of Life) Bill: Amendment 94 [0: Assisted dying bill amendment; effect unclear from title alone.] | 2025-06-20 VOTE: Voted Aye: Terminally Ill Adults (End of Life) Bill: Amendment 77 [0: Assisted dying bill amendment; effect unclear from title alone.] | 2025-06-20 VOTE: Voted No: Terminally Ill Adults (End of Life) Bill: Amendment 12 [0: Assisted dying bill amendment; effect unclear from title alone.] | 2025-06-20 VOTE: Voted No: Terminally Ill Adults (End of Life) Bill: Amendment 24 [0: Assisted dying bill amendment; effect unclear from title alone.] | 2025-06-20 VOTE: Voted No: Terminally Ill Adults (End of Life) Bill: New Clause 16 [0: Assisted dying bill new clause; effect unclear from title alone.] | 2025-06-13 VOTE: Voted No: Terminally Ill Adults (End of Life) Bill: New Clause 2 [0: Assisted dying bill amendment; effect unclear from title alone.] | 2025-06-13 VOTE: Voted No: Terminally Ill Adults (End of Life) Bill: New Clause 1 [0: New Clause on end of life bill, effect unclear from title alone.] | 2025-06-13 VOTE: Voted No: Terminally Ill Adults (End of Life) Bill: Amendment (b) to New Clause 14 [0: Amendment to end of life bill, effect unclear from title alone.] | 2025-05-16 VOTE: Voted No: Terminally Ill Adults (End of Life) Bill Report Stage: Amendment (a) to New Clause 10 [0: Amendment to end of life bill, effect unclear from title alone.] | 2024-11-29 VOTE: Voted Aye: Terminally Ill Adults (End of Life) Bill: Second Reading [--: Voted for assisted dying bill's second reading, directly opposing CitizenGO's stance against assisted dying.]"
"Kevin Bonavia (Labour, Stevenage)",,,,,1,,"2025-06-20 VOTE: Voted Aye: Terminally Ill Adults (End of Life) Bill: Third Reading [--: Voted to pass assisted dying bill at Third Reading, directly opposing CitizenGO's stance.] | 2025-06-20 VOTE: Voted Aye: Terminally Ill Adults (End of Life) Bill: Amendment 94 [0: Assisted dying bill amendment; effect unclear from title alone.] | 2025-06-20 VOTE: Voted Aye: Terminally Ill Adults (End of Life) Bill: Amendment 77 [0: Assisted dying bill amendment; effect unclear from title alone.] | 2025-06-20 VOTE: Voted No: Terminally Ill Adults (End of Life) Bill: Amendment 12 [0: Assisted dying bill amendment; effect unclear from title alone.] | 2025-06-20 VOTE: Voted No: Terminally Ill Adults (End of Life) Bill: Amendment 24 [0: Assisted dying bill amendment; effect unclear from title alone.] | 2025-06-20 VOTE: Voted No: Terminally Ill Adults (End of Life) Bill: New Clause 16 [0: Assisted dying bill new clause; effect unclear from title alone.] | 2025-06-13 VOTE: Voted No: Terminally Ill Adults (End of Life) Bill: New Clause 2 [0: Assisted dying bill amendment; effect unclear from title alone.] | 2025-06-13 VOTE: Voted No: Terminally Ill Adults (End of Life) Bill: New Clause 1 [0: New Clause on end of life bill, effect unclear from title alone.] | 2025-06-13 VOTE: Voted No: Terminally Ill Adults (End of Life) Bill: Amendment (b) to New Clause 14 [0: Amendment to end of life bill, effect unclear from title alone.] | 2025-05-16 VOTE: Voted No: Terminally Ill Adults (End of Life) Bill Report Stage: Amendment (a) to New Clause 10 [0: Amendment to end of life bill, effect unclear from title alone.] | 2024-11-29 VOTE: Voted Aye: Terminally Ill Adults (End of Life) Bill: Second Reading [--: Voted for assisted dying bill's second reading, directly opposing CitizenGO's stance against assisted dying.]"
"Kevin McKenna (Labour, Sittingbourne and Sheppey)",,,,,1,,"2025-06-20 VOTE: Voted Aye: Terminally Ill Adults (End of Life) Bill: Third Reading [--: Voted to pass assisted dying bill at Third Reading, directly opposing CitizenGO's stance.] | 2025-06-20 VOTE: Voted Aye: Terminally Ill Adults (End of Life) Bill: Amendment 94 [0: Assisted dying bill amendment; effect unclear from title alone.] | 2025-06-20 VOTE: Voted Aye: Terminally Ill Adults (End of Life) Bill: Amendment 77 [0: Assisted dying bill amendment; effect unclear from title alone.] | 2025-06-20 VOTE: Voted No: Terminally Ill Adults (End of Life) Bill: Amendment 12 [0: Assisted dying bill amendment; effect unclear from title alone.] | 2025-06-20 VOTE: Voted No: Terminally Ill Adults (End of Life) Bill: Amendment 24 [0: Assisted dying bill amendment; effect unclear from title alone.] | 2025-06-20 VOTE: Voted No: Terminally Ill Adults (End of Life) Bill: New Clause 16 [0: Assisted dying bill new clause; effect unclear from title alone.] | 2025-06-13 VOTE: Voted No: Terminally Ill Adults (End of Life) Bill: New Clause 2 [0: Assisted dying bill amendment; effect unclear from title alone.] | 2025-06-13 VOTE: Voted No: Terminally Ill Adults (End of Life) Bill: New Clause 1 [0: New Clause on end of life bill, effect unclear from title alone.] | 2025-06-13 VOTE: Voted No: Terminally Ill Adults (End of Life) Bill: Amendment (b) to New Clause 14 [0: Amendment to end of life bill, effect unclear from title alone.] | 2025-05-16 VOTE: Voted No: Terminally Ill Adults (End of Life) Bill Report Stage: Amendment (a) to New Clause 10 [0: Amendment to end of life bill, effect unclear from title alone.] | 2024-11-29 VOTE: Voted Aye: Terminally Ill Adults (End of Life) Bill: Second Reading [--: Voted for assisted dying bill's second reading, directly opposing CitizenGO's stance against assisted dying.]"
"Kim Leadbeater (Labour, Spen Valley)",,,,,1,,"2025-06-20 VOTE: Voted Aye: Terminally Ill Adults (End of Life) Bill: Third Reading [--: Voted to pass assisted dying bill at Third Reading, directly opposing CitizenGO's stance.] | 2025-06-20 VOTE: Voted Aye: Terminally Ill Adults (End of Life) Bill: Amendment 94 [0: Assisted dying bill amendment; effect unclear from title alone.] | 2025-06-20 VOTE: Voted Aye: Terminally Ill Adults (End of Life) Bill: Amendment 77 [0: Assisted dying bill amendment; effect unclear from title alone.] | 2025-06-20 VOTE: Voted No: Terminally Ill Adults (End of Life) Bill: Amendment 12 [0: Assisted dying bill amendment; effect unclear from title alone.] | 2025-06-20 VOTE: Voted No: Terminally Ill Adults (End of Life) Bill: Amendment 24 [0: Assisted dying bill amendment; effect unclear from title alone.] | 2025-06-20 VOTE: Voted No: Terminally Ill Adults (End of Life) Bill: New Clause 16 [0: Assisted dying bill new clause; effect unclear from title alone.] | 2025-06-13 VOTE: Voted No: Terminally Ill Adults (End of Life) Bill: New Clause 2 [0: Assisted dying bill amendment; effect unclear from title alone.] | 2025-06-13 VOTE: Voted No: Terminally Ill Adults (End of Life) Bill: New Clause 1 [0: New Clause on end of life bill, effect unclear from title alone.] | 2025-06-13 VOTE: Voted No: Terminally Ill Adults (End of Life) Bill: Amendment (b) to New Clause 14 [0: Amendment to end of life bill, effect unclear from title alone.] | 2025-05-16 VOTE: Voted No: Terminally Ill Adults (End of Life) Bill Report Stage: Amendment (a) to New Clause 10 [0: Amendment to end of life bill, effect unclear from title alone.] | 2024-11-29 VOTE: Voted Aye: Terminally Ill Adults (End of Life) Bill: Second Reading [--: Voted for assisted dying bill's second reading, directly opposing CitizenGO's stance against assisted dying.]"
"Kirsty McNeill (Labour (Co-op), Midlothian)",,,,,1,,"2025-06-20 VOTE: Voted Aye: Terminally Ill Adults (End of Life) Bill: Third Reading [--: Voted to pass assisted dying bill at Third Reading, directly opposing CitizenGO's stance.] | 2025-06-20 VOTE: Voted Aye: Terminally Ill Adults (End of Life) Bill: Amendment 94 [0: Assisted dying bill amendment; effect unclear from title alone.] | 2025-06-20 VOTE: Voted Aye: Terminally Ill Adults (End of Life) Bill: Amendment 77 [0: Assisted dying bill amendment; effect unclear from title alone.] | 2025-06-20 VOTE: Voted No: Terminally Ill Adults (End of Life) Bill: Amendment 12 [0: Assisted dying bill amendment; effect unclear from title alone.] | 2025-06-20 VOTE: Voted No: Terminally Ill Adults (End of Life) Bill: Amendment 24 [0: Assisted dying bill amendment; effect unclear from title alone.] | 2025-06-20 VOTE: Voted No: Terminally Ill Adults (End of Life) Bill: New Clause 16 [0: Assisted dying bill new clause; effect unclear from title alone.] | 2025-06-13 VOTE: Voted No: Terminally Ill Adults (End of Life) Bill: New Clause 2 [0: Assisted dying bill amendment; effect unclear from title alone.] | 2025-06-13 VOTE: Voted No: Terminally Ill Adults (End of Life) Bill: New Clause 1 [0: New Clause on end of life bill, effect unclear from title alone.] | 2025-06-13 VOTE: Voted No: Terminally Ill Adults (End of Life) Bill: Amendment (b) to New Clause 14 [0: Amendment to end of life bill, effect unclear from title alone.] | 2025-05-16 VOTE: Voted No: Terminally Ill Adults (End of Life) Bill Report Stage: Amendment (a) to New Clause 10 [0: Amendment to end of life bill, effect unclear from title alone.] | 2024-11-29 VOTE: Voted Aye: Terminally Ill Adults (End of Life) Bill: Second Reading [--: Voted for assisted dying bill's second reading, directly opposing CitizenGO's stance against assisted dying.]"
"Kit Malthouse (Conservative, North West Hampshire)",,,,,1,,"2025-06-20 VOTE: Voted Aye: Terminally Ill Adults (End of Life) Bill: Third Reading [--: Voted to pass assisted dying bill at Third Reading, directly opposing CitizenGO's stance.] | 2025-06-20 VOTE: Voted Aye: Terminally Ill Adults (End of Life) Bill: Amendment 94 [0: Assisted dying bill amendment; effect unclear from title alone.] | 2025-06-20 VOTE: Voted Aye: Terminally Ill Adults (End of Life) Bill: Amendment 77 [0: Assisted dying bill amendment; effect unclear from title alone.] | 2025-06-20 VOTE: Voted No: Terminally Ill Adults (End of Life) Bill: Amendment 12 [0: Assisted dying bill amendment; effect unclear from title alone.] | 2025-06-20 VOTE: Voted No: Terminally Ill Adults (End of Life) Bill: Amendment 24 [0: Assisted dying bill amendment; effect unclear from title alone.] | 2025-06-20 VOTE: Voted No: Terminally Ill Adults (End of Life) Bill: New Clause 16 [0: Assisted dying bill new clause; effect unclear from title alone.] | 2025-06-13 VOTE: Voted No: Terminally Ill Adults (End of Life) Bill: New Clause 2 [0: Assisted dying bill amendment; effect unclear from title alone.] | 2025-06-13 VOTE: Voted No: Terminally Ill Adults (End of Life) Bill: New Clause 1 [0: New Clause on end of life bill, effect unclear from title alone.] | 2025-06-13 VOTE: Voted No: Terminally Ill Adults (End of Life) Bill: Amendment (b) to New Clause 14 [0: Amendment to end of life bill, effect unclear from title alone.] | 2025-05-16 VOTE: Voted No: Terminally Ill Adults (End of Life) Bill Report Stage: Amendment (a) to New Clause 10 [0: Amendment to end of life bill, effect unclear from title alone.] | 2024-11-29 VOTE: Voted Aye: Terminally Ill Adults (End of Life) Bill: Second Reading [--: Voted for assisted dying bill's second reading, directly opposing CitizenGO's stance against assisted dying.]"
"Laura Kyrke-Smith (Labour, Aylesbury)",,,,,1,,"2025-06-20 VOTE: Voted Aye: Terminally Ill Adults (End of Life) Bill: Third Reading [--: Voted to pass assisted dying bill at Third Reading, directly opposing CitizenGO's stance.] | 2025-06-20 VOTE: Voted Aye: Terminally Ill Adults (End of Life) Bill: Amendment 94 [0: Assisted dying bill amendment; effect unclear from title alone.] | 2025-06-20 VOTE: Voted Aye: Terminally Ill Adults (End of Life) Bill: Amendment 77 [0: Assisted dying bill amendment; effect unclear from title alone.] | 2025-06-20 VOTE: Voted No: Terminally Ill Adults (End of Life) Bill: Amendment 12 [0: Assisted dying bill amendment; effect unclear from title alone.] | 2025-06-20 VOTE: Voted No: Terminally Ill Adults (End of Life) Bill: Amendment 24 [0: Assisted dying bill amendment; effect unclear from title alone.] | 2025-06-20 VOTE: Voted No: Terminally Ill Adults (End of Life) Bill: New Clause 16 [0: Assisted dying bill new clause; effect unclear from title alone.] | 2025-06-13 VOTE: Voted No: Terminally Ill Adults (End of Life) Bill: New Clause 2 [0: Assisted dying bill amendment; effect unclear from title alone.] | 2025-06-13 VOTE: Voted No: Terminally Ill Adults (End of Life) Bill: New Clause 1 [0: New Clause on end of life bill, effect unclear from title alone.] | 2025-06-13 VOTE: Voted No: Terminally Ill Adults (End of Life) Bill: Amendment (b) to New Clause 14 [0: Amendment to end of life bill, effect unclear from title alone.] | 2025-05-16 VOTE: Voted No: Terminally Ill Adults (End of Life) Bill Report Stage: Amendment (a) to New Clause 10 [0: Amendment to end of life bill, effect unclear from title alone.] | 2024-11-29 VOTE: Voted Aye: Terminally Ill Adults (End of Life) Bill: Second Reading [--: Voted for assisted dying bill's second reading, directly opposing CitizenGO's stance against assisted dying.]"
"Layla Moran (Liberal Democrat, Oxford West and Abingdon)",,,,,1,,"2025-06-20 VOTE: Voted Aye: Terminally Ill Adults (End of Life) Bill: Third Reading [--: Voted to pass assisted dying bill at Third Reading, directly opposing CitizenGO's stance.] | 2025-06-20 VOTE: Voted Aye: Terminally Ill Adults (End of Life) Bill: Amendment 94 [0: Assisted dying bill amendment; effect unclear from title alone.] | 2025-06-20 VOTE: Voted Aye: Terminally Ill Adults (End of Life) Bill: Amendment 77 [0: Assisted dying bill amendment; effect unclear from title alone.] | 2025-06-20 VOTE: Voted No: Terminally Ill Adults (End of Life) Bill: Amendment 12 [0: Assisted dying bill amendment; effect unclear from title alone.] | 2025-06-20 VOTE: Voted No: Terminally Ill Adults (End of Life) Bill: Amendment 24 [0: Assisted dying bill amendment; effect unclear from title alone.] | 2025-06-20 VOTE: Voted No: Terminally Ill Adults (End of Life) Bill: New Clause 16 [0: Assisted dying bill new clause; effect unclear from title alone.] | 2025-06-13 VOTE: Voted No: Terminally Ill Adults (End of Life) Bill: New Clause 2 [0: Assisted dying bill amendment; effect unclear from title alone.] | 2025-06-13 VOTE: Voted No: Terminally Ill Adults (End of Life) Bill: New Clause 1 [0: New Clause on end of life bill, effect unclear from title alone.] | 2025-06-13 VOTE: Voted No: Terminally Ill Adults (End of Life) Bill: Amendment (b) to New Clause 14 [0: Amendment to end of life bill, effect unclear from title alone.] | 2025-05-16 VOTE: Voted No: Terminally Ill Adults (End of Life) Bill Report Stage: Amendment (a) to New Clause 10 [0: Amendment to end of life bill, effect unclear from title alone.] | 2024-11-29 VOTE: Voted Aye: Terminally Ill Adults (End of Life) Bill: Second Reading [--: Voted for assisted dying bill's second reading, directly opposing CitizenGO's stance against assisted dying.]"
"Lee Pitcher (Labour, Doncaster East and the Isle of Axholme)",,,,,1,,"2025-06-20 VOTE: Voted Aye: Terminally Ill Adults (End of Life) Bill: Third Reading [--: Voted to pass assisted dying bill at Third Reading, directly opposing CitizenGO's stance.] | 2025-06-20 VOTE: Voted Aye: Terminally Ill Adults (End of Life) Bill: Amendment 94 [0: Assisted dying bill amendment; effect unclear from title alone.] | 2025-06-20 VOTE: Voted Aye: Terminally Ill Adults (End of Life) Bill: Amendment 77 [0: Assisted dying bill amendment; effect unclear from title alone.] | 2025-06-20 VOTE: Voted No: Terminally Ill Adults (End of Life) Bill: Amendment 12 [0: Assisted dying bill amendment; effect unclear from title alone.] | 2025-06-20 VOTE: Voted No: Terminally Ill Adults (End of Life) Bill: Amendment 24 [0: Assisted dying bill amendment; effect unclear from title alone.] | 2025-06-20 VOTE: Voted No: Terminally Ill Adults (End of Life) Bill: New Clause 16 [0: Assisted dying bill new clause; effect unclear from title alone.] | 2025-06-13 VOTE: Voted No: Terminally Ill Adults (End of Life) Bill: New Clause 2 [0: Assisted dying bill amendment; effect unclear from title alone.] | 2025-06-13 VOTE: Voted No: Terminally Ill Adults (End of Life) Bill: New Clause 1 [0: New Clause on end of life bill, effect unclear from title alone.] | 2025-06-13 VOTE: Voted No: Terminally Ill Adults (End of Life) Bill: Amendment (b) to New Clause 14 [0: Amendment to end of life bill, effect unclear from title alone.] | 2025-05-16 VOTE: Voted No: Terminally Ill Adults (End of Life) Bill Report Stage: Amendment (a) to New Clause 10 [0: Amendment to end of life bill, effect unclear from title alone.] | 2024-11-29 VOTE: Voted Aye: Terminally Ill Adults (End of Life) Bill: Second Reading [--: Voted for assisted dying bill's second reading, directly opposing CitizenGO's stance against assisted dying.]"
"Lilian Greenwood (Labour, Nottingham South)",,,,,1,,"2025-06-20 VOTE: Voted Aye: Terminally Ill Adults (End of Life) Bill: Third Reading [--: Voted to pass assisted dying bill at Third Reading, directly opposing CitizenGO's stance.] | 2025-06-20 VOTE: Voted Aye: Terminally Ill Adults (End of Life) Bill: Amendment 94 [0: Assisted dying bill amendment; effect unclear from title alone.] | 2025-06-20 VOTE: Voted Aye: Terminally Ill Adults (End of Life) Bill: Amendment 77 [0: Assisted dying bill amendment; effect unclear from title alone.] | 2025-06-20 VOTE: Voted No: Terminally Ill Adults (End of Life) Bill: Amendment 12 [0: Assisted dying bill amendment; effect unclear from title alone.] | 2025-06-20 VOTE: Voted No: Terminally Ill Adults (End of Life) Bill: Amendment 24 [0: Assisted dying bill amendment; effect unclear from title alone.] | 2025-06-20 VOTE: Voted No: Terminally Ill Adults (End of Life) Bill: New Clause 16 [0: Assisted dying bill new clause; effect unclear from title alone.] | 2025-06-13 VOTE: Voted No: Terminally Ill Adults (End of Life) Bill: New Clause 2 [0: Assisted dying bill amendment; effect unclear from title alone.] | 2025-06-13 VOTE: Voted No: Terminally Ill Adults (End of Life) Bill: New Clause 1 [0: New Clause on end of life bill, effect unclear from title alone.] | 2025-06-13 VOTE: Voted No: Terminally Ill Adults (End of Life) Bill: Amendment (b) to New Clause 14 [0: Amendment to end of life bill, effect unclear from title alone.] | 2025-05-16 VOTE: Voted No: Terminally Ill Adults (End of Life) Bill Report Stage: Amendment (a) to New Clause 10 [0: Amendment to end of life bill, effect unclear from title alone.] | 2024-11-29 VOTE: Voted Aye: Terminally Ill Adults (End of Life) Bill: Second Reading [--: Voted for assisted dying bill's second reading, directly opposing CitizenGO's stance against assisted dying.]"
"Linsey Farnsworth (Labour, Amber Valley)",,,,,1,,"2025-06-20 VOTE: Voted Aye: Terminally Ill Adults (End of Life) Bill: Third Reading [--: Voted to pass assisted dying bill at Third Reading, directly opposing CitizenGO's stance.] | 2025-06-20 VOTE: Voted Aye: Terminally Ill Adults (End of Life) Bill: Amendment 94 [0: Assisted dying bill amendment; effect unclear from title alone.] | 2025-06-20 VOTE: Voted Aye: Terminally Ill Adults (End of Life) Bill: Amendment 77 [0: Assisted dying bill amendment; effect unclear from title alone.] | 2025-06-20 VOTE: Voted No: Terminally Ill Adults (End of Life) Bill: Amendment 12 [0: Assisted dying bill amendment; effect unclear from title alone.] | 2025-06-20 VOTE: Voted No: Terminally Ill Adults (End of Life) Bill: Amendment 24 [0: Assisted dying bill amendment; effect unclear from title alone.] | 2025-06-20 VOTE: Voted No: Terminally Ill Adults (End of Life) Bill: New Clause 16 [0: Assisted dying bill new clause; effect unclear from title alone.] | 2025-06-13 VOTE: Voted No: Terminally Ill Adults (End of Life) Bill: New Clause 2 [0: Assisted dying bill amendment; effect unclear from title alone.] | 2025-06-13 VOTE: Voted No: Terminally Ill Adults (End of Life) Bill: New Clause 1 [0: New Clause on end of life bill, effect unclear from title alone.] | 2025-06-13 VOTE: Voted No: Terminally Ill Adults (End of Life) Bill: Amendment (b) to New Clause 14 [0: Amendment to end of life bill, effect unclear from title alone.] | 2025-05-16 VOTE: Voted No: Terminally Ill Adults (End of Life) Bill Report Stage: Amendment (a) to New Clause 10 [0: Amendment to end of life bill, effect unclear from title alone.] | 2024-11-29 VOTE: Voted Aye: Terminally Ill Adults (End of Life) Bill: Second Reading [--: Voted for assisted dying bill's second reading, directly opposing CitizenGO's stance against assisted dying.]"
"Lisa Smart (Liberal Democrat, Hazel Grove)",,,,,1,,"2025-06-20 VOTE: Voted Aye: Terminally Ill Adults (End of Life) Bill: Third Reading [--: Voted to pass assisted dying bill at Third Reading, directly opposing CitizenGO's stance.] | 2025-06-20 VOTE: Voted Aye: Terminally Ill Adults (End of Life) Bill: Amendment 94 [0: Assisted dying bill amendment; effect unclear from title alone.] | 2025-06-20 VOTE: Voted Aye: Terminally Ill Adults (End of Life) Bill: Amendment 77 [0: Assisted dying bill amendment; effect unclear from title alone.] | 2025-06-20 VOTE: Voted No: Terminally Ill Adults (End of Life) Bill: Amendment 12 [0: Assisted dying bill amendment; effect unclear from title alone.] | 2025-06-20 VOTE: Voted No: Terminally Ill Adults (End of Life) Bill: Amendment 24 [0: Assisted dying bill amendment; effect unclear from title alone.] | 2025-06-20 VOTE: Voted No: Terminally Ill Adults (End of Life) Bill: New Clause 16 [0: Assisted dying bill new clause; effect unclear from title alone.] | 2025-06-13 VOTE: Voted Aye: Terminally Ill Adults (End of Life) Bill: New Clause 2 [0: Assisted dying bill amendment; effect unclear from title alone.] | 2025-06-13 VOTE: Voted No: Terminally Ill Adults (End of Life) Bill: New Clause 1 [0: New Clause on end of life bill, effect unclear from title alone.] | 2025-06-13 VOTE: Voted Aye: Terminally Ill Adults (End of Life) Bill: Amendment (b) to New Clause 14 [0: Amendment to end of life bill, effect unclear from title alone.] | 2025-05-16 VOTE: Voted No: Terminally Ill Adults (End of Life) Bill Report Stage: Amendment (a) to New Clause 10 [0: Amendment to end of life bill, effect unclear from title alone.] | 2024-11-29 VOTE: Voted Aye: Terminally Ill Adults (End of Life) Bill: Second Reading [--: Voted for assisted dying bill's second reading, directly opposing CitizenGO's stance against assisted dying.]"
"Liz Jarvis (Liberal Democrat, Eastleigh)",,,,,1,,"2025-06-20 VOTE: Voted Aye: Terminally Ill Adults (End of Life) Bill: Third Reading [--: Voted to pass assisted dying bill at Third Reading, directly opposing CitizenGO's stance.] | 2025-06-20 VOTE: Voted Aye: Terminally Ill Adults (End of Life) Bill: Amendment 94 [0: Assisted dying bill amendment; effect unclear from title alone.] | 2025-06-20 VOTE: Voted Aye: Terminally Ill Adults (End of Life) Bill: Amendment 77 [0: Assisted dying bill amendment; effect unclear from title alone.] | 2025-06-20 VOTE: Voted No: Terminally Ill Adults (End of Life) Bill: Amendment 12 [0: Assisted dying bill amendment; effect unclear from title alone.] | 2025-06-20 VOTE: Voted No: Terminally Ill Adults (End of Life) Bill: Amendment 24 [0: Assisted dying bill amendment; effect unclear from title alone.] | 2025-06-20 VOTE: Voted No: Terminally Ill Adults (End of Life) Bill: New Clause 16 [0: Assisted dying bill new clause; effect unclear from title alone.] | 2025-06-13 VOTE: Voted Aye: Terminally Ill Adults (End of Life) Bill: New Clause 2 [0: Assisted dying bill amendment; effect unclear from title alone.] | 2025-06-13 VOTE: Voted No: Terminally Ill Adults (End of Life) Bill: New Clause 1 [0: New Clause on end of life bill, effect unclear from title alone.] | 2025-06-13 VOTE: Voted No: Terminally Ill Adults (End of Life) Bill: Amendment (b) to New Clause 14 [0: Amendment to end of life bill, effect unclear from title alone.] | 2025-05-16 VOTE: Voted No: Terminally Ill Adults (End of Life) Bill Report Stage: Amendment (a) to New Clause 10 [0: Amendment to end of life bill, effect unclear from title alone.] | 2024-11-29 VOTE: Voted Aye: Terminally Ill Adults (End of Life) Bill: Second Reading [--: Voted for assisted dying bill's second reading, directly opposing CitizenGO's stance against assisted dying.]"
"Lizzi Collinge (Labour, Morecambe and Lunesdale)",,,,,1,,"2025-06-20 VOTE: Voted Aye: Terminally Ill Adults (End of Life) Bill: Third Reading [--: Voted to pass assisted dying bill at Third Reading, directly opposing CitizenGO's stance.] | 2025-06-20 VOTE: Voted Aye: Terminally Ill Adults (End of Life) Bill: Amendment 94 [0: Assisted dying bill amendment; effect unclear from title alone.] | 2025-06-20 VOTE: Voted Aye: Terminally Ill Adults (End of Life) Bill: Amendment 77 [0: Assisted dying bill amendment; effect unclear from title alone.] | 2025-06-20 VOTE: Voted No: Terminally Ill Adults (End of Life) Bill: Amendment 12 [0: Assisted dying bill amendment; effect unclear from title alone.] | 2025-06-20 VOTE: Voted No: Terminally Ill Adults (End of Life) Bill: Amendment 24 [0: Assisted dying bill amendment; effect unclear from title alone.] | 2025-06-20 VOTE: Voted No: Terminally Ill Adults (End of Life) Bill: New Clause 16 [0: Assisted dying bill new clause; effect unclear from title alone.] | 2025-06-13 VOTE: Voted No: Terminally Ill Adults (End of Life) Bill: New Clause 2 [0: Assisted dying bill amendment; effect unclear from title alone.] | 2025-06-13 VOTE: Voted No: Terminally Ill Adults (End of Life) Bill: New Clause 1 [0: New Clause on end of life bill, effect unclear from title alone.] | 2025-06-13 VOTE: Voted No: Terminally Ill Adults (End of Life) Bill: Amendment (b) to New Clause 14 [0: Amendment to end of life bill, effect unclear from title alone.] | 2025-05-16 VOTE: Voted No: Terminally Ill Adults (End of Life) Bill Report Stage: Amendment (a) to New Clause 10 [0: Amendment to end of life bill, effect unclear from title alone.] | 2024-11-29 VOTE: Voted Aye: Terminally Ill Adults (End of Life) Bill: Second Reading [--: Voted for assisted dying bill's second reading, directly opposing CitizenGO's stance against assisted dying.]"
"Lloyd Hatton (Labour, South Dorset)",,,,,1,,"2025-06-20 VOTE: Voted Aye: Terminally Ill Adults (End of Life) Bill: Third Reading [--: Voted to pass assisted dying bill at Third Reading, directly opposing CitizenGO's stance.] | 2025-06-20 VOTE: Voted Aye: Terminally Ill Adults (End of Life) Bill: Amendment 94 [0: Assisted dying bill amendment; effect unclear from title alone.] | 2025-06-20 VOTE: Voted Aye: Terminally Ill Adults (End of Life) Bill: Amendment 77 [0: Assisted dying bill amendment; effect unclear from title alone.] | 2025-06-20 VOTE: Voted No: Terminally Ill Adults (End of Life) Bill: Amendment 12 [0: Assisted dying bill amendment; effect unclear from title alone.] | 2025-06-20 VOTE: Voted No: Terminally Ill Adults (End of Life) Bill: Amendment 24 [0: Assisted dying bill amendment; effect unclear from title alone.] | 2025-06-20 VOTE: Voted No: Terminally Ill Adults (End of Life) Bill: New Clause 16 [0: Assisted dying bill new clause; effect unclear from title alone.] | 2025-06-13 VOTE: Voted No: Terminally Ill Adults (End of Life) Bill: New Clause 2 [0: Assisted dying bill amendment; effect unclear from title alone.] | 2025-06-13 VOTE: Voted No: Terminally Ill Adults (End of Life) Bill: New Clause 1 [0: New Clause on end of life bill, effect unclear from title alone.] | 2025-06-13 VOTE: Voted No: Terminally Ill Adults (End of Life) Bill: Amendment (b) to New Clause 14 [0: Amendment to end of life bill, effect unclear from title alone.] | 2025-05-16 VOTE: Voted No: Terminally Ill Adults (End of Life) Bill Report Stage: Amendment (a) to New Clause 10 [0: Amendment to end of life bill, effect unclear from title alone.] | 2024-11-29 VOTE: Voted Aye: Terminally Ill Adults (End of Life) Bill: Second Reading [--: Voted for assisted dying bill's second reading, directly opposing CitizenGO's stance against assisted dying.]"
"Lorraine Beavers (Labour, Blackpool North and Fleetwood)",,,,,1,,"2025-06-20 VOTE: Voted Aye: Terminally Ill Adults (End of Life) Bill: Third Reading [--: Voted to pass assisted dying bill at Third Reading, directly opposing CitizenGO's stance.] | 2025-06-20 VOTE: Voted Aye: Terminally Ill Adults (End of Life) Bill: Amendment 94 [0: Assisted dying bill amendment; effect unclear from title alone.] | 2025-06-20 VOTE: Voted Aye: Terminally Ill Adults (End of Life) Bill: Amendment 77 [0: Assisted dying bill amendment; effect unclear from title alone.] | 2025-06-20 VOTE: Voted No: Terminally Ill Adults (End of Life) Bill: Amendment 12 [0: Assisted dying bill amendment; effect unclear from title alone.] | 2025-06-20 VOTE: Voted No: Terminally Ill Adults (End of Life) Bill: Amendment 24 [0: Assisted dying bill amendment; effect unclear from title alone.] | 2025-06-20 VOTE: Voted No: Terminally Ill Adults (End of Life) Bill: New Clause 16 [0: Assisted dying bill new clause; effect unclear from title alone.] | 2025-06-13 VOTE: Voted No: Terminally Ill Adults (End of Life) Bill: New Clause 2 [0: Assisted dying bill amendment; effect unclear from title alone.] | 2025-06-13 VOTE: Voted Aye: Terminally Ill Adults (End of Life) Bill: New Clause 1 [0: New Clause on end of life bill, effect unclear from title alone.] | 2025-06-13 VOTE: Voted Aye: Terminally Ill Adults (End of Life) Bill: Amendment (b) to New Clause 14 [0: Amendment to end of life bill, effect unclear from title alone.] | 2025-05-16 VOTE: Voted No: Terminally Ill Adults (End of Life) Bill Report Stage: Amendment (a) to New Clause 10 [0: Amendment to end of life bill, effect unclear from title alone.] | 2024-11-29 VOTE: Voted Aye: Terminally Ill Adults (End of Life) Bill: Second Reading [--: Voted for assisted dying bill's second reading, directly opposing CitizenGO's stance against assisted dying.]"
"Louise Sandher-Jones (Labour, North East Derbyshire)",,,,,1,,"2025-06-20 VOTE: Voted Aye: Terminally Ill Adults (End of Life) Bill: Third Reading [--: Voted to pass assisted dying bill at Third Reading, directly opposing CitizenGO's stance.] | 2025-06-20 VOTE: Voted Aye: Terminally Ill Adults (End of Life) Bill: Amendment 94 [0: Assisted dying bill amendment; effect unclear from title alone.] | 2025-06-20 VOTE: Voted Aye: Terminally Ill Adults (End of Life) Bill: Amendment 77 [0: Assisted dying bill amendment; effect unclear from title alone.] | 2025-06-20 VOTE: Voted No: Terminally Ill Adults (End of Life) Bill: Amendment 12 [0: Assisted dying bill amendment; effect unclear from title alone.] | 2025-06-20 VOTE: Voted No: Terminally Ill Adults (End of Life) Bill: Amendment 24 [0: Assisted dying bill amendment; effect unclear from title alone.] | 2025-06-20 VOTE: Voted No: Terminally Ill Adults (End of Life) Bill: New Clause 16 [0: Assisted dying bill new clause; effect unclear from title alone.] | 2025-06-13 VOTE: Voted No: Terminally Ill Adults (End of Life) Bill: New Clause 2 [0: Assisted dying bill amendment; effect unclear from title alone.] | 2025-06-13 VOTE: Voted No: Terminally Ill Adults (End of Life) Bill: New Clause 1 [0: New Clause on end of life bill, effect unclear from title alone.] | 2025-06-13 VOTE: Voted No: Terminally Ill Adults (End of Life) Bill: Amendment (b) to New Clause 14 [0: Amendment to end of life bill, effect unclear from title alone.] | 2025-05-16 VOTE: Voted No: Terminally Ill Adults (End of Life) Bill Report Stage: Amendment (a) to New Clause 10 [0: Amendment to end of life bill, effect unclear from title alone.] | 2024-11-29 VOTE: Voted Aye: Terminally Ill Adults (End of Life) Bill: Second Reading [--: Voted for assisted dying bill's second reading, directly opposing CitizenGO's stance against assisted dying.]"
"Lucy Rigby (Labour, Northampton North)",,,,,1,,"2025-06-20 VOTE: Voted Aye: Terminally Ill Adults (End of Life) Bill: Third Reading [--: Voted to pass assisted dying bill at Third Reading, directly opposing CitizenGO's stance.] | 2025-06-20 VOTE: Voted Aye: Terminally Ill Adults (End of Life) Bill: Amendment 94 [0: Assisted dying bill amendment; effect unclear from title alone.] | 2025-06-20 VOTE: Voted Aye: Terminally Ill Adults (End of Life) Bill: Amendment 77 [0: Assisted dying bill amendment; effect unclear from title alone.] | 2025-06-20 VOTE: Voted No: Terminally Ill Adults (End of Life) Bill: Amendment 12 [0: Assisted dying bill amendment; effect unclear from title alone.] | 2025-06-20 VOTE: Voted No: Terminally Ill Adults (End of Life) Bill: Amendment 24 [0: Assisted dying bill amendment; effect unclear from title alone.] | 2025-06-20 VOTE: Voted No: Terminally Ill Adults (End of Life) Bill: New Clause 16 [0: Assisted dying bill new clause; effect unclear from title alone.] | 2025-06-13 VOTE: Voted No: Terminally Ill Adults (End of Life) Bill: New Clause 2 [0: Assisted dying bill amendment; effect unclear from title alone.] | 2025-06-13 VOTE: Voted No: Terminally Ill Adults (End of Life) Bill: New Clause 1 [0: New Clause on end of life bill, effect unclear from title alone.] | 2025-06-13 VOTE: Voted No: Terminally Ill Adults (End of Life) Bill: Amendment (b) to New Clause 14 [0: Amendment to end of life bill, effect unclear from title alone.] | 2025-05-16 VOTE: Voted No: Terminally Ill Adults (End of Life) Bill Report Stage: Amendment (a) to New Clause 10 [0: Amendment to end of life bill, effect unclear from title alone.] | 2024-11-29 VOTE: Voted Aye: Terminally Ill Adults (End of Life) Bill: Second Reading [--: Voted for assisted dying bill's second reading, directly opposing CitizenGO's stance against assisted dying.]"
"Luke Akehurst (Labour, North Durham)",,,,,1,,"2025-06-20 VOTE: Voted Aye: Terminally Ill Adults (End of Life) Bill: Third Reading [--: Voted to pass assisted dying bill at Third Reading, directly opposing CitizenGO's stance.] | 2025-06-20 VOTE: Voted Aye: Terminally Ill Adults (End of Life) Bill: Amendment 94 [0: Assisted dying bill amendment; effect unclear from title alone.] | 2025-06-20 VOTE: Voted Aye: Terminally Ill Adults (End of Life) Bill: Amendment 77 [0: Assisted dying bill amendment; effect unclear from title alone.] | 2025-06-20 VOTE: Voted No: Terminally Ill Adults (End of Life) Bill: Amendment 12 [0: Assisted dying bill amendment; effect unclear from title alone.] | 2025-06-20 VOTE: Voted No: Terminally Ill Adults (End of Life) Bill: Amendment 24 [0: Assisted dying bill amendment; effect unclear from title alone.] | 2025-06-20 VOTE: Voted No: Terminally Ill Adults (End of Life) Bill: New Clause 16 [0: Assisted dying bill new clause; effect unclear from title alone.] | 2025-06-13 VOTE: Voted No: Terminally Ill Adults (End of Life) Bill: New Clause 2 [0: Assisted dying bill amendment; effect unclear from title alone.] | 2025-06-13 VOTE: Voted No: Terminally Ill Adults (End of Life) Bill: New Clause 1 [0: New Clause on end of life bill, effect unclear from title alone.] | 2025-06-13 VOTE: Voted No: Terminally Ill Adults (End of Life) Bill: Amendment (b) to New Clause 14 [0: Amendment to end of life bill, effect unclear from title alone.] | 2025-05-16 VOTE: Voted No: Terminally Ill Adults (End of Life) Bill Report Stage: Amendment (a) to New Clause 10 [0: Amendment to end of life bill, effect unclear from title alone.] | 2024-11-29 VOTE: Voted Aye: Terminally Ill Adults (End of Life) Bill: Second Reading [--: Voted for assisted dying bill's second reading, directly opposing CitizenGO's stance against assisted dying.]"
"Luke Murphy (Labour, Basingstoke)",,,,,1,,"2025-06-20 VOTE: Voted Aye: Terminally Ill Adults (End of Life) Bill: Third Reading [--: Voted to pass assisted dying bill at Third Reading, directly opposing CitizenGO's stance.] | 2025-06-20 VOTE: Voted Aye: Terminally Ill Adults (End of Life) Bill: Amendment 94 [0: Assisted dying bill amendment; effect unclear from title alone.] | 2025-06-20 VOTE: Voted Aye: Terminally Ill Adults (End of Life) Bill: Amendment 77 [0: Assisted dying bill amendment; effect unclear from title alone.] | 2025-06-20 VOTE: Voted No: Terminally Ill Adults (End of Life) Bill: Amendment 12 [0: Assisted dying bill amendment; effect unclear from title alone.] | 2025-06-20 VOTE: Voted No: Terminally Ill Adults (End of Life) Bill: Amendment 24 [0: Assisted dying bill amendment; effect unclear from title alone.] | 2025-06-20 VOTE: Voted No: Terminally Ill Adults (End of Life) Bill: New Clause 16 [0: Assisted dying bill new clause; effect unclear from title alone.] | 2025-06-13 VOTE: Voted No: Terminally Ill Adults (End of Life) Bill: New Clause 2 [0: Assisted dying bill amendment; effect unclear from title alone.] | 2025-06-13 VOTE: Voted No: Terminally Ill Adults (End of Life) Bill: New Clause 1 [0: New Clause on end of life bill, effect unclear from title alone.] | 2025-06-13 VOTE: Voted No: Terminally Ill Adults (End of Life) Bill: Amendment (b) to New Clause 14 [0: Amendment to end of life bill, effect unclear from title alone.] | 2025-05-16 VOTE: Voted No: Terminally Ill Adults (End of Life) Bill Report Stage: Amendment (a) to New Clause 10 [0: Amendment to end of life bill, effect unclear from title alone.] | 2024-11-29 VOTE: Voted Aye: Terminally Ill Adults (End of Life) Bill: Second Reading [--: Voted for assisted dying bill's second reading, directly opposing CitizenGO's stance against assisted dying.]"
"Marie Goldman (Liberal Democrat, Chelmsford)",,,,,1,,"2025-06-20 VOTE: Voted Aye: Terminally Ill Adults (End of Life) Bill: Third Reading [--: Voted to pass assisted dying bill at Third Reading, directly opposing CitizenGO's stance.] | 2025-06-20 VOTE: Voted Aye: Terminally Ill Adults (End of Life) Bill: Amendment 94 [0: Assisted dying bill amendment; effect unclear from title alone.] | 2025-06-20 VOTE: Voted Aye: Terminally Ill Adults (End of Life) Bill: Amendment 77 [0: Assisted dying bill amendment; effect unclear from title alone.] | 2025-06-20 VOTE: Voted No: Terminally Ill Adults (End of Life) Bill: Amendment 12 [0: Assisted dying bill amendment; effect unclear from title alone.] | 2025-06-20 VOTE: Voted No: Terminally Ill Adults (End of Life) Bill: Amendment 24 [0: Assisted dying bill amendment; effect unclear from title alone.] | 2025-06-20 VOTE: Voted No: Terminally Ill Adults (End of Life) Bill: New Clause 16 [0: Assisted dying bill new clause; effect unclear from title alone.] | 2025-06-13 VOTE: Voted No: Terminally Ill Adults (End of Life) Bill: New Clause 2 [0: Assisted dying bill amendment; effect unclear from title alone.] | 2025-06-13 VOTE: Voted No: Terminally Ill Adults (End of Life) Bill: New Clause 1 [0: New Clause on end of life bill, effect unclear from title alone.] | 2025-06-13 VOTE: Voted No: Terminally Ill Adults (End of Life) Bill: Amendment (b) to New Clause 14 [0: Amendment to end of life bill, effect unclear from title alone.] | 2025-05-16 VOTE: Voted No: Terminally Ill Adults (End of Life) Bill Report Stage: Amendment (a) to New Clause 10 [0: Amendment to end of life bill, effect unclear from title alone.] | 2024-11-29 VOTE: Voted Aye: Terminally Ill Adults (End of Life) Bill: Second Reading [--: Voted for assisted dying bill's second reading, directly opposing CitizenGO's stance against assisted dying.]"
"Mark Ferguson (Labour, Gateshead Central and Whickham)",,,,,1,,"2025-06-20 VOTE: Voted Aye: Terminally Ill Adults (End of Life) Bill: Third Reading [--: Voted to pass assisted dying bill at Third Reading, directly opposing CitizenGO's stance.] | 2025-06-20 VOTE: Voted Aye: Terminally Ill Adults (End of Life) Bill: Amendment 94 [0: Assisted dying bill amendment; effect unclear from title alone.] | 2025-06-20 VOTE: Voted Aye: Terminally Ill Adults (End of Life) Bill: Amendment 77 [0: Assisted dying bill amendment; effect unclear from title alone.] | 2025-06-20 VOTE: Voted No: Terminally Ill Adults (End of Life) Bill: Amendment 12 [0: Assisted dying bill amendment; effect unclear from title alone.] | 2025-06-20 VOTE: Voted No: Terminally Ill Adults (End of Life) Bill: Amendment 24 [0: Assisted dying bill amendment; effect unclear from title alone.] | 2025-06-20 VOTE: Voted No: Terminally Ill Adults (End of Life) Bill: New Clause 16 [0: Assisted dying bill new clause; effect unclear from title alone.] | 2025-06-13 VOTE: Voted Aye: Terminally Ill Adults (End of Life) Bill: New Clause 2 [0: Assisted dying bill amendment; effect unclear from title alone.] | 2025-06-13 VOTE: Voted No: Terminally Ill Adults (End of Life) Bill: New Clause 1 [0: New Clause on end of life bill, effect unclear from title alone.] | 2025-06-13 VOTE: Voted No: Terminally Ill Adults (End of Life) Bill: Amendment (b) to New Clause 14 [0: Amendment to end of life bill, effect unclear from title alone.] | 2025-05-16 VOTE: Voted No: Terminally Ill Adults (End of Life) Bill Report Stage: Amendment (a) to New Clause 10 [0: Amendment to end of life bill, effect unclear from title alone.] | 2024-11-29 VOTE: Voted Aye: Terminally Ill Adults (End of Life) Bill: Second Reading [--: Voted for assisted dying bill's second reading, directly opposing CitizenGO's stance against assisted dying.]"
"Mark Garnier (Conservative, Wyre Forest)",,,,,1,,"2025-06-20 VOTE: Voted Aye: Terminally Ill Adults (End of Life) Bill: Third Reading [--: Voted to pass assisted dying bill at Third Reading, directly opposing CitizenGO's stance.] | 2025-06-20 VOTE: Voted Aye: Terminally Ill Adults (End of Life) Bill: Amendment 94 [0: Assisted dying bill amendment; effect unclear from title alone.] | 2025-06-20 VOTE: Voted Aye: Terminally Ill Adults (End of Life) Bill: Amendment 77 [0: Assisted dying bill amendment; effect unclear from title alone.] | 2025-06-20 VOTE: Voted No: Terminally Ill Adults (End of Life) Bill: Amendment 12 [0: Assisted dying bill amendment; effect unclear from title alone.] | 2025-06-20 VOTE: Voted No: Terminally Ill Adults (End of Life) Bill: Amendment 24 [0: Assisted dying bill amendment; effect unclear from title alone.] | 2025-06-20 VOTE: Voted No: Terminally Ill Adults (End of Life) Bill: New Clause 16 [0: Assisted dying bill new clause; effect unclear from title alone.] | 2025-06-13 VOTE: Voted No: Terminally Ill Adults (End of Life) Bill: New Clause 2 [0: Assisted dying bill amendment; effect unclear from title alone.] | 2025-06-13 VOTE: Voted No: Terminally Ill Adults (End of Life) Bill: New Clause 1 [0: New Clause on end of life bill, effect unclear from title alone.] | 2025-06-13 VOTE: Voted No: Terminally Ill Adults (End of Life) Bill: Amendment (b) to New Clause 14 [0: Amendment to end of life bill, effect unclear from title alone.] | 2025-05-16 VOTE: Voted No: Terminally Ill Adults (End of Life) Bill Report Stage: Amendment (a) to New Clause 10 [0: Amendment to end of life bill, effect unclear from title alone.] | 2024-11-29 VOTE: Voted Aye: Terminally Ill Adults (End of Life) Bill: Second Reading [--: Voted for assisted dying bill's second reading, directly opposing CitizenGO's stance against assisted dying.]"
"Martin Wrigley (Liberal Democrat, Newton Abbot)",,,,,1,,"2025-06-20 VOTE: Voted Aye: Terminally Ill Adults (End of Life) Bill: Third Reading [--: Voted to pass assisted dying bill at Third Reading, directly opposing CitizenGO's stance.] | 2025-06-20 VOTE: Voted Aye: Terminally Ill Adults (End of Life) Bill: Amendment 94 [0: Assisted dying bill amendment; effect unclear from title alone.] | 2025-06-20 VOTE: Voted Aye: Terminally Ill Adults (End of Life) Bill: Amendment 77 [0: Assisted dying bill amendment; effect unclear from title alone.] | 2025-06-20 VOTE: Voted No: Terminally Ill Adults (End of Life) Bill: Amendment 12 [0: Assisted dying bill amendment; effect unclear from title alone.] | 2025-06-20 VOTE: Voted No: Terminally Ill Adults (End of Life) Bill: Amendment 24 [0: Assisted dying bill amendment; effect unclear from title alone.] | 2025-06-20 VOTE: Voted No: Terminally Ill Adults (End of Life) Bill: New Clause 16 [0: Assisted dying bill new clause; effect unclear from title alone.] | 2025-06-13 VOTE: Voted No: Terminally Ill Adults (End of Life) Bill: New Clause 2 [0: Assisted dying bill amendment; effect unclear from title alone.] | 2025-06-13 VOTE: Voted No: Terminally Ill Adults (End of Life) Bill: New Clause 1 [0: New Clause on end of life bill, effect unclear from title alone.] | 2025-06-13 VOTE: Voted No: Terminally Ill Adults (End of Life) Bill: Amendment (b) to New Clause 14 [0: Amendment to end of life bill, effect unclear from title alone.] | 2025-05-16 VOTE: Voted No: Terminally Ill Adults (End of Life) Bill Report Stage: Amendment (a) to New Clause 10 [0: Amendment to end of life bill, effect unclear from title alone.] | 2024-11-29 VOTE: Voted Aye: Terminally Ill Adults (End of Life) Bill: Second Reading [--: Voted for assisted dying bill's second reading, directly opposing CitizenGO's stance against assisted dying.]"
"Matt Western (Labour, Warwick and Leamington)",,,,,1,,"2025-06-20 VOTE: Voted Aye: Terminally Ill Adults (End of Life) Bill: Third Reading [--: Voted to pass assisted dying bill at Third Reading, directly opposing CitizenGO's stance.] | 2025-06-20 VOTE: Voted Aye: Terminally Ill Adults (End of Life) Bill: Amendment 94 [0: Assisted dying bill amendment; effect unclear from title alone.] | 2025-06-20 VOTE: Voted Aye: Terminally Ill Adults (End of Life) Bill: Amendment 77 [0: Assisted dying bill amendment; effect unclear from title alone.] | 2025-06-20 VOTE: Voted No: Terminally Ill Adults (End of Life) Bill: Amendment 12 [0: Assisted dying bill amendment; effect unclear from title alone.] | 2025-06-20 VOTE: Voted No: Terminally Ill Adults (End of Life) Bill: Amendment 24 [0: Assisted dying bill amendment; effect unclear from title alone.] | 2025-06-20 VOTE: Voted No: Terminally Ill Adults (End of Life) Bill: New Clause 16 [0: Assisted dying bill new clause; effect unclear from title alone.] | 2025-06-13 VOTE: Voted No: Terminally Ill Adults (End of Life) Bill: New Clause 2 [0: Assisted dying bill amendment; effect unclear from title alone.] | 2025-06-13 VOTE: Voted No: Terminally Ill Adults (End of Life) Bill: New Clause 1 [0: New Clause on end of life bill, effect unclear from title alone.] | 2025-06-13 VOTE: Voted No: Terminally Ill Adults (End of Life) Bill: Amendment (b) to New Clause 14 [0: Amendment to end of life bill, effect unclear from title alone.] | 2025-05-16 VOTE: Voted No: Terminally Ill Adults (End of Life) Bill Report Stage: Amendment (a) to New Clause 10 [0: Amendment to end of life bill, effect unclear from title alone.] | 2024-11-29 VOTE: Voted Aye: Terminally Ill Adults (End of Life) Bill: Second Reading [--: Voted for assisted dying bill's second reading, directly opposing CitizenGO's stance against assisted dying.]"
"Matthew Pennycook (Labour, Greenwich and Woolwich)",,,,,1,,"2025-06-20 VOTE: Voted Aye: Terminally Ill Adults (End of Life) Bill: Third Reading [--: Voted to pass assisted dying bill at Third Reading, directly opposing CitizenGO's stance.] | 2025-06-20 VOTE: Voted Aye: Terminally Ill Adults (End of Life) Bill: Amendment 94 [0: Assisted dying bill amendment; effect unclear from title alone.] | 2025-06-20 VOTE: Voted Aye: Terminally Ill Adults (End of Life) Bill: Amendment 77 [0: Assisted dying bill amendment; effect unclear from title alone.] | 2025-06-20 VOTE: Voted No: Terminally Ill Adults (End of Life) Bill: Amendment 12 [0: Assisted dying bill amendment; effect unclear from title alone.] | 2025-06-20 VOTE: Voted No: Terminally Ill Adults (End of Life) Bill: Amendment 24 [0: Assisted dying bill amendment; effect unclear from title alone.] | 2025-06-20 VOTE: Voted No: Terminally Ill Adults (End of Life) Bill: New Clause 16 [0: Assisted dying bill new clause; effect unclear from title alone.] | 2025-06-13 VOTE: Voted No: Terminally Ill Adults (End of Life) Bill: New Clause 2 [0: Assisted dying bill amendment; effect unclear from title alone.] | 2025-06-13 VOTE: Voted No: Terminally Ill Adults (End of Life) Bill: New Clause 1 [0: New Clause on end of life bill, effect unclear from title alone.] | 2025-06-13 VOTE: Voted No: Terminally Ill Adults (End of Life) Bill: Amendment (b) to New Clause 14 [0: Amendment to end of life bill, effect unclear from title alone.] | 2025-05-16 VOTE: Voted No: Terminally Ill Adults (End of Life) Bill Report Stage: Amendment (a) to New Clause 10 [0: Amendment to end of life bill, effect unclear from title alone.] | 2024-11-29 VOTE: Voted Aye: Terminally Ill Adults (End of Life) Bill: Second Reading [--: Voted for assisted dying bill's second reading, directly opposing CitizenGO's stance against assisted dying.]"
"Maureen Burke (Labour, Glasgow North East)",,,,,1,,"2025-06-20 VOTE: Voted Aye: Terminally Ill Adults (End of Life) Bill: Third Reading [--: Voted to pass assisted dying bill at Third Reading, directly opposing CitizenGO's stance.] | 2025-06-20 VOTE: Voted Aye: Terminally Ill Adults (End of Life) Bill: Amendment 94 [0: Assisted dying bill amendment; effect unclear from title alone.] | 2025-06-20 VOTE: Voted Aye: Terminally Ill Adults (End of Life) Bill: Amendment 77 [0: Assisted dying bill amendment; effect unclear from title alone.] | 2025-06-20 VOTE: Voted No: Terminally Ill Adults (End of Life) Bill: Amendment 12 [0: Assisted dying bill amendment; effect unclear from title alone.] | 2025-06-20 VOTE: Voted No: Terminally Ill Adults (End of Life) Bill: Amendment 24 [0: Assisted dying bill amendment; effect unclear from title alone.] | 2025-06-20 VOTE: Voted No: Terminally Ill Adults (End of Life) Bill: New Clause 16 [0: Assisted dying bill new clause; effect unclear from title alone.] | 2025-06-13 VOTE: Voted No: Terminally Ill Adults (End of Life) Bill: New Clause 2 [0: Assisted dying bill amendment; effect unclear from title alone.] | 2025-06-13 VOTE: Voted No: Terminally Ill Adults (End of Life) Bill: New Clause 1 [0: New Clause on end of life bill, effect unclear from title alone.] | 2025-06-13 VOTE: Voted No: Terminally Ill Adults (End of Life) Bill: Amendment (b) to New Clause 14 [0: Amendment to end of life bill, effect unclear from title alone.] | 2025-05-16 VOTE: Voted No: Terminally Ill Adults (End of Life) Bill Report Stage: Amendment (a) to New Clause 10 [0: Amendment to end of life bill, effect unclear from title alone.] | 2024-11-29 VOTE: Voted Aye: Terminally Ill Adults (End of Life) Bill: Second Reading [--: Voted for assisted dying bill's second reading, directly opposing CitizenGO's stance against assisted dying.]"
"Melanie Onn (Labour, Great Grimsby and Cleethorpes)",,,,,1,,"2025-06-20 VOTE: Voted Aye: Terminally Ill Adults (End of Life) Bill: Third Reading [--: Voted to pass assisted dying bill at Third Reading, directly opposing CitizenGO's stance.] | 2025-06-20 VOTE: Voted Aye: Terminally Ill Adults (End of Life) Bill: Amendment 94 [0: Assisted dying bill amendment; effect unclear from title alone.] | 2025-06-20 VOTE: Voted Aye: Terminally Ill Adults (End of Life) Bill: Amendment 77 [0: Assisted dying bill amendment; effect unclear from title alone.] | 2025-06-20 VOTE: Voted No: Terminally Ill Adults (End of Life) Bill: Amendment 12 [0: Assisted dying bill amendment; effect unclear from title alone.] | 2025-06-20 VOTE: Voted No: Terminally Ill Adults (End of Life) Bill: Amendment 24 [0: Assisted dying bill amendment; effect unclear from title alone.] | 2025-06-20 VOTE: Voted No: Terminally Ill Adults (End of Life) Bill: New Clause 16 [0: Assisted dying bill new clause; effect unclear from title alone.] | 2025-06-13 VOTE: Voted No: Terminally Ill Adults (End of Life) Bill: New Clause 2 [0: Assisted dying bill amendment; effect unclear from title alone.] | 2025-06-13 VOTE: Voted No: Terminally Ill Adults (End of Life) Bill: New Clause 1 [0: New Clause on end of life bill, effect unclear from title alone.] | 2025-06-13 VOTE: Voted No: Terminally Ill Adults (End of Life) Bill: Amendment (b) to New Clause 14 [0: Amendment to end of life bill, effect unclear from title alone.] | 2025-05-16 VOTE: Voted No: Terminally Ill Adults (End of Life) Bill Report Stage: Amendment (a) to New Clause 10 [0: Amendment to end of life bill, effect unclear from title alone.] | 2024-11-29 VOTE: Voted Aye: Terminally Ill Adults (End of Life) Bill: Second Reading [--: Voted for assisted dying bill's second reading, directly opposing CitizenGO's stance against assisted dying.]"
"Miatta Fahnbulleh (Labour (Co-op), Peckham)",,,,,1,,"2025-06-20 VOTE: Voted Aye: Terminally Ill Adults (End of Life) Bill: Third Reading [--: Voted to pass assisted dying bill at Third Reading, directly opposing CitizenGO's stance.] | 2025-06-20 VOTE: Voted Aye: Terminally Ill Adults (End of Life) Bill: Amendment 94 [0: Assisted dying bill amendment; effect unclear from title alone.] | 2025-06-20 VOTE: Voted Aye: Terminally Ill Adults (End of Life) Bill: Amendment 77 [0: Assisted dying bill amendment; effect unclear from title alone.] | 2025-06-20 VOTE: Voted No: Terminally Ill Adults (End of Life) Bill: Amendment 12 [0: Assisted dying bill amendment; effect unclear from title alone.] | 2025-06-20 VOTE: Voted No: Terminally Ill Adults (End of Life) Bill: Amendment 24 [0: Assisted dying bill amendment; effect unclear from title alone.] | 2025-06-20 VOTE: Voted No: Terminally Ill Adults (End of Life) Bill: New Clause 16 [0: Assisted dying bill new clause; effect unclear from title alone.] | 2025-06-13 VOTE: Voted No: Terminally Ill Adults (End of Life) Bill: New Clause 2 [0: Assisted dying bill amendment; effect unclear from title alone.] | 2025-06-13 VOTE: Voted No: Terminally Ill Adults (End of Life) Bill: New Clause 1 [0: New Clause on end of life bill, effect unclear from title alone.] | 2025-06-13 VOTE: Voted Aye: Terminally Ill Adults (End of Life) Bill: Amendment (b) to New Clause 14 [0: Amendment to end of life bill, effect unclear from title alone.] | 2025-05-16 VOTE: Voted No: Terminally Ill Adults (End of Life) Bill Report Stage: Amendment (a) to New Clause 10 [0: Amendment to end of life bill, effect unclear from title alone.] | 2024-11-29 VOTE: Voted Aye: Terminally Ill Adults (End of Life) Bill: Second Reading [--: Voted for assisted dying bill's second reading, directly opposing CitizenGO's stance against assisted dying.]"
"Michael Payne (Labour, Gedling)",,,,,1,,"2025-06-20 VOTE: Voted Aye: Terminally Ill Adults (End of Life) Bill: Third Reading [--: Voted to pass assisted dying bill at Third Reading, directly opposing CitizenGO's stance.] | 2025-06-20 VOTE: Voted Aye: Terminally Ill Adults (End of Life) Bill: Amendment 94 [0: Assisted dying bill amendment; effect unclear from title alone.] | 2025-06-20 VOTE: Voted Aye: Terminally Ill Adults (End of Life) Bill: Amendment 77 [0: Assisted dying bill amendment; effect unclear from title alone.] | 2025-06-20 VOTE: Voted No: Terminally Ill Adults (End of Life) Bill: Amendment 12 [0: Assisted dying bill amendment; effect unclear from title alone.] | 2025-06-20 VOTE: Voted No: Terminally Ill Adults (End of Life) Bill: Amendment 24 [0: Assisted dying bill amendment; effect unclear from title alone.] | 2025-06-20 VOTE: Voted No: Terminally Ill Adults (End of Life) Bill: New Clause 16 [0: Assisted dying bill new clause; effect unclear from title alone.] | 2025-06-13 VOTE: Voted No: Terminally Ill Adults (End of Life) Bill: New Clause 2 [0: Assisted dying bill amendment; effect unclear from title alone.] | 2025-06-13 VOTE: Voted No: Terminally Ill Adults (End of Life) Bill: New Clause 1 [0: New Clause on end of life bill, effect unclear from title alone.] | 2025-06-13 VOTE: Voted No: Terminally Ill Adults (End of Life) Bill: Amendment (b) to New Clause 14 [0: Amendment to end of life bill, effect unclear from title alone.] | 2025-05-16 VOTE: Voted No: Terminally Ill Adults (End of Life) Bill Report Stage: Amendment (a) to New Clause 10 [0: Amendment to end of life bill, effect unclear from title alone.] | 2024-11-29 VOTE: Voted Aye: Terminally Ill Adults (End of Life) Bill: Second Reading [--: Voted for assisted dying bill's second reading, directly opposing CitizenGO's stance against assisted dying.]"
"Michael Wheeler (Labour, Worsley and Eccles)",,,,,1,,"2025-06-20 VOTE: Voted Aye: Terminally Ill Adults (End of Life) Bill: Third Reading [--: Voted to pass assisted dying bill at Third Reading, directly opposing CitizenGO's stance.] | 2025-06-20 VOTE: Voted Aye: Terminally Ill Adults (End of Life) Bill: Amendment 94 [0: Assisted dying bill amendment; effect unclear from title alone.] | 2025-06-20 VOTE: Voted Aye: Terminally Ill Adults (End of Life) Bill: Amendment 77 [0: Assisted dying bill amendment; effect unclear from title alone.] | 2025-06-20 VOTE: Voted No: Terminally Ill Adults (End of Life) Bill: Amendment 12 [0: Assisted dying bill amendment; effect unclear from title alone.] | 2025-06-20 VOTE: Voted No: Terminally Ill Adults (End of Life) Bill: Amendment 24 [0: Assisted dying bill amendment; effect unclear from title alone.] | 2025-06-20 VOTE: Voted No: Terminally Ill Adults (End of Life) Bill: New Clause 16 [0: Assisted dying bill new clause; effect unclear from title alone.] | 2025-06-13 VOTE: Voted No: Terminally Ill Adults (End of Life) Bill: New Clause 2 [0: Assisted dying bill amendment; effect unclear from title alone.] | 2025-06-13 VOTE: Voted No: Terminally Ill Adults (End of Life) Bill: New Clause 1 [0: New Clause on end of life bill, effect unclear from title alone.] | 2025-06-13 VOTE: Voted Aye: Terminally Ill Adults (End of Life) Bill: Amendment (b) to New Clause 14 [0: Amendment to end of life bill, effect unclear from title alone.] | 2025-05-16 VOTE: Voted No: Terminally Ill Adults (End of Life) Bill Report Stage: Amendment (a) to New Clause 10 [0: Amendment to end of life bill, effect unclear from title alone.] | 2024-11-29 VOTE: Voted Aye: Terminally Ill Adults (End of Life) Bill: Second Reading [--: Voted for assisted dying bill's second reading, directly opposing CitizenGO's stance against assisted dying.]"
"Michelle Welsh (Labour, Sherwood Forest)",,,,,1,,"2025-06-20 VOTE: Voted Aye: Terminally Ill Adults (End of Life) Bill: Third Reading [--: Voted to pass assisted dying bill at Third Reading, directly opposing CitizenGO's stance.] | 2025-06-20 VOTE: Voted Aye: Terminally Ill Adults (End of Life) Bill: Amendment 94 [0: Assisted dying bill amendment; effect unclear from title alone.] | 2025-06-20 VOTE: Voted Aye: Terminally Ill Adults (End of Life) Bill: Amendment 77 [0: Assisted dying bill amendment; effect unclear from title alone.] | 2025-06-20 VOTE: Voted No: Terminally Ill Adults (End of Life) Bill: Amendment 12 [0: Assisted dying bill amendment; effect unclear from title alone.] | 2025-06-20 VOTE: Voted No: Terminally Ill Adults (End of Life) Bill: Amendment 24 [0: Assisted dying bill amendment; effect unclear from title alone.] | 2025-06-20 VOTE: Voted No: Terminally Ill Adults (End of Life) Bill: New Clause 16 [0: Assisted dying bill new clause; effect unclear from title alone.] | 2025-06-13 VOTE: Voted No: Terminally Ill Adults (End of Life) Bill: New Clause 2 [0: Assisted dying bill amendment; effect unclear from title alone.] | 2025-06-13 VOTE: Voted No: Terminally Ill Adults (End of Life) Bill: New Clause 1 [0: New Clause on end of life bill, effect unclear from title alone.] | 2025-06-13 VOTE: Voted No: Terminally Ill Adults (End of Life) Bill: Amendment (b) to New Clause 14 [0: Amendment to end of life bill, effect unclear from title alone.] | 2025-05-16 VOTE: Voted No: Terminally Ill Adults (End of Life) Bill Report Stage: Amendment (a) to New Clause 10 [0: Amendment to end of life bill, effect unclear from title alone.] | 2024-11-29 VOTE: Voted Aye: Terminally Ill Adults (End of Life) Bill: Second Reading [--: Voted for assisted dying bill's second reading, directly opposing CitizenGO's stance against assisted dying.]"
"Mike Tapp (Labour, Dover and Deal)",,,,,1,,"2025-06-20 VOTE: Voted Aye: Terminally Ill Adults (End of Life) Bill: Third Reading [--: Voted to pass assisted dying bill at Third Reading, directly opposing CitizenGO's stance.] | 2025-06-20 VOTE: Voted Aye: Terminally Ill Adults (End of Life) Bill: Amendment 94 [0: Assisted dying bill amendment; effect unclear from title alone.] | 2025-06-20 VOTE: Voted Aye: Terminally Ill Adults (End of Life) Bill: Amendment 77 [0: Assisted dying bill amendment; effect unclear from title alone.] | 2025-06-20 VOTE: Voted No: Terminally Ill Adults (End of Life) Bill: Amendment 12 [0: Assisted dying bill amendment; effect unclear from title alone.] | 2025-06-20 VOTE: Voted No: Terminally Ill Adults (End of Life) Bill: Amendment 24 [0: Assisted dying bill amendment; effect unclear from title alone.] | 2025-06-20 VOTE: Voted No: Terminally Ill Adults (End of Life) Bill: New Clause 16 [0: Assisted dying bill new clause; effect unclear from title alone.] | 2025-06-13 VOTE: Voted Aye: Terminally Ill Adults (End of Life) Bill: New Clause 2 [0: Assisted dying bill amendment; effect unclear from title alone.] | 2025-06-13 VOTE: Voted Aye: Terminally Ill Adults (End of Life) Bill: New Clause 1 [0: New Clause on end of life bill, effect unclear from title alone.] | 2025-06-13 VOTE: Voted No: Terminally Ill Adults (End of Life) Bill: Amendment (b) to New Clause 14 [0: Amendment to end of life bill, effect unclear from title alone.] | 2025-05-16 VOTE: Voted No: Terminally Ill Adults (End of Life) Bill Report Stage: Amendment (a) to New Clause 10 [0: Amendment to end of life bill, effect unclear from title alone.] | 2024-11-29 VOTE: Voted Aye: Terminally Ill Adults (End of Life) Bill: Second Reading [--: Voted for assisted dying bill's second reading, directly opposing CitizenGO's stance against assisted dying.]"
"Mr Alex Barros-Curtis (Labour, Cardiff West)",,,,,1,,"2025-06-20 VOTE: Voted Aye: Terminally Ill Adults (End of Life) Bill: Third Reading [--: Voted to pass assisted dying bill at Third Reading, directly opposing CitizenGO's stance.] | 2025-06-20 VOTE: Voted Aye: Terminally Ill Adults (End of Life) Bill: Amendment 94 [0: Assisted dying bill amendment; effect unclear from title alone.] | 2025-06-20 VOTE: Voted Aye: Terminally Ill Adults (End of Life) Bill: Amendment 77 [0: Assisted dying bill amendment; effect unclear from title alone.] | 2025-06-20 VOTE: Voted No: Terminally Ill Adults (End of Life) Bill: Amendment 12 [0: Assisted dying bill amendment; effect unclear from title alone.] | 2025-06-20 VOTE: Voted No: Terminally Ill Adults (End of Life) Bill: Amendment 24 [0: Assisted dying bill amendment; effect unclear from title alone.] | 2025-06-20 VOTE: Voted No: Terminally Ill Adults (End of Life) Bill: New Clause 16 [0: Assisted dying bill new clause; effect unclear from title alone.] | 2025-06-13 VOTE: Voted No: Terminally Ill Adults (End of Life) Bill: New Clause 2 [0: Assisted dying bill amendment; effect unclear from title alone.] | 2025-06-13 VOTE: Voted No: Terminally Ill Adults (End of Life) Bill: New Clause 1 [0: New Clause on end of life bill, effect unclear from title alone.] | 2025-06-13 VOTE: Voted No: Terminally Ill Adults (End of Life) Bill: Amendment (b) to New Clause 14 [0: Amendment to end of life bill, effect unclear from title alone.] | 2025-05-16 VOTE: Voted No: Terminally Ill Adults (End of Life) Bill Report Stage: Amendment (a) to New Clause 10 [0: Amendment to end of life bill, effect unclear from title alone.] | 2024-11-29 VOTE: Voted Aye: Terminally Ill Adults (End of Life) Bill: Second Reading [--: Voted for assisted dying bill's second reading, directly opposing CitizenGO's stance against assisted dying.]"
"Mr Clive Betts (Labour, Sheffield South East)",,,,,1,,"2025-06-20 VOTE: Voted Aye: Terminally Ill Adults (End of Life) Bill: Third Reading [--: Voted to pass assisted dying bill at Third Reading, directly opposing CitizenGO's stance.] | 2025-06-20 VOTE: Voted Aye: Terminally Ill Adults (End of Life) Bill: Amendment 94 [0: Assisted dying bill amendment; effect unclear from title alone.] | 2025-06-20 VOTE: Voted Aye: Terminally Ill Adults (End of Life) Bill: Amendment 77 [0: Assisted dying bill amendment; effect unclear from title alone.] | 2025-06-20 VOTE: Voted No: Terminally Ill Adults (End of Life) Bill: Amendment 12 [0: Assisted dying bill amendment; effect unclear from title alone.] | 2025-06-20 VOTE: Voted No: Terminally Ill Adults (End of Life) Bill: Amendment 24 [0: Assisted dying bill amendment; effect unclear from title alone.] | 2025-06-20 VOTE: Voted No: Terminally Ill Adults (End of Life) Bill: New Clause 16 [0: Assisted dying bill new clause; effect unclear from title alone.] | 2025-06-13 VOTE: Voted No: Terminally Ill Adults (End of Life) Bill: New Clause 2 [0: Assisted dying bill amendment; effect unclear from title alone.] | 2025-06-13 VOTE: Voted No: Terminally Ill Adults (End of Life) Bill: New Clause 1 [0: New Clause on end of life bill, effect unclear from title alone.] | 2025-06-13 VOTE: Voted No: Terminally Ill Adults (End of Life) Bill: Amendment (b) to New Clause 14 [0: Amendment to end of life bill, effect unclear from title alone.] | 2025-05-16 VOTE: Voted No: Terminally Ill Adults (End of Life) Bill Report Stage: Amendment (a) to New Clause 10 [0: Amendment to end of life bill, effect unclear from title alone.] | 2024-11-29 VOTE: Voted Aye: Terminally Ill Adults (End of Life) Bill: Second Reading [--: Voted for assisted dying bill's second reading, directly opposing CitizenGO's stance against assisted dying.]"
"Mr Hamish Falconer (Labour, Lincoln)",,,,,1,,"2025-06-20 VOTE: Voted Aye: Terminally Ill Adults (End of Life) Bill: Third Reading [--: Voted to pass assisted dying bill at Third Reading, directly opposing CitizenGO's stance.] | 2025-06-20 VOTE: Voted Aye: Terminally Ill Adults (End of Life) Bill: Amendment 94 [0: Assisted dying bill amendment; effect unclear from title alone.] | 2025-06-20 VOTE: Voted Aye: Terminally Ill Adults (End of Life) Bill: Amendment 77 [0: Assisted dying bill amendment; effect unclear from title alone.] | 2025-06-20 VOTE: Voted No: Terminally Ill Adults (End of Life) Bill: Amendment 12 [0: Assisted dying bill amendment; effect unclear from title alone.] | 2025-06-20 VOTE: Voted No: Terminally Ill Adults (End of Life) Bill: Amendment 24 [0: Assisted dying bill amendment; effect unclear from title alone.] | 2025-06-20 VOTE: Voted No: Terminally Ill Adults (End of Life) Bill: New Clause 16 [0: Assisted dying bill new clause; effect unclear from title alone.] | 2025-06-13 VOTE: Voted No: Terminally Ill Adults (End of Life) Bill: New Clause 2 [0: Assisted dying bill amendment; effect unclear from title alone.] | 2025-06-13 VOTE: Voted No: Terminally Ill Adults (End of Life) Bill: New Clause 1 [0: New Clause on end of life bill, effect unclear from title alone.] | 2025-06-13 VOTE: Voted No: Terminally Ill Adults (End of Life) Bill: Amendment (b) to New Clause 14 [0: Amendment to end of life bill, effect unclear from title alone.] | 2025-05-16 VOTE: Voted No: Terminally Ill Adults (End of Life) Bill Report Stage: Amendment (a) to New Clause 10 [0: Amendment to end of life bill, effect unclear from title alone.] | 2024-11-29 VOTE: Voted Aye: Terminally Ill Adults (End of Life) Bill: Second Reading [--: Voted for assisted dying bill's second reading, directly opposing CitizenGO's stance against assisted dying.]"
"Mr Joshua Reynolds (Liberal Democrat, Maidenhead)",,,,,1,,"2025-06-20 VOTE: Voted Aye: Terminally Ill Adults (End of Life) Bill: Third Reading [--: Voted to pass assisted dying bill at Third Reading, directly opposing CitizenGO's stance.] | 2025-06-20 VOTE: Voted Aye: Terminally Ill Adults (End of Life) Bill: Amendment 94 [0: Assisted dying bill amendment; effect unclear from title alone.] | 2025-06-20 VOTE: Voted Aye: Terminally Ill Adults (End of Life) Bill: Amendment 77 [0: Assisted dying bill amendment; effect unclear from title alone.] | 2025-06-20 VOTE: Voted No: Terminally Ill Adults (End of Life) Bill: Amendment 12 [0: Assisted dying bill amendment; effect unclear from title alone.] | 2025-06-20 VOTE: Voted No: Terminally Ill Adults (End of Life) Bill: Amendment 24 [0: Assisted dying bill amendment; effect unclear from title alone.] | 2025-06-20 VOTE: Voted No: Terminally Ill Adults (End of Life) Bill: New Clause 16 [0: Assisted dying bill new clause; effect unclear from title alone.] | 2025-06-13 VOTE: Voted No: Terminally Ill Adults (End of Life) Bill: New Clause 2 [0: Assisted dying bill amendment; effect unclear from title alone.] | 2025-06-13 VOTE: Voted No: Terminally Ill Adults (End of Life) Bill: New Clause 1 [0: New Clause on end of life bill, effect unclear from title alone.] | 2025-06-13 VOTE: Voted No: Terminally Ill Adults (End of Life) Bill: Amendment (b) to New Clause 14 [0: Amendment to end of life bill, effect unclear from title alone.] | 2025-05-16 VOTE: Voted No: Terminally Ill Adults (End of Life) Bill Report Stage: Amendment (a) to New Clause 10 [0: Amendment to end of life bill, effect unclear from title alone.] | 2024-11-29 VOTE: Voted Aye: Terminally Ill Adults (End of Life) Bill: Second Reading [--: Voted for assisted dying bill's second reading, directly opposing CitizenGO's stance against assisted dying.]"
"Mr Luke Charters (Labour, York Outer)",,,,,1,,"2025-06-20 VOTE: Voted Aye: Terminally Ill Adults (End of Life) Bill: Third Reading [--: Voted to pass assisted dying bill at Third Reading, directly opposing CitizenGO's stance.] | 2025-06-20 VOTE: Voted Aye: Terminally Ill Adults (End of Life) Bill: Amendment 94 [0: Assisted dying bill amendment; effect unclear from title alone.] | 2025-06-20 VOTE: Voted Aye: Terminally Ill Adults (End of Life) Bill: Amendment 77 [0: Assisted dying bill amendment; effect unclear from title alone.] | 2025-06-20 VOTE: Voted No: Terminally Ill Adults (End of Life) Bill: Amendment 12 [0: Assisted dying bill amendment; effect unclear from title alone.] | 2025-06-20 VOTE: Voted No: Terminally Ill Adults (End of Life) Bill: Amendment 24 [0: Assisted dying bill amendment; effect unclear from title alone.] | 2025-06-20 VOTE: Voted No: Terminally Ill Adults (End of Life) Bill: New Clause 16 [0: Assisted dying bill new clause; effect unclear from title alone.] | 2025-06-13 VOTE: Voted Aye: Terminally Ill Adults (End of Life) Bill: New Clause 2 [0: Assisted dying bill amendment; effect unclear from title alone.] | 2025-06-13 VOTE: Voted No: Terminally Ill Adults (End of Life) Bill: New Clause 1 [0: New Clause on end of life bill, effect unclear from title alone.] | 2025-06-13 VOTE: Voted No: Terminally Ill Adults (End of Life) Bill: Amendment (b) to New Clause 14 [0: Amendment to end of life bill, effect unclear from title alone.] | 2025-05-16 VOTE: Voted No: Terminally Ill Adults (End of Life) Bill Report Stage: Amendment (a) to New Clause 10 [0: Amendment to end of life bill, effect unclear from title alone.] | 2024-11-29 VOTE: Voted Aye: Terminally Ill Adults (End of Life) Bill: Second Reading [--: Voted for assisted dying bill's second reading, directly opposing CitizenGO's stance against assisted dying.]"
"Mr Peter Bedford (Conservative, Mid Leicestershire)",,,,,1,,"2025-06-20 VOTE: Voted Aye: Terminally Ill Adults (End of Life) Bill: Third Reading [--: Voted to pass assisted dying bill at Third Reading, directly opposing CitizenGO's stance.] | 2025-06-20 VOTE: Voted Aye: Terminally Ill Adults (End of Life) Bill: Amendment 94 [0: Assisted dying bill amendment; effect unclear from title alone.] | 2025-06-20 VOTE: Voted Aye: Terminally Ill Adults (End of Life) Bill: Amendment 77 [0: Assisted dying bill amendment; effect unclear from title alone.] | 2025-06-20 VOTE: Voted No: Terminally Ill Adults (End of Life) Bill: Amendment 12 [0: Assisted dying bill amendment; effect unclear from title alone.] | 2025-06-20 VOTE: Voted No: Terminally Ill Adults (End of Life) Bill: Amendment 24 [0: Assisted dying bill amendment; effect unclear from title alone.] | 2025-06-20 VOTE: Voted No: Terminally Ill Adults (End of Life) Bill: New Clause 16 [0: Assisted dying bill new clause; effect unclear from title alone.] | 2025-06-13 VOTE: Voted No: Terminally Ill Adults (End of Life) Bill: New Clause 2 [0: Assisted dying bill amendment; effect unclear from title alone.] | 2025-06-13 VOTE: Voted No: Terminally Ill Adults (End of Life) Bill: New Clause 1 [0: New Clause on end of life bill, effect unclear from title alone.] | 2025-06-13 VOTE: Voted No: Terminally Ill Adults (End of Life) Bill: Amendment (b) to New Clause 14 [0: Amendment to end of life bill, effect unclear from title alone.] | 2025-05-16 VOTE: Voted No: Terminally Ill Adults (End of Life) Bill Report Stage: Amendment (a) to New Clause 10 [0: Amendment to end of life bill, effect unclear from title alone.] | 2024-11-29 VOTE: Voted Aye: Terminally Ill Adults (End of Life) Bill: Second Reading [--: Voted for assisted dying bill's second reading, directly opposing CitizenGO's stance against assisted dying.]"
"Mr Toby Perkins (Labour, Chesterfield)",,,,,1,,"2025-06-20 VOTE: Voted Aye: Terminally Ill Adults (End of Life) Bill: Third Reading [--: Voted to pass assisted dying bill at Third Reading, directly opposing CitizenGO's stance.] | 2025-06-20 VOTE: Voted Aye: Terminally Ill Adults (End of Life) Bill: Amendment 94 [0: Assisted dying bill amendment; effect unclear from title alone.] | 2025-06-20 VOTE: Voted Aye: Terminally Ill Adults (End of Life) Bill: Amendment 77 [0: Assisted dying bill amendment; effect unclear from title alone.] | 2025-06-20 VOTE: Voted No: Terminally Ill Adults (End of Life) Bill: Amendment 12 [0: Assisted dying bill amendment; effect unclear from title alone.] | 2025-06-20 VOTE: Voted No: Terminally Ill Adults (End of Life) Bill: Amendment 24 [0: Assisted dying bill amendment; effect unclear from title alone.] | 2025-06-20 VOTE: Voted No: Terminally Ill Adults (End of Life) Bill: New Clause 16 [0: Assisted dying bill new clause; effect unclear from title alone.] | 2025-06-13 VOTE: Voted Aye: Terminally Ill Adults (End of Life) Bill: New Clause 2 [0: Assisted dying bill amendment; effect unclear from title alone.] | 2025-06-13 VOTE: Voted No: Terminally Ill Adults (End of Life) Bill: New Clause 1 [0: New Clause on end of life bill, effect unclear from title alone.] | 2025-06-13 VOTE: Voted No: Terminally Ill Adults (End of Life) Bill: Amendment (b) to New Clause 14 [0: Amendment to end of life bill, effect unclear from title alone.] | 2025-05-16 VOTE: Voted No: Terminally Ill Adults (End of Life) Bill Report Stage: Amendment (a) to New Clause 10 [0: Amendment to end of life bill, effect unclear from title alone.] | 2024-11-29 VOTE: Voted Aye: Terminally Ill Adults (End of Life) Bill: Second Reading [--: Voted for assisted dying bill's second reading, directly opposing CitizenGO's stance against assisted dying.]"
"Natasha Irons (Labour, Croydon East)",,,,,1,,"2025-06-20 VOTE: Voted Aye: Terminally Ill Adults (End of Life) Bill: Third Reading [--: Voted to pass assisted dying bill at Third Reading, directly opposing CitizenGO's stance.] | 2025-06-20 VOTE: Voted Aye: Terminally Ill Adults (End of Life) Bill: Amendment 94 [0: Assisted dying bill amendment; effect unclear from title alone.] | 2025-06-20 VOTE: Voted Aye: Terminally Ill Adults (End of Life) Bill: Amendment 77 [0: Assisted dying bill amendment; effect unclear from title alone.] | 2025-06-20 VOTE: Voted No: Terminally Ill Adults (End of Life) Bill: Amendment 12 [0: Assisted dying bill amendment; effect unclear from title alone.] | 2025-06-20 VOTE: Voted No: Terminally Ill Adults (End of Life) Bill: Amendment 24 [0: Assisted dying bill amendment; effect unclear from title alone.] | 2025-06-20 VOTE: Voted No: Terminally Ill Adults (End of Life) Bill: New Clause 16 [0: Assisted dying bill new clause; effect unclear from title alone.] | 2025-06-13 VOTE: Voted No: Terminally Ill Adults (End of Life) Bill: New Clause 2 [0: Assisted dying bill amendment; effect unclear from title alone.] | 2025-06-13 VOTE: Voted No: Terminally Ill Adults (End of Life) Bill: New Clause 1 [0: New Clause on end of life bill, effect unclear from title alone.] | 2025-06-13 VOTE: Voted No: Terminally Ill Adults (End of Life) Bill: Amendment (b) to New Clause 14 [0: Amendment to end of life bill, effect unclear from title alone.] | 2025-05-16 VOTE: Voted No: Terminally Ill Adults (End of Life) Bill Report Stage: Amendment (a) to New Clause 10 [0: Amendment to end of life bill, effect unclear from title alone.] | 2024-11-29 VOTE: Voted Aye: Terminally Ill Adults (End of Life) Bill: Second Reading [--: Voted for assisted dying bill's second reading, directly opposing CitizenGO's stance against assisted dying.]"
"Neil Duncan-Jordan (Labour, Poole)",,,,,1,,"2025-06-20 VOTE: Voted Aye: Terminally Ill Adults (End of Life) Bill: Third Reading [--: Voted to pass assisted dying bill at Third Reading, directly opposing CitizenGO's stance.] | 2025-06-20 VOTE: Voted Aye: Terminally Ill Adults (End of Life) Bill: Amendment 94 [0: Assisted dying bill amendment; effect unclear from title alone.] | 2025-06-20 VOTE: Voted Aye: Terminally Ill Adults (End of Life) Bill: Amendment 77 [0: Assisted dying bill amendment; effect unclear from title alone.] | 2025-06-20 VOTE: Voted No: Terminally Ill Adults (End of Life) Bill: Amendment 12 [0: Assisted dying bill amendment; effect unclear from title alone.] | 2025-06-20 VOTE: Voted No: Terminally Ill Adults (End of Life) Bill: Amendment 24 [0: Assisted dying bill amendment; effect unclear from title alone.] | 2025-06-20 VOTE: Voted No: Terminally Ill Adults (End of Life) Bill: New Clause 16 [0: Assisted dying bill new clause; effect unclear from title alone.] | 2025-06-13 VOTE: Voted No: Terminally Ill Adults (End of Life) Bill: New Clause 2 [0: Assisted dying bill amendment; effect unclear from title alone.] | 2025-06-13 VOTE: Voted No: Terminally Ill Adults (End of Life) Bill: New Clause 1 [0: New Clause on end of life bill, effect unclear from title alone.] | 2025-06-13 VOTE: Voted No: Terminally Ill Adults (End of Life) Bill: Amendment (b) to New Clause 14 [0: Amendment to end of life bill, effect unclear from title alone.] | 2025-05-16 VOTE: Voted No: Terminally Ill Adults (End of Life) Bill Report Stage: Amendment (a) to New Clause 10 [0: Amendment to end of life bill, effect unclear from title alone.] | 2024-11-29 VOTE: Voted Aye: Terminally Ill Adults (End of Life) Bill: Second Reading [--: Voted for assisted dying bill's second reading, directly opposing CitizenGO's stance against assisted dying.]"
"Oliver Ryan (Labour (Co-op), Burnley)",,,,,1,,"2025-06-20 VOTE: Voted Aye: Terminally Ill Adults (End of Life) Bill: Third Reading [--: Voted to pass assisted dying bill at Third Reading, directly opposing CitizenGO's stance.] | 2025-06-20 VOTE: Voted Aye: Terminally Ill Adults (End of Life) Bill: Amendment 94 [0: Assisted dying bill amendment; effect unclear from title alone.] | 2025-06-20 VOTE: Voted Aye: Terminally Ill Adults (End of Life) Bill: Amendment 77 [0: Assisted dying bill amendment; effect unclear from title alone.] | 2025-06-20 VOTE: Voted No: Terminally Ill Adults (End of Life) Bill: Amendment 12 [0: Assisted dying bill amendment; effect unclear from title alone.] | 2025-06-20 VOTE: Voted No: Terminally Ill Adults (End of Life) Bill: Amendment 24 [0: Assisted dying bill amendment; effect unclear from title alone.] | 2025-06-20 VOTE: Voted No: Terminally Ill Adults (End of Life) Bill: New Clause 16 [0: Assisted dying bill new clause; effect unclear from title alone.] | 2025-06-13 VOTE: Voted No: Terminally Ill Adults (End of Life) Bill: New Clause 2 [0: Assisted dying bill amendment; effect unclear from title alone.] | 2025-06-13 VOTE: Voted No: Terminally Ill Adults (End of Life) Bill: New Clause 1 [0: New Clause on end of life bill, effect unclear from title alone.] | 2025-06-13 VOTE: Voted No: Terminally Ill Adults (End of Life) Bill: Amendment (b) to New Clause 14 [0: Amendment to end of life bill, effect unclear from title alone.] | 2025-05-16 VOTE: Voted No: Terminally Ill Adults (End of Life) Bill Report Stage: Amendment (a) to New Clause 10 [0: Amendment to end of life bill, effect unclear from title alone.] | 2024-11-29 VOTE: Voted Aye: Terminally Ill Adults (End of Life) Bill: Second Reading [--: Voted for assisted dying bill's second reading, directly opposing CitizenGO's stance against assisted dying.]"
"Olivia Blake (Labour, Sheffield Hallam)",,,,,1,,"2025-06-20 VOTE: Voted Aye: Terminally Ill Adults (End of Life) Bill: Third Reading [--: Voted to pass assisted dying bill at Third Reading, directly opposing CitizenGO's stance.] | 2025-06-20 VOTE: Voted Aye: Terminally Ill Adults (End of Life) Bill: Amendment 94 [0: Assisted dying bill amendment; effect unclear from title alone.] | 2025-06-20 VOTE: Voted Aye: Terminally Ill Adults (End of Life) Bill: Amendment 77 [0: Assisted dying bill amendment; effect unclear from title alone.] | 2025-06-20 VOTE: Voted No: Terminally Ill Adults (End of Life) Bill: Amendment 12 [0: Assisted dying bill amendment; effect unclear from title alone.] | 2025-06-20 VOTE: Voted No: Terminally Ill Adults (End of Life) Bill: Amendment 24 [0: Assisted dying bill amendment; effect unclear from title alone.] | 2025-06-20 VOTE: Voted No: Terminally Ill Adults (End of Life) Bill: New Clause 16 [0: Assisted dying bill new clause; effect unclear from title alone.] | 2025-06-13 VOTE: Voted No: Terminally Ill Adults (End of Life) Bill: New Clause 2 [0: Assisted dying bill amendment; effect unclear from title alone.] | 2025-06-13 VOTE: Voted No: Terminally Ill Adults (End of Life) Bill: New Clause 1 [0: New Clause on end of life bill, effect unclear from title alone.] | 2025-06-13 VOTE: Voted No: Terminally Ill Adults (End of Life) Bill: Amendment (b) to New Clause 14 [0: Amendment to end of life bill, effect unclear from title alone.] | 2025-05-16 VOTE: Voted No: Terminally Ill Adults (End of Life) Bill Report Stage: Amendment (a) to New Clause 10 [0: Amendment to end of life bill, effect unclear from title alone.] | 2024-11-29 VOTE: Voted Aye: Terminally Ill Adults (End of Life) Bill: Second Reading [--: Voted for assisted dying bill's second reading, directly opposing CitizenGO's stance against assisted dying.]"
"Olly Glover (Liberal Democrat, Didcot and Wantage)",,,,,1,,"2025-06-20 VOTE: Voted Aye: Terminally Ill Adults (End of Life) Bill: Third Reading [--: Voted to pass assisted dying bill at Third Reading, directly opposing CitizenGO's stance.] | 2025-06-20 VOTE: Voted Aye: Terminally Ill Adults (End of Life) Bill: Amendment 94 [0: Assisted dying bill amendment; effect unclear from title alone.] | 2025-06-20 VOTE: Voted Aye: Terminally Ill Adults (End of Life) Bill: Amendment 77 [0: Assisted dying bill amendment; effect unclear from title alone.] | 2025-06-20 VOTE: Voted No: Terminally Ill Adults (End of Life) Bill: Amendment 12 [0: Assisted dying bill amendment; effect unclear from title alone.] | 2025-06-20 VOTE: Voted No: Terminally Ill Adults (End of Life) Bill: Amendment 24 [0: Assisted dying bill amendment; effect unclear from title alone.] | 2025-06-20 VOTE: Voted No: Terminally Ill Adults (End of Life) Bill: New Clause 16 [0: Assisted dying bill new clause; effect unclear from title alone.] | 2025-06-13 VOTE: Voted No: Terminally Ill Adults (End of Life) Bill: New Clause 2 [0: Assisted dying bill amendment; effect unclear from title alone.] | 2025-06-13 VOTE: Voted No: Terminally Ill Adults (End of Life) Bill: New Clause 1 [0: New Clause on end of life bill, effect unclear from title alone.] | 2025-06-13 VOTE: Voted No: Terminally Ill Adults (End of Life) Bill: Amendment (b) to New Clause 14 [0: Amendment to end of life bill, effect unclear from title alone.] | 2025-05-16 VOTE: Voted No: Terminally Ill Adults (End of Life) Bill Report Stage: Amendment (a) to New Clause 10 [0: Amendment to end of life bill, effect unclear from title alone.] | 2024-11-29 VOTE: Voted Aye: Terminally Ill Adults (End of Life) Bill: Second Reading [--: Voted for assisted dying bill's second reading, directly opposing CitizenGO's stance against assisted dying.]"
"Pam Cox (Labour, Colchester)",,,,,1,,"2025-06-20 VOTE: Voted Aye: Terminally Ill Adults (End of Life) Bill: Third Reading [--: Voted to pass assisted dying bill at Third Reading, directly opposing CitizenGO's stance.] | 2025-06-20 VOTE: Voted Aye: Terminally Ill Adults (End of Life) Bill: Amendment 94 [0: Assisted dying bill amendment; effect unclear from title alone.] | 2025-06-20 VOTE: Voted Aye: Terminally Ill Adults (End of Life) Bill: Amendment 77 [0: Assisted dying bill amendment; effect unclear from title alone.] | 2025-06-20 VOTE: Voted No: Terminally Ill Adults (End of Life) Bill: Amendment 12 [0: Assisted dying bill amendment; effect unclear from title alone.] | 2025-06-20 VOTE: Voted No: Terminally Ill Adults (End of Life) Bill: Amendment 24 [0: Assisted dying bill amendment; effect unclear from title alone.] | 2025-06-20 VOTE: Voted No: Terminally Ill Adults (End of Life) Bill: New Clause 16 [0: Assisted dying bill new clause; effect unclear from title alone.] | 2025-06-13 VOTE: Voted No: Terminally Ill Adults (End of Life) Bill: New Clause 2 [0: Assisted dying bill amendment; effect unclear from title alone.] | 2025-06-13 VOTE: Voted No: Terminally Ill Adults (End of Life) Bill: New Clause 1 [0: New Clause on end of life bill, effect unclear from title alone.] | 2025-06-13 VOTE: Voted No: Terminally Ill Adults (End of Life) Bill: Amendment (b) to New Clause 14 [0: Amendment to end of life bill, effect unclear from title alone.] | 2025-05-16 VOTE: Voted No: Terminally Ill Adults (End of Life) Bill Report Stage: Amendment (a) to New Clause 10 [0: Amendment to end of life bill, effect unclear from title alone.] | 2024-11-29 VOTE: Voted Aye: Terminally Ill Adults (End of Life) Bill: Second Reading [--: Voted for assisted dying bill's second reading, directly opposing CitizenGO's stance against assisted dying.]"
"Paul Davies (Labour, Colne Valley)",,,,,1,,"2025-06-20 VOTE: Voted Aye: Terminally Ill Adults (End of Life) Bill: Third Reading [--: Voted to pass assisted dying bill at Third Reading, directly opposing CitizenGO's stance.] | 2025-06-20 VOTE: Voted Aye: Terminally Ill Adults (End of Life) Bill: Amendment 94 [0: Assisted dying bill amendment; effect unclear from title alone.] | 2025-06-20 VOTE: Voted Aye: Terminally Ill Adults (End of Life) Bill: Amendment 77 [0: Assisted dying bill amendment; effect unclear from title alone.] | 2025-06-20 VOTE: Voted No: Terminally Ill Adults (End of Life) Bill: Amendment 12 [0: Assisted dying bill amendment; effect unclear from title alone.] | 2025-06-20 VOTE: Voted No: Terminally Ill Adults (End of Life) Bill: Amendment 24 [0: Assisted dying bill amendment; effect unclear from title alone.] | 2025-06-20 VOTE: Voted No: Terminally Ill Adults (End of Life) Bill: New Clause 16 [0: Assisted dying bill new clause; effect unclear from title alone.] | 2025-06-13 VOTE: Voted No: Terminally Ill Adults (End of Life) Bill: New Clause 2 [0: Assisted dying bill amendment; effect unclear from title alone.] | 2025-06-13 VOTE: Voted No: Terminally Ill Adults (End of Life) Bill: New Clause 1 [0: New Clause on end of life bill, effect unclear from title alone.] | 2025-06-13 VOTE: Voted No: Terminally Ill Adults (End of Life) Bill: Amendment (b) to New Clause 14 [0: Amendment to end of life bill, effect unclear from title alone.] | 2025-05-16 VOTE: Voted No: Terminally Ill Adults (End of Life) Bill Report Stage: Amendment (a) to New Clause 10 [0: Amendment to end of life bill, effect unclear from title alone.] | 2024-11-29 VOTE: Voted Aye: Terminally Ill Adults (End of Life) Bill: Second Reading [--: Voted for assisted dying bill's second reading, directly opposing CitizenGO's stance against assisted dying.]"
"Paula Barker (Labour, Liverpool Wavertree)",,,,,1,,"2025-06-20 VOTE: Voted Aye: Terminally Ill Adults (End of Life) Bill: Third Reading [--: Voted to pass assisted dying bill at Third Reading, directly opposing CitizenGO's stance.] | 2025-06-20 VOTE: Voted Aye: Terminally Ill Adults (End of Life) Bill: Amendment 94 [0: Assisted dying bill amendment; effect unclear from title alone.] | 2025-06-20 VOTE: Voted Aye: Terminally Ill Adults (End of Life) Bill: Amendment 77 [0: Assisted dying bill amendment; effect unclear from title alone.] | 2025-06-20 VOTE: Voted No: Terminally Ill Adults (End of Life) Bill: Amendment 12 [0: Assisted dying bill amendment; effect unclear from title alone.] | 2025-06-20 VOTE: Voted No: Terminally Ill Adults (End of Life) Bill: Amendment 24 [0: Assisted dying bill amendment; effect unclear from title alone.] | 2025-06-20 VOTE: Voted No: Terminally Ill Adults (End of Life) Bill: New Clause 16 [0: Assisted dying bill new clause; effect unclear from title alone.] | 2025-06-13 VOTE: Voted No: Terminally Ill Adults (End of Life) Bill: New Clause 2 [0: Assisted dying bill amendment; effect unclear from title alone.] | 2025-06-13 VOTE: Voted No: Terminally Ill Adults (End of Life) Bill: New Clause 1 [0: New Clause on end of life bill, effect unclear from title alone.] | 2025-06-13 VOTE: Voted No: Terminally Ill Adults (End of Life) Bill: Amendment (b) to New Clause 14 [0: Amendment to end of life bill, effect unclear from title alone.] | 2025-05-16 VOTE: Voted No: Terminally Ill Adults (End of Life) Bill Report Stage: Amendment (a) to New Clause 10 [0: Amendment to end of life bill, effect unclear from title alone.] | 2024-11-29 VOTE: Voted Aye: Terminally Ill Adults (End of Life) Bill: Second Reading [--: Voted for assisted dying bill's second reading, directly opposing CitizenGO's stance against assisted dying.]"
"Perran Moon (Labour, Camborne and Redruth)",,,,,1,,"2025-06-20 VOTE: Voted Aye: Terminally Ill Adults (End of Life) Bill: Third Reading [--: Voted to pass assisted dying bill at Third Reading, directly opposing CitizenGO's stance.] | 2025-06-20 VOTE: Voted Aye: Terminally Ill Adults (End of Life) Bill: Amendment 94 [0: Assisted dying bill amendment; effect unclear from title alone.] | 2025-06-20 VOTE: Voted Aye: Terminally Ill Adults (End of Life) Bill: Amendment 77 [0: Assisted dying bill amendment; effect unclear from title alone.] | 2025-06-20 VOTE: Voted No: Terminally Ill Adults (End of Life) Bill: Amendment 12 [0: Assisted dying bill amendment; effect unclear from title alone.] | 2025-06-20 VOTE: Voted No: Terminally Ill Adults (End of Life) Bill: Amendment 24 [0: Assisted dying bill amendment; effect unclear from title alone.] | 2025-06-20 VOTE: Voted No: Terminally Ill Adults (End of Life) Bill: New Clause 16 [0: Assisted dying bill new clause; effect unclear from title alone.] | 2025-06-13 VOTE: Voted No: Terminally Ill Adults (End of Life) Bill: New Clause 2 [0: Assisted dying bill amendment; effect unclear from title alone.] | 2025-06-13 VOTE: Voted No: Terminally Ill Adults (End of Life) Bill: New Clause 1 [0: New Clause on end of life bill, effect unclear from title alone.] | 2025-06-13 VOTE: Voted No: Terminally Ill Adults (End of Life) Bill: Amendment (b) to New Clause 14 [0: Amendment to end of life bill, effect unclear from title alone.] | 2025-05-16 VOTE: Voted No: Terminally Ill Adults (End of Life) Bill Report Stage: Amendment (a) to New Clause 10 [0: Amendment to end of life bill, effect unclear from title alone.] | 2024-11-29 VOTE: Voted Aye: Terminally Ill Adults (End of Life) Bill: Second Reading [--: Voted for assisted dying bill's second reading, directly opposing CitizenGO's stance against assisted dying.]"
"Peter Kyle (Labour, Hove and Portslade)",,,,,1,,"2025-06-20 VOTE: Voted Aye: Terminally Ill Adults (End of Life) Bill: Third Reading [--: Voted to pass assisted dying bill at Third Reading, directly opposing CitizenGO's stance.] | 2025-06-20 VOTE: Voted Aye: Terminally Ill Adults (End of Life) Bill: Amendment 94 [0: Assisted dying bill amendment; effect unclear from title alone.] | 2025-06-20 VOTE: Voted Aye: Terminally Ill Adults (End of Life) Bill: Amendment 77 [0: Assisted dying bill amendment; effect unclear from title alone.] | 2025-06-20 VOTE: Voted No: Terminally Ill Adults (End of Life) Bill: Amendment 12 [0: Assisted dying bill amendment; effect unclear from title alone.] | 2025-06-20 VOTE: Voted No: Terminally Ill Adults (End of Life) Bill: Amendment 24 [0: Assisted dying bill amendment; effect unclear from title alone.] | 2025-06-20 VOTE: Voted No: Terminally Ill Adults (End of Life) Bill: New Clause 16 [0: Assisted dying bill new clause; effect unclear from title alone.] | 2025-06-13 VOTE: Voted No: Terminally Ill Adults (End of Life) Bill: New Clause 2 [0: Assisted dying bill amendment; effect unclear from title alone.] | 2025-06-13 VOTE: Voted No: Terminally Ill Adults (End of Life) Bill: New Clause 1 [0: New Clause on end of life bill, effect unclear from title alone.] | 2025-06-13 VOTE: Voted No: Terminally Ill Adults (End of Life) Bill: Amendment (b) to New Clause 14 [0: Amendment to end of life bill, effect unclear from title alone.] | 2025-05-16 VOTE: Voted No: Terminally Ill Adults (End of Life) Bill Report Stage: Amendment (a) to New Clause 10 [0: Amendment to end of life bill, effect unclear from title alone.] | 2024-11-29 VOTE: Voted Aye: Terminally Ill Adults (End of Life) Bill: Second Reading [--: Voted for assisted dying bill's second reading, directly opposing CitizenGO's stance against assisted dying.]"
"Phil Brickell (Labour, Bolton West)",,,,,1,,"2025-06-20 VOTE: Voted Aye: Terminally Ill Adults (End of Life) Bill: Third Reading [--: Voted to pass assisted dying bill at Third Reading, directly opposing CitizenGO's stance.] | 2025-06-20 VOTE: Voted Aye: Terminally Ill Adults (End of Life) Bill: Amendment 94 [0: Assisted dying bill amendment; effect unclear from title alone.] | 2025-06-20 VOTE: Voted Aye: Terminally Ill Adults (End of Life) Bill: Amendment 77 [0: Assisted dying bill amendment; effect unclear from title alone.] | 2025-06-20 VOTE: Voted No: Terminally Ill Adults (End of Life) Bill: Amendment 12 [0: Assisted dying bill amendment; effect unclear from title alone.] | 2025-06-20 VOTE: Voted No: Terminally Ill Adults (End of Life) Bill: Amendment 24 [0: Assisted dying bill amendment; effect unclear from title alone.] | 2025-06-20 VOTE: Voted No: Terminally Ill Adults (End of Life) Bill: New Clause 16 [0: Assisted dying bill new clause; effect unclear from title alone.] | 2025-06-13 VOTE: Voted No: Terminally Ill Adults (End of Life) Bill: New Clause 2 [0: Assisted dying bill amendment; effect unclear from title alone.] | 2025-06-13 VOTE: Voted No: Terminally Ill Adults (End of Life) Bill: New Clause 1 [0: New Clause on end of life bill, effect unclear from title alone.] | 2025-06-13 VOTE: Voted No: Terminally Ill Adults (End of Life) Bill: Amendment (b) to New Clause 14 [0: Amendment to end of life bill, effect unclear from title alone.] | 2025-05-16 VOTE: Voted No: Terminally Ill Adults (End of Life) Bill Report Stage: Amendment (a) to New Clause 10 [0: Amendment to end of life bill, effect unclear from title alone.] | 2024-11-29 VOTE: Voted Aye: Terminally Ill Adults (End of Life) Bill: Second Reading [--: Voted for assisted dying bill's second reading, directly opposing CitizenGO's stance against assisted dying.]"
"Pippa Heylings (Liberal Democrat, South Cambridgeshire)",,,,,1,,"2025-06-20 VOTE: Voted Aye: Terminally Ill Adults (End of Life) Bill: Third Reading [--: Voted to pass assisted dying bill at Third Reading, directly opposing CitizenGO's stance.] | 2025-06-20 VOTE: Voted Aye: Terminally Ill Adults (End of Life) Bill: Amendment 94 [0: Assisted dying bill amendment; effect unclear from title alone.] | 2025-06-20 VOTE: Voted Aye: Terminally Ill Adults (End of Life) Bill: Amendment 77 [0: Assisted dying bill amendment; effect unclear from title alone.] | 2025-06-20 VOTE: Voted No: Terminally Ill Adults (End of Life) Bill: Amendment 12 [0: Assisted dying bill amendment; effect unclear from title alone.] | 2025-06-20 VOTE: Voted No: Terminally Ill Adults (End of Life) Bill: Amendment 24 [0: Assisted dying bill amendment; effect unclear from title alone.] | 2025-06-20 VOTE: Voted No: Terminally Ill Adults (End of Life) Bill: New Clause 16 [0: Assisted dying bill new clause; effect unclear from title alone.] | 2025-06-13 VOTE: Voted Aye: Terminally Ill Adults (End of Life) Bill: New Clause 2 [0: Assisted dying bill amendment; effect unclear from title alone.] | 2025-06-13 VOTE: Voted No: Terminally Ill Adults (End of Life) Bill: New Clause 1 [0: New Clause on end of life bill, effect unclear from title alone.] | 2025-06-13 VOTE: Voted No: Terminally Ill Adults (End of Life) Bill: Amendment (b) to New Clause 14 [0: Amendment to end of life bill, effect unclear from title alone.] | 2025-05-16 VOTE: Voted No: Terminally Ill Adults (End of Life) Bill Report Stage: Amendment (a) to New Clause 10 [0: Amendment to end of life bill, effect unclear from title alone.] | 2024-11-29 VOTE: Voted Aye: Terminally Ill Adults (End of Life) Bill: Second Reading [--: Voted for assisted dying bill's second reading, directly opposing CitizenGO's stance against assisted dying.]"
"Rachel Blake (Labour (Co-op), Cities of London and Westminster)",,,,,1,,"2025-06-20 VOTE: Voted Aye: Terminally Ill Adults (End of Life) Bill: Third Reading [--: Voted to pass assisted dying bill at Third Reading, directly opposing CitizenGO's stance.] | 2025-06-20 VOTE: Voted Aye: Terminally Ill Adults (End of Life) Bill: Amendment 94 [0: Assisted dying bill amendment; effect unclear from title alone.] | 2025-06-20 VOTE: Voted Aye: Terminally Ill Adults (End of Life) Bill: Amendment 77 [0: Assisted dying bill amendment; effect unclear from title alone.] | 2025-06-20 VOTE: Voted No: Terminally Ill Adults (End of Life) Bill: Amendment 12 [0: Assisted dying bill amendment; effect unclear from title alone.] | 2025-06-20 VOTE: Voted Aye: Terminally Ill Adults (End of Life) Bill: Amendment 24 [0: Assisted dying bill amendment; effect unclear from title alone.] | 2025-06-20 VOTE: Voted No: Terminally Ill Adults (End of Life) Bill: New Clause 16 [0: Assisted dying bill new clause; effect unclear from title alone.] | 2025-06-13 VOTE: Voted Aye: Terminally Ill Adults (End of Life) Bill: New Clause 2 [0: Assisted dying bill amendment; effect unclear from title alone.] | 2025-06-13 VOTE: Voted No: Terminally Ill Adults (End of Life) Bill: New Clause 1 [0: New Clause on end of life bill, effect unclear from title alone.] | 2025-06-13 VOTE: Voted No: Terminally Ill Adults (End of Life) Bill: Amendment (b) to New Clause 14 [0: Amendment to end of life bill, effect unclear from title alone.] | 2025-05-16 VOTE: Voted No: Terminally Ill Adults (End of Life) Bill Report Stage: Amendment (a) to New Clause 10 [0: Amendment to end of life bill, effect unclear from title alone.] | 2024-11-29 VOTE: Voted Aye: Terminally Ill Adults (End of Life) Bill: Second Reading [--: Voted for assisted dying bill's second reading, directly opposing CitizenGO's stance against assisted dying.]"
"Rachel Gilmour (Liberal Democrat, Tiverton and Minehead)",,,,,1,,"2025-06-20 VOTE: Voted Aye: Terminally Ill Adults (End of Life) Bill: Third Reading [--: Voted to pass assisted dying bill at Third Reading, directly opposing CitizenGO's stance.] | 2025-06-20 VOTE: Voted Aye: Terminally Ill Adults (End of Life) Bill: Amendment 94 [0: Assisted dying bill amendment; effect unclear from title alone.] | 2025-06-20 VOTE: Voted Aye: Terminally Ill Adults (End of Life) Bill: Amendment 77 [0: Assisted dying bill amendment; effect unclear from title alone.] | 2025-06-20 VOTE: Voted No: Terminally Ill Adults (End of Life) Bill: Amendment 12 [0: Assisted dying bill amendment; effect unclear from title alone.] | 2025-06-20 VOTE: Voted No: Terminally Ill Adults (End of Life) Bill: Amendment 24 [0: Assisted dying bill amendment; effect unclear from title alone.] | 2025-06-20 VOTE: Voted No: Terminally Ill Adults (End of Life) Bill: New Clause 16 [0: Assisted dying bill new clause; effect unclear from title alone.] | 2025-06-13 VOTE: Voted Aye: Terminally Ill Adults (End of Life) Bill: New Clause 2 [0: Assisted dying bill amendment; effect unclear from title alone.] | 2025-06-13 VOTE: Voted No: Terminally Ill Adults (End of Life) Bill: New Clause 1 [0: New Clause on end of life bill, effect unclear from title alone.] | 2025-06-13 VOTE: Voted No: Terminally Ill Adults (End of Life) Bill: Amendment (b) to New Clause 14 [0: Amendment to end of life bill, effect unclear from title alone.] | 2025-05-16 VOTE: Voted No: Terminally Ill Adults (End of Life) Bill Report Stage: Amendment (a) to New Clause 10 [0: Amendment to end of life bill, effect unclear from title alone.] | 2024-11-29 VOTE: Voted Aye: Terminally Ill Adults (End of Life) Bill: Second Reading [--: Voted for assisted dying bill's second reading, directly opposing CitizenGO's stance against assisted dying.]"
"Rachel Hopkins (Labour, Luton South and South Bedfordshire)",,,,,1,,"2025-06-20 VOTE: Voted Aye: Terminally Ill Adults (End of Life) Bill: Third Reading [--: Voted to pass assisted dying bill at Third Reading, directly opposing CitizenGO's stance.] | 2025-06-20 VOTE: Voted Aye: Terminally Ill Adults (End of Life) Bill: Amendment 94 [0: Assisted dying bill amendment; effect unclear from title alone.] | 2025-06-20 VOTE: Voted Aye: Terminally Ill Adults (End of Life) Bill: Amendment 77 [0: Assisted dying bill amendment; effect unclear from title alone.] | 2025-06-20 VOTE: Voted No: Terminally Ill Adults (End of Life) Bill: Amendment 12 [0: Assisted dying bill amendment; effect unclear from title alone.] | 2025-06-20 VOTE: Voted No: Terminally Ill Adults (End of Life) Bill: Amendment 24 [0: Assisted dying bill amendment; effect unclear from title alone.] | 2025-06-20 VOTE: Voted No: Terminally Ill Adults (End of Life) Bill: New Clause 16 [0: Assisted dying bill new clause; effect unclear from title alone.] | 2025-06-13 VOTE: Voted No: Terminally Ill Adults (End of Life) Bill: New Clause 2 [0: Assisted dying bill amendment; effect unclear from title alone.] | 2025-06-13 VOTE: Voted No: Terminally Ill Adults (End of Life) Bill: New Clause 1 [0: New Clause on end of life bill, effect unclear from title alone.] | 2025-06-13 VOTE: Voted No: Terminally Ill Adults (End of Life) Bill: Amendment (b) to New Clause 14 [0: Amendment to end of life bill, effect unclear from title alone.] | 2025-05-16 VOTE: Voted No: Terminally Ill Adults (End of Life) Bill Report Stage: Amendment (a) to New Clause 10 [0: Amendment to end of life bill, effect unclear from title alone.] | 2024-11-29 VOTE: Voted Aye: Terminally Ill Adults (End of Life) Bill: Second Reading [--: Voted for assisted dying bill's second reading, directly opposing CitizenGO's stance against assisted dying.]"
"Rachel Taylor (Labour, North Warwickshire and Bedworth)",,,,,1,,"2025-06-20 VOTE: Voted Aye: Terminally Ill Adults (End of Life) Bill: Third Reading [--: Voted to pass assisted dying bill at Third Reading, directly opposing CitizenGO's stance.] | 2025-06-20 VOTE: Voted Aye: Terminally Ill Adults (End of Life) Bill: Amendment 94 [0: Assisted dying bill amendment; effect unclear from title alone.] | 2025-06-20 VOTE: Voted Aye: Terminally Ill Adults (End of Life) Bill: Amendment 77 [0: Assisted dying bill amendment; effect unclear from title alone.] | 2025-06-20 VOTE: Voted No: Terminally Ill Adults (End of Life) Bill: Amendment 12 [0: Assisted dying bill amendment; effect unclear from title alone.] | 2025-06-20 VOTE: Voted No: Terminally Ill Adults (End of Life) Bill: Amendment 24 [0: Assisted dying bill amendment; effect unclear from title alone.] | 2025-06-20 VOTE: Voted No: Terminally Ill Adults (End of Life) Bill: New Clause 16 [0: Assisted dying bill new clause; effect unclear from title alone.] | 2025-06-13 VOTE: Voted No: Terminally Ill Adults (End of Life) Bill: New Clause 2 [0: Assisted dying bill amendment; effect unclear from title alone.] | 2025-06-13 VOTE: Voted No: Terminally Ill Adults (End of Life) Bill: New Clause 1 [0: New Clause on end of life bill, effect unclear from title alone.] | 2025-06-13 VOTE: Voted No: Terminally Ill Adults (End of Life) Bill: Amendment (b) to New Clause 14 [0: Amendment to end of life bill, effect unclear from title alone.] | 2025-05-16 VOTE: Voted No: Terminally Ill Adults (End of Life) Bill Report Stage: Amendment (a) to New Clause 10 [0: Amendment to end of life bill, effect unclear from title alone.] | 2024-11-29 VOTE: Voted Aye: Terminally Ill Adults (End of Life) Bill: Second Reading [--: Voted for assisted dying bill's second reading, directly opposing CitizenGO's stance against assisted dying.]"
"Richard Tice (Reform UK, Boston and Skegness)",,,,,1,,"2025-06-20 VOTE: Voted Aye: Terminally Ill Adults (End of Life) Bill: Third Reading [--: Voted to pass assisted dying bill at Third Reading, directly opposing CitizenGO's stance.] | 2025-06-20 VOTE: Voted Aye: Terminally Ill Adults (End of Life) Bill: Amendment 94 [0: Assisted dying bill amendment; effect unclear from title alone.] | 2025-06-20 VOTE: Voted Aye: Terminally Ill Adults (End of Life) Bill: Amendment 77 [0: Assisted dying bill amendment; effect unclear from title alone.] | 2025-06-20 VOTE: Voted No: Terminally Ill Adults (End of Life) Bill: Amendment 12 [0: Assisted dying bill amendment; effect unclear from title alone.] | 2025-06-20 VOTE: Voted No: Terminally Ill Adults (End of Life) Bill: Amendment 24 [0: Assisted dying bill amendment; effect unclear from title alone.] | 2025-06-20 VOTE: Voted No: Terminally Ill Adults (End of Life) Bill: New Clause 16 [0: Assisted dying bill new clause; effect unclear from title alone.] | 2025-06-13 VOTE: Voted No: Terminally Ill Adults (End of Life) Bill: New Clause 2 [0: Assisted dying bill amendment; effect unclear from title alone.] | 2025-06-13 VOTE: Voted No: Terminally Ill Adults (End of Life) Bill: New Clause 1 [0: New Clause on end of life bill, effect unclear from title alone.] | 2025-06-13 VOTE: Voted No: Terminally Ill Adults (End of Life) Bill: Amendment (b) to New Clause 14 [0: Amendment to end of life bill, effect unclear from title alone.] | 2025-05-16 VOTE: Voted No: Terminally Ill Adults (End of Life) Bill Report Stage: Amendment (a) to New Clause 10 [0: Amendment to end of life bill, effect unclear from title alone.] | 2024-11-29 VOTE: Voted Aye: Terminally Ill Adults (End of Life) Bill: Second Reading [--: Voted for assisted dying bill's second reading, directly opposing CitizenGO's stance against assisted dying.]"
"Rosie Wrighting (Labour, Kettering)",,,,,1,,"2025-06-20 VOTE: Voted Aye: Terminally Ill Adults (End of Life) Bill: Third Reading [--: Voted to pass assisted dying bill at Third Reading, directly opposing CitizenGO's stance.] | 2025-06-20 VOTE: Voted Aye: Terminally Ill Adults (End of Life) Bill: Amendment 94 [0: Assisted dying bill amendment; effect unclear from title alone.] | 2025-06-20 VOTE: Voted Aye: Terminally Ill Adults (End of Life) Bill: Amendment 77 [0: Assisted dying bill amendment; effect unclear from title alone.] | 2025-06-20 VOTE: Voted No: Terminally Ill Adults (End of Life) Bill: Amendment 12 [0: Assisted dying bill amendment; effect unclear from title alone.] | 2025-06-20 VOTE: Voted No: Terminally Ill Adults (End of Life) Bill: Amendment 24 [0: Assisted dying bill amendment; effect unclear from title alone.] | 2025-06-20 VOTE: Voted No: Terminally Ill Adults (End of Life) Bill: New Clause 16 [0: Assisted dying bill new clause; effect unclear from title alone.] | 2025-06-13 VOTE: Voted No: Terminally Ill Adults (End of Life) Bill: New Clause 2 [0: Assisted dying bill amendment; effect unclear from title alone.] | 2025-06-13 VOTE: Voted No: Terminally Ill Adults (End of Life) Bill: New Clause 1 [0: New Clause on end of life bill, effect unclear from title alone.] | 2025-06-13 VOTE: Voted No: Terminally Ill Adults (End of Life) Bill: Amendment (b) to New Clause 14 [0: Amendment to end of life bill, effect unclear from title alone.] | 2025-05-16 VOTE: Voted No: Terminally Ill Adults (End of Life) Bill Report Stage: Amendment (a) to New Clause 10 [0: Amendment to end of life bill, effect unclear from title alone.] | 2024-11-29 VOTE: Voted Aye: Terminally Ill Adults (End of Life) Bill: Second Reading [--: Voted for assisted dying bill's second reading, directly opposing CitizenGO's stance against assisted dying.]"
"Sadik Al-Hassan (Labour, North Somerset)",,,,,1,,"2025-06-20 VOTE: Voted Aye: Terminally Ill Adults (End of Life) Bill: Third Reading [--: Voted to pass assisted dying bill at Third Reading, directly opposing CitizenGO's stance.] | 2025-06-20 VOTE: Voted Aye: Terminally Ill Adults (End of Life) Bill: Amendment 94 [0: Assisted dying bill amendment; effect unclear from title alone.] | 2025-06-20 VOTE: Voted Aye: Terminally Ill Adults (End of Life) Bill: Amendment 77 [0: Assisted dying bill amendment; effect unclear from title alone.] | 2025-06-20 VOTE: Voted No: Terminally Ill Adults (End of Life) Bill: Amendment 12 [0: Assisted dying bill amendment; effect unclear from title alone.] | 2025-06-20 VOTE: Voted No: Terminally Ill Adults (End of Life) Bill: Amendment 24 [0: Assisted dying bill amendment; effect unclear from title alone.] | 2025-06-20 VOTE: Voted No: Terminally Ill Adults (End of Life) Bill: New Clause 16 [0: Assisted dying bill new clause; effect unclear from title alone.] | 2025-06-13 VOTE: Voted No: Terminally Ill Adults (End of Life) Bill: New Clause 2 [0: Assisted dying bill amendment; effect unclear from title alone.] | 2025-06-13 VOTE: Voted No: Terminally Ill Adults (End of Life) Bill: New Clause 1 [0: New Clause on end of life bill, effect unclear from title alone.] | 2025-06-13 VOTE: Voted No: Terminally Ill Adults (End of Life) Bill: Amendment (b) to New Clause 14 [0: Amendment to end of life bill, effect unclear from title alone.] | 2025-05-16 VOTE: Voted No: Terminally Ill Adults (End of Life) Bill Report Stage: Amendment (a) to New Clause 10 [0: Amendment to end of life bill, effect unclear from title alone.] | 2024-11-29 VOTE: Voted Aye: Terminally Ill Adults (End of Life) Bill: Second Reading [--: Voted for assisted dying bill's second reading, directly opposing CitizenGO's stance against assisted dying.]"
"Sam Carling (Labour, North West Cambridgeshire)",,,,,1,,"2025-06-20 VOTE: Voted Aye: Terminally Ill Adults (End of Life) Bill: Third Reading [--: Voted to pass assisted dying bill at Third Reading, directly opposing CitizenGO's stance.] | 2025-06-20 VOTE: Voted Aye: Terminally Ill Adults (End of Life) Bill: Amendment 94 [0: Assisted dying bill amendment; effect unclear from title alone.] | 2025-06-20 VOTE: Voted Aye: Terminally Ill Adults (End of Life) Bill: Amendment 77 [0: Assisted dying bill amendment; effect unclear from title alone.] | 2025-06-20 VOTE: Voted No: Terminally Ill Adults (End of Life) Bill: Amendment 12 [0: Assisted dying bill amendment; effect unclear from title alone.] | 2025-06-20 VOTE: Voted No: Terminally Ill Adults (End of Life) Bill: Amendment 24 [0: Assisted dying bill amendment; effect unclear from title alone.] | 2025-06-20 VOTE: Voted No: Terminally Ill Adults (End of Life) Bill: New Clause 16 [0: Assisted dying bill new clause; effect unclear from title alone.] | 2025-06-13 VOTE: Voted No: Terminally Ill Adults (End of Life) Bill: New Clause 2 [0: Assisted dying bill amendment; effect unclear from title alone.] | 2025-06-13 VOTE: Voted No: Terminally Ill Adults (End of Life) Bill: New Clause 1 [0: New Clause on end of life bill, effect unclear from title alone.] | 2025-06-13 VOTE: Voted No: Terminally Ill Adults (End of Life) Bill: Amendment (b) to New Clause 14 [0: Amendment to end of life bill, effect unclear from title alone.] | 2025-05-16 VOTE: Voted No: Terminally Ill Adults (End of Life) Bill Report Stage: Amendment (a) to New Clause 10 [0: Amendment to end of life bill, effect unclear from title alone.] | 2024-11-29 VOTE: Voted Aye: Terminally Ill Adults (End of Life) Bill: Second Reading [--: Voted for assisted dying bill's second reading, directly opposing CitizenGO's stance against assisted dying.]"
"Samantha Dixon (Labour, Chester North and Neston)",,,,,1,,"2025-06-20 VOTE: Voted Aye: Terminally Ill Adults (End of Life) Bill: Third Reading [--: Voted to pass assisted dying bill at Third Reading, directly opposing CitizenGO's stance.] | 2025-06-20 VOTE: Voted Aye: Terminally Ill Adults (End of Life) Bill: Amendment 94 [0: Assisted dying bill amendment; effect unclear from title alone.] | 2025-06-20 VOTE: Voted Aye: Terminally Ill Adults (End of Life) Bill: Amendment 77 [0: Assisted dying bill amendment; effect unclear from title alone.] | 2025-06-20 VOTE: Voted No: Terminally Ill Adults (End of Life) Bill: Amendment 12 [0: Assisted dying bill amendment; effect unclear from title alone.] | 2025-06-20 VOTE: Voted No: Terminally Ill Adults (End of Life) Bill: Amendment 24 [0: Assisted dying bill amendment; effect unclear from title alone.] | 2025-06-20 VOTE: Voted No: Terminally Ill Adults (End of Life) Bill: New Clause 16 [0: Assisted dying bill new clause; effect unclear from title alone.] | 2025-06-13 VOTE: Voted No: Terminally Ill Adults (End of Life) Bill: New Clause 2 [0: Assisted dying bill amendment; effect unclear from title alone.] | 2025-06-13 VOTE: Voted No: Terminally Ill Adults (End of Life) Bill: New Clause 1 [0: New Clause on end of life bill, effect unclear from title alone.] | 2025-06-13 VOTE: Voted No: Terminally Ill Adults (End of Life) Bill: Amendment (b) to New Clause 14 [0: Amendment to end of life bill, effect unclear from title alone.] | 2025-05-16 VOTE: Voted No: Terminally Ill Adults (End of Life) Bill Report Stage: Amendment (a) to New Clause 10 [0: Amendment to end of life bill, effect unclear from title alone.] | 2024-11-29 VOTE: Voted Aye: Terminally Ill Adults (End of Life) Bill: Second Reading [--: Voted for assisted dying bill's second reading, directly opposing CitizenGO's stance against assisted dying.]"
"Samantha Niblett (Labour, South Derbyshire)",,,,,1,,"2025-06-20 VOTE: Voted Aye: Terminally Ill Adults (End of Life) Bill: Third Reading [--: Voted to pass assisted dying bill at Third Reading, directly opposing CitizenGO's stance.] | 2025-06-20 VOTE: Voted Aye: Terminally Ill Adults (End of Life) Bill: Amendment 94 [0: Assisted dying bill amendment; effect unclear from title alone.] | 2025-06-20 VOTE: Voted Aye: Terminally Ill Adults (End of Life) Bill: Amendment 77 [0: Assisted dying bill amendment; effect unclear from title alone.] | 2025-06-20 VOTE: Voted No: Terminally Ill Adults (End of Life) Bill: Amendment 12 [0: Assisted dying bill amendment; effect unclear from title alone.] | 2025-06-20 VOTE: Voted No: Terminally Ill Adults (End of Life) Bill: Amendment 24 [0: Assisted dying bill amendment; effect unclear from title alone.] | 2025-06-20 VOTE: Voted No: Terminally Ill Adults (End of Life) Bill: New Clause 16 [0: Assisted dying bill new clause; effect unclear from title alone.] | 2025-06-13 VOTE: Voted No: Terminally Ill Adults (End of Life) Bill: New Clause 2 [0: Assisted dying bill amendment; effect unclear from title alone.] | 2025-06-13 VOTE: Voted No: Terminally Ill Adults (End of Life) Bill: New Clause 1 [0: New Clause on end of life bill, effect unclear from title alone.] | 2025-06-13 VOTE: Voted No: Terminally Ill Adults (End of Life) Bill: Amendment (b) to New Clause 14 [0: Amendment to end of life bill, effect unclear from title alone.] | 2025-05-16 VOTE: Voted No: Terminally Ill Adults (End of Life) Bill Report Stage: Amendment (a) to New Clause 10 [0: Amendment to end of life bill, effect unclear from title alone.] | 2024-11-29 VOTE: Voted Aye: Terminally Ill Adults (End of Life) Bill: Second Reading [--: Voted for assisted dying bill's second reading, directly opposing CitizenGO's stance against assisted dying.]"
"Sarah Champion (Labour, Rotherham)",,,,,1,,"2025-06-20 VOTE: Voted Aye: Terminally Ill Adults (End of Life) Bill: Third Reading [--: Voted to pass assisted dying bill at Third Reading, directly opposing CitizenGO's stance.] | 2025-06-20 VOTE: Voted Aye: Terminally Ill Adults (End of Life) Bill: Amendment 94 [0: Assisted dying bill amendment; effect unclear from title alone.] | 2025-06-20 VOTE: Voted Aye: Terminally Ill Adults (End of Life) Bill: Amendment 77 [0: Assisted dying bill amendment; effect unclear from title alone.] | 2025-06-20 VOTE: Voted No: Terminally Ill Adults (End of Life) Bill: Amendment 12 [0: Assisted dying bill amendment; effect unclear from title alone.] | 2025-06-20 VOTE: Voted No: Terminally Ill Adults (End of Life) Bill: Amendment 24 [0: Assisted dying bill amendment; effect unclear from title alone.] | 2025-06-20 VOTE: Voted No: Terminally Ill Adults (End of Life) Bill: New Clause 16 [0: Assisted dying bill new clause; effect unclear from title alone.] | 2025-06-13 VOTE: Voted No: Terminally Ill Adults (End of Life) Bill: New Clause 2 [0: Assisted dying bill amendment; effect unclear from title alone.] | 2025-06-13 VOTE: Voted No: Terminally Ill Adults (End of Life) Bill: New Clause 1 [0: New Clause on end of life bill, effect unclear from title alone.] | 2025-06-13 VOTE: Voted No: Terminally Ill Adults (End of Life) Bill: Amendment (b) to New Clause 14 [0: Amendment to end of life bill, effect unclear from title alone.] | 2025-05-16 VOTE: Voted No: Terminally Ill Adults (End of Life) Bill Report Stage: Amendment (a) to New Clause 10 [0: Amendment to end of life bill, effect unclear from title alone.] | 2024-11-29 VOTE: Voted Aye: Terminally Ill Adults (End of Life) Bill: Second Reading [--: Voted for assisted dying bill's second reading, directly opposing CitizenGO's stance against assisted dying.]"
"Sarah Coombes (Labour, West Bromwich)",,,,,1,,"2025-06-20 VOTE: Voted Aye: Terminally Ill Adults (End of Life) Bill: Third Reading [--: Voted to pass assisted dying bill at Third Reading, directly opposing CitizenGO's stance.] | 2025-06-20 VOTE: Voted Aye: Terminally Ill Adults (End of Life) Bill: Amendment 94 [0: Assisted dying bill amendment; effect unclear from title alone.] | 2025-06-20 VOTE: Voted Aye: Terminally Ill Adults (End of Life) Bill: Amendment 77 [0: Assisted dying bill amendment; effect unclear from title alone.] | 2025-06-20 VOTE: Voted No: Terminally Ill Adults (End of Life) Bill: Amendment 12 [0: Assisted dying bill amendment; effect unclear from title alone.] | 2025-06-20 VOTE: Voted No: Terminally Ill Adults (End of Life) Bill: Amendment 24 [0: Assisted dying bill amendment; effect unclear from title alone.] | 2025-06-20 VOTE: Voted No: Terminally Ill Adults (End of Life) Bill: New Clause 16 [0: Assisted dying bill new clause; effect unclear from title alone.] | 2025-06-13 VOTE: Voted No: Terminally Ill Adults (End of Life) Bill: New Clause 2 [0: Assisted dying bill amendment; effect unclear from title alone.] | 2025-06-13 VOTE: Voted No: Terminally Ill Adults (End of Life) Bill: New Clause 1 [0: New Clause on end of life bill, effect unclear from title alone.] | 2025-06-13 VOTE: Voted No: Terminally Ill Adults (End of Life) Bill: Amendment (b) to New Clause 14 [0: Amendment to end of life bill, effect unclear from title alone.] | 2025-05-16 VOTE: Voted No: Terminally Ill Adults (End of Life) Bill Report Stage: Amendment (a) to New Clause 10 [0: Amendment to end of life bill, effect unclear from title alone.] | 2024-11-29 VOTE: Voted Aye: Terminally Ill Adults (End of Life) Bill: Second Reading [--: Voted for assisted dying bill's second reading, directly opposing CitizenGO's stance against assisted dying.]"
"Sarah Dyke (Liberal Democrat, Glastonbury and Somerton)",,,,,1,,"2025-06-20 VOTE: Voted Aye: Terminally Ill Adults (End of Life) Bill: Third Reading [--: Voted to pass assisted dying bill at Third Reading, directly opposing CitizenGO's stance.] | 2025-06-20 VOTE: Voted Aye: Terminally Ill Adults (End of Life) Bill: Amendment 94 [0: Assisted dying bill amendment; effect unclear from title alone.] | 2025-06-20 VOTE: Voted Aye: Terminally Ill Adults (End of Life) Bill: Amendment 77 [0: Assisted dying bill amendment; effect unclear from title alone.] | 2025-06-20 VOTE: Voted No: Terminally Ill Adults (End of Life) Bill: Amendment 12 [0: Assisted dying bill amendment; effect unclear from title alone.] | 2025-06-20 VOTE: Voted No: Terminally Ill Adults (End of Life) Bill: Amendment 24 [0: Assisted dying bill amendment; effect unclear from title alone.] | 2025-06-20 VOTE: Voted No: Terminally Ill Adults (End of Life) Bill: New Clause 16 [0: Assisted dying bill new clause; effect unclear from title alone.] | 2025-06-13 VOTE: Voted No: Terminally Ill Adults (End of Life) Bill: New Clause 2 [0: Assisted dying bill amendment; effect unclear from title alone.] | 2025-06-13 VOTE: Voted No: Terminally Ill Adults (End of Life) Bill: New Clause 1 [0: New Clause on end of life bill, effect unclear from title alone.] | 2025-06-13 VOTE: Voted No: Terminally Ill Adults (End of Life) Bill: Amendment (b) to New Clause 14 [0: Amendment to end of life bill, effect unclear from title alone.] | 2025-05-16 VOTE: Voted No: Terminally Ill Adults (End of Life) Bill Report Stage: Amendment (a) to New Clause 10 [0: Amendment to end of life bill, effect unclear from title alone.] | 2024-11-29 VOTE: Voted Aye: Terminally Ill Adults (End of Life) Bill: Second Reading [--: Voted for assisted dying bill's second reading, directly opposing CitizenGO's stance against assisted dying.]"
"Sarah Edwards (Labour, Tamworth)",,,,,1,,"2025-06-20 VOTE: Voted Aye: Terminally Ill Adults (End of Life) Bill: Third Reading [--: Voted to pass assisted dying bill at Third Reading, directly opposing CitizenGO's stance.] | 2025-06-20 VOTE: Voted Aye: Terminally Ill Adults (End of Life) Bill: Amendment 94 [0: Assisted dying bill amendment; effect unclear from title alone.] | 2025-06-20 VOTE: Voted Aye: Terminally Ill Adults (End of Life) Bill: Amendment 77 [0: Assisted dying bill amendment; effect unclear from title alone.] | 2025-06-20 VOTE: Voted No: Terminally Ill Adults (End of Life) Bill: Amendment 12 [0: Assisted dying bill amendment; effect unclear from title alone.] | 2025-06-20 VOTE: Voted No: Terminally Ill Adults (End of Life) Bill: Amendment 24 [0: Assisted dying bill amendment; effect unclear from title alone.] | 2025-06-20 VOTE: Voted No: Terminally Ill Adults (End of Life) Bill: New Clause 16 [0: Assisted dying bill new clause; effect unclear from title alone.] | 2025-06-13 VOTE: Voted No: Terminally Ill Adults (End of Life) Bill: New Clause 2 [0: Assisted dying bill amendment; effect unclear from title alone.] | 2025-06-13 VOTE: Voted No: Terminally Ill Adults (End of Life) Bill: New Clause 1 [0: New Clause on end of life bill, effect unclear from title alone.] | 2025-06-13 VOTE: Voted No: Terminally Ill Adults (End of Life) Bill: Amendment (b) to New Clause 14 [0: Amendment to end of life bill, effect unclear from title alone.] | 2025-05-16 VOTE: Voted No: Terminally Ill Adults (End of Life) Bill Report Stage: Amendment (a) to New Clause 10 [0: Amendment to end of life bill, effect unclear from title alone.] | 2024-11-29 VOTE: Voted Aye: Terminally Ill Adults (End of Life) Bill: Second Reading [--: Voted for assisted dying bill's second reading, directly opposing CitizenGO's stance against assisted dying.]"
"Sarah Gibson (Liberal Democrat, Chippenham)",,,,,1,,"2025-06-20 VOTE: Voted Aye: Terminally Ill Adults (End of Life) Bill: Third Reading [--: Voted to pass assisted dying bill at Third Reading, directly opposing CitizenGO's stance.] | 2025-06-20 VOTE: Voted Aye: Terminally Ill Adults (End of Life) Bill: Amendment 94 [0: Assisted dying bill amendment; effect unclear from title alone.] | 2025-06-20 VOTE: Voted Aye: Terminally Ill Adults (End of Life) Bill: Amendment 77 [0: Assisted dying bill amendment; effect unclear from title alone.] | 2025-06-20 VOTE: Voted No: Terminally Ill Adults (End of Life) Bill: Amendment 12 [0: Assisted dying bill amendment; effect unclear from title alone.] | 2025-06-20 VOTE: Voted No: Terminally Ill Adults (End of Life) Bill: Amendment 24 [0: Assisted dying bill amendment; effect unclear from title alone.] | 2025-06-20 VOTE: Voted No: Terminally Ill Adults (End of Life) Bill: New Clause 16 [0: Assisted dying bill new clause; effect unclear from title alone.] | 2025-06-13 VOTE: Voted No: Terminally Ill Adults (End of Life) Bill: New Clause 2 [0: Assisted dying bill amendment; effect unclear from title alone.] | 2025-06-13 VOTE: Voted No: Terminally Ill Adults (End of Life) Bill: New Clause 1 [0: New Clause on end of life bill, effect unclear from title alone.] | 2025-06-13 VOTE: Voted No: Terminally Ill Adults (End of Life) Bill: Amendment (b) to New Clause 14 [0: Amendment to end of life bill, effect unclear from title alone.] | 2025-05-16 VOTE: Voted No: Terminally Ill Adults (End of Life) Bill Report Stage: Amendment (a) to New Clause 10 [0: Amendment to end of life bill, effect unclear from title alone.] | 2024-11-29 VOTE: Voted Aye: Terminally Ill Adults (End of Life) Bill: Second Reading [--: Voted for assisted dying bill's second reading, directly opposing CitizenGO's stance against assisted dying.]"
"Sarah Green (Liberal Democrat, Chesham and Amersham)",,,,,1,,"2025-06-20 VOTE: Voted Aye: Terminally Ill Adults (End of Life) Bill: Third Reading [--: Voted to pass assisted dying bill at Third Reading, directly opposing CitizenGO's stance.] | 2025-06-20 VOTE: Voted Aye: Terminally Ill Adults (End of Life) Bill: Amendment 94 [0: Assisted dying bill amendment; effect unclear from title alone.] | 2025-06-20 VOTE: Voted Aye: Terminally Ill Adults (End of Life) Bill: Amendment 77 [0: Assisted dying bill amendment; effect unclear from title alone.] | 2025-06-20 VOTE: Voted No: Terminally Ill Adults (End of Life) Bill: Amendment 12 [0: Assisted dying bill amendment; effect unclear from title alone.] | 2025-06-20 VOTE: Voted No: Terminally Ill Adults (End of Life) Bill: Amendment 24 [0: Assisted dying bill amendment; effect unclear from title alone.] | 2025-06-20 VOTE: Voted No: Terminally Ill Adults (End of Life) Bill: New Clause 16 [0: Assisted dying bill new clause; effect unclear from title alone.] | 2025-06-13 VOTE: Voted No: Terminally Ill Adults (End of Life) Bill: New Clause 2 [0: Assisted dying bill amendment; effect unclear from title alone.] | 2025-06-13 VOTE: Voted No: Terminally Ill Adults (End of Life) Bill: New Clause 1 [0: New Clause on end of life bill, effect unclear from title alone.] | 2025-06-13 VOTE: Voted No: Terminally Ill Adults (End of Life) Bill: Amendment (b) to New Clause 14 [0: Amendment to end of life bill, effect unclear from title alone.] | 2025-05-16 VOTE: Voted No: Terminally Ill Adults (End of Life) Bill Report Stage: Amendment (a) to New Clause 10 [0: Amendment to end of life bill, effect unclear from title alone.] | 2024-11-29 VOTE: Voted Aye: Terminally Ill Adults (End of Life) Bill: Second Reading [--: Voted for assisted dying bill's second reading, directly opposing CitizenGO's stance against assisted dying.]"
"Sarah Hall (Labour (Co-op), Warrington South)",,,,,1,,"2025-06-20 VOTE: Voted Aye: Terminally Ill Adults (End of Life) Bill: Third Reading [--: Voted to pass assisted dying bill at Third Reading, directly opposing CitizenGO's stance.] | 2025-06-20 VOTE: Voted Aye: Terminally Ill Adults (End of Life) Bill: Amendment 94 [0: Assisted dying bill amendment; effect unclear from title alone.] | 2025-06-20 VOTE: Voted Aye: Terminally Ill Adults (End of Life) Bill: Amendment 77 [0: Assisted dying bill amendment; effect unclear from title alone.] | 2025-06-20 VOTE: Voted No: Terminally Ill Adults (End of Life) Bill: Amendment 12 [0: Assisted dying bill amendment; effect unclear from title alone.] | 2025-06-20 VOTE: Voted No: Terminally Ill Adults (End of Life) Bill: Amendment 24 [0: Assisted dying bill amendment; effect unclear from title alone.] | 2025-06-20 VOTE: Voted No: Terminally Ill Adults (End of Life) Bill: New Clause 16 [0: Assisted dying bill new clause; effect unclear from title alone.] | 2025-06-13 VOTE: Voted No: Terminally Ill Adults (End of Life) Bill: New Clause 2 [0: Assisted dying bill amendment; effect unclear from title alone.] | 2025-06-13 VOTE: Voted No: Terminally Ill Adults (End of Life) Bill: New Clause 1 [0: New Clause on end of life bill, effect unclear from title alone.] | 2025-06-13 VOTE: Voted No: Terminally Ill Adults (End of Life) Bill: Amendment (b) to New Clause 14 [0: Amendment to end of life bill, effect unclear from title alone.] | 2025-05-16 VOTE: Voted No: Terminally Ill Adults (End of Life) Bill Report Stage: Amendment (a) to New Clause 10 [0: Amendment to end of life bill, effect unclear from title alone.] | 2024-11-29 VOTE: Voted Aye: Terminally Ill Adults (End of Life) Bill: Second Reading [--: Voted for assisted dying bill's second reading, directly opposing CitizenGO's stance against assisted dying.]"
"Sarah Russell (Labour, Congleton)",,,,,1,,"2025-06-20 VOTE: Voted Aye: Terminally Ill Adults (End of Life) Bill: Third Reading [--: Voted to pass assisted dying bill at Third Reading, directly opposing CitizenGO's stance.] | 2025-06-20 VOTE: Voted Aye: Terminally Ill Adults (End of Life) Bill: Amendment 94 [0: Assisted dying bill amendment; effect unclear from title alone.] | 2025-06-20 VOTE: Voted Aye: Terminally Ill Adults (End of Life) Bill: Amendment 77 [0: Assisted dying bill amendment; effect unclear from title alone.] | 2025-06-20 VOTE: Voted No: Terminally Ill Adults (End of Life) Bill: Amendment 12 [0: Assisted dying bill amendment; effect unclear from title alone.] | 2025-06-20 VOTE: Voted No: Terminally Ill Adults (End of Life) Bill: Amendment 24 [0: Assisted dying bill amendment; effect unclear from title alone.] | 2025-06-20 VOTE: Voted No: Terminally Ill Adults (End of Life) Bill: New Clause 16 [0: Assisted dying bill new clause; effect unclear from title alone.] | 2025-06-13 VOTE: Voted No: Terminally Ill Adults (End of Life) Bill: New Clause 2 [0: Assisted dying bill amendment; effect unclear from title alone.] | 2025-06-13 VOTE: Voted No: Terminally Ill Adults (End of Life) Bill: New Clause 1 [0: New Clause on end of life bill, effect unclear from title alone.] | 2025-06-13 VOTE: Voted No: Terminally Ill Adults (End of Life) Bill: Amendment (b) to New Clause 14 [0: Amendment to end of life bill, effect unclear from title alone.] | 2025-05-16 VOTE: Voted No: Terminally Ill Adults (End of Life) Bill Report Stage: Amendment (a) to New Clause 10 [0: Amendment to end of life bill, effect unclear from title alone.] | 2024-11-29 VOTE: Voted Aye: Terminally Ill Adults (End of Life) Bill: Second Reading [--: Voted for assisted dying bill's second reading, directly opposing CitizenGO's stance against assisted dying.]"
"Sarah Sackman (Labour, Finchley and Golders Green)",,,,,1,,"2025-06-20 VOTE: Voted Aye: Terminally Ill Adults (End of Life) Bill: Third Reading [--: Voted to pass assisted dying bill at Third Reading, directly opposing CitizenGO's stance.] | 2025-06-20 VOTE: Voted Aye: Terminally Ill Adults (End of Life) Bill: Amendment 94 [0: Assisted dying bill amendment; effect unclear from title alone.] | 2025-06-20 VOTE: Voted Aye: Terminally Ill Adults (End of Life) Bill: Amendment 77 [0: Assisted dying bill amendment; effect unclear from title alone.] | 2025-06-20 VOTE: Voted No: Terminally Ill Adults (End of Life) Bill: Amendment 12 [0: Assisted dying bill amendment; effect unclear from title alone.] | 2025-06-20 VOTE: Voted No: Terminally Ill Adults (End of Life) Bill: Amendment 24 [0: Assisted dying bill amendment; effect unclear from title alone.] | 2025-06-20 VOTE: Voted No: Terminally Ill Adults (End of Life) Bill: New Clause 16 [0: Assisted dying bill new clause; effect unclear from title alone.] | 2025-06-13 VOTE: Voted No: Terminally Ill Adults (End of Life) Bill: New Clause 2 [0: Assisted dying bill amendment; effect unclear from title alone.] | 2025-06-13 VOTE: Voted No: Terminally Ill Adults (End of Life) Bill: New Clause 1 [0: New Clause on end of life bill, effect unclear from title alone.] | 2025-06-13 VOTE: Voted No: Terminally Ill Adults (End of Life) Bill: Amendment (b) to New Clause 14 [0: Amendment to end of life bill, effect unclear from title alone.] | 2025-05-16 VOTE: Voted No: Terminally Ill Adults (End of Life) Bill Report Stage: Amendment (a) to New Clause 10 [0: Amendment to end of life bill, effect unclear from title alone.] | 2024-11-29 VOTE: Voted Aye: Terminally Ill Adults (End of Life) Bill: Second Reading [--: Voted for assisted dying bill's second reading, directly opposing CitizenGO's stance against assisted dying.]"
"Shaun Davies (Labour, Telford)",,,,,1,,"2025-06-20 VOTE: Voted Aye: Terminally Ill Adults (End of Life) Bill: Third Reading [--: Voted to pass assisted dying bill at Third Reading, directly opposing CitizenGO's stance.] | 2025-06-20 VOTE: Voted Aye: Terminally Ill Adults (End of Life) Bill: Amendment 94 [0: Assisted dying bill amendment; effect unclear from title alone.] | 2025-06-20 VOTE: Voted Aye: Terminally Ill Adults (End of Life) Bill: Amendment 77 [0: Assisted dying bill amendment; effect unclear from title alone.] | 2025-06-20 VOTE: Voted No: Terminally Ill Adults (End of Life) Bill: Amendment 12 [0: Assisted dying bill amendment; effect unclear from title alone.] | 2025-06-20 VOTE: Voted No: Terminally Ill Adults (End of Life) Bill: Amendment 24 [0: Assisted dying bill amendment; effect unclear from title alone.] | 2025-06-20 VOTE: Voted No: Terminally Ill Adults (End of Life) Bill: New Clause 16 [0: Assisted dying bill new clause; effect unclear from title alone.] | 2025-06-13 VOTE: Voted Aye: Terminally Ill Adults (End of Life) Bill: New Clause 2 [0: Assisted dying bill amendment; effect unclear from title alone.] | 2025-06-13 VOTE: Voted No: Terminally Ill Adults (End of Life) Bill: New Clause 1 [0: New Clause on end of life bill, effect unclear from title alone.] | 2025-06-13 VOTE: Voted No: Terminally Ill Adults (End of Life) Bill: Amendment (b) to New Clause 14 [0: Amendment to end of life bill, effect unclear from title alone.] | 2025-05-16 VOTE: Voted No: Terminally Ill Adults (End of Life) Bill Report Stage: Amendment (a) to New Clause 10 [0: Amendment to end of life bill, effect unclear from title alone.] | 2024-11-29 VOTE: Voted Aye: Terminally Ill Adults (End of Life) Bill: Second Reading [--: Voted for assisted dying bill's second reading, directly opposing CitizenGO's stance against assisted dying.]"
"Simon Lightwood (Labour (Co-op), Wakefield and Rothwell)",,,,,1,,"2025-06-20 VOTE: Voted Aye: Terminally Ill Adults (End of Life) Bill: Third Reading [--: Voted to pass assisted dying bill at Third Reading, directly opposing CitizenGO's stance.] | 2025-06-20 VOTE: Voted Aye: Terminally Ill Adults (End of Life) Bill: Amendment 94 [0: Assisted dying bill amendment; effect unclear from title alone.] | 2025-06-20 VOTE: Voted Aye: Terminally Ill Adults (End of Life) Bill: Amendment 77 [0: Assisted dying bill amendment; effect unclear from title alone.] | 2025-06-20 VOTE: Voted No: Terminally Ill Adults (End of Life) Bill: Amendment 12 [0: Assisted dying bill amendment; effect unclear from title alone.] | 2025-06-20 VOTE: Voted No: Terminally Ill Adults (End of Life) Bill: Amendment 24 [0: Assisted dying bill amendment; effect unclear from title alone.] | 2025-06-20 VOTE: Voted No: Terminally Ill Adults (End of Life) Bill: New Clause 16 [0: Assisted dying bill new clause; effect unclear from title alone.] | 2025-06-13 VOTE: Voted No: Terminally Ill Adults (End of Life) Bill: New Clause 2 [0: Assisted dying bill amendment; effect unclear from title alone.] | 2025-06-13 VOTE: Voted No: Terminally Ill Adults (End of Life) Bill: New Clause 1 [0: New Clause on end of life bill, effect unclear from title alone.] | 2025-06-13 VOTE: Voted No: Terminally Ill Adults (End of Life) Bill: Amendment (b) to New Clause 14 [0: Amendment to end of life bill, effect unclear from title alone.] | 2025-05-16 VOTE: Voted No: Terminally Ill Adults (End of Life) Bill Report Stage: Amendment (a) to New Clause 10 [0: Amendment to end of life bill, effect unclear from title alone.] | 2024-11-29 VOTE: Voted Aye: Terminally Ill Adults (End of Life) Bill: Second Reading [--: Voted for assisted dying bill's second reading, directly opposing CitizenGO's stance against assisted dying.]"
"Sir Alan Campbell (Labour, Tynemouth)",,,,,1,,"2025-06-20 VOTE: Voted Aye: Terminally Ill Adults (End of Life) Bill: Third Reading [--: Voted to pass assisted dying bill at Third Reading, directly opposing CitizenGO's stance.] | 2025-06-20 VOTE: Voted Aye: Terminally Ill Adults (End of Life) Bill: Amendment 94 [0: Assisted dying bill amendment; effect unclear from title alone.] | 2025-06-20 VOTE: Voted Aye: Terminally Ill Adults (End of Life) Bill: Amendment 77 [0: Assisted dying bill amendment; effect unclear from title alone.] | 2025-06-20 VOTE: Voted No: Terminally Ill Adults (End of Life) Bill: Amendment 12 [0: Assisted dying bill amendment; effect unclear from title alone.] | 2025-06-20 VOTE: Voted No: Terminally Ill Adults (End of Life) Bill: Amendment 24 [0: Assisted dying bill amendment; effect unclear from title alone.] | 2025-06-20 VOTE: Voted No: Terminally Ill Adults (End of Life) Bill: New Clause 16 [0: Assisted dying bill new clause; effect unclear from title alone.] | 2025-06-13 VOTE: Voted No: Terminally Ill Adults (End of Life) Bill: New Clause 2 [0: Assisted dying bill amendment; effect unclear from title alone.] | 2025-06-13 VOTE: Voted No: Terminally Ill Adults (End of Life) Bill: New Clause 1 [0: New Clause on end of life bill, effect unclear from title alone.] | 2025-06-13 VOTE: Voted No: Terminally Ill Adults (End of Life) Bill: Amendment (b) to New Clause 14 [0: Amendment to end of life bill, effect unclear from title alone.] | 2025-05-16 VOTE: Voted No: Terminally Ill Adults (End of Life) Bill Report Stage: Amendment (a) to New Clause 10 [0: Amendment to end of life bill, effect unclear from title alone.] | 2024-11-29 VOTE: Voted Aye: Terminally Ill Adults (End of Life) Bill: Second Reading [--: Voted for assisted dying bill's second reading, directly opposing CitizenGO's stance against assisted dying.]"
"Sir Andrew Mitchell (Conservative, Sutton Coldfield)",,,,,1,,"2025-06-20 VOTE: Voted Aye: Terminally Ill Adults (End of Life) Bill: Third Reading [--: Voted to pass assisted dying bill at Third Reading, directly opposing CitizenGO's stance.] | 2025-06-20 VOTE: Voted Aye: Terminally Ill Adults (End of Life) Bill: Amendment 94 [0: Assisted dying bill amendment; effect unclear from title alone.] | 2025-06-20 VOTE: Voted Aye: Terminally Ill Adults (End of Life) Bill: Amendment 77 [0: Assisted dying bill amendment; effect unclear from title alone.] | 2025-06-20 VOTE: Voted No: Terminally Ill Adults (End of Life) Bill: Amendment 12 [0: Assisted dying bill amendment; effect unclear from title alone.] | 2025-06-20 VOTE: Voted No: Terminally Ill Adults (End of Life) Bill: Amendment 24 [0: Assisted dying bill amendment; effect unclear from title alone.] | 2025-06-20 VOTE: Voted No: Terminally Ill Adults (End of Life) Bill: New Clause 16 [0: Assisted dying bill new clause; effect unclear from title alone.] | 2025-06-13 VOTE: Voted No: Terminally Ill Adults (End of Life) Bill: New Clause 2 [0: Assisted dying bill amendment; effect unclear from title alone.] | 2025-06-13 VOTE: Voted No: Terminally Ill Adults (End of Life) Bill: New Clause 1 [0: New Clause on end of life bill, effect unclear from title alone.] | 2025-06-13 VOTE: Voted No: Terminally Ill Adults (End of Life) Bill: Amendment (b) to New Clause 14 [0: Amendment to end of life bill, effect unclear from title alone.] | 2025-05-16 VOTE: Voted No: Terminally Ill Adults (End of Life) Bill Report Stage: Amendment (a) to New Clause 10 [0: Amendment to end of life bill, effect unclear from title alone.] | 2024-11-29 VOTE: Voted Aye: Terminally Ill Adults (End of Life) Bill: Second Reading [--: Voted for assisted dying bill's second reading, directly opposing CitizenGO's stance against assisted dying.]"
"Sir Ashley Fox (Conservative, Bridgwater)",,,,,1,,"2025-06-20 VOTE: Voted Aye: Terminally Ill Adults (End of Life) Bill: Third Reading [--: Voted to pass assisted dying bill at Third Reading, directly opposing CitizenGO's stance.] | 2025-06-20 VOTE: Voted Aye: Terminally Ill Adults (End of Life) Bill: Amendment 94 [0: Assisted dying bill amendment; effect unclear from title alone.] | 2025-06-20 VOTE: Voted Aye: Terminally Ill Adults (End of Life) Bill: Amendment 77 [0: Assisted dying bill amendment; effect unclear from title alone.] | 2025-06-20 VOTE: Voted No: Terminally Ill Adults (End of Life) Bill: Amendment 12 [0: Assisted dying bill amendment; effect unclear from title alone.] | 2025-06-20 VOTE: Voted No: Terminally Ill Adults (End of Life) Bill: Amendment 24 [0: Assisted dying bill amendment; effect unclear from title alone.] | 2025-06-20 VOTE: Voted No: Terminally Ill Adults (End of Life) Bill: New Clause 16 [0: Assisted dying bill new clause; effect unclear from title alone.] | 2025-06-13 VOTE: Voted No: Terminally Ill Adults (End of Life) Bill: New Clause 2 [0: Assisted dying bill amendment; effect unclear from title alone.] | 2025-06-13 VOTE: Voted No: Terminally Ill Adults (End of Life) Bill: New Clause 1 [0: New Clause on end of life bill, effect unclear from title alone.] | 2025-06-13 VOTE: Voted No: Terminally Ill Adults (End of Life) Bill: Amendment (b) to New Clause 14 [0: Amendment to end of life bill, effect unclear from title alone.] | 2025-05-16 VOTE: Voted No: Terminally Ill Adults (End of Life) Bill Report Stage: Amendment (a) to New Clause 10 [0: Amendment to end of life bill, effect unclear from title alone.] | 2024-11-29 VOTE: Voted Aye: Terminally Ill Adults (End of Life) Bill: Second Reading [--: Voted for assisted dying bill's second reading, directly opposing CitizenGO's stance against assisted dying.]"
"Siân Berry (Green Party, Brighton Pavilion)",,,,,1,,"2025-06-20 VOTE: Voted Aye: Terminally Ill Adults (End of Life) Bill: Third Reading [--: Voted to pass assisted dying bill at Third Reading, directly opposing CitizenGO's stance.] | 2025-06-20 VOTE: Voted Aye: Terminally Ill Adults (End of Life) Bill: Amendment 94 [0: Assisted dying bill amendment; effect unclear from title alone.] | 2025-06-20 VOTE: Voted Aye: Terminally Ill Adults (End of Life) Bill: Amendment 77 [0: Assisted dying bill amendment; effect unclear from title alone.] | 2025-06-20 VOTE: Voted No: Terminally Ill Adults (End of Life) Bill: Amendment 12 [0: Assisted dying bill amendment; effect unclear from title alone.] | 2025-06-20 VOTE: Voted No: Terminally Ill Adults (End of Life) Bill: Amendment 24 [0: Assisted dying bill amendment; effect unclear from title alone.] | 2025-06-20 VOTE: Voted No: Terminally Ill Adults (End of Life) Bill: New Clause 16 [0: Assisted dying bill new clause; effect unclear from title alone.] | 2025-06-13 VOTE: Voted No: Terminally Ill Adults (End of Life) Bill: New Clause 2 [0: Assisted dying bill amendment; effect unclear from title alone.] | 2025-06-13 VOTE: Voted No: Terminally Ill Adults (End of Life) Bill: New Clause 1 [0: New Clause on end of life bill, effect unclear from title alone.] | 2025-06-13 VOTE: Voted No: Terminally Ill Adults (End of Life) Bill: Amendment (b) to New Clause 14 [0: Amendment to end of life bill, effect unclear from title alone.] | 2025-05-16 VOTE: Voted No: Terminally Ill Adults (End of Life) Bill Report Stage: Amendment (a) to New Clause 10 [0: Amendment to end of life bill, effect unclear from title alone.] | 2024-11-29 VOTE: Voted Aye: Terminally Ill Adults (End of Life) Bill: Second Reading [--: Voted for assisted dying bill's second reading, directly opposing CitizenGO's stance against assisted dying.]"
"Sonia Kumar (Labour, Dudley)",,,,,1,,"2025-06-20 VOTE: Voted Aye: Terminally Ill Adults (End of Life) Bill: Third Reading [--: Voted to pass assisted dying bill at Third Reading, directly opposing CitizenGO's stance.] | 2025-06-20 VOTE: Voted Aye: Terminally Ill Adults (End of Life) Bill: Amendment 94 [0: Assisted dying bill amendment; effect unclear from title alone.] | 2025-06-20 VOTE: Voted Aye: Terminally Ill Adults (End of Life) Bill: Amendment 77 [0: Assisted dying bill amendment; effect unclear from title alone.] | 2025-06-20 VOTE: Voted No: Terminally Ill Adults (End of Life) Bill: Amendment 12 [0: Assisted dying bill amendment; effect unclear from title alone.] | 2025-06-20 VOTE: Voted No: Terminally Ill Adults (End of Life) Bill: Amendment 24 [0: Assisted dying bill amendment; effect unclear from title alone.] | 2025-06-20 VOTE: Voted No: Terminally Ill Adults (End of Life) Bill: New Clause 16 [0: Assisted dying bill new clause; effect unclear from title alone.] | 2025-06-13 VOTE: Voted Aye: Terminally Ill Adults (End of Life) Bill: New Clause 2 [0: Assisted dying bill amendment; effect unclear from title alone.] | 2025-06-13 VOTE: Voted No: Terminally Ill Adults (End of Life) Bill: New Clause 1 [0: New Clause on end of life bill, effect unclear from title alone.] | 2025-06-13 VOTE: Voted No: Terminally Ill Adults (End of Life) Bill: Amendment (b) to New Clause 14 [0: Amendment to end of life bill, effect unclear from title alone.] | 2025-05-16 VOTE: Voted No: Terminally Ill Adults (End of Life) Bill Report Stage: Amendment (a) to New Clause 10 [0: Amendment to end of life bill, effect unclear from title alone.] | 2024-11-29 VOTE: Voted Aye: Terminally Ill Adults (End of Life) Bill: Second Reading [--: Voted for assisted dying bill's second reading, directly opposing CitizenGO's stance against assisted dying.]"
"Stephen Kinnock (Labour, Aberafan Maesteg)",,,,,1,,"2025-06-20 VOTE: Voted Aye: Terminally Ill Adults (End of Life) Bill: Third Reading [--: Voted to pass assisted dying bill at Third Reading, directly opposing CitizenGO's stance.] | 2025-06-20 VOTE: Voted Aye: Terminally Ill Adults (End of Life) Bill: Amendment 94 [0: Assisted dying bill amendment; effect unclear from title alone.] | 2025-06-20 VOTE: Voted Aye: Terminally Ill Adults (End of Life) Bill: Amendment 77 [0: Assisted dying bill amendment; effect unclear from title alone.] | 2025-06-20 VOTE: Voted No: Terminally Ill Adults (End of Life) Bill: Amendment 12 [0: Assisted dying bill amendment; effect unclear from title alone.] | 2025-06-20 VOTE: Voted No: Terminally Ill Adults (End of Life) Bill: Amendment 24 [0: Assisted dying bill amendment; effect unclear from title alone.] | 2025-06-20 VOTE: Voted No: Terminally Ill Adults (End of Life) Bill: New Clause 16 [0: Assisted dying bill new clause; effect unclear from title alone.] | 2025-06-13 VOTE: Voted No: Terminally Ill Adults (End of Life) Bill: New Clause 2 [0: Assisted dying bill amendment; effect unclear from title alone.] | 2025-06-13 VOTE: Voted No: Terminally Ill Adults (End of Life) Bill: New Clause 1 [0: New Clause on end of life bill, effect unclear from title alone.] | 2025-06-13 VOTE: Voted No: Terminally Ill Adults (End of Life) Bill: Amendment (b) to New Clause 14 [0: Amendment to end of life bill, effect unclear from title alone.] | 2025-05-16 VOTE: Voted No: Terminally Ill Adults (End of Life) Bill Report Stage: Amendment (a) to New Clause 10 [0: Amendment to end of life bill, effect unclear from title alone.] | 2024-11-29 VOTE: Voted Aye: Terminally Ill Adults (End of Life) Bill: Second Reading [--: Voted for assisted dying bill's second reading, directly opposing CitizenGO's stance against assisted dying.]"
"Steve Race (Labour, Exeter)",,,,,1,,"2025-06-20 VOTE: Voted Aye: Terminally Ill Adults (End of Life) Bill: Third Reading [--: Voted to pass assisted dying bill at Third Reading, directly opposing CitizenGO's stance.] | 2025-06-20 VOTE: Voted Aye: Terminally Ill Adults (End of Life) Bill: Amendment 94 [0: Assisted dying bill amendment; effect unclear from title alone.] | 2025-06-20 VOTE: Voted Aye: Terminally Ill Adults (End of Life) Bill: Amendment 77 [0: Assisted dying bill amendment; effect unclear from title alone.] | 2025-06-20 VOTE: Voted No: Terminally Ill Adults (End of Life) Bill: Amendment 12 [0: Assisted dying bill amendment; effect unclear from title alone.] | 2025-06-20 VOTE: Voted No: Terminally Ill Adults (End of Life) Bill: Amendment 24 [0: Assisted dying bill amendment; effect unclear from title alone.] | 2025-06-20 VOTE: Voted No: Terminally Ill Adults (End of Life) Bill: New Clause 16 [0: Assisted dying bill new clause; effect unclear from title alone.] | 2025-06-13 VOTE: Voted No: Terminally Ill Adults (End of Life) Bill: New Clause 2 [0: Assisted dying bill amendment; effect unclear from title alone.] | 2025-06-13 VOTE: Voted No: Terminally Ill Adults (End of Life) Bill: New Clause 1 [0: New Clause on end of life bill, effect unclear from title alone.] | 2025-06-13 VOTE: Voted No: Terminally Ill Adults (End of Life) Bill: Amendment (b) to New Clause 14 [0: Amendment to end of life bill, effect unclear from title alone.] | 2025-05-16 VOTE: Voted No: Terminally Ill Adults (End of Life) Bill Report Stage: Amendment (a) to New Clause 10 [0: Amendment to end of life bill, effect unclear from title alone.] | 2024-11-29 VOTE: Voted Aye: Terminally Ill Adults (End of Life) Bill: Second Reading [--: Voted for assisted dying bill's second reading, directly opposing CitizenGO's stance against assisted dying.]"
"Steve Witherden (Labour, Montgomeryshire and Glyndŵr)",,,,,1,,"2025-06-20 VOTE: Voted Aye: Terminally Ill Adults (End of Life) Bill: Third Reading [--: Voted to pass assisted dying bill at Third Reading, directly opposing CitizenGO's stance.] | 2025-06-20 VOTE: Voted Aye: Terminally Ill Adults (End of Life) Bill: Amendment 94 [0: Assisted dying bill amendment; effect unclear from title alone.] | 2025-06-20 VOTE: Voted Aye: Terminally Ill Adults (End of Life) Bill: Amendment 77 [0: Assisted dying bill amendment; effect unclear from title alone.] | 2025-06-20 VOTE: Voted No: Terminally Ill Adults (End of Life) Bill: Amendment 12 [0: Assisted dying bill amendment; effect unclear from title alone.] | 2025-06-20 VOTE: Voted No: Terminally Ill Adults (End of Life) Bill: Amendment 24 [0: Assisted dying bill amendment; effect unclear from title alone.] | 2025-06-20 VOTE: Voted No: Terminally Ill Adults (End of Life) Bill: New Clause 16 [0: Assisted dying bill new clause; effect unclear from title alone.] | 2025-06-13 VOTE: Voted No: Terminally Ill Adults (End of Life) Bill: New Clause 2 [0: Assisted dying bill amendment; effect unclear from title alone.] | 2025-06-13 VOTE: Voted No: Terminally Ill Adults (End of Life) Bill: New Clause 1 [0: New Clause on end of life bill, effect unclear from title alone.] | 2025-06-13 VOTE: Voted No: Terminally Ill Adults (End of Life) Bill: Amendment (b) to New Clause 14 [0: Amendment to end of life bill, effect unclear from title alone.] | 2025-05-16 VOTE: Voted No: Terminally Ill Adults (End of Life) Bill Report Stage: Amendment (a) to New Clause 10 [0: Amendment to end of life bill, effect unclear from title alone.] | 2024-11-29 VOTE: Voted Aye: Terminally Ill Adults (End of Life) Bill: Second Reading [--: Voted for assisted dying bill's second reading, directly opposing CitizenGO's stance against assisted dying.]"
"Steve Yemm (Labour, Mansfield)",,,,,1,,"2025-06-20 VOTE: Voted Aye: Terminally Ill Adults (End of Life) Bill: Third Reading [--: Voted to pass assisted dying bill at Third Reading, directly opposing CitizenGO's stance.] | 2025-06-20 VOTE: Voted Aye: Terminally Ill Adults (End of Life) Bill: Amendment 94 [0: Assisted dying bill amendment; effect unclear from title alone.] | 2025-06-20 VOTE: Voted Aye: Terminally Ill Adults (End of Life) Bill: Amendment 77 [0: Assisted dying bill amendment; effect unclear from title alone.] | 2025-06-20 VOTE: Voted No: Terminally Ill Adults (End of Life) Bill: Amendment 12 [0: Assisted dying bill amendment; effect unclear from title alone.] | 2025-06-20 VOTE: Voted No: Terminally Ill Adults (End of Life) Bill: Amendment 24 [0: Assisted dying bill amendment; effect unclear from title alone.] | 2025-06-20 VOTE: Voted No: Terminally Ill Adults (End of Life) Bill: New Clause 16 [0: Assisted dying bill new clause; effect unclear from title alone.] | 2025-06-13 VOTE: Voted No: Terminally Ill Adults (End of Life) Bill: New Clause 2 [0: Assisted dying bill amendment; effect unclear from title alone.] | 2025-06-13 VOTE: Voted No: Terminally Ill Adults (End of Life) Bill: New Clause 1 [0: New Clause on end of life bill, effect unclear from title alone.] | 2025-06-13 VOTE: Voted No: Terminally Ill Adults (End of Life) Bill: Amendment (b) to New Clause 14 [0: Amendment to end of life bill, effect unclear from title alone.] | 2025-05-16 VOTE: Voted No: Terminally Ill Adults (End of Life) Bill Report Stage: Amendment (a) to New Clause 10 [0: Amendment to end of life bill, effect unclear from title alone.] | 2024-11-29 VOTE: Voted Aye: Terminally Ill Adults (End of Life) Bill: Second Reading [--: Voted for assisted dying bill's second reading, directly opposing CitizenGO's stance against assisted dying.]"
"Susan Murray (Liberal Democrat, Mid Dunbartonshire)",,,,,1,,"2025-06-20 VOTE: Voted Aye: Terminally Ill Adults (End of Life) Bill: Third Reading [--: Voted to pass assisted dying bill at Third Reading, directly opposing CitizenGO's stance.] | 2025-06-20 VOTE: Voted Aye: Terminally Ill Adults (End of Life) Bill: Amendment 94 [0: Assisted dying bill amendment; effect unclear from title alone.] | 2025-06-20 VOTE: Voted Aye: Terminally Ill Adults (End of Life) Bill: Amendment 77 [0: Assisted dying bill amendment; effect unclear from title alone.] | 2025-06-20 VOTE: Voted No: Terminally Ill Adults (End of Life) Bill: Amendment 12 [0: Assisted dying bill amendment; effect unclear from title alone.] | 2025-06-20 VOTE: Voted No: Terminally Ill Adults (End of Life) Bill: Amendment 24 [0: Assisted dying bill amendment; effect unclear from title alone.] | 2025-06-20 VOTE: Voted No: Terminally Ill Adults (End of Life) Bill: New Clause 16 [0: Assisted dying bill new clause; effect unclear from title alone.] | 2025-06-13 VOTE: Voted Aye: Terminally Ill Adults (End of Life) Bill: New Clause 2 [0: Assisted dying bill amendment; effect unclear from title alone.] | 2025-06-13 VOTE: Voted No: Terminally Ill Adults (End of Life) Bill: New Clause 1 [0: New Clause on end of life bill, effect unclear from title alone.] | 2025-06-13 VOTE: Voted No: Terminally Ill Adults (End of Life) Bill: Amendment (b) to New Clause 14 [0: Amendment to end of life bill, effect unclear from title alone.] | 2025-05-16 VOTE: Voted No: Terminally Ill Adults (End of Life) Bill Report Stage: Amendment (a) to New Clause 10 [0: Amendment to end of life bill, effect unclear from title alone.] | 2024-11-29 VOTE: Voted Aye: Terminally Ill Adults (End of Life) Bill: Second Reading [--: Voted for assisted dying bill's second reading, directly opposing CitizenGO's stance against assisted dying.]"
"Tessa Munt (Liberal Democrat, Wells and Mendip Hills)",,,,,1,,"2025-06-20 VOTE: Voted Aye: Terminally Ill Adults (End of Life) Bill: Third Reading [--: Voted to pass assisted dying bill at Third Reading, directly opposing CitizenGO's stance.] | 2025-06-20 VOTE: Voted Aye: Terminally Ill Adults (End of Life) Bill: Amendment 94 [0: Assisted dying bill amendment; effect unclear from title alone.] | 2025-06-20 VOTE: Voted Aye: Terminally Ill Adults (End of Life) Bill: Amendment 77 [0: Assisted dying bill amendment; effect unclear from title alone.] | 2025-06-20 VOTE: Voted No: Terminally Ill Adults (End of Life) Bill: Amendment 12 [0: Assisted dying bill amendment; effect unclear from title alone.] | 2025-06-20 VOTE: Voted No: Terminally Ill Adults (End of Life) Bill: Amendment 24 [0: Assisted dying bill amendment; effect unclear from title alone.] | 2025-06-20 VOTE: Voted No: Terminally Ill Adults (End of Life) Bill: New Clause 16 [0: Assisted dying bill new clause; effect unclear from title alone.] | 2025-06-13 VOTE: Voted No: Terminally Ill Adults (End of Life) Bill: New Clause 2 [0: Assisted dying bill amendment; effect unclear from title alone.] | 2025-06-13 VOTE: Voted No: Terminally Ill Adults (End of Life) Bill: New Clause 1 [0: New Clause on end of life bill, effect unclear from title alone.] | 2025-06-13 VOTE: Voted No: Terminally Ill Adults (End of Life) Bill: Amendment (b) to New Clause 14 [0: Amendment to end of life bill, effect unclear from title alone.] | 2025-05-16 VOTE: Voted No: Terminally Ill Adults (End of Life) Bill Report Stage: Amendment (a) to New Clause 10 [0: Amendment to end of life bill, effect unclear from title alone.] | 2024-11-29 VOTE: Voted Aye: Terminally Ill Adults (End of Life) Bill: Second Reading [--: Voted for assisted dying bill's second reading, directly opposing CitizenGO's stance against assisted dying.]"
"Tim Roca (Labour, Macclesfield)",,,,,1,,"2025-06-20 VOTE: Voted Aye: Terminally Ill Adults (End of Life) Bill: Third Reading [--: Voted to pass assisted dying bill at Third Reading, directly opposing CitizenGO's stance.] | 2025-06-20 VOTE: Voted Aye: Terminally Ill Adults (End of Life) Bill: Amendment 94 [0: Assisted dying bill amendment; effect unclear from title alone.] | 2025-06-20 VOTE: Voted Aye: Terminally Ill Adults (End of Life) Bill: Amendment 77 [0: Assisted dying bill amendment; effect unclear from title alone.] | 2025-06-20 VOTE: Voted No: Terminally Ill Adults (End of Life) Bill: Amendment 12 [0: Assisted dying bill amendment; effect unclear from title alone.] | 2025-06-20 VOTE: Voted No: Terminally Ill Adults (End of Life) Bill: Amendment 24 [0: Assisted dying bill amendment; effect unclear from title alone.] | 2025-06-20 VOTE: Voted No: Terminally Ill Adults (End of Life) Bill: New Clause 16 [0: Assisted dying bill new clause; effect unclear from title alone.] | 2025-06-13 VOTE: Voted No: Terminally Ill Adults (End of Life) Bill: New Clause 2 [0: Assisted dying bill amendment; effect unclear from title alone.] | 2025-06-13 VOTE: Voted No: Terminally Ill Adults (End of Life) Bill: New Clause 1 [0: New Clause on end of life bill, effect unclear from title alone.] | 2025-06-13 VOTE: Voted No: Terminally Ill Adults (End of Life) Bill: Amendment (b) to New Clause 14 [0: Amendment to end of life bill, effect unclear from title alone.] | 2025-05-16 VOTE: Voted No: Terminally Ill Adults (End of Life) Bill Report Stage: Amendment (a) to New Clause 10 [0: Amendment to end of life bill, effect unclear from title alone.] | 2024-11-29 VOTE: Voted Aye: Terminally Ill Adults (End of Life) Bill: Second Reading [--: Voted for assisted dying bill's second reading, directly opposing CitizenGO's stance against assisted dying.]"
"Tom Gordon (Liberal Democrat, Harrogate and Knaresborough)",,,,,1,,"2025-06-20 VOTE: Voted Aye: Terminally Ill Adults (End of Life) Bill: Third Reading [--: Voted to pass assisted dying bill at Third Reading, directly opposing CitizenGO's stance.] | 2025-06-20 VOTE: Voted Aye: Terminally Ill Adults (End of Life) Bill: Amendment 94 [0: Assisted dying bill amendment; effect unclear from title alone.] | 2025-06-20 VOTE: Voted Aye: Terminally Ill Adults (End of Life) Bill: Amendment 77 [0: Assisted dying bill amendment; effect unclear from title alone.] | 2025-06-20 VOTE: Voted No: Terminally Ill Adults (End of Life) Bill: Amendment 12 [0: Assisted dying bill amendment; effect unclear from title alone.] | 2025-06-20 VOTE: Voted No: Terminally Ill Adults (End of Life) Bill: Amendment 24 [0: Assisted dying bill amendment; effect unclear from title alone.] | 2025-06-20 VOTE: Voted No: Terminally Ill Adults (End of Life) Bill: New Clause 16 [0: Assisted dying bill new clause; effect unclear from title alone.] | 2025-06-13 VOTE: Voted No: Terminally Ill Adults (End of Life) Bill: New Clause 2 [0: Assisted dying bill amendment; effect unclear from title alone.] | 2025-06-13 VOTE: Voted No: Terminally Ill Adults (End of Life) Bill: New Clause 1 [0: New Clause on end of life bill, effect unclear from title alone.] | 2025-06-13 VOTE: Voted No: Terminally Ill Adults (End of Life) Bill: Amendment (b) to New Clause 14 [0: Amendment to end of life bill, effect unclear from title alone.] | 2025-05-16 VOTE: Voted No: Terminally Ill Adults (End of Life) Bill Report Stage: Amendment (a) to New Clause 10 [0: Amendment to end of life bill, effect unclear from title alone.] | 2024-11-29 VOTE: Voted Aye: Terminally Ill Adults (End of Life) Bill: Second Reading [--: Voted for assisted dying bill's second reading, directly opposing CitizenGO's stance against assisted dying.]"
"Tom Rutland (Labour, East Worthing and Shoreham)",,,,,1,,"2025-06-20 VOTE: Voted Aye: Terminally Ill Adults (End of Life) Bill: Third Reading [--: Voted to pass assisted dying bill at Third Reading, directly opposing CitizenGO's stance.] | 2025-06-20 VOTE: Voted Aye: Terminally Ill Adults (End of Life) Bill: Amendment 94 [0: Assisted dying bill amendment; effect unclear from title alone.] | 2025-06-20 VOTE: Voted Aye: Terminally Ill Adults (End of Life) Bill: Amendment 77 [0: Assisted dying bill amendment; effect unclear from title alone.] | 2025-06-20 VOTE: Voted No: Terminally Ill Adults (End of Life) Bill: Amendment 12 [0: Assisted dying bill amendment; effect unclear from title alone.] | 2025-06-20 VOTE: Voted No: Terminally Ill Adults (End of Life) Bill: Amendment 24 [0: Assisted dying bill amendment; effect unclear from title alone.] | 2025-06-20 VOTE: Voted No: Terminally Ill Adults (End of Life) Bill: New Clause 16 [0: Assisted dying bill new clause; effect unclear from title alone.] | 2025-06-13 VOTE: Voted No: Terminally Ill Adults (End of Life) Bill: New Clause 2 [0: Assisted dying bill amendment; effect unclear from title alone.] | 2025-06-13 VOTE: Voted No: Terminally Ill Adults (End of Life) Bill: New Clause 1 [0: New Clause on end of life bill, effect unclear from title alone.] | 2025-06-13 VOTE: Voted No: Terminally Ill Adults (End of Life) Bill: Amendment (b) to New Clause 14 [0: Amendment to end of life bill, effect unclear from title alone.] | 2025-05-16 VOTE: Voted No: Terminally Ill Adults (End of Life) Bill Report Stage: Amendment (a) to New Clause 10 [0: Amendment to end of life bill, effect unclear from title alone.] | 2024-11-29 VOTE: Voted Aye: Terminally Ill Adults (End of Life) Bill: Second Reading [--: Voted for assisted dying bill's second reading, directly opposing CitizenGO's stance against assisted dying.]"
"Tony Vaughan (Labour, Folkestone and Hythe)",,,,,1,,"2025-06-20 VOTE: Voted Aye: Terminally Ill Adults (End of Life) Bill: Third Reading [--: Voted to pass assisted dying bill at Third Reading, directly opposing CitizenGO's stance.] | 2025-06-20 VOTE: Voted Aye: Terminally Ill Adults (End of Life) Bill: Amendment 94 [0: Assisted dying bill amendment; effect unclear from title alone.] | 2025-06-20 VOTE: Voted Aye: Terminally Ill Adults (End of Life) Bill: Amendment 77 [0: Assisted dying bill amendment; effect unclear from title alone.] | 2025-06-20 VOTE: Voted No: Terminally Ill Adults (End of Life) Bill: Amendment 12 [0: Assisted dying bill amendment; effect unclear from title alone.] | 2025-06-20 VOTE: Voted No: Terminally Ill Adults (End of Life) Bill: Amendment 24 [0: Assisted dying bill amendment; effect unclear from title alone.] | 2025-06-20 VOTE: Voted No: Terminally Ill Adults (End of Life) Bill: New Clause 16 [0: Assisted dying bill new clause; effect unclear from title alone.] | 2025-06-13 VOTE: Voted No: Terminally Ill Adults (End of Life) Bill: New Clause 2 [0: Assisted dying bill amendment; effect unclear from title alone.] | 2025-06-13 VOTE: Voted No: Terminally Ill Adults (End of Life) Bill: New Clause 1 [0: New Clause on end of life bill, effect unclear from title alone.] | 2025-06-13 VOTE: Voted No: Terminally Ill Adults (End of Life) Bill: Amendment (b) to New Clause 14 [0: Amendment to end of life bill, effect unclear from title alone.] | 2025-05-16 VOTE: Voted No: Terminally Ill Adults (End of Life) Bill Report Stage: Amendment (a) to New Clause 10 [0: Amendment to end of life bill, effect unclear from title alone.] | 2024-11-29 VOTE: Voted Aye: Terminally Ill Adults (End of Life) Bill: Second Reading [--: Voted for assisted dying bill's second reading, directly opposing CitizenGO's stance against assisted dying.]"
"Torsten Bell (Labour, Swansea West)",,,,,1,,"2025-06-20 VOTE: Voted Aye: Terminally Ill Adults (End of Life) Bill: Third Reading [--: Voted to pass assisted dying bill at Third Reading, directly opposing CitizenGO's stance.] | 2025-06-20 VOTE: Voted Aye: Terminally Ill Adults (End of Life) Bill: Amendment 94 [0: Assisted dying bill amendment; effect unclear from title alone.] | 2025-06-20 VOTE: Voted Aye: Terminally Ill Adults (End of Life) Bill: Amendment 77 [0: Assisted dying bill amendment; effect unclear from title alone.] | 2025-06-20 VOTE: Voted No: Terminally Ill Adults (End of Life) Bill: Amendment 12 [0: Assisted dying bill amendment; effect unclear from title alone.] | 2025-06-20 VOTE: Voted No: Terminally Ill Adults (End of Life) Bill: Amendment 24 [0: Assisted dying bill amendment; effect unclear from title alone.] | 2025-06-20 VOTE: Voted No: Terminally Ill Adults (End of Life) Bill: New Clause 16 [0: Assisted dying bill new clause; effect unclear from title alone.] | 2025-06-13 VOTE: Voted No: Terminally Ill Adults (End of Life) Bill: New Clause 2 [0: Assisted dying bill amendment; effect unclear from title alone.] | 2025-06-13 VOTE: Voted No: Terminally Ill Adults (End of Life) Bill: New Clause 1 [0: New Clause on end of life bill, effect unclear from title alone.] | 2025-06-13 VOTE: Voted No: Terminally Ill Adults (End of Life) Bill: Amendment (b) to New Clause 14 [0: Amendment to end of life bill, effect unclear from title alone.] | 2025-05-16 VOTE: Voted No: Terminally Ill Adults (End of Life) Bill Report Stage: Amendment (a) to New Clause 10 [0: Amendment to end of life bill, effect unclear from title alone.] | 2024-11-29 VOTE: Voted Aye: Terminally Ill Adults (End of Life) Bill: Second Reading [--: Voted for assisted dying bill's second reading, directly opposing CitizenGO's stance against assisted dying.]"
"Tracy Gilbert (Labour, Edinburgh North and Leith)",,,,,1,,"2025-06-20 VOTE: Voted Aye: Terminally Ill Adults (End of Life) Bill: Third Reading [--: Voted to pass assisted dying bill at Third Reading, directly opposing CitizenGO's stance.] | 2025-06-20 VOTE: Voted Aye: Terminally Ill Adults (End of Life) Bill: Amendment 94 [0: Assisted dying bill amendment; effect unclear from title alone.] | 2025-06-20 VOTE: Voted Aye: Terminally Ill Adults (End of Life) Bill: Amendment 77 [0: Assisted dying bill amendment; effect unclear from title alone.] | 2025-06-20 VOTE: Voted No: Terminally Ill Adults (End of Life) Bill: Amendment 12 [0: Assisted dying bill amendment; effect unclear from title alone.] | 2025-06-20 VOTE: Voted No: Terminally Ill Adults (End of Life) Bill: Amendment 24 [0: Assisted dying bill amendment; effect unclear from title alone.] | 2025-06-20 VOTE: Voted No: Terminally Ill Adults (End of Life) Bill: New Clause 16 [0: Assisted dying bill new clause; effect unclear from title alone.] | 2025-06-13 VOTE: Voted No: Terminally Ill Adults (End of Life) Bill: New Clause 2 [0: Assisted dying bill amendment; effect unclear from title alone.] | 2025-06-13 VOTE: Voted No: Terminally Ill Adults (End of Life) Bill: New Clause 1 [0: New Clause on end of life bill, effect unclear from title alone.] | 2025-06-13 VOTE: Voted No: Terminally Ill Adults (End of Life) Bill: Amendment (b) to New Clause 14 [0: Amendment to end of life bill, effect unclear from title alone.] | 2025-05-16 VOTE: Voted No: Terminally Ill Adults (End of Life) Bill Report Stage: Amendment (a) to New Clause 10 [0: Amendment to end of life bill, effect unclear from title alone.] | 2024-11-29 VOTE: Voted Aye: Terminally Ill Adults (End of Life) Bill: Second Reading [--: Voted for assisted dying bill's second reading, directly opposing CitizenGO's stance against assisted dying.]"
"Tristan Osborne (Labour, Chatham and Aylesford)",,,,,1,,"2025-06-20 VOTE: Voted Aye: Terminally Ill Adults (End of Life) Bill: Third Reading [--: Voted to pass assisted dying bill at Third Reading, directly opposing CitizenGO's stance.] | 2025-06-20 VOTE: Voted Aye: Terminally Ill Adults (End of Life) Bill: Amendment 94 [0: Assisted dying bill amendment; effect unclear from title alone.] | 2025-06-20 VOTE: Voted Aye: Terminally Ill Adults (End of Life) Bill: Amendment 77 [0: Assisted dying bill amendment; effect unclear from title alone.] | 2025-06-20 VOTE: Voted No: Terminally Ill Adults (End of Life) Bill: Amendment 12 [0: Assisted dying bill amendment; effect unclear from title alone.] | 2025-06-20 VOTE: Voted No: Terminally Ill Adults (End of Life) Bill: Amendment 24 [0: Assisted dying bill amendment; effect unclear from title alone.] | 2025-06-20 VOTE: Voted No: Terminally Ill Adults (End of Life) Bill: New Clause 16 [0: Assisted dying bill new clause; effect unclear from title alone.] | 2025-06-13 VOTE: Voted No: Terminally Ill Adults (End of Life) Bill: New Clause 2 [0: Assisted dying bill amendment; effect unclear from title alone.] | 2025-06-13 VOTE: Voted No: Terminally Ill Adults (End of Life) Bill: New Clause 1 [0: New Clause on end of life bill, effect unclear from title alone.] | 2025-06-13 VOTE: Voted No: Terminally Ill Adults (End of Life) Bill: Amendment (b) to New Clause 14 [0: Amendment to end of life bill, effect unclear from title alone.] | 2025-05-16 VOTE: Voted No: Terminally Ill Adults (End of Life) Bill Report Stage: Amendment (a) to New Clause 10 [0: Amendment to end of life bill, effect unclear from title alone.] | 2024-11-29 VOTE: Voted Aye: Terminally Ill Adults (End of Life) Bill: Second Reading [--: Voted for assisted dying bill's second reading, directly opposing CitizenGO's stance against assisted dying.]"
"Tulip Siddiq (Labour, Hampstead and Highgate)",,,,,1,,"2025-06-20 VOTE: Voted Aye: Terminally Ill Adults (End of Life) Bill: Third Reading [--: Voted to pass assisted dying bill at Third Reading, directly opposing CitizenGO's stance.] | 2025-06-20 VOTE: Voted Aye: Terminally Ill Adults (End of Life) Bill: Amendment 94 [0: Assisted dying bill amendment; effect unclear from title alone.] | 2025-06-20 VOTE: Voted Aye: Terminally Ill Adults (End of Life) Bill: Amendment 77 [0: Assisted dying bill amendment; effect unclear from title alone.] | 2025-06-20 VOTE: Voted No: Terminally Ill Adults (End of Life) Bill: Amendment 12 [0: Assisted dying bill amendment; effect unclear from title alone.] | 2025-06-20 VOTE: Voted No: Terminally Ill Adults (End of Life) Bill: Amendment 24 [0: Assisted dying bill amendment; effect unclear from title alone.] | 2025-06-20 VOTE: Voted No: Terminally Ill Adults (End of Life) Bill: New Clause 16 [0: Assisted dying bill new clause; effect unclear from title alone.] | 2025-06-13 VOTE: Voted No: Terminally Ill Adults (End of Life) Bill: New Clause 2 [0: Assisted dying bill amendment; effect unclear from title alone.] | 2025-06-13 VOTE: Voted No: Terminally Ill Adults (End of Life) Bill: New Clause 1 [0: New Clause on end of life bill, effect unclear from title alone.] | 2025-06-13 VOTE: Voted No: Terminally Ill Adults (End of Life) Bill: Amendment (b) to New Clause 14 [0: Amendment to end of life bill, effect unclear from title alone.] | 2025-05-16 VOTE: Voted No: Terminally Ill Adults (End of Life) Bill Report Stage: Amendment (a) to New Clause 10 [0: Amendment to end of life bill, effect unclear from title alone.] | 2024-11-29 VOTE: Voted Aye: Terminally Ill Adults (End of Life) Bill: Second Reading [--: Voted for assisted dying bill's second reading, directly opposing CitizenGO's stance against assisted dying.]"
"Warinder Juss (Labour, Wolverhampton West)",,,,,1,,"2025-06-20 VOTE: Voted Aye: Terminally Ill Adults (End of Life) Bill: Third Reading [--: Voted to pass assisted dying bill at Third Reading, directly opposing CitizenGO's stance.] | 2025-06-20 VOTE: Voted Aye: Terminally Ill Adults (End of Life) Bill: Amendment 94 [0: Assisted dying bill amendment; effect unclear from title alone.] | 2025-06-20 VOTE: Voted Aye: Terminally Ill Adults (End of Life) Bill: Amendment 77 [0: Assisted dying bill amendment; effect unclear from title alone.] | 2025-06-20 VOTE: Voted No: Terminally Ill Adults (End of Life) Bill: Amendment 12 [0: Assisted dying bill amendment; effect unclear from title alone.] | 2025-06-20 VOTE: Voted No: Terminally Ill Adults (End of Life) Bill: Amendment 24 [0: Assisted dying bill amendment; effect unclear from title alone.] | 2025-06-20 VOTE: Voted No: Terminally Ill Adults (End of Life) Bill: New Clause 16 [0: Assisted dying bill new clause; effect unclear from title alone.] | 2025-06-13 VOTE: Voted No: Terminally Ill Adults (End of Life) Bill: New Clause 2 [0: Assisted dying bill amendment; effect unclear from title alone.] | 2025-06-13 VOTE: Voted No: Terminally Ill Adults (End of Life) Bill: New Clause 1 [0: New Clause on end of life bill, effect unclear from title alone.] | 2025-06-13 VOTE: Voted No: Terminally Ill Adults (End of Life) Bill: Amendment (b) to New Clause 14 [0: Amendment to end of life bill, effect unclear from title alone.] | 2025-05-16 VOTE: Voted No: Terminally Ill Adults (End of Life) Bill Report Stage: Amendment (a) to New Clause 10 [0: Amendment to end of life bill, effect unclear from title alone.] | 2024-11-29 VOTE: Voted Aye: Terminally Ill Adults (End of Life) Bill: Second Reading [--: Voted for assisted dying bill's second reading, directly opposing CitizenGO's stance against assisted dying.]"
"Wera Hobhouse (Liberal Democrat, Bath)",,,,,1,,"2025-06-20 VOTE: Voted Aye: Terminally Ill Adults (End of Life) Bill: Third Reading [--: Voted to pass assisted dying bill at Third Reading, directly opposing CitizenGO's stance.] | 2025-06-20 VOTE: Voted Aye: Terminally Ill Adults (End of Life) Bill: Amendment 94 [0: Assisted dying bill amendment; effect unclear from title alone.] | 2025-06-20 VOTE: Voted Aye: Terminally Ill Adults (End of Life) Bill: Amendment 77 [0: Assisted dying bill amendment; effect unclear from title alone.] | 2025-06-20 VOTE: Voted No: Terminally Ill Adults (End of Life) Bill: Amendment 12 [0: Assisted dying bill amendment; effect unclear from title alone.] | 2025-06-20 VOTE: Voted No: Terminally Ill Adults (End of Life) Bill: Amendment 24 [0: Assisted dying bill amendment; effect unclear from title alone.] | 2025-06-20 VOTE: Voted No: Terminally Ill Adults (End of Life) Bill: New Clause 16 [0: Assisted dying bill new clause; effect unclear from title alone.] | 2025-06-13 VOTE: Voted Aye: Terminally Ill Adults (End of Life) Bill: New Clause 2 [0: Assisted dying bill amendment; effect unclear from title alone.] | 2025-06-13 VOTE: Voted No: Terminally Ill Adults (End of Life) Bill: New Clause 1 [0: New Clause on end of life bill, effect unclear from title alone.] | 2025-06-13 VOTE: Voted No: Terminally Ill Adults (End of Life) Bill: Amendment (b) to New Clause 14 [0: Amendment to end of life bill, effect unclear from title alone.] | 2025-05-16 VOTE: Voted No: Terminally Ill Adults (End of Life) Bill Report Stage: Amendment (a) to New Clause 10 [0: Amendment to end of life bill, effect unclear from title alone.] | 2024-11-29 VOTE: Voted Aye: Terminally Ill Adults (End of Life) Bill: Second Reading [--: Voted for assisted dying bill's second reading, directly opposing CitizenGO's stance against assisted dying.]"
"Zöe Franklin (Liberal Democrat, Guildford)",,,,,1,,"2025-06-20 VOTE: Voted Aye: Terminally Ill Adults (End of Life) Bill: Third Reading [--: Voted to pass assisted dying bill at Third Reading, directly opposing CitizenGO's stance.] | 2025-06-20 VOTE: Voted Aye: Terminally Ill Adults (End of Life) Bill: Amendment 94 [0: Assisted dying bill amendment; effect unclear from title alone.] | 2025-06-20 VOTE: Voted Aye: Terminally Ill Adults (End of Life) Bill: Amendment 77 [0: Assisted dying bill amendment; effect unclear from title alone.] | 2025-06-20 VOTE: Voted No: Terminally Ill Adults (End of Life) Bill: Amendment 12 [0: Assisted dying bill amendment; effect unclear from title alone.] | 2025-06-20 VOTE: Voted No: Terminally Ill Adults (End of Life) Bill: Amendment 24 [0: Assisted dying bill amendment; effect unclear from title alone.] | 2025-06-20 VOTE: Voted No: Terminally Ill Adults (End of Life) Bill: New Clause 16 [0: Assisted dying bill new clause; effect unclear from title alone.] | 2025-06-13 VOTE: Voted Aye: Terminally Ill Adults (End of Life) Bill: New Clause 2 [0: Assisted dying bill amendment; effect unclear from title alone.] | 2025-06-13 VOTE: Voted No: Terminally Ill Adults (End of Life) Bill: New Clause 1 [0: New Clause on end of life bill, effect unclear from title alone.] | 2025-06-13 VOTE: Voted No: Terminally Ill Adults (End of Life) Bill: Amendment (b) to New Clause 14 [0: Amendment to end of life bill, effect unclear from title alone.] | 2025-05-16 VOTE: Voted No: Terminally Ill Adults (End of Life) Bill Report Stage: Amendment (a) to New Clause 10 [0: Amendment to end of life bill, effect unclear from title alone.] | 2024-11-29 VOTE: Voted Aye: Terminally Ill Adults (End of Life) Bill: Second Reading [--: Voted for assisted dying bill's second reading, directly opposing CitizenGO's stance against assisted dying.]"
"Alice Macdonald (Labour (Co-op), Norwich North)",,,,,1,,"2025-06-20 VOTE: Voted Aye: Terminally Ill Adults (End of Life) Bill: Third Reading [--: Voted to pass assisted dying bill at Third Reading, directly opposing CitizenGO's stance.] | 2025-06-20 VOTE: Voted Aye: Terminally Ill Adults (End of Life) Bill: Amendment 94 [0: Assisted dying bill amendment; effect unclear from title alone.] | 2025-06-20 VOTE: Voted Aye: Terminally Ill Adults (End of Life) Bill: Amendment 77 [0: Assisted dying bill amendment; effect unclear from title alone.] | 2025-06-20 VOTE: Voted No: Terminally Ill Adults (End of Life) Bill: Amendment 12 [0: Assisted dying bill amendment; effect unclear from title alone.] | 2025-06-20 VOTE: Voted No: Terminally Ill Adults (End of Life) Bill: Amendment 24 [0: Assisted dying bill amendment; effect unclear from title alone.] | 2025-06-20 VOTE: Voted No: Terminally Ill Adults (End of Life) Bill: New Clause 16 [0: Assisted dying bill new clause; effect unclear from title alone.] | 2025-06-13 VOTE: Voted No: Terminally Ill Adults (End of Life) Bill: New Clause 1 [0: New Clause on end of life bill, effect unclear from title alone.] | 2025-06-13 VOTE: Voted No: Terminally Ill Adults (End of Life) Bill: Amendment (b) to New Clause 14 [0: Amendment to end of life bill, effect unclear from title alone.] | 2025-05-16 VOTE: Voted No: Terminally Ill Adults (End of Life) Bill Report Stage: Amendment (a) to New Clause 10 [0: Amendment to end of life bill, effect unclear from title alone.] | 2024-11-29 VOTE: Voted Aye: Terminally Ill Adults (End of Life) Bill: Second Reading [--: Voted for assisted dying bill's second reading, directly opposing CitizenGO's stance against assisted dying.]"
"Andrew George (Liberal Democrat, St Ives)",,,,,1,,"2025-06-20 VOTE: Voted Aye: Terminally Ill Adults (End of Life) Bill: Third Reading [--: Voted to pass assisted dying bill at Third Reading, directly opposing CitizenGO's stance.] | 2025-06-20 VOTE: Voted Aye: Terminally Ill Adults (End of Life) Bill: Amendment 94 [0: Assisted dying bill amendment; effect unclear from title alone.] | 2025-06-20 VOTE: Voted Aye: Terminally Ill Adults (End of Life) Bill: Amendment 77 [0: Assisted dying bill amendment; effect unclear from title alone.] | 2025-06-20 VOTE: Voted No: Terminally Ill Adults (End of Life) Bill: Amendment 12 [0: Assisted dying bill amendment; effect unclear from title alone.] | 2025-06-20 VOTE: Voted No: Terminally Ill Adults (End of Life) Bill: Amendment 24 [0: Assisted dying bill amendment; effect unclear from title alone.] | 2025-06-20 VOTE: Voted No: Terminally Ill Adults (End of Life) Bill: New Clause 16 [0: Assisted dying bill new clause; effect unclear from title alone.] | 2025-06-13 VOTE: Voted No: Terminally Ill Adults (End of Life) Bill: New Clause 2 [0: Assisted dying bill amendment; effect unclear from title alone.] | 2025-06-13 VOTE: Voted No: Terminally Ill Adults (End of Life) Bill: Amendment (b) to New Clause 14 [0: Amendment to end of life bill, effect unclear from title alone.] | 2025-05-16 VOTE: Voted No: Terminally Ill Adults (End of Life) Bill Report Stage: Amendment (a) to New Clause 10 [0: Amendment to end of life bill, effect unclear from title alone.] | 2024-11-29 VOTE: Voted Aye: Terminally Ill Adults (End of Life) Bill: Second Reading [--: Voted for assisted dying bill's second reading, directly opposing CitizenGO's stance against assisted dying.]"
"Anna Turley (Labour (Co-op), Redcar)",,,,,1,,"2025-06-20 VOTE: Voted Aye: Terminally Ill Adults (End of Life) Bill: Third Reading [--: Voted to pass assisted dying bill at Third Reading, directly opposing CitizenGO's stance.] | 2025-06-20 VOTE: Voted Aye: Terminally Ill Adults (End of Life) Bill: Amendment 94 [0: Assisted dying bill amendment; effect unclear from title alone.] | 2025-06-20 VOTE: Voted Aye: Terminally Ill Adults (End of Life) Bill: Amendment 77 [0: Assisted dying bill amendment; effect unclear from title alone.] | 2025-06-20 VOTE: Voted No: Terminally Ill Adults (End of Life) Bill: Amendment 12 [0: Assisted dying bill amendment; effect unclear from title alone.] | 2025-06-20 VOTE: Voted No: Terminally Ill Adults (End of Life) Bill: Amendment 24 [0: Assisted dying bill amendment; effect unclear from title alone.] | 2025-06-20 VOTE: Voted No: Terminally Ill Adults (End of Life) Bill: New Clause 16 [0: Assisted dying bill new clause; effect unclear from title alone.] | 2025-06-13 VOTE: Voted Aye: Terminally Ill Adults (End of Life) Bill: New Clause 2 [0: Assisted dying bill amendment; effect unclear from title alone.] | 2025-06-13 VOTE: Voted No: Terminally Ill Adults (End of Life) Bill: New Clause 1 [0: New Clause on end of life bill, effect unclear from title alone.] | 2025-06-13 VOTE: Voted Aye: Terminally Ill Adults (End of Life) Bill: Amendment (b) to New Clause 14 [0: Amendment to end of life bill, effect unclear from title alone.] | 2024-11-29 VOTE: Voted Aye: Terminally Ill Adults (End of Life) Bill: Second Reading [--: Voted for assisted dying bill's second reading, directly opposing CitizenGO's stance against assisted dying.]"
"Ben Lake (Plaid Cymru, Ceredigion Preseli)",,,,,1,,"2025-06-20 VOTE: Voted Aye: Terminally Ill Adults (End of Life) Bill: Third Reading [--: Voted to pass assisted dying bill at Third Reading, directly opposing CitizenGO's stance.] | 2025-06-20 VOTE: Voted No: Terminally Ill Adults (End of Life) Bill: Amendment 94 [0: Assisted dying bill amendment; effect unclear from title alone.] | 2025-06-20 VOTE: Voted No: Terminally Ill Adults (End of Life) Bill: Amendment 12 [0: Assisted dying bill amendment; effect unclear from title alone.] | 2025-06-20 VOTE: Voted No: Terminally Ill Adults (End of Life) Bill: Amendment 24 [0: Assisted dying bill amendment; effect unclear from title alone.] | 2025-06-20 VOTE: Voted Aye: Terminally Ill Adults (End of Life) Bill: New Clause 16 [0: Assisted dying bill new clause; effect unclear from title alone.] | 2025-06-13 VOTE: Voted Aye: Terminally Ill Adults (End of Life) Bill: New Clause 2 [0: Assisted dying bill amendment; effect unclear from title alone.] | 2025-06-13 VOTE: Voted Aye: Terminally Ill Adults (End of Life) Bill: New Clause 1 [0: New Clause on end of life bill, effect unclear from title alone.] | 2025-06-13 VOTE: Voted Aye: Terminally Ill Adults (End of Life) Bill: Amendment (b) to New Clause 14 [0: Amendment to end of life bill, effect unclear from title alone.] | 2025-05-16 VOTE: Voted Aye: Terminally Ill Adults (End of Life) Bill Report Stage: Amendment (a) to New Clause 10 [0: Amendment to end of life bill, effect unclear from title alone.] | 2024-11-29 VOTE: Voted Aye: Terminally Ill Adults (End of Life) Bill: Second Reading [--: Voted for assisted dying bill's second reading, directly opposing CitizenGO's stance against assisted dying.]"
"Carla Denyer (Green Party, Bristol Central)",,,,,1,,"2025-06-20 VOTE: Voted Aye: Terminally Ill Adults (End of Life) Bill: Third Reading [--: Voted to pass assisted dying bill at Third Reading, directly opposing CitizenGO's stance.] | 2025-06-20 VOTE: Voted No: Terminally Ill Adults (End of Life) Bill: Amendment 94 [0: Assisted dying bill amendment; effect unclear from title alone.] | 2025-06-20 VOTE: Voted Aye: Terminally Ill Adults (End of Life) Bill: Amendment 77 [0: Assisted dying bill amendment; effect unclear from title alone.] | 2025-06-20 VOTE: Voted No: Terminally Ill Adults (End of Life) Bill: Amendment 12 [0: Assisted dying bill amendment; effect unclear from title alone.] | 2025-06-20 VOTE: Voted No: Terminally Ill Adults (End of Life) Bill: Amendment 24 [0: Assisted dying bill amendment; effect unclear from title alone.] | 2025-06-13 VOTE: Voted No: Terminally Ill Adults (End of Life) Bill: New Clause 2 [0: Assisted dying bill amendment; effect unclear from title alone.] | 2025-06-13 VOTE: Voted No: Terminally Ill Adults (End of Life) Bill: New Clause 1 [0: New Clause on end of life bill, effect unclear from title alone.] | 2025-06-13 VOTE: Voted No: Terminally Ill Adults (End of Life) Bill: Amendment (b) to New Clause 14 [0: Amendment to end of life bill, effect unclear from title alone.] | 2025-05-16 VOTE: Voted No: Terminally Ill Adults (End of Life) Bill Report Stage: Amendment (a) to New Clause 10 [0: Amendment to end of life bill, effect unclear from title alone.] | 2024-11-29 VOTE: Voted Aye: Terminally Ill Adults (End of Life) Bill: Second Reading [--: Voted for assisted dying bill's second reading, directly opposing CitizenGO's stance against assisted dying.]"
"Dr Luke Evans (Conservative, Hinckley and Bosworth)",,,,,1,,"2025-06-20 VOTE: Voted Aye: Terminally Ill Adults (End of Life) Bill: Third Reading [--: Voted to pass assisted dying bill at Third Reading, directly opposing CitizenGO's stance.] | 2025-06-20 VOTE: Voted Aye: Terminally Ill Adults (End of Life) Bill: Amendment 94 [0: Assisted dying bill amendment; effect unclear from title alone.] | 2025-06-20 VOTE: Voted Aye: Terminally Ill Adults (End of Life) Bill: Amendment 77 [0: Assisted dying bill amendment; effect unclear from title alone.] | 2025-06-20 VOTE: Voted No: Terminally Ill Adults (End of Life) Bill: Amendment 12 [0: Assisted dying bill amendment; effect unclear from title alone.] | 2025-06-20 VOTE: Voted No: Terminally Ill Adults (End of Life) Bill: Amendment 24 [0: Assisted dying bill amendment; effect unclear from title alone.] | 2025-06-20 VOTE: Voted No: Terminally Ill Adults (End of Life) Bill: New Clause 16 [0: Assisted dying bill new clause; effect unclear from title alone.] | 2025-06-13 VOTE: Voted No: Terminally Ill Adults (End of Life) Bill: New Clause 1 [0: New Clause on end of life bill, effect unclear from title alone.] | 2025-06-13 VOTE: Voted No: Terminally Ill Adults (End of Life) Bill: Amendment (b) to New Clause 14 [0: Amendment to end of life bill, effect unclear from title alone.] | 2025-05-16 VOTE: Voted No: Terminally Ill Adults (End of Life) Bill Report Stage: Amendment (a) to New Clause 10 [0: Amendment to end of life bill, effect unclear from title alone.] | 2024-11-29 VOTE: Voted Aye: Terminally Ill Adults (End of Life) Bill: Second Reading [--: Voted for assisted dying bill's second reading, directly opposing CitizenGO's stance against assisted dying.]"
"Dr Marie Tidball (Labour, Penistone and Stocksbridge)",,,,,1,,"2025-06-20 VOTE: Voted Aye: Terminally Ill Adults (End of Life) Bill: Third Reading [--: Voted to pass assisted dying bill at Third Reading, directly opposing CitizenGO's stance.] | 2025-06-20 VOTE: Voted Aye: Terminally Ill Adults (End of Life) Bill: Amendment 94 [0: Assisted dying bill amendment; effect unclear from title alone.] | 2025-06-20 VOTE: Voted Aye: Terminally Ill Adults (End of Life) Bill: Amendment 77 [0: Assisted dying bill amendment; effect unclear from title alone.] | 2025-06-20 VOTE: Voted No: Terminally Ill Adults (End of Life) Bill: Amendment 12 [0: Assisted dying bill amendment; effect unclear from title alone.] | 2025-06-20 VOTE: Voted No: Terminally Ill Adults (End of Life) Bill: Amendment 24 [0: Assisted dying bill amendment; effect unclear from title alone.] | 2025-06-20 VOTE: Voted No: Terminally Ill Adults (End of Life) Bill: New Clause 16 [0: Assisted dying bill new clause; effect unclear from title alone.] | 2025-06-13 VOTE: Voted No: Terminally Ill Adults (End of Life) Bill: New Clause 2 [0: Assisted dying bill amendment; effect unclear from title alone.] | 2025-06-13 VOTE: Voted No: Terminally Ill Adults (End of Life) Bill: Amendment (b) to New Clause 14 [0: Amendment to end of life bill, effect unclear from title alone.] | 2025-05-16 VOTE: Voted No: Terminally Ill Adults (End of Life) Bill Report Stage: Amendment (a) to New Clause 10 [0: Amendment to end of life bill, effect unclear from title alone.] | 2024-11-29 VOTE: Voted Aye: Terminally Ill Adults (End of Life) Bill: Second Reading [--: Voted for assisted dying bill's second reading, directly opposing CitizenGO's stance against assisted dying.]"
"Ed Miliband (Labour, Doncaster North)",,,,,1,,"2025-06-20 VOTE: Voted Aye: Terminally Ill Adults (End of Life) Bill: Third Reading [--: Voted to pass assisted dying bill at Third Reading, directly opposing CitizenGO's stance.] | 2025-06-20 VOTE: Voted Aye: Terminally Ill Adults (End of Life) Bill: Amendment 94 [0: Assisted dying bill amendment; effect unclear from title alone.] | 2025-06-20 VOTE: Voted Aye: Terminally Ill Adults (End of Life) Bill: Amendment 77 [0: Assisted dying bill amendment; effect unclear from title alone.] | 2025-06-20 VOTE: Voted No: Terminally Ill Adults (End of Life) Bill: Amendment 12 [0: Assisted dying bill amendment; effect unclear from title alone.] | 2025-06-20 VOTE: Voted No: Terminally Ill Adults (End of Life) Bill: Amendment 24 [0: Assisted dying bill amendment; effect unclear from title alone.] | 2025-06-20 VOTE: Voted No: Terminally Ill Adults (End of Life) Bill: New Clause 16 [0: Assisted dying bill new clause; effect unclear from title alone.] | 2025-06-13 VOTE: Voted No: Terminally Ill Adults (End of Life) Bill: New Clause 2 [0: Assisted dying bill amendment; effect unclear from title alone.] | 2025-06-13 VOTE: Voted No: Terminally Ill Adults (End of Life) Bill: New Clause 1 [0: New Clause on end of life bill, effect unclear from title alone.] | 2025-06-13 VOTE: Voted No: Terminally Ill Adults (End of Life) Bill: Amendment (b) to New Clause 14 [0: Amendment to end of life bill, effect unclear from title alone.] | 2024-11-29 VOTE: Voted Aye: Terminally Ill Adults (End of Life) Bill: Second Reading [--: Voted for assisted dying bill's second reading, directly opposing CitizenGO's stance against assisted dying.]"
"Ellie Reeves (Labour, Lewisham West and East Dulwich)",,,,,1,,"2025-06-20 VOTE: Voted Aye: Terminally Ill Adults (End of Life) Bill: Third Reading [--: Voted to pass assisted dying bill at Third Reading, directly opposing CitizenGO's stance.] | 2025-06-20 VOTE: Voted Aye: Terminally Ill Adults (End of Life) Bill: Amendment 94 [0: Assisted dying bill amendment; effect unclear from title alone.] | 2025-06-20 VOTE: Voted Aye: Terminally Ill Adults (End of Life) Bill: Amendment 77 [0: Assisted dying bill amendment; effect unclear from title alone.] | 2025-06-20 VOTE: Voted No: Terminally Ill Adults (End of Life) Bill: Amendment 12 [0: Assisted dying bill amendment; effect unclear from title alone.] | 2025-06-20 VOTE: Voted No: Terminally Ill Adults (End of Life) Bill: Amendment 24 [0: Assisted dying bill amendment; effect unclear from title alone.] | 2025-06-20 VOTE: Voted No: Terminally Ill Adults (End of Life) Bill: New Clause 16 [0: Assisted dying bill new clause; effect unclear from title alone.] | 2025-06-13 VOTE: Voted No: Terminally Ill Adults (End of Life) Bill: New Clause 2 [0: Assisted dying bill amendment; effect unclear from title alone.] | 2025-06-13 VOTE: Voted No: Terminally Ill Adults (End of Life) Bill: New Clause 1 [0: New Clause on end of life bill, effect unclear from title alone.] | 2025-06-13 VOTE: Voted No: Terminally Ill Adults (End of Life) Bill: Amendment (b) to New Clause 14 [0: Amendment to end of life bill, effect unclear from title alone.] | 2025-05-16 VOTE: Voted No: Terminally Ill Adults (End of Life) Bill Report Stage: Amendment (a) to New Clause 10 [0: Amendment to end of life bill, effect unclear from title alone.]"
"Emily Darlington (Labour, Milton Keynes Central)",,,,,1,,"2025-06-20 VOTE: Voted Aye: Terminally Ill Adults (End of Life) Bill: Third Reading [--: Voted to pass assisted dying bill at Third Reading, directly opposing CitizenGO's stance.] | 2025-06-20 VOTE: Voted Aye: Terminally Ill Adults (End of Life) Bill: Amendment 94 [0: Assisted dying bill amendment; effect unclear from title alone.] | 2025-06-20 VOTE: Voted Aye: Terminally Ill Adults (End of Life) Bill: Amendment 77 [0: Assisted dying bill amendment; effect unclear from title alone.] | 2025-06-20 VOTE: Voted No: Terminally Ill Adults (End of Life) Bill: Amendment 12 [0: Assisted dying bill amendment; effect unclear from title alone.] | 2025-06-20 VOTE: Voted No: Terminally Ill Adults (End of Life) Bill: Amendment 24 [0: Assisted dying bill amendment; effect unclear from title alone.] | 2025-06-20 VOTE: Voted No: Terminally Ill Adults (End of Life) Bill: New Clause 16 [0: Assisted dying bill new clause; effect unclear from title alone.] | 2025-06-13 VOTE: Voted No: Terminally Ill Adults (End of Life) Bill: New Clause 1 [0: New Clause on end of life bill, effect unclear from title alone.] | 2025-06-13 VOTE: Voted No: Terminally Ill Adults (End of Life) Bill: Amendment (b) to New Clause 14 [0: Amendment to end of life bill, effect unclear from title alone.] | 2025-05-16 VOTE: Voted No: Terminally Ill Adults (End of Life) Bill Report Stage: Amendment (a) to New Clause 10 [0: Amendment to end of life bill, effect unclear from title alone.] | 2024-11-29 VOTE: Voted Aye: Terminally Ill Adults (End of Life) Bill: Second Reading [--: Voted for assisted dying bill's second reading, directly opposing CitizenGO's stance against assisted dying.]"
"Gregor Poynton (Labour, Livingston)",,,,,1,,"2025-06-20 VOTE: Voted Aye: Terminally Ill Adults (End of Life) Bill: Third Reading [--: Voted to pass assisted dying bill at Third Reading, directly opposing CitizenGO's stance.] | 2025-06-20 VOTE: Voted Aye: Terminally Ill Adults (End of Life) Bill: Amendment 94 [0: Assisted dying bill amendment; effect unclear from title alone.] | 2025-06-20 VOTE: Voted Aye: Terminally Ill Adults (End of Life) Bill: Amendment 77 [0: Assisted dying bill amendment; effect unclear from title alone.] | 2025-06-20 VOTE: Voted No: Terminally Ill Adults (End of Life) Bill: Amendment 12 [0: Assisted dying bill amendment; effect unclear from title alone.] | 2025-06-20 VOTE: Voted No: Terminally Ill Adults (End of Life) Bill: Amendment 24 [0: Assisted dying bill amendment; effect unclear from title alone.] | 2025-06-13 VOTE: Voted No: Terminally Ill Adults (End of Life) Bill: New Clause 2 [0: Assisted dying bill amendment; effect unclear from title alone.] | 2025-06-13 VOTE: Voted No: Terminally Ill Adults (End of Life) Bill: New Clause 1 [0: New Clause on end of life bill, effect unclear from title alone.] | 2025-06-13 VOTE: Voted No: Terminally Ill Adults (End of Life) Bill: Amendment (b) to New Clause 14 [0: Amendment to end of life bill, effect unclear from title alone.] | 2025-05-16 VOTE: Voted No: Terminally Ill Adults (End of Life) Bill Report Stage: Amendment (a) to New Clause 10 [0: Amendment to end of life bill, effect unclear from title alone.] | 2024-11-29 VOTE: Voted Aye: Terminally Ill Adults (End of Life) Bill: Second Reading [--: Voted for assisted dying bill's second reading, directly opposing CitizenGO's stance against assisted dying.]"
"Harpreet Uppal (Labour, Huddersfield)",,,,,1,,"2025-06-20 VOTE: Voted Aye: Terminally Ill Adults (End of Life) Bill: Third Reading [--: Voted to pass assisted dying bill at Third Reading, directly opposing CitizenGO's stance.] | 2025-06-20 VOTE: Voted Aye: Terminally Ill Adults (End of Life) Bill: Amendment 94 [0: Assisted dying bill amendment; effect unclear from title alone.] | 2025-06-20 VOTE: Voted Aye: Terminally Ill Adults (End of Life) Bill: Amendment 77 [0: Assisted dying bill amendment; effect unclear from title alone.] | 2025-06-20 VOTE: Voted No: Terminally Ill Adults (End of Life) Bill: Amendment 12 [0: Assisted dying bill amendment; effect unclear from title alone.] | 2025-06-20 VOTE: Voted No: Terminally Ill Adults (End of Life) Bill: Amendment 24 [0: Assisted dying bill amendment; effect unclear from title alone.] | 2025-06-20 VOTE: Voted No: Terminally Ill Adults (End of Life) Bill: New Clause 16 [0: Assisted dying bill new clause; effect unclear from title alone.] | 2025-06-13 VOTE: Voted No: Terminally Ill Adults (End of Life) Bill: New Clause 1 [0: New Clause on end of life bill, effect unclear from title alone.] | 2025-06-13 VOTE: Voted No: Terminally Ill Adults (End of Life) Bill: Amendment (b) to New Clause 14 [0: Amendment to end of life bill, effect unclear from title alone.] | 2025-05-16 VOTE: Voted No: Terminally Ill Adults (End of Life) Bill Report Stage: Amendment (a) to New Clause 10 [0: Amendment to end of life bill, effect unclear from title alone.] | 2024-11-29 VOTE: Voted Aye: Terminally Ill Adults (End of Life) Bill: Second Reading [--: Voted for assisted dying bill's second reading, directly opposing CitizenGO's stance against assisted dying.]"
"Helen Morgan (Liberal Democrat, North Shropshire)",,,,,1,,"CONFLICTING SIGNALS - review all evidence | 2026-06-17 PQ: Hospices: Finance [+: Presses for hospice support, favouring palliative care over assisted dying.] | 2026-06-17 PQ: Hospices: Finance [+: Highlights hospice funding gap, supports palliative care as alternative to assisted dying.] | 2025-06-20 VOTE: Voted Aye: Terminally Ill Adults (End of Life) Bill: Third Reading [--: Voted to pass assisted dying bill at Third Reading, directly opposing CitizenGO's stance.] | 2025-06-20 VOTE: Voted Aye: Terminally Ill Adults (End of Life) Bill: Amendment 94 [0: Assisted dying bill amendment; effect unclear from title alone.] | 2025-06-20 VOTE: Voted Aye: Terminally Ill Adults (End of Life) Bill: Amendment 77 [0: Assisted dying bill amendment; effect unclear from title alone.] | 2025-06-20 VOTE: Voted No: Terminally Ill Adults (End of Life) Bill: Amendment 12 [0: Assisted dying bill amendment; effect unclear from title alone.] | 2025-06-20 VOTE: Voted No: Terminally Ill Adults (End of Life) Bill: Amendment 24 [0: Assisted dying bill amendment; effect unclear from title alone.] | 2025-06-20 VOTE: Voted No: Terminally Ill Adults (End of Life) Bill: New Clause 16 [0: Assisted dying bill new clause; effect unclear from title alone.] | 2025-05-16 VOTE: Voted No: Terminally Ill Adults (End of Life) Bill Report Stage: Amendment (a) to New Clause 10 [0: Amendment to end of life bill, effect unclear from title alone.] | 2024-11-29 VOTE: Voted Aye: Terminally Ill Adults (End of Life) Bill: Second Reading [--: Voted for assisted dying bill's second reading, directly opposing CitizenGO's stance against assisted dying.]"
"Jacob Collier (Labour, Burton and Uttoxeter)",,,,,1,,"2025-06-20 VOTE: Voted Aye: Terminally Ill Adults (End of Life) Bill: Third Reading [--: Voted to pass assisted dying bill at Third Reading, directly opposing CitizenGO's stance.] | 2025-06-20 VOTE: Voted Aye: Terminally Ill Adults (End of Life) Bill: Amendment 94 [0: Assisted dying bill amendment; effect unclear from title alone.] | 2025-06-20 VOTE: Voted Aye: Terminally Ill Adults (End of Life) Bill: Amendment 77 [0: Assisted dying bill amendment; effect unclear from title alone.] | 2025-06-20 VOTE: Voted No: Terminally Ill Adults (End of Life) Bill: Amendment 12 [0: Assisted dying bill amendment; effect unclear from title alone.] | 2025-06-20 VOTE: Voted No: Terminally Ill Adults (End of Life) Bill: Amendment 24 [0: Assisted dying bill amendment; effect unclear from title alone.] | 2025-06-20 VOTE: Voted No: Terminally Ill Adults (End of Life) Bill: New Clause 16 [0: Assisted dying bill new clause; effect unclear from title alone.] | 2025-06-13 VOTE: Voted Aye: Terminally Ill Adults (End of Life) Bill: New Clause 2 [0: Assisted dying bill amendment; effect unclear from title alone.] | 2025-06-13 VOTE: Voted Aye: Terminally Ill Adults (End of Life) Bill: New Clause 1 [0: New Clause on end of life bill, effect unclear from title alone.] | 2025-05-16 VOTE: Voted No: Terminally Ill Adults (End of Life) Bill Report Stage: Amendment (a) to New Clause 10 [0: Amendment to end of life bill, effect unclear from title alone.] | 2024-11-29 VOTE: Voted Aye: Terminally Ill Adults (End of Life) Bill: Second Reading [--: Voted for assisted dying bill's second reading, directly opposing CitizenGO's stance against assisted dying.]"
"Jake Richards (Labour, Rother Valley)",,,,,1,,"2025-06-20 VOTE: Voted Aye: Terminally Ill Adults (End of Life) Bill: Third Reading [--: Voted to pass assisted dying bill at Third Reading, directly opposing CitizenGO's stance.] | 2025-06-20 VOTE: Voted Aye: Terminally Ill Adults (End of Life) Bill: Amendment 77 [0: Assisted dying bill amendment; effect unclear from title alone.] | 2025-06-20 VOTE: Voted No: Terminally Ill Adults (End of Life) Bill: Amendment 12 [0: Assisted dying bill amendment; effect unclear from title alone.] | 2025-06-20 VOTE: Voted No: Terminally Ill Adults (End of Life) Bill: Amendment 24 [0: Assisted dying bill amendment; effect unclear from title alone.] | 2025-06-20 VOTE: Voted No: Terminally Ill Adults (End of Life) Bill: New Clause 16 [0: Assisted dying bill new clause; effect unclear from title alone.] | 2025-06-13 VOTE: Voted No: Terminally Ill Adults (End of Life) Bill: New Clause 2 [0: Assisted dying bill amendment; effect unclear from title alone.] | 2025-06-13 VOTE: Voted No: Terminally Ill Adults (End of Life) Bill: New Clause 1 [0: New Clause on end of life bill, effect unclear from title alone.] | 2025-06-13 VOTE: Voted No: Terminally Ill Adults (End of Life) Bill: Amendment (b) to New Clause 14 [0: Amendment to end of life bill, effect unclear from title alone.] | 2025-05-16 VOTE: Voted No: Terminally Ill Adults (End of Life) Bill Report Stage: Amendment (a) to New Clause 10 [0: Amendment to end of life bill, effect unclear from title alone.] | 2024-11-29 VOTE: Voted Aye: Terminally Ill Adults (End of Life) Bill: Second Reading [--: Voted for assisted dying bill's second reading, directly opposing CitizenGO's stance against assisted dying.]"
"Janet Daby (Labour, Lewisham East)",,,,,1,,"2025-06-20 VOTE: Voted Aye: Terminally Ill Adults (End of Life) Bill: Third Reading [--: Voted to pass assisted dying bill at Third Reading, directly opposing CitizenGO's stance.] | 2025-06-20 VOTE: Voted Aye: Terminally Ill Adults (End of Life) Bill: Amendment 94 [0: Assisted dying bill amendment; effect unclear from title alone.] | 2025-06-20 VOTE: Voted Aye: Terminally Ill Adults (End of Life) Bill: Amendment 77 [0: Assisted dying bill amendment; effect unclear from title alone.] | 2025-06-20 VOTE: Voted Aye: Terminally Ill Adults (End of Life) Bill: Amendment 12 [0: Assisted dying bill amendment; effect unclear from title alone.] | 2025-06-20 VOTE: Voted No: Terminally Ill Adults (End of Life) Bill: Amendment 24 [0: Assisted dying bill amendment; effect unclear from title alone.] | 2025-06-13 VOTE: Voted Aye: Terminally Ill Adults (End of Life) Bill: New Clause 2 [0: Assisted dying bill amendment; effect unclear from title alone.] | 2025-06-13 VOTE: Voted Aye: Terminally Ill Adults (End of Life) Bill: New Clause 1 [0: New Clause on end of life bill, effect unclear from title alone.] | 2025-06-13 VOTE: Voted No: Terminally Ill Adults (End of Life) Bill: Amendment (b) to New Clause 14 [0: Amendment to end of life bill, effect unclear from title alone.] | 2025-05-16 VOTE: Voted No: Terminally Ill Adults (End of Life) Bill Report Stage: Amendment (a) to New Clause 10 [0: Amendment to end of life bill, effect unclear from title alone.] | 2024-11-29 VOTE: Voted Aye: Terminally Ill Adults (End of Life) Bill: Second Reading [--: Voted for assisted dying bill's second reading, directly opposing CitizenGO's stance against assisted dying.]"
"Jayne Kirkham (Labour (Co-op), Truro and Falmouth)",,,,,1,,"2025-06-20 VOTE: Voted Aye: Terminally Ill Adults (End of Life) Bill: Third Reading [--: Voted to pass assisted dying bill at Third Reading, directly opposing CitizenGO's stance.] | 2025-06-20 VOTE: Voted Aye: Terminally Ill Adults (End of Life) Bill: Amendment 94 [0: Assisted dying bill amendment; effect unclear from title alone.] | 2025-06-20 VOTE: Voted Aye: Terminally Ill Adults (End of Life) Bill: Amendment 77 [0: Assisted dying bill amendment; effect unclear from title alone.] | 2025-06-20 VOTE: Voted No: Terminally Ill Adults (End of Life) Bill: Amendment 12 [0: Assisted dying bill amendment; effect unclear from title alone.] | 2025-06-20 VOTE: Voted No: Terminally Ill Adults (End of Life) Bill: Amendment 24 [0: Assisted dying bill amendment; effect unclear from title alone.] | 2025-06-20 VOTE: Voted No: Terminally Ill Adults (End of Life) Bill: New Clause 16 [0: Assisted dying bill new clause; effect unclear from title alone.] | 2025-06-13 VOTE: Voted No: Terminally Ill Adults (End of Life) Bill: New Clause 1 [0: New Clause on end of life bill, effect unclear from title alone.] | 2025-06-13 VOTE: Voted No: Terminally Ill Adults (End of Life) Bill: Amendment (b) to New Clause 14 [0: Amendment to end of life bill, effect unclear from title alone.] | 2025-05-16 VOTE: Voted No: Terminally Ill Adults (End of Life) Bill Report Stage: Amendment (a) to New Clause 10 [0: Amendment to end of life bill, effect unclear from title alone.] | 2024-11-29 VOTE: Voted Aye: Terminally Ill Adults (End of Life) Bill: Second Reading [--: Voted for assisted dying bill's second reading, directly opposing CitizenGO's stance against assisted dying.]"
"Josh Babarinde (Liberal Democrat, Eastbourne)",,,,,1,,"2025-06-20 VOTE: Voted Aye: Terminally Ill Adults (End of Life) Bill: Third Reading [--: Voted to pass assisted dying bill at Third Reading, directly opposing CitizenGO's stance.] | 2025-06-20 VOTE: Voted Aye: Terminally Ill Adults (End of Life) Bill: Amendment 77 [0: Assisted dying bill amendment; effect unclear from title alone.] | 2025-06-20 VOTE: Voted No: Terminally Ill Adults (End of Life) Bill: Amendment 12 [0: Assisted dying bill amendment; effect unclear from title alone.] | 2025-06-20 VOTE: Voted No: Terminally Ill Adults (End of Life) Bill: Amendment 24 [0: Assisted dying bill amendment; effect unclear from title alone.] | 2025-06-20 VOTE: Voted No: Terminally Ill Adults (End of Life) Bill: New Clause 16 [0: Assisted dying bill new clause; effect unclear from title alone.] | 2025-06-13 VOTE: Voted No: Terminally Ill Adults (End of Life) Bill: New Clause 2 [0: Assisted dying bill amendment; effect unclear from title alone.] | 2025-06-13 VOTE: Voted No: Terminally Ill Adults (End of Life) Bill: New Clause 1 [0: New Clause on end of life bill, effect unclear from title alone.] | 2025-06-13 VOTE: Voted No: Terminally Ill Adults (End of Life) Bill: Amendment (b) to New Clause 14 [0: Amendment to end of life bill, effect unclear from title alone.] | 2025-05-16 VOTE: Voted No: Terminally Ill Adults (End of Life) Bill Report Stage: Amendment (a) to New Clause 10 [0: Amendment to end of life bill, effect unclear from title alone.] | 2024-11-29 VOTE: Voted Aye: Terminally Ill Adults (End of Life) Bill: Second Reading [--: Voted for assisted dying bill's second reading, directly opposing CitizenGO's stance against assisted dying.]"
"Julia Buckley (Labour, Shrewsbury)",,,,,1,,"2025-06-20 VOTE: Voted Aye: Terminally Ill Adults (End of Life) Bill: Third Reading [--: Voted to pass assisted dying bill at Third Reading, directly opposing CitizenGO's stance.] | 2025-06-20 VOTE: Voted Aye: Terminally Ill Adults (End of Life) Bill: Amendment 94 [0: Assisted dying bill amendment; effect unclear from title alone.] | 2025-06-20 VOTE: Voted Aye: Terminally Ill Adults (End of Life) Bill: Amendment 77 [0: Assisted dying bill amendment; effect unclear from title alone.] | 2025-06-20 VOTE: Voted Aye: Terminally Ill Adults (End of Life) Bill: Amendment 12 [0: Assisted dying bill amendment; effect unclear from title alone.] | 2025-06-20 VOTE: Voted Aye: Terminally Ill Adults (End of Life) Bill: Amendment 24 [0: Assisted dying bill amendment; effect unclear from title alone.] | 2025-06-20 VOTE: Voted Aye: Terminally Ill Adults (End of Life) Bill: New Clause 16 [0: Assisted dying bill new clause; effect unclear from title alone.] | 2025-06-13 VOTE: Voted Aye: Terminally Ill Adults (End of Life) Bill: New Clause 2 [0: Assisted dying bill amendment; effect unclear from title alone.] | 2025-06-13 VOTE: Voted Aye: Terminally Ill Adults (End of Life) Bill: New Clause 1 [0: New Clause on end of life bill, effect unclear from title alone.] | 2025-06-13 VOTE: Voted Aye: Terminally Ill Adults (End of Life) Bill: Amendment (b) to New Clause 14 [0: Amendment to end of life bill, effect unclear from title alone.] | 2024-11-29 VOTE: Voted Aye: Terminally Ill Adults (End of Life) Bill: Second Reading [--: Voted for assisted dying bill's second reading, directly opposing CitizenGO's stance against assisted dying.]"
"Kevin Hollinrake (Conservative, Thirsk and Malton)",,,,,1,,"2025-06-20 VOTE: Voted Aye: Terminally Ill Adults (End of Life) Bill: Third Reading [--: Voted to pass assisted dying bill at Third Reading, directly opposing CitizenGO's stance.] | 2025-06-20 VOTE: Voted Aye: Terminally Ill Adults (End of Life) Bill: Amendment 94 [0: Assisted dying bill amendment; effect unclear from title alone.] | 2025-06-20 VOTE: Voted Aye: Terminally Ill Adults (End of Life) Bill: Amendment 77 [0: Assisted dying bill amendment; effect unclear from title alone.] | 2025-06-20 VOTE: Voted No: Terminally Ill Adults (End of Life) Bill: Amendment 12 [0: Assisted dying bill amendment; effect unclear from title alone.] | 2025-06-20 VOTE: Voted No: Terminally Ill Adults (End of Life) Bill: Amendment 24 [0: Assisted dying bill amendment; effect unclear from title alone.] | 2025-06-20 VOTE: Voted No: Terminally Ill Adults (End of Life) Bill: New Clause 16 [0: Assisted dying bill new clause; effect unclear from title alone.] | 2025-06-13 VOTE: Voted No: Terminally Ill Adults (End of Life) Bill: New Clause 2 [0: Assisted dying bill amendment; effect unclear from title alone.] | 2025-06-13 VOTE: Voted No: Terminally Ill Adults (End of Life) Bill: New Clause 1 [0: New Clause on end of life bill, effect unclear from title alone.] | 2025-06-13 VOTE: Voted No: Terminally Ill Adults (End of Life) Bill: Amendment (b) to New Clause 14 [0: Amendment to end of life bill, effect unclear from title alone.] | 2024-11-29 VOTE: Voted Aye: Terminally Ill Adults (End of Life) Bill: Second Reading [--: Voted for assisted dying bill's second reading, directly opposing CitizenGO's stance against assisted dying.]"
"Lauren Edwards (Labour, Rochester and Strood)",,,,,1,,"2025-06-20 VOTE: Voted Aye: Terminally Ill Adults (End of Life) Bill: Third Reading [--: Voted to pass assisted dying bill at Third Reading, directly opposing CitizenGO's stance.] | 2025-06-20 VOTE: Voted Aye: Terminally Ill Adults (End of Life) Bill: Amendment 94 [0: Assisted dying bill amendment; effect unclear from title alone.] | 2025-06-20 VOTE: Voted Aye: Terminally Ill Adults (End of Life) Bill: Amendment 77 [0: Assisted dying bill amendment; effect unclear from title alone.] | 2025-06-20 VOTE: Voted No: Terminally Ill Adults (End of Life) Bill: Amendment 12 [0: Assisted dying bill amendment; effect unclear from title alone.] | 2025-06-20 VOTE: Voted No: Terminally Ill Adults (End of Life) Bill: Amendment 24 [0: Assisted dying bill amendment; effect unclear from title alone.] | 2025-06-13 VOTE: Voted No: Terminally Ill Adults (End of Life) Bill: New Clause 2 [0: Assisted dying bill amendment; effect unclear from title alone.] | 2025-06-13 VOTE: Voted No: Terminally Ill Adults (End of Life) Bill: New Clause 1 [0: New Clause on end of life bill, effect unclear from title alone.] | 2025-06-13 VOTE: Voted No: Terminally Ill Adults (End of Life) Bill: Amendment (b) to New Clause 14 [0: Amendment to end of life bill, effect unclear from title alone.] | 2025-05-16 VOTE: Voted No: Terminally Ill Adults (End of Life) Bill Report Stage: Amendment (a) to New Clause 10 [0: Amendment to end of life bill, effect unclear from title alone.] | 2024-11-29 VOTE: Voted Aye: Terminally Ill Adults (End of Life) Bill: Second Reading [--: Voted for assisted dying bill's second reading, directly opposing CitizenGO's stance against assisted dying.]"
"Lee Barron (Labour, Corby and East Northamptonshire)",,,,,1,,"2025-06-20 VOTE: Voted Aye: Terminally Ill Adults (End of Life) Bill: Third Reading [--: Voted to pass assisted dying bill at Third Reading, directly opposing CitizenGO's stance.] | 2025-06-20 VOTE: Voted Aye: Terminally Ill Adults (End of Life) Bill: Amendment 94 [0: Assisted dying bill amendment; effect unclear from title alone.] | 2025-06-20 VOTE: Voted Aye: Terminally Ill Adults (End of Life) Bill: Amendment 77 [0: Assisted dying bill amendment; effect unclear from title alone.] | 2025-06-20 VOTE: Voted No: Terminally Ill Adults (End of Life) Bill: Amendment 12 [0: Assisted dying bill amendment; effect unclear from title alone.] | 2025-06-20 VOTE: Voted No: Terminally Ill Adults (End of Life) Bill: Amendment 24 [0: Assisted dying bill amendment; effect unclear from title alone.] | 2025-06-20 VOTE: Voted No: Terminally Ill Adults (End of Life) Bill: New Clause 16 [0: Assisted dying bill new clause; effect unclear from title alone.] | 2025-06-13 VOTE: Voted No: Terminally Ill Adults (End of Life) Bill: New Clause 2 [0: Assisted dying bill amendment; effect unclear from title alone.] | 2025-06-13 VOTE: Voted No: Terminally Ill Adults (End of Life) Bill: New Clause 1 [0: New Clause on end of life bill, effect unclear from title alone.] | 2025-06-13 VOTE: Voted Aye: Terminally Ill Adults (End of Life) Bill: Amendment (b) to New Clause 14 [0: Amendment to end of life bill, effect unclear from title alone.] | 2024-11-29 VOTE: Voted Aye: Terminally Ill Adults (End of Life) Bill: Second Reading [--: Voted for assisted dying bill's second reading, directly opposing CitizenGO's stance against assisted dying.]"
"Leigh Ingham (Labour, Stafford)",,,,,1,,"2025-06-20 VOTE: Voted Aye: Terminally Ill Adults (End of Life) Bill: Third Reading [--: Voted to pass assisted dying bill at Third Reading, directly opposing CitizenGO's stance.] | 2025-06-20 VOTE: Voted Aye: Terminally Ill Adults (End of Life) Bill: Amendment 94 [0: Assisted dying bill amendment; effect unclear from title alone.] | 2025-06-20 VOTE: Voted Aye: Terminally Ill Adults (End of Life) Bill: Amendment 77 [0: Assisted dying bill amendment; effect unclear from title alone.] | 2025-06-20 VOTE: Voted No: Terminally Ill Adults (End of Life) Bill: Amendment 12 [0: Assisted dying bill amendment; effect unclear from title alone.] | 2025-06-20 VOTE: Voted No: Terminally Ill Adults (End of Life) Bill: Amendment 24 [0: Assisted dying bill amendment; effect unclear from title alone.] | 2025-06-13 VOTE: Voted No: Terminally Ill Adults (End of Life) Bill: New Clause 2 [0: Assisted dying bill amendment; effect unclear from title alone.] | 2025-06-13 VOTE: Voted No: Terminally Ill Adults (End of Life) Bill: New Clause 1 [0: New Clause on end of life bill, effect unclear from title alone.] | 2025-06-13 VOTE: Voted No: Terminally Ill Adults (End of Life) Bill: Amendment (b) to New Clause 14 [0: Amendment to end of life bill, effect unclear from title alone.] | 2025-05-16 VOTE: Voted Aye: Terminally Ill Adults (End of Life) Bill Report Stage: Amendment (a) to New Clause 10 [0: Amendment to end of life bill, effect unclear from title alone.] | 2024-11-29 VOTE: Voted Aye: Terminally Ill Adults (End of Life) Bill: Second Reading [--: Voted for assisted dying bill's second reading, directly opposing CitizenGO's stance against assisted dying.]"
"Liz Saville Roberts (Plaid Cymru, Dwyfor Meirionnydd)",,,,,1,,"2025-06-20 VOTE: Voted Aye: Terminally Ill Adults (End of Life) Bill: Third Reading [--: Voted to pass assisted dying bill at Third Reading, directly opposing CitizenGO's stance.] | 2025-06-20 VOTE: Voted No: Terminally Ill Adults (End of Life) Bill: Amendment 94 [0: Assisted dying bill amendment; effect unclear from title alone.] | 2025-06-20 VOTE: Voted No: Terminally Ill Adults (End of Life) Bill: Amendment 12 [0: Assisted dying bill amendment; effect unclear from title alone.] | 2025-06-20 VOTE: Voted No: Terminally Ill Adults (End of Life) Bill: Amendment 24 [0: Assisted dying bill amendment; effect unclear from title alone.] | 2025-06-20 VOTE: Voted No: Terminally Ill Adults (End of Life) Bill: New Clause 16 [0: Assisted dying bill new clause; effect unclear from title alone.] | 2025-06-13 VOTE: Voted No: Terminally Ill Adults (End of Life) Bill: New Clause 2 [0: Assisted dying bill amendment; effect unclear from title alone.] | 2025-06-13 VOTE: Voted No: Terminally Ill Adults (End of Life) Bill: New Clause 1 [0: New Clause on end of life bill, effect unclear from title alone.] | 2025-06-13 VOTE: Voted No: Terminally Ill Adults (End of Life) Bill: Amendment (b) to New Clause 14 [0: Amendment to end of life bill, effect unclear from title alone.] | 2025-05-16 VOTE: Voted No: Terminally Ill Adults (End of Life) Bill Report Stage: Amendment (a) to New Clause 10 [0: Amendment to end of life bill, effect unclear from title alone.] | 2024-11-29 VOTE: Voted Aye: Terminally Ill Adults (End of Life) Bill: Second Reading [--: Voted for assisted dying bill's second reading, directly opposing CitizenGO's stance against assisted dying.]"
"Llinos Medi (Plaid Cymru, Ynys Môn)",,,,,1,,"2025-06-20 VOTE: Voted Aye: Terminally Ill Adults (End of Life) Bill: Third Reading [--: Voted to pass assisted dying bill at Third Reading, directly opposing CitizenGO's stance.] | 2025-06-20 VOTE: Voted No: Terminally Ill Adults (End of Life) Bill: Amendment 94 [0: Assisted dying bill amendment; effect unclear from title alone.] | 2025-06-20 VOTE: Voted No: Terminally Ill Adults (End of Life) Bill: Amendment 12 [0: Assisted dying bill amendment; effect unclear from title alone.] | 2025-06-20 VOTE: Voted No: Terminally Ill Adults (End of Life) Bill: Amendment 24 [0: Assisted dying bill amendment; effect unclear from title alone.] | 2025-06-20 VOTE: Voted No: Terminally Ill Adults (End of Life) Bill: New Clause 16 [0: Assisted dying bill new clause; effect unclear from title alone.] | 2025-06-13 VOTE: Voted Aye: Terminally Ill Adults (End of Life) Bill: New Clause 2 [0: Assisted dying bill amendment; effect unclear from title alone.] | 2025-06-13 VOTE: Voted Aye: Terminally Ill Adults (End of Life) Bill: New Clause 1 [0: New Clause on end of life bill, effect unclear from title alone.] | 2025-06-13 VOTE: Voted Aye: Terminally Ill Adults (End of Life) Bill: Amendment (b) to New Clause 14 [0: Amendment to end of life bill, effect unclear from title alone.] | 2025-05-16 VOTE: Voted Aye: Terminally Ill Adults (End of Life) Bill Report Stage: Amendment (a) to New Clause 10 [0: Amendment to end of life bill, effect unclear from title alone.] | 2024-11-29 VOTE: Voted Aye: Terminally Ill Adults (End of Life) Bill: Second Reading [--: Voted for assisted dying bill's second reading, directly opposing CitizenGO's stance against assisted dying.]"
"Luke Myer (Labour, Middlesbrough South and East Cleveland)",,,,,1,,"2025-06-20 VOTE: Voted Aye: Terminally Ill Adults (End of Life) Bill: Third Reading [--: Voted to pass assisted dying bill at Third Reading, directly opposing CitizenGO's stance.] | 2025-06-20 VOTE: Voted Aye: Terminally Ill Adults (End of Life) Bill: Amendment 94 [0: Assisted dying bill amendment; effect unclear from title alone.] | 2025-06-20 VOTE: Voted Aye: Terminally Ill Adults (End of Life) Bill: Amendment 77 [0: Assisted dying bill amendment; effect unclear from title alone.] | 2025-06-20 VOTE: Voted No: Terminally Ill Adults (End of Life) Bill: Amendment 12 [0: Assisted dying bill amendment; effect unclear from title alone.] | 2025-06-20 VOTE: Voted Aye: Terminally Ill Adults (End of Life) Bill: Amendment 24 [0: Assisted dying bill amendment; effect unclear from title alone.] | 2025-06-13 VOTE: Voted Aye: Terminally Ill Adults (End of Life) Bill: New Clause 2 [0: Assisted dying bill amendment; effect unclear from title alone.] | 2025-06-13 VOTE: Voted Aye: Terminally Ill Adults (End of Life) Bill: New Clause 1 [0: New Clause on end of life bill, effect unclear from title alone.] | 2025-06-13 VOTE: Voted Aye: Terminally Ill Adults (End of Life) Bill: Amendment (b) to New Clause 14 [0: Amendment to end of life bill, effect unclear from title alone.] | 2025-05-16 VOTE: Voted Aye: Terminally Ill Adults (End of Life) Bill Report Stage: Amendment (a) to New Clause 10 [0: Amendment to end of life bill, effect unclear from title alone.] | 2024-11-29 VOTE: Voted Aye: Terminally Ill Adults (End of Life) Bill: Second Reading [--: Voted for assisted dying bill's second reading, directly opposing CitizenGO's stance against assisted dying.]"
"Matt Turmaine (Labour, Watford)",,,,,1,,"2025-06-20 VOTE: Voted Aye: Terminally Ill Adults (End of Life) Bill: Third Reading [--: Voted to pass assisted dying bill at Third Reading, directly opposing CitizenGO's stance.] | 2025-06-20 VOTE: Voted Aye: Terminally Ill Adults (End of Life) Bill: Amendment 94 [0: Assisted dying bill amendment; effect unclear from title alone.] | 2025-06-20 VOTE: Voted Aye: Terminally Ill Adults (End of Life) Bill: Amendment 77 [0: Assisted dying bill amendment; effect unclear from title alone.] | 2025-06-20 VOTE: Voted No: Terminally Ill Adults (End of Life) Bill: Amendment 12 [0: Assisted dying bill amendment; effect unclear from title alone.] | 2025-06-20 VOTE: Voted No: Terminally Ill Adults (End of Life) Bill: Amendment 24 [0: Assisted dying bill amendment; effect unclear from title alone.] | 2025-06-20 VOTE: Voted No: Terminally Ill Adults (End of Life) Bill: New Clause 16 [0: Assisted dying bill new clause; effect unclear from title alone.] | 2025-06-13 VOTE: Voted No: Terminally Ill Adults (End of Life) Bill: New Clause 2 [0: Assisted dying bill amendment; effect unclear from title alone.] | 2025-06-13 VOTE: Voted No: Terminally Ill Adults (End of Life) Bill: New Clause 1 [0: New Clause on end of life bill, effect unclear from title alone.] | 2025-06-13 VOTE: Voted No: Terminally Ill Adults (End of Life) Bill: Amendment (b) to New Clause 14 [0: Amendment to end of life bill, effect unclear from title alone.] | 2024-11-29 VOTE: Voted Aye: Terminally Ill Adults (End of Life) Bill: Second Reading [--: Voted for assisted dying bill's second reading, directly opposing CitizenGO's stance against assisted dying.]"
"Max Wilkinson (Liberal Democrat, Cheltenham)",,,,,1,,"2025-06-20 VOTE: Voted Aye: Terminally Ill Adults (End of Life) Bill: Third Reading [--: Voted to pass assisted dying bill at Third Reading, directly opposing CitizenGO's stance.] | 2025-06-20 VOTE: Voted Aye: Terminally Ill Adults (End of Life) Bill: Amendment 94 [0: Assisted dying bill amendment; effect unclear from title alone.] | 2025-06-20 VOTE: Voted Aye: Terminally Ill Adults (End of Life) Bill: Amendment 77 [0: Assisted dying bill amendment; effect unclear from title alone.] | 2025-06-20 VOTE: Voted No: Terminally Ill Adults (End of Life) Bill: Amendment 12 [0: Assisted dying bill amendment; effect unclear from title alone.] | 2025-06-20 VOTE: Voted No: Terminally Ill Adults (End of Life) Bill: Amendment 24 [0: Assisted dying bill amendment; effect unclear from title alone.] | 2025-06-20 VOTE: Voted No: Terminally Ill Adults (End of Life) Bill: New Clause 16 [0: Assisted dying bill new clause; effect unclear from title alone.] | 2025-06-13 VOTE: Voted Aye: Terminally Ill Adults (End of Life) Bill: New Clause 2 [0: Assisted dying bill amendment; effect unclear from title alone.] | 2025-06-13 VOTE: Voted Aye: Terminally Ill Adults (End of Life) Bill: New Clause 1 [0: New Clause on end of life bill, effect unclear from title alone.] | 2025-06-13 VOTE: Voted Aye: Terminally Ill Adults (End of Life) Bill: Amendment (b) to New Clause 14 [0: Amendment to end of life bill, effect unclear from title alone.] | 2024-11-29 VOTE: Voted Aye: Terminally Ill Adults (End of Life) Bill: Second Reading [--: Voted for assisted dying bill's second reading, directly opposing CitizenGO's stance against assisted dying.]"
"Mike Martin (Liberal Democrat, Tunbridge Wells)",,,,,1,,"2025-06-20 VOTE: Voted Aye: Terminally Ill Adults (End of Life) Bill: Third Reading [--: Voted to pass assisted dying bill at Third Reading, directly opposing CitizenGO's stance.] | 2025-06-20 VOTE: Voted Aye: Terminally Ill Adults (End of Life) Bill: Amendment 94 [0: Assisted dying bill amendment; effect unclear from title alone.] | 2025-06-20 VOTE: Voted Aye: Terminally Ill Adults (End of Life) Bill: Amendment 77 [0: Assisted dying bill amendment; effect unclear from title alone.] | 2025-06-20 VOTE: Voted No: Terminally Ill Adults (End of Life) Bill: Amendment 12 [0: Assisted dying bill amendment; effect unclear from title alone.] | 2025-06-20 VOTE: Voted No: Terminally Ill Adults (End of Life) Bill: Amendment 24 [0: Assisted dying bill amendment; effect unclear from title alone.] | 2025-06-20 VOTE: Voted No: Terminally Ill Adults (End of Life) Bill: New Clause 16 [0: Assisted dying bill new clause; effect unclear from title alone.] | 2025-06-13 VOTE: Voted No: Terminally Ill Adults (End of Life) Bill: New Clause 1 [0: New Clause on end of life bill, effect unclear from title alone.] | 2025-06-13 VOTE: Voted No: Terminally Ill Adults (End of Life) Bill: Amendment (b) to New Clause 14 [0: Amendment to end of life bill, effect unclear from title alone.] | 2025-05-16 VOTE: Voted No: Terminally Ill Adults (End of Life) Bill Report Stage: Amendment (a) to New Clause 10 [0: Amendment to end of life bill, effect unclear from title alone.] | 2024-11-29 VOTE: Voted Aye: Terminally Ill Adults (End of Life) Bill: Second Reading [--: Voted for assisted dying bill's second reading, directly opposing CitizenGO's stance against assisted dying.]"
"Mr Douglas Alexander (Labour (Co-op), Lothian East)",,,,,1,,"2025-06-20 VOTE: Voted Aye: Terminally Ill Adults (End of Life) Bill: Third Reading [--: Voted to pass assisted dying bill at Third Reading, directly opposing CitizenGO's stance.] | 2025-06-20 VOTE: Voted Aye: Terminally Ill Adults (End of Life) Bill: Amendment 94 [0: Assisted dying bill amendment; effect unclear from title alone.] | 2025-06-20 VOTE: Voted Aye: Terminally Ill Adults (End of Life) Bill: Amendment 77 [0: Assisted dying bill amendment; effect unclear from title alone.] | 2025-06-20 VOTE: Voted No: Terminally Ill Adults (End of Life) Bill: Amendment 12 [0: Assisted dying bill amendment; effect unclear from title alone.] | 2025-06-20 VOTE: Voted No: Terminally Ill Adults (End of Life) Bill: Amendment 24 [0: Assisted dying bill amendment; effect unclear from title alone.] | 2025-06-20 VOTE: Voted No: Terminally Ill Adults (End of Life) Bill: New Clause 16 [0: Assisted dying bill new clause; effect unclear from title alone.] | 2025-06-13 VOTE: Voted No: Terminally Ill Adults (End of Life) Bill: New Clause 2 [0: Assisted dying bill amendment; effect unclear from title alone.] | 2025-06-13 VOTE: Voted No: Terminally Ill Adults (End of Life) Bill: New Clause 1 [0: New Clause on end of life bill, effect unclear from title alone.] | 2025-06-13 VOTE: Voted No: Terminally Ill Adults (End of Life) Bill: Amendment (b) to New Clause 14 [0: Amendment to end of life bill, effect unclear from title alone.] | 2025-05-16 VOTE: Voted No: Terminally Ill Adults (End of Life) Bill Report Stage: Amendment (a) to New Clause 10 [0: Amendment to end of life bill, effect unclear from title alone.]"
"Navendu Mishra (Labour, Stockport)",,,,,1,,"2025-06-20 VOTE: Voted Aye: Terminally Ill Adults (End of Life) Bill: Third Reading [--: Voted to pass assisted dying bill at Third Reading, directly opposing CitizenGO's stance.] | 2025-06-20 VOTE: Voted Aye: Terminally Ill Adults (End of Life) Bill: Amendment 94 [0: Assisted dying bill amendment; effect unclear from title alone.] | 2025-06-20 VOTE: Voted Aye: Terminally Ill Adults (End of Life) Bill: Amendment 77 [0: Assisted dying bill amendment; effect unclear from title alone.] | 2025-06-20 VOTE: Voted No: Terminally Ill Adults (End of Life) Bill: Amendment 12 [0: Assisted dying bill amendment; effect unclear from title alone.] | 2025-06-20 VOTE: Voted No: Terminally Ill Adults (End of Life) Bill: Amendment 24 [0: Assisted dying bill amendment; effect unclear from title alone.] | 2025-06-20 VOTE: Voted No: Terminally Ill Adults (End of Life) Bill: New Clause 16 [0: Assisted dying bill new clause; effect unclear from title alone.] | 2025-06-13 VOTE: Voted No: Terminally Ill Adults (End of Life) Bill: New Clause 2 [0: Assisted dying bill amendment; effect unclear from title alone.] | 2025-06-13 VOTE: Voted No: Terminally Ill Adults (End of Life) Bill: New Clause 1 [0: New Clause on end of life bill, effect unclear from title alone.] | 2025-06-13 VOTE: Voted No: Terminally Ill Adults (End of Life) Bill: Amendment (b) to New Clause 14 [0: Amendment to end of life bill, effect unclear from title alone.] | 2025-05-16 VOTE: Voted No: Terminally Ill Adults (End of Life) Bill Report Stage: Amendment (a) to New Clause 10 [0: Amendment to end of life bill, effect unclear from title alone.]"
"Pamela Nash (Labour, Motherwell, Wishaw and Carluke)",,,,,1,,"2025-06-20 VOTE: Voted Aye: Terminally Ill Adults (End of Life) Bill: Third Reading [--: Voted to pass assisted dying bill at Third Reading, directly opposing CitizenGO's stance.] | 2025-06-20 VOTE: Voted Aye: Terminally Ill Adults (End of Life) Bill: Amendment 94 [0: Assisted dying bill amendment; effect unclear from title alone.] | 2025-06-20 VOTE: Voted Aye: Terminally Ill Adults (End of Life) Bill: Amendment 77 [0: Assisted dying bill amendment; effect unclear from title alone.] | 2025-06-20 VOTE: Voted No: Terminally Ill Adults (End of Life) Bill: Amendment 12 [0: Assisted dying bill amendment; effect unclear from title alone.] | 2025-06-20 VOTE: Voted No: Terminally Ill Adults (End of Life) Bill: New Clause 16 [0: Assisted dying bill new clause; effect unclear from title alone.] | 2025-06-13 VOTE: Voted No: Terminally Ill Adults (End of Life) Bill: New Clause 2 [0: Assisted dying bill amendment; effect unclear from title alone.] | 2025-06-13 VOTE: Voted No: Terminally Ill Adults (End of Life) Bill: New Clause 1 [0: New Clause on end of life bill, effect unclear from title alone.] | 2025-06-13 VOTE: Voted No: Terminally Ill Adults (End of Life) Bill: Amendment (b) to New Clause 14 [0: Amendment to end of life bill, effect unclear from title alone.] | 2025-05-16 VOTE: Voted No: Terminally Ill Adults (End of Life) Bill Report Stage: Amendment (a) to New Clause 10 [0: Amendment to end of life bill, effect unclear from title alone.] | 2024-11-29 VOTE: Voted Aye: Terminally Ill Adults (End of Life) Bill: Second Reading [--: Voted for assisted dying bill's second reading, directly opposing CitizenGO's stance against assisted dying.]"
"Peter Swallow (Labour, Bracknell)",,,,,1,,"2025-06-20 VOTE: Voted Aye: Terminally Ill Adults (End of Life) Bill: Third Reading [--: Voted to pass assisted dying bill at Third Reading, directly opposing CitizenGO's stance.] | 2025-06-20 VOTE: Voted Aye: Terminally Ill Adults (End of Life) Bill: Amendment 94 [0: Assisted dying bill amendment; effect unclear from title alone.] | 2025-06-20 VOTE: Voted Aye: Terminally Ill Adults (End of Life) Bill: Amendment 77 [0: Assisted dying bill amendment; effect unclear from title alone.] | 2025-06-20 VOTE: Voted No: Terminally Ill Adults (End of Life) Bill: Amendment 12 [0: Assisted dying bill amendment; effect unclear from title alone.] | 2025-06-20 VOTE: Voted No: Terminally Ill Adults (End of Life) Bill: New Clause 16 [0: Assisted dying bill new clause; effect unclear from title alone.] | 2025-06-13 VOTE: Voted Aye: Terminally Ill Adults (End of Life) Bill: New Clause 2 [0: Assisted dying bill amendment; effect unclear from title alone.] | 2025-06-13 VOTE: Voted No: Terminally Ill Adults (End of Life) Bill: New Clause 1 [0: New Clause on end of life bill, effect unclear from title alone.] | 2025-06-13 VOTE: Voted No: Terminally Ill Adults (End of Life) Bill: Amendment (b) to New Clause 14 [0: Amendment to end of life bill, effect unclear from title alone.] | 2025-05-16 VOTE: Voted No: Terminally Ill Adults (End of Life) Bill Report Stage: Amendment (a) to New Clause 10 [0: Amendment to end of life bill, effect unclear from title alone.] | 2024-11-29 VOTE: Voted Aye: Terminally Ill Adults (End of Life) Bill: Second Reading [--: Voted for assisted dying bill's second reading, directly opposing CitizenGO's stance against assisted dying.]"
"Richard Foord (Liberal Democrat, Honiton and Sidmouth)",,,,,1,,"2025-06-20 VOTE: Voted Aye: Terminally Ill Adults (End of Life) Bill: Third Reading [--: Voted to pass assisted dying bill at Third Reading, directly opposing CitizenGO's stance.] | 2025-06-20 VOTE: Voted Aye: Terminally Ill Adults (End of Life) Bill: Amendment 94 [0: Assisted dying bill amendment; effect unclear from title alone.] | 2025-06-20 VOTE: Voted Aye: Terminally Ill Adults (End of Life) Bill: Amendment 77 [0: Assisted dying bill amendment; effect unclear from title alone.] | 2025-06-20 VOTE: Voted No: Terminally Ill Adults (End of Life) Bill: Amendment 24 [0: Assisted dying bill amendment; effect unclear from title alone.] | 2025-06-20 VOTE: Voted No: Terminally Ill Adults (End of Life) Bill: New Clause 16 [0: Assisted dying bill new clause; effect unclear from title alone.] | 2025-06-13 VOTE: Voted Aye: Terminally Ill Adults (End of Life) Bill: New Clause 2 [0: Assisted dying bill amendment; effect unclear from title alone.] | 2025-06-13 VOTE: Voted Aye: Terminally Ill Adults (End of Life) Bill: New Clause 1 [0: New Clause on end of life bill, effect unclear from title alone.] | 2025-06-13 VOTE: Voted No: Terminally Ill Adults (End of Life) Bill: Amendment (b) to New Clause 14 [0: Amendment to end of life bill, effect unclear from title alone.] | 2025-05-16 VOTE: Voted No: Terminally Ill Adults (End of Life) Bill Report Stage: Amendment (a) to New Clause 10 [0: Amendment to end of life bill, effect unclear from title alone.] | 2024-11-29 VOTE: Voted Aye: Terminally Ill Adults (End of Life) Bill: Second Reading [--: Voted for assisted dying bill's second reading, directly opposing CitizenGO's stance against assisted dying.]"
"Sir Mark Tami (Labour, Alyn and Deeside)",,,,,1,,"2025-06-20 VOTE: Voted Aye: Terminally Ill Adults (End of Life) Bill: Third Reading [--: Voted to pass assisted dying bill at Third Reading, directly opposing CitizenGO's stance.] | 2025-06-20 VOTE: Voted Aye: Terminally Ill Adults (End of Life) Bill: Amendment 94 [0: Assisted dying bill amendment; effect unclear from title alone.] | 2025-06-20 VOTE: Voted Aye: Terminally Ill Adults (End of Life) Bill: Amendment 77 [0: Assisted dying bill amendment; effect unclear from title alone.] | 2025-06-20 VOTE: Voted No: Terminally Ill Adults (End of Life) Bill: Amendment 12 [0: Assisted dying bill amendment; effect unclear from title alone.] | 2025-06-20 VOTE: Voted No: Terminally Ill Adults (End of Life) Bill: Amendment 24 [0: Assisted dying bill amendment; effect unclear from title alone.] | 2025-06-20 VOTE: Voted No: Terminally Ill Adults (End of Life) Bill: New Clause 16 [0: Assisted dying bill new clause; effect unclear from title alone.] | 2025-06-13 VOTE: Voted No: Terminally Ill Adults (End of Life) Bill: New Clause 2 [0: Assisted dying bill amendment; effect unclear from title alone.] | 2025-06-13 VOTE: Voted No: Terminally Ill Adults (End of Life) Bill: New Clause 1 [0: New Clause on end of life bill, effect unclear from title alone.] | 2025-06-13 VOTE: Voted No: Terminally Ill Adults (End of Life) Bill: Amendment (b) to New Clause 14 [0: Amendment to end of life bill, effect unclear from title alone.] | 2024-11-29 VOTE: Voted Aye: Terminally Ill Adults (End of Life) Bill: Second Reading [--: Voted for assisted dying bill's second reading, directly opposing CitizenGO's stance against assisted dying.]"
"Steff Aquarone (Liberal Democrat, North Norfolk)",,,,,1,,"2025-06-20 VOTE: Voted Aye: Terminally Ill Adults (End of Life) Bill: Third Reading [--: Voted to pass assisted dying bill at Third Reading, directly opposing CitizenGO's stance.] | 2025-06-20 VOTE: Voted Aye: Terminally Ill Adults (End of Life) Bill: Amendment 94 [0: Assisted dying bill amendment; effect unclear from title alone.] | 2025-06-20 VOTE: Voted Aye: Terminally Ill Adults (End of Life) Bill: Amendment 77 [0: Assisted dying bill amendment; effect unclear from title alone.] | 2025-06-20 VOTE: Voted No: Terminally Ill Adults (End of Life) Bill: Amendment 12 [0: Assisted dying bill amendment; effect unclear from title alone.] | 2025-06-20 VOTE: Voted No: Terminally Ill Adults (End of Life) Bill: New Clause 16 [0: Assisted dying bill new clause; effect unclear from title alone.] | 2025-06-13 VOTE: Voted No: Terminally Ill Adults (End of Life) Bill: New Clause 2 [0: Assisted dying bill amendment; effect unclear from title alone.] | 2025-06-13 VOTE: Voted No: Terminally Ill Adults (End of Life) Bill: New Clause 1 [0: New Clause on end of life bill, effect unclear from title alone.] | 2025-06-13 VOTE: Voted No: Terminally Ill Adults (End of Life) Bill: Amendment (b) to New Clause 14 [0: Amendment to end of life bill, effect unclear from title alone.] | 2025-05-16 VOTE: Voted No: Terminally Ill Adults (End of Life) Bill Report Stage: Amendment (a) to New Clause 10 [0: Amendment to end of life bill, effect unclear from title alone.] | 2024-11-29 VOTE: Voted Aye: Terminally Ill Adults (End of Life) Bill: Second Reading [--: Voted for assisted dying bill's second reading, directly opposing CitizenGO's stance against assisted dying.]"
"Stephen Morgan (Labour, Portsmouth South)",,,,,1,,"2025-06-20 VOTE: Voted Aye: Terminally Ill Adults (End of Life) Bill: Third Reading [--: Voted to pass assisted dying bill at Third Reading, directly opposing CitizenGO's stance.] | 2025-06-20 VOTE: Voted Aye: Terminally Ill Adults (End of Life) Bill: Amendment 94 [0: Assisted dying bill amendment; effect unclear from title alone.] | 2025-06-20 VOTE: Voted Aye: Terminally Ill Adults (End of Life) Bill: Amendment 77 [0: Assisted dying bill amendment; effect unclear from title alone.] | 2025-06-20 VOTE: Voted No: Terminally Ill Adults (End of Life) Bill: Amendment 12 [0: Assisted dying bill amendment; effect unclear from title alone.] | 2025-06-20 VOTE: Voted No: Terminally Ill Adults (End of Life) Bill: Amendment 24 [0: Assisted dying bill amendment; effect unclear from title alone.] | 2025-06-20 VOTE: Voted No: Terminally Ill Adults (End of Life) Bill: New Clause 16 [0: Assisted dying bill new clause; effect unclear from title alone.] | 2025-06-13 VOTE: Voted No: Terminally Ill Adults (End of Life) Bill: New Clause 2 [0: Assisted dying bill amendment; effect unclear from title alone.] | 2025-06-13 VOTE: Voted No: Terminally Ill Adults (End of Life) Bill: New Clause 1 [0: New Clause on end of life bill, effect unclear from title alone.] | 2025-06-13 VOTE: Voted No: Terminally Ill Adults (End of Life) Bill: Amendment (b) to New Clause 14 [0: Amendment to end of life bill, effect unclear from title alone.] | 2024-11-29 VOTE: Voted Aye: Terminally Ill Adults (End of Life) Bill: Second Reading [--: Voted for assisted dying bill's second reading, directly opposing CitizenGO's stance against assisted dying.]"
"Vikki Slade (Liberal Democrat, Mid Dorset and North Poole)",,,,,1,,"2025-06-20 VOTE: Voted Aye: Terminally Ill Adults (End of Life) Bill: Third Reading [--: Voted to pass assisted dying bill at Third Reading, directly opposing CitizenGO's stance.] | 2025-06-20 VOTE: Voted Aye: Terminally Ill Adults (End of Life) Bill: Amendment 77 [0: Assisted dying bill amendment; effect unclear from title alone.] | 2025-06-20 VOTE: Voted No: Terminally Ill Adults (End of Life) Bill: Amendment 12 [0: Assisted dying bill amendment; effect unclear from title alone.] | 2025-06-20 VOTE: Voted No: Terminally Ill Adults (End of Life) Bill: Amendment 24 [0: Assisted dying bill amendment; effect unclear from title alone.] | 2025-06-20 VOTE: Voted No: Terminally Ill Adults (End of Life) Bill: New Clause 16 [0: Assisted dying bill new clause; effect unclear from title alone.] | 2025-06-13 VOTE: Voted No: Terminally Ill Adults (End of Life) Bill: New Clause 2 [0: Assisted dying bill amendment; effect unclear from title alone.] | 2025-06-13 VOTE: Voted No: Terminally Ill Adults (End of Life) Bill: New Clause 1 [0: New Clause on end of life bill, effect unclear from title alone.] | 2025-06-13 VOTE: Voted No: Terminally Ill Adults (End of Life) Bill: Amendment (b) to New Clause 14 [0: Amendment to end of life bill, effect unclear from title alone.] | 2025-05-16 VOTE: Voted No: Terminally Ill Adults (End of Life) Bill Report Stage: Amendment (a) to New Clause 10 [0: Amendment to end of life bill, effect unclear from title alone.] | 2024-11-29 VOTE: Voted Aye: Terminally Ill Adults (End of Life) Bill: Second Reading [--: Voted for assisted dying bill's second reading, directly opposing CitizenGO's stance against assisted dying.]"
"Al Carns (Labour, Birmingham Selly Oak)",,,,,1,,"2025-06-20 VOTE: Voted Aye: Terminally Ill Adults (End of Life) Bill: Third Reading [--: Voted to pass assisted dying bill at Third Reading, directly opposing CitizenGO's stance.] | 2025-06-20 VOTE: Voted Aye: Terminally Ill Adults (End of Life) Bill: Amendment 94 [0: Assisted dying bill amendment; effect unclear from title alone.] | 2025-06-20 VOTE: Voted Aye: Terminally Ill Adults (End of Life) Bill: Amendment 77 [0: Assisted dying bill amendment; effect unclear from title alone.] | 2025-06-20 VOTE: Voted No: Terminally Ill Adults (End of Life) Bill: Amendment 12 [0: Assisted dying bill amendment; effect unclear from title alone.] | 2025-06-20 VOTE: Voted No: Terminally Ill Adults (End of Life) Bill: Amendment 24 [0: Assisted dying bill amendment; effect unclear from title alone.] | 2025-06-20 VOTE: Voted No: Terminally Ill Adults (End of Life) Bill: New Clause 16 [0: Assisted dying bill new clause; effect unclear from title alone.] | 2025-06-13 VOTE: Voted No: Terminally Ill Adults (End of Life) Bill: New Clause 2 [0: Assisted dying bill amendment; effect unclear from title alone.] | 2025-06-13 VOTE: Voted No: Terminally Ill Adults (End of Life) Bill: New Clause 1 [0: New Clause on end of life bill, effect unclear from title alone.] | 2025-06-13 VOTE: Voted No: Terminally Ill Adults (End of Life) Bill: Amendment (b) to New Clause 14 [0: Amendment to end of life bill, effect unclear from title alone.]"
"Alex Mayer (Labour, Dunstable and Leighton Buzzard)",,,,,1,,"2025-06-20 VOTE: Voted Aye: Terminally Ill Adults (End of Life) Bill: Third Reading [--: Voted to pass assisted dying bill at Third Reading, directly opposing CitizenGO's stance.] | 2025-06-20 VOTE: Voted Aye: Terminally Ill Adults (End of Life) Bill: Amendment 94 [0: Assisted dying bill amendment; effect unclear from title alone.] | 2025-06-20 VOTE: Voted Aye: Terminally Ill Adults (End of Life) Bill: Amendment 77 [0: Assisted dying bill amendment; effect unclear from title alone.] | 2025-06-20 VOTE: Voted Aye: Terminally Ill Adults (End of Life) Bill: Amendment 12 [0: Assisted dying bill amendment; effect unclear from title alone.] | 2025-06-13 VOTE: Voted No: Terminally Ill Adults (End of Life) Bill: New Clause 2 [0: Assisted dying bill amendment; effect unclear from title alone.] | 2025-06-13 VOTE: Voted No: Terminally Ill Adults (End of Life) Bill: New Clause 1 [0: New Clause on end of life bill, effect unclear from title alone.] | 2025-06-13 VOTE: Voted No: Terminally Ill Adults (End of Life) Bill: Amendment (b) to New Clause 14 [0: Amendment to end of life bill, effect unclear from title alone.] | 2025-05-16 VOTE: Voted No: Terminally Ill Adults (End of Life) Bill Report Stage: Amendment (a) to New Clause 10 [0: Amendment to end of life bill, effect unclear from title alone.] | 2024-11-29 VOTE: Voted Aye: Terminally Ill Adults (End of Life) Bill: Second Reading [--: Voted for assisted dying bill's second reading, directly opposing CitizenGO's stance against assisted dying.]"
"Amanda Martin (Labour, Portsmouth North)",,,,,1,,"2025-06-20 VOTE: Voted Aye: Terminally Ill Adults (End of Life) Bill: Third Reading [--: Voted to pass assisted dying bill at Third Reading, directly opposing CitizenGO's stance.] | 2025-06-20 VOTE: Voted Aye: Terminally Ill Adults (End of Life) Bill: Amendment 94 [0: Assisted dying bill amendment; effect unclear from title alone.] | 2025-06-20 VOTE: Voted Aye: Terminally Ill Adults (End of Life) Bill: Amendment 77 [0: Assisted dying bill amendment; effect unclear from title alone.] | 2025-06-20 VOTE: Voted No: Terminally Ill Adults (End of Life) Bill: Amendment 12 [0: Assisted dying bill amendment; effect unclear from title alone.] | 2025-06-13 VOTE: Voted No: Terminally Ill Adults (End of Life) Bill: New Clause 2 [0: Assisted dying bill amendment; effect unclear from title alone.] | 2025-06-13 VOTE: Voted No: Terminally Ill Adults (End of Life) Bill: New Clause 1 [0: New Clause on end of life bill, effect unclear from title alone.] | 2025-06-13 VOTE: Voted No: Terminally Ill Adults (End of Life) Bill: Amendment (b) to New Clause 14 [0: Amendment to end of life bill, effect unclear from title alone.] | 2025-05-16 VOTE: Voted No: Terminally Ill Adults (End of Life) Bill Report Stage: Amendment (a) to New Clause 10 [0: Amendment to end of life bill, effect unclear from title alone.] | 2024-11-29 VOTE: Voted Aye: Terminally Ill Adults (End of Life) Bill: Second Reading [--: Voted for assisted dying bill's second reading, directly opposing CitizenGO's stance against assisted dying.]"
"Chris Bryant (Labour, Rhondda and Ogmore)",,,,,1,,"2025-06-20 VOTE: Voted Aye: Terminally Ill Adults (End of Life) Bill: Third Reading [--: Voted to pass assisted dying bill at Third Reading, directly opposing CitizenGO's stance.] | 2025-06-20 VOTE: Voted Aye: Terminally Ill Adults (End of Life) Bill: Amendment 94 [0: Assisted dying bill amendment; effect unclear from title alone.] | 2025-06-20 VOTE: Voted Aye: Terminally Ill Adults (End of Life) Bill: Amendment 77 [0: Assisted dying bill amendment; effect unclear from title alone.] | 2025-06-20 VOTE: Voted No: Terminally Ill Adults (End of Life) Bill: Amendment 12 [0: Assisted dying bill amendment; effect unclear from title alone.] | 2025-06-20 VOTE: Voted No: Terminally Ill Adults (End of Life) Bill: Amendment 24 [0: Assisted dying bill amendment; effect unclear from title alone.] | 2025-06-20 VOTE: Voted No: Terminally Ill Adults (End of Life) Bill: New Clause 16 [0: Assisted dying bill new clause; effect unclear from title alone.] | 2025-06-13 VOTE: Voted No: Terminally Ill Adults (End of Life) Bill: New Clause 2 [0: Assisted dying bill amendment; effect unclear from title alone.] | 2025-06-13 VOTE: Voted No: Terminally Ill Adults (End of Life) Bill: New Clause 1 [0: New Clause on end of life bill, effect unclear from title alone.] | 2025-06-13 VOTE: Voted No: Terminally Ill Adults (End of Life) Bill: Amendment (b) to New Clause 14 [0: Amendment to end of life bill, effect unclear from title alone.]"
"Dan Aldridge (Labour, Weston-super-Mare)",,,,,1,,"2025-06-20 VOTE: Voted Aye: Terminally Ill Adults (End of Life) Bill: Third Reading [--: Voted to pass assisted dying bill at Third Reading, directly opposing CitizenGO's stance.] | 2025-06-20 VOTE: Voted Aye: Terminally Ill Adults (End of Life) Bill: Amendment 94 [0: Assisted dying bill amendment; effect unclear from title alone.] | 2025-06-20 VOTE: Voted Aye: Terminally Ill Adults (End of Life) Bill: Amendment 77 [0: Assisted dying bill amendment; effect unclear from title alone.] | 2025-06-20 VOTE: Voted No: Terminally Ill Adults (End of Life) Bill: Amendment 12 [0: Assisted dying bill amendment; effect unclear from title alone.] | 2025-06-20 VOTE: Voted No: Terminally Ill Adults (End of Life) Bill: Amendment 24 [0: Assisted dying bill amendment; effect unclear from title alone.] | 2025-06-13 VOTE: Voted No: Terminally Ill Adults (End of Life) Bill: New Clause 2 [0: Assisted dying bill amendment; effect unclear from title alone.] | 2025-06-13 VOTE: Voted No: Terminally Ill Adults (End of Life) Bill: New Clause 1 [0: New Clause on end of life bill, effect unclear from title alone.] | 2025-06-13 VOTE: Voted No: Terminally Ill Adults (End of Life) Bill: Amendment (b) to New Clause 14 [0: Amendment to end of life bill, effect unclear from title alone.] | 2024-11-29 VOTE: Voted Aye: Terminally Ill Adults (End of Life) Bill: Second Reading [--: Voted for assisted dying bill's second reading, directly opposing CitizenGO's stance against assisted dying.]"
"Dan Jarvis (Labour, Barnsley North)",,,,,1,,"2025-06-20 VOTE: Voted Aye: Terminally Ill Adults (End of Life) Bill: Third Reading [--: Voted to pass assisted dying bill at Third Reading, directly opposing CitizenGO's stance.] | 2025-06-20 VOTE: Voted Aye: Terminally Ill Adults (End of Life) Bill: Amendment 94 [0: Assisted dying bill amendment; effect unclear from title alone.] | 2025-06-20 VOTE: Voted Aye: Terminally Ill Adults (End of Life) Bill: Amendment 77 [0: Assisted dying bill amendment; effect unclear from title alone.] | 2025-06-20 VOTE: Voted No: Terminally Ill Adults (End of Life) Bill: Amendment 24 [0: Assisted dying bill amendment; effect unclear from title alone.] | 2025-06-20 VOTE: Voted No: Terminally Ill Adults (End of Life) Bill: New Clause 16 [0: Assisted dying bill new clause; effect unclear from title alone.] | 2025-06-13 VOTE: Voted No: Terminally Ill Adults (End of Life) Bill: New Clause 1 [0: New Clause on end of life bill, effect unclear from title alone.] | 2025-06-13 VOTE: Voted No: Terminally Ill Adults (End of Life) Bill: Amendment (b) to New Clause 14 [0: Amendment to end of life bill, effect unclear from title alone.] | 2025-05-16 VOTE: Voted No: Terminally Ill Adults (End of Life) Bill Report Stage: Amendment (a) to New Clause 10 [0: Amendment to end of life bill, effect unclear from title alone.] | 2024-11-29 VOTE: Voted Aye: Terminally Ill Adults (End of Life) Bill: Second Reading [--: Voted for assisted dying bill's second reading, directly opposing CitizenGO's stance against assisted dying.]"
"Edward Morello (Liberal Democrat, West Dorset)",,,,,1,,"2025-06-20 VOTE: Voted Aye: Terminally Ill Adults (End of Life) Bill: Third Reading [--: Voted to pass assisted dying bill at Third Reading, directly opposing CitizenGO's stance.] | 2025-06-20 VOTE: Voted Aye: Terminally Ill Adults (End of Life) Bill: Amendment 94 [0: Assisted dying bill amendment; effect unclear from title alone.] | 2025-06-20 VOTE: Voted Aye: Terminally Ill Adults (End of Life) Bill: Amendment 77 [0: Assisted dying bill amendment; effect unclear from title alone.] | 2025-06-20 VOTE: Voted No: Terminally Ill Adults (End of Life) Bill: Amendment 12 [0: Assisted dying bill amendment; effect unclear from title alone.] | 2025-06-20 VOTE: Voted No: Terminally Ill Adults (End of Life) Bill: Amendment 24 [0: Assisted dying bill amendment; effect unclear from title alone.] | 2025-06-20 VOTE: Voted No: Terminally Ill Adults (End of Life) Bill: New Clause 16 [0: Assisted dying bill new clause; effect unclear from title alone.] | 2025-05-16 VOTE: Voted Aye: Terminally Ill Adults (End of Life) Bill Report Stage: Amendment (a) to New Clause 10 [0: Amendment to end of life bill, effect unclear from title alone.] | 2025-05-16 VOTE: Voted No: Terminally Ill Adults (End of Life) Bill Report Stage: Amendment (a) to New Clause 10 [0: Amendment to end of life bill, effect unclear from title alone.] | 2024-11-29 VOTE: Voted Aye: Terminally Ill Adults (End of Life) Bill: Second Reading [--: Voted for assisted dying bill's second reading, directly opposing CitizenGO's stance against assisted dying.]"
"Helena Dollimore (Labour (Co-op), Hastings and Rye)",,,,,1,,"2025-06-20 VOTE: Voted Aye: Terminally Ill Adults (End of Life) Bill: Third Reading [--: Voted to pass assisted dying bill at Third Reading, directly opposing CitizenGO's stance.] | 2025-06-20 VOTE: Voted Aye: Terminally Ill Adults (End of Life) Bill: Amendment 12 [0: Assisted dying bill amendment; effect unclear from title alone.] | 2025-06-20 VOTE: Voted No: Terminally Ill Adults (End of Life) Bill: Amendment 24 [0: Assisted dying bill amendment; effect unclear from title alone.] | 2025-06-20 VOTE: Voted No: Terminally Ill Adults (End of Life) Bill: New Clause 16 [0: Assisted dying bill new clause; effect unclear from title alone.] | 2025-06-13 VOTE: Voted No: Terminally Ill Adults (End of Life) Bill: New Clause 2 [0: Assisted dying bill amendment; effect unclear from title alone.] | 2025-06-13 VOTE: Voted No: Terminally Ill Adults (End of Life) Bill: New Clause 1 [0: New Clause on end of life bill, effect unclear from title alone.] | 2025-06-13 VOTE: Voted Aye: Terminally Ill Adults (End of Life) Bill: Amendment (b) to New Clause 14 [0: Amendment to end of life bill, effect unclear from title alone.] | 2025-05-16 VOTE: Voted No: Terminally Ill Adults (End of Life) Bill Report Stage: Amendment (a) to New Clause 10 [0: Amendment to end of life bill, effect unclear from title alone.] | 2024-11-29 VOTE: Voted Aye: Terminally Ill Adults (End of Life) Bill: Second Reading [--: Voted for assisted dying bill's second reading, directly opposing CitizenGO's stance against assisted dying.]"
"Mr Calvin Bailey (Labour, Leyton and Wanstead)",,,,,1,,"2025-06-20 VOTE: Voted Aye: Terminally Ill Adults (End of Life) Bill: Third Reading [--: Voted to pass assisted dying bill at Third Reading, directly opposing CitizenGO's stance.] | 2025-06-20 VOTE: Voted Aye: Terminally Ill Adults (End of Life) Bill: Amendment 94 [0: Assisted dying bill amendment; effect unclear from title alone.] | 2025-06-20 VOTE: Voted Aye: Terminally Ill Adults (End of Life) Bill: Amendment 77 [0: Assisted dying bill amendment; effect unclear from title alone.] | 2025-06-20 VOTE: Voted No: Terminally Ill Adults (End of Life) Bill: Amendment 12 [0: Assisted dying bill amendment; effect unclear from title alone.] | 2025-06-20 VOTE: Voted No: Terminally Ill Adults (End of Life) Bill: Amendment 24 [0: Assisted dying bill amendment; effect unclear from title alone.] | 2025-06-13 VOTE: Voted No: Terminally Ill Adults (End of Life) Bill: New Clause 2 [0: Assisted dying bill amendment; effect unclear from title alone.] | 2025-06-13 VOTE: Voted No: Terminally Ill Adults (End of Life) Bill: New Clause 1 [0: New Clause on end of life bill, effect unclear from title alone.] | 2025-05-16 VOTE: Voted No: Terminally Ill Adults (End of Life) Bill Report Stage: Amendment (a) to New Clause 10 [0: Amendment to end of life bill, effect unclear from title alone.] | 2024-11-29 VOTE: Voted Aye: Terminally Ill Adults (End of Life) Bill: Second Reading [--: Voted for assisted dying bill's second reading, directly opposing CitizenGO's stance against assisted dying.]"
"Mr Lee Dillon (Liberal Democrat, Newbury)",,,,,1,,"2026-02-04 PQ: Hospices: Finance [0: Neutral funding question unrelated to assisted dying position.] | 2025-06-20 VOTE: Voted Aye: Terminally Ill Adults (End of Life) Bill: Third Reading [--: Voted to pass assisted dying bill at Third Reading, directly opposing CitizenGO's stance.] | 2025-06-20 VOTE: Voted Aye: Terminally Ill Adults (End of Life) Bill: Amendment 94 [0: Assisted dying bill amendment; effect unclear from title alone.] | 2025-06-20 VOTE: Voted Aye: Terminally Ill Adults (End of Life) Bill: Amendment 77 [0: Assisted dying bill amendment; effect unclear from title alone.] | 2025-06-20 VOTE: Voted No: Terminally Ill Adults (End of Life) Bill: Amendment 12 [0: Assisted dying bill amendment; effect unclear from title alone.] | 2025-06-13 VOTE: Voted No: Terminally Ill Adults (End of Life) Bill: New Clause 2 [0: Assisted dying bill amendment; effect unclear from title alone.] | 2025-06-13 VOTE: Voted No: Terminally Ill Adults (End of Life) Bill: New Clause 1 [0: New Clause on end of life bill, effect unclear from title alone.] | 2025-06-13 VOTE: Voted No: Terminally Ill Adults (End of Life) Bill: Amendment (b) to New Clause 14 [0: Amendment to end of life bill, effect unclear from title alone.] | 2024-11-29 VOTE: Voted Aye: Terminally Ill Adults (End of Life) Bill: Second Reading [--: Voted for assisted dying bill's second reading, directly opposing CitizenGO's stance against assisted dying.]"
"Noah Law (Labour, St Austell and Newquay)",,,,,1,,"2025-06-20 VOTE: Voted Aye: Terminally Ill Adults (End of Life) Bill: Third Reading [--: Voted to pass assisted dying bill at Third Reading, directly opposing CitizenGO's stance.] | 2025-06-20 VOTE: Voted Aye: Terminally Ill Adults (End of Life) Bill: Amendment 77 [0: Assisted dying bill amendment; effect unclear from title alone.] | 2025-06-20 VOTE: Voted No: Terminally Ill Adults (End of Life) Bill: Amendment 12 [0: Assisted dying bill amendment; effect unclear from title alone.] | 2025-06-20 VOTE: Voted No: Terminally Ill Adults (End of Life) Bill: Amendment 24 [0: Assisted dying bill amendment; effect unclear from title alone.] | 2025-06-13 VOTE: Voted No: Terminally Ill Adults (End of Life) Bill: New Clause 2 [0: Assisted dying bill amendment; effect unclear from title alone.] | 2025-06-13 VOTE: Voted No: Terminally Ill Adults (End of Life) Bill: New Clause 1 [0: New Clause on end of life bill, effect unclear from title alone.] | 2025-06-13 VOTE: Voted No: Terminally Ill Adults (End of Life) Bill: Amendment (b) to New Clause 14 [0: Amendment to end of life bill, effect unclear from title alone.] | 2025-05-16 VOTE: Voted No: Terminally Ill Adults (End of Life) Bill Report Stage: Amendment (a) to New Clause 10 [0: Amendment to end of life bill, effect unclear from title alone.] | 2024-11-29 VOTE: Voted Aye: Terminally Ill Adults (End of Life) Bill: Second Reading [--: Voted for assisted dying bill's second reading, directly opposing CitizenGO's stance against assisted dying.]"
"Sarah Pochin (Reform UK, Runcorn and Helsby)",,,,,1,,"2025-06-20 VOTE: Voted Aye: Terminally Ill Adults (End of Life) Bill: Third Reading [--: Voted to pass assisted dying bill at Third Reading, directly opposing CitizenGO's stance.] | 2025-06-20 VOTE: Voted Aye: Terminally Ill Adults (End of Life) Bill: Amendment 94 [0: Assisted dying bill amendment; effect unclear from title alone.] | 2025-06-20 VOTE: Voted Aye: Terminally Ill Adults (End of Life) Bill: Amendment 77 [0: Assisted dying bill amendment; effect unclear from title alone.] | 2025-06-20 VOTE: Voted No: Terminally Ill Adults (End of Life) Bill: Amendment 12 [0: Assisted dying bill amendment; effect unclear from title alone.] | 2025-06-20 VOTE: Voted Aye: Terminally Ill Adults (End of Life) Bill: Amendment 24 [0: Assisted dying bill amendment; effect unclear from title alone.] | 2025-06-13 VOTE: Voted Aye: Terminally Ill Adults (End of Life) Bill: New Clause 2 [0: Assisted dying bill amendment; effect unclear from title alone.] | 2025-06-13 VOTE: Voted No: Terminally Ill Adults (End of Life) Bill: New Clause 1 [0: New Clause on end of life bill, effect unclear from title alone.] | 2025-06-13 VOTE: Voted No: Terminally Ill Adults (End of Life) Bill: Amendment (b) to New Clause 14 [0: Amendment to end of life bill, effect unclear from title alone.] | 2025-05-16 VOTE: Voted No: Terminally Ill Adults (End of Life) Bill Report Stage: Amendment (a) to New Clause 10 [0: Amendment to end of life bill, effect unclear from title alone.]"
"Adam Dance (Liberal Democrat, Yeovil)",,,,,1,,"CONFLICTING SIGNALS - review all evidence | 2026-06-03 PQ: Palliative Care [+: Supports palliative care, aligning with opposition to assisted dying alternative.] | 2025-06-20 VOTE: Voted Aye: Terminally Ill Adults (End of Life) Bill: Third Reading [--: Voted to pass assisted dying bill at Third Reading, directly opposing CitizenGO's stance.] | 2025-06-20 VOTE: Voted Aye: Terminally Ill Adults (End of Life) Bill: Amendment 94 [0: Assisted dying bill amendment; effect unclear from title alone.] | 2025-06-20 VOTE: Voted Aye: Terminally Ill Adults (End of Life) Bill: Amendment 77 [0: Assisted dying bill amendment; effect unclear from title alone.] | 2025-06-20 VOTE: Voted No: Terminally Ill Adults (End of Life) Bill: Amendment 12 [0: Assisted dying bill amendment; effect unclear from title alone.] | 2025-06-20 VOTE: Voted No: Terminally Ill Adults (End of Life) Bill: Amendment 24 [0: Assisted dying bill amendment; effect unclear from title alone.] | 2025-05-16 VOTE: Voted No: Terminally Ill Adults (End of Life) Bill Report Stage: Amendment (a) to New Clause 10 [0: Amendment to end of life bill, effect unclear from title alone.] | 2024-11-29 VOTE: Voted Aye: Terminally Ill Adults (End of Life) Bill: Second Reading [--: Voted for assisted dying bill's second reading, directly opposing CitizenGO's stance against assisted dying.]"
"Alan Gemmell (Labour, Central Ayrshire)",,,,,1,,"2025-06-20 VOTE: Voted Aye: Terminally Ill Adults (End of Life) Bill: Third Reading [--: Voted to pass assisted dying bill at Third Reading, directly opposing CitizenGO's stance.] | 2025-06-20 VOTE: Voted Aye: Terminally Ill Adults (End of Life) Bill: Amendment 94 [0: Assisted dying bill amendment; effect unclear from title alone.] | 2025-06-20 VOTE: Voted Aye: Terminally Ill Adults (End of Life) Bill: Amendment 77 [0: Assisted dying bill amendment; effect unclear from title alone.] | 2025-06-20 VOTE: Voted No: Terminally Ill Adults (End of Life) Bill: Amendment 12 [0: Assisted dying bill amendment; effect unclear from title alone.] | 2025-06-20 VOTE: Voted No: Terminally Ill Adults (End of Life) Bill: Amendment 24 [0: Assisted dying bill amendment; effect unclear from title alone.] | 2025-06-20 VOTE: Voted No: Terminally Ill Adults (End of Life) Bill: New Clause 16 [0: Assisted dying bill new clause; effect unclear from title alone.] | 2025-05-16 VOTE: Voted No: Terminally Ill Adults (End of Life) Bill Report Stage: Amendment (a) to New Clause 10 [0: Amendment to end of life bill, effect unclear from title alone.] | 2024-11-29 VOTE: Voted Aye: Terminally Ill Adults (End of Life) Bill: Second Reading [--: Voted for assisted dying bill's second reading, directly opposing CitizenGO's stance against assisted dying.]"
"Anna Gelderd (Labour, South East Cornwall)",,,,,1,,"2025-06-20 VOTE: Voted Aye: Terminally Ill Adults (End of Life) Bill: Third Reading [--: Voted to pass assisted dying bill at Third Reading, directly opposing CitizenGO's stance.] | 2025-06-20 VOTE: Voted Aye: Terminally Ill Adults (End of Life) Bill: Amendment 94 [0: Assisted dying bill amendment; effect unclear from title alone.] | 2025-06-20 VOTE: Voted Aye: Terminally Ill Adults (End of Life) Bill: Amendment 77 [0: Assisted dying bill amendment; effect unclear from title alone.] | 2025-06-20 VOTE: Voted No: Terminally Ill Adults (End of Life) Bill: Amendment 12 [0: Assisted dying bill amendment; effect unclear from title alone.] | 2025-06-20 VOTE: Voted No: Terminally Ill Adults (End of Life) Bill: Amendment 24 [0: Assisted dying bill amendment; effect unclear from title alone.] | 2025-06-20 VOTE: Voted No: Terminally Ill Adults (End of Life) Bill: New Clause 16 [0: Assisted dying bill new clause; effect unclear from title alone.] | 2025-05-16 VOTE: Voted No: Terminally Ill Adults (End of Life) Bill Report Stage: Amendment (a) to New Clause 10 [0: Amendment to end of life bill, effect unclear from title alone.] | 2024-11-29 VOTE: Voted Aye: Terminally Ill Adults (End of Life) Bill: Second Reading [--: Voted for assisted dying bill's second reading, directly opposing CitizenGO's stance against assisted dying.]"
"Anna McMorrin (Labour, Cardiff North)",,,,,1,,"2025-06-20 VOTE: Voted Aye: Terminally Ill Adults (End of Life) Bill: Third Reading [--: Voted to pass assisted dying bill at Third Reading, directly opposing CitizenGO's stance.] | 2025-06-20 VOTE: Voted Aye: Terminally Ill Adults (End of Life) Bill: Amendment 94 [0: Assisted dying bill amendment; effect unclear from title alone.] | 2025-06-20 VOTE: Voted Aye: Terminally Ill Adults (End of Life) Bill: Amendment 77 [0: Assisted dying bill amendment; effect unclear from title alone.] | 2025-06-20 VOTE: Voted No: Terminally Ill Adults (End of Life) Bill: Amendment 12 [0: Assisted dying bill amendment; effect unclear from title alone.] | 2025-06-20 VOTE: Voted No: Terminally Ill Adults (End of Life) Bill: Amendment 24 [0: Assisted dying bill amendment; effect unclear from title alone.] | 2025-06-20 VOTE: Voted No: Terminally Ill Adults (End of Life) Bill: New Clause 16 [0: Assisted dying bill new clause; effect unclear from title alone.] | 2025-05-16 VOTE: Voted No: Terminally Ill Adults (End of Life) Bill Report Stage: Amendment (a) to New Clause 10 [0: Amendment to end of life bill, effect unclear from title alone.] | 2024-11-29 VOTE: Voted Aye: Terminally Ill Adults (End of Life) Bill: Second Reading [--: Voted for assisted dying bill's second reading, directly opposing CitizenGO's stance against assisted dying.]"
"Cameron Thomas (Independent, Tewkesbury)",,,,,1,,"2025-06-20 VOTE: Voted Aye: Terminally Ill Adults (End of Life) Bill: Third Reading [--: Voted to pass assisted dying bill at Third Reading, directly opposing CitizenGO's stance.] | 2025-06-20 VOTE: Voted Aye: Terminally Ill Adults (End of Life) Bill: Amendment 94 [0: Assisted dying bill amendment; effect unclear from title alone.] | 2025-06-20 VOTE: Voted Aye: Terminally Ill Adults (End of Life) Bill: Amendment 77 [0: Assisted dying bill amendment; effect unclear from title alone.] | 2025-06-20 VOTE: Voted No: Terminally Ill Adults (End of Life) Bill: Amendment 12 [0: Assisted dying bill amendment; effect unclear from title alone.] | 2025-06-20 VOTE: Voted No: Terminally Ill Adults (End of Life) Bill: Amendment 24 [0: Assisted dying bill amendment; effect unclear from title alone.] | 2025-06-20 VOTE: Voted No: Terminally Ill Adults (End of Life) Bill: New Clause 16 [0: Assisted dying bill new clause; effect unclear from title alone.] | 2025-05-16 VOTE: Voted No: Terminally Ill Adults (End of Life) Bill Report Stage: Amendment (a) to New Clause 10 [0: Amendment to end of life bill, effect unclear from title alone.] | 2024-11-29 VOTE: Voted Aye: Terminally Ill Adults (End of Life) Bill: Second Reading [--: Voted for assisted dying bill's second reading, directly opposing CitizenGO's stance against assisted dying.]"
"Dame Angela Eagle (Labour, Wallasey)",,,,,1,,"2025-06-20 VOTE: Voted Aye: Terminally Ill Adults (End of Life) Bill: Third Reading [--: Voted to pass assisted dying bill at Third Reading, directly opposing CitizenGO's stance.] | 2025-06-20 VOTE: Voted Aye: Terminally Ill Adults (End of Life) Bill: Amendment 94 [0: Assisted dying bill amendment; effect unclear from title alone.] | 2025-06-20 VOTE: Voted Aye: Terminally Ill Adults (End of Life) Bill: Amendment 77 [0: Assisted dying bill amendment; effect unclear from title alone.] | 2025-06-20 VOTE: Voted No: Terminally Ill Adults (End of Life) Bill: Amendment 12 [0: Assisted dying bill amendment; effect unclear from title alone.] | 2025-06-20 VOTE: Voted No: Terminally Ill Adults (End of Life) Bill: Amendment 24 [0: Assisted dying bill amendment; effect unclear from title alone.] | 2025-06-20 VOTE: Voted No: Terminally Ill Adults (End of Life) Bill: New Clause 16 [0: Assisted dying bill new clause; effect unclear from title alone.] | 2025-05-16 VOTE: Voted No: Terminally Ill Adults (End of Life) Bill Report Stage: Amendment (a) to New Clause 10 [0: Amendment to end of life bill, effect unclear from title alone.] | 2024-11-29 VOTE: Voted Aye: Terminally Ill Adults (End of Life) Bill: Second Reading [--: Voted for assisted dying bill's second reading, directly opposing CitizenGO's stance against assisted dying.]"
"Emily Thornberry (Labour, Islington South and Finsbury)",,,,,1,,"2025-06-20 VOTE: Voted Aye: Terminally Ill Adults (End of Life) Bill: Third Reading [--: Voted to pass assisted dying bill at Third Reading, directly opposing CitizenGO's stance.] | 2025-06-20 VOTE: Voted Aye: Terminally Ill Adults (End of Life) Bill: Amendment 94 [0: Assisted dying bill amendment; effect unclear from title alone.] | 2025-06-20 VOTE: Voted Aye: Terminally Ill Adults (End of Life) Bill: Amendment 77 [0: Assisted dying bill amendment; effect unclear from title alone.] | 2025-06-20 VOTE: Voted No: Terminally Ill Adults (End of Life) Bill: Amendment 12 [0: Assisted dying bill amendment; effect unclear from title alone.] | 2025-06-20 VOTE: Voted No: Terminally Ill Adults (End of Life) Bill: Amendment 24 [0: Assisted dying bill amendment; effect unclear from title alone.] | 2025-06-20 VOTE: Voted No: Terminally Ill Adults (End of Life) Bill: New Clause 16 [0: Assisted dying bill new clause; effect unclear from title alone.] | 2025-05-16 VOTE: Voted No: Terminally Ill Adults (End of Life) Bill Report Stage: Amendment (a) to New Clause 10 [0: Amendment to end of life bill, effect unclear from title alone.] | 2024-11-29 VOTE: Voted Aye: Terminally Ill Adults (End of Life) Bill: Second Reading [--: Voted for assisted dying bill's second reading, directly opposing CitizenGO's stance against assisted dying.]"
"Heidi Alexander (Labour, Swindon South)",,,,,1,,"2025-06-20 VOTE: Voted Aye: Terminally Ill Adults (End of Life) Bill: Third Reading [--: Voted to pass assisted dying bill at Third Reading, directly opposing CitizenGO's stance.] | 2025-06-20 VOTE: Voted Aye: Terminally Ill Adults (End of Life) Bill: Amendment 94 [0: Assisted dying bill amendment; effect unclear from title alone.] | 2025-06-20 VOTE: Voted Aye: Terminally Ill Adults (End of Life) Bill: Amendment 77 [0: Assisted dying bill amendment; effect unclear from title alone.] | 2025-06-20 VOTE: Voted No: Terminally Ill Adults (End of Life) Bill: Amendment 12 [0: Assisted dying bill amendment; effect unclear from title alone.] | 2025-06-20 VOTE: Voted No: Terminally Ill Adults (End of Life) Bill: Amendment 24 [0: Assisted dying bill amendment; effect unclear from title alone.] | 2025-06-20 VOTE: Voted No: Terminally Ill Adults (End of Life) Bill: New Clause 16 [0: Assisted dying bill new clause; effect unclear from title alone.] | 2025-05-16 VOTE: Voted No: Terminally Ill Adults (End of Life) Bill Report Stage: Amendment (a) to New Clause 10 [0: Amendment to end of life bill, effect unclear from title alone.] | 2024-11-29 VOTE: Voted Aye: Terminally Ill Adults (End of Life) Bill: Second Reading [--: Voted for assisted dying bill's second reading, directly opposing CitizenGO's stance against assisted dying.]"
"Hilary Benn (Labour, Leeds South)",,,,,1,,"2025-06-20 VOTE: Voted Aye: Terminally Ill Adults (End of Life) Bill: Third Reading [--: Voted to pass assisted dying bill at Third Reading, directly opposing CitizenGO's stance.] | 2025-06-20 VOTE: Voted Aye: Terminally Ill Adults (End of Life) Bill: Amendment 94 [0: Assisted dying bill amendment; effect unclear from title alone.] | 2025-06-20 VOTE: Voted Aye: Terminally Ill Adults (End of Life) Bill: Amendment 77 [0: Assisted dying bill amendment; effect unclear from title alone.] | 2025-06-20 VOTE: Voted No: Terminally Ill Adults (End of Life) Bill: Amendment 12 [0: Assisted dying bill amendment; effect unclear from title alone.] | 2025-06-20 VOTE: Voted No: Terminally Ill Adults (End of Life) Bill: Amendment 24 [0: Assisted dying bill amendment; effect unclear from title alone.] | 2025-06-20 VOTE: Voted No: Terminally Ill Adults (End of Life) Bill: New Clause 16 [0: Assisted dying bill new clause; effect unclear from title alone.] | 2025-05-16 VOTE: Voted No: Terminally Ill Adults (End of Life) Bill Report Stage: Amendment (a) to New Clause 10 [0: Amendment to end of life bill, effect unclear from title alone.] | 2024-11-29 VOTE: Voted Aye: Terminally Ill Adults (End of Life) Bill: Second Reading [--: Voted for assisted dying bill's second reading, directly opposing CitizenGO's stance against assisted dying.]"
"Ian Murray (Labour, Edinburgh South)",,,,,1,,"2025-06-20 VOTE: Voted Aye: Terminally Ill Adults (End of Life) Bill: Third Reading [--: Voted to pass assisted dying bill at Third Reading, directly opposing CitizenGO's stance.] | 2025-06-20 VOTE: Voted Aye: Terminally Ill Adults (End of Life) Bill: Amendment 94 [0: Assisted dying bill amendment; effect unclear from title alone.] | 2025-06-20 VOTE: Voted Aye: Terminally Ill Adults (End of Life) Bill: Amendment 77 [0: Assisted dying bill amendment; effect unclear from title alone.] | 2025-06-20 VOTE: Voted No: Terminally Ill Adults (End of Life) Bill: Amendment 12 [0: Assisted dying bill amendment; effect unclear from title alone.] | 2025-06-20 VOTE: Voted No: Terminally Ill Adults (End of Life) Bill: Amendment 24 [0: Assisted dying bill amendment; effect unclear from title alone.] | 2025-06-20 VOTE: Voted No: Terminally Ill Adults (End of Life) Bill: New Clause 16 [0: Assisted dying bill new clause; effect unclear from title alone.] | 2025-06-13 VOTE: Voted No: Terminally Ill Adults (End of Life) Bill: New Clause 1 [0: New Clause on end of life bill, effect unclear from title alone.] | 2025-06-13 VOTE: Voted No: Terminally Ill Adults (End of Life) Bill: Amendment (b) to New Clause 14 [0: Amendment to end of life bill, effect unclear from title alone.]"
"James Wild (Conservative, North West Norfolk)",,,,,1,,"2025-06-20 VOTE: Voted Aye: Terminally Ill Adults (End of Life) Bill: Third Reading [--: Voted to pass assisted dying bill at Third Reading, directly opposing CitizenGO's stance.] | 2025-06-20 VOTE: Voted Aye: Terminally Ill Adults (End of Life) Bill: Amendment 94 [0: Assisted dying bill amendment; effect unclear from title alone.] | 2025-06-20 VOTE: Voted Aye: Terminally Ill Adults (End of Life) Bill: Amendment 77 [0: Assisted dying bill amendment; effect unclear from title alone.] | 2025-06-20 VOTE: Voted No: Terminally Ill Adults (End of Life) Bill: Amendment 12 [0: Assisted dying bill amendment; effect unclear from title alone.] | 2025-06-20 VOTE: Voted No: Terminally Ill Adults (End of Life) Bill: Amendment 24 [0: Assisted dying bill amendment; effect unclear from title alone.] | 2025-06-20 VOTE: Voted No: Terminally Ill Adults (End of Life) Bill: New Clause 16 [0: Assisted dying bill new clause; effect unclear from title alone.] | 2025-05-16 VOTE: Voted No: Terminally Ill Adults (End of Life) Bill Report Stage: Amendment (a) to New Clause 10 [0: Amendment to end of life bill, effect unclear from title alone.] | 2024-11-29 VOTE: Voted Aye: Terminally Ill Adults (End of Life) Bill: Second Reading [--: Voted for assisted dying bill's second reading, directly opposing CitizenGO's stance against assisted dying.]"
"Jessica Morden (Labour, Newport East)",,,,,1,,"2025-06-20 VOTE: Voted Aye: Terminally Ill Adults (End of Life) Bill: Third Reading [--: Voted to pass assisted dying bill at Third Reading, directly opposing CitizenGO's stance.] | 2025-06-20 VOTE: Voted Aye: Terminally Ill Adults (End of Life) Bill: Amendment 94 [0: Assisted dying bill amendment; effect unclear from title alone.] | 2025-06-20 VOTE: Voted Aye: Terminally Ill Adults (End of Life) Bill: Amendment 77 [0: Assisted dying bill amendment; effect unclear from title alone.] | 2025-06-20 VOTE: Voted No: Terminally Ill Adults (End of Life) Bill: Amendment 12 [0: Assisted dying bill amendment; effect unclear from title alone.] | 2025-06-20 VOTE: Voted No: Terminally Ill Adults (End of Life) Bill: Amendment 24 [0: Assisted dying bill amendment; effect unclear from title alone.] | 2025-06-20 VOTE: Voted No: Terminally Ill Adults (End of Life) Bill: New Clause 16 [0: Assisted dying bill new clause; effect unclear from title alone.] | 2025-05-16 VOTE: Voted No: Terminally Ill Adults (End of Life) Bill Report Stage: Amendment (a) to New Clause 10 [0: Amendment to end of life bill, effect unclear from title alone.] | 2024-11-29 VOTE: Voted Aye: Terminally Ill Adults (End of Life) Bill: Second Reading [--: Voted for assisted dying bill's second reading, directly opposing CitizenGO's stance against assisted dying.]"
"Jo Stevens (Labour, Cardiff East)",,,,,1,,"2025-06-20 VOTE: Voted Aye: Terminally Ill Adults (End of Life) Bill: Third Reading [--: Voted to pass assisted dying bill at Third Reading, directly opposing CitizenGO's stance.] | 2025-06-20 VOTE: Voted Aye: Terminally Ill Adults (End of Life) Bill: Amendment 94 [0: Assisted dying bill amendment; effect unclear from title alone.] | 2025-06-20 VOTE: Voted Aye: Terminally Ill Adults (End of Life) Bill: Amendment 77 [0: Assisted dying bill amendment; effect unclear from title alone.] | 2025-06-20 VOTE: Voted No: Terminally Ill Adults (End of Life) Bill: Amendment 12 [0: Assisted dying bill amendment; effect unclear from title alone.] | 2025-06-20 VOTE: Voted No: Terminally Ill Adults (End of Life) Bill: Amendment 24 [0: Assisted dying bill amendment; effect unclear from title alone.] | 2025-06-20 VOTE: Voted No: Terminally Ill Adults (End of Life) Bill: New Clause 16 [0: Assisted dying bill new clause; effect unclear from title alone.] | 2025-05-16 VOTE: Voted No: Terminally Ill Adults (End of Life) Bill Report Stage: Amendment (a) to New Clause 10 [0: Amendment to end of life bill, effect unclear from title alone.] | 2024-11-29 VOTE: Voted Aye: Terminally Ill Adults (End of Life) Bill: Second Reading [--: Voted for assisted dying bill's second reading, directly opposing CitizenGO's stance against assisted dying.]"
"Jon Pearce (Labour, High Peak)",,,,,1,,"2025-06-20 VOTE: Voted Aye: Terminally Ill Adults (End of Life) Bill: Third Reading [--: Voted to pass assisted dying bill at Third Reading, directly opposing CitizenGO's stance.] | 2025-06-20 VOTE: Voted Aye: Terminally Ill Adults (End of Life) Bill: Amendment 94 [0: Assisted dying bill amendment; effect unclear from title alone.] | 2025-06-20 VOTE: Voted Aye: Terminally Ill Adults (End of Life) Bill: Amendment 77 [0: Assisted dying bill amendment; effect unclear from title alone.] | 2025-06-20 VOTE: Voted No: Terminally Ill Adults (End of Life) Bill: Amendment 12 [0: Assisted dying bill amendment; effect unclear from title alone.] | 2025-06-20 VOTE: Voted No: Terminally Ill Adults (End of Life) Bill: Amendment 24 [0: Assisted dying bill amendment; effect unclear from title alone.] | 2025-06-20 VOTE: Voted No: Terminally Ill Adults (End of Life) Bill: New Clause 16 [0: Assisted dying bill new clause; effect unclear from title alone.] | 2025-05-16 VOTE: Voted No: Terminally Ill Adults (End of Life) Bill Report Stage: Amendment (a) to New Clause 10 [0: Amendment to end of life bill, effect unclear from title alone.] | 2024-11-29 VOTE: Voted Aye: Terminally Ill Adults (End of Life) Bill: Second Reading [--: Voted for assisted dying bill's second reading, directly opposing CitizenGO's stance against assisted dying.]"
"Lewis Atkinson (Labour, Sunderland Central)",,,,,1,,"2025-06-20 VOTE: Voted Aye: Terminally Ill Adults (End of Life) Bill: Third Reading [--: Voted to pass assisted dying bill at Third Reading, directly opposing CitizenGO's stance.] | 2025-06-20 VOTE: Voted Aye: Terminally Ill Adults (End of Life) Bill: Amendment 94 [0: Assisted dying bill amendment; effect unclear from title alone.] | 2025-06-20 VOTE: Voted Aye: Terminally Ill Adults (End of Life) Bill: Amendment 77 [0: Assisted dying bill amendment; effect unclear from title alone.] | 2025-06-13 VOTE: Voted No: Terminally Ill Adults (End of Life) Bill: New Clause 2 [0: Assisted dying bill amendment; effect unclear from title alone.] | 2025-06-13 VOTE: Voted No: Terminally Ill Adults (End of Life) Bill: New Clause 1 [0: New Clause on end of life bill, effect unclear from title alone.] | 2025-06-13 VOTE: Voted No: Terminally Ill Adults (End of Life) Bill: Amendment (b) to New Clause 14 [0: Amendment to end of life bill, effect unclear from title alone.] | 2025-05-16 VOTE: Voted No: Terminally Ill Adults (End of Life) Bill Report Stage: Amendment (a) to New Clause 10 [0: Amendment to end of life bill, effect unclear from title alone.] | 2024-11-29 VOTE: Voted Aye: Terminally Ill Adults (End of Life) Bill: Second Reading [--: Voted for assisted dying bill's second reading, directly opposing CitizenGO's stance against assisted dying.]"
"Mr Jonathan Brash (Labour, Hartlepool)",,,,,1,,"2025-06-20 VOTE: Voted Aye: Terminally Ill Adults (End of Life) Bill: Third Reading [--: Voted to pass assisted dying bill at Third Reading, directly opposing CitizenGO's stance.] | 2025-06-20 VOTE: Voted Aye: Terminally Ill Adults (End of Life) Bill: Amendment 94 [0: Assisted dying bill amendment; effect unclear from title alone.] | 2025-06-20 VOTE: Voted Aye: Terminally Ill Adults (End of Life) Bill: Amendment 77 [0: Assisted dying bill amendment; effect unclear from title alone.] | 2025-06-20 VOTE: Voted No: Terminally Ill Adults (End of Life) Bill: Amendment 12 [0: Assisted dying bill amendment; effect unclear from title alone.] | 2025-06-20 VOTE: Voted No: Terminally Ill Adults (End of Life) Bill: Amendment 24 [0: Assisted dying bill amendment; effect unclear from title alone.] | 2025-06-20 VOTE: Voted No: Terminally Ill Adults (End of Life) Bill: New Clause 16 [0: Assisted dying bill new clause; effect unclear from title alone.] | 2025-05-16 VOTE: Voted No: Terminally Ill Adults (End of Life) Bill Report Stage: Amendment (a) to New Clause 10 [0: Amendment to end of life bill, effect unclear from title alone.] | 2024-11-29 VOTE: Voted Aye: Terminally Ill Adults (End of Life) Bill: Second Reading [--: Voted for assisted dying bill's second reading, directly opposing CitizenGO's stance against assisted dying.]"
"Nadia Whittome (Labour, Nottingham East)",,,,,1,,"2025-06-20 VOTE: Voted Aye: Terminally Ill Adults (End of Life) Bill: Third Reading [--: Voted to pass assisted dying bill at Third Reading, directly opposing CitizenGO's stance.] | 2025-06-20 VOTE: Voted No: Terminally Ill Adults (End of Life) Bill: Amendment 12 [0: Assisted dying bill amendment; effect unclear from title alone.] | 2025-06-20 VOTE: Voted Aye: Terminally Ill Adults (End of Life) Bill: Amendment 24 [0: Assisted dying bill amendment; effect unclear from title alone.] | 2025-06-13 VOTE: Voted Aye: Terminally Ill Adults (End of Life) Bill: New Clause 2 [0: Assisted dying bill amendment; effect unclear from title alone.] | 2025-06-13 VOTE: Voted Aye: Terminally Ill Adults (End of Life) Bill: New Clause 1 [0: New Clause on end of life bill, effect unclear from title alone.] | 2025-06-13 VOTE: Voted Aye: Terminally Ill Adults (End of Life) Bill: Amendment (b) to New Clause 14 [0: Amendment to end of life bill, effect unclear from title alone.] | 2025-05-16 VOTE: Voted No: Terminally Ill Adults (End of Life) Bill Report Stage: Amendment (a) to New Clause 10 [0: Amendment to end of life bill, effect unclear from title alone.] | 2024-11-29 VOTE: Voted Aye: Terminally Ill Adults (End of Life) Bill: Second Reading [--: Voted for assisted dying bill's second reading, directly opposing CitizenGO's stance against assisted dying.]"
"Natalie Fleet (Labour, Bolsover)",,,,,1,,"2025-06-20 VOTE: Voted Aye: Terminally Ill Adults (End of Life) Bill: Third Reading [--: Voted to pass assisted dying bill at Third Reading, directly opposing CitizenGO's stance.] | 2025-06-20 VOTE: Voted Aye: Terminally Ill Adults (End of Life) Bill: Amendment 94 [0: Assisted dying bill amendment; effect unclear from title alone.] | 2025-06-20 VOTE: Voted Aye: Terminally Ill Adults (End of Life) Bill: Amendment 77 [0: Assisted dying bill amendment; effect unclear from title alone.] | 2025-06-20 VOTE: Voted No: Terminally Ill Adults (End of Life) Bill: Amendment 12 [0: Assisted dying bill amendment; effect unclear from title alone.] | 2025-06-20 VOTE: Voted No: Terminally Ill Adults (End of Life) Bill: Amendment 24 [0: Assisted dying bill amendment; effect unclear from title alone.] | 2025-06-20 VOTE: Voted No: Terminally Ill Adults (End of Life) Bill: New Clause 16 [0: Assisted dying bill new clause; effect unclear from title alone.] | 2025-05-16 VOTE: Voted No: Terminally Ill Adults (End of Life) Bill Report Stage: Amendment (a) to New Clause 10 [0: Amendment to end of life bill, effect unclear from title alone.] | 2024-11-29 VOTE: Voted Aye: Terminally Ill Adults (End of Life) Bill: Second Reading [--: Voted for assisted dying bill's second reading, directly opposing CitizenGO's stance against assisted dying.]"
"Terry Jermy (Labour, South West Norfolk)",,,,,1,,"2025-06-20 VOTE: Voted Aye: Terminally Ill Adults (End of Life) Bill: Third Reading [--: Voted to pass assisted dying bill at Third Reading, directly opposing CitizenGO's stance.] | 2025-06-20 VOTE: Voted Aye: Terminally Ill Adults (End of Life) Bill: Amendment 94 [0: Assisted dying bill amendment; effect unclear from title alone.] | 2025-06-20 VOTE: Voted Aye: Terminally Ill Adults (End of Life) Bill: Amendment 77 [0: Assisted dying bill amendment; effect unclear from title alone.] | 2025-06-13 VOTE: Voted Aye: Terminally Ill Adults (End of Life) Bill: New Clause 2 [0: Assisted dying bill amendment; effect unclear from title alone.] | 2025-06-13 VOTE: Voted Aye: Terminally Ill Adults (End of Life) Bill: New Clause 1 [0: New Clause on end of life bill, effect unclear from title alone.] | 2025-06-13 VOTE: Voted No: Terminally Ill Adults (End of Life) Bill: Amendment (b) to New Clause 14 [0: Amendment to end of life bill, effect unclear from title alone.] | 2025-05-16 VOTE: Voted No: Terminally Ill Adults (End of Life) Bill Report Stage: Amendment (a) to New Clause 10 [0: Amendment to end of life bill, effect unclear from title alone.] | 2024-11-29 VOTE: Voted Aye: Terminally Ill Adults (End of Life) Bill: Second Reading [--: Voted for assisted dying bill's second reading, directly opposing CitizenGO's stance against assisted dying.]"
"Tom Hayes (Labour, Bournemouth East)",,,,,1,,"2025-06-20 VOTE: Voted Aye: Terminally Ill Adults (End of Life) Bill: Third Reading [--: Voted to pass assisted dying bill at Third Reading, directly opposing CitizenGO's stance.] | 2025-06-20 VOTE: Voted Aye: Terminally Ill Adults (End of Life) Bill: Amendment 94 [0: Assisted dying bill amendment; effect unclear from title alone.] | 2025-06-20 VOTE: Voted Aye: Terminally Ill Adults (End of Life) Bill: Amendment 77 [0: Assisted dying bill amendment; effect unclear from title alone.] | 2025-06-20 VOTE: Voted No: Terminally Ill Adults (End of Life) Bill: Amendment 12 [0: Assisted dying bill amendment; effect unclear from title alone.] | 2025-06-20 VOTE: Voted No: Terminally Ill Adults (End of Life) Bill: Amendment 24 [0: Assisted dying bill amendment; effect unclear from title alone.] | 2025-06-20 VOTE: Voted No: Terminally Ill Adults (End of Life) Bill: New Clause 16 [0: Assisted dying bill new clause; effect unclear from title alone.] | 2025-05-16 VOTE: Voted No: Terminally Ill Adults (End of Life) Bill Report Stage: Amendment (a) to New Clause 10 [0: Amendment to end of life bill, effect unclear from title alone.] | 2024-11-29 VOTE: Voted Aye: Terminally Ill Adults (End of Life) Bill: Second Reading [--: Voted for assisted dying bill's second reading, directly opposing CitizenGO's stance against assisted dying.]"
"Tonia Antoniazzi (Labour, Gower)",,,,,1,,"2025-06-20 VOTE: Voted Aye: Terminally Ill Adults (End of Life) Bill: Third Reading [--: Voted to pass assisted dying bill at Third Reading, directly opposing CitizenGO's stance.] | 2025-06-20 VOTE: Voted Aye: Terminally Ill Adults (End of Life) Bill: Amendment 94 [0: Assisted dying bill amendment; effect unclear from title alone.] | 2025-06-20 VOTE: Voted Aye: Terminally Ill Adults (End of Life) Bill: Amendment 77 [0: Assisted dying bill amendment; effect unclear from title alone.] | 2025-06-20 VOTE: Voted No: Terminally Ill Adults (End of Life) Bill: Amendment 12 [0: Assisted dying bill amendment; effect unclear from title alone.] | 2025-06-20 VOTE: Voted No: Terminally Ill Adults (End of Life) Bill: Amendment 24 [0: Assisted dying bill amendment; effect unclear from title alone.] | 2025-06-20 VOTE: Voted No: Terminally Ill Adults (End of Life) Bill: New Clause 16 [0: Assisted dying bill new clause; effect unclear from title alone.] | 2025-05-16 VOTE: Voted No: Terminally Ill Adults (End of Life) Bill Report Stage: Amendment (a) to New Clause 10 [0: Amendment to end of life bill, effect unclear from title alone.] | 2024-11-29 VOTE: Voted Aye: Terminally Ill Adults (End of Life) Bill: Second Reading [--: Voted for assisted dying bill's second reading, directly opposing CitizenGO's stance against assisted dying.]"
"Alison McGovern (Labour, Birkenhead)",,,,,1,,"2025-06-20 VOTE: Voted Aye: Terminally Ill Adults (End of Life) Bill: Third Reading [--: Voted to pass assisted dying bill at Third Reading, directly opposing CitizenGO's stance.] | 2025-06-20 VOTE: Voted Aye: Terminally Ill Adults (End of Life) Bill: Amendment 94 [0: Assisted dying bill amendment; effect unclear from title alone.] | 2025-06-13 VOTE: Voted No: Terminally Ill Adults (End of Life) Bill: New Clause 2 [0: Assisted dying bill amendment; effect unclear from title alone.] | 2025-06-13 VOTE: Voted No: Terminally Ill Adults (End of Life) Bill: New Clause 1 [0: New Clause on end of life bill, effect unclear from title alone.] | 2025-06-13 VOTE: Voted No: Terminally Ill Adults (End of Life) Bill: Amendment (b) to New Clause 14 [0: Amendment to end of life bill, effect unclear from title alone.] | 2025-05-16 VOTE: Voted No: Terminally Ill Adults (End of Life) Bill Report Stage: Amendment (a) to New Clause 10 [0: Amendment to end of life bill, effect unclear from title alone.] | 2024-11-29 VOTE: Voted Aye: Terminally Ill Adults (End of Life) Bill: Second Reading [--: Voted for assisted dying bill's second reading, directly opposing CitizenGO's stance against assisted dying.]"
"Chris Webb (Labour, Blackpool South)",,,,,1,,"2025-06-20 VOTE: Voted Aye: Terminally Ill Adults (End of Life) Bill: Third Reading [--: Voted to pass assisted dying bill at Third Reading, directly opposing CitizenGO's stance.] | 2025-06-20 VOTE: Voted Aye: Terminally Ill Adults (End of Life) Bill: Amendment 94 [0: Assisted dying bill amendment; effect unclear from title alone.] | 2025-06-20 VOTE: Voted Aye: Terminally Ill Adults (End of Life) Bill: Amendment 77 [0: Assisted dying bill amendment; effect unclear from title alone.] | 2025-06-20 VOTE: Voted No: Terminally Ill Adults (End of Life) Bill: Amendment 12 [0: Assisted dying bill amendment; effect unclear from title alone.] | 2025-06-20 VOTE: Voted No: Terminally Ill Adults (End of Life) Bill: Amendment 24 [0: Assisted dying bill amendment; effect unclear from title alone.] | 2025-05-16 VOTE: Voted Aye: Terminally Ill Adults (End of Life) Bill Report Stage: Amendment (a) to New Clause 10 [0: Amendment to end of life bill, effect unclear from title alone.] | 2024-11-29 VOTE: Voted Aye: Terminally Ill Adults (End of Life) Bill: Second Reading [--: Voted for assisted dying bill's second reading, directly opposing CitizenGO's stance against assisted dying.]"
"David Chadwick (Liberal Democrat, Brecon, Radnor and Cwm Tawe)",,,,,1,,"2025-06-20 VOTE: Voted Aye: Terminally Ill Adults (End of Life) Bill: Third Reading [--: Voted to pass assisted dying bill at Third Reading, directly opposing CitizenGO's stance.] | 2025-06-20 VOTE: Voted Aye: Terminally Ill Adults (End of Life) Bill: Amendment 94 [0: Assisted dying bill amendment; effect unclear from title alone.] | 2025-06-13 VOTE: Voted No: Terminally Ill Adults (End of Life) Bill: New Clause 2 [0: Assisted dying bill amendment; effect unclear from title alone.] | 2025-06-13 VOTE: Voted No: Terminally Ill Adults (End of Life) Bill: New Clause 1 [0: New Clause on end of life bill, effect unclear from title alone.] | 2025-06-13 VOTE: Voted No: Terminally Ill Adults (End of Life) Bill: Amendment (b) to New Clause 14 [0: Amendment to end of life bill, effect unclear from title alone.] | 2025-05-16 VOTE: Voted No: Terminally Ill Adults (End of Life) Bill Report Stage: Amendment (a) to New Clause 10 [0: Amendment to end of life bill, effect unclear from title alone.] | 2024-11-29 VOTE: Voted Aye: Terminally Ill Adults (End of Life) Bill: Second Reading [--: Voted for assisted dying bill's second reading, directly opposing CitizenGO's stance against assisted dying.]"
"Fred Thomas (Labour, Plymouth Moor View)",,,,,1,,"2025-06-20 VOTE: Voted Aye: Terminally Ill Adults (End of Life) Bill: Third Reading [--: Voted to pass assisted dying bill at Third Reading, directly opposing CitizenGO's stance.] | 2025-06-20 VOTE: Voted Aye: Terminally Ill Adults (End of Life) Bill: Amendment 94 [0: Assisted dying bill amendment; effect unclear from title alone.] | 2025-06-20 VOTE: Voted Aye: Terminally Ill Adults (End of Life) Bill: Amendment 77 [0: Assisted dying bill amendment; effect unclear from title alone.] | 2025-06-20 VOTE: Voted No: Terminally Ill Adults (End of Life) Bill: Amendment 12 [0: Assisted dying bill amendment; effect unclear from title alone.] | 2025-06-20 VOTE: Voted No: Terminally Ill Adults (End of Life) Bill: Amendment 24 [0: Assisted dying bill amendment; effect unclear from title alone.] | 2025-06-20 VOTE: Voted No: Terminally Ill Adults (End of Life) Bill: New Clause 16 [0: Assisted dying bill new clause; effect unclear from title alone.] | 2024-11-29 VOTE: Voted Aye: Terminally Ill Adults (End of Life) Bill: Second Reading [--: Voted for assisted dying bill's second reading, directly opposing CitizenGO's stance against assisted dying.]"
"Gareth Thomas (Labour (Co-op), Harrow West)",,,,,1,,"2025-06-20 VOTE: Voted Aye: Terminally Ill Adults (End of Life) Bill: Third Reading [--: Voted to pass assisted dying bill at Third Reading, directly opposing CitizenGO's stance.] | 2025-06-20 VOTE: Voted Aye: Terminally Ill Adults (End of Life) Bill: Amendment 94 [0: Assisted dying bill amendment; effect unclear from title alone.] | 2025-06-20 VOTE: Voted Aye: Terminally Ill Adults (End of Life) Bill: Amendment 77 [0: Assisted dying bill amendment; effect unclear from title alone.] | 2025-06-20 VOTE: Voted No: Terminally Ill Adults (End of Life) Bill: Amendment 12 [0: Assisted dying bill amendment; effect unclear from title alone.] | 2025-06-20 VOTE: Voted No: Terminally Ill Adults (End of Life) Bill: Amendment 24 [0: Assisted dying bill amendment; effect unclear from title alone.] | 2025-06-20 VOTE: Voted No: Terminally Ill Adults (End of Life) Bill: New Clause 16 [0: Assisted dying bill new clause; effect unclear from title alone.] | 2025-05-16 VOTE: Voted No: Terminally Ill Adults (End of Life) Bill Report Stage: Amendment (a) to New Clause 10 [0: Amendment to end of life bill, effect unclear from title alone.]"
"Jenny Riddell-Carpenter (Labour, Suffolk Coastal)",,,,,1,,"2025-06-20 VOTE: Voted Aye: Terminally Ill Adults (End of Life) Bill: Third Reading [--: Voted to pass assisted dying bill at Third Reading, directly opposing CitizenGO's stance.] | 2025-06-20 VOTE: Voted Aye: Terminally Ill Adults (End of Life) Bill: Amendment 94 [0: Assisted dying bill amendment; effect unclear from title alone.] | 2025-06-13 VOTE: Voted Aye: Terminally Ill Adults (End of Life) Bill: New Clause 2 [0: Assisted dying bill amendment; effect unclear from title alone.] | 2025-06-13 VOTE: Voted No: Terminally Ill Adults (End of Life) Bill: New Clause 1 [0: New Clause on end of life bill, effect unclear from title alone.] | 2025-06-13 VOTE: Voted No: Terminally Ill Adults (End of Life) Bill: Amendment (b) to New Clause 14 [0: Amendment to end of life bill, effect unclear from title alone.] | 2025-05-16 VOTE: Voted No: Terminally Ill Adults (End of Life) Bill Report Stage: Amendment (a) to New Clause 10 [0: Amendment to end of life bill, effect unclear from title alone.] | 2024-11-29 VOTE: Voted Aye: Terminally Ill Adults (End of Life) Bill: Second Reading [--: Voted for assisted dying bill's second reading, directly opposing CitizenGO's stance against assisted dying.]"
"Jessica Toale (Labour, Bournemouth West)",,,,,1,,"2025-06-20 VOTE: Voted Aye: Terminally Ill Adults (End of Life) Bill: Third Reading [--: Voted to pass assisted dying bill at Third Reading, directly opposing CitizenGO's stance.] | 2025-06-20 VOTE: Voted Aye: Terminally Ill Adults (End of Life) Bill: Amendment 94 [0: Assisted dying bill amendment; effect unclear from title alone.] | 2025-06-20 VOTE: Voted Aye: Terminally Ill Adults (End of Life) Bill: Amendment 77 [0: Assisted dying bill amendment; effect unclear from title alone.] | 2025-06-13 VOTE: Voted Aye: Terminally Ill Adults (End of Life) Bill: New Clause 2 [0: Assisted dying bill amendment; effect unclear from title alone.] | 2025-06-13 VOTE: Voted No: Terminally Ill Adults (End of Life) Bill: New Clause 1 [0: New Clause on end of life bill, effect unclear from title alone.] | 2025-06-13 VOTE: Voted No: Terminally Ill Adults (End of Life) Bill: Amendment (b) to New Clause 14 [0: Amendment to end of life bill, effect unclear from title alone.] | 2025-05-16 VOTE: Voted Aye: Terminally Ill Adults (End of Life) Bill Report Stage: Amendment (a) to New Clause 10 [0: Amendment to end of life bill, effect unclear from title alone.]"
"John Healey (Labour, Rawmarsh and Conisbrough)",,,,,1,,"2025-06-20 VOTE: Voted Aye: Terminally Ill Adults (End of Life) Bill: Third Reading [--: Voted to pass assisted dying bill at Third Reading, directly opposing CitizenGO's stance.] | 2025-06-20 VOTE: Voted Aye: Terminally Ill Adults (End of Life) Bill: Amendment 94 [0: Assisted dying bill amendment; effect unclear from title alone.] | 2025-06-20 VOTE: Voted Aye: Terminally Ill Adults (End of Life) Bill: Amendment 77 [0: Assisted dying bill amendment; effect unclear from title alone.] | 2025-06-20 VOTE: Voted No: Terminally Ill Adults (End of Life) Bill: Amendment 12 [0: Assisted dying bill amendment; effect unclear from title alone.] | 2025-06-20 VOTE: Voted No: Terminally Ill Adults (End of Life) Bill: Amendment 24 [0: Assisted dying bill amendment; effect unclear from title alone.] | 2025-06-20 VOTE: Voted No: Terminally Ill Adults (End of Life) Bill: New Clause 16 [0: Assisted dying bill new clause; effect unclear from title alone.] | 2024-11-29 VOTE: Voted Aye: Terminally Ill Adults (End of Life) Bill: Second Reading [--: Voted for assisted dying bill's second reading, directly opposing CitizenGO's stance against assisted dying.]"
"Josh MacAlister (Labour, Whitehaven and Workington)",,,,,1,,"2025-06-20 VOTE: Voted Aye: Terminally Ill Adults (End of Life) Bill: Third Reading [--: Voted to pass assisted dying bill at Third Reading, directly opposing CitizenGO's stance.] | 2025-06-20 VOTE: Voted Aye: Terminally Ill Adults (End of Life) Bill: Amendment 94 [0: Assisted dying bill amendment; effect unclear from title alone.] | 2025-06-20 VOTE: Voted Aye: Terminally Ill Adults (End of Life) Bill: Amendment 77 [0: Assisted dying bill amendment; effect unclear from title alone.] | 2025-06-20 VOTE: Voted No: Terminally Ill Adults (End of Life) Bill: Amendment 12 [0: Assisted dying bill amendment; effect unclear from title alone.] | 2025-06-20 VOTE: Voted No: Terminally Ill Adults (End of Life) Bill: Amendment 24 [0: Assisted dying bill amendment; effect unclear from title alone.] | 2025-06-20 VOTE: Voted No: Terminally Ill Adults (End of Life) Bill: New Clause 16 [0: Assisted dying bill new clause; effect unclear from title alone.] | 2024-11-29 VOTE: Voted Aye: Terminally Ill Adults (End of Life) Bill: Second Reading [--: Voted for assisted dying bill's second reading, directly opposing CitizenGO's stance against assisted dying.]"
"Sarah Jones (Labour, Croydon West)",,,,,1,,"2025-06-20 VOTE: Voted Aye: Terminally Ill Adults (End of Life) Bill: Third Reading [--: Voted to pass assisted dying bill at Third Reading, directly opposing CitizenGO's stance.] | 2025-06-20 VOTE: Voted Aye: Terminally Ill Adults (End of Life) Bill: Amendment 77 [0: Assisted dying bill amendment; effect unclear from title alone.] | 2025-06-20 VOTE: Voted No: Terminally Ill Adults (End of Life) Bill: New Clause 16 [0: Assisted dying bill new clause; effect unclear from title alone.] | 2025-06-13 VOTE: Voted No: Terminally Ill Adults (End of Life) Bill: New Clause 2 [0: Assisted dying bill amendment; effect unclear from title alone.] | 2025-06-13 VOTE: Voted No: Terminally Ill Adults (End of Life) Bill: New Clause 1 [0: New Clause on end of life bill, effect unclear from title alone.] | 2025-06-13 VOTE: Voted No: Terminally Ill Adults (End of Life) Bill: Amendment (b) to New Clause 14 [0: Amendment to end of life bill, effect unclear from title alone.] | 2024-11-29 VOTE: Voted Aye: Terminally Ill Adults (End of Life) Bill: Second Reading [--: Voted for assisted dying bill's second reading, directly opposing CitizenGO's stance against assisted dying.]"
"Sir Jeremy Hunt (Conservative, Godalming and Ash)",,,,,1,,"2025-06-20 VOTE: Voted Aye: Terminally Ill Adults (End of Life) Bill: Third Reading [--: Voted to pass assisted dying bill at Third Reading, directly opposing CitizenGO's stance.] | 2025-06-20 VOTE: Voted Aye: Terminally Ill Adults (End of Life) Bill: Amendment 94 [0: Assisted dying bill amendment; effect unclear from title alone.] | 2025-06-20 VOTE: Voted Aye: Terminally Ill Adults (End of Life) Bill: Amendment 77 [0: Assisted dying bill amendment; effect unclear from title alone.] | 2025-06-20 VOTE: Voted No: Terminally Ill Adults (End of Life) Bill: Amendment 12 [0: Assisted dying bill amendment; effect unclear from title alone.] | 2025-06-20 VOTE: Voted No: Terminally Ill Adults (End of Life) Bill: Amendment 24 [0: Assisted dying bill amendment; effect unclear from title alone.] | 2025-06-20 VOTE: Voted No: Terminally Ill Adults (End of Life) Bill: New Clause 16 [0: Assisted dying bill new clause; effect unclear from title alone.] | 2024-11-29 VOTE: Voted Aye: Terminally Ill Adults (End of Life) Bill: Second Reading [--: Voted for assisted dying bill's second reading, directly opposing CitizenGO's stance against assisted dying.]"
"Chris Curtis (Labour, Milton Keynes North)",,,,,1,,"2025-06-20 VOTE: Voted Aye: Terminally Ill Adults (End of Life) Bill: Third Reading [--: Voted to pass assisted dying bill at Third Reading, directly opposing CitizenGO's stance.] | 2025-06-13 VOTE: Voted No: Terminally Ill Adults (End of Life) Bill: New Clause 2 [0: Assisted dying bill amendment; effect unclear from title alone.] | 2025-06-13 VOTE: Voted No: Terminally Ill Adults (End of Life) Bill: New Clause 1 [0: New Clause on end of life bill, effect unclear from title alone.] | 2025-06-13 VOTE: Voted No: Terminally Ill Adults (End of Life) Bill: Amendment (b) to New Clause 14 [0: Amendment to end of life bill, effect unclear from title alone.] | 2025-05-16 VOTE: Voted No: Terminally Ill Adults (End of Life) Bill Report Stage: Amendment (a) to New Clause 10 [0: Amendment to end of life bill, effect unclear from title alone.] | 2024-11-29 VOTE: Voted Aye: Terminally Ill Adults (End of Life) Bill: Second Reading [--: Voted for assisted dying bill's second reading, directly opposing CitizenGO's stance against assisted dying.]"
"Connor Naismith (Labour, Crewe and Nantwich)",,,,,1,,"2025-06-20 VOTE: Voted Aye: Terminally Ill Adults (End of Life) Bill: Third Reading [--: Voted to pass assisted dying bill at Third Reading, directly opposing CitizenGO's stance.] | 2025-06-13 VOTE: Voted No: Terminally Ill Adults (End of Life) Bill: New Clause 2 [0: Assisted dying bill amendment; effect unclear from title alone.] | 2025-06-13 VOTE: Voted No: Terminally Ill Adults (End of Life) Bill: New Clause 1 [0: New Clause on end of life bill, effect unclear from title alone.] | 2025-06-13 VOTE: Voted No: Terminally Ill Adults (End of Life) Bill: Amendment (b) to New Clause 14 [0: Amendment to end of life bill, effect unclear from title alone.] | 2025-05-16 VOTE: Voted No: Terminally Ill Adults (End of Life) Bill Report Stage: Amendment (a) to New Clause 10 [0: Amendment to end of life bill, effect unclear from title alone.] | 2024-11-29 VOTE: Voted Aye: Terminally Ill Adults (End of Life) Bill: Second Reading [--: Voted for assisted dying bill's second reading, directly opposing CitizenGO's stance against assisted dying.]"
"Daniel Zeichner (Labour, Cambridge)",,,,,1,,"2025-06-20 VOTE: Voted Aye: Terminally Ill Adults (End of Life) Bill: Third Reading [--: Voted to pass assisted dying bill at Third Reading, directly opposing CitizenGO's stance.] | 2025-06-13 VOTE: Voted No: Terminally Ill Adults (End of Life) Bill: New Clause 2 [0: Assisted dying bill amendment; effect unclear from title alone.] | 2025-06-13 VOTE: Voted No: Terminally Ill Adults (End of Life) Bill: New Clause 1 [0: New Clause on end of life bill, effect unclear from title alone.] | 2025-06-13 VOTE: Voted No: Terminally Ill Adults (End of Life) Bill: Amendment (b) to New Clause 14 [0: Amendment to end of life bill, effect unclear from title alone.] | 2025-05-16 VOTE: Voted No: Terminally Ill Adults (End of Life) Bill Report Stage: Amendment (a) to New Clause 10 [0: Amendment to end of life bill, effect unclear from title alone.] | 2024-11-29 VOTE: Voted Aye: Terminally Ill Adults (End of Life) Bill: Second Reading [--: Voted for assisted dying bill's second reading, directly opposing CitizenGO's stance against assisted dying.]"
"David Davis (Conservative, Goole and Pocklington)",,,,,1,,"2025-06-20 VOTE: Voted Aye: Terminally Ill Adults (End of Life) Bill: Third Reading [--: Voted to pass assisted dying bill at Third Reading, directly opposing CitizenGO's stance.] | 2025-06-13 VOTE: Voted Aye: Terminally Ill Adults (End of Life) Bill: New Clause 2 [0: Assisted dying bill amendment; effect unclear from title alone.] | 2025-06-13 VOTE: Voted Aye: Terminally Ill Adults (End of Life) Bill: New Clause 1 [0: New Clause on end of life bill, effect unclear from title alone.] | 2025-06-13 VOTE: Voted Aye: Terminally Ill Adults (End of Life) Bill: Amendment (b) to New Clause 14 [0: Amendment to end of life bill, effect unclear from title alone.] | 2025-05-16 VOTE: Voted No: Terminally Ill Adults (End of Life) Bill Report Stage: Amendment (a) to New Clause 10 [0: Amendment to end of life bill, effect unclear from title alone.] | 2024-11-29 VOTE: Voted Aye: Terminally Ill Adults (End of Life) Bill: Second Reading [--: Voted for assisted dying bill's second reading, directly opposing CitizenGO's stance against assisted dying.]"
"Jade Botterill (Labour, Ossett and Denby Dale)",,,,,1,,"2025-06-20 VOTE: Voted Aye: Terminally Ill Adults (End of Life) Bill: Third Reading [--: Voted to pass assisted dying bill at Third Reading, directly opposing CitizenGO's stance.] | 2025-06-13 VOTE: Voted No: Terminally Ill Adults (End of Life) Bill: New Clause 2 [0: Assisted dying bill amendment; effect unclear from title alone.] | 2025-06-13 VOTE: Voted No: Terminally Ill Adults (End of Life) Bill: New Clause 1 [0: New Clause on end of life bill, effect unclear from title alone.] | 2025-06-13 VOTE: Voted No: Terminally Ill Adults (End of Life) Bill: Amendment (b) to New Clause 14 [0: Amendment to end of life bill, effect unclear from title alone.] | 2025-05-16 VOTE: Voted No: Terminally Ill Adults (End of Life) Bill Report Stage: Amendment (a) to New Clause 10 [0: Amendment to end of life bill, effect unclear from title alone.] | 2024-11-29 VOTE: Voted Aye: Terminally Ill Adults (End of Life) Bill: Second Reading [--: Voted for assisted dying bill's second reading, directly opposing CitizenGO's stance against assisted dying.]"
"Kim Johnson (Labour, Liverpool Riverside)",,,,,1,,"2025-06-20 VOTE: Voted Aye: Terminally Ill Adults (End of Life) Bill: Third Reading [--: Voted to pass assisted dying bill at Third Reading, directly opposing CitizenGO's stance.] | 2025-06-13 VOTE: Voted No: Terminally Ill Adults (End of Life) Bill: New Clause 2 [0: Assisted dying bill amendment; effect unclear from title alone.] | 2025-06-13 VOTE: Voted No: Terminally Ill Adults (End of Life) Bill: New Clause 1 [0: New Clause on end of life bill, effect unclear from title alone.] | 2025-06-13 VOTE: Voted Aye: Terminally Ill Adults (End of Life) Bill: Amendment (b) to New Clause 14 [0: Amendment to end of life bill, effect unclear from title alone.] | 2025-06-13 VOTE: Voted No: Terminally Ill Adults (End of Life) Bill: Amendment (b) to New Clause 14 [0: Amendment to end of life bill, effect unclear from title alone.] | 2024-11-29 VOTE: Voted Aye: Terminally Ill Adults (End of Life) Bill: Second Reading [--: Voted for assisted dying bill's second reading, directly opposing CitizenGO's stance against assisted dying.]"
"Liz Kendall (Labour, Leicester West)",,,,,1,,"2025-06-20 VOTE: Voted Aye: Terminally Ill Adults (End of Life) Bill: Third Reading [--: Voted to pass assisted dying bill at Third Reading, directly opposing CitizenGO's stance.] | 2025-06-13 VOTE: Voted No: Terminally Ill Adults (End of Life) Bill: New Clause 2 [0: Assisted dying bill amendment; effect unclear from title alone.] | 2025-06-13 VOTE: Voted No: Terminally Ill Adults (End of Life) Bill: New Clause 1 [0: New Clause on end of life bill, effect unclear from title alone.] | 2025-06-13 VOTE: Voted No: Terminally Ill Adults (End of Life) Bill: Amendment (b) to New Clause 14 [0: Amendment to end of life bill, effect unclear from title alone.] | 2025-05-16 VOTE: Voted No: Terminally Ill Adults (End of Life) Bill Report Stage: Amendment (a) to New Clause 10 [0: Amendment to end of life bill, effect unclear from title alone.] | 2024-11-29 VOTE: Voted Aye: Terminally Ill Adults (End of Life) Bill: Second Reading [--: Voted for assisted dying bill's second reading, directly opposing CitizenGO's stance against assisted dying.]"
"Lucy Powell (Labour (Co-op), Manchester Central)",,,,,1,,"2025-06-20 VOTE: Voted Aye: Terminally Ill Adults (End of Life) Bill: Third Reading [--: Voted to pass assisted dying bill at Third Reading, directly opposing CitizenGO's stance.] | 2025-06-13 VOTE: Voted No: Terminally Ill Adults (End of Life) Bill: New Clause 2 [0: Assisted dying bill amendment; effect unclear from title alone.] | 2025-06-13 VOTE: Voted No: Terminally Ill Adults (End of Life) Bill: New Clause 1 [0: New Clause on end of life bill, effect unclear from title alone.] | 2025-06-13 VOTE: Voted No: Terminally Ill Adults (End of Life) Bill: Amendment (b) to New Clause 14 [0: Amendment to end of life bill, effect unclear from title alone.] | 2025-05-16 VOTE: Voted No: Terminally Ill Adults (End of Life) Bill Report Stage: Amendment (a) to New Clause 10 [0: Amendment to end of life bill, effect unclear from title alone.] | 2024-11-29 VOTE: Voted Aye: Terminally Ill Adults (End of Life) Bill: Second Reading [--: Voted for assisted dying bill's second reading, directly opposing CitizenGO's stance against assisted dying.]"
"Maria Eagle (Labour, Liverpool Garston)",,,,,1,,"2025-06-20 VOTE: Voted Aye: Terminally Ill Adults (End of Life) Bill: Third Reading [--: Voted to pass assisted dying bill at Third Reading, directly opposing CitizenGO's stance.] | 2025-06-13 VOTE: Voted No: Terminally Ill Adults (End of Life) Bill: New Clause 2 [0: Assisted dying bill amendment; effect unclear from title alone.] | 2025-06-13 VOTE: Voted No: Terminally Ill Adults (End of Life) Bill: New Clause 1 [0: New Clause on end of life bill, effect unclear from title alone.] | 2025-06-13 VOTE: Voted No: Terminally Ill Adults (End of Life) Bill: Amendment (b) to New Clause 14 [0: Amendment to end of life bill, effect unclear from title alone.] | 2025-05-16 VOTE: Voted No: Terminally Ill Adults (End of Life) Bill Report Stage: Amendment (a) to New Clause 10 [0: Amendment to end of life bill, effect unclear from title alone.] | 2024-11-29 VOTE: Voted Aye: Terminally Ill Adults (End of Life) Bill: Second Reading [--: Voted for assisted dying bill's second reading, directly opposing CitizenGO's stance against assisted dying.]"
"Mark Sewards (Labour, Leeds South West and Morley)",,,,,1,,"2025-06-20 VOTE: Voted Aye: Terminally Ill Adults (End of Life) Bill: Third Reading [--: Voted to pass assisted dying bill at Third Reading, directly opposing CitizenGO's stance.] | 2025-06-13 VOTE: Voted No: Terminally Ill Adults (End of Life) Bill: New Clause 2 [0: Assisted dying bill amendment; effect unclear from title alone.] | 2025-06-13 VOTE: Voted No: Terminally Ill Adults (End of Life) Bill: New Clause 1 [0: New Clause on end of life bill, effect unclear from title alone.] | 2025-06-13 VOTE: Voted No: Terminally Ill Adults (End of Life) Bill: Amendment (b) to New Clause 14 [0: Amendment to end of life bill, effect unclear from title alone.] | 2025-05-16 VOTE: Voted No: Terminally Ill Adults (End of Life) Bill Report Stage: Amendment (a) to New Clause 10 [0: Amendment to end of life bill, effect unclear from title alone.] | 2024-11-29 VOTE: Voted Aye: Terminally Ill Adults (End of Life) Bill: Second Reading [--: Voted for assisted dying bill's second reading, directly opposing CitizenGO's stance against assisted dying.]"
"Ms Stella Creasy (Labour (Co-op), Walthamstow)",,,,,1,,"2025-06-20 VOTE: Voted Aye: Terminally Ill Adults (End of Life) Bill: Third Reading [--: Voted to pass assisted dying bill at Third Reading, directly opposing CitizenGO's stance.] | 2025-06-13 VOTE: Voted No: Terminally Ill Adults (End of Life) Bill: New Clause 2 [0: Assisted dying bill amendment; effect unclear from title alone.] | 2025-06-13 VOTE: Voted No: Terminally Ill Adults (End of Life) Bill: New Clause 1 [0: New Clause on end of life bill, effect unclear from title alone.] | 2025-06-13 VOTE: Voted No: Terminally Ill Adults (End of Life) Bill: Amendment (b) to New Clause 14 [0: Amendment to end of life bill, effect unclear from title alone.] | 2025-05-16 VOTE: Voted No: Terminally Ill Adults (End of Life) Bill Report Stage: Amendment (a) to New Clause 10 [0: Amendment to end of life bill, effect unclear from title alone.] | 2024-11-29 VOTE: Voted Aye: Terminally Ill Adults (End of Life) Bill: Second Reading [--: Voted for assisted dying bill's second reading, directly opposing CitizenGO's stance against assisted dying.]"
"Ruth Cadbury (Labour, Brentford and Isleworth)",,,,,1,,"2025-06-20 VOTE: Voted Aye: Terminally Ill Adults (End of Life) Bill: Third Reading [--: Voted to pass assisted dying bill at Third Reading, directly opposing CitizenGO's stance.] | 2025-06-13 VOTE: Voted No: Terminally Ill Adults (End of Life) Bill: New Clause 2 [0: Assisted dying bill amendment; effect unclear from title alone.] | 2025-06-13 VOTE: Voted No: Terminally Ill Adults (End of Life) Bill: New Clause 1 [0: New Clause on end of life bill, effect unclear from title alone.] | 2025-06-13 VOTE: Voted No: Terminally Ill Adults (End of Life) Bill: Amendment (b) to New Clause 14 [0: Amendment to end of life bill, effect unclear from title alone.] | 2025-05-16 VOTE: Voted No: Terminally Ill Adults (End of Life) Bill Report Stage: Amendment (a) to New Clause 10 [0: Amendment to end of life bill, effect unclear from title alone.] | 2024-11-29 VOTE: Voted Aye: Terminally Ill Adults (End of Life) Bill: Second Reading [--: Voted for assisted dying bill's second reading, directly opposing CitizenGO's stance against assisted dying.]"
"Sir Nicholas Dakin (Labour, Scunthorpe)",,,,,1,,"2025-06-20 VOTE: Voted Aye: Terminally Ill Adults (End of Life) Bill: Third Reading [--: Voted to pass assisted dying bill at Third Reading, directly opposing CitizenGO's stance.] | 2025-06-20 VOTE: Voted Aye: Terminally Ill Adults (End of Life) Bill: Amendment 94 [0: Assisted dying bill amendment; effect unclear from title alone.] | 2025-06-20 VOTE: Voted Aye: Terminally Ill Adults (End of Life) Bill: Amendment 77 [0: Assisted dying bill amendment; effect unclear from title alone.] | 2025-06-20 VOTE: Voted No: Terminally Ill Adults (End of Life) Bill: Amendment 24 [0: Assisted dying bill amendment; effect unclear from title alone.] | 2025-06-20 VOTE: Voted No: Terminally Ill Adults (End of Life) Bill: New Clause 16 [0: Assisted dying bill new clause; effect unclear from title alone.] | 2024-11-29 VOTE: Voted Aye: Terminally Ill Adults (End of Life) Bill: Second Reading [--: Voted for assisted dying bill's second reading, directly opposing CitizenGO's stance against assisted dying.]"
"Sir Oliver Dowden (Conservative, Hertsmere)",,,,,1,,"2025-06-20 VOTE: Voted Aye: Terminally Ill Adults (End of Life) Bill: Third Reading [--: Voted to pass assisted dying bill at Third Reading, directly opposing CitizenGO's stance.] | 2025-06-20 VOTE: Voted Aye: Terminally Ill Adults (End of Life) Bill: Amendment 77 [0: Assisted dying bill amendment; effect unclear from title alone.] | 2025-06-20 VOTE: Voted No: Terminally Ill Adults (End of Life) Bill: Amendment 12 [0: Assisted dying bill amendment; effect unclear from title alone.] | 2025-06-20 VOTE: Voted No: Terminally Ill Adults (End of Life) Bill: Amendment 24 [0: Assisted dying bill amendment; effect unclear from title alone.] | 2025-05-16 VOTE: Voted No: Terminally Ill Adults (End of Life) Bill Report Stage: Amendment (a) to New Clause 10 [0: Amendment to end of life bill, effect unclear from title alone.] | 2024-11-29 VOTE: Voted Aye: Terminally Ill Adults (End of Life) Bill: Second Reading [--: Voted for assisted dying bill's second reading, directly opposing CitizenGO's stance against assisted dying.]"
"Will Stone (Labour, Swindon North)",,,,,1,,"2025-06-20 VOTE: Voted Aye: Terminally Ill Adults (End of Life) Bill: Third Reading [--: Voted to pass assisted dying bill at Third Reading, directly opposing CitizenGO's stance.] | 2025-06-13 VOTE: Voted Aye: Terminally Ill Adults (End of Life) Bill: New Clause 2 [0: Assisted dying bill amendment; effect unclear from title alone.] | 2025-06-13 VOTE: Voted Aye: Terminally Ill Adults (End of Life) Bill: New Clause 1 [0: New Clause on end of life bill, effect unclear from title alone.] | 2025-06-13 VOTE: Voted No: Terminally Ill Adults (End of Life) Bill: Amendment (b) to New Clause 14 [0: Amendment to end of life bill, effect unclear from title alone.] | 2025-05-16 VOTE: Voted No: Terminally Ill Adults (End of Life) Bill Report Stage: Amendment (a) to New Clause 10 [0: Amendment to end of life bill, effect unclear from title alone.] | 2024-11-29 VOTE: Voted Aye: Terminally Ill Adults (End of Life) Bill: Second Reading [--: Voted for assisted dying bill's second reading, directly opposing CitizenGO's stance against assisted dying.]"
"Baggy Shanker (Labour (Co-op), Derby South)",,,,,1,,"2025-06-13 VOTE: Voted No: Terminally Ill Adults (End of Life) Bill: New Clause 2 [0: Assisted dying bill amendment; effect unclear from title alone.] | 2025-06-13 VOTE: Voted No: Terminally Ill Adults (End of Life) Bill: New Clause 1 [0: New Clause on end of life bill, effect unclear from title alone.] | 2025-06-13 VOTE: Voted No: Terminally Ill Adults (End of Life) Bill: Amendment (b) to New Clause 14 [0: Amendment to end of life bill, effect unclear from title alone.] | 2025-05-16 VOTE: Voted No: Terminally Ill Adults (End of Life) Bill Report Stage: Amendment (a) to New Clause 10 [0: Amendment to end of life bill, effect unclear from title alone.] | 2024-11-29 VOTE: Voted Aye: Terminally Ill Adults (End of Life) Bill: Second Reading [--: Voted for assisted dying bill's second reading, directly opposing CitizenGO's stance against assisted dying.]"
"Cat Smith (Labour, Lancaster and Wyre)",,,,,1,,"2025-06-20 VOTE: Voted Aye: Terminally Ill Adults (End of Life) Bill: Third Reading [--: Voted to pass assisted dying bill at Third Reading, directly opposing CitizenGO's stance.] | 2025-06-13 VOTE: Voted Aye: Terminally Ill Adults (End of Life) Bill: New Clause 2 [0: Assisted dying bill amendment; effect unclear from title alone.] | 2025-06-13 VOTE: Voted Aye: Terminally Ill Adults (End of Life) Bill: New Clause 1 [0: New Clause on end of life bill, effect unclear from title alone.] | 2025-06-13 VOTE: Voted No: Terminally Ill Adults (End of Life) Bill: Amendment (b) to New Clause 14 [0: Amendment to end of life bill, effect unclear from title alone.] | 2025-05-16 VOTE: Voted No: Terminally Ill Adults (End of Life) Bill Report Stage: Amendment (a) to New Clause 10 [0: Amendment to end of life bill, effect unclear from title alone.]"
"Catherine West (Labour, Hornsey and Friern Barnet)",,,,,1,,"2025-06-13 VOTE: Voted No: Terminally Ill Adults (End of Life) Bill: New Clause 2 [0: Assisted dying bill amendment; effect unclear from title alone.] | 2025-06-13 VOTE: Voted No: Terminally Ill Adults (End of Life) Bill: New Clause 1 [0: New Clause on end of life bill, effect unclear from title alone.] | 2025-06-13 VOTE: Voted No: Terminally Ill Adults (End of Life) Bill: Amendment (b) to New Clause 14 [0: Amendment to end of life bill, effect unclear from title alone.] | 2025-05-16 VOTE: Voted No: Terminally Ill Adults (End of Life) Bill Report Stage: Amendment (a) to New Clause 10 [0: Amendment to end of life bill, effect unclear from title alone.] | 2024-11-29 VOTE: Voted Aye: Terminally Ill Adults (End of Life) Bill: Second Reading [--: Voted for assisted dying bill's second reading, directly opposing CitizenGO's stance against assisted dying.]"
"Chris Coghlan (Liberal Democrat, Dorking and Horley)",,,,,1,,"2025-06-20 VOTE: Voted Aye: Terminally Ill Adults (End of Life) Bill: Third Reading [--: Voted to pass assisted dying bill at Third Reading, directly opposing CitizenGO's stance.] | 2025-06-13 VOTE: Voted No: Terminally Ill Adults (End of Life) Bill: New Clause 2 [0: Assisted dying bill amendment; effect unclear from title alone.] | 2025-06-13 VOTE: Voted No: Terminally Ill Adults (End of Life) Bill: New Clause 1 [0: New Clause on end of life bill, effect unclear from title alone.] | 2025-06-13 VOTE: Voted No: Terminally Ill Adults (End of Life) Bill: Amendment (b) to New Clause 14 [0: Amendment to end of life bill, effect unclear from title alone.] | 2024-11-29 VOTE: Voted Aye: Terminally Ill Adults (End of Life) Bill: Second Reading [--: Voted for assisted dying bill's second reading, directly opposing CitizenGO's stance against assisted dying.]"
"Dame Caroline Dinenage (Conservative, Gosport)",,,,,1,,"2025-06-13 VOTE: Voted No: Terminally Ill Adults (End of Life) Bill: New Clause 2 [0: Assisted dying bill amendment; effect unclear from title alone.] | 2025-06-13 VOTE: Voted No: Terminally Ill Adults (End of Life) Bill: New Clause 1 [0: New Clause on end of life bill, effect unclear from title alone.] | 2025-06-13 VOTE: Voted No: Terminally Ill Adults (End of Life) Bill: Amendment (b) to New Clause 14 [0: Amendment to end of life bill, effect unclear from title alone.] | 2025-05-16 VOTE: Voted No: Terminally Ill Adults (End of Life) Bill Report Stage: Amendment (a) to New Clause 10 [0: Amendment to end of life bill, effect unclear from title alone.] | 2024-11-29 VOTE: Voted Aye: Terminally Ill Adults (End of Life) Bill: Second Reading [--: Voted for assisted dying bill's second reading, directly opposing CitizenGO's stance against assisted dying.]"
"Helen Maguire (Liberal Democrat, Epsom and Ewell)",,,,,1,,"2025-06-13 VOTE: Voted No: Terminally Ill Adults (End of Life) Bill: New Clause 2 [0: Assisted dying bill amendment; effect unclear from title alone.] | 2025-06-13 VOTE: Voted No: Terminally Ill Adults (End of Life) Bill: New Clause 1 [0: New Clause on end of life bill, effect unclear from title alone.] | 2025-06-13 VOTE: Voted No: Terminally Ill Adults (End of Life) Bill: Amendment (b) to New Clause 14 [0: Amendment to end of life bill, effect unclear from title alone.] | 2025-05-16 VOTE: Voted No: Terminally Ill Adults (End of Life) Bill Report Stage: Amendment (a) to New Clause 10 [0: Amendment to end of life bill, effect unclear from title alone.] | 2024-11-29 VOTE: Voted Aye: Terminally Ill Adults (End of Life) Bill: Second Reading [--: Voted for assisted dying bill's second reading, directly opposing CitizenGO's stance against assisted dying.]"
"Manuela Perteghella (Liberal Democrat, Stratford-on-Avon)",,,,,1,,"CONFLICTING SIGNALS - review all evidence | 2026-07-13 PQ: Hospices [0: Neutral factual query on hospice funding framework timing.] | 2026-04-27 PQ: Palliative Care [+: Pushes for stronger palliative care, an alternative to assisted dying.] | 2025-06-20 VOTE: Voted Aye: Terminally Ill Adults (End of Life) Bill: Third Reading [--: Voted to pass assisted dying bill at Third Reading, directly opposing CitizenGO's stance.] | 2025-05-16 VOTE: Voted No: Terminally Ill Adults (End of Life) Bill Report Stage: Amendment (a) to New Clause 10 [0: Amendment to end of life bill, effect unclear from title alone.] | 2024-11-29 VOTE: Voted Aye: Terminally Ill Adults (End of Life) Bill: Second Reading [--: Voted for assisted dying bill's second reading, directly opposing CitizenGO's stance against assisted dying.]"
"Kirith Entwistle (Labour, Bolton North East)",,,,,1,,"2025-06-13 VOTE: Voted No: Terminally Ill Adults (End of Life) Bill: New Clause 2 [0: Assisted dying bill amendment; effect unclear from title alone.] | 2025-06-13 VOTE: Voted No: Terminally Ill Adults (End of Life) Bill: New Clause 1 [0: New Clause on end of life bill, effect unclear from title alone.] | 2025-06-13 VOTE: Voted Aye: Terminally Ill Adults (End of Life) Bill: Amendment (b) to New Clause 14 [0: Amendment to end of life bill, effect unclear from title alone.] | 2024-11-29 VOTE: Voted Aye: Terminally Ill Adults (End of Life) Bill: Second Reading [--: Voted for assisted dying bill's second reading, directly opposing CitizenGO's stance against assisted dying.]"
"Charlotte Nichols (Labour, Warrington North)",,,,,1,,"2025-06-20 VOTE: Voted Aye: Terminally Ill Adults (End of Life) Bill: Third Reading [--: Voted to pass assisted dying bill at Third Reading, directly opposing CitizenGO's stance.] | 2025-06-20 VOTE: Voted Aye: Terminally Ill Adults (End of Life) Bill: Amendment 94 [0: Assisted dying bill amendment; effect unclear from title alone.] | 2024-11-29 VOTE: Voted Aye: Terminally Ill Adults (End of Life) Bill: Second Reading [--: Voted for assisted dying bill's second reading, directly opposing CitizenGO's stance against assisted dying.]"
"Fabian Hamilton (Labour, Leeds North East)",,,,,1,,"2025-06-13 VOTE: Voted No: Terminally Ill Adults (End of Life) Bill: New Clause 1 [0: New Clause on end of life bill, effect unclear from title alone.] | 2025-06-13 VOTE: Voted No: Terminally Ill Adults (End of Life) Bill: Amendment (b) to New Clause 14 [0: Amendment to end of life bill, effect unclear from title alone.] | 2024-11-29 VOTE: Voted Aye: Terminally Ill Adults (End of Life) Bill: Second Reading [--: Voted for assisted dying bill's second reading, directly opposing CitizenGO's stance against assisted dying.]"
"James Cartlidge (Conservative, South Suffolk)",,,,,1,,"2025-06-20 VOTE: Voted Aye: Terminally Ill Adults (End of Life) Bill: Third Reading [--: Voted to pass assisted dying bill at Third Reading, directly opposing CitizenGO's stance.] | 2025-05-16 VOTE: Voted No: Terminally Ill Adults (End of Life) Bill Report Stage: Amendment (a) to New Clause 10 [0: Amendment to end of life bill, effect unclear from title alone.] | 2024-11-29 VOTE: Voted Aye: Terminally Ill Adults (End of Life) Bill: Second Reading [--: Voted for assisted dying bill's second reading, directly opposing CitizenGO's stance against assisted dying.]"
"Mr Alistair Carmichael (Liberal Democrat, Orkney and Shetland)",,,,,1,,"2025-06-20 VOTE: Voted Aye: Terminally Ill Adults (End of Life) Bill: Third Reading [--: Voted to pass assisted dying bill at Third Reading, directly opposing CitizenGO's stance.] | 2025-05-16 VOTE: Voted No: Terminally Ill Adults (End of Life) Bill Report Stage: Amendment (a) to New Clause 10 [0: Amendment to end of life bill, effect unclear from title alone.] | 2024-11-29 VOTE: Voted Aye: Terminally Ill Adults (End of Life) Bill: Second Reading [--: Voted for assisted dying bill's second reading, directly opposing CitizenGO's stance against assisted dying.]"
"Mr Connor Rand (Labour, Altrincham and Sale West)",,,,,1,,"2025-06-20 VOTE: Voted Aye: Terminally Ill Adults (End of Life) Bill: Third Reading [--: Voted to pass assisted dying bill at Third Reading, directly opposing CitizenGO's stance.] | 2025-06-20 VOTE: Voted Aye: Terminally Ill Adults (End of Life) Bill: Amendment 94 [0: Assisted dying bill amendment; effect unclear from title alone.] | 2024-11-29 VOTE: Voted Aye: Terminally Ill Adults (End of Life) Bill: Second Reading [--: Voted for assisted dying bill's second reading, directly opposing CitizenGO's stance against assisted dying.]"
"Steve Reed (Labour (Co-op), Streatham and Croydon North)",,,,,1,,"2025-06-20 VOTE: Voted Aye: Terminally Ill Adults (End of Life) Bill: Third Reading [--: Voted to pass assisted dying bill at Third Reading, directly opposing CitizenGO's stance.] | 2025-05-16 VOTE: Voted No: Terminally Ill Adults (End of Life) Bill Report Stage: Amendment (a) to New Clause 10 [0: Amendment to end of life bill, effect unclear from title alone.] | 2024-11-29 VOTE: Voted Aye: Terminally Ill Adults (End of Life) Bill: Second Reading [--: Voted for assisted dying bill's second reading, directly opposing CitizenGO's stance against assisted dying.]"
"Wendy Chamberlain (Liberal Democrat, North East Fife)",,,,,1,,"CONFLICTING SIGNALS - review all evidence | 2025-06-20 VOTE: Voted Aye: Terminally Ill Adults (End of Life) Bill: Third Reading [--: Voted to pass assisted dying bill at Third Reading, directly opposing CitizenGO's stance.] | 2025-06-20 VOTE: Voted No: Terminally Ill Adults (End of Life) Bill: Third Reading [++: Voted against assisted dying bill at Third Reading, aligning with CitizenGO's opposition.] | 2024-11-29 VOTE: Voted Aye: Terminally Ill Adults (End of Life) Bill: Second Reading [--: Voted for assisted dying bill's second reading, directly opposing CitizenGO's stance against assisted dying.]"
"Chris Ward (Labour, Brighton Kemptown and Peacehaven)",,,,,1,,"2025-06-20 VOTE: Voted Aye: Terminally Ill Adults (End of Life) Bill: Third Reading [--: Voted to pass assisted dying bill at Third Reading, directly opposing CitizenGO's stance.] | 2024-11-29 VOTE: Voted Aye: Terminally Ill Adults (End of Life) Bill: Second Reading [--: Voted for assisted dying bill's second reading, directly opposing CitizenGO's stance against assisted dying.]"
"Clive Lewis (Labour, Norwich South)",,,,,1,,"2025-06-20 VOTE: Voted Aye: Terminally Ill Adults (End of Life) Bill: Third Reading [--: Voted to pass assisted dying bill at Third Reading, directly opposing CitizenGO's stance.] | 2024-11-29 VOTE: Voted Aye: Terminally Ill Adults (End of Life) Bill: Second Reading [--: Voted for assisted dying bill's second reading, directly opposing CitizenGO's stance against assisted dying.]"
"Colum Eastwood (Social Democratic & Labour Party, Foyle)",,,,,1,,"2025-06-20 VOTE: Voted Aye: Terminally Ill Adults (End of Life) Bill: Third Reading [--: Voted to pass assisted dying bill at Third Reading, directly opposing CitizenGO's stance.] | 2024-11-29 VOTE: Voted Aye: Terminally Ill Adults (End of Life) Bill: Second Reading [--: Voted for assisted dying bill's second reading, directly opposing CitizenGO's stance against assisted dying.]"
"Gareth Snell (Labour (Co-op), Stoke-on-Trent Central)",,,,,1,,"2025-06-20 VOTE: Voted Aye: Terminally Ill Adults (End of Life) Bill: Third Reading [--: Voted to pass assisted dying bill at Third Reading, directly opposing CitizenGO's stance.] | 2024-11-29 VOTE: Voted Aye: Terminally Ill Adults (End of Life) Bill: Second Reading [--: Voted for assisted dying bill's second reading, directly opposing CitizenGO's stance against assisted dying.]"
"Laura Trott (Conservative, Sevenoaks)",,,,,1,,"2025-06-20 VOTE: Voted Aye: Terminally Ill Adults (End of Life) Bill: Third Reading [--: Voted to pass assisted dying bill at Third Reading, directly opposing CitizenGO's stance.] | 2024-11-29 VOTE: Voted Aye: Terminally Ill Adults (End of Life) Bill: Second Reading [--: Voted for assisted dying bill's second reading, directly opposing CitizenGO's stance against assisted dying.]"
"Louise Haigh (Labour, Sheffield Heeley)",,,,,1,,"2025-06-20 VOTE: Voted Aye: Terminally Ill Adults (End of Life) Bill: Third Reading [--: Voted to pass assisted dying bill at Third Reading, directly opposing CitizenGO's stance.] | 2024-11-29 VOTE: Voted Aye: Terminally Ill Adults (End of Life) Bill: Second Reading [--: Voted for assisted dying bill's second reading, directly opposing CitizenGO's stance against assisted dying.]"
"Luke Pollard (Labour (Co-op), Plymouth Sutton and Devonport)",,,,,1,,"2025-05-16 VOTE: Voted No: Terminally Ill Adults (End of Life) Bill Report Stage: Amendment (a) to New Clause 10 [0: Amendment to end of life bill, effect unclear from title alone.] | 2024-11-29 VOTE: Voted Aye: Terminally Ill Adults (End of Life) Bill: Second Reading [--: Voted for assisted dying bill's second reading, directly opposing CitizenGO's stance against assisted dying.]"
"Matt Bishop (Labour, Forest of Dean)",,,,,1,,"2025-06-20 VOTE: Voted Aye: Terminally Ill Adults (End of Life) Bill: Third Reading [--: Voted to pass assisted dying bill at Third Reading, directly opposing CitizenGO's stance.] | 2024-11-29 VOTE: Voted Aye: Terminally Ill Adults (End of Life) Bill: Second Reading [--: Voted for assisted dying bill's second reading, directly opposing CitizenGO's stance against assisted dying.]"
"Pat McFadden (Labour, Wolverhampton South East)",,,,,1,,"2025-06-20 VOTE: Voted Aye: Terminally Ill Adults (End of Life) Bill: Third Reading [--: Voted to pass assisted dying bill at Third Reading, directly opposing CitizenGO's stance.] | 2024-11-29 VOTE: Voted Aye: Terminally Ill Adults (End of Life) Bill: Second Reading [--: Voted for assisted dying bill's second reading, directly opposing CitizenGO's stance against assisted dying.]"
"Rachel Reeves (Labour, Leeds West and Pudsey)",,,,,1,,"2025-06-20 VOTE: Voted Aye: Terminally Ill Adults (End of Life) Bill: Third Reading [--: Voted to pass assisted dying bill at Third Reading, directly opposing CitizenGO's stance.] | 2024-11-29 VOTE: Voted Aye: Terminally Ill Adults (End of Life) Bill: Second Reading [--: Voted for assisted dying bill's second reading, directly opposing CitizenGO's stance against assisted dying.]"
"Rishi Sunak (Conservative, Richmond and Northallerton)",,,,,1,,"2025-06-20 VOTE: Voted Aye: Terminally Ill Adults (End of Life) Bill: Third Reading [--: Voted to pass assisted dying bill at Third Reading, directly opposing CitizenGO's stance.] | 2024-11-29 VOTE: Voted Aye: Terminally Ill Adults (End of Life) Bill: Second Reading [--: Voted for assisted dying bill's second reading, directly opposing CitizenGO's stance against assisted dying.]"
"Sir Keir Starmer (Labour, Holborn and St Pancras)",,,,,1,,"2025-06-20 VOTE: Voted Aye: Terminally Ill Adults (End of Life) Bill: Third Reading [--: Voted to pass assisted dying bill at Third Reading, directly opposing CitizenGO's stance.] | 2024-11-29 VOTE: Voted Aye: Terminally Ill Adults (End of Life) Bill: Second Reading [--: Voted for assisted dying bill's second reading, directly opposing CitizenGO's stance against assisted dying.]"
"Sir Mel Stride (Conservative, Central Devon)",,,,,1,,"2025-06-20 VOTE: Voted Aye: Terminally Ill Adults (End of Life) Bill: Third Reading [--: Voted to pass assisted dying bill at Third Reading, directly opposing CitizenGO's stance.] | 2024-11-29 VOTE: Voted Aye: Terminally Ill Adults (End of Life) Bill: Second Reading [--: Voted for assisted dying bill's second reading, directly opposing CitizenGO's stance against assisted dying.]"
"Victoria Atkins (Conservative, Louth and Horncastle)",,,,,1,,"2025-06-20 VOTE: Voted Aye: Terminally Ill Adults (End of Life) Bill: Third Reading [--: Voted to pass assisted dying bill at Third Reading, directly opposing CitizenGO's stance.] | 2024-11-29 VOTE: Voted Aye: Terminally Ill Adults (End of Life) Bill: Second Reading [--: Voted for assisted dying bill's second reading, directly opposing CitizenGO's stance against assisted dying.]"
"Yvette Cooper (Labour, Pontefract, Castleford and Knottingley)",,,,,1,,"2025-06-20 VOTE: Voted Aye: Terminally Ill Adults (End of Life) Bill: Third Reading [--: Voted to pass assisted dying bill at Third Reading, directly opposing CitizenGO's stance.] | 2024-11-29 VOTE: Voted Aye: Terminally Ill Adults (End of Life) Bill: Second Reading [--: Voted for assisted dying bill's second reading, directly opposing CitizenGO's stance against assisted dying.]"
"Bill Esterson (Labour, Sefton Central)",,,,,1,,"2024-11-29 VOTE: Voted Aye: Terminally Ill Adults (End of Life) Bill: Second Reading [--: Voted for assisted dying bill's second reading, directly opposing CitizenGO's stance against assisted dying.]"
"Clive Efford (Labour, Eltham and Chislehurst)",,,,,1,,"2024-11-29 VOTE: Voted Aye: Terminally Ill Adults (End of Life) Bill: Second Reading [--: Voted for assisted dying bill's second reading, directly opposing CitizenGO's stance against assisted dying.]"
"George Freeman (Conservative, Mid Norfolk)",,,,,1,,"2024-11-29 VOTE: Voted Aye: Terminally Ill Adults (End of Life) Bill: Second Reading [--: Voted for assisted dying bill's second reading, directly opposing CitizenGO's stance against assisted dying.]"
"Karl Turner (Independent, Kingston upon Hull East)",,,,,1,,"2024-11-29 VOTE: Voted Aye: Terminally Ill Adults (End of Life) Bill: Second Reading [--: Voted for assisted dying bill's second reading, directly opposing CitizenGO's stance against assisted dying.]"
"Lisa Nandy (Labour, Wigan)",,,,,1,,"2024-11-29 VOTE: Voted Aye: Terminally Ill Adults (End of Life) Bill: Second Reading [--: Voted for assisted dying bill's second reading, directly opposing CitizenGO's stance against assisted dying.]"
"Mrs Sharon Hodgson (Labour, Washington and Gateshead South)",,,,,1,,"2024-11-29 VOTE: Voted Aye: Terminally Ill Adults (End of Life) Bill: Second Reading [--: Voted for assisted dying bill's second reading, directly opposing CitizenGO's stance against assisted dying.]"
"Nick Smith (Labour, Blaenau Gwent and Rhymney)",,,,,1,,"2025-06-20 VOTE: Voted Aye: Terminally Ill Adults (End of Life) Bill: Third Reading [--: Voted to pass assisted dying bill at Third Reading, directly opposing CitizenGO's stance.]"
"Peter Dowd (Labour, Bootle)",,,,,1,,"2024-11-29 VOTE: Voted Aye: Terminally Ill Adults (End of Life) Bill: Second Reading [--: Voted for assisted dying bill's second reading, directly opposing CitizenGO's stance against assisted dying.]"
