Decision-Maker,++,+,0,-,--,Target (Y/N),Comments
"Mrs Kemi Badenoch (Conservative, North West Essex)",1,,,,,,"CONFLICTING SIGNALS - review all evidence | 2023-12-06 DEBATE: Spoke: Gender Recognition (re: Cass Review) ""This work is important because of the complex interactions between the Gender Recognition Act and the Equality Act 2010. The complexity of the legal situation was reinforced by the judgment in December 2022 by Lady Haldane in the judicial review brought by..."" [++: Defends UK's rejection of gender self-identification, aligning with single-sex space protections] | 2023-12-06 DEBATE: Spoke: Gender Recognition (re: puberty blocker) ""In the time since that Bill was first promised, the issue has developed. Now, the threat to many young gay people is not conversion relating to their sexuality, but conversion relating to gender identity. Girls such Keira Bell, who was rushed on to puberty..."" [-: Minister champions conversion practices ban and expanding trans healthcare access, against CitizenGO concerns] | 2022-11-30 DEBATE: Spoke: Conversion Therapy: Legislation ""Conversion Therapy: Legislation"" [+: Minister stresses caution and delay before legislating on conversion therapy ban] | 2021-05-26 DEBATE: Spoke: Topical Questions (re: conversion therapy) ""The former LGBT advisory panel’s tenure ended on 31 March 2021. I am grateful to its members for the important insights that they have provided on important policy areas such as ending conversion therapy and the impact of covid on LGBT people. The Prime..."" [-: Frames ending conversion therapy positively while confirming no change to gender recognition law] | 2021-03-08 DEBATE: Spoke:  LGBT Conversion Therapy ""The Government have been clear that we do not intend to stop those who wish to seek spiritual counselling as they explore their sexual orientation, but there will be cases when a line is crossed, where someone is actively seeking to change another’s sexual..."" [--: Minister commits government to banning conversion therapy, opposing CitizenGO's freedom concerns] | 2021-02-10 DEBATE: Spoke: Discrimination Against LGBTQ+ Community (re: conversion therapy) ""I agree with my hon. Friend, and I encourage those who may have been the victim of hate crime to speak out and contact the police. This Government are proud to have supported Galop, the country’s leading LGBT anti-violence charity, and we welcome its new..."" [--: Welcomes government commitment to ban conversion therapy without noted exemptions]"
"Jim Shannon (Democratic Unionist Party, Strangford)",1,,,,,,"2026-07-14 EDM-SIGNED: Signed EDM: Amnesty International UK report on the anti-rights movement in the UK (re: conversion practices) [++: Defends gender-critical and parent groups, opposes broad conversion practice labelling, upholds sex-based spaces] | 2023-12-06 DEBATE: Spoke: Conversion Practices ""I am going to give a parent’s point of view, as both a parent and a representative. I very much recognise the need for nuance and a careful, measured analysis of the impacts of any policy proposals. It is vital to preface any discussion of conversion therapy..."" [+: Raises parental concerns cautiously, urging nuance before any conversion practices ban] | 2023-12-06 DEBATE: Spoke: Conversion Practices ""Conversion Practices"" [+: Stresses parental rights to raise children per own faith/culture and warns of unintended harms from conversion therapy ban] | 2022-02-28 EDM-SIGNED: Signed EDM: Pre-legislative scrutiny and delay for the Government's proposed conversion therapy legislation [++: Raises concerns about rushed conversion therapy ban harming therapy and youth gender care]"
"Rebecca Paul (Conservative, Reigate)",1,,,,,,"2026-06-25 DEBATE: Spoke: Draft Conversion Practices Bill ""Draft Conversion Practices Bill"" [++: Raises strong concern Bill could criminalise healthy family interactions and parental consent limits] | 2025-12-10 DEBATE: Spoke: Conversion Practices Ban ""The Health Secretary’s puberty blocker trial will stop the natural puberty of many young lesbians, putting them on a pathway to irreversible changes and a lifetime of medicalisation. What are the Minister’s plans to stop this state-sanctioned conversion..."" [++: Frames puberty blocker trial as harming lesbian youth, opposing paediatric transition and conversion framing] | 2024-08-02 PQ: Conversion Therapy and Gender Recognition ""Conversion Therapy and Gender Recognition"" [0: Neutral question on ministerial responsibilities, no stance shown]"
"Sir Bernard Jenkin (Conservative, Harwich and North Essex)",1,,,,,,"2022-05-18 DEBATE: Spoke: Achieving Economic Growth (re: conversion therapy) ""It is appropriate that I am following the quite passionate speech by the hon. Member for Nottingham East (Nadia Whittome) about the conversion therapy Bill. I broadly welcome the Queen’s Speech and the Government’s legislative programme. I was always in..."" [+: Expresses growing doubt that conversion therapy legislation is necessary, echoing CitizenGO concerns] | 2022-05-18 DEBATE: Spoke: Achieving Economic Growth (re: conversion therapy) ""I am most grateful to my hon. Friend for that intervention, but we should recognise that these issues of conversion therapy and transsexuality are very important to certain sections of society. They need to be addressed, but we need to be sure that we address..."" [+: Urges caution addressing conversion therapy 'in the right way', signalling wariness of rushed ban] | 2022-03-10 DEBATE: Spoke: International Women’s Day (re: gender identity service) ""It is a scientific fact that our biological sex is immutable. Professor Lord Winston said on the BBC’s “Question Time”:"" [++: Defends sex-based rights, gender-critical feminists, and urges caution on conversion therapy bill]"
"Suella Braverman (Reform UK, Fareham and Waterlooville)",1,,,,,,"2024-03-01 DEBATE: Spoke:  Conversion Practices (Prohibition) Bill ""Conversion Practices (Prohibition) Bill"" [++: Argues conversion therapy evidence is weak, opposing proposed ban aligns with CitizenGO's concerns] | 2024-03-01 DEBATE: Spoke:  Conversion Practices (Prohibition) Bill ""Conversion Practices (Prohibition) Bill"" [++: Cites Keira Bell, urges caution over youth transition and conversion ban impact on therapy] | 2023-12-06 DEBATE: Spoke:  Personal Statement (re: social transition) ""First, the Bill must address the Supreme Court’s concerns about the safety of Rwanda. Secondly, the Bill must enable flights before the next election by blocking off all routes of challenge. The powers to detain and remove must be exercisable notwithstanding..."" [++: Strongly criticises mass illegal immigration as unsustainable and damaging to cohesion]"
"Tonia Antoniazzi (Labour, Gower)",1,,,,,,"2026-07-14 EDM: Sponsored EDM: Amnesty International UK report on the anti-rights movement in the UK (6 signatures) (re: conversion practices) [++: Defends gender-critical and parent groups, opposes broad conversion practice labelling, upholds sex-based spaces] | 2024-03-01 DEBATE: Spoke:  Conversion Practices (Prohibition) Bill ""I thank the hon. Member for her question. That is what we need to be able to discuss and look at in further detail, and to thrash out in Committee. We need to ensure that clinicians, particularly those in the NHS—we need them to stay in their field—do not..."" [+: Warns of chilling effect on clinicians and prioritises safeguarding over rushed conversion ban] | 2024-03-01 DEBATE: Spoke:  Conversion Practices (Prohibition) Bill ""Dr Hilary Cass’s interim report exposed the extent of the failings of the gender identity development service at the Tavistock clinic, criticising the “predominantly… affirmative, non-exploratory approach” and highlighting a disturbing lack of support for..."" [+: Raises concerns about unintended consequences and chilling effect on teachers from conversion practices ban]"
"Rosie Duffield (Independent, Canterbury)",1,,,,,,"2024-03-01 DEBATE: Spoke:  Conversion Practices (Prohibition) Bill ""Conversion Practices (Prohibition) Bill"" [++: Argues Conversion Practices Bill unnecessary and risks vague definitions harming freedoms] | 2024-03-01 DEBATE: Spoke:  Conversion Practices (Prohibition) Bill ""Conversion Practices (Prohibition) Bill"" [++: Sceptical of Conversion Practices Bill, warns against dumbing down legislation, defends gender critical concerns]"
"Bob Blackman (Conservative, Harrow East)",1,,,,,,2022-02-28 EDM-SIGNED: Signed EDM: Pre-legislative scrutiny and delay for the Government's proposed conversion therapy legislation [++: Raises concerns about rushed conversion therapy ban harming therapy and youth gender care]
"Bridget Phillipson (Labour, Houghton and Sunderland South)",1,,,,,,"2025-04-22 DEBATE: Spoke: “For Women Scotland”  Supreme Court Ruling ""I know that many trans people will be worried in the wake of the Supreme Court ruling, so I want to provide reassurance here and now that trans people will continue to be protected. We will deliver a full trans-inclusive ban on conversion practices. We will..."" [++: Strongly defends biological single-sex spaces after Supreme Court ruling]"
"David Smith (Labour, North Northumberland)",1,,,,,,"2026-07-14 EDM-SIGNED: Signed EDM: Amnesty International UK report on the anti-rights movement in the UK (re: conversion practices) [++: Defends gender-critical and parent groups, opposes broad conversion practice labelling, upholds sex-based spaces]"
"Kirsteen Sullivan (Labour (Co-op), Bathgate and Linlithgow)",1,,,,,,"2026-07-14 EDM-SIGNED: Signed EDM: Amnesty International UK report on the anti-rights movement in the UK (re: conversion practices) [++: Defends gender-critical and parent groups, opposes broad conversion practice labelling, upholds sex-based spaces]"
"Mary Glindon (Labour, Newcastle upon Tyne East and Wallsend)",1,,,,,,"2026-07-14 EDM-SIGNED: Signed EDM: Amnesty International UK report on the anti-rights movement in the UK (re: conversion practices) [++: Defends gender-critical and parent groups, opposes broad conversion practice labelling, upholds sex-based spaces]"
"Mims Davies (Conservative, East Grinstead and Uckfield)",1,,,,,,"2026-06-25 DEBATE: Spoke: Draft Conversion Practices Bill ""Draft Conversion Practices Bill"" [++: Questions need for new conversion practices law, warns against criminalising parents and families]"
"Tracy Gilbert (Labour, Edinburgh North and Leith)",1,,,,,,"2026-07-14 EDM-SIGNED: Signed EDM: Amnesty International UK report on the anti-rights movement in the UK (re: conversion practices) [++: Defends gender-critical and parent groups, opposes broad conversion practice labelling, upholds sex-based spaces]"
"Dr Kieran Mullan (Conservative, Bexhill and Battle)",,1,,,,,"CONFLICTING SIGNALS - review all evidence | 2022-12-02 PQ: Conversion Therapy ""Conversion Therapy"" [0: Neutral question about support services, no clear directional framing] | 2022-06-13 DEBATE: Spoke: Transgender Conversion Therapy ""Transgender Conversion Therapy"" [+: Distinguishes coercive conversion therapy from exploratory therapy, protecting legitimate therapeutic freedom] | 2021-11-16 PQ: Conversion Therapy ""Conversion Therapy"" [0: Neutral inquiry into government's conversion therapy ban plans] | 2021-05-28 PQ: Conversion Therapy ""Conversion Therapy"" [-: Pushes government to legislate a conversion therapy ban, against CitizenGO's concerns]"
"Danny Kruger (Reform UK, East Wiltshire)",,1,,,,,"2023-10-20 DEBATE: Spoke: Worker Protection (Amendment of Equality Act 2010) Bill ""However, the law is a teacher in a bad way too. It can introduce negative effects into our culture and chill free speech. It can inhibit the sorts of conversation that are necessary for the development and progress of our society, which is a topic that will..."" [+: Warns against law chilling free speech and criminalising contested conversation] | 2022-03-30 DEBATE: Spoke: Conversion Therapy Ban ""Conversion Therapy Ban"" [+: Questions evidence for banning conversion therapy practices not already illegal, sceptical framing]"
"Kit Malthouse (Conservative, North West Hampshire)",,1,,,,,"2022-05-11 DEBATE: Spoke: Preventing Crime and Delivering Justice (re: conversion therapy) ""I am interested in the hon. Gentleman’s view on this. Is he proposing there should be an absolute ban on conversion therapy, even if an adult consents? I understand the problem he raises about societal and group influence, but I am genuinely interested in how..."" [+: Raises freedom-of-association concerns about an absolute conversion therapy ban for consenting adults] | 2022-05-11 DEBATE: Spoke: Preventing Crime and Delivering Justice (re: conversion therapy) ""The Online Safety Bill has been subject to a great deal of discussion in the House and elsewhere about how we should start to police the online world in the same way we police the offline world. No doubt there will be challenges along the way, but I am sure..."" [0: General Gracious Speech remarks on crime and justice, no clear stance on conversion therapy shown]"
"Saqib Bhatti (Conservative, Meriden and Solihull East)",,1,,,,,"2025-09-01 PQ: Transgender People: Conversion Therapy ""Transgender People: Conversion Therapy"" [+: Seeks joint committee scrutiny of conversion practices bill, favouring careful process]"
"Victoria Atkins (Conservative, Louth and Horncastle)",,1,,,,,"2024-04-15 DEBATE: Spoke: Cass Review ""On conversion therapy—again, I am being very mindful of the sensitivities of this—we are committed to supporting all victims of conversion practices, but we want to avoid any unintended consequences and ensure that the draft Bill takes account of the..."" [+: Minister stresses caution and Cass Review consideration before conversion practices ban]"
"Warinder Juss (Labour, Wolverhampton West)",,1,,,,,"2025-05-19 DEBATE: Spoke: Gender Self-identification ""In an intervention earlier, I mentioned the UK Supreme Court judgment in the case of For Women Scotland Ltd v. The Scottish Ministers. As a member of the Justice Committee, I have had the opportunity to inquire further into that decision. The decision..."" [+: Acknowledges Supreme Court ruling that sex-based protections mean biological sex under Equality Act]"
"Afzal Khan (Labour, Manchester Rusholme)",,,1,,,,"2022-06-20 PQ: Members: Correspondence (re: conversion therapy) ""To ask the Minister for Women and Equalities, when she plans to respond to the correspondence of 22 April 2022 from the hon. Member for Manchester, Gorton on conversion therapy."" [0: Procedural question about correspondence timing, no stance shown] | 2022-04-28 PQ: Conversion Therapy ""To ask the Minister for Women and Equalities, what data her Department holds on the number of lesbian, gay, bisexual, and transgender individuals who have undergone conversion therapy in (a) the UK, (b) Manchester and (c) Manchester Gorton constituency si"" [0: Neutral data request on conversion therapy prevalence] | 2020-07-02 PQ: Conversion Therapy ""Conversion Therapy"" [0: Procedural query on report timetable, no stance indicated] | 2020-06-22 PQ: Conversion Therapy ""Conversion Therapy"" [0: Factual follow-up on conversion therapy research timeline]"
"Ashley Dalton (Labour, West Lancashire)",,,1,,,,"2024-04-25 DEBATE: Spoke: Lesbian Visibility Week (re: decriminalis) ""There are still many disparities and discriminations here at home. The Government cannot seem to decide whether or not to bring forward a Bill to ban conversion therapy. Two weeks ago, it was reported that the Prime Minister was killing it off, but a week..."" [0: Celebrates lesbian visibility, no direct engagement with single-sex spaces issue] | 2024-03-07 DEBATE: Spoke: LGBT History Month (re: conversion therapy) ""It appears that the Government have no immediate plans to bring a ban on conversion practices to the House. Will the Minister tell us whether he supported the Bill last Friday? The Government may choose to sit on their draft conversion therapy Bill for fear..."" [0: Reflects on LGBT history and church blessings, no direct conversion therapy stance]"
"Jeff Smith (Labour, Manchester Withington)",,,1,,,,"2023-12-06 PQ: LGBT+ People (re: conversion practices) [0: Neutral factual question about stakeholder meetings] | 2023-11-13 DEBATE: Spoke: Building an NHS Fit for the Future (re: private prescriptions) ""I will not test your patience, Madam Deputy Speaker, so in two lines I will mention two more Bills: the Media Bill—excellent. I am pleased that we are finally getting a Bill to protect public service broadcasting, but I am disappointed that a ban on..."" [0: Speech on NHS primary care and cannabis policy, unrelated to gender medicine or surrogacy]"
"Marsha De Cordova (Labour, Battersea)",,,1,,,,"2021-09-22 PQ: Conversion Therapy ""Conversion Therapy"" [0: Seeks survivor support process information, neutral framing] | 2021-09-22 PQ: Conversion Therapy: Victim Support Schemes ""Conversion Therapy: Victim Support Schemes"" [0: Factual question on support service commissioning, no directional framing]"
"Ms Abena Oppong-Asare (Labour, Erith and Thamesmead)",,,1,,,,"2020-10-19 PQ: Conversion Therapy: Victim Support Schemes ""Conversion Therapy: Victim Support Schemes"" [0: Neutral inquiry into victim support, no directional framing on legislation] | 2020-10-19 PQ: Conversion Therapy ""Conversion Therapy"" [0: Neutral information-seeking on non-legislative conversion therapy options]"
"Sir Lindsay Hoyle (Speaker, Chorley)",,,1,,,,"2022-05-10 DEBATE: Spoke:  Queen’s Speech (re: conversion therapy) ""Her Majesty’s Government will introduce legislation to improve the regulation of social housing to strengthen the rights of tenants and ensure better quality, safer homes. Legislation will also be introduced to ban conversion therapy. Proposals will be..."" [0: Generic Queen's Speech recitation, no substantive content on conversion therapy or religion] | 2021-05-11 DEBATE: Spoke: Queen’s Speech (re: conversion therapy) ""Measures will be brought forward to address racial and ethnic disparities and ban conversion therapy."" [0: Merely recites Queen's Speech text; no personal stance on conversion therapy]"
"Vicky Foxcroft (Labour, Lewisham North)",,,1,,,,"2022-11-03 PQ: Conversion Therapy ""To ask the Minister for Women and Equalities, what work has been undertaken by her Department on transgender conversion practices since the Government set out its plans on this topic in its background briefing to the Queen’s Speech in May 2022."" [0: Neutral factual query about government progress on ban plans] | 2022-11-03 PQ: Conversion Therapy ""Conversion Therapy"" [0: Neutral information-seeking about international discussions, no stance shown]"
"Adam Thompson (Labour, Erewash)",,,1,,,,"2025-03-19 PQ: LGBT+ people: Discrimination (re: conversion practices) [0: General neutral question on LGBT+ discrimination, no direction on conversion practices]"
"Alex Norris (Labour (Co-op), Nottingham North and Kimberley)",,,1,,,,"2023-10-18 DEBATE: Spoke:  Hate Crime Against the LGBT+ Community (re: conversion therapy) ""Where the Government will not step forward, we stand ready. We are proud that the previous Labour Government did more to advance LGBT+ equality than any in history and, if given the chance, the next will break new ground in this space, too. We would introduce..."" [0: General thanks and discussion of hate crime debate, no specific stance on conversion therapy or spaces]"
"Chris Ward (Labour, Brighton Kemptown and Peacehaven)",,,1,,,,"2024-10-09 DEBATE: Spoke:  Renters’ Rights Bill (re: conversion therapy) ""I thank my predecessors. When Dennis Hobden won Brighton Kemptown for Labour in 1964, he did so by seven votes and became the first Labour MP in the whole of Sussex. I am pleased to report that there are now six Labour MPs across Sussex—we are so numerous..."" [0: Maiden speech on housing issues, no mention of conversion therapy]"
"Darren Jones (Labour, Bristol North West)",,,1,,,,"2022-01-24 PQ: Conversion Therapy ""Conversion Therapy"" [0: Neutral factual query on ban progress]"
"Dr Beccy Cooper (Labour, Worthing West)",,,1,,,,"2024-09-09 PQ: Conversion Therapy ""Conversion Therapy"" [0: Neutral timetable enquiry, no advocacy shown]"
"Jessica Morden (Labour, Newport East)",,,1,,,,"2021-07-01 DEBATE: Spoke:  Pride Month (re: conversion therapy) ""As a Member for a Welsh constituency, I am really proud of the work that the Welsh Labour Government have undertaken to address inequalities. They have already taken action to push forward curriculum reform and to be the first nation to offer PrEP free on the..."" [0: General Pride Month tribute; no direct content on conversion therapy or single-sex spaces]"
"Kerry McCarthy (Labour, Bristol East)",,,1,,,,"2023-11-08 DEBATE: Spoke: Breaking Down Barriers to Opportunity (re: conversion therapy) ""It is not as if this is a Government bursting with ideas, full of ambition and struggling to find space in the parliamentary timetable for all the urgent and inspirational things they want to do. We will have to wait for next year’s King’s Speech for that...."" [0: Speech is about energy policy, not conversion therapy despite title]"
"Matt Western (Labour, Warwick and Leamington)",,,1,,,,"2026-05-13 DEBATE: Spoke: Debate on the Address (re: conversion therapy) ""More widely, on digital ID, I disagree with the hon. Member for Dewsbury and Batley (Iqbal Mohamed). We should seize this huge opportunity, as so many other nations have done, because of the advantages that digital ID is bringing. Ultimately, it has to be a..."" [0: General praise for government agenda, no direct content on listed areas]"
"Mr Tanmanjeet Singh Dhesi (Labour, Slough)",,,1,,,,"2021-07-01 DEBATE: Spoke:  Pride Month (re: decriminalis) ""In each generation, the struggle for rights takes on new forms. I am in particular thinking about the struggle against so-called conversion therapy. The idea that someone’s sexuality should be subject to forceable conversion into something different is..."" [0: General Pride Month celebration, no direct reference to listed contested areas]"
"Pippa Heylings (Liberal Democrat, South Cambridgeshire)",,,1,,,,"2025-03-20 PQ: Conversion Therapy ""Conversion Therapy"" [0: Neutral factual question on government plans for ban]"
"Sir Edward Leigh (Conservative, Gainsborough)",,,1,,,,"2022-05-18 DEBATE: Spoke: Achieving Economic Growth (re: conversion therapy) ""There is no point building more housing—and it is a crisis we need to address—or cutting taxes if, at the same time, immigration is out of control. The Government have to understand that we simply cannot replace mass immigration from the EU with mass..."" [0: Conversion therapy mentioned only dismissively as minor topic, no substantive stance]"
"Sir Julian Lewis (Conservative, New Forest East)",,,1,,,,"2024-07-17 DEBATE: Spoke:  Debate on the Address (re: abortion) ""On conversion therapy, I just leave a question hanging in the air. Anybody who votes for this change needs to be able to answer this point: what is it that you are proposing to outlaw that is not already forbidden under existing laws? The danger with..."" [0: Purely congratulatory maiden-speech remarks, no substantive abortion content]"
"Sir Keir Starmer (Labour, Holborn and St Pancras)",,,1,,,,"2021-05-11 DEBATE: Spoke: Debate on the Address (re: conversion therapy) ""There are parts of the Queen’s Speech we will look to work with the Government on. Legislation to ban conversion therapy is long overdue. Conversion therapy is always wrong and indefensible, so we will look very carefully when legislation is brought forward,..."" [0: Ceremonial tributes in Address debate, no substantive policy content on conversion therapy]"
"Sorcha Eastwood (Alliance, Lagan Valley)",,,1,,,,"2025-05-19 PQ: Conversion Therapy ""Conversion Therapy"" [0: Neutral progress inquiry without clear advocacy direction]"
"Tulip Siddiq (Labour, Hampstead and Highgate)",,,1,,,,"2020-09-30 PQ: Children: Conversion Therapy ""Children: Conversion Therapy"" [0: Neutral question on cross-departmental discussions, no clear stance shown]"
"Wes Streeting (Labour, Ilford North)",,,1,,,,"2022-05-16 DEBATE: Spoke: Making Britain the Best Place to  Grow Up and Grow Old (re: conversion therapy) ""My hon. Friend the Member for City of Chester (Christian Matheson) gave a tub-thumping speech rightly asking where the employment Bill is and the promised employment rights that have failed to materialise. He also made a powerful argument for a full ban on..."" [0: General debate summary unrelated to conversion therapy content specifically]"
"Abtisam Mohamed (Labour, Sheffield Central)",,,1,,,,No recorded activity on this area (ledger from 2026-02-03)
"Adam Dance (Liberal Democrat, Yeovil)",,,1,,,,No recorded activity on this area (ledger from 2026-02-03)
"Adam Jogee (Labour, Newcastle-under-Lyme)",,,1,,,,No recorded activity on this area (ledger from 2026-02-03)
"Adrian Ramsay (Green Party, Waveney Valley)",,,1,,,,No recorded activity on this area (ledger from 2026-02-03)
"Al Carns (Labour, Birmingham Selly Oak)",,,1,,,,No recorded activity on this area (ledger from 2026-02-03)
"Alan Gemmell (Labour, Central Ayrshire)",,,1,,,,No recorded activity on this area (ledger from 2026-02-03)
"Alan Mak (Conservative, Havant)",,,1,,,,No recorded activity on this area (ledger from 2026-02-03)
"Alan Strickland (Labour, Newton Aycliffe and Spennymoor)",,,1,,,,No recorded activity on this area (ledger from 2026-02-03)
"Alberto Costa (Conservative, South Leicestershire)",,,1,,,,No recorded activity on this area (ledger from 2026-02-03)
"Alex Baker (Labour, Aldershot)",,,1,,,,No recorded activity on this area (ledger from 2026-02-03)
"Alex Ballinger (Labour, Halesowen)",,,1,,,,No recorded activity on this area (ledger from 2026-02-03)
"Alex Brewer (Liberal Democrat, North East Hampshire)",,,1,,,,No recorded activity on this area (ledger from 2026-02-03)
"Alex Burghart (Conservative, Brentwood and Ongar)",,,1,,,,No recorded activity on this area (ledger from 2026-02-03)
"Alex Davies-Jones (Labour, Pontypridd)",,,1,,,,No recorded activity on this area (ledger from 2026-02-03)
"Alex Easton (Independent, North Down)",,,1,,,,No recorded activity on this area (ledger from 2026-02-03)
"Alex Mayer (Labour, Dunstable and Leighton Buzzard)",,,1,,,,No recorded activity on this area (ledger from 2026-02-03)
"Alex McIntyre (Labour, Gloucester)",,,1,,,,No recorded activity on this area (ledger from 2026-02-03)
"Alex Sobel (Labour (Co-op), Leeds Central and Headingley)",,,1,,,,No recorded activity on this area (ledger from 2026-02-03)
"Alice Macdonald (Labour (Co-op), Norwich North)",,,1,,,,No recorded activity on this area (ledger from 2026-02-03)
"Alison Bennett (Liberal Democrat, Mid Sussex)",,,1,,,,No recorded activity on this area (ledger from 2026-02-03)
"Alison Griffiths (Conservative, Bognor Regis and Littlehampton)",,,1,,,,No recorded activity on this area (ledger from 2026-02-03)
"Alison Hume (Labour, Scarborough and Whitby)",,,1,,,,No recorded activity on this area (ledger from 2026-02-03)
"Alison McGovern (Labour, Birkenhead)",,,1,,,,No recorded activity on this area (ledger from 2026-02-03)
"Alison Taylor (Labour, Paisley and Renfrewshire North)",,,1,,,,No recorded activity on this area (ledger from 2026-02-03)
"Alistair Strathern (Labour, Hitchin)",,,1,,,,No recorded activity on this area (ledger from 2026-02-03)
"Amanda Hack (Labour, North West Leicestershire)",,,1,,,,No recorded activity on this area (ledger from 2026-02-03)
"Andrew Bowie (Conservative, West Aberdeenshire and Kincardine)",,,1,,,,No recorded activity on this area (ledger from 2026-02-03)
"Andrew Cooper (Labour, Mid Cheshire)",,,1,,,,No recorded activity on this area (ledger from 2026-02-03)
"Andrew George (Liberal Democrat, St Ives)",,,1,,,,No recorded activity on this area (ledger from 2026-02-03)
"Andrew Griffith (Conservative, Arundel and South Downs)",,,1,,,,No recorded activity on this area (ledger from 2026-02-03)
"Andrew Lewin (Labour, Welwyn Hatfield)",,,1,,,,No recorded activity on this area (ledger from 2026-02-03)
"Andrew Pakes (Labour (Co-op), Peterborough)",,,1,,,,No recorded activity on this area (ledger from 2026-02-03)
"Andrew Ranger (Labour, Wrexham)",,,1,,,,No recorded activity on this area (ledger from 2026-02-03)
"Andrew Rosindell (Reform UK, Romford)",,,1,,,,No recorded activity on this area (ledger from 2026-02-03)
"Andrew Western (Labour, Stretford and Urmston)",,,1,,,,No recorded activity on this area (ledger from 2026-02-03)
"Andy Burnham (Labour (Co-op), Makerfield)",,,1,,,,No recorded activity on this area (ledger from 2026-02-03)
"Andy MacNae (Labour, Rossendale and Darwen)",,,1,,,,No recorded activity on this area (ledger from 2026-02-03)
"Andy McDonald (Labour, Middlesbrough and Thornaby East)",,,1,,,,No recorded activity on this area (ledger from 2026-02-03)
"Andy Slaughter (Labour, Hammersmith and Chiswick)",,,1,,,,No recorded activity on this area (ledger from 2026-02-03)
"Angela Rayner (Labour, Ashton-under-Lyne)",,,1,,,,No recorded activity on this area (ledger from 2026-02-03)
"Ann Davies (Plaid Cymru, Caerfyrddin)",,,1,,,,No recorded activity on this area (ledger from 2026-02-03)
"Anna Dixon (Labour, Shipley)",,,1,,,,No recorded activity on this area (ledger from 2026-02-03)
"Anna Gelderd (Labour, South East Cornwall)",,,1,,,,No recorded activity on this area (ledger from 2026-02-03)
"Anna McMorrin (Labour, Cardiff North)",,,1,,,,No recorded activity on this area (ledger from 2026-02-03)
"Anna Sabine (Liberal Democrat, Frome and East Somerset)",,,1,,,,No recorded activity on this area (ledger from 2026-02-03)
"Anna Turley (Labour (Co-op), Redcar)",,,1,,,,No recorded activity on this area (ledger from 2026-02-03)
"Anneliese Midgley (Labour, Knowsley)",,,1,,,,No recorded activity on this area (ledger from 2026-02-03)
"Antonia Bance (Labour, Tipton and Wednesbury)",,,1,,,,No recorded activity on this area (ledger from 2026-02-03)
"Aphra Brandreth (Conservative, Chester South and Eddisbury)",,,1,,,,No recorded activity on this area (ledger from 2026-02-03)
"Ayoub Khan (Independent, Birmingham Perry Barr)",,,1,,,,No recorded activity on this area (ledger from 2026-02-03)
"Baggy Shanker (Labour (Co-op), Derby South)",,,1,,,,No recorded activity on this area (ledger from 2026-02-03)
"Bambos Charalambous (Labour, Southgate and Wood Green)",,,1,,,,No recorded activity on this area (ledger from 2026-02-03)
"Barry Gardiner (Labour, Brent West)",,,1,,,,No recorded activity on this area (ledger from 2026-02-03)
"Becky Gittins (Labour, Clwyd East)",,,1,,,,No recorded activity on this area (ledger from 2026-02-03)
"Ben Coleman (Labour, Chelsea and Fulham)",,,1,,,,No recorded activity on this area (ledger from 2026-02-03)
"Ben Goldsborough (Labour, South Norfolk)",,,1,,,,No recorded activity on this area (ledger from 2026-02-03)
"Ben Obese-Jecty (Conservative, Huntingdon)",,,1,,,,No recorded activity on this area (ledger from 2026-02-03)
"Bill Esterson (Labour, Sefton Central)",,,1,,,,No recorded activity on this area (ledger from 2026-02-03)
"Blair McDougall (Labour, East Renfrewshire)",,,1,,,,No recorded activity on this area (ledger from 2026-02-03)
"Blake Stephenson (Conservative, Mid Bedfordshire)",,,1,,,,No recorded activity on this area (ledger from 2026-02-03)
"Bobby Dean (Liberal Democrat, Carshalton and Wallington)",,,1,,,,No recorded activity on this area (ledger from 2026-02-03)
"Bradley Thomas (Conservative, Bromsgrove)",,,1,,,,No recorded activity on this area (ledger from 2026-02-03)
"Brendan O'Hara (Scottish National Party, Argyll, Bute and South Lochaber)",,,1,,,,No recorded activity on this area (ledger from 2026-02-03)
"Brian Leishman (Labour, Alloa and Grangemouth)",,,1,,,,No recorded activity on this area (ledger from 2026-02-03)
"Brian Mathew (Liberal Democrat, Melksham and Devizes)",,,1,,,,No recorded activity on this area (ledger from 2026-02-03)
"Callum Anderson (Labour, Buckingham and Bletchley)",,,1,,,,No recorded activity on this area (ledger from 2026-02-03)
"Calum Miller (Liberal Democrat, Bicester and Woodstock)",,,1,,,,No recorded activity on this area (ledger from 2026-02-03)
"Cameron Thomas (Independent, Tewkesbury)",,,1,,,,No recorded activity on this area (ledger from 2026-02-03)
"Carla Denyer (Green Party, Bristol Central)",,,1,,,,No recorded activity on this area (ledger from 2026-02-03)
"Carla Lockhart (Democratic Unionist Party, Upper Bann)",,,1,,,,No recorded activity on this area (ledger from 2026-02-03)
"Caroline Voaden (Liberal Democrat, South Devon)",,,1,,,,No recorded activity on this area (ledger from 2026-02-03)
"Carolyn Harris (Labour, Neath and Swansea East)",,,1,,,,No recorded activity on this area (ledger from 2026-02-03)
"Cat Eccles (Labour, Stourbridge)",,,1,,,,No recorded activity on this area (ledger from 2026-02-03)
"Catherine Atkinson (Labour, Derby North)",,,1,,,,No recorded activity on this area (ledger from 2026-02-03)
"Catherine McKinnell (Labour, Newcastle upon Tyne North)",,,1,,,,No recorded activity on this area (ledger from 2026-02-03)
"Charlie Dewhirst (Conservative, Bridlington and The Wolds)",,,1,,,,No recorded activity on this area (ledger from 2026-02-03)
"Charlie Maynard (Liberal Democrat, Witney)",,,1,,,,No recorded activity on this area (ledger from 2026-02-03)
"Charlotte Cane (Liberal Democrat, Ely and East Cambridgeshire)",,,1,,,,No recorded activity on this area (ledger from 2026-02-03)
"Chris Bloore (Labour, Redditch)",,,1,,,,No recorded activity on this area (ledger from 2026-02-03)
"Chris Coghlan (Liberal Democrat, Dorking and Horley)",,,1,,,,No recorded activity on this area (ledger from 2026-02-03)
"Chris Curtis (Labour, Milton Keynes North)",,,1,,,,No recorded activity on this area (ledger from 2026-02-03)
"Chris Elmore (Labour, Bridgend)",,,1,,,,No recorded activity on this area (ledger from 2026-02-03)
"Chris Evans (Labour (Co-op), Caerphilly)",,,1,,,,No recorded activity on this area (ledger from 2026-02-03)
"Chris Hazzard (Sinn Féin, South Down)",,,1,,,,No recorded activity on this area (ledger from 2026-02-03)
"Chris Hinchliff (Labour, North East Hertfordshire)",,,1,,,,No recorded activity on this area (ledger from 2026-02-03)
"Chris Kane (Labour, Stirling and Strathallan)",,,1,,,,No recorded activity on this area (ledger from 2026-02-03)
"Chris McDonald (Labour, Stockton North)",,,1,,,,No recorded activity on this area (ledger from 2026-02-03)
"Chris Murray (Labour, Edinburgh East and Musselburgh)",,,1,,,,No recorded activity on this area (ledger from 2026-02-03)
"Chris Philp (Conservative, Croydon South)",,,1,,,,No recorded activity on this area (ledger from 2026-02-03)
"Chris Vince (Labour (Co-op), Harlow)",,,1,,,,No recorded activity on this area (ledger from 2026-02-03)
"Chris Webb (Labour, Blackpool South)",,,1,,,,No recorded activity on this area (ledger from 2026-02-03)
"Claire Coutinho (Conservative, East Surrey)",,,1,,,,No recorded activity on this area (ledger from 2026-02-03)
"Claire Hazelgrove (Labour, Filton and Bradley Stoke)",,,1,,,,No recorded activity on this area (ledger from 2026-02-03)
"Claire Hughes (Labour, Bangor Aberconwy)",,,1,,,,No recorded activity on this area (ledger from 2026-02-03)
"Claire Young (Liberal Democrat, Thornbury and Yate)",,,1,,,,No recorded activity on this area (ledger from 2026-02-03)
"Clive Efford (Labour, Eltham and Chislehurst)",,,1,,,,No recorded activity on this area (ledger from 2026-02-03)
"Clive Jones (Liberal Democrat, Wokingham)",,,1,,,,No recorded activity on this area (ledger from 2026-02-03)
"Clive Lewis (Labour, Norwich South)",,,1,,,,No recorded activity on this area (ledger from 2026-02-03)
"Connor Naismith (Labour, Crewe and Nantwich)",,,1,,,,No recorded activity on this area (ledger from 2026-02-03)
"Dame Caroline Dinenage (Conservative, Gosport)",,,1,,,,No recorded activity on this area (ledger from 2026-02-03)
"Dame Chi Onwurah (Labour, Newcastle upon Tyne Central and West)",,,1,,,,No recorded activity on this area (ledger from 2026-02-03)
"Dame Diana Johnson (Labour, Kingston upon Hull North and Cottingham)",,,1,,,,No recorded activity on this area (ledger from 2026-02-03)
"Dame Harriett Baldwin (Conservative, West Worcestershire)",,,1,,,,No recorded activity on this area (ledger from 2026-02-03)
"Dame Karen Bradley (Conservative, Staffordshire Moorlands)",,,1,,,,No recorded activity on this area (ledger from 2026-02-03)
"Dame Meg Hillier (Labour (Co-op), Hackney South and Shoreditch)",,,1,,,,No recorded activity on this area (ledger from 2026-02-03)
"Dame Siobhain McDonagh (Labour, Mitcham and Morden)",,,1,,,,No recorded activity on this area (ledger from 2026-02-03)
"Damian Hinds (Conservative, East Hampshire)",,,1,,,,No recorded activity on this area (ledger from 2026-02-03)
"Damien Egan (Labour, Bristol North East)",,,1,,,,No recorded activity on this area (ledger from 2026-02-03)
"Dan Aldridge (Labour, Weston-super-Mare)",,,1,,,,No recorded activity on this area (ledger from 2026-02-03)
"Dan Jarvis (Labour, Barnsley North)",,,1,,,,No recorded activity on this area (ledger from 2026-02-03)
"Dan Norris (Independent, North East Somerset and Hanham)",,,1,,,,No recorded activity on this area (ledger from 2026-02-03)
"Dan Tomlinson (Labour, Chipping Barnet)",,,1,,,,No recorded activity on this area (ledger from 2026-02-03)
"Daniel Francis (Labour, Bexleyheath and Crayford)",,,1,,,,No recorded activity on this area (ledger from 2026-02-03)
"Daniel Zeichner (Labour, Cambridge)",,,1,,,,No recorded activity on this area (ledger from 2026-02-03)
"Danny Beales (Labour, Uxbridge and South Ruislip)",,,1,,,,No recorded activity on this area (ledger from 2026-02-03)
"Darren Paffey (Labour, Southampton Itchen)",,,1,,,,No recorded activity on this area (ledger from 2026-02-03)
"Dave Robertson (Labour, Lichfield)",,,1,,,,No recorded activity on this area (ledger from 2026-02-03)
"David Baines (Labour, St Helens North)",,,1,,,,No recorded activity on this area (ledger from 2026-02-03)
"David Chadwick (Liberal Democrat, Brecon, Radnor and Cwm Tawe)",,,1,,,,No recorded activity on this area (ledger from 2026-02-03)
"David Davis (Conservative, Goole and Pocklington)",,,1,,,,No recorded activity on this area (ledger from 2026-02-03)
"David Pinto-Duschinsky (Labour, Hendon)",,,1,,,,No recorded activity on this area (ledger from 2026-02-03)
"David Reed (Conservative, Exmouth and Exeter East)",,,1,,,,No recorded activity on this area (ledger from 2026-02-03)
"David Simmonds (Conservative, Ruislip, Northwood and Pinner)",,,1,,,,No recorded activity on this area (ledger from 2026-02-03)
"David Taylor (Labour, Hemel Hempstead)",,,1,,,,No recorded activity on this area (ledger from 2026-02-03)
"David Williams (Labour, Stoke-on-Trent North)",,,1,,,,No recorded activity on this area (ledger from 2026-02-03)
"Debbie Abrahams (Labour, Oldham East and Saddleworth)",,,1,,,,No recorded activity on this area (ledger from 2026-02-03)
"Deirdre Costigan (Labour, Ealing Southall)",,,1,,,,No recorded activity on this area (ledger from 2026-02-03)
"Derek Twigg (Labour, Widnes and Halewood)",,,1,,,,No recorded activity on this area (ledger from 2026-02-03)
"Douglas Lumsden (Conservative, Aberdeen South)",,,1,,,,No recorded activity on this area (ledger from 2026-02-03)
"Douglas McAllister (Labour, West Dunbartonshire)",,,1,,,,No recorded activity on this area (ledger from 2026-02-03)
"Dr Al Pinkerton (Liberal Democrat, Surrey Heath)",,,1,,,,No recorded activity on this area (ledger from 2026-02-03)
"Dr Allison Gardner (Labour, Stoke-on-Trent South)",,,1,,,,No recorded activity on this area (ledger from 2026-02-03)
"Dr Andrew Murrison (Conservative, South West Wiltshire)",,,1,,,,No recorded activity on this area (ledger from 2026-02-03)
"Dr Ben Spencer (Conservative, Runnymede and Weybridge)",,,1,,,,No recorded activity on this area (ledger from 2026-02-03)
"Dr Caroline Johnson (Conservative, Sleaford and North Hykeham)",,,1,,,,No recorded activity on this area (ledger from 2026-02-03)
"Dr Danny Chambers (Liberal Democrat, Winchester)",,,1,,,,No recorded activity on this area (ledger from 2026-02-03)
"Dr Ellie Chowns (Green Party, North Herefordshire)",,,1,,,,No recorded activity on this area (ledger from 2026-02-03)
"Dr Jeevun Sandher (Labour, Loughborough)",,,1,,,,No recorded activity on this area (ledger from 2026-02-03)
"Dr Lauren Sullivan (Labour, Gravesham)",,,1,,,,No recorded activity on this area (ledger from 2026-02-03)
"Dr Luke Evans (Conservative, Hinckley and Bosworth)",,,1,,,,No recorded activity on this area (ledger from 2026-02-03)
"Dr Marie Tidball (Labour, Penistone and Stocksbridge)",,,1,,,,No recorded activity on this area (ledger from 2026-02-03)
"Dr Neil Hudson (Conservative, Epping Forest)",,,1,,,,No recorded activity on this area (ledger from 2026-02-03)
"Dr Neil Shastri-Hurst (Conservative, Solihull West and Shirley)",,,1,,,,No recorded activity on this area (ledger from 2026-02-03)
"Dr Peter Prinsley (Labour, Bury St Edmunds and Stowmarket)",,,1,,,,No recorded activity on this area (ledger from 2026-02-03)
"Dr Rosena Allin-Khan (Labour, Tooting)",,,1,,,,No recorded activity on this area (ledger from 2026-02-03)
"Dr Simon Opher (Labour, Stroud)",,,1,,,,No recorded activity on this area (ledger from 2026-02-03)
"Dr Zubir Ahmed (Labour, Glasgow South West)",,,1,,,,No recorded activity on this area (ledger from 2026-02-03)
"Dáire Hughes (Sinn Féin, Newry and Armagh)",,,1,,,,No recorded activity on this area (ledger from 2026-02-03)
"Ed Miliband (Labour, Doncaster North)",,,1,,,,No recorded activity on this area (ledger from 2026-02-03)
"Edward Argar (Conservative, Melton and Syston)",,,1,,,,No recorded activity on this area (ledger from 2026-02-03)
"Edward Morello (Liberal Democrat, West Dorset)",,,1,,,,No recorded activity on this area (ledger from 2026-02-03)
"Elaine Stewart (Labour, Ayr, Carrick and Cumnock)",,,1,,,,No recorded activity on this area (ledger from 2026-02-03)
"Ellie Reeves (Labour, Lewisham West and East Dulwich)",,,1,,,,No recorded activity on this area (ledger from 2026-02-03)
"Emily Darlington (Labour, Milton Keynes Central)",,,1,,,,No recorded activity on this area (ledger from 2026-02-03)
"Emily Thornberry (Labour, Islington South and Finsbury)",,,1,,,,No recorded activity on this area (ledger from 2026-02-03)
"Emma Foody (Labour (Co-op), Cramlington and Killingworth)",,,1,,,,No recorded activity on this area (ledger from 2026-02-03)
"Emma Hardy (Labour, Kingston upon Hull West and Haltemprice)",,,1,,,,No recorded activity on this area (ledger from 2026-02-03)
"Emma Lewell (Labour, South Shields)",,,1,,,,No recorded activity on this area (ledger from 2026-02-03)
"Emma Reynolds (Labour, Wycombe)",,,1,,,,No recorded activity on this area (ledger from 2026-02-03)
"Esther McVey (Conservative, Tatton)",,,1,,,,No recorded activity on this area (ledger from 2026-02-03)
"Fabian Hamilton (Labour, Leeds North East)",,,1,,,,No recorded activity on this area (ledger from 2026-02-03)
"Fleur Anderson (Labour, Putney)",,,1,,,,No recorded activity on this area (ledger from 2026-02-03)
"Frank McNally (Labour, Coatbridge and Bellshill)",,,1,,,,No recorded activity on this area (ledger from 2026-02-03)
"Fred Thomas (Labour, Plymouth Moor View)",,,1,,,,No recorded activity on this area (ledger from 2026-02-03)
"Freddie van Mierlo (Liberal Democrat, Henley and Thame)",,,1,,,,No recorded activity on this area (ledger from 2026-02-03)
"Gareth Bacon (Conservative, Orpington)",,,1,,,,No recorded activity on this area (ledger from 2026-02-03)
"Gareth Davies (Conservative, Grantham and Bourne)",,,1,,,,No recorded activity on this area (ledger from 2026-02-03)
"Gareth Snell (Labour (Co-op), Stoke-on-Trent Central)",,,1,,,,No recorded activity on this area (ledger from 2026-02-03)
"Gareth Thomas (Labour (Co-op), Harrow West)",,,1,,,,No recorded activity on this area (ledger from 2026-02-03)
"Gavin Robinson (Democratic Unionist Party, Belfast East)",,,1,,,,No recorded activity on this area (ledger from 2026-02-03)
"Gen Kitchen (Labour, Wellingborough and Rushden)",,,1,,,,No recorded activity on this area (ledger from 2026-02-03)
"George Freeman (Conservative, Mid Norfolk)",,,1,,,,No recorded activity on this area (ledger from 2026-02-03)
"Georgia Gould (Labour, Queen's Park and Maida Vale)",,,1,,,,No recorded activity on this area (ledger from 2026-02-03)
"Gideon Amos (Liberal Democrat, Taunton and Wellington)",,,1,,,,No recorded activity on this area (ledger from 2026-02-03)
"Gill Furniss (Labour, Sheffield Brightside and Hillsborough)",,,1,,,,No recorded activity on this area (ledger from 2026-02-03)
"Gill German (Labour, Clwyd North)",,,1,,,,No recorded activity on this area (ledger from 2026-02-03)
"Gordon McKee (Labour, Glasgow South)",,,1,,,,No recorded activity on this area (ledger from 2026-02-03)
"Graeme Downie (Labour, Dunfermline and Dollar)",,,1,,,,No recorded activity on this area (ledger from 2026-02-03)
"Graham Leadbitter (Scottish National Party, Moray West, Nairn and Strathspey)",,,1,,,,No recorded activity on this area (ledger from 2026-02-03)
"Graham Stringer (Labour, Blackley and Middleton South)",,,1,,,,No recorded activity on this area (ledger from 2026-02-03)
"Graham Stuart (Conservative, Beverley and Holderness)",,,1,,,,No recorded activity on this area (ledger from 2026-02-03)
"Grahame Morris (Labour, Easington)",,,1,,,,No recorded activity on this area (ledger from 2026-02-03)
"Greg Smith (Conservative, Mid Buckinghamshire)",,,1,,,,No recorded activity on this area (ledger from 2026-02-03)
"Gregor Poynton (Labour, Livingston)",,,1,,,,No recorded activity on this area (ledger from 2026-02-03)
"Gregory Stafford (Conservative, Farnham and Bordon)",,,1,,,,No recorded activity on this area (ledger from 2026-02-03)
"Gurinder Singh Josan (Labour, Smethwick)",,,1,,,,No recorded activity on this area (ledger from 2026-02-03)
"Hannah Spencer (Green Party, Gorton and Denton)",,,1,,,,No recorded activity on this area (ledger from 2026-02-03)
"Harpreet Uppal (Labour, Huddersfield)",,,1,,,,No recorded activity on this area (ledger from 2026-02-03)
"Harriet Cross (Conservative, Gordon and Buchan)",,,1,,,,No recorded activity on this area (ledger from 2026-02-03)
"Heidi Alexander (Labour, Swindon South)",,,1,,,,No recorded activity on this area (ledger from 2026-02-03)
"Helen Grant (Conservative, Maidstone and Malling)",,,1,,,,No recorded activity on this area (ledger from 2026-02-03)
"Helen Hayes (Labour, Dulwich and West Norwood)",,,1,,,,No recorded activity on this area (ledger from 2026-02-03)
"Helen Maguire (Liberal Democrat, Epsom and Ewell)",,,1,,,,No recorded activity on this area (ledger from 2026-02-03)
"Helen Whately (Conservative, Faversham and Mid Kent)",,,1,,,,No recorded activity on this area (ledger from 2026-02-03)
"Helena Dollimore (Labour (Co-op), Hastings and Rye)",,,1,,,,No recorded activity on this area (ledger from 2026-02-03)
"Henry Tufnell (Labour, Mid and South Pembrokeshire)",,,1,,,,No recorded activity on this area (ledger from 2026-02-03)
"Hilary Benn (Labour, Leeds South)",,,1,,,,No recorded activity on this area (ledger from 2026-02-03)
"Ian Lavery (Labour, Blyth and Ashington)",,,1,,,,No recorded activity on this area (ledger from 2026-02-03)
"Ian Murray (Labour, Edinburgh South)",,,1,,,,No recorded activity on this area (ledger from 2026-02-03)
"Ian Roome (Liberal Democrat, North Devon)",,,1,,,,No recorded activity on this area (ledger from 2026-02-03)
"Ian Sollom (Liberal Democrat, St Neots and Mid Cambridgeshire)",,,1,,,,No recorded activity on this area (ledger from 2026-02-03)
"Imogen Walker (Labour, Hamilton and Clyde Valley)",,,1,,,,No recorded activity on this area (ledger from 2026-02-03)
"Imran Hussain (Labour, Bradford East)",,,1,,,,No recorded activity on this area (ledger from 2026-02-03)
"Iqbal Mohamed (Independent, Dewsbury and Batley)",,,1,,,,No recorded activity on this area (ledger from 2026-02-03)
"Irene Campbell (Labour, North Ayrshire and Arran)",,,1,,,,No recorded activity on this area (ledger from 2026-02-03)
"Jack Rankin (Conservative, Windsor)",,,1,,,,No recorded activity on this area (ledger from 2026-02-03)
"Jade Botterill (Labour, Ossett and Denby Dale)",,,1,,,,No recorded activity on this area (ledger from 2026-02-03)
"Jake Richards (Labour, Rother Valley)",,,1,,,,No recorded activity on this area (ledger from 2026-02-03)
"James Asser (Labour, West Ham and Beckton)",,,1,,,,No recorded activity on this area (ledger from 2026-02-03)
"James Cartlidge (Conservative, South Suffolk)",,,1,,,,No recorded activity on this area (ledger from 2026-02-03)
"James MacCleary (Liberal Democrat, Lewes)",,,1,,,,No recorded activity on this area (ledger from 2026-02-03)
"James McMurdock (Independent, South Basildon and East Thurrock)",,,1,,,,No recorded activity on this area (ledger from 2026-02-03)
"James Naish (Labour, Rushcliffe)",,,1,,,,No recorded activity on this area (ledger from 2026-02-03)
"James Wild (Conservative, North West Norfolk)",,,1,,,,No recorded activity on this area (ledger from 2026-02-03)
"Janet Daby (Labour, Lewisham East)",,,1,,,,No recorded activity on this area (ledger from 2026-02-03)
"Jas Athwal (Labour, Ilford South)",,,1,,,,No recorded activity on this area (ledger from 2026-02-03)
"Jayne Kirkham (Labour (Co-op), Truro and Falmouth)",,,1,,,,No recorded activity on this area (ledger from 2026-02-03)
"Jen Craft (Labour, Thurrock)",,,1,,,,No recorded activity on this area (ledger from 2026-02-03)
"Jenny Riddell-Carpenter (Labour, Suffolk Coastal)",,,1,,,,No recorded activity on this area (ledger from 2026-02-03)
"Jerome Mayhew (Conservative, Broadland and Fakenham)",,,1,,,,No recorded activity on this area (ledger from 2026-02-03)
"Jess Asato (Labour, Lowestoft)",,,1,,,,No recorded activity on this area (ledger from 2026-02-03)
"Jess Phillips (Labour, Birmingham Yardley)",,,1,,,,No recorded activity on this area (ledger from 2026-02-03)
"Jesse Norman (Conservative, Hereford and South Herefordshire)",,,1,,,,No recorded activity on this area (ledger from 2026-02-03)
"Jessica Toale (Labour, Bournemouth West)",,,1,,,,No recorded activity on this area (ledger from 2026-02-03)
"Jim Allister (Traditional Unionist Voice, North Antrim)",,,1,,,,No recorded activity on this area (ledger from 2026-02-03)
"Jim Dickson (Labour, Dartford)",,,1,,,,No recorded activity on this area (ledger from 2026-02-03)
"Jim McMahon (Labour (Co-op), Oldham West, Chadderton and Royton)",,,1,,,,No recorded activity on this area (ledger from 2026-02-03)
"Jo Platt (Labour (Co-op), Leigh and Atherton)",,,1,,,,No recorded activity on this area (ledger from 2026-02-03)
"Jo Stevens (Labour, Cardiff East)",,,1,,,,No recorded activity on this area (ledger from 2026-02-03)
"Jo White (Labour, Bassetlaw)",,,1,,,,No recorded activity on this area (ledger from 2026-02-03)
"Joani Reid (Labour, East Kilbride and Strathaven)",,,1,,,,No recorded activity on this area (ledger from 2026-02-03)
"Jodie Gosling (Labour, Nuneaton)",,,1,,,,No recorded activity on this area (ledger from 2026-02-03)
"Joe Morris (Labour, Hexham)",,,1,,,,No recorded activity on this area (ledger from 2026-02-03)
"Joe Powell (Labour, Kensington and Bayswater)",,,1,,,,No recorded activity on this area (ledger from 2026-02-03)
"Joe Robertson (Conservative, Isle of Wight East)",,,1,,,,No recorded activity on this area (ledger from 2026-02-03)
"Johanna Baxter (Labour, Paisley and Renfrewshire South)",,,1,,,,No recorded activity on this area (ledger from 2026-02-03)
"John Cooper (Conservative, Dumfries and Galloway)",,,1,,,,No recorded activity on this area (ledger from 2026-02-03)
"John Finucane (Sinn Féin, Belfast North)",,,1,,,,No recorded activity on this area (ledger from 2026-02-03)
"John Glen (Conservative, Salisbury)",,,1,,,,No recorded activity on this area (ledger from 2026-02-03)
"John Grady (Labour, Glasgow East)",,,1,,,,No recorded activity on this area (ledger from 2026-02-03)
"John Healey (Labour, Rawmarsh and Conisbrough)",,,1,,,,No recorded activity on this area (ledger from 2026-02-03)
"John Slinger (Labour, Rugby)",,,1,,,,No recorded activity on this area (ledger from 2026-02-03)
"John Whitby (Labour, Derbyshire Dales)",,,1,,,,No recorded activity on this area (ledger from 2026-02-03)
"Jon Pearce (Labour, High Peak)",,,1,,,,No recorded activity on this area (ledger from 2026-02-03)
"Jon Trickett (Labour, Normanton and Hemsworth)",,,1,,,,No recorded activity on this area (ledger from 2026-02-03)
"Jonathan Davies (Labour, Mid Derbyshire)",,,1,,,,No recorded activity on this area (ledger from 2026-02-03)
"Jonathan Hinder (Labour, Pendle and Clitheroe)",,,1,,,,No recorded activity on this area (ledger from 2026-02-03)
"Jonathan Reynolds (Labour (Co-op), Stalybridge and Hyde)",,,1,,,,No recorded activity on this area (ledger from 2026-02-03)
"Josh Babarinde (Liberal Democrat, Eastbourne)",,,1,,,,No recorded activity on this area (ledger from 2026-02-03)
"Josh Dean (Labour, Hertford and Stortford)",,,1,,,,No recorded activity on this area (ledger from 2026-02-03)
"Josh Fenton-Glynn (Labour, Calder Valley)",,,1,,,,No recorded activity on this area (ledger from 2026-02-03)
"Josh MacAlister (Labour, Whitehaven and Workington)",,,1,,,,No recorded activity on this area (ledger from 2026-02-03)
"Joy Morrissey (Conservative, Beaconsfield)",,,1,,,,No recorded activity on this area (ledger from 2026-02-03)
"Judith Cummins (Labour, Bradford South)",,,1,,,,No recorded activity on this area (ledger from 2026-02-03)
"Julia Buckley (Labour, Shrewsbury)",,,1,,,,No recorded activity on this area (ledger from 2026-02-03)
"Julia Lopez (Conservative, Hornchurch and Upminster)",,,1,,,,No recorded activity on this area (ledger from 2026-02-03)
"Juliet Campbell (Labour, Broxtowe)",,,1,,,,No recorded activity on this area (ledger from 2026-02-03)
"Justin Madders (Labour, Ellesmere Port and Bromborough)",,,1,,,,No recorded activity on this area (ledger from 2026-02-03)
"Kanishka Narayan (Labour, Vale of Glamorgan)",,,1,,,,No recorded activity on this area (ledger from 2026-02-03)
"Karin Smyth (Labour, Bristol South)",,,1,,,,No recorded activity on this area (ledger from 2026-02-03)
"Karl Turner (Independent, Kingston upon Hull East)",,,1,,,,No recorded activity on this area (ledger from 2026-02-03)
"Kate Dearden (Labour (Co-op), Halifax)",,,1,,,,No recorded activity on this area (ledger from 2026-02-03)
"Katie Lam (Conservative, Weald of Kent)",,,1,,,,No recorded activity on this area (ledger from 2026-02-03)
"Katie White (Labour, Leeds North West)",,,1,,,,No recorded activity on this area (ledger from 2026-02-03)
"Katrina Murray (Labour, Cumbernauld and Kirkintilloch)",,,1,,,,No recorded activity on this area (ledger from 2026-02-03)
"Kenneth Stevenson (Labour, Airdrie and Shotts)",,,1,,,,No recorded activity on this area (ledger from 2026-02-03)
"Kevin Bonavia (Labour, Stevenage)",,,1,,,,No recorded activity on this area (ledger from 2026-02-03)
"Kevin Hollinrake (Conservative, Thirsk and Malton)",,,1,,,,No recorded activity on this area (ledger from 2026-02-03)
"Kevin McKenna (Labour, Sittingbourne and Sheppey)",,,1,,,,No recorded activity on this area (ledger from 2026-02-03)
"Kirith Entwistle (Labour, Bolton North East)",,,1,,,,No recorded activity on this area (ledger from 2026-02-03)
"Kirsty McNeill (Labour (Co-op), Midlothian)",,,1,,,,No recorded activity on this area (ledger from 2026-02-03)
"Lara Bird (Scottish National Party, Arbroath and Broughty Ferry)",,,1,,,,No recorded activity on this area (ledger from 2026-02-03)
"Laura Trott (Conservative, Sevenoaks)",,,1,,,,No recorded activity on this area (ledger from 2026-02-03)
"Lauren Edwards (Labour, Rochester and Strood)",,,1,,,,No recorded activity on this area (ledger from 2026-02-03)
"Laurence Turner (Labour, Birmingham Northfield)",,,1,,,,No recorded activity on this area (ledger from 2026-02-03)
"Lee Anderson (Reform UK, Ashfield)",,,1,,,,No recorded activity on this area (ledger from 2026-02-03)
"Lee Barron (Labour, Corby and East Northamptonshire)",,,1,,,,No recorded activity on this area (ledger from 2026-02-03)
"Lee Pitcher (Labour, Doncaster East and the Isle of Axholme)",,,1,,,,No recorded activity on this area (ledger from 2026-02-03)
"Leigh Ingham (Labour, Stafford)",,,1,,,,No recorded activity on this area (ledger from 2026-02-03)
"Lewis Atkinson (Labour, Sunderland Central)",,,1,,,,No recorded activity on this area (ledger from 2026-02-03)
"Lewis Cocking (Conservative, Broxbourne)",,,1,,,,No recorded activity on this area (ledger from 2026-02-03)
"Liam Byrne (Labour, Birmingham Hodge Hill and Solihull North)",,,1,,,,No recorded activity on this area (ledger from 2026-02-03)
"Liam Conlon (Labour, Beckenham and Penge)",,,1,,,,No recorded activity on this area (ledger from 2026-02-03)
"Lillian Jones (Labour, Kilmarnock and Loudoun)",,,1,,,,No recorded activity on this area (ledger from 2026-02-03)
"Lincoln Jopp (Conservative, Spelthorne)",,,1,,,,No recorded activity on this area (ledger from 2026-02-03)
"Linsey Farnsworth (Labour, Amber Valley)",,,1,,,,No recorded activity on this area (ledger from 2026-02-03)
"Lisa Nandy (Labour, Wigan)",,,1,,,,No recorded activity on this area (ledger from 2026-02-03)
"Lisa Smart (Liberal Democrat, Hazel Grove)",,,1,,,,No recorded activity on this area (ledger from 2026-02-03)
"Liz Jarvis (Liberal Democrat, Eastleigh)",,,1,,,,No recorded activity on this area (ledger from 2026-02-03)
"Liz Kendall (Labour, Leicester West)",,,1,,,,No recorded activity on this area (ledger from 2026-02-03)
"Liz Twist (Labour, Blaydon and Consett)",,,1,,,,No recorded activity on this area (ledger from 2026-02-03)
"Lizzi Collinge (Labour, Morecambe and Lunesdale)",,,1,,,,No recorded activity on this area (ledger from 2026-02-03)
"Llinos Medi (Plaid Cymru, Ynys Môn)",,,1,,,,No recorded activity on this area (ledger from 2026-02-03)
"Lloyd Hatton (Labour, South Dorset)",,,1,,,,No recorded activity on this area (ledger from 2026-02-03)
"Lola McEvoy (Labour, Darlington)",,,1,,,,No recorded activity on this area (ledger from 2026-02-03)
"Lorraine Beavers (Labour, Blackpool North and Fleetwood)",,,1,,,,No recorded activity on this area (ledger from 2026-02-03)
"Louise Haigh (Labour, Sheffield Heeley)",,,1,,,,No recorded activity on this area (ledger from 2026-02-03)
"Louise Sandher-Jones (Labour, North East Derbyshire)",,,1,,,,No recorded activity on this area (ledger from 2026-02-03)
"Lucy Rigby (Labour, Northampton North)",,,1,,,,No recorded activity on this area (ledger from 2026-02-03)
"Luke Akehurst (Labour, North Durham)",,,1,,,,No recorded activity on this area (ledger from 2026-02-03)
"Luke Murphy (Labour, Basingstoke)",,,1,,,,No recorded activity on this area (ledger from 2026-02-03)
"Luke Myer (Labour, Middlesbrough South and East Cleveland)",,,1,,,,No recorded activity on this area (ledger from 2026-02-03)
"Luke Taylor (Liberal Democrat, Sutton and Cheam)",,,1,,,,No recorded activity on this area (ledger from 2026-02-03)
"Manuela Perteghella (Liberal Democrat, Stratford-on-Avon)",,,1,,,,No recorded activity on this area (ledger from 2026-02-03)
"Margaret Mullane (Labour, Dagenham and Rainham)",,,1,,,,No recorded activity on this area (ledger from 2026-02-03)
"Maria Eagle (Labour, Liverpool Garston)",,,1,,,,No recorded activity on this area (ledger from 2026-02-03)
"Mark Ferguson (Labour, Gateshead Central and Whickham)",,,1,,,,No recorded activity on this area (ledger from 2026-02-03)
"Mark Garnier (Conservative, Wyre Forest)",,,1,,,,No recorded activity on this area (ledger from 2026-02-03)
"Mark Pritchard (Conservative, The Wrekin)",,,1,,,,No recorded activity on this area (ledger from 2026-02-03)
"Mark Sewards (Labour, Leeds South West and Morley)",,,1,,,,No recorded activity on this area (ledger from 2026-02-03)
"Markus Campbell-Savours (Labour, Penrith and Solway)",,,1,,,,No recorded activity on this area (ledger from 2026-02-03)
"Martin McCluskey (Labour, Inverclyde and Renfrewshire West)",,,1,,,,No recorded activity on this area (ledger from 2026-02-03)
"Martin Rhodes (Labour, Glasgow North)",,,1,,,,No recorded activity on this area (ledger from 2026-02-03)
"Martin Vickers (Conservative, Brigg and Immingham)",,,1,,,,No recorded activity on this area (ledger from 2026-02-03)
"Martin Wrigley (Liberal Democrat, Newton Abbot)",,,1,,,,No recorded activity on this area (ledger from 2026-02-03)
"Mary Creagh (Labour, Coventry East)",,,1,,,,No recorded activity on this area (ledger from 2026-02-03)
"Matt Bishop (Labour, Forest of Dean)",,,1,,,,No recorded activity on this area (ledger from 2026-02-03)
"Matt Rodda (Labour, Reading Central)",,,1,,,,No recorded activity on this area (ledger from 2026-02-03)
"Matt Turmaine (Labour, Watford)",,,1,,,,No recorded activity on this area (ledger from 2026-02-03)
"Matt Vickers (Conservative, Stockton West)",,,1,,,,No recorded activity on this area (ledger from 2026-02-03)
"Matthew Patrick (Labour, Wirral West)",,,1,,,,No recorded activity on this area (ledger from 2026-02-03)
"Matthew Pennycook (Labour, Greenwich and Woolwich)",,,1,,,,No recorded activity on this area (ledger from 2026-02-03)
"Maureen Burke (Labour, Glasgow North East)",,,1,,,,No recorded activity on this area (ledger from 2026-02-03)
"Max Wilkinson (Liberal Democrat, Cheltenham)",,,1,,,,No recorded activity on this area (ledger from 2026-02-03)
"Maya Ellis (Labour, Ribble Valley)",,,1,,,,No recorded activity on this area (ledger from 2026-02-03)
"Melanie Onn (Labour, Great Grimsby and Cleethorpes)",,,1,,,,No recorded activity on this area (ledger from 2026-02-03)
"Melanie Ward (Labour, Cowdenbeath and Kirkcaldy)",,,1,,,,No recorded activity on this area (ledger from 2026-02-03)
"Miatta Fahnbulleh (Labour (Co-op), Peckham)",,,1,,,,No recorded activity on this area (ledger from 2026-02-03)
"Michael Payne (Labour, Gedling)",,,1,,,,No recorded activity on this area (ledger from 2026-02-03)
"Michael Shanks (Labour, Rutherglen)",,,1,,,,No recorded activity on this area (ledger from 2026-02-03)
"Michael Wheeler (Labour, Worsley and Eccles)",,,1,,,,No recorded activity on this area (ledger from 2026-02-03)
"Michelle Scrogham (Labour, Barrow and Furness)",,,1,,,,No recorded activity on this area (ledger from 2026-02-03)
"Michelle Welsh (Labour, Sherwood Forest)",,,1,,,,No recorded activity on this area (ledger from 2026-02-03)
"Mike Kane (Labour, Wythenshawe and Sale East)",,,1,,,,No recorded activity on this area (ledger from 2026-02-03)
"Mike Martin (Liberal Democrat, Tunbridge Wells)",,,1,,,,No recorded activity on this area (ledger from 2026-02-03)
"Mike Reader (Labour, Northampton South)",,,1,,,,No recorded activity on this area (ledger from 2026-02-03)
"Mike Tapp (Labour, Dover and Deal)",,,1,,,,No recorded activity on this area (ledger from 2026-02-03)
"Mike Wood (Conservative, Kingswinford and South Staffordshire)",,,1,,,,No recorded activity on this area (ledger from 2026-02-03)
"Mohammad Yasin (Labour, Bedford)",,,1,,,,No recorded activity on this area (ledger from 2026-02-03)
"Monica Harding (Liberal Democrat, Esher and Walton)",,,1,,,,No recorded activity on this area (ledger from 2026-02-03)
"Mr Adnan Hussain (Independent, Blackburn)",,,1,,,,No recorded activity on this area (ledger from 2026-02-03)
"Mr Andrew Snowden (Conservative, Fylde)",,,1,,,,No recorded activity on this area (ledger from 2026-02-03)
"Mr Angus MacDonald (Liberal Democrat, Inverness, Skye and West Ross-shire)",,,1,,,,No recorded activity on this area (ledger from 2026-02-03)
"Mr Bayo Alaba (Labour, Southend East and Rochford)",,,1,,,,No recorded activity on this area (ledger from 2026-02-03)
"Mr Calvin Bailey (Labour, Leyton and Wanstead)",,,1,,,,No recorded activity on this area (ledger from 2026-02-03)
"Mr Cathal Mallaghan (Sinn Féin, Mid Ulster)",,,1,,,,No recorded activity on this area (ledger from 2026-02-03)
"Mr Connor Rand (Labour, Altrincham and Sale West)",,,1,,,,No recorded activity on this area (ledger from 2026-02-03)
"Mr David Lammy (Labour, Tottenham)",,,1,,,,No recorded activity on this area (ledger from 2026-02-03)
"Mr Douglas Alexander (Labour (Co-op), Lothian East)",,,1,,,,No recorded activity on this area (ledger from 2026-02-03)
"Mr Gagan Mohindra (Conservative, South West Hertfordshire)",,,1,,,,No recorded activity on this area (ledger from 2026-02-03)
"Mr Gregory Campbell (Democratic Unionist Party, East Londonderry)",,,1,,,,No recorded activity on this area (ledger from 2026-02-03)
"Mr Hamish Falconer (Labour, Lincoln)",,,1,,,,No recorded activity on this area (ledger from 2026-02-03)
"Mr James Frith (Labour, Bury North)",,,1,,,,No recorded activity on this area (ledger from 2026-02-03)
"Mr Jonathan Brash (Labour, Hartlepool)",,,1,,,,No recorded activity on this area (ledger from 2026-02-03)
"Mr Joshua Reynolds (Liberal Democrat, Maidenhead)",,,1,,,,No recorded activity on this area (ledger from 2026-02-03)
"Mr Lee Dillon (Liberal Democrat, Newbury)",,,1,,,,No recorded activity on this area (ledger from 2026-02-03)
"Mr Louie French (Conservative, Old Bexley and Sidcup)",,,1,,,,No recorded activity on this area (ledger from 2026-02-03)
"Mr Luke Charters (Labour, York Outer)",,,1,,,,No recorded activity on this area (ledger from 2026-02-03)
"Mr Mark Francois (Conservative, Rayleigh and Wickford)",,,1,,,,No recorded activity on this area (ledger from 2026-02-03)
"Mr Paul Foster (Labour, South Ribble)",,,1,,,,No recorded activity on this area (ledger from 2026-02-03)
"Mr Paul Kohler (Liberal Democrat, Wimbledon)",,,1,,,,No recorded activity on this area (ledger from 2026-02-03)
"Mr Peter Bedford (Conservative, Mid Leicestershire)",,,1,,,,No recorded activity on this area (ledger from 2026-02-03)
"Mr Richard Holden (Conservative, Basildon and Billericay)",,,1,,,,No recorded activity on this area (ledger from 2026-02-03)
"Mr Toby Perkins (Labour, Chesterfield)",,,1,,,,No recorded activity on this area (ledger from 2026-02-03)
"Mr Will Forster (Liberal Democrat, Woking)",,,1,,,,No recorded activity on this area (ledger from 2026-02-03)
"Mrs Elsie Blundell (Labour, Heywood and Middleton North)",,,1,,,,No recorded activity on this area (ledger from 2026-02-03)
"Mrs Sharon Hodgson (Labour, Washington and Gateshead South)",,,1,,,,No recorded activity on this area (ledger from 2026-02-03)
"Ms Julie Minns (Labour, Carlisle)",,,1,,,,No recorded activity on this area (ledger from 2026-02-03)
"Ms Marie Rimmer (Labour, St Helens South and Whiston)",,,1,,,,No recorded activity on this area (ledger from 2026-02-03)
"Ms Nusrat Ghani (Conservative, Sussex Weald)",,,1,,,,No recorded activity on this area (ledger from 2026-02-03)
"Ms Polly Billington (Labour, East Thanet)",,,1,,,,No recorded activity on this area (ledger from 2026-02-03)
"Natalie Fleet (Labour, Bolsover)",,,1,,,,No recorded activity on this area (ledger from 2026-02-03)
"Natasha Irons (Labour, Croydon East)",,,1,,,,No recorded activity on this area (ledger from 2026-02-03)
"Naushabah Khan (Labour, Gillingham and Rainham)",,,1,,,,No recorded activity on this area (ledger from 2026-02-03)
"Navendu Mishra (Labour, Stockport)",,,1,,,,No recorded activity on this area (ledger from 2026-02-03)
"Naz Shah (Labour, Bradford West)",,,1,,,,No recorded activity on this area (ledger from 2026-02-03)
"Neil Duncan-Jordan (Labour, Poole)",,,1,,,,No recorded activity on this area (ledger from 2026-02-03)
"Neil O'Brien (Conservative, Harborough, Oadby and Wigston)",,,1,,,,No recorded activity on this area (ledger from 2026-02-03)
"Nesil Caliskan (Labour, Barking)",,,1,,,,No recorded activity on this area (ledger from 2026-02-03)
"Nick Smith (Labour, Blaenau Gwent and Rhymney)",,,1,,,,No recorded activity on this area (ledger from 2026-02-03)
"Nick Thomas-Symonds (Labour, Torfaen)",,,1,,,,No recorded activity on this area (ledger from 2026-02-03)
"Nick Timothy (Conservative, West Suffolk)",,,1,,,,No recorded activity on this area (ledger from 2026-02-03)
"Nigel Huddleston (Conservative, Droitwich and Evesham)",,,1,,,,No recorded activity on this area (ledger from 2026-02-03)
"Noah Law (Labour, St Austell and Newquay)",,,1,,,,No recorded activity on this area (ledger from 2026-02-03)
"Oliver Ryan (Labour (Co-op), Burnley)",,,1,,,,No recorded activity on this area (ledger from 2026-02-03)
"Olly Glover (Liberal Democrat, Didcot and Wantage)",,,1,,,,No recorded activity on this area (ledger from 2026-02-03)
"Pam Cox (Labour, Colchester)",,,1,,,,No recorded activity on this area (ledger from 2026-02-03)
"Pamela Nash (Labour, Motherwell, Wishaw and Carluke)",,,1,,,,No recorded activity on this area (ledger from 2026-02-03)
"Pat Cullen (Sinn Féin, Fermanagh and South Tyrone)",,,1,,,,No recorded activity on this area (ledger from 2026-02-03)
"Pat McFadden (Labour, Wolverhampton South East)",,,1,,,,No recorded activity on this area (ledger from 2026-02-03)
"Patricia Ferguson (Labour, Glasgow West)",,,1,,,,No recorded activity on this area (ledger from 2026-02-03)
"Patrick Hurley (Labour, Southport)",,,1,,,,No recorded activity on this area (ledger from 2026-02-03)
"Patrick Spencer (Independent, Central Suffolk and North Ipswich)",,,1,,,,No recorded activity on this area (ledger from 2026-02-03)
"Paul Davies (Labour, Colne Valley)",,,1,,,,No recorded activity on this area (ledger from 2026-02-03)
"Paul Holmes (Conservative, Hamble Valley)",,,1,,,,No recorded activity on this area (ledger from 2026-02-03)
"Paul Maskey (Sinn Féin, Belfast West)",,,1,,,,No recorded activity on this area (ledger from 2026-02-03)
"Paul Waugh (Labour (Co-op), Rochdale)",,,1,,,,No recorded activity on this area (ledger from 2026-02-03)
"Paulette Hamilton (Labour, Birmingham Erdington)",,,1,,,,No recorded activity on this area (ledger from 2026-02-03)
"Perran Moon (Labour, Camborne and Redruth)",,,1,,,,No recorded activity on this area (ledger from 2026-02-03)
"Pete Wishart (Scottish National Party, Perth and Kinross-shire)",,,1,,,,No recorded activity on this area (ledger from 2026-02-03)
"Peter Dowd (Labour, Bootle)",,,1,,,,No recorded activity on this area (ledger from 2026-02-03)
"Peter Fortune (Conservative, Bromley and Biggin Hill)",,,1,,,,No recorded activity on this area (ledger from 2026-02-03)
"Peter Kyle (Labour, Hove and Portslade)",,,1,,,,No recorded activity on this area (ledger from 2026-02-03)
"Peter Lamb (Labour, Crawley)",,,1,,,,No recorded activity on this area (ledger from 2026-02-03)
"Phil Brickell (Labour, Bolton West)",,,1,,,,No recorded activity on this area (ledger from 2026-02-03)
"Priti Patel (Conservative, Witham)",,,1,,,,No recorded activity on this area (ledger from 2026-02-03)
"Rachael Maskell (Labour (Co-op), York Central)",,,1,,,,No recorded activity on this area (ledger from 2026-02-03)
"Rachel Blake (Labour (Co-op), Cities of London and Westminster)",,,1,,,,No recorded activity on this area (ledger from 2026-02-03)
"Rachel Gilmour (Liberal Democrat, Tiverton and Minehead)",,,1,,,,No recorded activity on this area (ledger from 2026-02-03)
"Rachel Hopkins (Labour, Luton South and South Bedfordshire)",,,1,,,,No recorded activity on this area (ledger from 2026-02-03)
"Rachel Reeves (Labour, Leeds West and Pudsey)",,,1,,,,No recorded activity on this area (ledger from 2026-02-03)
"Rebecca Harris (Conservative, Castle Point)",,,1,,,,No recorded activity on this area (ledger from 2026-02-03)
"Rebecca Smith (Conservative, South West Devon)",,,1,,,,No recorded activity on this area (ledger from 2026-02-03)
"Richard Baker (Labour, Glenrothes and Mid Fife)",,,1,,,,No recorded activity on this area (ledger from 2026-02-03)
"Richard Foord (Liberal Democrat, Honiton and Sidmouth)",,,1,,,,No recorded activity on this area (ledger from 2026-02-03)
"Richard Fuller (Conservative, North Bedfordshire)",,,1,,,,No recorded activity on this area (ledger from 2026-02-03)
"Richard Quigley (Labour, Isle of Wight West)",,,1,,,,No recorded activity on this area (ledger from 2026-02-03)
"Richard Tice (Reform UK, Boston and Skegness)",,,1,,,,No recorded activity on this area (ledger from 2026-02-03)
"Robbie Moore (Conservative, Keighley and Ilkley)",,,1,,,,No recorded activity on this area (ledger from 2026-02-03)
"Robert Jenrick (Reform UK, Newark)",,,1,,,,No recorded activity on this area (ledger from 2026-02-03)
"Robin Swann (Ulster Unionist Party, South Antrim)",,,1,,,,No recorded activity on this area (ledger from 2026-02-03)
"Rosie Wrighting (Labour, Kettering)",,,1,,,,No recorded activity on this area (ledger from 2026-02-03)
"Rupert Lowe (Restore Britain, Great Yarmouth)",,,1,,,,No recorded activity on this area (ledger from 2026-02-03)
"Rushanara Ali (Labour, Bethnal Green and Stepney)",,,1,,,,No recorded activity on this area (ledger from 2026-02-03)
"Ruth Cadbury (Labour, Brentford and Isleworth)",,,1,,,,No recorded activity on this area (ledger from 2026-02-03)
"Sadik Al-Hassan (Labour, North Somerset)",,,1,,,,No recorded activity on this area (ledger from 2026-02-03)
"Sally Jameson (Labour (Co-op), Doncaster Central)",,,1,,,,No recorded activity on this area (ledger from 2026-02-03)
"Sam Carling (Labour, North West Cambridgeshire)",,,1,,,,No recorded activity on this area (ledger from 2026-02-03)
"Sam Rushworth (Labour, Bishop Auckland)",,,1,,,,No recorded activity on this area (ledger from 2026-02-03)
"Samantha Niblett (Labour, South Derbyshire)",,,1,,,,No recorded activity on this area (ledger from 2026-02-03)
"Sammy Wilson (Democratic Unionist Party, East Antrim)",,,1,,,,No recorded activity on this area (ledger from 2026-02-03)
"Sarah Bool (Conservative, South Northamptonshire)",,,1,,,,No recorded activity on this area (ledger from 2026-02-03)
"Sarah Champion (Labour, Rotherham)",,,1,,,,No recorded activity on this area (ledger from 2026-02-03)
"Sarah Coombes (Labour, West Bromwich)",,,1,,,,No recorded activity on this area (ledger from 2026-02-03)
"Sarah Dyke (Liberal Democrat, Glastonbury and Somerton)",,,1,,,,No recorded activity on this area (ledger from 2026-02-03)
"Sarah Edwards (Labour, Tamworth)",,,1,,,,No recorded activity on this area (ledger from 2026-02-03)
"Sarah Gibson (Liberal Democrat, Chippenham)",,,1,,,,No recorded activity on this area (ledger from 2026-02-03)
"Sarah Hall (Labour (Co-op), Warrington South)",,,1,,,,No recorded activity on this area (ledger from 2026-02-03)
"Sarah Jones (Labour, Croydon West)",,,1,,,,No recorded activity on this area (ledger from 2026-02-03)
"Sarah Pochin (Reform UK, Runcorn and Helsby)",,,1,,,,No recorded activity on this area (ledger from 2026-02-03)
"Sarah Russell (Labour, Congleton)",,,1,,,,No recorded activity on this area (ledger from 2026-02-03)
"Sarah Sackman (Labour, Finchley and Golders Green)",,,1,,,,No recorded activity on this area (ledger from 2026-02-03)
"Sarah Smith (Labour, Hyndburn)",,,1,,,,No recorded activity on this area (ledger from 2026-02-03)
"Satvir Kaur (Labour, Southampton Test)",,,1,,,,No recorded activity on this area (ledger from 2026-02-03)
"Seamus Logan (Scottish National Party, Aberdeenshire North and Moray East)",,,1,,,,No recorded activity on this area (ledger from 2026-02-03)
"Sean Woodcock (Labour, Banbury)",,,1,,,,No recorded activity on this area (ledger from 2026-02-03)
"Shabana Mahmood (Labour, Birmingham Ladywood)",,,1,,,,No recorded activity on this area (ledger from 2026-02-03)
"Shaun Davies (Labour, Telford)",,,1,,,,No recorded activity on this area (ledger from 2026-02-03)
"Shivani Raja (Conservative, Leicester East)",,,1,,,,No recorded activity on this area (ledger from 2026-02-03)
"Shockat Adam (Independent, Leicester South)",,,1,,,,No recorded activity on this area (ledger from 2026-02-03)
"Simon Hoare (Conservative, North Dorset)",,,1,,,,No recorded activity on this area (ledger from 2026-02-03)
"Simon Lightwood (Labour (Co-op), Wakefield and Rothwell)",,,1,,,,No recorded activity on this area (ledger from 2026-02-03)
"Sir Alan Campbell (Labour, Tynemouth)",,,1,,,,No recorded activity on this area (ledger from 2026-02-03)
"Sir Alec Shelbrooke (Conservative, Wetherby and Easingwold)",,,1,,,,No recorded activity on this area (ledger from 2026-02-03)
"Sir Andrew Mitchell (Conservative, Sutton Coldfield)",,,1,,,,No recorded activity on this area (ledger from 2026-02-03)
"Sir Ashley Fox (Conservative, Bridgwater)",,,1,,,,No recorded activity on this area (ledger from 2026-02-03)
"Sir Christopher Chope (Conservative, Christchurch)",,,1,,,,No recorded activity on this area (ledger from 2026-02-03)
"Sir Desmond Swayne (Conservative, New Forest West)",,,1,,,,No recorded activity on this area (ledger from 2026-02-03)
"Sir Gavin Williamson (Conservative, Stone, Great Wyrley and Penkridge)",,,1,,,,No recorded activity on this area (ledger from 2026-02-03)
"Sir Geoffrey Clifton-Brown (Conservative, North Cotswolds)",,,1,,,,No recorded activity on this area (ledger from 2026-02-03)
"Sir Geoffrey Cox (Conservative, Torridge and Tavistock)",,,1,,,,No recorded activity on this area (ledger from 2026-02-03)
"Sir Iain Duncan Smith (Conservative, Chingford and Woodford Green)",,,1,,,,No recorded activity on this area (ledger from 2026-02-03)
"Sir James Cleverly (Conservative, Braintree)",,,1,,,,No recorded activity on this area (ledger from 2026-02-03)
"Sir Jeremy Hunt (Conservative, Godalming and Ash)",,,1,,,,No recorded activity on this area (ledger from 2026-02-03)
"Sir Jeremy Wright (Conservative, Kenilworth and Southam)",,,1,,,,No recorded activity on this area (ledger from 2026-02-03)
"Sir John Hayes (Conservative, South Holland and The Deepings)",,,1,,,,No recorded activity on this area (ledger from 2026-02-03)
"Sir John Whittingdale (Conservative, Maldon)",,,1,,,,No recorded activity on this area (ledger from 2026-02-03)
"Sir Julian Smith (Conservative, Skipton and Ripon)",,,1,,,,No recorded activity on this area (ledger from 2026-02-03)
"Sir Mark Hendrick (Labour (Co-op), Preston)",,,1,,,,No recorded activity on this area (ledger from 2026-02-03)
"Sir Mark Tami (Labour, Alyn and Deeside)",,,1,,,,No recorded activity on this area (ledger from 2026-02-03)
"Sir Mel Stride (Conservative, Central Devon)",,,1,,,,No recorded activity on this area (ledger from 2026-02-03)
"Sir Nicholas Dakin (Labour, Scunthorpe)",,,1,,,,No recorded activity on this area (ledger from 2026-02-03)
"Sir Oliver Dowden (Conservative, Hertsmere)",,,1,,,,No recorded activity on this area (ledger from 2026-02-03)
"Sir Roger Gale (Conservative, Herne Bay and Sandwich)",,,1,,,,No recorded activity on this area (ledger from 2026-02-03)
"Sir Stephen Timms (Labour, East Ham)",,,1,,,,No recorded activity on this area (ledger from 2026-02-03)
"Siân Berry (Green Party, Brighton Pavilion)",,,1,,,,No recorded activity on this area (ledger from 2026-02-03)
"Sojan Joseph (Labour, Ashford)",,,1,,,,No recorded activity on this area (ledger from 2026-02-03)
"Sonia Kumar (Labour, Dudley)",,,1,,,,No recorded activity on this area (ledger from 2026-02-03)
"Steff Aquarone (Liberal Democrat, North Norfolk)",,,1,,,,No recorded activity on this area (ledger from 2026-02-03)
"Stephanie Peacock (Labour, Barnsley South)",,,1,,,,No recorded activity on this area (ledger from 2026-02-03)
"Stephen Kinnock (Labour, Aberafan Maesteg)",,,1,,,,No recorded activity on this area (ledger from 2026-02-03)
"Steve Barclay (Conservative, North East Cambridgeshire)",,,1,,,,No recorded activity on this area (ledger from 2026-02-03)
"Steve Darling (Liberal Democrat, Torbay)",,,1,,,,No recorded activity on this area (ledger from 2026-02-03)
"Steve Reed (Labour (Co-op), Streatham and Croydon North)",,,1,,,,No recorded activity on this area (ledger from 2026-02-03)
"Steve Witherden (Labour, Montgomeryshire and Glyndŵr)",,,1,,,,No recorded activity on this area (ledger from 2026-02-03)
"Steve Yemm (Labour, Mansfield)",,,1,,,,No recorded activity on this area (ledger from 2026-02-03)
"Stuart Anderson (Conservative, South Shropshire)",,,1,,,,No recorded activity on this area (ledger from 2026-02-03)
"Sureena Brackenridge (Labour, Wolverhampton North East)",,,1,,,,No recorded activity on this area (ledger from 2026-02-03)
"Susan Murray (Liberal Democrat, Mid Dunbartonshire)",,,1,,,,No recorded activity on this area (ledger from 2026-02-03)
"Tahir Ali (Labour, Birmingham Hall Green and Moseley)",,,1,,,,No recorded activity on this area (ledger from 2026-02-03)
"Taiwo Owatemi (Labour, Coventry North West)",,,1,,,,No recorded activity on this area (ledger from 2026-02-03)
"Terry Jermy (Labour, South West Norfolk)",,,1,,,,No recorded activity on this area (ledger from 2026-02-03)
"Tessa Munt (Liberal Democrat, Wells and Mendip Hills)",,,1,,,,No recorded activity on this area (ledger from 2026-02-03)
"Tim Farron (Liberal Democrat, Westmorland and Lonsdale)",,,1,,,,No recorded activity on this area (ledger from 2026-02-03)
"Tom Collins (Labour, Worcester)",,,1,,,,No recorded activity on this area (ledger from 2026-02-03)
"Tom Gordon (Liberal Democrat, Harrogate and Knaresborough)",,,1,,,,No recorded activity on this area (ledger from 2026-02-03)
"Tom Morrison (Liberal Democrat, Cheadle)",,,1,,,,No recorded activity on this area (ledger from 2026-02-03)
"Tom Rutland (Labour, East Worthing and Shoreham)",,,1,,,,No recorded activity on this area (ledger from 2026-02-03)
"Tom Tugendhat (Conservative, Tonbridge)",,,1,,,,No recorded activity on this area (ledger from 2026-02-03)
"Tony Vaughan (Labour, Folkestone and Hythe)",,,1,,,,No recorded activity on this area (ledger from 2026-02-03)
"Torcuil Crichton (Labour, Na h-Eileanan an Iar)",,,1,,,,No recorded activity on this area (ledger from 2026-02-03)
"Torsten Bell (Labour, Swansea West)",,,1,,,,No recorded activity on this area (ledger from 2026-02-03)
"Tristan Osborne (Labour, Chatham and Aylesford)",,,1,,,,No recorded activity on this area (ledger from 2026-02-03)
"Uma Kumaran (Labour, Stratford and Bow)",,,1,,,,No recorded activity on this area (ledger from 2026-02-03)
"Valerie Vaz (Labour, Walsall and Bloxwich)",,,1,,,,No recorded activity on this area (ledger from 2026-02-03)
"Vikki Slade (Liberal Democrat, Mid Dorset and North Poole)",,,1,,,,No recorded activity on this area (ledger from 2026-02-03)
"Wendy Morton (Conservative, Aldridge-Brownhills)",,,1,,,,No recorded activity on this area (ledger from 2026-02-03)
"Yuan Yang (Labour, Earley and Woodley)",,,1,,,,No recorded activity on this area (ledger from 2026-02-03)
"Yvette Cooper (Labour, Pontefract, Castleford and Knottingley)",,,1,,,,No recorded activity on this area (ledger from 2026-02-03)
"Zöe Franklin (Liberal Democrat, Guildford)",,,1,,,,No recorded activity on this area (ledger from 2026-02-03)
"Órfhlaith Begley (Sinn Féin, West Tyrone)",,,1,,,,No recorded activity on this area (ledger from 2026-02-03)
"Dan Carden (Labour, Liverpool Walton)",,,,1,,,"2023-12-08 PQ: Conversion Therapy ""Conversion Therapy"" [0: Neutral procedural query on consultation response timetable] | 2022-11-03 PQ: Conversion Therapy ""To ask the Minister for Women and Equalities, what work has been undertaken by her Department on transgender conversion practices since the Government set out its plans on this topic in its background briefing to the Queen’s Speech in May 2022."" [0: Neutral factual query about government progress on ban plans] | 2022-11-03 PQ: Conversion Therapy ""To ask the Minister for Women and Equalities, which accredited medical, counselling or psychological organisations support the Government’s plan to exclude transgender people from a ban on conversion practices."" [-: Question criticises exclusion of transgender people from ban, pushing for broader ban] | 2022-11-03 PQ: Conversion Therapy ""Conversion Therapy"" [0: Neutral procedural question about departmental consultations] | 2022-11-03 PQ: Conversion Therapy ""Conversion Therapy"" [0: Neutral information-seeking about international discussions, no stance shown] | 2022-11-03 PQ: Conversion Therapy: Wales ""Conversion Therapy: Wales"" [-: Question pushes for banning LGBT conversion practices, leans against CitizenGO position] | 2022-11-03 PQ: Conversion Therapy: Scotland ""Conversion Therapy: Scotland"" [0: Factual information-seeking about Scottish recommendations, no direction shown] | 2022-01-27 PQ: Conversion Therapy: Children ""Conversion Therapy: Children"" [-: Pushes for stronger safeguarding guidance against conversion therapy in schools] | 2020-10-14 PQ: Conversion Therapy ""Conversion Therapy"" [0: Neutral factual question on government's legislative plans for conversion therapy ban]"
"Stephen Morgan (Labour, Portsmouth South)",,,,1,,,"2023-12-08 PQ: Conversion Therapy ""Conversion Therapy"" [0: Neutral procedural query on conversion therapy consultation timing] | 2023-11-14 DEBATE: Spoke: Economic Growth (re: conversion therapy) ""With so few Bills included in the King’s Speech, there is absolutely no excuse for some of its omissions. Much-needed Bills on mental health, for renters and to support victims have been dropped. The failure to ban so-called conversion therapy represents a..."" [0: General economic critique speech with no substantive conversion therapy content] | 2022-11-03 PQ: Conversion Therapy ""To ask the Minister for Women and Equalities, what work has been undertaken by her Department on transgender conversion practices since the Government set out its plans on this topic in its background briefing to the Queen’s Speech in May 2022."" [0: Neutral factual query about government progress on ban plans] | 2022-11-03 PQ: Conversion Therapy ""To ask the Minister for Women and Equalities, which accredited medical, counselling or psychological organisations support the Government’s plan to exclude transgender people from a ban on conversion practices."" [-: Question criticises exclusion of transgender people from ban, pushing for broader ban] | 2022-11-03 PQ: Conversion Therapy ""Conversion Therapy"" [0: Neutral procedural question about departmental consultations] | 2022-11-03 PQ: Conversion Therapy ""Conversion Therapy"" [0: Neutral information-seeking about international discussions, no stance shown] | 2022-11-03 PQ: Conversion Therapy: Wales ""To ask the Minister for Women and Equalities, what discussions she has had with the Welsh Government on banning sexual orientation and transgender conversion practices."" [-: Question pushes for banning conversion practices including transgender, leans against CitizenGO position] | 2022-11-03 PQ: Conversion Therapy: Scotland ""Conversion Therapy: Scotland"" [0: Factual information-seeking about Scottish recommendations, no direction shown] | 2021-07-09 PQ: Conversion Therapy ""Conversion Therapy"" [-: Pushes government toward banning conversion therapy]"
"Kim Johnson (Labour, Liverpool Riverside)",,,,1,,,"2022-11-03 PQ: Conversion Therapy ""To ask the Minister for Women and Equalities, what work has been undertaken by her Department on transgender conversion practices since the Government set out its plans on this topic in its background briefing to the Queen’s Speech in May 2022."" [0: Neutral information-seeking about departmental work on conversion practices] | 2022-11-03 PQ: Conversion Therapy ""To ask the Minister for Women and Equalities, which accredited medical, counselling or psychological organisations support the Government’s plan to exclude transgender people from a ban on conversion practices."" [-: Frames trans exclusion from ban as needing justification, favouring broader ban] | 2022-11-03 PQ: Conversion Therapy ""Conversion Therapy"" [0: Neutral factual query on consultation with medical bodies] | 2022-11-03 PQ: Conversion Therapy ""Conversion Therapy"" [0: Neutral query on international discussions, no direction shown] | 2022-11-03 PQ: Conversion Therapy: Wales ""To ask the Minister for Women and Equalities, what discussions she has had with the Welsh Government on banning sexual orientation and transgender conversion practices."" [0: Neutral factual question on Welsh Government discussions] | 2022-11-03 PQ: Conversion Therapy: Scotland ""Conversion Therapy: Scotland"" [0: Neutral request for assessment of Scottish recommendations] | 2021-10-22 PQ: Conversion Therapy: Victim Support Schemes ""Conversion Therapy: Victim Support Schemes"" [-: Pushes for victim support services for conversion therapy, assumes ban framing] | 2021-07-01 DEBATE: Spoke:  Pride Month (re: conversion therapy) ""The diversity of Liverpool is one of our greatest strengths, and those attacks show that we must do more to ensure that everyone is welcome on our streets, and that violence, hatred and bigotry are not. Although responsibility for the attacks must be borne by..."" [0: General Pride solidarity speech, no direct mention of conversion therapy or single-sex spaces]"
"Kirsty Blackman (Scottish National Party, Aberdeen North)",,,,1,,,"2026-06-04 DEBATE: Spoke:  Pride Month (re: puberty blocker) ""I turn to the EHRC guidance, how it will work and the impact it will have on people’s lives. An MP should be allowed to choose to tell people, from the Dispatch Box or elsewhere in this Chamber, that they are lesbian, gay, bisexual, or queer. They should be..."" [-: Advocates for conversion therapy ban and LGBT rights framing, against CitizenGO's concerns] | 2026-06-04 DEBATE: Spoke:  Pride Month (re: conversion therapy) ""I appreciate the point the Minister is making, but the Government have long spoken about a Bill to ban conversion therapy. In fact, they have been talking about bringing forward draft legislation for nearly two years. Can the Minister give us a concrete..."" [-: Presses government to expedite conversion therapy ban legislation] | 2026-02-26 PQ: Conversion Therapy ""To ask the Minister for Women and Equalities, when she expects to publish the draft Conversion Practices Bill announced in the 2024 King's Speech."" [-: Presses government to advance Conversion Practices Bill, against CitizenGO's caution] | 2023-01-17 DEBATE: Spoke:  Online Safety Bill ""Online Safety Bill"" [-: Pushes default opt-in restrictions on legal harmful content, extending regulation beyond illegality bar]"
"Dawn Butler (Labour, Brent East)",,,,1,,,"2021-07-12 PQ: Conversion Therapy ""Conversion Therapy"" [-: Cites foreign bans to push UK conversion therapy legislation] | 2021-07-09 PQ: Conversion Therapy ""Conversion Therapy"" [-: Pushes for ban on conversion practices in healthcare] | 2021-06-01 PQ: Conversion Therapy: Australia ""Conversion Therapy: Australia"" [-: Suggests broad Australian model banning conversion practices as template]"
"Gerald Jones (Labour, Merthyr Tydfil and Aberdare)",,,,1,,,"2023-11-15 DEBATE: Spoke: Violence Reduction, Policing and  Criminal Justice (re: conversion therapy) ""It is hard to understand why, after countless promises, there is no legislation to ban conversion therapy in this Parliament. That is an absolute betrayal of the LGBT+ community and people at risk of such abhorrent treatment. We know that conversion practices..."" [0: General policing/King's Speech critique, no substantive comment on conversion therapy] | 2023-06-15 DEBATE: Spoke: Pride Month (re: conversion therapy) ""The Civil Partnership Act 2004 gave same-sex couples almost identical rights as married straight couples, which was first time that the legal status of same-sex relationships was fully acknowledged in law, and the Gender Recognition Act 2004 allowed trans..."" [-: General celebration of LGBT progress in conversion therapy debate, no safeguard concerns raised] | 2022-05-11 DEBATE: Spoke: Preventing Crime and Delivering Justice (re: conversion therapy) ""I am pleased to see that the ban on conversion therapy is in the Queen’s Speech, because it is long overdue. However, it should be a complete ban, with no fudging and no vague approach that will leave loopholes, which will no doubt be exploited."" [0: Speech focuses on cost-of-living crisis, no substantive conversion therapy content]"
"Yasmin Qureshi (Labour, Bolton South and Walkden)",,,,1,,,"2026-04-29 PQ: Conversion Therapy ""Conversion Therapy"" [-: Pushes for conversion therapy ban legislation in King's Speech] | 2022-11-07 PQ: Conversion Therapy: Wales ""To ask the Minister for Women and Equalities, what discussions she has had with the Welsh Government on banning sexual orientation and transgender conversion practices."" [0: Neutral information-seeking on Welsh Government discussions] | 2022-11-07 PQ: Conversion Therapy: Scotland ""Conversion Therapy: Scotland"" [0: Neutral request for policy implications assessment, no direction shown]"
"Cat Smith (Labour, Lancaster and Wyre)",,,,1,,,"2025-05-07 PQ: Conversion Therapy ""Conversion Therapy"" [-: Pushes government to advance conversion practices ban, against religious freedom concerns] | 2023-11-14 DEBATE: Spoke: Economic Growth (re: conversion therapy) ""The other petition concerns the banning of conversion therapy. It is a horrible thing and I think the word “therapy” is very misleading. The petition has cross-party support and has received a huge amount of support from members of the public when there have..."" [0: General remarks on petitions and democracy, no substantive comment on conversion practices]"
"Chris Bryant (Labour, Rhondda and Ogmore)",,,,1,,,"2025-06-23 DEBATE: Spoke:  Pride Month (re: decriminalis) ""We are also strengthening healthcare services for trans people. We are launching a review of gender identity services to ensure they meet modern standards of equality, safety and accessibility. That includes reducing waiting times, expanding service capacity..."" [-: Pride Month speech defending trans people from perceived attacks, contrary to gender critical stance] | 2023-06-15 DEBATE: Spoke:  Business of the House (re: conversion therapy) ""What I really want is a debate on Conservative Members’ understanding of the concept of time, because the right hon. Member for Mid Bedfordshire (Ms Dorries) said that she was resigning with immediate effect, and the Government said last October that they..."" [-: Presses government to speed up conversion therapy ban legislation]"
"James Murray (Labour (Co-op), Ealing North)",,,,1,,,"2022-11-07 PQ: Conversion Therapy ""To ask the Minister for Women and Equalities, what recent steps her Department has taken to progress the Government plans published in its background briefing to the Queen’s Speech on further exploring the issue of transgender conversion practices."" [0: Neutral inquiry into government progress on conversion practices plans] | 2021-07-01 DEBATE: Spoke:  Pride Month (re: conversion therapy) ""As we have heard, conversion therapy has no place in modern Britain and should already have been banned. A survey in 2018 found that well over half of the people subject to this practice had suffered mental health issues as a result, with a third having..."" [-: Celebrates LGBT+ rights progress broadly, framing supportive of expanding protections including conversion therapy context]"
"Peter Swallow (Labour, Bracknell)",,,,1,,,"2026-06-04 DEBATE: Spoke:  Pride Month (re: conversion therapy) ""In her opening speech, the Minister rightly recognised that the progress made on LGBT+ rights has been hard won, and that the battle for a society where LGBT+ people can truly live without fear of hate and discrimination is far from over. Through the Crime..."" [-: Defends LGBT+ community broadly, implicitly critical of views defending single-sex spaces or therapy freedom] | 2026-05-14 DEBATE: Spoke: Getting Britain Working Again (re: conversion practices) ""Finally, I will touch on something a bit more personal, but no less important. There is no place in the Britain I know and love for abusive conversion practices to continue. The promise we made to ban them is one we must keep, and I offer my full support to..."" [0: General King's Speech praise, no reference to conversion practices content]"
"Preet Kaur Gill (Labour (Co-op), Birmingham Edgbaston)",,,,1,,,"2020-06-05 PQ: Conversion Therapy ""Conversion Therapy"" [-: Questions adequacy of law to end conversion therapy, favouring a ban] | 2020-06-05 PQ: Conversion Therapy ""Conversion Therapy"" [-: Pushes for timetable to end conversion therapy, opposing CitizenGO concerns]"
"Seema Malhotra (Labour (Co-op), Feltham and Heston)",,,,1,,,"CONFLICTING SIGNALS - review all evidence | 2025-05-19 DEBATE: Spoke: Gender Self-identification ""We have said that we will look at gender recognition reform. Our immediate priority, as laid out in the King’s Speech, is to make sure that we have a trans-inclusive ban on conversion practices, to strengthen hate crime protections for trans people, and to..."" [-: Supports trans-inclusive conversion practices ban and expanded trans rights/protections] | 2025-05-19 DEBATE: Spoke: Gender Self-identification ""Gender Self-identification"" [+: Notes commitment to Cass report and protecting single-sex spaces post-Supreme Court ruling]"
"Amanda Martin (Labour, Portsmouth North)",,,,1,,,"2025-06-23 DEBATE: Spoke:  Pride Month (re: conversion therapy) ""I am proud of the actions of this Government and other Governments, both historically and currently. I am proud of the changes to bring about the equal age of consent, the repeal of section 28, the Civil Partnership Act 2004, the commitment to banning..."" [-: Celebrates LGBT+ organisations and Pride, signalling support for inclusive stance conflicting with conversion therapy caution]"
"Dr Roz Savage (Liberal Democrat, South Cotswolds)",,,,1,,,"2025-06-24 PQ: Conversion Therapy ""Conversion Therapy"" [-: Pushes government to ban conversion practices, against CitizenGO's concern]"
"Feryal Clark (Labour, Enfield North)",,,,1,,,"2021-11-26 PQ: Conversion Therapy: Crime ""Conversion Therapy: Crime"" [-: Supports criminalising aiding conversion therapy removal, against therapy freedom concerns]"
"Ian Byrne (Labour, Liverpool West Derby)",,,,1,,,"2021-07-01 DEBATE: Spoke:  Pride Month (re: conversion therapy) ""Education is a huge part of the solution—I know that from personal experience. An education was given to me by the likes of my hon. Friend the Member for Liverpool, Walton, when we worked together on his campaign to ban the abhorrent practice of conversion..."" [-: Criticises anti-LGBT laws like Orbán's ban, supportive of LGBT rights broadly]"
"Kim Leadbeater (Labour, Spen Valley)",,,,1,,,"2025-12-19 PQ: Conversion Therapy ""Conversion Therapy"" [-: Pushes for swift trans-inclusive conversion therapy ban, against therapy/religious freedom concerns]"
"Lilian Greenwood (Labour, Nottingham South)",,,,1,,,"2021-06-17 PQ: Conversion Therapy ""Conversion Therapy"" [-: Repeats push for survivor-led conversion therapy ban consultation]"
"Mr Alex Barros-Curtis (Labour, Cardiff West)",,,,1,,,"2025-02-04 PQ: Conversion Therapy ""To ask the Minister for Women and Equalities, what progress she has made on bringing forward the Conversion Practices Bill to ban conversion therapy for LGBTQ+ people; and whether there is a timeline for its introduction."" [-: Presses government to expedite conversion practices ban, favouring the ban]"
"Rebecca Long Bailey (Labour, Salford)",,,,1,,,"2023-11-13 DEBATE: Spoke: Building an NHS Fit for the Future (re: conversion therapy) ""The mental health Bill was abandoned yet again, despite being a manifesto promise in 2017 and 2019, and despite there being a clear mental health crisis. There was no conversion therapy ban, despite it being promised repeatedly by the Government."" [-: Criticises government for failing to deliver promised conversion therapy ban]"
"Rishi Sunak (Conservative, Richmond and Northallerton)",,,,1,,,"2023-07-19 DEBATE: Spoke: Engagements (re: conversion therapy) ""I thank my hon. Friend for her question. I agree with her that conversion therapy is an abhorrent practice, and we need to do everything we can to stamp it out wherever we see it. The Minister for Women and Equalities, my right hon. Friend the Member for..."" [-: Calls conversion therapy abhorrent and vows to stamp it out, favouring a ban]"
"Tim Roca (Labour, Macclesfield)",,,,1,,,"2026-06-04 DEBATE: Spoke:  Pride Month (re: conversion practices) ""Before I turn to some of my concerns, let me say a little of the good. I am proud to have supported my hon. Friend the Member for North Warwickshire and Bedworth (Rachel Taylor) in her campaign to make LGBT+ hate crimes aggravated offences that carry tougher..."" [-: Celebrates LGBTQ+ community broadly, implicitly supportive of wider LGBT policy agenda]"
"Victoria Collins (Liberal Democrat, Harpenden and Berkhamsted)",,,,1,,,"2025-07-07 PQ: Conversion Therapy ""Conversion Therapy"" [-: Pushes for progress on conversion practices ban, against therapy/religious freedom concerns]"
"Will Stone (Labour, Swindon North)",,,,1,,,"2026-07-06 PQ: Conversion Therapy ""Conversion Therapy"" [-: Seeks narrower healthcare exemption, weakening therapy freedom protections]"
"Anneliese Dodds (Labour (Co-op), Oxford East)",,,,,1,,"CONFLICTING SIGNALS - review all evidence | 2023-12-06 DEBATE: Spoke: Conversion Practices ""I am grateful to the hon. Gentleman for raising those issues. However, they are distinct from a ban on the practice of conversion therapy. I will come back to the exact drafting and how a ban should operate. I am slightly surprised that no one has mentioned..."" [+: Cautious on conversion therapy ban, defers to Cass Review before acting on youth gender treatment policy] | 2023-12-06 DEBATE: Spoke: Conversion Practices ""I am grateful to the hon. Member, but I will not take any more interventions—I am conscious that there are others who need to speak. The point about surgical and medical interventions is precisely what the Cass review has been working on. I will come to the..."" [--: Criticises government for delaying ban on 'abusive' conversion practices, pushing for ban] | 2023-12-06 DEBATE: Spoke: Conversion Practices ""We have been here before, and we have already heard all the excuses for the lack of action. Eighteen months ago, I asked whether the Government had gathered any evidence about the impact of a well-drafted ban on conversion practices on the provision of..."" [-: Presses government to speed up a conversion practices ban, favouring legislation CitizenGO is wary of] | 2023-12-06 DEBATE: Spoke: Conversion Practices ""A ban would not cover quiet conversations and friendships, contrary to the claims of the right hon. Member for South Holland and The Deepings (Sir John Hayes). A ban would not cover discussions within families, which are based on the need for love and..."" [-: Defends conversion practices ban, downplaying religious and pastoral freedom concerns] | 2023-12-06 DEBATE: Spoke: Conversion Practices ""I do not know how others are feeling, but I have to confess to a certain sense of déjà vu. Just 18 months ago, we were in this Chamber considering a Petitions Committee debate on transgender conversion therapy. That debate, like this one, featured..."" [--: Strongly pushes for swift ban on conversion practices, opposing therapy/religious freedom concerns] | 2023-12-06 DEBATE: Spoke: Conversion Practices ""Conversion Practices"" [--: Dismisses concerns over chilling effect of trans-inclusive conversion therapy ban] | 2023-10-25 DEBATE: Spoke: LGBT People (re: conversion therapy) ""Almost 2,000 days have passed since the Government first promised to ban conversion therapy, and 533 days have passed since a conversion therapy Bill was promised in the last Queen’s Speech. The delays are not this Minister’s responsibility; according to the..."" [--: Pressures government to commit to full loophole-free conversion therapy ban] | 2023-06-15 DEBATE: Spoke: Pride Month (re: conversion therapy) ""We need to tackle the issues around LGBT+ healthcare as well. We will ensure that we have one of the biggest expansions of the NHS workforce in history so that everyone, including LGBT+ people, can access the treatment that they need on time. We will heed the..."" [-: Advocates comprehensive conversion practices ban, contrary to concerns over therapy freedom] | 2023-06-07 DEBATE: Spoke: Trans and Non-binary Children (re: conversion therapy) ""We have had noises off and rumours about this in the newspapers for over a year, and still no delivery. The sad truth is that schools are being left in limbo by a Government who are, yet again, focused on internal battles. Their LGBT action plan has..."" [-: Criticises Government delay in banning conversion therapy, urging faster ban] | 2023-03-16 PQ: Conversion Therapy ""Conversion Therapy"" [0: Neutral timing question about legislative proposals] | 2023-03-16 PQ: Conversion Therapy ""Conversion Therapy"" [0: Procedural question about departmental sponsorship, no direction shown] | 2023-02-02 DEBATE: Spoke: LGBT History Month (re: gender identity service) ""The next Labour Government will break new ground by introducing a full, trans-inclusive ban on conversion therapy, and we will do so without putting legitimate talking therapies at risk. We will fix the historic injustice by equalising the law so that crimes..."" [0: General LGBT equality tribute, no specific claim on listed areas] | 2023-02-02 PQ: Conversion Therapy ""Conversion Therapy"" [0: Procedural request for legislative timetable, no direction indicated] | 2022-06-30 DEBATE: Spoke:  50 Years of Pride in the UK (re: conversion therapy) ""This is an international embarrassment. It shows that the Government need to rethink their approach on this issue, but so far we have not seen that. As has been mentioned, even the proposals to ban conversion therapy on the basis of sexual orientation still..."" [0: Celebrates Pride history, no specific stance on conversion therapy ban or migration] | 2022-06-30 DEBATE: Spoke:  50 Years of Pride in the UK (re: conversion therapy) ""We will strengthen and equalise the law so that LGBT+ hate crimes attract the tougher sentences they deserve; they are not currently treated on a level playing field. We will ban all forms of conversion therapy outright, including trans conversion therapy,..."" [--: Champions LGBT+ strategy, trans healthcare and GRA reform, opposing single-sex space protections] | 2022-06-13 DEBATE: Spoke: Transgender Conversion Therapy ""It is imperative that a trans-inclusive ban must not have an impact on the provision of services for children and young people. Indeed, the interim Cass review has highlighted the extent to which there is a disturbing lack of support and healthcare for..."" [-: Supports trans-inclusive conversion therapy ban, despite seeking careful wording and family carve-outs] | 2022-06-13 DEBATE: Spoke: Transgender Conversion Therapy ""Transgender Conversion Therapy"" [--: Celebrates Pride and criticises government retreat from conversion therapy ban plans] | 2022-06-13 DEBATE: Spoke: Transgender Conversion Therapy ""Transgender Conversion Therapy"" [--: Advocates for trans-inclusive conversion therapy ban with no carve-outs, opposing CitizenGO's therapy freedom concerns] | 2022-05-23 DEBATE: Spoke: Legal Recognition of Non-binary  Gender Identities (re: Cass Review) ""Of course, we are discussing the matter in the context of the Government rowing back on their commitment to adopt a ban on conversion therapy that would cover trans people. Let me be crystal clear. Such a ban must not cover psychological support and..."" [+: Insists conversion therapy ban must exclude non-directive counselling and pastoral support] | 2022-03-28 PQ: Conversion Therapy ""Conversion Therapy"" [0: Seeks data on conversion therapy impact, information gathering not directional] | 2022-02-21 DEBATE: Spoke: Gender Recognition Act ""It is important that we do not conflate gender with sex. We did slide into that quite a number of times during the discussion. We must not conflate gender reassignment with sexuality—it also felt like that took place at certain points. When we have that..."" [-: Frames trans identity as beyond debate, minimises concerns underlying single-sex space and therapy protections] | 2022-01-20 PQ: LGBT+ People (re: conversion therapy) [0: Neutral procedural question on status of LGBT Action Plan] | 2022-01-20 PQ: LGBT+ People: Surveys (re: conversion therapy) [0: Neutral procedural question about document publication timing] | 2022-01-10 PQ: LGBT Advisory Panel: Public Appointments (re: conversion therapy) [0: Neutral procedural question on advisory panel recruitment progress]"
"Alicia Kearns (Conservative, Rutland and Stamford)",,,,,1,,"2024-03-01 DEBATE: Spoke:  Conversion Practices (Prohibition) Bill ""Conversion Practices (Prohibition) Bill"" [--: Strongly advocates banning conversion therapy, opposing therapy freedom concerns] | 2024-03-01 DEBATE: Spoke:  Conversion Practices (Prohibition) Bill ""Conversion Practices (Prohibition) Bill"" [--: Strongly champions Conversion Practices Bill, dismisses opponents' concerns] | 2024-03-01 DEBATE: Spoke:  Conversion Practices (Prohibition) Bill ""On 31 January 2023 I tabled an amendment to the Online Safety Bill on conversion therapy. We had the numbers, but I told the Government that if they said in a written ministerial statement and on the Floor of this House that they would commit to..."" [-: Presses government to deliver promised conversion therapy ban, pushing against exemptions CitizenGO seeks] | 2023-07-19 DEBATE: Spoke: Engagements (re: conversion therapy) ""Conversion therapy is quackery packaged up by bigots seeking to promote their hate and to profit from it. On 19 January, a Minister promised at the Dispatch Box to bring forward a ban against conversion therapy and ensure that pre-legislative scrutiny was..."" [--: Calls conversion therapy quackery by bigots and urges swift ban, opposing therapy freedom concerns] | 2023-06-19 PQ: Conversion Therapy ""Conversion Therapy"" [-: Asks about introducing ban bill this term, opposes CitizenGO's conversion therapy position] | 2023-06-19 PQ: Conversion Therapy ""Conversion Therapy"" [-: Demands recent steps on banning conversion therapy, against CitizenGO's freedom concerns] | 2023-06-19 PQ: Conversion Therapy ""Conversion Therapy"" [-: Seeks acceleration of pre-legislative scrutiny for ban, opposes CitizenGO's stance] | 2023-03-16 DEBATE: Spoke:  Business of the House (re: conversion therapy) ""Sexual orientation is not a pathology, and it does not need treating. Conversion therapy is quackery by charlatans, who package it up to try to hide their bigotry. The Leader of the House has been incredibly supportive of my proposed ban on conversion..."" [--: Strongly advocates banning conversion therapy, dismissing concerns as bigotry] | 2023-03-16 PQ: Conversion Therapy ""Conversion Therapy"" [0: Neutral inquiry about scrutiny timeline for conversion therapy bill] | 2023-03-06 PQ: Conversion Therapy ""Conversion Therapy"" [-: Pushes government to advance conversion therapy ban legislation] | 2023-01-17 DEBATE: Spoke:  Gender Recognition Reform (Scotland) Bill: Section 35 Power ""Gender Recognition Reform (Scotland) Bill: Section 35 Power"" [-: Takes credit for delivering conversion therapy ban, opposing CitizenGO's concerns on such bans] | 2022-12-02 PQ: Conversion Therapy ""Conversion Therapy"" [-: Pushes government to hasten a broad conversion therapy ban, against CitizenGO's caution] | 2022-11-03 PQ: Conversion Therapy ""Conversion Therapy"" [0: Neutral timetable inquiry on conversion therapy ban progress] | 2022-06-13 DEBATE: Spoke: Transgender Conversion Therapy ""The Cass review, which many cite as a reason to exclude transgender people from a ban, is unequivocal. It calls for expanded support for trans healthcare and better service provision. Hilary Cass has said that her work does not impede the bringing forward of..."" [--: Strongly supports broad conversion therapy ban, dismisses therapy freedom concerns] | 2022-06-13 DEBATE: Spoke: Transgender Conversion Therapy ""Transgender Conversion Therapy"" [-: Downplays concerns about rushing minors into gender treatment, minimising safeguarding worries] | 2021-11-26 PQ: Conversion Therapy: Transgender People ""Conversion Therapy: Transgender People"" [0: Neutral factual query referencing conversion therapy consultation and clinical guidance] | 2021-03-17 PQ: Gay Conversion Therapy ""Gay Conversion Therapy"" [-: Explores merits of foreign conversion therapy bans, leaning toward supporting a ban] | 2021-03-08 DEBATE: Spoke:  LGBT Conversion Therapy ""Finally, some opponents claim that transgender individuals should be removed from the legislation. It is quite straightforward to introduce a safeguard for professionally accredited individuals who can assist persons considering undergoing a gender..."" [--: Strongly advocates for a conversion therapy ban, dismissing consent and religious objections] | 2021-02-02 PQ: Development Aid: Conversion Therapy ""Development Aid: Conversion Therapy"" [0: Factual question on which countries UK supports ending conversion therapy] | 2020-09-23 DEBATE: Spoke: Topical Questions (re: conversion therapy) ""I am grateful to my right hon. Friend, as well as to the Secretary of State for Health and Social Care and the Prime Minister, for backing my campaign to end the abhorrent practice of so-called LGBT conversion therapy. Will my right hon. Friend kindly update..."" [--: Campaigns for legislation banning conversion therapy, urging swift government action] | 2020-09-01 DEBATE: Spoke: Topical Questions (re: conversion therapy) ""LGBT so-called conversion therapy is an abhorrent and fraudulent practice, so please will my right hon. Friend confirm to me and all my Conservative colleagues across the House who care deeply about this issue that he will do all he can to end this abusive..."" [--: Presses government to swiftly ban conversion therapy, opposing therapy/religious freedom concerns] | 2020-06-15 PQ: Coronavirus Job Retention Scheme (re: conversion therapy) ""To ask the Minister for Women and Equalities, what assessment she has made of the implications for her policies of (a) the UK Council of Psychotherapy Conversion Therapy Consensus Statement, published in June 2014, and (b) the decisions of the governments"" [0: References conversion therapy consensus statement, direction unclear from text]"
"Dame Nia Griffith (Labour, Llanelli)",,,,,1,,"CONFLICTING SIGNALS - review all evidence | 2025-04-24 DEBATE: Spoke: Lesbian Visibility Week (re: conversion practices) ""As we continue to work towards meaningful visibility and equality, it is also essential that we have legal clarity on the rights of women, including lesbian women, to single-sex spaces and services. Last week’s ruling by the Supreme Court in the case of For..."" [--: Praises the conversion practices ban and LGBT rights framing, opposing CitizenGO's concerns] | 2025-02-13 DEBATE: Spoke:  LGBT+ History Month (re: Cass Review) ""In 2018, the previous Government introduced LGBT+ people into the relationships, sex and health education curriculum. The reality of diverse family types would, in stark contrast to section 28, be taught as a fact of life in modern Britain. As the House is..."" [0: Discusses RSHE review and Cass review neutrally, no clear stance on youth gender medicine or single-sex spaces] | 2025-02-13 DEBATE: Spoke:  LGBT+ History Month (re: puberty blocker) ""My hon. Friend the Member for Jarrow and Gateshead East (Kate Osborne) was quick to remind us how proud she is of her diversity and of the importance of activism in stopping attitudes backsliding. I was sorry to hear of the unfortunate happenings after the..."" [--: Confirms government's commitment to a fully trans-inclusive conversion practices ban] | 2023-11-29 DEBATE: Spoke:  Section 28 Repeal: 20th Anniversary (re: conversion therapy) ""Will the Minister’s Government now make time to bring forward legislation for an outright ban on all forms of so-called gay conversion therapy to protect all LGBT+ people from this abhorrent practice, or agree to give full support and speedy passage to a..."" [--: Calls for outright ban on all conversion therapy and easier gender recognition process] | 2023-11-29 DEBATE: Spoke:  Section 28 Repeal: 20th Anniversary (re: conversion therapy) ""Thankfully, the Labour Governments of 1997 to 2010 faced down fierce opposition and championed LGBT rights, including by repealing section 28. Not only did Labour repeal section 28, with the repeal taking effect on 18 November 2003, but we achieved an equal..."" [-: Praises LGBT rights advance, criticises anti-trans rhetoric, implicitly favours conversion ban and trans inclusion] | 2022-11-30 DEBATE: Spoke: Conversion Therapy: Legislation ""Conversion Therapy: Legislation"" [--: Pushes hard for swift comprehensive conversion therapy ban including trans protections] | 2022-11-30 DEBATE: Spoke: Conversion Therapy: Legislation ""Conversion Therapy: Legislation"" [0: Neutral procedural question about timetable for conversion therapy legislation] | 2022-06-13 DEBATE: Spoke: Transgender Conversion Therapy ""Transgender Conversion Therapy"" [--: Strongly advocates trans-inclusive conversion therapy ban, opposing therapy freedom concerns] | 2022-01-26 PQ: Conversion Therapy: Canada ""Conversion Therapy: Canada"" [0: Neutral comparative policy assessment query] | 2022-01-26 PQ: Conversion Therapy ""Conversion Therapy"" [0: Neutral query on consistency across devolved nations] | 2022-01-25 PQ: Conversion Therapy ""Conversion Therapy"" [-: Probes impact of consent exemption, suggesting scepticism of therapy freedom carve-outs] | 2022-01-25 PQ: Conversion Therapy ""Conversion Therapy"" [-: Questions consent defence, implying support for broader ban without exemptions] | 2022-01-25 PQ: Conversion Therapy: France ""Conversion Therapy: France"" [+: Highlights exclusion of provision, implying concern over scope of France's ban] | 2022-01-20 DEBATE: Spoke:  Business of the House (re: conversion therapy) ""It is now over three years since the Prime Minister promised to ban the abhorrent practice of gay conversion therapy, so when will the Government act decisively and bring forward legislation to ban the practice and ensure that the legislation, like that..."" [--: Urges strict conversion therapy ban with no consent loopholes, opposing CitizenGO's freedom concerns] | 2022-01-12 PQ: Conversion Therapy ""Conversion Therapy"" [0: Neutral procedural question on consultation progress, no direction shown]"
"Wera Hobhouse (Liberal Democrat, Bath)",,,,,1,,"2026-05-14 DEBATE: Spoke: Getting Britain Working Again (re: conversion therapy) ""Along with the hon. Member and other colleagues, I have been campaigning on bringing in a trans-inclusive conversion therapy Bill to ban that awful practice. Will she support me in asking for a proper timeline for when the legislation will be introduced?"" [--: Actively campaigns for trans-inclusive conversion therapy ban, pushing for legislative timeline] | 2024-05-17 EDM-SIGNED: Signed EDM: ILGA-Europe Rainbow Map (re: conversion practices) [--: Criticises delay in banning conversion practices and migration enforcement affecting LGBTI migrants] | 2023-09-14 DEBATE: Spoke:  Business of the House (re: conversion therapy) ""Conversion therapy is an appalling and most cruel practice that is essentially aimed at changing who a person is. In the past five years, the Government have promised again and again to bring forward draft proposals to ban conversion therapy, but so far..."" [--: Calls conversion therapy 'cruel', urges swift full ban without safeguard caveats] | 2023-06-15 DEBATE: Spoke: Pride Month (re: conversion therapy) ""The UK cannot look the other way. We must oppose human rights abuses wherever we see them. Instead of supporting people fleeing persecution, the Government have treated them like criminals. The Home Office’s own equality assessment of the Rwanda policy admits..."" [0: General Pride Month tribute, no explicit position on conversion therapy law] | 2022-06-13 DEBATE: Spoke: Transgender Conversion Therapy ""Transgender Conversion Therapy"" [--: Pushes to extend conversion therapy ban to gender identity, opposing therapeutic freedom concerns] | 2022-06-13 DEBATE: Spoke: Transgender Conversion Therapy ""Transgender Conversion Therapy"" [--: Strongly advocates trans-inclusive conversion therapy ban, dismisses religious freedom concerns] | 2022-06-13 DEBATE: Spoke: Transgender Conversion Therapy ""Transgender Conversion Therapy"" [--: Argues explicitly for banning conversion therapy practices] | 2022-02-21 EDM: Sponsored EDM: LGBT+ history month 2022 (14 signatures) (re: conversion therapy) [--: Calls on government to ban conversion therapy, opposing CitizenGO's concerns] | 2022-01-31 PQ: Conversion Therapy: Children ""Conversion Therapy: Children"" [-: Advocates including conversion therapy safeguarding in school guidance] | 2021-07-16 PQ: Conversion Therapy: Transgender People ""Conversion Therapy: Transgender People"" [-: Calls for legislation banning gender identity conversion practices] | 2021-07-01 DEBATE: Spoke:  Pride Month (re: conversion therapy) ""The NHS, international observers, LGBT+ organisations, professional bodies in health and social care, interfaith organisations and senior figures in all major parties are united: we must ban conversion therapy now. As this year’s Pride Month draws to a close,..."" [--: Calls conversion therapy abuse and demands a ban, opposing CitizenGO's therapy/religious freedom concerns] | 2021-06-01 PQ: Conversion Therapy: Australia ""Conversion Therapy: Australia"" [-: Cites broad Australian ban as best practice model, favouring wide prohibition] | 2021-06-01 PQ: Conversion Therapy ""Conversion Therapy"" [-: Frames consultation around banning conversion therapy, aligning with ban advocates] | 2021-06-01 PQ: Conversion Therapy ""Conversion Therapy"" [0: Factual request to publish research findings, neutral] | 2020-06-04 EDM-SIGNED: Signed EDM: LGBTQ+ conversion therapy in the UK [--: Calls for full criminal ban on conversion therapy including sending people abroad]"
"Charlotte Nichols (Labour, Warrington North)",,,,,1,,"2023-11-09 DEBATE: Spoke: Making Britain a Clean Energy Superpower (re: conversion therapy) ""Another stark omission—I have had hundreds of emails from constituents about this, and it has broad cross-party support—is a ban on the abhorrent practice of so-called conversion therapy. If the Government are worried about a row with some of the crank..."" [0: General King's Speech critique; no direct mention of conversion therapy policy] | 2023-10-25 PQ: Conversion Therapy ""Conversion Therapy"" [-: Presses government to expedite conversion therapy ban legislation] | 2023-06-15 DEBATE: Spoke: Pride Month (re: conversion therapy) ""It is horrible, having seen the difference that section 28’s repeal has made even in my own time in education, that there are those in this place who would see it brought back by the back door. We clearly need changes to relationships and sex education in..."" [-: Celebrates Pride, criticises parents disowning LGBT children, affirms LGBT rights broadly] | 2022-11-03 PQ: Conversion Therapy ""To ask the Minister for Women and Equalities, what work has been undertaken by her Department on transgender conversion practices since the Government set out its plans on this topic in its background briefing to the Queen’s Speech in May 2022."" [0: Factual inquiry on departmental work, neutral information-seeking] | 2022-11-03 PQ: Conversion Therapy ""To ask the Minister for Women and Equalities, which accredited medical, counselling or psychological organisations support the Government’s plan to not include transgender people in a ban on conversion practices."" [-: Frames exclusion of trans people from ban as needing justification, leans towards inclusion] | 2022-11-03 PQ: Conversion Therapy ""Conversion Therapy"" [0: Factual inquiry on medical body consultation, neutral] | 2022-11-03 PQ: Conversion Therapy ""Conversion Therapy"" [0: Factual inquiry on international discussions, neutral] | 2022-11-03 PQ: Conversion Therapy: Wales ""To ask the Minister for Women and Equalities, what discussions she has had with the Welsh Government on banning sexual orientation and transgender conversion practices."" [-: Question pushes for banning conversion practices including transgender, leans against CitizenGO position] | 2022-11-03 PQ: Conversion Therapy: Scotland ""Conversion Therapy: Scotland"" [0: Factual information-seeking about Scottish recommendations, no direction shown] | 2021-09-22 PQ: Conversion Therapy: Victim Support Schemes ""Conversion Therapy: Victim Support Schemes"" [0: Asks why support services delayed, factual not directional on ban itself] | 2021-07-01 DEBATE: Spoke:  Pride Month (re: GIDS) ""Trans people face daily discrimination, and it is vital that steps are taken to provide the equality of services and support that people need. Specialist health needs are often best addressed by trans health services offered by the NHS Gender Identity..."" [0: General Pride Month tribute speech, no explicit reference to youth gender medicine policy] | 2021-04-23 PQ: Conversion Therapy ""Conversion Therapy"" [--: Explicitly pushes government to ban conversion therapy, opposing CitizenGO's position] | 2021-03-24 DEBATE: Spoke: Conversion Therapy ""Conversion Therapy"" [--: MP demands full legislative ban on conversion therapy, opposing therapy freedom concerns] | 2021-03-08 DEBATE: Spoke:  LGBT Conversion Therapy ""LGBT Conversion Therapy"" [--: Strongly backs banning conversion therapy, calling it disgusting and exploitative]"
"Kate Osborne (Labour, Jarrow and Gateshead East)",,,,,1,,"2026-02-12 DEBATE: Spoke: LGBT+ History Month (re: conversion practices) ""I thank the Minister for her support, for the many productive conversations that we have had, and for her work to introduce a ban on conversion practices and make LGBT hate crime an aggravated offence."" [-: Celebrates trans-inclusive policies and LGBT solidarity, not focused on conversion therapy or family concerns] | 2025-02-13 DEBATE: Spoke:  LGBT+ History Month (re: puberty blocker) ""I am proud that it was Labour that lifted the ban on lesbians, gay men and bi people serving in the armed forces, and introduced civil partnerships and laws to allow unmarried couples, including same-sex couples, to apply for joint adoption. I am proud that..."" [--: Strongly defends LGBTQ+ rights and dismisses concerns about threats to children from gender ideology] | 2024-12-18 DEBATE: Spoke: Banning Conversion Practices ""Banning Conversion Practices"" [--: Calls conversion therapy abhorrent, demands fully inclusive ban with no exceptions] | 2023-11-09 DEBATE: Spoke: Making Britain a Clean Energy Superpower (re: conversion therapy) ""“conversion practices are abhorrent and need to be stamped out.”"" [--: Actively pushes amendment to force through a full conversion therapy ban] | 2023-11-09 DEBATE: Spoke: Making Britain a Clean Energy Superpower (re: conversion therapy) ""The Government’s failure to ban so-called conversion therapy shows a vile disregard for LGBTQ+ people living in this country. So-called conversion therapy is not therapy; people cannot consent to abuse. The decision to leave LGBTQ+ people suffering that..."" [0: Speech about cost of living and King's Speech, no mention of conversion therapy despite line tag] | 2023-10-24 DEBATE: Spoke: IVF Provision ""Ministers have failed to keep their promise to ban so-called conversion therapy in full, allowing the barbaric practice to continue. As for IVF for same-sex couples, we are still waiting for the Government to keep their promise to remove the discriminatory..."" [-: Advocates expanding IVF access for LGBTQ+ families, diverging from traditional marriage/family emphasis] | 2022-06-13 DEBATE: Spoke: Transgender Conversion Therapy ""Transgender Conversion Therapy"" [--: Strongly advocates broad conversion therapy ban including trans people, opposing exemptions] | 2022-06-13 DEBATE: Spoke: Transgender Conversion Therapy ""Transgender Conversion Therapy"" [--: Strongly advocates banning conversion therapy for all including transgender people] | 2022-03-30 DEBATE: Spoke: Conversion Therapy Ban ""Conversion Therapy Ban"" [-: Pushes to close 'consent loophole' in conversion therapy ban, opposing exemptions CitizenGO favours] | 2022-03-30 DEBATE: Spoke: Conversion Therapy Ban ""Conversion Therapy Ban"" [0: Neutral factual question on legislative timetable] | 2021-11-24 DEBATE: Spoke: Conversion Therapy Ban: Faith-based Settings ""The national LGBT survey found that 51% of conversion therapy happens in religious settings and Government-commissioned research found that adult victims often undertake religious conversion practices voluntarily, so the Government’s proposal to allow..."" [--: Pushes to close consent loophole and cover prayer in conversion ban, threatening religious freedom protections] | 2021-11-24 DEBATE: Spoke: Conversion Therapy Ban: Faith-based Settings ""8. Whether she plans to bring forward legislative proposals to ban sexual orientation and gender identity conversion therapy that occurs in religious or faith-based settings through prayer healing, faith declarations, religious conversion courses and other..."" [--: Question pushes for banning conversion practices in religious settings] | 2021-05-26 DEBATE: Spoke: Topical Questions (re: conversion therapy) ""How will the Secretary of State ensure that the voices of survivors of so-called conversion therapy and the people who support them will be heard in the consultation on a Bill to outlaw all conversion therapies, which have no place in all settings and all..."" [--: Explicitly backs banning all conversion therapy regardless of consent, opposing therapy freedom concerns] | 2020-06-04 EDM-SIGNED: Signed EDM: LGBTQ+ conversion therapy in the UK [--: Calls for full criminal ban on conversion therapy including sending people abroad]"
"Nadia Whittome (Labour, Nottingham East)",,,,,1,,"2025-02-13 DEBATE: Spoke:  LGBT+ History Month (re: abortion) ""We see time and again, for example, campaigns against trans rights and abortion rights working hand in hand, because they are part and parcel of a politics being dragged ever rightwards. Entire Conservative leadership contests have been fought on the basis of..."" [0: Celebratory LGBT history speech, no direct engagement with abortion, gender medicine or single-sex spaces] | 2024-10-14 PQ: Conversion Therapy ""Conversion Therapy"" [0: Technical query on scope of conversion practices ban, no clear stance shown] | 2024-09-11 PQ: Conversion Therapy ""Conversion Therapy"" [0: Neutral information-seeking question on engagement regarding conversion practices impact] | 2024-07-22 DEBATE: Spoke: Economy, Welfare and Public Services (re: conversion practices) ""I am also relieved to see the return of some policies that successive Conservative Governments promised but never delivered: a Bill that will end no-fault evictions and improve renters’ rights; and another that will ban so-called conversion “therapy” once and..."" [0: Generic maiden-style speech on Labour priorities; no mention of conversion practices] | 2023-10-25 PQ: Conversion Therapy ""Conversion Therapy"" [0: Neutral confirmation-seeking question on government policy status] | 2023-02-02 DEBATE: Spoke: LGBT History Month (re: decriminalis) ""The history of Pride is a history of resistance. Pride is not owned by corporations that want to profit from us and our community but then throw us under the bus when convenient. Pride is not the Home Office posting rainbows on Twitter and then deporting..."" [0: General LGBT history speech, does not directly address conversion therapy or migration policy] | 2022-06-13 DEBATE: Spoke: Transgender Conversion Therapy ""Transgender Conversion Therapy"" [-: Argues puberty blockers are reversible, downplaying concerns about paediatric transition treatments] | 2022-06-13 DEBATE: Spoke: Transgender Conversion Therapy ""Transgender Conversion Therapy"" [--: Strongly criticises government's conversion therapy ban as too weak, dismisses therapy/religious freedom concerns] | 2022-05-18 DEBATE: Spoke: Achieving Economic Growth (re: conversion therapy) ""Finally, I would like to address the disgrace of explicitly excluding trans people from the so-called ban on conversion therapy. Once again, the Government acknowledge that there is a problem, but will they extend the protection of the law to those who need..."" [0: General economic critique, no substantive mention of conversion therapy] | 2022-02-23 PQ: Conversion Therapy ""Conversion Therapy"" [-: Asks about banning conversion therapy in all circumstances, favouring broad ban]"
"Dame Angela Eagle (Labour, Wallasey)",,,,,1,,"2024-03-07 DEBATE: Spoke: LGBT History Month (re: abortion) ""The problems around modernising the Gender Recognition Act and the manifesto promise to ban the abusive practices of conversion therapy need not have happened, but we are where we are and we have to find a way through. There has been an authoritarian..."" [0: General LGBT history celebration, no direct abortion, conversion or marriage stance] | 2023-11-08 DEBATE: Spoke: Breaking Down Barriers to Opportunity (re: conversion therapy) ""As my right hon. Friend the Member for East Ham (Sir Stephen Timms) mentioned, there were some notable omissions from the speech, including a promised reform of the Mental Health Act 1983; an employment Bill to give workers a fairer deal; and the Tory..."" [0: Broad King's Speech critique of economy; no substantive comment on conversion therapy itself] | 2023-02-02 DEBATE: Spoke: LGBT History Month (re: conversion therapy) ""The Prime Minister spent his leadership election campaign pledging to save, and I quote him, “our women” from the supposed threat of trans people, and we currently have an Equalities Minister—not the Minister opposite, the right hon. Member for Pudsey (Stuart..."" [-: Dismisses concerns about rising LGBT identification as outdated, celebrates progressive shift] | 2023-02-02 DEBATE: Spoke: LGBT History Month (re: conversion therapy) ""It gives me great pleasure to wind up this extremely enjoyable and profound debate about LGBT History Month, which has demonstrated that there is much on which we can agree across the House and that there is much still to be done across the globe and in our..."" [--: Champions an inclusive conversion therapy ban, opposing therapy freedom concerns] | 2022-06-30 DEBATE: Spoke:  50 Years of Pride in the UK (re: decriminalis) ""All this official bullying has a familiar ring to it for those who were around in the 1980s, as I was. It is as reprehensible and destructive now as it was then, and it has to be defeated. We learned that the much-delayed yet long-promised ban on conversion..."" [-: Celebrates LGBT+ rights progress and campaigns to export it, contrary to traditional family and conversion-therapy caution] | 2021-07-01 DEBATE: Spoke:  Pride Month (re: conversion therapy) ""Many of us look forward to some progress on GRA reform. Again, the Minister was rather coy about what that would be or when it would happen. I was hoping that he would be able to give us a bit more information. If he would like to write to me with more..."" [0: General Pride Month reflections, no specific stance on conversion therapy legislation] | 2021-07-01 DEBATE: Spoke:  Pride Month (re: coercion) ""The Government have reneged on their own stated intention of reforming the Gender Recognition Act. Instead, they appear to be much more focused on encouraging the waging of a disgraceful hybrid war on Stonewall because it is trans-inclusive. The Government..."" [-: Pride Month debate celebrating LGBT progress, leaning against CitizenGO's positions] | 2021-07-01 DEBATE: Spoke:  Pride Month (re: conversion therapy) ""Will the hon. Gentleman confirm that this legislation will be a ban, that it will not talk about ending conversion therapy but about banning it, and that there will not be religious exemptions within it?"" [--: Pushes for strict conversion therapy ban with no religious exemptions] | 2021-03-08 DEBATE: Spoke:  LGBT Conversion Therapy ""LGBT Conversion Therapy"" [--: Strongly endorses expanding conversion therapy ban, calls practice 'degrading and dehumanising']"
"Layla Moran (Liberal Democrat, Oxford West and Abingdon)",,,,,1,,"2022-11-03 PQ: Conversion Therapy ""To ask the Minister for Women and Equalities, what work has been undertaken by her Department on transgender conversion practices since the Government set out its plans on this topic in its background briefing to the Queen’s Speech in May 2022."" [0: Neutral information-seeking about departmental work on conversion practices] | 2022-11-03 PQ: Conversion Therapy ""To ask the Minister for Women and Equalities, which accredited medical, counselling or psychological organisations support the Government’s plan to exclude transgender people from a ban on conversion practices."" [-: Frames trans exclusion from ban as needing justification, favouring broader ban] | 2022-11-03 PQ: Conversion Therapy ""Conversion Therapy"" [0: Neutral factual query on consultation with medical bodies] | 2022-11-03 PQ: Conversion Therapy ""Conversion Therapy"" [0: Neutral query on international discussions, no direction shown] | 2022-11-03 PQ: Conversion Therapy: Wales ""To ask the Minister for Women and Equalities, what discussions she has had with the Welsh Government on banning sexual orientation and transgender conversion practices."" [0: Neutral factual question on Welsh Government discussions] | 2022-11-03 PQ: Conversion Therapy: Scotland ""Conversion Therapy: Scotland"" [0: Neutral request for assessment of Scottish recommendations] | 2022-06-13 DEBATE: Spoke: Transgender Conversion Therapy ""Transgender Conversion Therapy"" [--: Advocates banning all forms of conversion therapy, opposing carve-outs for parental or religious freedom] | 2022-02-21 EDM-SIGNED: Signed EDM: LGBT+ history month 2022 (re: conversion therapy) [--: Calls on government to ban conversion therapy, opposing CitizenGO's concerns] | 2020-06-04 EDM: Sponsored EDM: LGBTQ+ conversion therapy in the UK (29 signatures) [--: Calls for full criminal ban on conversion therapy including sending people abroad]"
"Christian Wakeford (Labour, Bury South)",,,,,1,,"2024-03-01 DEBATE: Spoke:  Conversion Practices (Prohibition) Bill ""Conversion Practices (Prohibition) Bill"" [--: Strongly backs banning conversion practices, calling the practice barbaric bigotry] | 2023-12-06 DEBATE: Spoke: Conversion Practices ""Conversion Practices"" [--: Pushes for broad conversion therapy ban dismissing therapy/religious freedom concerns] | 2023-12-06 DEBATE: Spoke: Conversion Practices ""Conversion Practices"" [--: Frames conversion practices as abusive, advocating government ban with no exemption nuance] | 2023-12-06 DEBATE: Spoke: Conversion Practices ""Conversion Practices"" [--: Demands conversion therapy ban with no exemptions, against religious/parental freedom concerns] | 2023-12-06 DEBATE: Spoke: Conversion Practices ""Conversion Practices"" [--: Calls conversion practices evil, strongly supports ban with no religious freedom caveat] | 2023-10-25 PQ: Conversion Therapy ""Conversion Therapy"" [-: Presses for legislative ban on conversion therapy, against CitizenGO's concerns] | 2020-06-17 DEBATE: Spoke: Conversion Therapy ""Conversion Therapy"" [-: Urges specific steps to protect under-18s from conversion therapy, supporting a ban] | 2020-06-17 DEBATE: Spoke: Conversion Therapy ""Conversion Therapy"" [-: Question pushes government to act to end conversion therapy, against therapy freedom concerns]"
"Olivia Blake (Labour, Sheffield Hallam)",,,,,1,,"2024-03-07 DEBATE: Spoke: LGBT History Month (re: conversion therapy) ""Does the hon. Gentleman agree with me that it is disappointing that the UK did not feature on any of the lists he mentioned, apart from the last one, obviously? Would it not be good, since we have a whole history month, for the Government to come back to the..."" [--: Presses government to bring forward a conversion therapy ban Bill quickly] | 2023-10-18 DEBATE: Spoke:  Hate Crime Against the LGBT+ Community (re: conversion therapy) ""What must we do? We must get the hate crime action plan back and ensure that we bring in a total ban on conversion therapy. It is incredibly important that this issue is taken as seriously as it can be. We should stamp out hate as much as we can."" [-: Strongly advocates LGBT+ protections, criticises anti-trans framing, leans against conversion therapy exemptions] | 2023-02-02 DEBATE: Spoke: LGBT History Month (re: conversion therapy) ""The term “gender recognition certificate” appears once in that Act, in a point about getting married. GRCs are not related to how the Act defines a transgender person or what it says about trans people’s access to single-sex services. Today in the UK, we do..."" [-: Personal advocacy for LGBTQ+ visibility and resistance to erasure, against traditionalist framing] | 2023-01-17 DEBATE: Spoke: Scotland Act 1998: Section 35 Power (re: conversion therapy) ""I would love to hear more detail from the Minister on the legal advice that has been given, because I am still unclear how this Bill would undermine the Equality Act. Also, is it not true that the only reason we are here is because of the Government’s failure..."" [-: Criticises government for excluding trans people from conversion therapy ban, pushing broader ban scope] | 2022-11-08 PQ: Conversion Therapy ""To ask the Minister for Women and Equalities, what discussions she has had with relevant stakeholders on the Government's plan to exclude transgender people from its ban on conversion therapy practices."" [-: Frames exclusion of trans people from ban critically, pushing for broader ban] | 2022-11-08 PQ: Conversion Therapy ""Conversion Therapy"" [-: Pushes for adopting Scottish expert group's broad conversion ban recommendations] | 2022-11-08 PQ: Conversion Therapy ""Conversion Therapy"" [-: Seeks international comparison to push wider conversion therapy ban adoption] | 2022-11-08 PQ: Conversion Therapy ""Conversion Therapy"" [0: Neutral fact-finding on discussions with medical bodies]"
"Stuart Andrew (Conservative, Daventry)",,,,,1,,"2024-04-25 DEBATE: Spoke: Lesbian Visibility Week (re: conversion practices) ""I will address the issue of conversion practices that the hon. Member for West Lancashire (Ashley Dalton) mentioned. No one in this country should be harmed or harassed for who they are, and attempts at so-called conversion practices are abhorrent. We are..."" [0: Celebrates LGBT visibility generally, no direct comment on conversion therapy policy] | 2024-03-07 DEBATE: Spoke: LGBT History Month (re: conversion therapy) ""I will move on to the issue of conversion practices—my favourite part. Hon. Members will know my personal views on the matter, and I am pleased to say there is a consensus among the vast majority that no one in this country should be harmed or harassed for..."" [0: Celebrates LGBT progress and HIV funding, no direct mention of conversion therapy policy] | 2023-12-06 DEBATE: Spoke: Conversion Practices ""Conversion Practices"" [--: Calls conversion practices wrong and pseudo-scientific, supporting a ban without carve-outs] | 2023-11-29 DEBATE: Spoke:  Section 28 Repeal: 20th Anniversary (re: conversion therapy) ""In addition to ensuring that future generations are well equipped with knowledge, we must ensure that they are also safe to be themselves. We believe that no one in this country should be harmed or harassed for who they are. Attempts at so-called conversion..."" [0: Discusses RSE guidance review factually, no clear stance on conversion therapy bans] | 2023-06-15 DEBATE: Spoke: Pride Month (re: conversion practices) ""I want to make clear that the Bill will include targeting efforts to change someone from being transgender—that will be in there. I am also pleased to remind the House that the Government fund a victim support service run by the anti-violence charity Galop,..."" [--: Confirms bill will target efforts to change someone from being transgender, backing broad conversion ban] | 2023-02-02 DEBATE: Spoke: LGBT History Month (re: conversion therapy) ""In the meantime, that is why we funded in October a conversion therapy victim support service, providing expert advice and assistance in a safe and confidential environment. I urge anyone who has been a victim or is undergoing any experience of conversion..."" [-: Minister defends conversion therapy ban plans and LGBT-inclusive relationship education] | 2023-02-02 DEBATE: Spoke: LGBT History Month (re: decriminalis) ""That is why we will publish a draft Bill to ban conversion practices, also referred to as conversion therapy. It is important that we end practices that falsely claim to cure or change LGBT people to something that is considered far more preferable. Let me..."" [0: Celebratory LGBT history remarks, no direct statement on abortion, parental rights or single-sex spaces]"
"Apsana Begum (Labour, Poplar and Limehouse)",,,,,1,,"2026-02-12 DEBATE: Spoke: LGBT+ History Month (re: conversion therapy) ""I congratulate my hon. Friend—and my hon. Friend the Member for Nottingham East (Nadia Whittome)—on securing this debate and on the work she has done at the Council of Europe to secure the passing of that report on the trans-inclusive conversion therapy ban...."" [--: Celebrates trans-inclusive conversion therapy ban, opposing therapy freedom concerns] | 2024-03-01 DEBATE: Spoke:  Conversion Practices (Prohibition) Bill ""A number of practices are illegal in this country, such as forced marriage, which is something that the LGBTQ community experience, including those who may also go through conversion therapy. That is wrong. Does my hon. Friend agree that the time to tackle..."" [--: Urges swift ban on conversion therapy, dismissing concerns about religious/therapy freedom] | 2022-12-01 PQ: Health: Transgender People ""To ask the Secretary of State for Health and Social Care, whether his Department has made a recent assessment of the impact of the decision not to include transgender people in the ban conversion therapy practices on the health and wellbeing of transgende"" [-: Presses government to assess harm from excluding trans people from conversion ban] | 2022-11-30 PQ: Conversion Therapy ""To ask the Minister for Women and Equalities, what discussions she has had with the Secretary of State for Health and Social Care on the potential impact of not including transgender people in the ban on conversion therapy practices on the health and well"" [-: Frames trans exclusion from ban as harmful, pressing for broader ban coverage] | 2022-11-30 PQ: Conversion Therapy ""To ask the Minister for Women and Equalities, if he will publish an equalities impact assessment of the Government's policy on conversion therapy for transgender people."" [-: Pushes for trans inclusion in conversion therapy ban, against CitizenGO's therapy freedom concerns] | 2020-06-04 EDM-SIGNED: Signed EDM: LGBTQ+ conversion therapy in the UK [--: Calls for full criminal ban on conversion therapy including sending people abroad]"
"Sarah Owen (Labour, Luton North)",,,,,1,,"2026-06-04 DEBATE: Spoke:  Pride Month (re: decriminalis) ""And, as we have heard today, our Labour Government are set to finally bring in an end to the painful, arcane practice of conversion therapy with the trans-inclusive draft conversion practices Bill included in the King’s Speech. I cannot wait to support it..."" [-: Celebrates LGBTQ+ progress and diversity, framing supportive of expansive equalities agenda] | 2026-02-12 DEBATE: Spoke: LGBT+ History Month (re: conversion therapy) ""It is a real honour to follow my hon. Friend the Member for Jarrow and Gateshead East (Kate Osborne). I reiterate my congratulations on her fine work on the report on banning conversion therapy in Europe. That is greatly needed, and I hope that the Government..."" [--: Praises report advocating conversion therapy ban and urges government to follow suit] | 2026-02-12 DEBATE: Spoke: LGBT+ History Month (re: puberty blocker) ""There are many questions for the Minister, but I want to pose one that has already been raised: when will we see the ban on conversion therapy? As many young trans people wait for the puberty blocker trials to go ahead, what support is being given to them and..."" [-: Defends LGBTQ+ community broadly, criticises gender-critical politics, no support for youth medicine caution] | 2025-12-10 DEBATE: Spoke: Conversion Practices Ban ""Conversion Practices Ban"" [-: Presses government to speed conversion therapy ban, favouring the ban's progress] | 2025-02-13 DEBATE: Spoke:  LGBT+ History Month (re: puberty blocker) ""The indefinite ban on puberty blockers for young trans people has been mentioned. The Women and Equalities Committee held an inquiry, and I am proud to say that although there were diverse opinions among Committee members—I am pleased to see some of them..."" [-: Broadly defends trans community against criticism, implicitly supportive of gender-affirming stance] | 2021-07-01 DEBATE: Spoke:  Pride Month (re: conversion therapy) ""When the last Labour Government repealed section 28, introduced civil partnerships and adoption and, yes, brought in the original Gender Recognition Act, those things did not happen because MPs woke up one day and thought, “Well, that’s a good idea.” It took..."" [-: Pride Month speech praising LGBTQ+ progress, implicitly favouring conversion therapy ban]"
"Bell Ribeiro-Addy (Labour, Clapham and Brixton Hill)",,,,,1,,"2026-07-06 PQ: Conversion Therapy ""Conversion Therapy"" [0: Neutral factual query on international comparisons] | 2026-07-06 PQ: Conversion Therapy ""To ask the Minister for Women and Equalities, what assessment she has made of the adequacy of the Conversion practices draft bill for protecting trans people from conversion therapy practices."" [-: Pushes for stronger conversion therapy protections, opposing therapy freedom concerns] | 2026-07-06 PQ: Conversion Therapy ""Conversion Therapy"" [0: Neutral factual query on consultation process] | 2026-02-12 DEBATE: Spoke: LGBT+ History Month (re: conversion therapy) ""I was pleased to take those words in our 2024 manifesto to the electorate, and I was proud to hear the promise reiterated in the King’s Speech, yet almost two years on, we are still awaiting the draft conversion practices Bill."" [--: Champions full trans-inclusive ban on conversion practices, opposing CitizenGO's therapy freedom concerns] | 2020-06-04 EDM-SIGNED: Signed EDM: LGBTQ+ conversion therapy in the UK [--: Calls for full criminal ban on conversion therapy including sending people abroad]"
"Christine Jardine (Liberal Democrat, Edinburgh West)",,,,,1,,"2023-07-12 DEBATE: Spoke: Conversion Practices: Legislative Ban ""Conversion Practices: Legislative Ban"" [--: Pushes government to accelerate conversion therapy ban, opposing therapy freedom concerns] | 2022-06-13 DEBATE: Spoke: Transgender Conversion Therapy ""Transgender Conversion Therapy"" [--: Argues conversion therapy causes serious harm, supporting a ban contrary to CitizenGO's cautious stance] | 2020-09-03 PQ: Conversion Therapy ""Conversion Therapy"" [-: Presses for timescale on conversion therapy ban legislation] | 2020-01-30 DEBATE: Spoke: Business of the House (re: conversion therapy) ""I recently asked a written question about the Government’s LGBT action plan in 2018, and specifically the promise to bring forward legislation to make gay conversion therapy illegal in this country. I have not had a firm answer yet. I am sure the Leader of..."" [-: Pushes government to legislate conversion therapy ban, calls issue personally offensive] | 2020-01-29 PQ: Conversion Therapy ""Conversion Therapy"" [0: Neutral question on timing of conversion therapy ban legislation]"
"Olivia Bailey (Labour, Reading West and Mid Berkshire)",,,,,1,,"CONFLICTING SIGNALS - review all evidence | 2026-06-25 DEBATE: Spoke: Draft Conversion Practices Bill ""Draft Conversion Practices Bill"" [+: Clarifies exemption protecting legitimate therapy from conversion practices ban, easing freedom concerns] | 2026-06-04 DEBATE: Spoke:  Pride Month (re: conversion practices) ""I will also be proud to deliver on another manifesto commitment, which is a full trans-inclusive ban on conversion practices. Let us be clear about what conversion practices are. They are a very specific, insidious form of abuse that attempts to change who..."" [--: Celebrates full trans-inclusive conversion practices ban as government achievement] | 2026-06-04 DEBATE: Spoke:  Pride Month (re: conversion practices) ""I want to take the time to acknowledge that the Government have laid the Equality and Human Rights Commission’s updated draft code of practice before Parliament. As hon. Members will know, the updated draft code reflects the Supreme Court’s judgment that, in..."" [-: Minister opens Pride debate celebrating LGBT rights expansion, framing context for conversion practices ban] | 2025-12-10 DEBATE: Spoke: Conversion Practices Ban ""Young people with gender incongruence need access to high-quality, safe and effective care. We are following the Cass review, which was clear that the evidence on the care for these children is lacking and proposed this research to help provide it. We are now..."" [+: Cites Cass review's caution on evidence for youth gender care, supporting careful clinical trials approach] | 2024-11-13 PQ: Conversion Therapy ""Conversion Therapy"" [-: Presses minister to advance a conversion practices ban]"
"Stephen Doughty (Labour (Co-op), Cardiff South and Penarth)",,,,,1,,"2024-03-07 DEBATE: Spoke: LGBT History Month (re: conversion therapy) ""I am very proud that our party has set out a number of key commitments were we to form the next Government. We saw a radical reforming Labour Government in 1997 in this area that made huge changes, whether that was on section 28, civil partnerships or the..."" [0: General celebration of LGBT+ social progress, no specific policy stance on listed areas] | 2023-12-06 DEBATE: Spoke: Gender Recognition (re: conversion therapy) ""It is a shame that the Secretary of State is not making a full statement on the issue of conversion therapy, because it is a concern for many Opposition Members, and we would like some actual facts, which she has not provided until now. She also has not..."" [0: Seeks factual clarification on statutory instrument list, no stance shown] | 2023-11-07 DEBATE: Spoke: Debate on the Address (re: conversion therapy) ""I am also proud of the resilience and response from communities in Cardiff South and Penarth, whether in raising funds for aid and relief efforts in many different situations around the world, including in the middle east at the moment, or in working to..."" [0: General political criticism of King's Speech, no substantive stance on religion or conversion therapy] | 2023-10-18 DEBATE: Spoke:  Hate Crime Against the LGBT+ Community (re: conversion therapy) ""In closing, I ask the Minister for clarity in a number of areas. First, will the Government end what the Law Commission calls a “hierarchy of protection” and bring about real parity between groups of all protected characteristics, or will it fall to a Labour..."" [--: Celebrates same-sex marriage and LGBT+ rights advances, criticises 'regressive forces' opposing them] | 2021-03-08 DEBATE: Spoke:  LGBT Conversion Therapy ""LGBT Conversion Therapy"" [--: Strongly condemns conversion therapy as torture and abuse, backing a ban without carve-outs]"
"Daisy Cooper (Liberal Democrat, St Albans)",,,,,1,,"2021-06-01 PQ: Conversion Therapy ""Conversion Therapy"" [0: Factual question on consultation weighting, neutral] | 2021-06-01 PQ: Conversion Therapy ""Conversion Therapy"" [--: Explicitly seeks removal of religious exemption from conversion therapy ban] | 2021-06-01 PQ: Conversion Therapy ""Conversion Therapy"" [0: Factual request to publish research findings, neutral] | 2021-06-01 PQ: Conversion Therapy ""Conversion Therapy"" [0: Factual timing question on bill publication, neutral]"
"David Burton-Sampson (Labour, Southend West and Leigh)",,,,,1,,"2026-06-25 DEBATE: Spoke: Draft Conversion Practices Bill ""Draft Conversion Practices Bill"" [-: Endorses conversion practices ban without addressing therapy or religious freedom concerns] | 2026-05-13 DEBATE: Spoke: Debate on the Address (re: conversion therapy) ""Moving on, conversion therapy and similar practices are appalling. Sadly, I am aware of people who have been subject to some of these despicable acts. I believe interventions intended to change or suppress a person’s sexuality or gender identity are wrong, so..."" [0: General King's Speech welcome, no substantive content on conversion therapy] | 2025-06-18 DEBATE: Spoke: Banning Conversion Practices ""Since the Supreme Court ruling, many trans people have felt discrimination and a loss of their rights despite still being protected under the Equality Act 2010. I am pleased to hear that the Government are bringing forward a trans-inclusive conversion therapy..."" [--: Supports trans-inclusive conversion therapy ban and expanded trans rights post Supreme Court ruling] | 2025-02-13 DEBATE: Spoke:  LGBT+ History Month (re: conversion practices) ""As we look to the future, with this Labour Government introducing greater protections for the LGBTQ+ community, such as the trans-inclusive ban on conversion practices and righting the wrongs done to LGBT veterans, we would think that we would have reason to..."" [0: Personal reminiscence on HIV history, no direct stance on conversion therapy legislation]"
"Dr Rupa Huq (Labour, Ealing Central and Acton)",,,,,1,,"2022-07-13 DEBATE: Spoke: Transgender Conversion Therapy ""Transgender Conversion Therapy"" [-: Questions exclusion of trans conversion therapy from ban, implying support for broader prohibition] | 2022-07-13 DEBATE: Spoke: Transgender Conversion Therapy ""Transgender Conversion Therapy"" [--: Presses Government to deliver full ban on conversion therapy, citing medical bodies' support] | 2021-03-24 DEBATE: Spoke: Conversion Therapy ""Conversion Therapy"" [--: Presses for swift legislation banning conversion therapy, calling it archaic] | 2021-03-24 DEBATE: Spoke: Conversion Therapy ""Conversion Therapy"" [0: Neutral information-seeking question on conversion therapy ban progress]"
"Rachel Taylor (Labour, North Warwickshire and Bedworth)",,,,,1,,"2026-06-10 PQ: Conversion Therapy ""To ask the Minister for Women and Equalities, when she plans to publish the draft Conversion Practices Bill."" [0: Procedural query on publication timing of Conversion Practices Bill] | 2026-04-29 DEBATE: Spoke: Conversion Practices ""I thank the Minister for the comments that she has made so far. Conversion practices have devastated the lives of LGBT people for many years, making them feel ashamed of who they are and leaving them with long-term physical and mental harm. The upcoming..."" [--: Urges swift legislation banning conversion practices, calling them cruel and inhumane] | 2025-06-23 DEBATE: Spoke:  Pride Month (re: conversion therapy) ""This Labour Government have pledged to ban conversion therapy. Last week in the House, I encouraged the Government to fulfil their manifesto commitment. I made the case for aggravated offences to be treated the same for all people, regardless of what kind of..."" [--: Advocates for conversion therapy ban, opposing therapy/religious freedom concerns] | 2024-09-03 DEBATE: Spoke:  Passenger Railway Services (Public Ownership) Bill (re: conversion therapy) ""Research by the Campaign Against Censorship, which was reported by Stonewall this August, shows that, even in this day and age, LGBT books are being removed from school libraries after complaints. Last week, the TUC reported the shocking news that over half..."" [0: Maiden speech on rail bill, no substantive content on conversion therapy]"
"Tom Hayes (Labour, Bournemouth East)",,,,,1,,"2026-06-25 DEBATE: Spoke: Draft Conversion Practices Bill ""Draft Conversion Practices Bill"" [--: Strongly advocates banning conversion therapy, sharing testimonies condemning the practice] | 2026-02-12 DEBATE: Spoke: LGBT+ History Month (re: puberty blocker) ""That is important to dwell on given that Parliament will—very soon, I think—be considering a ban on conversion practices. We can ban the practices, but we have to realise that the rhetoric itself can be used to attempt to convert. Opponents do not care at all..."" [0: General reflection on LGBT+ culture, no direct stance on relevant policy areas] | 2025-07-07 PQ: Transgender People: Conversion Therapy ""Transgender People: Conversion Therapy"" [-: Pushes government to expedite conversion therapy ban, against therapy freedom concerns] | 2025-06-23 DEBATE: Spoke:  Pride Month (re: conversion therapy) ""I commend our Government for taking significant steps to support LGBT+ veterans, and for announcing that they would make strands of hate crime targeted at disabled and LGBT+ people an aggravated offence. I was proud to sponsor an amendment to the Crime and..."" [--: Celebrates LGBT liberation and calls for laws demanded by activists, opposing CitizenGO's concerns]"
"Caroline Nokes (Conservative, Romsey and Southampton North)",,,,,1,,"2023-07-12 DEBATE: Spoke: Conversion Practices: Legislative Ban ""Conversion Practices: Legislative Ban"" [--: Pushes minister to condemn conversion therapy as abhorrent, favouring blanket ban] | 2022-03-30 DEBATE: Spoke: Conversion Therapy Ban ""Conversion Therapy Ban"" [--: Presses government to introduce conversion therapy ban legislation swiftly] | 2021-03-11 DEBATE: Spoke:  International Women’s Day (re: conversion therapy) ""On this International Women’s Day, let us champion all women—gay women, who do not need conversion therapy; trans women, who want to be treated with respect and fairness. Remember, they are the ones most likely to suffer domestic abuse."" [0: General celebratory International Women's Day speech, no direct mention of conversion therapy stance]"
"David Mundell (Conservative, Dumfriesshire, Clydesdale and Tweeddale)",,,,,1,,"2021-07-01 DEBATE: Spoke:  Pride Month (re: conversion therapy) ""I echo much of what the hon. Member for Wallasey and my hon. Friend the Member for Carshalton and Wallington said about conversion therapy. The debate that we took part in was totally unsatisfactory; I hope that it was then a catalyst for the action that we..."" [0: Personal coming-out narrative, no direct engagement with conversion therapy ban policy specifics] | 2021-05-11 DEBATE: Spoke: Debate on the Address (re: conversion therapy) ""May I also welcome the measures in the Gracious Speech to ban conversion therapy, an issue on which I have campaigned, cross-party, along with many other colleagues, and express the hope that such measures can be brought forward in conjunction with the..."" [--: Welcomes ban on conversion therapy, calling it an abhorrent practice, campaigned for it] | 2021-03-08 DEBATE: Spoke:  LGBT Conversion Therapy ""There was a similar petition in the Scottish Parliament entitled “End Conversion Therapy”, which was dealt with last year by its Public Petitions Committee. Stonewall Scotland, Equality Network, Scottish Trans Alliance and LGBT Youth Scotland all supported..."" [--: Strongly backs conversion therapy ban, dismisses therapy concerns as pseudo-psychiatric snake oil]"
"Ed Davey (Liberal Democrat, Kingston and Surbiton)",,,,,1,,"2022-02-21 EDM-SIGNED: Signed EDM: LGBT+ history month 2022 (re: conversion therapy) [--: Calls on government to ban conversion therapy, opposing CitizenGO's concerns] | 2020-06-22 PQ: Conversion Therapy ""Conversion Therapy"" [0: Factual request for statistics on conversion therapy incidence] | 2020-06-04 EDM-SIGNED: Signed EDM: LGBTQ+ conversion therapy in the UK [--: Calls for full criminal ban on conversion therapy including sending people abroad]"
"Florence Eshalomi (Labour (Co-op), Vauxhall and Camberwell Green)",,,,,1,,"CONFLICTING SIGNALS - review all evidence | 2023-12-19 DEBATE: Spoke: Christmas, Christianity and Communities (re: conversion therapy) ""I salute and commend the hon. Member for Darlington (Peter Gibson) for recognising and reiterating the point that so many LGBTQ+ people are of faith, and they are proud to be of faith. It is important we remember that, and that we welcome them and continue to..."" [+: Defends freedom of religious belief and worship, aligning with FORB concerns tied to conversion therapy debate] | 2023-12-06 DEBATE: Spoke: Conversion Practices ""Conversion Practices"" [--: Strongly advocates for banning conversion practices, dismissing religious freedom concerns] | 2021-05-11 DEBATE: Spoke: Debate on the Address (re: conversion therapy) ""I listened to the Prime Minister’s speech earlier, and I welcome some of the measures that he announced. The ban on conversion therapy—a practice that is so desperately cruel and immoral—is long overdue, and I urge the Government not to delay in bringing that..."" [--: MP calls conversion therapy ban long overdue and urges government to legislate without delay]"
"Liz Saville Roberts (Plaid Cymru, Dwyfor Meirionnydd)",,,,,1,,"2024-05-17 EDM-SIGNED: Signed EDM: ILGA-Europe Rainbow Map (re: conversion practices) [--: Criticises delay in banning conversion practices and migration enforcement affecting LGBTI migrants] | 2022-02-21 EDM-SIGNED: Signed EDM: LGBT+ history month 2022 (re: conversion therapy) [--: Calls on government to ban conversion therapy, opposing CitizenGO's concerns] | 2021-07-01 DEBATE: Spoke:  Pride Month (re: conversion therapy) ""Given the broken promises on conversion therapy and meaningful reform of the GRA, it is no surprise that the UK Government are now pushing ahead with breaking their legally binding promise on international aid. The decision has resulted in an 80% cut in..."" [--: Calls for legislative ban on conversion therapy, opposing CitizenGO's caution on such bans]"
"Luke Pollard (Labour (Co-op), Plymouth Sutton and Devonport)",,,,,1,,"2024-03-01 DEBATE: Spoke:  Conversion Practices (Prohibition) Bill ""Conversion Practices (Prohibition) Bill"" [--: Strongly praises and backs conversion therapy ban bill] | 2022-10-28 PQ: Conversion Therapy ""Conversion Therapy"" [0: Neutral timetable inquiry on conversion therapy legislation] | 2022-06-13 DEBATE: Spoke: Transgender Conversion Therapy ""Transgender Conversion Therapy"" [--: Strongly champions trans rights and conversion therapy ban including gender identity aspects]"
"Marie Goldman (Liberal Democrat, Chelmsford)",,,,,1,,"2026-05-14 DEBATE: Spoke: Getting Britain Working Again (re: conversion therapy) ""“a draft Bill to ban abusive conversion practices.” —[ Official Report, House of Lords, 13 May 2026; Vol. 856, c. 3.]"" [0: Speech concerns construction industry business issues, unrelated to conversion practices despite title] | 2026-04-29 PQ: Conversion Therapy ""Conversion Therapy"" [-: Presses government to speed up conversion practices ban, against CitizenGO's caution] | 2026-02-12 DEBATE: Spoke: LGBT+ History Month (re: conversion therapy) ""It is the Liberal Democrats that continue to push, agreed cross-party, for an immediate, full and inclusive ban on conversion therapy, covering both sexual orientation and gender identity without loopholes. We have always been a champion of LGBTQ+ equality,..."" [--: Supports banning conversion therapy, calling attempts to change people harmful and cruel]"
"Mary Kelly Foy (Labour, City of Durham)",,,,,1,,"CONFLICTING SIGNALS - review all evidence | 2023-07-06 PQ: Conversion Therapy: Victim Support Schemes ""Conversion Therapy: Victim Support Schemes"" [-: Pushes for robust victim support under conversion practices ban, favouring ban's scope] | 2023-07-06 PQ: Conversion Therapy ""Conversion Therapy"" [+: Requests pre-legislative scrutiny of conversion ban, aligning with caution over rushed law] | 2022-06-13 DEBATE: Spoke: Transgender Conversion Therapy ""Transgender Conversion Therapy"" [--: Strongly backs trans-inclusive conversion therapy ban, opposing religious/therapy exemptions]"
"Ruth Jones (Labour, Newport West and Islwyn)",,,,,1,,"2022-06-13 DEBATE: Spoke: Transgender Conversion Therapy ""Transgender Conversion Therapy"" [--: Strongly condemns conversion therapy, supporting a broad ban with no carve-outs] | 2021-11-11 PQ: LGBT+ People: Wales (re: conversion therapy) [0: Neutral factual query on discussions with Welsh Government] | 2021-11-08 PQ: LGBT+ People: Wales (re: conversion therapy) [0: Neutral factual query on discussions with Welsh Government]"
"Zarah Sultana (Your Party, Coventry South)",,,,,1,,"2022-06-15 DEBATE: Spoke: Rail Strikes (re: conversion therapy) ""That is clear with the Rwanda policy, which has nothing to do with tackling people-smuggling and everything to do with whipping up hate, demonising marginalised groups and pitting people who were born here against people who seek asylum here. That is what the..."" [--: Condemns refusal to ban conversion therapy and attacks Rwanda deportation policy] | 2022-06-13 DEBATE: Spoke: Transgender Conversion Therapy ""Transgender Conversion Therapy"" [--: Calls for banning conversion therapy, criticises government for delaying ban] | 2020-06-04 EDM-SIGNED: Signed EDM: LGBTQ+ conversion therapy in the UK [--: Calls for full criminal ban on conversion therapy including sending people abroad]"
"Ben Lake (Plaid Cymru, Ceredigion Preseli)",,,,,1,,"2024-05-17 EDM-SIGNED: Signed EDM: ILGA-Europe Rainbow Map (re: conversion practices) [--: Criticises delay in banning conversion practices and migration enforcement affecting LGBTI migrants] | 2022-02-21 EDM-SIGNED: Signed EDM: LGBT+ history month 2022 (re: conversion therapy) [--: Calls on government to ban conversion therapy, opposing CitizenGO's concerns]"
"Catherine West (Labour, Hornsey and Friern Barnet)",,,,,1,,"2026-07-08 PQ: Conversion Therapy ""To ask the Minister for Women and Equalities, what assessment her Department has made of the equality impact of the exemption for those providing healthcare services under section 1.3 of the Draft Conversion Practices Bill."" [0: Neutral scrutiny question on equality impact of exemption] | 2021-07-01 DEBATE: Spoke:  Pride Month (re: conversion therapy) ""Secondly, will he outline the progress on the Gender Recognition Act 2004? There is a sort of half debate being had and it would be really good to know the exact timeline on that. Thirdly, I would like to know the exact timeline on the banning of conversion..."" [--: Explicitly calls for timetable to ban conversion therapy, opposing CitizenGO's religious freedom concerns]"
"Chris Law (Scottish National Party, Dundee Central)",,,,,1,,2024-05-17 EDM-SIGNED: Signed EDM: ILGA-Europe Rainbow Map (re: conversion practices) [--: Criticises delay in banning conversion practices and migration enforcement affecting LGBTI migrants] | 2020-06-04 EDM-SIGNED: Signed EDM: LGBTQ+ conversion therapy in the UK [--: Calls for full criminal ban on conversion therapy including sending people abroad]
"Euan Stainbank (Labour, Falkirk)",,,,,1,,"2025-06-20 PQ: Gender Recognition (re: conversion practices) [0: Question on gender recognition reform, no clear stance on conversion practices shown] | 2025-05-22 PQ: Conversion Therapy ""Conversion Therapy"" [--: Explicitly demands fully trans-inclusive conversion therapy ban, opposing CitizenGO's stance]"
"Helen Morgan (Liberal Democrat, North Shropshire)",,,,,1,,"CONFLICTING SIGNALS - review all evidence | 2026-06-22 DEBATE: Spoke: Pathways Study: Puberty Suppression (re: puberty blocker) ""We agree that treatment should first be based on talking therapies, so that patients are given the space and support that they need, but it is crucial that young people can start those therapies as a matter of urgency, not after years of delay. Decisions..."" [+: Calls for evidence-based caution and talking therapies before puberty blockers for minors] | 2022-02-21 EDM-SIGNED: Signed EDM: LGBT+ history month 2022 (re: conversion therapy) [--: Calls on government to ban conversion therapy, opposing CitizenGO's concerns]"
"Jamie Stone (Liberal Democrat, Caithness, Sutherland and Easter Ross)",,,,,1,,"2022-02-21 EDM-SIGNED: Signed EDM: LGBT+ history month 2022 (re: conversion therapy) [--: Calls on government to ban conversion therapy, opposing CitizenGO's concerns] | 2020-06-04 EDM-SIGNED: Signed EDM: LGBTQ+ conversion therapy in the UK [--: Calls for full criminal ban on conversion therapy including sending people abroad]"
"Jess Brown-Fuller (Liberal Democrat, Chichester)",,,,,1,,"2026-06-25 DEBATE: Spoke: Draft Conversion Practices Bill ""Draft Conversion Practices Bill"" [--: Strongly endorses broad conversion practices ban with no exemptions mentioned] | 2025-07-09 DEBATE: Spoke:  LGBT Financial Recognition Scheme (re: conversion therapy) ""People were sent to psychiatrists, where so-called conversion therapy was suggested as a means to remain in service. These practices included electro-convulsive treatments and the use of drugs—treatments that were cruel, dehumanising and wholly indefensible."" [0: Addresses historical LGBT armed forces ban compensation, unrelated to conversion therapy legislation]"
"John Lamont (Conservative, Berwickshire, Roxburgh and Selkirk)",,,,,1,,"2021-03-24 DEBATE: Spoke: Conversion Therapy ""Conversion Therapy"" [--: Urges accelerated conversion therapy ban, opposing therapy and religious freedom concerns] | 2021-03-24 DEBATE: Spoke: Conversion Therapy ""Conversion Therapy"" [-: Question pressing government to ban conversion therapy, advocating for the ban CitizenGO opposes]"
"John Milne (Liberal Democrat, Horsham)",,,,,1,,"2025-06-18 DEBATE: Spoke: Banning Conversion Practices ""Banning Conversion Practices"" [--: Urges government to legislate a conversion therapy ban within a year] | 2025-06-18 DEBATE: Spoke: Banning Conversion Practices ""Banning Conversion Practices"" [-: Pushes government to bring forward a conversion therapy ban, against CitizenGO's concerns]"
"Laura Kyrke-Smith (Labour, Aylesbury)",,,,,1,,"2025-11-13 DEBATE: Spoke:  Business of the House (re: conversion therapy) ""Today marks the start of Transgender Awareness Week. I express my solidarity with and respect for the trans community in Aylesbury. When I met a local LGBTQ+ group recently, we discussed the urgent need to end the harmful practice of conversion therapy...."" [--: Calls conversion therapy harmful, urges Labour to legislate a ban swiftly] | 2024-10-14 PQ: Conversion Therapy ""Conversion Therapy"" [0: Neutral information-seeking on conversion therapy policy scope]"
"Lucy Powell (Labour (Co-op), Manchester Central)",,,,,1,,"2023-11-09 DEBATE: Spoke:  Business of the House (re: conversion therapy) ""Nutrient neutrality has been dropped to avoid another embarrassing defeat. Whatever happened to the motorists Bill, briefed several times as the Prime Minister’s big idea? It is nowhere this week. The ban on conversion therapy? Dropped."" [-: Criticises government for dropping conversion therapy ban, implying support for it] | 2023-01-17 DEBATE: Spoke:  Online Safety Bill ""Online Safety Bill"" [--: Welcomes ban on conversion practices for trans people, opposing therapy freedom concerns]"
"Ms Diane Abbott (Labour, Hackney North and Stoke Newington)",,,,,1,,"2021-07-09 PQ: Conversion Therapy ""Conversion Therapy"" [-: Encourages adopting foreign conversion therapy bans] | 2020-06-04 EDM-SIGNED: Signed EDM: LGBTQ+ conversion therapy in the UK [--: Calls for full criminal ban on conversion therapy including sending people abroad]"
"Ms Stella Creasy (Labour (Co-op), Walthamstow)",,,,,1,,"2026-05-18 DEBATE: Spoke: Backing Business to Create Economic Growth (re: conversion therapy) ""We do not want the Government to be caught up in fighting to get rid of juries, when really, if we want to help victims, we should bring in specialist rape courts. Yes, we need to have the difficult conversations about immigration, because in my Walthamstow..."" [0: General remarks on anger and community fear, no direct conversion therapy or migration stance] | 2021-03-08 DEBATE: Spoke:  LGBT Conversion Therapy ""Where young people who are gay, lesbian, transgender or bi grow up in communities where they are not supported, they are eight times more likely to have attempted suicide, six times more likely to report depression and three times more likely to use illegal..."" [--: Advocates making conversion therapy illegal outright, opposing therapy freedom concerns]"
"Munira Wilson (Liberal Democrat, Twickenham)",,,,,1,,"2022-02-21 EDM-SIGNED: Signed EDM: LGBT+ history month 2022 (re: conversion therapy) [--: Calls on government to ban conversion therapy, opposing CitizenGO's concerns] | 2020-06-04 EDM-SIGNED: Signed EDM: LGBTQ+ conversion therapy in the UK [--: Calls for full criminal ban on conversion therapy including sending people abroad]"
"Steve Race (Labour, Exeter)",,,,,1,,"2026-06-25 DEBATE: Spoke: Draft Conversion Practices Bill ""Draft Conversion Practices Bill"" [--: MP praises and endorses trans-inclusive conversion therapy ban as necessary abuse prevention] | 2026-02-12 DEBATE: Spoke: LGBT+ History Month (re: decriminalis) ""That is why I am proud to be a Labour MP. While the political consensus fragments in some quarters, in this place and beyond, in the pursuit of headlines and knee-jerk politics, I know that this Government continue to stand on the side of equality and..."" [--: Champions trans-inclusive conversion therapy ban, opposing CitizenGO's therapy freedom concerns]"
"Wendy Chamberlain (Liberal Democrat, North East Fife)",,,,,1,,"2022-02-21 EDM-SIGNED: Signed EDM: LGBT+ history month 2022 (re: conversion therapy) [--: Calls on government to ban conversion therapy, opposing CitizenGO's concerns] | 2020-06-04 EDM-SIGNED: Signed EDM: LGBTQ+ conversion therapy in the UK [--: Calls for full criminal ban on conversion therapy including sending people abroad]"
"Ben Maguire (Liberal Democrat, North Cornwall)",,,,,1,,"2025-06-23 DEBATE: Spoke:  Pride Month (re: conversion therapy) ""To conclude, I urge the Minister to provide this House with an update on what steps he is taking to reassure the trans community that it will continue to receive protections and safe spaces following the Equality and Human Rights Commission guidance, which..."" [--: Strongly defends trans community, criticises gender-critical voices, backs protections]"
"Catherine Fookes (Labour, Monmouthshire)",,,,,1,,"2025-09-03 DEBATE: Spoke: Support for Trans People (re: conversion therapy) ""I am really pleased that the Government are committed to delivering a full trans-inclusive ban on conversion therapy. When will that legislation be introduced to bring that abusive practice to an end?"" [--: Pushes government to expedite full trans-inclusive conversion therapy ban, opposing therapy freedom concerns]"
"Claire Hanna (Social Democratic & Labour Party, Belfast South and Mid Down)",,,,,1,,2020-06-04 EDM-SIGNED: Signed EDM: LGBTQ+ conversion therapy in the UK [--: Calls for full criminal ban on conversion therapy including sending people abroad]
"Colum Eastwood (Social Democratic & Labour Party, Foyle)",,,,,1,,2020-06-04 EDM-SIGNED: Signed EDM: LGBTQ+ conversion therapy in the UK [--: Calls for full criminal ban on conversion therapy including sending people abroad]
"Dave Doogan (Scottish National Party, Angus and Perthshire Glens)",,,,,1,,2020-06-04 EDM-SIGNED: Signed EDM: LGBTQ+ conversion therapy in the UK [--: Calls for full criminal ban on conversion therapy including sending people abroad]
"Dr Scott Arthur (Labour, Edinburgh South West)",,,,,1,,"2025-10-09 PQ: Conversion Therapy ""Conversion Therapy"" [--: Pushes for trans-inclusive conversion practices ban, opposing CitizenGO's stance]"
"Jack Abbott (Labour (Co-op), Ipswich)",,,,,1,,"2026-04-29 DEBATE: Spoke: Conversion Practices ""Conversion Practices"" [--: Calls conversion therapy barbaric and urges government ban, opposing CitizenGO's concerns]"
"Jacob Collier (Labour, Burton and Uttoxeter)",,,,,1,,"2025-04-24 DEBATE: Spoke: Lesbian Visibility Week (re: conversion therapy) ""I thank my hon. Friend for giving way, and for securing debate. I know that she has spoken passionately about these issues over many decades and that, like me, she will have received lots of correspondence from concerned trans and LGBT+ constituents over the..."" [--: Urges advancing trans-inclusive conversion therapy ban and GRA reform, opposing CitizenGO positions]"
"Jeremy Corbyn (Your Party, Islington North)",,,,,1,,"2022-06-13 DEBATE: Spoke: Transgender Conversion Therapy ""Transgender Conversion Therapy"" [--: Demands total conversion therapy ban including trans people, opposing exemptions for religious/therapeutic freedom]"
"John McDonnell (Labour, Hayes and Harlington)",,,,,1,,2024-05-17 EDM-SIGNED: Signed EDM: ILGA-Europe Rainbow Map (re: conversion practices) [--: Criticises delay in banning conversion practices and migration enforcement affecting LGBTI migrants]
"Josh Newbury (Labour, Cannock Chase)",,,,,1,,"2025-05-19 DEBATE: Spoke: Gender Self-identification ""Let us begin by delivering on banning conversion practices in all their vile forms, equalising the punishment of all forms of hate crime, reviewing adult gender identity services and ensuring that all trans people receive appropriate and high-quality care,..."" [--: Criticises guidance excluding trans people from single-sex spaces, opposing sex-based space protections]"
"Kate Osamor (Labour (Co-op), Edmonton and Winchmore Hill)",,,,,1,,2020-06-04 EDM-SIGNED: Signed EDM: LGBTQ+ conversion therapy in the UK [--: Calls for full criminal ban on conversion therapy including sending people abroad]
"Keir Mather (Labour, Selby)",,,,,1,,"2023-12-06 DEBATE: Spoke: Conversion Practices ""Conversion Practices"" [--: Advocates banning conversion therapy for young people, opposing CitizenGO's caution on such bans]"
"Mr Alistair Carmichael (Liberal Democrat, Orkney and Shetland)",,,,,1,,"2022-02-21 EDM-SIGNED: Signed EDM: LGBT+ history month 2022 (re: conversion therapy) [--: Calls on government to ban conversion therapy, opposing CitizenGO's concerns]"
"Mr Clive Betts (Labour, Sheffield South East)",,,,,1,,2020-06-04 EDM-SIGNED: Signed EDM: LGBTQ+ conversion therapy in the UK [--: Calls for full criminal ban on conversion therapy including sending people abroad]
"Neil Coyle (Labour, Bermondsey and Old Southwark)",,,,,1,,"2020-12-01 PQ: Conversion Therapy ""Conversion Therapy"" [--: Pushes government to end conversion therapy, opposing therapy freedom concerns]"
"Paula Barker (Labour, Liverpool Wavertree)",,,,,1,,"2022-02-21 EDM-SIGNED: Signed EDM: LGBT+ history month 2022 (re: conversion therapy) [--: Calls on government to ban conversion therapy, opposing CitizenGO's concerns]"
"Richard Burgon (Labour, Leeds East)",,,,,1,,2020-06-04 EDM-SIGNED: Signed EDM: LGBTQ+ conversion therapy in the UK [--: Calls for full criminal ban on conversion therapy including sending people abroad]
"Samantha Dixon (Labour, Chester North and Neston)",,,,,1,,"2023-11-14 DEBATE: Spoke: Economic Growth (re: conversion therapy) ""Some promises have been completely omitted, including the shameful U-turn on banning conversion therapy. That move has abandoned LGBTQ+ people who face this abusive practice."" [--: Criticises government for abandoning conversion therapy ban, favouring a strict ban]"
"Sarah Green (Liberal Democrat, Chesham and Amersham)",,,,,1,,"2022-02-21 EDM-SIGNED: Signed EDM: LGBT+ history month 2022 (re: conversion therapy) [--: Calls on government to ban conversion therapy, opposing CitizenGO's concerns]"
"Sarah Olney (Liberal Democrat, Richmond Park)",,,,,1,,2020-06-04 EDM-SIGNED: Signed EDM: LGBTQ+ conversion therapy in the UK [--: Calls for full criminal ban on conversion therapy including sending people abroad]
