Decision-Maker,++,+,0,-,--,Target (Y/N),Based on,Confidence,Evidence items,Profile,Comments,Actual vote,Evaluate
"Jim Shannon (Democratic Unionist Party, Strangford)",1,,,,,,"a speech, 11 months ago","moderate (consistent speeches, but no vote on record)",26,mp-votes.html#mp-4131,"2026-09-10 DEBATE: Spoke: Business of the House (re: freedom of religion or belief) ""I thank the Leader of the House, as always, for his answers to our questions. Will he ask the Foreign Secretary to make a statement on forced marriage and freedom of religion or belief in India, following reports of women being subjected to violence for..."" [unscored] | 2025-11-05 DEBATE: Spoke: Conflict in Sudan (re: Islamis) ""I thank the Minister very much for his answers. Open Doors reports that there has been a spike in the abduction and killing of Christian men, women and children by radical Islamist groups. Church leaders have been targeted with false charges, including..."" [++: Raises persecution of Christians by Islamist groups, calls for protection of religious minorities] | 2025-01-09 DEBATE: Spoke: Impact of Conflict on Women and Girls (re: freedom of religion or belief) ""One of the most harrowing manifestations of freedom of religion or belief violations in conflict settings is the targeted abduction, forced marriage and conversion of women and girls from religious minority communities. In her introduction to this debate, the..."" [+: Condemns forced marriage and conversion of minority women, aligning with family and religious freedom values] | 2024-11-28 DEBATE: Spoke:  Pakistan: Freedom of Religion ""I have a couple of asks for the Minister—more than a couple; it always is with me, but I do so respectfully and in a positive fashion. Can we advocate for blasphemy law reform by working with international allies to pressure Pakistan to reform those laws,..."" [+: Advocates for religious freedom abroad by pressing Pakistan on blasphemy law reform] | 2024-01-25 DEBATE: Spoke: Religious Persecution and the World Watch List ""Through the APPG I am fully aware of the relevant issues, and it is crucial that we speak about them and give them the time they deserve. With the launch of this year’s world watch list, it is important to bring attention to two specific countries where there..."" [++: Chairs FORB APPG, highlights religious persecution abroad, strong advocacy for religious freedom] | 2023-03-29 DEBATE: Spoke: Human Trafficking and  Modern Slavery ""Freedom of religion or belief is a cornerstone human right, one that I adhere to and often speak about in this place, as do others. That cornerstone right also lays the foundation for other human rights; we cannot divorce the two—the two are married. Human..."" [+: Champions freedom of religion or belief as cornerstone human right needing protection] | 2023-01-19 DEBATE: Spoke: Afghan Citizens Resettlement Scheme: Pathway 3 (re: freedom of religion) ""Other religious minorities have also been devastated under the Taliban. The number of Sikhs and Hindus in Afghanistan fell from 400 to 150 in three years, with attacks by IS-K against both communities having been reported. There used to be 15,000 Christians..."" [0: Factual questioning on resettlement scheme and persecution, no clear stance stated] | 2022-11-17 DEBATE: Spoke: Persecution of Christians ""The work of the Prime Minister’s special envoy for freedom of religion or belief, currently the hon. Member for Congleton, must be adequately resourced and fully integrated into the FCDO’s work. That is another ask through this debate. I know that she will..."" [++: Long-standing advocacy highlighting worsening persecution of Christians worldwide, urging government action] | 2022-10-11 DEBATE: Spoke: Blasphemy Laws and Allegations: Commonwealth Countries ""The implementation of sharia-based blasphemy laws curtails the liberty of all in Nigeria. Everyone is subject to an interpretation of the law—not necessarily the law of the land—that stands in stark contradiction to Nigeria’s constitution, which protects..."" [++: Leads debate condemning blasphemy laws, strongly defends religious freedom] | 2022-07-06 DEBATE: Spoke: Strategy for International Development (re: freedom of religion or belief) ""As chair of the all-party parliamentary group for international freedom of religion or belief, I am frequently reminded of the dire situation that so many women and girls face around the world. It is always hard to listen to such things, and I find it..."" [0: General remarks on freedom of religion, no clear policy direction stated] | 2022-04-21 DEBATE: Spoke: Working Tax Credit and Universal Credit: Two-Child Limit ""“This raises the question of whether the two-child limit reduced the overall fertility of third and subsequent births in the UK. Survey evidence from the British Pregnancy Advisory Service found that 57 percent of women who were likely to be affected by the..."" [+: Criticises two-child benefit limit's impact on families, supporting larger family choices] | 2022-03-17 DEBATE: Spoke: Gender Specific Religious Persecution ""Religious dress may seem a trivial form of infringement on freedom of religion or belief, but wherever violations of that nature take place, grave examples of forced marriage and sexual exploitation are not far behind. Forced marriage, and the sexual..."" [+: Motion highlights religious persecution and forced marriage, defending freedom of religion] | 2022-03-03 DEBATE: Spoke:  Business of the House (re: forced conversion) ""You have a lovely tie, by the way, Mr Speaker. I was encouraged that this week the Islamabad High Court judge Justice Babar Sattar issued a verdict barring girls under the age of 18 from getting married, even of their own free will, and prohibiting parents..."" [+: Praises court ruling ending forced child marriage, protecting family and religious freedom] | 2021-12-22 PQ: Forced Marriage ""Answer: The Government takes the issue of protecting the vulnerable, including the elderly, from being taken advantage of extremely seriously. The Law Commission is working on two major law reform reviews commissioned by the Government which are relevant to..."" [0: Neutral inquiry on predatory marriage legislation, unrelated to core stance] | 2021-10-21 DEBATE: Spoke: Business of the House (re: forced conversion) ""Will the Leader of the House consider providing time for a debate on the persecution of religion or belief and minorities in Pakistan? Last week, the Pakistan Government rejected a Bill that was designed to prevent abduction, forced marriage and forced..."" [+: Raises concern for persecuted religious minorities and forced marriage/conversion abuses] | 2021-02-04 DEBATE: Spoke:  Treatment of Uyghur Women: Xinjiang Detention Camps (re: freedom of religion or belief) ""As the case of the horrifying treatment of the Uyghur women outlined by the hon. Member for Wealden (Ms Ghani) demonstrated very well, women and girls from marginalised religions or belief communities often encounter unique persecution and challenge due to..."" [+: Highlights persecution of religious minority women, supportive of freedom of religion] | 2020-11-24 PQ: Pakistan: Forced Marriage ""Answer: The UK Government strongly condemns the forced marriage and forced conversion of women and girls from religious minorities in Pakistan. We regularly raise our concerns about Freedom of Religion or Belief, women and girls' rights and gender equality..."" [+: Supports victims of forced conversion and marriage, defends religious and family freedom] | 2019-05-16 DEBATE: Spoke: National Marriage and Mental Health Awareness Weeks (re: family breakdown) ""The findings show that the influence of family behaviour on teenage mental health extends far beyond parental conflict. Family breakdown is the single biggest factor for girls and equal top influence for boys, along with parental relationship happiness...."" [++: Warmly celebrates marriage and family life as central social goods] | 2018-05-16 DEBATE: Spoke:  Housing and Access to Legal Aid (re: family breakdown) ""Family breakdown has put a lot more pressure on so many aspects of life. Further, with this amount of separation and difficulty, people need access to sound advice; moreover, they need help. This is about giving the right help at the right time to those who..."" [+: Highlights costs of family breakdown, implicitly valuing family stability] | 2018-03-01 DEBATE: Spoke: Freedom of Religion or Belief ""On 8 August 2017, the Nepalese Parliament passed a criminal code Bill that strengthens those constitutional restrictions and outlines significant criminal penalties for offenders. In other words, it is another level of persecution, this time legal. The Bill..."" [++: Advocates strongly for religious freedom of persecuted Christians in Nepal and Nigeria] | 2018-01-30 DEBATE: Spoke: Marriage in Government Policy (re: marriage allowance) ""The cost of the further projected increases in the personal allowance to £12,500 is £4 billion, the majority of which will go, as the Institute for Fiscal Studies has demonstrated, to those in the top half of the income distribution. By contrast, any increase..."" [0: Economic discussion of marriage allowance costs, not a values stance] | 2018-01-30 DEBATE: Spoke: Marriage in Government Policy (re: marriage allowance) ""The fact of the matter is that I have supported married life over a long period, I am totally committed to it and I want to see Government policy on it. Since I came to the House in 2010, I and the hon. Member for Congleton (Fiona Bruce), who is in her..."" [++: Long-time self-declared champion of marriage in government policy] | 2017-11-23 DEBATE: Spoke: Budget Resolutions (re: marriage allowance) ""Let me quickly draw some comparisons. The income tax burden on a one-earner married couple with two children is 70% greater than the burden on a comparable French family, twice that on a family in the USA and 15 times that on a German family. The 10% marriage..."" [+: Highlights high tax burden on married couples, implicitly supporting marriage recognition] | 2017-02-01 DEBATE: Spoke:  Marriage Week (re: marriage allowance) ""I congratulate the hon. Gentleman on bringing this important issue to the House. Is he aware of the ComRes poll showing that 21% of people support further increases in the personal allowance, but that 60% support increasing the marriage allowance? Does he..."" [+: Supports increasing marriage allowance, favouring recognition of marriage in tax policy] | 2016-04-13 DEBATE: Spoke: Sustainable Development Goals (re: persecution of Christians) ""I attended an event today on the persecution of Christians in Nigeria. Tomorrow is the second anniversary of the kidnapping of 200 young girls in Nigeria, to which the hon. Member for East Kilbride, Strathaven and Lesmahagow (Dr Cameron) referred. We have to..."" [+: Raises persecution of Christians in Nigeria, showing concern for religious freedom] | 2015-07-14 DEBATE: Spoke: Budget Resolutions and Economic Situation (re: marriage allowance) ""In the last Parliament, the Democratic Unionist party worked alongside the Conservative Government to deliver the marriage allowance. What a breakthrough that was: we encouraged marriage, we encouraged the family. Yet now, one year later, it seems that the..."" [++: Praises marriage allowance as encouraging marriage and family, clear pro-family endorsement]",,
"Sir Edward Leigh (Conservative, Gainsborough)",1,,,,,,"a speech, 6 years ago","moderate (consistent speeches, but no vote on record)",6,mp-votes.html#mp-345,"2020-06-30 DEBATE: Spoke:  Lammy Review (re: family breakdown) ""Every bit of social research makes clear the devastating result of family breakdown, yet this report says that black children are more than twice as likely to grow up in a lone-parent family. Will the Minister assure the House that the Government are fully..."" [++: Champions marriage and family bonds as remedy to family breakdown] | 2020-06-17 DEBATE: Spoke:  Divorce, Dissolution and Separation Bill [Lords] (re: no-fault divorce) ""I rise to speak to new clause 3, which stands in my name. It would replicate Scottish law, which replaces the two and five-year separation with a no-fault divorce after one year. It is a moderate compromise and I have no doubt that the Government will accept..."" [++: Argues against expanding no-fault divorce, citing harm to families and children] | 2020-06-08 DEBATE: Spoke: Divorce, Dissolution and Separation Bill [Lords] (re: no-fault divorce) ""In the last Parliament, this Bill was promoted by David Gauke. How much we all miss him! He carried out a consultation, but he ignored what the consultation said. We know that 80% of the people who were consulted opposed this measure. In another poll, 72%..."" [++: Opposes rushed no-fault divorce reform, defending marriage stability and caution over easy divorce] | 2018-02-08 DEBATE: Spoke: Strengthening Families (re: family breakdown) ""Given that the cost of family breakdown is £47 billion, as my hon. Friend has explained, I do not believe that it is too much for the Treasury to recognise marriage in the tax system through a marriage allowance, for which I have campaigned for years. We are..."" [++: Strongly supports marriage recognition in tax system to address family breakdown] | 2015-10-20 DEBATE: Spoke: Tax Credits (re: marriage allowance) ""The Minister is making some excellent points and I fully support his desire to reduce the deficit and reform tax credit. This is a listening Government, so I just wonder whether, in the coming weeks as we consider the impact of the reform and in terms of..."" [+: Supports enhancing marriage allowance to soften tax credit impact, favouring marriage-supportive policy] | 2015-10-13 DEBATE: Spoke: No Fault Divorce (re: no-fault divorce) ""“the real negative impact of the no-fault divorce regime was on children, and increasing the divorce rate meant increasing numbers of disadvantaged children.”"" [++: Argues strongly against no-fault divorce citing harm to children, aligning with marriage and family position]",,
"Danny Kruger (Reform UK, East Wiltshire)",1,,,,,,"a speech, 6 years ago","moderate (consistent speeches, but no vote on record)",3,mp-votes.html#mp-4858,"2022-02-25 DEBATE: Spoke: Marriage and Civil Partnership (Minimum Age) Bill (re: parental consent) ""As my hon. Friend says, if someone is too young to consent to marriage, they are too young to marry. That is an absolutely inviolable point. I am glad that we are honouring the declarations of various international bodies, such as UNICEF, which says that..."" [+: Supports banning child marriage, aligning with protecting children within family and marriage norms] | 2020-06-08 DEBATE: Spoke: Divorce, Dissolution and Separation Bill [Lords] (re: no-fault divorce) ""What will this Bill do? Its practical effect is simply that couples will not have to wait for two years for a no-fault divorce, but will have to wait for only six months. I can appreciate that two years must feel like an eternity for someone who wants to move..."" [++: Strongly opposes no-fault divorce reform, defending the marriage vow's permanence] | 2020-06-08 DEBATE: Spoke: Divorce, Dissolution and Separation Bill [Lords] (re: no-fault divorce) ""I fear that this Bill is a great surrender. There were other ways to achieve the ends that the Government seek, namely to let people move on with their lives sooner than two years. We could have judicial separation after six months, so that people can settle..."" [++: Opposes no-fault divorce reform as undermining marriage's moral and legal integrity]",,
"Fabian Hamilton (Labour, Leeds North East)",1,,,,,,"a speech, 7 years ago","moderate (consistent speeches, but no vote on record)",3,mp-votes.html#mp-415,"2022-03-22 DEBATE: Spoke: Topical Questions (re: Law Commission) ""T2. In December, my constituent Daphne Franks and I delivered a paper to the Ministry of Justice setting out proposals to end predatory marriage, but so far nothing has been done, mainly because the review of wills has been paused by the Law Commission. Given..."" [+: Seeks action against predatory marriage abuse, supporting integrity of marriage institution] | 2020-03-12 DEBATE: Spoke: Freedom of Religion or Belief ""As we know, the United Kingdom is a signatory to the universal declaration of human rights, which protects freedom of religion or belief. The UK is party to the international covenant on civil and political rights. Article 9 of the European convention on..."" [++: Highlights global rise in Christian persecution, advocating for freedom of religion] | 2018-11-21 DEBATE: Spoke:  Marriage and Civil Partnership (Consent) (re: marriage law) ""I would like to thank Daphne and Stephen Franks for bringing their very distressing case to my attention as their local Member of Parliament. I believe that the case has profound implications for many hundreds of other families across the country who may find..."" [+: Bill requiring genuine consent before marriage protects marriage integrity and vulnerable people]",,
"Jess Brown-Fuller (Liberal Democrat, Chichester)",1,,,,,,"a speech, 15 months ago",thin (only 2 evidence items on record),2,mp-votes.html#mp-5335,"CONFLICTING SIGNALS - review all evidence | 2026-09-07 DEBATE: Spoke: Surrogacy Law and Legal Parenthood ""The Law Commission’s report found a lack of clarity about what payments can be made by the intended parents to the surrogate, which makes the law difficult to apply in practice. We need a law that can be clearly and fairly applied, to ensure that families and..."" [-: Supports easing surrogacy law reform, downplaying concerns despite noting exploitation risks abroad] | 2025-06-26 DEBATE: Spoke: IVF Egg Donation: Young Women ""I will briefly touch on an equally complex and emotionally charged topic: surrogacy and legal parenthood from the point of birth. For the sake of the child, the surrogate and the legal parents, the matter needs to be handled with great sensitivity. The..."" [++: Warns against commercialising egg donation and surrogacy, favours protective regulation]",,
"Sir Desmond Swayne (Conservative, New Forest West)",1,,,,,,"a speech, 9 years ago",thin (only 2 evidence items on record),2,mp-votes.html#mp-55,"2018-02-08 DEBATE: Spoke: Strengthening Families (re: family breakdown) ""Family breakdown is costing us billions and we have to make sure that, across all of Government, we pursue policies that will deal with this epidemic—and it is an epidemic."" [++: Strongly laments family breakdown and champions marriage as remedy] | 2018-02-08 DEBATE: Spoke: Strengthening Families (re: family breakdown) ""There certainly is scope within such institutions as the armed forces to provide training courses that will help with family breakdown. There are all sorts of courses available that help people to strength their relationships, and I have experienced them..."" [+: Advocates relationship and family strengthening courses to address family breakdown]",,
"Sir James Cleverly (Conservative, Braintree)",1,,,,,,"a speech, 5 years ago",thin (only 2 evidence items on record),2,mp-votes.html#mp-4366,"2021-11-25 DEBATE: Spoke: Freedom of Religion or Belief: 40th Anniversary of UN Declaration ""I am genuinely grateful to my hon. Friend the Member for Congleton (Fiona Bruce) for securing this debate on the anniversary of an incredibly important day. I also pay tribute to her tireless and inspirational work as the Prime Minister’s special envoy for..."" [++: Strongly champions freedom of religion or belief and solidarity with persecuted Christians] | 2021-10-26 DEBATE: Spoke: Pakistan: Maira Shahbaz (re: gender-based violence) ""We strongly condemn forced marriage and the forced conversion of women and girls, including in Pakistan. We regularly raise our concerns, including individual cases, at a senior level with the Pakistani authorities. We fund projects in Pakistan to address..."" [+: Condemns forced marriage and forced religious conversion, supporting traditional family and faith freedom]",,
"Tracy Gilbert (Labour, Edinburgh North and Leith)",1,,,,,,"a speech, 2 weeks ago",thin (only 2 evidence items on record),2,mp-votes.html#mp-5188,"2026-09-07 DEBATE: Spoke: Surrogacy Law and Legal Parenthood ""I hope I have evidenced why we must have a much wider debate on surrogacy. Fifty per cent of responses to the Law Commission’s consultation called for a total ban on surrogacy in the UK. I fully support such a ban, but it should be based on a wider debate..."" [++: Explicitly backs total ban on commercial surrogacy to protect vulnerable women] | 2026-09-07 DEBATE: Spoke: Surrogacy Law and Legal Parenthood ""The commission’s proposals would shift the balance of rights to the intended parents, but it is important that we, as legislators, consider the bigger picture. There is likely to be an economic imbalance between the surrogate mother and the..."" [++: Raises exploitation, coercion and trafficking concerns central to opposing commercial surrogacy]",,
"Blair McDougall (Labour, East Renfrewshire)",1,,,,,,"a speech, 22 months ago",thin (only 1 evidence item on record),1,mp-votes.html#mp-5076,"2024-11-06 DEBATE: Spoke: Uyghur and Turkic Muslims: Forced Labour in China (re: abortion) ""That human rights have never been respected by the People’s Republic of China is a given, but the persecution of Uyghurs and other Turkic Muslims since 2017 has been unprecedented even for the Chinese Communist party. More than 1 million Muslims have been..."" [++: Condemns forced abortion and forced marriage of Uyghur women as grave rights abuses]",,
"Brendan O'Hara (Scottish National Party, Argyll, Bute and South Lochaber)",1,,,,,,"a speech, 5 years ago",thin (only 1 evidence item on record),1,mp-votes.html#mp-4371,"2021-11-25 DEBATE: Spoke: Freedom of Religion or Belief: 40th Anniversary of UN Declaration ""“Hear Her Cries” comes in response to the Bishop of Truro’s 2019 independent review, particularly its recommendation 5, which set out the need for further research on how issues of freedom of religion or belief intersect with basic human rights issues such as..."" [++: Strongly celebrates freedom of religion or belief declaration, clear supportive alignment]",,
"Iqbal Mohamed (Independent, Dewsbury and Batley)",1,,,,,,"a speech, 6 months ago",thin (only 1 evidence item on record),1,mp-votes.html#mp-5268,"2026-03-23 DEBATE: Spoke: Puberty Blockers Clinical Trial ""It is a pleasure to serve under your chairship, Mr Mundell. This is a Government who have shown that they care for the safety and welfare of children. They supported the Online Safety Act 2023 to counteract harmful digital content and removed, albeit..."" [++: Strongly opposes puberty blocker trial citing irreversible harm to children]",,
"Jack Rankin (Conservative, Windsor)",1,,,,,,"a speech, 22 months ago",thin (only 1 evidence item on record),1,mp-votes.html#mp-5340,"2024-12-02 DEBATE: Spoke: Migration and Border Security ""Villages such as Datchet in my constituency are bearing the brunt of the fact that 6,000 more illegal economic migrants are staying in asylum hotels since this Government came into office. These single adult males represent something like 2% of the village’s..."" [++: Highlights strain from illegal migrants, framing supports stricter border control]",,
"Kit Malthouse (Conservative, North West Hampshire)",1,,,,,,"a speech, 9 years ago",thin (only 1 evidence item on record),1,mp-votes.html#mp-4495,"2018-01-30 DEBATE: Spoke: Marriage in Government Policy (re: relationships and sex education) ""On the relationships and sex education consultation that is coming out later this year, I understand that that will or should mention the importance of commitment, with a specific mention of marriage as an element of that."" [++: Minister affirms marriage's importance in family test and relationships education policy]",,
"Martin Wrigley (Liberal Democrat, Newton Abbot)",1,,,,,,"a speech, 14 months ago",thin (only 1 evidence item on record),1,mp-votes.html#mp-5111,"2025-07-17 DEBATE: Spoke: Freedom of Religion or Belief: UK Foreign Policy ""Where religious legislation remains stagnant or regressive, I see little evidence that UK engagement has shifted the dial. I urge the Government to take a far more active and co-ordinated approach, not just to maintain relationships but to use them to drive..."" [++: Strongly urges more active UK government action to champion freedom of religion or belief abroad]",,
"Mr Hamish Falconer (Labour, Lincoln)",1,,,,,,"a speech, 22 months ago",thin (only 1 evidence item on record),1,mp-votes.html#mp-5148,"2024-11-28 DEBATE: Spoke:  Pakistan: Freedom of Religion ""Let me now say a little about what the UK is doing to help. This Government recognise the central importance of promoting a more open society in Pakistan. We regularly engage with its Government, with like-minded partners and with other stakeholders to raise..."" [++: Highlights persecution of religious minorities and forced conversions, strongly defending freedom of religion]",,
"Neil O'Brien (Conservative, Harborough, Oadby and Wigston)",1,,,,,,"a speech, 8 years ago",thin (only 1 evidence item on record),1,mp-votes.html#mp-4679,"2018-10-26 DEBATE: Spoke: Civil Partnerships, Marriages and Deaths (Registration Etc.) Bill (re: family breakdown) ""About half the children born today will not be living with both parents by the time they are 15, and it is profoundly sad that they would be more likely to have a smartphone than to grow up with a father living at home. I grew up in a very average household,..."" [++: Defends traditional marriage as vital commitment device benefiting children and society]",,
"Sir Mel Stride (Conservative, Central Devon)",,1,,,,,"a speech, 9 years ago","moderate (consistent speeches, but no vote on record)",6,mp-votes.html#mp-3935,"2019-07-08 DEBATE: Spoke:  Business of the House (re: abortion) ""TABLE Proceedings Time for conclusion of proceedings New Clauses, new Schedules in Committee of the whole House relating to abortion, marriage or civil partnership, historical institutional abuse, or pensions of the kind mentioned in paragraph 28 of the..."" [0: Procedural scheduling motion mentioning abortion only in passing, no substantive stance] | 2019-01-16 DEBATE: Spoke: Taxation of Low-income Families (re: marriage allowance) ""The Conservative party introduced the national living wage. We should be enormously proud of that fact. It goes up by 4.9% in April, so those in full-time employment will take home £2,750 more than they did in 2010 [Official Report, 31 January 2019, Vol. 653,..."" [0: Discusses tax taper rates and wages, not substantively about marriage support] | 2018-03-26 DEBATE: Spoke: Draft Scottish Rates of Income Tax (Consequential Amendments) Order 2018 (re: marriage allowance) ""The order makes changes to reflect the new income tax rates so that certain tax reliefs continue to work as intended when the changes take effect in April. It will ensure that those in the new Scottish starter and intermediate rate bands continue to receive..."" [0: Technical tax order maintaining marriage allowance rate, procedural not substantive] | 2018-01-16 DEBATE: Spoke: Marriage Allowance ""I congratulate my hon. Friend on all the hard work that he has put in to promote marriage and civil partnerships, and all the benefits thereof to families and wider society. I assure him that the design of the marriage allowance is such that it will indeed..."" [+: Praises marriage allowance and benefits of marriage for families and society] | 2018-01-16 DEBATE: Spoke: Marriage Allowance ""My hon. Friend is pushing in a direction in which we have already travelled. In the last Budget, we made provision for ensuring that those who have been married or in a civil partnership and have a deceased partner are able to claim the marriage allowance and..."" [+: Supports extending marriage allowance benefits, favourable to marriage and family policy] | 2018-01-09 DEBATE: Spoke: Finance (No. 2) Bill (First sitting) (re: marriage allowance) ""As a result, bereaved partners can now claim on behalf of their spouse or civil partner in the current year and any previous years where they were eligible, up to a maximum of four years. That will enable of thousands of extra people to claim the marriage..."" [+: Supports extending marriage allowance benefits to bereaved spouses, aiding married couples]",,
"Sir John Hayes (Conservative, South Holland and The Deepings)",,1,,,,,"a speech, 6 years ago","moderate (consistent speeches, but no vote on record)",4,mp-votes.html#mp-350,"2020-06-17 DEBATE: Spoke:  Divorce, Dissolution and Separation Bill [Lords] (re: family breakdown) ""Mr Evans, what a delight to have you in the Chair and to speak under your benevolent guidance. Finally, let me deal with the matter of family breakdown and children. A lot has been made of that in this debate. We know from all the evidence—I saw my right hon...."" [+: Criticises easier divorce as disadvantaging respondents and harming children, favouring family stability] | 2019-10-16 DEBATE: Spoke: Public Services (re: family breakdown) ""Of course there are many causes of crime. Earlier, I heard the shadow Minister describe her working-class credentials. No one in this Chamber could trump my working-class credentials, and on the council estate where I was brought up most people were..."" [+: Highlights family breakdown as social ill, implicitly supporting traditional family stability] | 2019-01-16 DEBATE: Spoke: Taxation of Low-income Families (re: family breakdown) ""If someone were to go to that council estate now, they would see a very different picture. They would see more lawlessness and more vandalism. They would see the parade of shops that was once there, which my mother used, long gone. Fundamentally and most..."" [+: Laments family breakdown's social harm, implicitly valuing stable family structures] | 2018-06-27 DEBATE: Spoke:  Offensive Weapons Bill (re: family breakdown) ""The idea that things are not getting better is unpalatable, which is why the Bill is pertinent and welcome. Crime has many causes, and some have been rehearsed in the debate. They include communal disintegration, family breakdown and the absence of..."" [+: Cites family breakdown as a cause of crime, aligning with pro-family concerns]",,
"Dr Kieran Mullan (Conservative, Bexhill and Battle)",,1,,,,,"a speech, 6 months ago","thin (speeches only, and few of them directional)",3,mp-votes.html#mp-4860,"2026-03-12 DEBATE: Spoke: Marriage Regulations (re: marriage law) ""However, in pursuing such reforms, we must be careful that the pendulum does not swing too far in the other direction. It is worth remembering that the question of modernising marriage law is not new; over the past decade, successive Governments have..."" [+: Cautious tone, upholds seriousness and integrity of marriage as institution] | 2025-06-12 DEBATE: Spoke: Humanist Marriage (re: weddings law) ""The Law Commission was asked to review the law governing how and where people can marry in England and Wales, and the Law Commission concluded its work in 2022. The final 500-page report on reforming weddings law set out 57 recommendations. One feature of the..."" [+: Praises marriage and civil partnerships as cornerstones of stable families and communities] | 2020-02-12 DEBATE: Spoke:  Terrorist Offenders (Restriction of Early Release) Bill (re: family breakdown) ""Whether we are addressing terrorism, loneliness, addiction or family breakdown, it is with community, belonging and importance that we need to start if we really want to level up this country. Many people have forgotten that the community right outside their..."" [0: General remarks on family breakdown, no substantive family policy stance]",,
"Jeff Smith (Labour, Manchester Withington)",,1,,,,,"a speech, 5 years ago",thin (only 2 evidence items on record),2,mp-votes.html#mp-4456,"2022-01-27 DEBATE: Spoke: Humanist Marriages (re: Humanists UK) ""and do nothing. The judge also said that she had given the Government the benefit of the doubt that they would reform marriage law after the Law Commission review. She wrote:"" [+: Highlights court ruling on discrimination against humanist marriage, supporting belief equality] | 2021-07-06 PQ: Marriage: Humanism (re: Law Commission) ""Answer: A Law Commission report due later this year is expected to present options for wholesale reform to the law governing marriage ceremonies, which the Government will consider carefully. Options being explored by the Law Commission include offering..."" [0: Factual covid-risk question, no stance on marriage policy]",,
"Sarah Edwards (Labour, Tamworth)",,1,,,,,"a speech, 15 months ago",thin (only 2 evidence items on record),2,mp-votes.html#mp-5001,"2025-06-12 DEBATE: Spoke: Humanist Marriage (re: marriage law) ""Why has legal recognition not yet been granted? Parliament gave the Government the power to introduce legal recognition for humanist marriages through a simple order under the Marriage (Same Sex Couples) Act 2013, but the Act required a public consultation..."" [0: Advocates cheaper legal recognition for humanist weddings, neutral on traditional marriage/family stance] | 2025-06-12 DEBATE: Spoke: Humanist Marriage ""Humanists UK trains and accredits celebrants who, just this morning, will probably have conducted at least four weddings and a funeral. I pay tribute to such celebrants, one of whom conducted my grandmother’s funeral, but this debate is about humanist..."" [+: Advocates legal recognition of humanist marriage ceremonies, expanding marriage framework positively]",,
"Sarah Olney (Liberal Democrat, Richmond Park)",,1,,,,,"a speech, 6 months ago",thin (only 2 evidence items on record),2,mp-votes.html#mp-4591,"2026-03-12 DEBATE: Spoke: Marriage Regulations (re: marriage law) ""In 2020, the High Court found that the failure to recognise humanist marriages was discriminatory, and in the summer of 2022 the Law Commission recommended modernising marriage law and breaking down unnecessary barriers to weddings for engaged couples. The..."" [+: Personal celebratory account of marriage, supportive tone toward institution of marriage] | 2023-11-14 PQ: Surrogacy ""To ask the Secretary of State for Health and Social Care, what assessment he has made of the implications for his policies of the report by the Law Commission entitled Building Families Through Surrogacy: A New Law, published on 29 March 2023; and whether"" [0: Neutral inquiry into Law Commission surrogacy report implications]",,
"Stephen Morgan (Labour, Portsmouth South)",,1,,,,,"a speech, 20 months ago",thin (only 2 evidence items on record),2,mp-votes.html#mp-4653,"2025-01-30 DEBATE: Spoke: Children's Wellbeing and Schools Bill (Eighth sitting) ""Amendment 35 seeks to expand the eligibility of the home education consent process to include those children and families receiving support and services under section 17 of the Children Act 1989. The Government are investing £500 million to support the..."" [+: Opposes expanding oversight of home education, defending parental choice] | 2023-06-07 DEBATE: Spoke:  Pupil Roll Numbers and School Closures: London (re: home education) ""While school closures are threatened across the country, it is in London that the problem is most urgent. The total number of primary school pupils in London schools has dropped by over 23,000 since before the pandemic. There are many reasons for that. First,..."" [0: About falling pupil numbers, not parental rights in education specifically]",,
"Alex Ballinger (Labour, Halesowen)",,1,,,,,"a speech, 22 months ago",thin (only 1 evidence item on record),1,mp-votes.html#mp-5238,"2024-11-28 DEBATE: Spoke:  Pakistan: Freedom of Religion ""Finally, I thank the hon. Member for Strangford again for organising this debate on a subject that I think we should be talking about more. I know it is an extremely difficult subject for the FCDO to work on, and I understand the limitations we are working..."" [+: Supportive engagement in debate highlighting religious freedom concerns for minorities in Pakistan]",,
"Carla Lockhart (Democratic Unionist Party, Upper Bann)",,1,,,,,"a speech, 8 months ago",thin (only 1 evidence item on record),1,mp-votes.html#mp-4857,"2026-02-03 DEBATE: Spoke: Universal Credit (Removal of Two Child Limit) Bill (re: abortion) ""I commend the hon. Member on her speech. Evidence shows that the two-child limit has not changed fertility or employment but that it has coincided, sadly, with a disproportionate rise in abortions among mothers with two or more children. Does she agree that..."" [+: Links poverty policy to rise in abortions, framing reduction of abortion as a goal]",,
"Caroline Nokes (Conservative, Romsey and Southampton North)",,1,,,,,"a speech, 8 years ago",thin (only 1 evidence item on record),1,mp-votes.html#mp-4048,"2019-02-28 DEBATE: Spoke: Immigration and Social Security Co-ordination (EU Withdrawal) Bill (Eighth sitting) ""Amendment 17 would make commencement of part 1 of the Bill dependent on the Secretary of State’s implementing all recommendations in the Law Commission’s review of the immigration rules that relate to persons losing their free movement rights—namely, EEA and..."" [+: Minister defends ending free movement and resists delaying review amendment, supporting border control]",,
"Claire Hazelgrove (Labour, Filton and Bradley Stoke)",,1,,,,,"a question, 3 months ago",thin (only 1 evidence item on record),1,mp-votes.html#mp-5306,"2026-07-01 PQ: Surrogacy ""To ask the Secretary of State for Health and Social Care, what his Department's planned timetable is for publishing a response to the Law Commission’s 2023 report on surrogacy; and what steps it is taking to address concerns about the impact of potential"" [+: Flags concerns about impact of surrogacy law reform, aligning with caution on commercial surrogacy]",,
"Damian Hinds (Conservative, East Hampshire)",,1,,,,,"a speech, 8 years ago",thin (only 1 evidence item on record),1,mp-votes.html#mp-3969,"2019-02-25 DEBATE: Spoke:  Relationships and Sex Education ""Parents and carers are the prime teachers for children on many of these matters, and schools complement and reinforce that role by building on what pupils learn at home. We have retained the long-standing ability for parents to request that their child be..."" [+: Confirms retained parental right to withdraw child from RSE lessons]",,
"Emily Thornberry (Labour, Islington South and Finsbury)",,1,,,,,"a speech, 11 years ago",thin (only 1 evidence item on record),1,mp-votes.html#mp-1536,"2015-10-13 DEBATE: Spoke: Welfare Reform and Work Bill (Seventh sitting) (re: family breakdown) ""The new clause raises the serious issue of a couple’s penalty. Couples with more than two children will be given an incentive to separate just to continue receiving the support that they need to feed their children. That will happen. It is especially ironic..."" [+: Argues against penalising larger families, supporting family stability and against family breakdown incentives]",,
"Jenny Riddell-Carpenter (Labour, Suffolk Coastal)",,1,,,,,"a question, 9 months ago",thin (only 1 evidence item on record),1,mp-votes.html#mp-5160,"2026-01-05 PQ: Mental Health Services: Children and Young People (re: family breakdown) ""To ask the Secretary of State for Health and Social Care, what steps he is taking to ensure timely access to mental health support for children and parents affected by family breakdown and parental alienation."" [+: Raises concern for families affected by breakdown, supportive of family wellbeing]",,
"Joy Morrissey (Conservative, Beaconsfield)",,1,,,,,"a speech, 6 years ago",thin (only 1 evidence item on record),1,mp-votes.html#mp-4759,"2020-12-03 DEBATE: Spoke:  Nurseries and Early Years Settings (re: family breakdown) ""The purpose of family hubs is to co-locate and co-ordinate all family services available in a community and provide a visible and welcoming access point for any parent—mother and father—to appropriate support services or information about family-related..."" [+: Supports family hubs helping parents, aligns with pro-family position]",,
"Kim Johnson (Labour, Liverpool Riverside)",,1,,,,,"a speech, 6 years ago",thin (only 1 evidence item on record),1,mp-votes.html#mp-4824,"2020-10-06 DEBATE: Spoke: Gang-associated Girls (re: family breakdown) ""Social and criminal justice go hand in hand. Crime disproportionately affects poorer communities and those who commit crime are more likely to suffer from the causes of social breakdown. Gangs thrive when communities experience low employment, high family..."" [+: Links family breakdown to gang involvement, implicitly valuing family stability]",,
"Layla Moran (Liberal Democrat, Oxford West and Abingdon)",,1,,,,,"a speech, 5 years ago",thin (only 1 evidence item on record),1,mp-votes.html#mp-4656,"2021-09-08 DEBATE: Spoke:  Rough Sleeping (re: family breakdown) ""We also need to appreciate, Ms Rees, that a rough sleeper could be us. They could be our friends or our family members. Their stories highlight that often what causes someone to become a rough sleeper is a series of events that compound—family breakdown, job..."" [+: Identifies family breakdown as key cause of rough sleeping, implicitly valuing family stability]",,
"Lee Anderson (Reform UK, Ashfield)",,1,,,,,"a question, 14 months ago",thin (only 1 evidence item on record),1,mp-votes.html#mp-4743,"2025-07-22 PQ: Housing: Immigration ""Answer: The government is determined to address the dire inheritance left by its predecessor and restore order to the asylum and immigration systems, delivering lower net migration. The factors affecting supply and demand in the private rented sector are..."" [+: Highlights housing strain from immigration, aligning with border control concerns]",,
"Matt Vickers (Conservative, Stockton West)",,1,,,,,"a speech, 5 years ago",thin (only 1 evidence item on record),1,mp-votes.html#mp-4844,"2022-01-12 DEBATE: Spoke:  Youth Crime and Antisocial Behaviour (re: family breakdown) ""Youth crime is a complex matter that requires a multifaceted, co-ordinated and often localised response. The causes of youth crime are diverse: education, family breakdown, poor parenting, a lack of creative output, and poor outlooks and opportunities. There..."" [+: Cites family breakdown as cause of youth crime, implicitly valuing family stability]",,
"Mr Louie French (Conservative, Old Bexley and Sidcup)",,1,,,,,"a speech, 5 years ago",thin (only 1 evidence item on record),1,mp-votes.html#mp-4932,"2022-02-25 DEBATE: Spoke: Marriage and Civil Partnership (Minimum Age) Bill (re: parental consent) ""I am pleased that the Bill strengthens the safeguarding of children, because too often teachers spot the signs of child marriage, but unfortunately the police are unable to take any further action due to the parental consent given, the marriage not being..."" [+: Supports raising marriage age to 18, protecting children from forced marriage]",,
"Priti Patel (Conservative, Witham)",,1,,,,,"a speech, 11 years ago",thin (only 1 evidence item on record),1,mp-votes.html#mp-4066,"2015-12-04 DEBATE: Spoke: Assessment of Government Policies (Impact on Families) Bill (re: family breakdown) ""I have touched on many areas in which the Government are supporting families. My hon. Friend the Member for Eastbourne spoke about relationship support and the impact of family breakdown. In the last five years, the Government have invested about £38 million..."" [+: Highlights marriage tax allowance and family support policies as government achievements]",,
"Robbie Moore (Conservative, Keighley and Ilkley)",,1,,,,,"a speech, 13 months ago",thin (only 1 evidence item on record),1,mp-votes.html#mp-4861,"2025-09-04 DEBATE: Spoke:  Business of the House (re: marriage allowance) ""Starting a family is a huge milestone for any couple but, crucially, it comes with a huge financial hit, as parents must scale back their working lives in order to care for their newborn. Ben Barnes in Keighley, the winner of best butcher across the whole of..."" [+: Advocates extending marriage allowance to support couples starting families]",,
"Rosie Duffield (Independent, Canterbury)",,1,,,,,"a question, 18 months ago",thin (only 1 evidence item on record),1,mp-votes.html#mp-4616,"2025-03-27 PQ: Surrogacy ""To ask the Secretary of State for Health and Social Care, if he will meet representatives of women and children's rights groups to discuss proposals announced by the Law Commission on 29 March 2023 in relation to surrogacy."" [+: Seeks engagement with women's and children's rights groups on surrogacy reform]",,
"Sammy Wilson (Democratic Unionist Party, East Antrim)",,1,,,,,"a speech, 7 years ago",thin (only 1 evidence item on record),1,mp-votes.html#mp-1593,"2019-06-25 DEBATE: Spoke:  Divorce, Dissolution and Separation Bill (re: no-fault divorce) ""Whether we view marriage through the prism of faith or simply as an arrangement in which people come together because they wish to be together, does the hon. Lady agree that, with no-fault divorce, the process by which a couple come to the conclusion that the..."" [+: Criticises no-fault divorce for making marriage breakdown too easy without proper consideration]",,
"Sarah Champion (Labour, Rotherham)",,1,,,,,"a speech, 5 years ago",thin (only 1 evidence item on record),1,mp-votes.html#mp-4267,"2022-01-12 DEBATE: Spoke: Marriage and Civil Partnership  (Minimum Age) Bill (re: parental consent) ""This is a big problem. Internationally, 12 million girls are married before the age of 18 each year. That is 23 girls every minute. The UK signed up to the UN definition of a child being someone up to the age of 18, but child marriage is still prevalent in..."" [+: Supports raising marriage age to protect children from forced marriage, family-protective stance]",,
"Sarah Dyke (Liberal Democrat, Glastonbury and Somerton)",,1,,,,,"a speech, 2 years ago",thin (only 1 evidence item on record),1,mp-votes.html#mp-4995,"2024-09-03 DEBATE: Spoke:  SEND Provision: Somerset (re: home education) ""I turn my attention now to a consequence of the failure of SEND services in Somerset. About 2,000 children in Somerset receive a home education. Although the council believes some of the children are receiving a home education for an entirely legitimate..."" [+: Defends legitimacy of home education choice, aligning with parental rights in education]",,
"Sir Iain Duncan Smith (Conservative, Chingford and Woodford Green)",,1,,,,,"a speech, 4 years ago",thin (only 1 evidence item on record),1,mp-votes.html#mp-152,"2022-03-29 DEBATE: Spoke: Gambling-related Harm (re: family breakdown) ""We know something about debt that is really important, and the Centre for Social Justice did a lot of work on this: debt is the single biggest cause of family breakdown. It is a dramatic and damaging process that destroys lives. It has led, as we know, to..."" [+: Links gambling debt to family breakdown, supporting reforms to protect families]",,
"Sir Jeremy Hunt (Conservative, Godalming and Ash)",,1,,,,,"a speech, 3 years ago",thin (only 1 evidence item on record),1,mp-votes.html#mp-1572,"2023-12-19 DEBATE: Spoke: Reducing Taxes (re: marriage allowance) ""I thank my hon. Friend for her question. As she knows, the marriage allowance is currently £1,260 per year, and it has been fixed at 10% of the personal allowance since it was introduced in 2015. On this side of the House, we believe it should be a woman’s..."" [+: Supports marriage allowance and reducing taxes to help families] | TARGETED: Tell Jeremy Hunt: No to assisted suicide (2024-11-17); Urge Jeremy Hunt to vote no to the harmful assisted suicide Bill – Sign our Open Letter (2025-06-11)",,
"Alex Davies-Jones (Labour, Pontypridd)",,,1,,,,"a speech, 15 months ago",moderate (consistently neutral across 5 items),5,mp-votes.html#mp-4849,"2025-06-18 DEBATE: Spoke:  Marriage between First Cousins (re: marriage law) ""I recognise that there is a lot of interest across the House in bringing forward a number of changes to weddings law more generally. I know that many Members are keen to see changes brought forward quickly, but it is important that any such changes are made..."" [0: Procedural summary of marriage law history, no personal stance on family policy shown] | 2025-06-18 DEBATE: Spoke:  Marriage between First Cousins (re: marriage law) ""The right hon. Member will also be aware that in 2022, when the Law Commission published its comprehensive review of weddings law, the previous Government had ample opportunity to raise the issue of first cousin marriage in response to that report, but they..."" [0: Minister cautious deliberation on cousin marriage ban, no clear directional commitment] | 2025-06-12 DEBATE: Spoke: Humanist Marriage (re: Humanists UK) ""I also do not think it would be right to have this debate without recognising the important contribution that humanists make to society. Humanists have often been at the forefront of the fight for social justice, campaigning for fairness, respect and equality..."" [0: Praises humanist campaign for marriage recognition, tangential to core pro-life/FoRB priorities] | 2025-06-12 DEBATE: Spoke: Humanist Marriage ""I know that the hon. Members who secured this debate will be disappointed when I say that it would not be responsible for the Government to ignore the Law Commission’s report, but we cannot ignore the fact that the report identified a number of complex and..."" [0: Ministerial response noting ongoing review of humanist marriage, no clear stance given] | 2025-06-03 DEBATE: Spoke: Weddings: Humanist Celebrants (re: marriage law) ""No one will be more excited to don a hat for the first legally binding humanist wedding than me. However, we must consider whether legislating to provide for humanist marriage would introduce further differential treatment in this complex area of law. That is..."" [0: Neutral deferral on humanist marriage legislation, no clear family policy stance]",,
"Anna McMorrin (Labour, Cardiff North)",,,1,,,,"a question, 7 years ago","thin (little on record, none of it directional)",3,mp-votes.html#mp-4632,"2020-01-30 PQ: Surrogacy ""To ask the Secretary of State for Health and Social Care, if he will publish the Government's response to the Law Commission's consultation entitled Building families through surrogacy: a new law, which closed on 11 October 2019."" [0: Neutral request to publish government response on surrogacy consultation] | 2020-01-30 PQ: Surrogacy ""To ask the Secretary of State for Health and Social Care, whether the Government plans to bring forward legislative proposals on surrogacy before the planned report on the issue by the Law Commission in 2021; and if he will make a statement."" [0: Neutral procedural question on surrogacy legislative timing] | 2017-10-12 PQ: Surrogacy [0: Factual question on Law Commission surrogacy project status, no direction]",,
"Andrew Cooper (Labour, Mid Cheshire)",,,1,,,,"a speech, 15 months ago","thin (little on record, none of it directional)",2,mp-votes.html#mp-5195,"2025-06-12 DEBATE: Spoke: Humanist Marriage (re: Humanists UK) ""While humanist couples have been waiting, many other piecemeal reforms have taken place. In 2021, the law was changed to allow civil marriages outdoors. The system of registering marriages became electronic. Mothers’ names have been added to marriage..."" [0: Advocates legalising humanist marriage; a marriage recognition reform, not a contested family issue for CitizenGO] | 2025-01-28 DEBATE: Spoke: Topical Questions (re: Law Commission) ""Humanist marriage has been legal in Scotland for 20 years but continues to wait to be legalised in England and Wales. The Law Commission made recommendations two years ago on clarifying the law, but when asked to set out a timetable for action, the Minister..."" [0: Procedural push for humanist marriage recognition timetable, no clear direction]",,
"Carolyn Harris (Labour, Neath and Swansea East)",,,1,,,,"a speech, 7 years ago","thin (little on record, none of it directional)",2,mp-votes.html#mp-4480,"2019-05-15 DEBATE: Spoke: Marriage and Civil Partnership: Minimum Age ""The current law in England and Wales states that the minimum age for marriage or civil partnership without parental consent is 18. The number of 16 and 17-year-olds who married in 2016 stood at just 179, so the number of young people deciding to get married..."" [0: Factual ministerial exposition of marriage age law, no clear stance on policy change] | 2018-02-22 DEBATE: Spoke: Topical Questions (re: relationships and sex education) ""The Department for Education is currently reviewing relationships and sex education. Has the Minister taken the opportunity to emphasise to her Education colleagues how important it is to identify female genital mutilation and child, early and forced marriage..."" [0: Asks about including FGM and forced marriage in RSE curriculum, informational not policy-directional]",,
"Dame Diana Johnson (Labour, Kingston upon Hull North and Cottingham)",,,1,,,,"a speech, 2 weeks ago","thin (little on record, none of it directional)",2,mp-votes.html#mp-1533,"2026-09-07 DEBATE: Spoke: Surrogacy Law and Legal Parenthood ""The debate has highlighted broader questions about whether the current legal framework in the UK continues to reflect modern family formation and contemporary surrogacy practice. The Government acknowledge those concerns and recognise the arguments on both..."" [0: Neutral summary acknowledging concerns on both sides of surrogacy law reform debate] | 2026-09-07 DEBATE: Spoke: Surrogacy Law and Legal Parenthood ""Any future reforms need to protect the welfare of children and safeguard those involved in surrogacy arrangements, as well as to maintain public trust. As noted throughout the debate, the Department supported the joint project of the Law Commission for..."" [0: Procedural ministerial update noting Law Commission review, no clear stance shown]",,
"Dame Siobhain McDonagh (Labour, Mitcham and Morden)",,,1,,,,"a speech, 23 months ago","thin (little on record, none of it directional)",2,mp-votes.html#mp-193,"2024-10-30 DEBATE: Spoke: Children’s Hospices: Funding (re: family breakdown) ""The breakdown in hospices and children’s hospices always has a cost. If a family cannot get support to look after a child with a life-limiting condition at home, in the end the NHS and social services will step in. I appreciate that it is difficult for..."" [0: Discussion of hospice funding costs, unrelated to marriage and family stance] | 2019-06-13 DEBATE: Spoke: Social Housing (re: family breakdown) ""Thankfully, Lewisham has changed its mind and it is leaving the family there, but how many families are uprooted, with children having to leave their school? As other hon. Members have suggested, a housing problem is an education problem, is a mental health..."" [0: Housing policy speech; family mentioned incidentally, no stance on marriage or family policy]",,
"Edward Argar (Conservative, Melton and Syston)",,,1,,,,"a speech, 3 years ago","thin (little on record, none of it directional)",2,mp-votes.html#mp-4362,"2023-07-11 DEBATE: Spoke: Victims and Prisoners Bill (Thirteenth sitting) (re: marriage law) ""Clause 50 is a technical clause, which will allow the Secretary of State to make any further minor and consequential legislative changes needed to implement the prisoner marriage and civil partnership clauses. We have made extensive efforts to identify where..."" [0: Technical clause on prisoner marriage bans, unrelated to traditional family policy stance] | 2019-05-02 DEBATE: Spoke:  Sharia Law Courts (re: marriage law) ""With respect to the current marriage law, the second recommendation proposed developing programmes to raise awareness among Muslim couples that Islamic marriages do not afford them the legal protection that comes with a civil marriage—a point that the hon...."" [0: Neutral factual response on sharia marriage law recommendations, no clear stance]",,
"Jeremy Corbyn (Your Party, Islington North)",,,1,,,,"a speech, 3 years ago","thin (little on record, none of it directional)",2,mp-votes.html#mp-185,"2023-11-08 DEBATE: Spoke: Breaking Down Barriers to Opportunity (re: home schooling) ""In an intervention on the Secretary of State—she kindly gave way—I raised the issue of falling school rolls. She answered that the Government are aware of and investigating the problem. In my constituency, along I suspect with those of many colleagues..."" [0: Raises falling school rolls, unrelated directly to home schooling stance] | 2019-01-16 DEBATE: Spoke:  No Confidence in Her Majesty’s Government (re: two-child limit) ""It is not just over Brexit that the Government are failing dismally, letting down the people of this country. There has been the Windrush scandal, with the shameful denial of rights and the detention, and even the deportation, of our own citizens. The..."" [0: Broad critique of government failures, no clear direction on migration or family policy]",,
"Luke Pollard (Labour (Co-op), Plymouth Sutton and Devonport)",,,1,,,,"a question, 5 years ago","thin (little on record, none of it directional)",2,mp-votes.html#mp-4682,"2021-12-02 PQ: Marriage: Humanism (re: Law Commission) ""To ask the Secretary of State for Justice, what his timeline is for responding to the Law Commission marriage review following its publication."" [0: Neutral procedural question about government response timeline to marriage review] | 2021-12-02 PQ: Marriage: Humanism (re: Law Commission) ""To ask the Secretary of State for Justice, with reference to the judgment in R (Harrison and others) v Secretary of State for Justice 2020, what plans he has to bring forward legislative proposals for humanist marriages after the conclusion of the Law..."" [0: Neutral procedural question on humanist marriage legislative timeline]",,
"Sir Julian Smith (Conservative, Skipton and Ripon)",,,1,,,,"a speech, 7 years ago","thin (little on record, none of it directional)",2,mp-votes.html#mp-4118,"2019-09-30 DEBATE: Spoke:  Northern Ireland (Executive Formation etc) Act 2019 Section 7 (re: abortion) ""Since my appointment in July, I have met public servants from a range of sectors who are doing an incredible job in the absence of support from local political leaders at Stormont, but they cannot of course take the proactive decisions that are needed on..."" [0: Ministerial factual statement on legal duty to legislate for NI abortion, no personal stance shown] | 2019-09-09 DEBATE: Spoke:  Northern Ireland (Executive Formation etc) Act 2019 Section 3(2) (re: abortion) ""The EF Act requires new laws in areas including same-sex marriage, opposite-sex civil partnerships, abortion, and victims’ payments. These are sensitive devolved issues, and this Government’s preference is that they are taken forward by a restored Executive...."" [0: Neutral procedural statement on devolved abortion and marriage law handling]",,
"Victoria Atkins (Conservative, Louth and Horncastle)",,,1,,,,"a speech, 5 years ago","thin (little on record, none of it directional)",2,mp-votes.html#mp-4399,"2021-04-15 DEBATE: Spoke:  Domestic Abuse Bill (re: Law Commission) ""The focus of this Bill is on domestic abuse as it is commonly understood—that is, abuse by a current or former intimate partner, or by a family member. That is the approach taken in the Istanbul convention, which I know many hon. Members are keen for the UK..."" [0: Discusses domestic abuse law scope, no clear stance on listed areas] | 2019-01-22 DEBATE: Spoke: Draft Equality (Amendment and Revocation) (EU Exit) Regulations 2018 (re: Gender Recognition Act) ""Although I appreciate that hon. Members may not require, or indeed welcome, a detailed description of each of the regulations, I hope that the Committee will find it useful if I set out the legislation that is being amended and use an example for illustrative..."" [0: Technical ministerial explanation of EU exit equality regulations, no direction]",,
"Bridget Phillipson (Labour, Houghton and Sunderland South)",,,1,,,,"a speech, 19 months ago","thin (little on record, none of it directional)",1,mp-votes.html#mp-4046,"2025-02-05 DEBATE: Spoke: Topical Questions (re: Law Commission) ""We continue to keep these matters under review. We are looking carefully at the Law Commission’s report into marriage published in 2022 and we will respond in due course."" [0: Neutral government response noting review of Law Commission marriage report] | TARGETED: Tell Bridget Phillipson: No to assisted suicide (2024-11-17)",,
"Cat Eccles (Labour, Stourbridge)",,,1,,,,"a speech, 15 months ago","thin (little on record, none of it directional)",1,mp-votes.html#mp-5293,"2025-06-12 DEBATE: Spoke: Humanist Marriage (re: Law Commission) ""Melanie also notes that the supposed solution to this issue, the Law Commission reforms, have been criticised by religious groups and others, including for devaluing marriage in a way that means they do not in fact appear to be a simple solution. She also..."" [0: Advocates humanist marriage recognition, unrelated to traditional marriage concerns]",,
"Catherine West (Labour, Hornsey and Friern Barnet)",,,1,,,,"a question, 10 years ago","thin (little on record, none of it directional)",1,mp-votes.html#mp-4523,2017-03-21 PQ: Surrogacy [0: Procedural query on Law Commission discussions regarding surrogacy law],,
"Chris Philp (Conservative, Croydon South)",,,1,,,,"a speech, 4 years ago","thin (little on record, none of it directional)",1,mp-votes.html#mp-4503,"2022-12-19 DEBATE: Spoke: County Lines (re: family breakdown) ""I agree entirely with the sentiment that the hon. Gentleman expresses. It is vital to stop younger people, perhaps early and mid-teenagers, falling into gang culture. Very often that is because they have suffered from family breakdown or are in difficult..."" [0: Notes family breakdown as factor in gang crime, factual not a family policy stance]",,
"Daisy Cooper (Liberal Democrat, St Albans)",,,1,,,,"a question, 19 months ago","thin (little on record, none of it directional)",1,mp-votes.html#mp-4769,"2025-03-04 PQ: Surrogacy ""To ask the Secretary of State for Health and Social Care, pursuant to the Answer of 31 January to Question 25639 on Surrogacy, whether he plans to respond to the Law Commission’s report on surrogacy in this Parliament."" [0: Neutral request for timing of surrogacy law response]",,
"Dame Karen Bradley (Conservative, Staffordshire Moorlands)",,,1,,,,"a speech, 11 years ago","thin (little on record, none of it directional)",1,mp-votes.html#mp-4110,"2015-07-06 DEBATE: Spoke: Topical Questions (re: Istanbul Convention) ""The hon. Lady will know that primary legislation is necessary if we are to comply with all the articles in the Istanbul convention, including article 44, which concerns extra-territoriality. We are negotiating with the devolved Administrations to ensure that..."" [0: Factual answer on Istanbul Convention compliance, unrelated to single-sex spaces or marriage stance]",,
"David Mundell (Conservative, Dumfriesshire, Clydesdale and Tweeddale)",,,1,,,,"a speech, 6 months ago","thin (little on record, none of it directional)",1,mp-votes.html#mp-1512,"2026-03-12 DEBATE: Spoke: Marriage Regulations (re: weddings law) ""Although the Law Commission’s report was extensive and thoughtful, its focus was largely on where weddings can take place and who can conduct them. It suggested moving towards a system focused on authorised officiants, rather than on licensed buildings, which..."" [0: Procedural push to speed up marriage administration, not about marriage definition or values]",,
"Dr Luke Evans (Conservative, Hinckley and Bosworth)",,,1,,,,"a speech, 5 years ago","thin (little on record, none of it directional)",1,mp-votes.html#mp-4781,"2022-02-25 DEBATE: Spoke: Marriage and Civil Partnership (Minimum Age) Bill (re: marriage law) ""The Government remains committed to considering the case for more comprehensive and enduring reform to marriage law once the Law Commission has completed its fundamental review of the law in this area. The Law Commission will present options for reforms to..."" [0: Government response on marriage law review, procedural and non-directional]",,
"Dr Sam Rushworth (Labour, Bishop Auckland)",,,1,,,,"a speech, 22 months ago","thin (little on record, none of it directional)",1,mp-votes.html#mp-5108,"2024-11-21 DEBATE: Spoke:  International Men’s Day (re: family breakdown) ""The crisis in men’s mental health is one of the most significant issues of our time. It negatively impacts not only on the individuals concerned, but on their relationships with family, friends and work colleagues and, tragically, it is increasingly leading..."" [0: Discusses men's mental health impact on family, no explicit family policy stance]",,
"Esther McVey (Conservative, Tatton)",,,1,,,,"a speech, 2 weeks ago","thin (little on record, none of it directional)",1,mp-votes.html#mp-4084,"2026-09-02 DEBATE: Spoke: Representation of the People Bill (re: parental consent) ""We are not saying that 16-year-olds would be sent off to combat, nor would we be saying that the inconsistencies about the age of marriage carry on. In England and Wales, the legal age for marriage and civil partnerships is 18. Arranging a marriage for anyone..."" [0: Voting age argument using marriage age analogy; not about marriage support policy]",,
"Frank McNally (Labour, Coatbridge and Bellshill)",,,1,,,,"a question, 23 months ago","thin (little on record, none of it directional)",1,mp-votes.html#mp-5183,"2024-10-18 PQ: Surrogacy ""To ask the Secretary of State for Health and Social Care, whether he plans to respond to the report by the Law Commission of England and Wales and the Scottish Law Commission entitled Building families through surrogacy: a new law, published on 28 March 2"" [0: Neutral procedural question on government response to surrogacy report]",,
"Freddie van Mierlo (Liberal Democrat, Henley and Thame)",,,1,,,,"a speech, 15 months ago","thin (little on record, none of it directional)",1,mp-votes.html#mp-5296,"2025-06-12 DEBATE: Spoke: Humanist Marriage ""When Scotland passed the Marriage and Civil Partnership (Scotland) Act 2014, the decision was made to update marriage law to put humanist marriages on a proper statutory footing. The first two same-sex marriages in Scotland were both humanist, and humanist..."" [0: Advocates humanist marriage recognition, not core to traditional marriage or religious freedom stance]",,
"Harriet Cross (Conservative, Gordon and Buchan)",,,1,,,,"a question, 18 months ago","thin (little on record, none of it directional)",1,mp-votes.html#mp-5311,"2025-03-10 PQ: Surrogacy ""To ask the Secretary of State for Health and Social Care, when the Government plans to publish its full response to the Law Commission’s report Building Families Through Surrogacy: A New Law, published in March 2023, following its interim response on 8 No"" [0: Neutral request for timing of surrogacy report response]",,
"Ian Byrne (Labour, Liverpool West Derby)",,,1,,,,"a question, this week","thin (little on record, none of it directional)",1,mp-votes.html#mp-4831,2026-09-15 PQ: Surrogacy [unscored],,
"Jerome Mayhew (Conservative, Broadland and Fakenham)",,,1,,,,"a speech, 19 months ago","thin (little on record, none of it directional)",1,mp-votes.html#mp-4739,"2025-02-06 DEBATE: Spoke:  Financial Education (re: family breakdown) ""We know that financial stress has a huge impact both on our economy and on our society. Way back in 2014, Barclays bank did research that showed that 17.5 million hours were lost to the economy because of financial stress. We also know that financial stress,..."" [0: Discusses financial stress and PSHE, no direct stance on marriage or family policy] | TARGETED: Tell Jerome Mayhew: No to assisted suicide (2024-11-19)",,
"Jess Phillips (Labour, Birmingham Yardley)",,,1,,,,"a question, 7 years ago","thin (little on record, none of it directional)",1,mp-votes.html#mp-4370,"2020-03-13 PQ: Relationships and Sex Education ""Answer: The Department wants to support all young people to be happy, healthy and safe. Through the new subjects of relationships, sex and health education, we want to equip them for adult life and to make a positive contribution to society. ?These subjects..."" [0: Neutral inquiry about RSE curriculum addressing domestic abuse]",,
"Jim McMahon (Labour (Co-op), Oldham West, Chadderton and Royton)",,,1,,,,"a speech, 4 years ago","thin (little on record, none of it directional)",1,mp-votes.html#mp-4569,"2022-06-30 DEBATE: Spoke:  Child Sexual Exploitation and Safeguarding in Oldham (re: CSE) ""When the report into abuse in Rotherham was made public, Oldham Council carried out a full review of taxi licensing. The increasingly robust approach was challenged, including through successful appeals in the magistrates court, but in the end, we had the..."" [0: Discusses council taxi licensing response to grooming, unrelated to listed areas]",,
"Jo Platt (Labour (Co-op), Leigh and Atherton)",,,1,,,,"a question, 8 years ago","thin (little on record, none of it directional)",1,mp-votes.html#mp-4673,2018-12-20 PQ: Surrogacy [0: Neutral factual question on plans to reform surrogacy law],,
"John Whitby (Labour, Derbyshire Dales)",,,1,,,,"a speech, 8 months ago","thin (little on record, none of it directional)",1,mp-votes.html#mp-5342,"2026-01-28 DEBATE: Spoke: Local Authority Children’s Services (re: Children's Wellbeing and Schools) ""There are many other positive changes to highlight, including those ensuring greater oversight on home schooling for children subject to a child protection order. The roll-out of the Staying Close programme will give care leavers from residential care—the..."" [0: Discusses oversight for child-protection cases only, not general home schooling parental rights]",,
"Lewis Cocking (Conservative, Broxbourne)",,,1,,,,"a question, this week","thin (little on record, none of it directional)",1,mp-votes.html#mp-5050,2026-09-15 PQ: Surrogacy [unscored],,
"Lisa Nandy (Labour, Wigan)",,,1,,,,"a speech, 4 years ago","thin (little on record, none of it directional)",1,mp-votes.html#mp-4082,"2022-06-09 DEBATE: Spoke:  Social Housing and Building Safety (re: Law Commission) ""Where are the Law Commission’s proposals to reform the process of enfranchisement valuation for leaseholders, including on marriage value and prescribing rates for the calculations of the premium? Surely, in the midst of a cost of living crisis, it is a..."" [0: Concerns leasehold enfranchisement valuation, unrelated to marriage and family policy]",,
"Lizzi Collinge (Labour, Morecambe and Lunesdale)",,,1,,,,"a speech, 15 months ago","thin (little on record, none of it directional)",1,mp-votes.html#mp-5225,"2025-06-12 DEBATE: Spoke: Humanist Marriage (re: Humanists UK) ""Instead of the Government using that existing power, there have been delays and the issue has been referred for more and more reviews. The latest was the Law Commission’s full review of marriage law, which produced proposals that, in my opinion, would be..."" [0: Advocates humanist marriage recognition, neutral on traditional marriage stance]",,
"Lucy Powell (Labour (Co-op), Manchester Central)",,,1,,,,"a speech, 19 months ago","thin (little on record, none of it directional)",1,mp-votes.html#mp-4263,"2025-02-06 DEBATE: Spoke:  Business of the House (re: Gender Recognition Act) ""This week marks LGBT+ History Month, which is a chance for us to reflect and remember the contribution of the LGBT community and the discrimination that they still too often face. The Labour party is proud to be the party of equality, having abolished section..."" [0: Mostly procedural business questions; no substantive stance on relevant policy areas]",,
"Mary Kelly Foy (Labour, City of Durham)",,,1,,,,"a speech, 23 months ago","thin (little on record, none of it directional)",1,mp-votes.html#mp-4753,"2024-11-05 DEBATE: Spoke: Women and Equality: North of England (re: abortion) ""The picture is even more bleak when we consider pregnancy and reproductive health. We have seen the biggest increase in abortion rates between 2012 and 2021, and there has been a demonstrable relationship between austerity, the implementation of the Tory..."" [0: Abortion rate mentioned only as statistic amid broader employment and welfare discussion]",,
"Mims Davies (Conservative, East Grinstead and Uckfield)",,,1,,,,"a speech, 7 months ago","thin (little on record, none of it directional)",1,mp-votes.html#mp-4513,"2026-02-25 DEBATE: Spoke:  Minister for Men and Boys (re: family breakdown) ""My hon. Friend the Member for Mid Leicestershire (Mr Bedford) talked about the key, which is outcomes. Co-ordinated action is a key message from today’s debate. The hon. Member for Lagan Valley (Sorcha Eastwood) expressed strong views and values, many of them..."" [0: General cross-party discussion on men and boys' wellbeing, no direct family policy stance]",,
"Monica Harding (Liberal Democrat, Esher and Walton)",,,1,,,,"a speech, 19 months ago","thin (little on record, none of it directional)",1,mp-votes.html#mp-5299,"2025-03-05 DEBATE: Spoke: Foreign, Commonwealth and Development Office (re: border security) ""The development cut will mean scaling back the climate finance that develops resilience and mitigation measures for countries on the frontline of climate change and reducing anti-poverty programmes for those very same nations. We know that for every 1%..."" [0: About aid cuts and climate finance, not migration control policy]",,
"Mr Andrew Snowden (Conservative, Fylde)",,,1,,,,"a question, 15 months ago","thin (little on record, none of it directional)",1,mp-votes.html#mp-5072,"2025-07-01 PQ: Surrogacy: Mental Health ""To ask the Secretary of State for Justice, with reference to the Law Commission report entitled Building families through surrogacy: a new law, published on 28 March 2023, if she will make an assessment of the potential impact of implementing the recommen"" [0: Neutral request for assessment of Law Commission surrogacy report]",,
"Mrs Kemi Badenoch (Conservative, North West Essex)",,,1,,,,"a speech, 3 years ago","thin (little on record, none of it directional)",1,mp-votes.html#mp-4597,"2023-12-06 DEBATE: Spoke: Gender Recognition ""I thank my hon. Friend for her question. It is a good one. This is one of the things that came to light as we looked at Government policy across the board and it is an example of how the law needs updating. The reason that we have this is not that the..."" [0: Ministerial explanation of GRC policy history, procedural and non-directional] | TARGETED: Tell Kemi Badenoch: No to assisted suicide (2024-11-19)",,
"Munira Wilson (Liberal Democrat, Twickenham)",,,1,,,,"a speech, 18 months ago","thin (little on record, none of it directional)",1,mp-votes.html#mp-4776,"2025-03-11 DEBATE: Spoke: Violence against Women and Girls (re: Law Commission) ""I recently met a distressed constituent who escaped a very abusive marriage, only for the courts to order a financial settlement that allows her ex-husband to still exert financial control over her. I was shocked to discover that the financial remedies court..."" [0: Concerns financial remedies law after abuse, unrelated to marriage/family core stance]",,
"Naz Shah (Labour, Bradford West)",,,1,,,,"a speech, 7 years ago","thin (little on record, none of it directional)",1,mp-votes.html#mp-4409,"2019-05-02 DEBATE: Spoke:  Sharia Law Courts ""There are three things that I really want from this debate today. I want women who are listening to this debate, and the men who are listening to it, from all communities, to know that there is no Islamophobia in talking about sharia councils; in fact, such..."" [0: Discusses sharia councils and Islamophobia definition, no clear free speech or family stance]",,
"Neil Coyle (Labour, Bermondsey and Old Southwark)",,,1,,,,"a question, 5 years ago","thin (little on record, none of it directional)",1,mp-votes.html#mp-4368,"2022-01-24 PQ: Surrogacy ""To ask the Secretary of State for Health and Social Care, what steps his Department is taking to reform surrogacy law in response to the proposals set out in the Law Commission’s 2019 Consultation Paper Building families through surrogacy: a new law; and"" [0: Neutral information-seeking on surrogacy law reform progress]",,
"Nick Thomas-Symonds (Labour, Torfaen)",,,1,,,,"a speech, 7 years ago","thin (little on record, none of it directional)",1,mp-votes.html#mp-4479,"2019-05-02 DEBATE: Spoke:  Sharia Law Courts ""It is a pleasure to serve under your chairmanship, Mr Hanson. I begin by commending the speeches that have been made from the Back Benches, starting with the hon. Member for Henley (John Howell). I acknowledge his expertise and interest in this issue. I also..."" [0: duplicate placeholder]",,
"Nigel Huddleston (Conservative, Droitwich and Evesham)",,,1,,,,"a speech, 4 years ago","thin (little on record, none of it directional)",1,mp-votes.html#mp-4407,"2022-03-29 DEBATE: Spoke: Gambling-related Harm (re: family breakdown) ""The voice of people with personal experience of harm was thoroughly represented among the submissions to our call for evidence, and I, the gambling Minister—the Under-Secretary of State for Digital, Culture, Media and Sport, my hon. Friend the Member for..."" [0: Discusses gambling harm reform, not related to marriage or family policy directly]",,
"Paula Barker (Labour, Liverpool Wavertree)",,,1,,,,"a speech, 2 years ago","thin (little on record, none of it directional)",1,mp-votes.html#mp-4828,"2024-05-01 DEBATE: Spoke:  Youth Homelessness (re: family breakdown) ""All our young people are struggling, across the board, but care leavers, those who cannot access mental health support and those who have suffered family breakdown, have untold trauma and then fall on the wrong side of a homeless emergency—who will speak up..."" [0: Notes family breakdown as one cause of youth homelessness, no policy stance]",,
"Peter Dowd (Labour, Bootle)",,,1,,,,"a speech, 11 years ago","thin (little on record, none of it directional)",1,mp-votes.html#mp-4397,"2015-10-27 DEBATE: Spoke: Welfare Reform and Work Bill (re: marriage allowance) ""The question we have to ask is whether this proposal will make work pay and help people back into work. Many say no. Some have suggested alternatives for where the extra funding can be found. I am not saying whether I agree or disagree with them, but it gives..."" [0: Discusses tax credit impact on working mothers, not marriage or family policy directly]",,
"Rachel Hopkins (Labour, Luton South and South Bedfordshire)",,,1,,,,"a speech, 15 months ago","thin (little on record, none of it directional)",1,mp-votes.html#mp-4873,"2025-06-12 DEBATE: Spoke: Humanist Marriage (re: Humanists UK) ""As we have heard today, that review was subsequently published in July 2022 and recommended reform of marriage law to allow for more inclusive ceremonies. Almost three years later, it is very disappointing that we have still not seen that change come to..."" [0: Advocates humanist wedding recognition, procedural marriage reform, not core family issue]",,
"Rebecca Paul (Conservative, Reigate)",,,1,,,,"a speech, 14 months ago","thin (little on record, none of it directional)",1,mp-votes.html#mp-5297,"2025-07-16 DEBATE: Spoke:  Giving Every Child the  Best Start in Life (re: family hub) ""Looking at the Government’s approach in the round, the “best start in life” strategy contains much that the Opposition welcome in principle, such as more family hubs, the expansion of funded childcare to 30 hours a week for working parents of children from..."" [0: General welcome of family hubs and childcare policy, no specific stance]",,
"Richard Fuller (Conservative, North Bedfordshire)",,,1,,,,"a speech, 3 years ago","thin (little on record, none of it directional)",1,mp-votes.html#mp-3912,"2024-01-16 DEBATE: Spoke: Leasehold and Freehold Reform Bill (Second sitting) (re: Law Commission) ""Professor Hopkins: The impact assessment is not a Law Commission impact assessment. We have provided technical input to the Government in preparing that assessment. I am not sure that I can give a definitive reason why so much more was in one pot than the..."" [0: Technical question on leasehold impact assessment, unrelated to marriage policy]",,
"Rishi Sunak (Conservative, Richmond and Northallerton)",,,1,,,,"a speech, 9 years ago","thin (little on record, none of it directional)",1,mp-votes.html#mp-4483,"2017-11-03 DEBATE: Spoke:  Mental Health Units (Use of Force) Bill (re: family breakdown) ""In that regard, I hope that Sir Simon Wessely takes note of the arguments made forcefully by Munira Mirza, the former Deputy Mayor of London, who has cited Professor Swaran Singh, a social and community psychiatrist with, I think, 30 years of clinical..."" [0: Analytical discussion of mental health risk factors including family breakdown and migration, no clear policy stance]",,
"Robert Jenrick (Reform UK, Newark)",,,1,,,,"a speech, 6 years ago","thin (little on record, none of it directional)",1,mp-votes.html#mp-4320,"2021-02-25 DEBATE: Spoke:  Rough Sleeping (re: family breakdown) ""Our ambition is that no one should need to sleep rough. To achieve that, we must raise the safety net from the street and address the causes of rough sleeping. We believe rough sleeping is a symptom of family breakdown, of domestic abuse, of the treatment of..."" [0: Mentions family breakdown as cause of rough sleeping, no policy stance on marriage/migration]",,
"Rushanara Ali (Labour, Bethnal Green and Stepney)",,,1,,,,"a speech, 23 months ago","thin (little on record, none of it directional)",1,mp-votes.html#mp-4138,"2024-10-23 DEBATE: Spoke: Rough Sleeping (re: family breakdown) ""Hon. Members have highlighted the consequences of homelessness and rough sleeping, including the scarring effects of the physical and mental health challenges that people face, and the long-term consequences for families, children and young people...."" [0: Describes effects of homelessness on families, no direct family policy stance]",,
"Ruth Cadbury (Labour, Brentford and Isleworth)",,,1,,,,"a speech, 15 months ago","thin (little on record, none of it directional)",1,mp-votes.html#mp-4389,"2025-06-12 DEBATE: Spoke: Humanist Marriage (re: Law Commission) ""I would have some concerns if the law was opened up to any non-religious belief organisations. There needs to be solemnity and dignity in the process. I would also have some concern about the potential for celebrants to sell their services as a commercial..."" [0: Supports humanist marriage reform but with traditionalist caveats on solemnity and commercialisation]",,
"Sam Carling (Labour, North West Cambridgeshire)",,,1,,,,"a speech, 15 months ago","thin (little on record, none of it directional)",1,mp-votes.html#mp-5308,"2025-06-12 DEBATE: Spoke: Humanist Marriage (re: places of worship) ""In Labour’s 2024 election manifesto, we committed to strengthening the rights and protections of cohabiting couples. The Minister cited that in response to a recent written question on humanist marriages, which I was pleased to see. I know the Government are..."" [0: Supports extending humanist marriage recognition, not directly engaging traditional marriage or religious freedom concerns]",,
"Sarah Owen (Labour, Luton North)",,,1,,,,"a speech, 5 years ago","thin (little on record, none of it directional)",1,mp-votes.html#mp-4777,"2021-07-01 DEBATE: Spoke:  Pride Month (re: Gender Recognition Act) ""However, I speak to some LGBTQ+ people and, while there is so much to be proud of, there is sometimes a resurgence of fear. I know, as co-chair of the all-party parliamentary group on hate crime, that in the past year the hate crime of homophobia, as with..."" [0: General remarks on LGBTQ+ fear and hate crime, not specifically addressing conversion therapy bans]",,
"Shabana Mahmood (Labour, Birmingham Ladywood)",,,1,,,,"a speech, 21 months ago","thin (little on record, none of it directional)",1,mp-votes.html#mp-3914,"2024-12-10 DEBATE: Spoke: Topical Questions (re: marriage law) ""The right hon. Member will know that there has been a recent Law Commission report on marriage law more generally. The Government are going to consult on broader reform of marriage law, and we will certainly consider the issues that he has raised before..."" [0: Minister notes upcoming consultation on marriage law reform, procedural and neutral]",,
"Sir Nicholas Dakin (Labour, Scunthorpe)",,,1,,,,"a speech, 10 years ago","thin (little on record, none of it directional)",1,mp-votes.html#mp-4056,"2016-09-06 DEBATE: Spoke:  Mindfulness in Schools (re: family breakdown) ""My hon. Friend is absolutely on the money. If this issue can be tackled in childhood, it will be less of a problem in adulthood. At the moment, the picture in adulthood is not very pretty either. The use of antidepressants among adults has increased by 500%..."" [0: Notes family breakdown as mental health factor but no family policy stance]",,
"Sir Stephen Timms (Labour, East Ham)",,,1,,,,"a question, 3 years ago","thin (little on record, none of it directional)",1,mp-votes.html#mp-163,"2024-03-14 PQ: Family Conciliation Services (re: family breakdown) ""To ask the Secretary of State for Education, whether she has made an estimate of the number of therapists offering reunification therapy services to help with cases of family breakdown."" [0: Factual query on reunification therapy provision, no stance shown]",,
"Stephen Kinnock (Labour, Aberafan Maesteg)",,,1,,,,"a question, 3 years ago","thin (little on record, none of it directional)",1,mp-votes.html#mp-4359,"2023-12-01 PQ: Surrogacy ""To ask the Secretary of State for Health and Social Care, what plans she has to implement the recommendations of the Law Commission's report Building families through surrogacy: a new law, HC1236, on (a) establishing a new pathway for surrogacy in which i"" [0: Neutral inquiry into government plans on Law Commission surrogacy recommendations]",,
"Steve Reed (Labour (Co-op), Streatham and Croydon North)",,,1,,,,"a speech, 5 years ago","thin (little on record, none of it directional)",1,mp-votes.html#mp-4268,"2021-11-01 DEBATE: Spoke: Budget Resolutions (re: family breakdown) ""Whether it is work, families or communities, this Conservative Government have made our country more unequal. They have ushered in an age of insecurity, where public services have been decimated, wages have fallen in real terms, jobs are more precarious than..."" [0: General critique of inequality and government policy, not addressing marriage or family directly]",,
"Wendy Morton (Conservative, Aldridge-Brownhills)",,,1,,,,"a speech, 3 years ago","thin (little on record, none of it directional)",1,mp-votes.html#mp-4358,"2023-11-08 DEBATE: Spoke: Breaking Down Barriers to Opportunity (re: Law Commission) ""It has become apparent in recent years—and in my inbox—that a raft of problems can affect leaseholders. [ Interruption. ] I see the Housing Minister, my hon. Friend the Member for Redditch (Rachel Maclean), nodding in agreement. Examples include extortionate..."" [0: Discusses leasehold housing problems, unrelated to marriage and family position]",,
"Abtisam Mohamed (Labour, Sheffield Central)",,,1,,,,no evidence,,0,mp-votes.html#mp-5142,No recorded activity on this area (ledger from 2026-02-03),,
"Adam Dance (Liberal Democrat, Yeovil)",,,1,,,,no evidence,,0,mp-votes.html#mp-5191,No recorded activity on this area (ledger from 2026-02-03),,
"Adam Jogee (Labour, Newcastle-under-Lyme)",,,1,,,,no evidence,,0,mp-votes.html#mp-5168,No recorded activity on this area (ledger from 2026-02-03),,
"Adam Thompson (Labour, Erewash)",,,1,,,,no evidence,,0,mp-votes.html#mp-5044,No recorded activity on this area (ledger from 2026-02-03),,
"Adrian Ramsay (Green Party, Waveney Valley)",,,1,,,,no evidence,,0,mp-votes.html#mp-5320,No recorded activity on this area (ledger from 2026-02-03),,
"Al Carns (Labour, Birmingham Selly Oak)",,,1,,,,no evidence,,0,mp-votes.html#mp-5235,No recorded activity on this area (ledger from 2026-02-03),,
"Alan Gemmell (Labour, Central Ayrshire)",,,1,,,,no evidence,,0,mp-votes.html#mp-5185,No recorded activity on this area (ledger from 2026-02-03),,
"Alan Mak (Conservative, Havant)",,,1,,,,no evidence,,0,mp-votes.html#mp-4484,No recorded activity on this area (ledger from 2026-02-03),,
"Alan Strickland (Labour, Newton Aycliffe and Spennymoor)",,,1,,,,no evidence,,0,mp-votes.html#mp-5080,No recorded activity on this area (ledger from 2026-02-03),,
"Alberto Costa (Conservative, South Leicestershire)",,,1,,,,no evidence,,0,mp-votes.html#mp-4439,No recorded activity on this area (ledger from 2026-02-03),,
"Alex Baker (Labour, Aldershot)",,,1,,,,no evidence,,0,mp-votes.html#mp-5173,No recorded activity on this area (ledger from 2026-02-03),,
"Alex Brewer (Liberal Democrat, North East Hampshire)",,,1,,,,no evidence,,0,mp-votes.html#mp-5263,No recorded activity on this area (ledger from 2026-02-03),,
"Alex Burghart (Conservative, Brentwood and Ongar)",,,1,,,,no evidence,,0,mp-votes.html#mp-4613,No recorded activity on this area (ledger from 2026-02-03),,
"Alex Easton (Independent, North Down)",,,1,,,,no evidence,,0,mp-votes.html#mp-5262,No recorded activity on this area (ledger from 2026-02-03),,
"Alex Mayer (Labour, Dunstable and Leighton Buzzard)",,,1,,,,no evidence,,0,mp-votes.html#mp-5141,No recorded activity on this area (ledger from 2026-02-03),,
"Alex McIntyre (Labour, Gloucester)",,,1,,,,no evidence,,0,mp-votes.html#mp-5349,No recorded activity on this area (ledger from 2026-02-03),,
"Alex Norris (Labour (Co-op), Nottingham North and Kimberley)",,,1,,,,no evidence,,0,mp-votes.html#mp-4641,No recorded activity on this area (ledger from 2026-02-03),,
"Alex Sobel (Labour (Co-op), Leeds Central and Headingley)",,,1,,,,no evidence,,0,mp-votes.html#mp-4658,No recorded activity on this area (ledger from 2026-02-03),,
"Alice Macdonald (Labour (Co-op), Norwich North)",,,1,,,,no evidence,,0,mp-votes.html#mp-5133,No recorded activity on this area (ledger from 2026-02-03),,
"Alicia Kearns (Conservative, Rutland and Stamford)",,,1,,,,no evidence,,0,mp-votes.html#mp-4805,No recorded activity on this area (ledger from 2026-02-03),,
"Alison Bennett (Liberal Democrat, Mid Sussex)",,,1,,,,no evidence,,0,mp-votes.html#mp-5283,No recorded activity on this area (ledger from 2026-02-03),,
"Alison Griffiths (Conservative, Bognor Regis and Littlehampton)",,,1,,,,no evidence,,0,mp-votes.html#mp-5203,No recorded activity on this area (ledger from 2026-02-03),,
"Alison Hume (Labour, Scarborough and Whitby)",,,1,,,,no evidence,,0,mp-votes.html#mp-5254,No recorded activity on this area (ledger from 2026-02-03),,
"Alison McGovern (Labour, Birkenhead)",,,1,,,,no evidence,,0,mp-votes.html#mp-4083,No recorded activity on this area (ledger from 2026-02-03),,
"Alison Taylor (Labour, Paisley and Renfrewshire North)",,,1,,,,no evidence,,0,mp-votes.html#mp-5093,No recorded activity on this area (ledger from 2026-02-03),,
"Alistair Strathern (Labour, Hitchin)",,,1,,,,no evidence,,0,mp-votes.html#mp-5000,No recorded activity on this area (ledger from 2026-02-03),,
"Amanda Hack (Labour, North West Leicestershire)",,,1,,,,no evidence,,0,mp-votes.html#mp-5149,No recorded activity on this area (ledger from 2026-02-03),,
"Andrew Bowie (Conservative, West Aberdeenshire and Kincardine)",,,1,,,,no evidence,,0,mp-votes.html#mp-4601,No recorded activity on this area (ledger from 2026-02-03),,
"Andrew George (Liberal Democrat, St Ives)",,,1,,,,no evidence,,0,mp-votes.html#mp-227,No recorded activity on this area (ledger from 2026-02-03),,
"Andrew Griffith (Conservative, Arundel and South Downs)",,,1,,,,no evidence,,0,mp-votes.html#mp-4874,No recorded activity on this area (ledger from 2026-02-03),,
"Andrew Lewin (Labour, Welwyn Hatfield)",,,1,,,,no evidence,,0,mp-votes.html#mp-5061,No recorded activity on this area (ledger from 2026-02-03),,
"Andrew Pakes (Labour (Co-op), Peterborough)",,,1,,,,no evidence,,0,mp-votes.html#mp-5243,No recorded activity on this area (ledger from 2026-02-03),,
"Andrew Ranger (Labour, Wrexham)",,,1,,,,no evidence,,0,mp-votes.html#mp-5046,No recorded activity on this area (ledger from 2026-02-03),,
"Andrew Rosindell (Reform UK, Romford)",,,1,,,,no evidence,,0,mp-votes.html#mp-1447,No recorded activity on this area (ledger from 2026-02-03),,
"Andrew Western (Labour, Stretford and Urmston)",,,1,,,,no evidence,,0,mp-votes.html#mp-4979,No recorded activity on this area (ledger from 2026-02-03),,
"Andy Burnham (Labour (Co-op), Makerfield)",,,1,,,,no evidence,,0,mp-votes.html#mp-1427,No recorded activity on this area (ledger from 2026-02-03),,
"Andy MacNae (Labour, Rossendale and Darwen)",,,1,,,,no evidence,,0,mp-votes.html#mp-5134,No recorded activity on this area (ledger from 2026-02-03),,
"Andy McDonald (Labour, Middlesbrough and Thornaby East)",,,1,,,,no evidence,,0,mp-votes.html#mp-4269,No recorded activity on this area (ledger from 2026-02-03),,
"Angela Rayner (Labour, Ashton-under-Lyne)",,,1,,,,no evidence,,0,mp-votes.html#mp-4356,No recorded activity on this area (ledger from 2026-02-03),,
"Ann Davies (Plaid Cymru, Caerfyrddin)",,,1,,,,no evidence,,0,mp-votes.html#mp-5177,No recorded activity on this area (ledger from 2026-02-03),,
"Anna Dixon (Labour, Shipley)",,,1,,,,no evidence,,0,mp-votes.html#mp-5281,No recorded activity on this area (ledger from 2026-02-03),,
"Anna Gelderd (Labour, South East Cornwall)",,,1,,,,no evidence,,0,mp-votes.html#mp-5353,No recorded activity on this area (ledger from 2026-02-03),,
"Anna Sabine (Liberal Democrat, Frome and East Somerset)",,,1,,,,no evidence,,0,mp-votes.html#mp-5286,No recorded activity on this area (ledger from 2026-02-03),,
"Anna Turley (Labour (Co-op), Redcar)",,,1,,,,no evidence,,0,mp-votes.html#mp-4449,No recorded activity on this area (ledger from 2026-02-03),,
"Anneliese Dodds (Labour (Co-op), Oxford East)",,,1,,,,no evidence,,0,mp-votes.html#mp-4657,No recorded activity on this area (ledger from 2026-02-03),,
"Anneliese Midgley (Labour, Knowsley)",,,1,,,,no evidence,,0,mp-votes.html#mp-5038,No recorded activity on this area (ledger from 2026-02-03),,
"Antonia Bance (Labour, Tipton and Wednesbury)",,,1,,,,no evidence,,0,mp-votes.html#mp-5048,No recorded activity on this area (ledger from 2026-02-03),,
"Aphra Brandreth (Conservative, Chester South and Eddisbury)",,,1,,,,no evidence,,0,mp-votes.html#mp-5241,No recorded activity on this area (ledger from 2026-02-03),,
"Ayoub Khan (Independent, Birmingham Perry Barr)",,,1,,,,no evidence,,0,mp-votes.html#mp-5357,No recorded activity on this area (ledger from 2026-02-03),,
"Baggy Shanker (Labour (Co-op), Derby South)",,,1,,,,no evidence,,0,mp-votes.html#mp-5176,No recorded activity on this area (ledger from 2026-02-03),,
"Bambos Charalambous (Labour, Southgate and Wood Green)",,,1,,,,no evidence,,0,mp-votes.html#mp-4610,No recorded activity on this area (ledger from 2026-02-03),,
"Barry Gardiner (Labour, Brent West)",,,1,,,,no evidence,,0,mp-votes.html#mp-146,No recorded activity on this area (ledger from 2026-02-03),,
"Becky Gittins (Labour, Clwyd East)",,,1,,,,no evidence,,0,mp-votes.html#mp-5181,No recorded activity on this area (ledger from 2026-02-03),,
"Bell Ribeiro-Addy (Labour, Clapham and Brixton Hill)",,,1,,,,no evidence,,0,mp-votes.html#mp-4764,No recorded activity on this area (ledger from 2026-02-03),,
"Ben Coleman (Labour, Chelsea and Fulham)",,,1,,,,no evidence,,0,mp-votes.html#mp-5344,No recorded activity on this area (ledger from 2026-02-03),,
"Ben Goldsborough (Labour, South Norfolk)",,,1,,,,no evidence,,0,mp-votes.html#mp-5205,No recorded activity on this area (ledger from 2026-02-03),,
"Ben Lake (Plaid Cymru, Ceredigion Preseli)",,,1,,,,no evidence,,0,mp-votes.html#mp-4630,No recorded activity on this area (ledger from 2026-02-03),,
"Ben Maguire (Liberal Democrat, North Cornwall)",,,1,,,,no evidence,,0,mp-votes.html#mp-5350,No recorded activity on this area (ledger from 2026-02-03),,
"Ben Obese-Jecty (Conservative, Huntingdon)",,,1,,,,no evidence,,0,mp-votes.html#mp-5089,No recorded activity on this area (ledger from 2026-02-03),,
"Bill Esterson (Labour, Sefton Central)",,,1,,,,no evidence,,0,mp-votes.html#mp-4061,No recorded activity on this area (ledger from 2026-02-03),,
"Blake Stephenson (Conservative, Mid Bedfordshire)",,,1,,,,no evidence,,0,mp-votes.html#mp-5100,No recorded activity on this area (ledger from 2026-02-03),,
"Bob Blackman (Conservative, Harrow East)",,,1,,,,no evidence,,0,mp-votes.html#mp-4005,No recorded activity on this area (ledger from 2026-02-03),,
"Bobby Dean (Liberal Democrat, Carshalton and Wallington)",,,1,,,,no evidence,,0,mp-votes.html#mp-5083,No recorded activity on this area (ledger from 2026-02-03),,
"Bradley Thomas (Conservative, Bromsgrove)",,,1,,,,no evidence,,0,mp-votes.html#mp-5186,No recorded activity on this area (ledger from 2026-02-03),,
"Brian Leishman (Labour, Alloa and Grangemouth)",,,1,,,,no evidence,,0,mp-votes.html#mp-5196,No recorded activity on this area (ledger from 2026-02-03),,
"Brian Mathew (Liberal Democrat, Melksham and Devizes)",,,1,,,,no evidence,,0,mp-votes.html#mp-5214,No recorded activity on this area (ledger from 2026-02-03),,
"Callum Anderson (Labour, Buckingham and Bletchley)",,,1,,,,no evidence,,0,mp-votes.html#mp-5193,No recorded activity on this area (ledger from 2026-02-03),,
"Calum Miller (Liberal Democrat, Bicester and Woodstock)",,,1,,,,no evidence,,0,mp-votes.html#mp-5346,No recorded activity on this area (ledger from 2026-02-03),,
"Cameron Thomas (Independent, Tewkesbury)",,,1,,,,no evidence,,0,mp-votes.html#mp-5354,No recorded activity on this area (ledger from 2026-02-03),,
"Carla Denyer (Green Party, Bristol Central)",,,1,,,,no evidence,,0,mp-votes.html#mp-5102,No recorded activity on this area (ledger from 2026-02-03),,
"Caroline Voaden (Liberal Democrat, South Devon)",,,1,,,,no evidence,,0,mp-votes.html#mp-5216,No recorded activity on this area (ledger from 2026-02-03),,
"Cat Smith (Labour, Lancaster and Wyre)",,,1,,,,no evidence,,0,mp-votes.html#mp-4436,No recorded activity on this area (ledger from 2026-02-03),,
"Catherine Atkinson (Labour, Derby North)",,,1,,,,no evidence,,0,mp-votes.html#mp-5143,No recorded activity on this area (ledger from 2026-02-03),,
"Catherine Fookes (Labour, Monmouthshire)",,,1,,,,no evidence,,0,mp-votes.html#mp-5291,No recorded activity on this area (ledger from 2026-02-03),,
"Catherine McKinnell (Labour, Newcastle upon Tyne North)",,,1,,,,no evidence,,0,mp-votes.html#mp-4125,No recorded activity on this area (ledger from 2026-02-03),,
"Charlie Dewhirst (Conservative, Bridlington and The Wolds)",,,1,,,,no evidence,,0,mp-votes.html#mp-5169,No recorded activity on this area (ledger from 2026-02-03),,
"Charlie Maynard (Liberal Democrat, Witney)",,,1,,,,no evidence,,0,mp-votes.html#mp-5325,No recorded activity on this area (ledger from 2026-02-03),,
"Charlotte Cane (Liberal Democrat, Ely and East Cambridgeshire)",,,1,,,,no evidence,,0,mp-votes.html#mp-5182,No recorded activity on this area (ledger from 2026-02-03),,
"Charlotte Nichols (Labour, Warrington North)",,,1,,,,no evidence,,0,mp-votes.html#mp-4799,No recorded activity on this area (ledger from 2026-02-03),,
"Chris Bloore (Labour, Redditch)",,,1,,,,no evidence,,0,mp-votes.html#mp-5109,No recorded activity on this area (ledger from 2026-02-03),,
"Chris Bryant (Labour, Rhondda and Ogmore)",,,1,,,,no evidence,,0,mp-votes.html#mp-1446,No recorded activity on this area (ledger from 2026-02-03),,
"Chris Coghlan (Liberal Democrat, Dorking and Horley)",,,1,,,,no evidence,,0,mp-votes.html#mp-5198,No recorded activity on this area (ledger from 2026-02-03),,
"Chris Curtis (Labour, Milton Keynes North)",,,1,,,,no evidence,,0,mp-votes.html#mp-5118,No recorded activity on this area (ledger from 2026-02-03),,
"Chris Elmore (Labour, Bridgend)",,,1,,,,no evidence,,0,mp-votes.html#mp-4572,No recorded activity on this area (ledger from 2026-02-03),,
"Chris Evans (Labour (Co-op), Caerphilly)",,,1,,,,no evidence,,0,mp-votes.html#mp-4040,No recorded activity on this area (ledger from 2026-02-03),,
"Chris Hazzard (Sinn Féin, South Down)",,,1,,,,no evidence,,0,mp-votes.html#mp-4636,No recorded activity on this area (ledger from 2026-02-03),,
"Chris Hinchliff (Labour, North East Hertfordshire)",,,1,,,,no evidence,,0,mp-votes.html#mp-5244,No recorded activity on this area (ledger from 2026-02-03),,
"Chris Kane (Labour, Stirling and Strathallan)",,,1,,,,no evidence,,0,mp-votes.html#mp-5155,No recorded activity on this area (ledger from 2026-02-03),,
"Chris Law (Scottish National Party, Dundee Central)",,,1,,,,no evidence,,0,mp-votes.html#mp-4403,No recorded activity on this area (ledger from 2026-02-03),,
"Chris McDonald (Labour, Stockton North)",,,1,,,,no evidence,,0,mp-votes.html#mp-5116,No recorded activity on this area (ledger from 2026-02-03),,
"Chris Murray (Labour, Edinburgh East and Musselburgh)",,,1,,,,no evidence,,0,mp-votes.html#mp-5245,No recorded activity on this area (ledger from 2026-02-03),,
"Chris Vince (Labour (Co-op), Harlow)",,,1,,,,no evidence,,0,mp-votes.html#mp-5237,No recorded activity on this area (ledger from 2026-02-03),,
"Chris Ward (Labour, Brighton Kemptown and Peacehaven)",,,1,,,,no evidence,,0,mp-votes.html#mp-5276,No recorded activity on this area (ledger from 2026-02-03),,
"Chris Webb (Labour, Blackpool South)",,,1,,,,no evidence,,0,mp-votes.html#mp-5025,No recorded activity on this area (ledger from 2026-02-03),,
"Christian Wakeford (Labour, Bury South)",,,1,,,,no evidence,,0,mp-votes.html#mp-4871,No recorded activity on this area (ledger from 2026-02-03),,
"Claire Coutinho (Conservative, East Surrey)",,,1,,,,no evidence,,0,mp-votes.html#mp-4806,No recorded activity on this area (ledger from 2026-02-03),,
"Claire Hanna (Social Democratic & Labour Party, Belfast South and Mid Down)",,,1,,,,no evidence,,0,mp-votes.html#mp-4827,No recorded activity on this area (ledger from 2026-02-03),,
"Claire Hughes (Labour, Bangor Aberconwy)",,,1,,,,no evidence,,0,mp-votes.html#mp-5113,No recorded activity on this area (ledger from 2026-02-03),,
"Claire Young (Liberal Democrat, Thornbury and Yate)",,,1,,,,no evidence,,0,mp-votes.html#mp-5140,No recorded activity on this area (ledger from 2026-02-03),,
"Clive Efford (Labour, Eltham and Chislehurst)",,,1,,,,no evidence,,0,mp-votes.html#mp-165,No recorded activity on this area (ledger from 2026-02-03),,
"Clive Jones (Liberal Democrat, Wokingham)",,,1,,,,no evidence,,0,mp-votes.html#mp-5207,No recorded activity on this area (ledger from 2026-02-03),,
"Clive Lewis (Labour, Norwich South)",,,1,,,,no evidence,,0,mp-votes.html#mp-4500,No recorded activity on this area (ledger from 2026-02-03),,
"Colum Eastwood (Social Democratic & Labour Party, Foyle)",,,1,,,,no evidence,,0,mp-votes.html#mp-4846,No recorded activity on this area (ledger from 2026-02-03),,
"Connor Naismith (Labour, Crewe and Nantwich)",,,1,,,,no evidence,,0,mp-votes.html#mp-5273,No recorded activity on this area (ledger from 2026-02-03),,
"Dame Angela Eagle (Labour, Wallasey)",,,1,,,,no evidence,,0,mp-votes.html#mp-491,No recorded activity on this area (ledger from 2026-02-03),,
"Dame Chi Onwurah (Labour, Newcastle upon Tyne Central and West)",,,1,,,,no evidence,,0,mp-votes.html#mp-4124,No recorded activity on this area (ledger from 2026-02-03),,
"Dame Harriett Baldwin (Conservative, West Worcestershire)",,,1,,,,no evidence,,0,mp-votes.html#mp-4107,No recorded activity on this area (ledger from 2026-02-03),,
"Dame Meg Hillier (Labour (Co-op), Hackney South and Shoreditch)",,,1,,,,no evidence,,0,mp-votes.html#mp-1524,No recorded activity on this area (ledger from 2026-02-03),,
"Damien Egan (Labour, Bristol North East)",,,1,,,,no evidence,,0,mp-votes.html#mp-5010,No recorded activity on this area (ledger from 2026-02-03),,
"Dan Aldridge (Labour, Weston-super-Mare)",,,1,,,,no evidence,,0,mp-votes.html#mp-5172,No recorded activity on this area (ledger from 2026-02-03),,
"Dan Carden (Labour, Liverpool Walton)",,,1,,,,no evidence,,0,mp-votes.html#mp-4651,No recorded activity on this area (ledger from 2026-02-03),,
"Dan Jarvis (Labour, Barnsley North)",,,1,,,,no evidence,,0,mp-votes.html#mp-4243,No recorded activity on this area (ledger from 2026-02-03),,
"Dan Norris (Independent, North East Somerset and Hanham)",,,1,,,,no evidence,,0,mp-votes.html#mp-221,No recorded activity on this area (ledger from 2026-02-03),,
"Dan Tomlinson (Labour, Chipping Barnet)",,,1,,,,no evidence,,0,mp-votes.html#mp-5282,No recorded activity on this area (ledger from 2026-02-03),,
"Daniel Francis (Labour, Bexleyheath and Crayford)",,,1,,,,no evidence,,0,mp-votes.html#mp-5184,No recorded activity on this area (ledger from 2026-02-03),,
"Daniel Zeichner (Labour, Cambridge)",,,1,,,,no evidence,,0,mp-votes.html#mp-4382,No recorded activity on this area (ledger from 2026-02-03),,
"Danny Beales (Labour, Uxbridge and South Ruislip)",,,1,,,,no evidence,,0,mp-votes.html#mp-5339,No recorded activity on this area (ledger from 2026-02-03),,
"Darren Jones (Labour, Bristol North West)",,,1,,,,no evidence,,0,mp-votes.html#mp-4621,No recorded activity on this area (ledger from 2026-02-03),,
"Darren Paffey (Labour, Southampton Itchen)",,,1,,,,no evidence,,0,mp-votes.html#mp-5270,No recorded activity on this area (ledger from 2026-02-03),,
"Dave Doogan (Scottish National Party, Angus and Perthshire Glens)",,,1,,,,no evidence,,0,mp-votes.html#mp-4736,No recorded activity on this area (ledger from 2026-02-03),,
"David Baines (Labour, St Helens North)",,,1,,,,no evidence,,0,mp-votes.html#mp-5092,No recorded activity on this area (ledger from 2026-02-03),,
"David Burton-Sampson (Labour, Southend West and Leigh)",,,1,,,,no evidence,,0,mp-votes.html#mp-5106,No recorded activity on this area (ledger from 2026-02-03),,
"David Chadwick (Liberal Democrat, Brecon, Radnor and Cwm Tawe)",,,1,,,,no evidence,,0,mp-votes.html#mp-5284,No recorded activity on this area (ledger from 2026-02-03),,
"David Davis (Conservative, Goole and Pocklington)",,,1,,,,no evidence,,0,mp-votes.html#mp-373,No recorded activity on this area (ledger from 2026-02-03),,
"David Pinto-Duschinsky (Labour, Hendon)",,,1,,,,no evidence,,0,mp-votes.html#mp-5360,No recorded activity on this area (ledger from 2026-02-03),,
"David Reed (Conservative, Exmouth and Exeter East)",,,1,,,,no evidence,,0,mp-votes.html#mp-5347,No recorded activity on this area (ledger from 2026-02-03),,
"David Simmonds (Conservative, Ruislip, Northwood and Pinner)",,,1,,,,no evidence,,0,mp-votes.html#mp-4872,No recorded activity on this area (ledger from 2026-02-03),,
"David Smith (Labour, North Northumberland)",,,1,,,,no evidence,,0,mp-votes.html#mp-5218,No recorded activity on this area (ledger from 2026-02-03),,
"David Taylor (Labour, Hemel Hempstead)",,,1,,,,no evidence,,0,mp-votes.html#mp-5348,No recorded activity on this area (ledger from 2026-02-03),,
"David Williams (Labour, Stoke-on-Trent North)",,,1,,,,no evidence,,0,mp-votes.html#mp-5151,No recorded activity on this area (ledger from 2026-02-03),,
"Debbie Abrahams (Labour, Oldham East and Saddleworth)",,,1,,,,no evidence,,0,mp-votes.html#mp-4212,No recorded activity on this area (ledger from 2026-02-03),,
"Derek Twigg (Labour, Widnes and Halewood)",,,1,,,,no evidence,,0,mp-votes.html#mp-429,No recorded activity on this area (ledger from 2026-02-03),,
"Douglas Lumsden (Conservative, Aberdeen South)",,,1,,,,no evidence,,0,mp-votes.html#mp-5450,No recorded activity on this area (ledger from 2026-02-03),,
"Douglas McAllister (Labour, West Dunbartonshire)",,,1,,,,no evidence,,0,mp-votes.html#mp-5057,No recorded activity on this area (ledger from 2026-02-03),,
"Dr Al Pinkerton (Liberal Democrat, Surrey Heath)",,,1,,,,no evidence,,0,mp-votes.html#mp-5288,No recorded activity on this area (ledger from 2026-02-03),,
"Dr Allison Gardner (Labour, Stoke-on-Trent South)",,,1,,,,no evidence,,0,mp-votes.html#mp-5334,No recorded activity on this area (ledger from 2026-02-03),,
"Dr Andrew Murrison (Conservative, South West Wiltshire)",,,1,,,,no evidence,,0,mp-votes.html#mp-1466,No recorded activity on this area (ledger from 2026-02-03),,
"Dr Beccy Cooper (Labour, Worthing West)",,,1,,,,no evidence,,0,mp-votes.html#mp-5307,No recorded activity on this area (ledger from 2026-02-03),,
"Dr Ben Spencer (Conservative, Runnymede and Weybridge)",,,1,,,,no evidence,,0,mp-votes.html#mp-4785,No recorded activity on this area (ledger from 2026-02-03),,
"Dr Caroline Johnson (Conservative, Sleaford and North Hykeham)",,,1,,,,no evidence,,0,mp-votes.html#mp-4592,No recorded activity on this area (ledger from 2026-02-03),,
"Dr Danny Chambers (Liberal Democrat, Winchester)",,,1,,,,no evidence,,0,mp-votes.html#mp-5304,No recorded activity on this area (ledger from 2026-02-03),,
"Dr Ellie Chowns (Green Party, North Herefordshire)",,,1,,,,no evidence,,0,mp-votes.html#mp-5249,No recorded activity on this area (ledger from 2026-02-03),,
"Dr Jeevun Sandher (Labour, Loughborough)",,,1,,,,no evidence,,0,mp-votes.html#mp-5259,No recorded activity on this area (ledger from 2026-02-03),,
"Dr Lauren Sullivan (Labour, Gravesham)",,,1,,,,no evidence,,0,mp-votes.html#mp-5269,No recorded activity on this area (ledger from 2026-02-03),,
"Dr Marie Tidball (Labour, Penistone and Stocksbridge)",,,1,,,,no evidence,,0,mp-votes.html#mp-5098,No recorded activity on this area (ledger from 2026-02-03),,
"Dr Neil Hudson (Conservative, Epping Forest)",,,1,,,,no evidence,,0,mp-votes.html#mp-4853,No recorded activity on this area (ledger from 2026-02-03),,
"Dr Neil Shastri-Hurst (Conservative, Solihull West and Shirley)",,,1,,,,no evidence,,0,mp-votes.html#mp-5197,No recorded activity on this area (ledger from 2026-02-03),,
"Dr Peter Prinsley (Labour, Bury St Edmunds and Stowmarket)",,,1,,,,no evidence,,0,mp-votes.html#mp-5163,No recorded activity on this area (ledger from 2026-02-03),,
"Dr Rosena Allin-Khan (Labour, Tooting)",,,1,,,,no evidence,,0,mp-votes.html#mp-4573,No recorded activity on this area (ledger from 2026-02-03),,
"Dr Roz Savage (Liberal Democrat, South Cotswolds)",,,1,,,,no evidence,,0,mp-votes.html#mp-5352,No recorded activity on this area (ledger from 2026-02-03),,
"Dr Rupa Huq (Labour, Ealing Central and Acton)",,,1,,,,no evidence,,0,mp-votes.html#mp-4511,No recorded activity on this area (ledger from 2026-02-03),,
"Dr Scott Arthur (Labour, Edinburgh South West)",,,1,,,,no evidence,,0,mp-votes.html#mp-5212,No recorded activity on this area (ledger from 2026-02-03),,
"Dr Simon Opher (Labour, Stroud)",,,1,,,,no evidence,,0,mp-votes.html#mp-5030,No recorded activity on this area (ledger from 2026-02-03),,
"Dr Zubir Ahmed (Labour, Glasgow South West)",,,1,,,,no evidence,,0,mp-votes.html#mp-5213,No recorded activity on this area (ledger from 2026-02-03),,
"Dáire Hughes (Sinn Féin, Newry and Armagh)",,,1,,,,no evidence,,0,mp-votes.html#mp-5292,No recorded activity on this area (ledger from 2026-02-03),,
"Ed Davey (Liberal Democrat, Kingston and Surbiton)",,,1,,,,no evidence,,0,mp-votes.html#mp-188,No recorded activity on this area (ledger from 2026-02-03),,
"Ed Miliband (Labour, Doncaster North)",,,1,,,,no evidence,,0,mp-votes.html#mp-1510,No recorded activity on this area (ledger from 2026-02-03),,
"Edward Morello (Liberal Democrat, West Dorset)",,,1,,,,no evidence,,0,mp-votes.html#mp-5326,No recorded activity on this area (ledger from 2026-02-03),,
"Elaine Stewart (Labour, Ayr, Carrick and Cumnock)",,,1,,,,no evidence,,0,mp-votes.html#mp-5206,No recorded activity on this area (ledger from 2026-02-03),,
"Ellie Reeves (Labour, Lewisham West and East Dulwich)",,,1,,,,no evidence,,0,mp-votes.html#mp-4620,No recorded activity on this area (ledger from 2026-02-03),,
"Emily Darlington (Labour, Milton Keynes Central)",,,1,,,,no evidence,,0,mp-votes.html#mp-5139,No recorded activity on this area (ledger from 2026-02-03),,
"Emma Foody (Labour (Co-op), Cramlington and Killingworth)",,,1,,,,no evidence,,0,mp-votes.html#mp-5029,No recorded activity on this area (ledger from 2026-02-03),,
"Emma Hardy (Labour, Kingston upon Hull West and Haltemprice)",,,1,,,,no evidence,,0,mp-votes.html#mp-4645,No recorded activity on this area (ledger from 2026-02-03),,
"Emma Lewell (Labour, South Shields)",,,1,,,,no evidence,,0,mp-votes.html#mp-4277,No recorded activity on this area (ledger from 2026-02-03),,
"Emma Reynolds (Labour, Wycombe)",,,1,,,,no evidence,,0,mp-votes.html#mp-4077,No recorded activity on this area (ledger from 2026-02-03),,
"Euan Stainbank (Labour, Falkirk)",,,1,,,,no evidence,,0,mp-votes.html#mp-5110,No recorded activity on this area (ledger from 2026-02-03),,
"Feryal Clark (Labour, Enfield North)",,,1,,,,no evidence,,0,mp-votes.html#mp-4822,No recorded activity on this area (ledger from 2026-02-03),,
"Fleur Anderson (Labour, Putney)",,,1,,,,no evidence,,0,mp-votes.html#mp-4788,No recorded activity on this area (ledger from 2026-02-03),,
"Florence Eshalomi (Labour (Co-op), Vauxhall and Camberwell Green)",,,1,,,,no evidence,,0,mp-votes.html#mp-4870,No recorded activity on this area (ledger from 2026-02-03),,
"Fred Thomas (Labour, Plymouth Moor View)",,,1,,,,no evidence,,0,mp-votes.html#mp-5174,No recorded activity on this area (ledger from 2026-02-03),,
"Gareth Bacon (Conservative, Orpington)",,,1,,,,no evidence,,0,mp-votes.html#mp-4798,No recorded activity on this area (ledger from 2026-02-03),,
"Gareth Davies (Conservative, Grantham and Bourne)",,,1,,,,no evidence,,0,mp-votes.html#mp-4850,No recorded activity on this area (ledger from 2026-02-03),,
"Gareth Snell (Labour (Co-op), Stoke-on-Trent Central)",,,1,,,,no evidence,,0,mp-votes.html#mp-4595,No recorded activity on this area (ledger from 2026-02-03),,
"Gareth Thomas (Labour (Co-op), Harrow West)",,,1,,,,no evidence,,0,mp-votes.html#mp-177,No recorded activity on this area (ledger from 2026-02-03),,
"Gavin Robinson (Democratic Unionist Party, Belfast East)",,,1,,,,no evidence,,0,mp-votes.html#mp-4360,No recorded activity on this area (ledger from 2026-02-03),,
"Gen Kitchen (Labour, Wellingborough and Rushden)",,,1,,,,no evidence,,0,mp-votes.html#mp-5011,No recorded activity on this area (ledger from 2026-02-03),,
"George Freeman (Conservative, Mid Norfolk)",,,1,,,,no evidence,,0,mp-votes.html#mp-4020,No recorded activity on this area (ledger from 2026-02-03),,
"Georgia Gould (Labour, Queen's Park and Maida Vale)",,,1,,,,no evidence,,0,mp-votes.html#mp-5305,No recorded activity on this area (ledger from 2026-02-03),,
"Gideon Amos (Liberal Democrat, Taunton and Wellington)",,,1,,,,no evidence,,0,mp-votes.html#mp-5250,No recorded activity on this area (ledger from 2026-02-03),,
"Gill Furniss (Labour, Sheffield Brightside and Hillsborough)",,,1,,,,no evidence,,0,mp-votes.html#mp-4571,No recorded activity on this area (ledger from 2026-02-03),,
"Gill German (Labour, Clwyd North)",,,1,,,,no evidence,,0,mp-votes.html#mp-5104,No recorded activity on this area (ledger from 2026-02-03),,
"Gordon McKee (Labour, Glasgow South)",,,1,,,,no evidence,,0,mp-votes.html#mp-5189,No recorded activity on this area (ledger from 2026-02-03),,
"Graeme Downie (Labour, Dunfermline and Dollar)",,,1,,,,no evidence,,0,mp-votes.html#mp-5275,No recorded activity on this area (ledger from 2026-02-03),,
"Graham Leadbitter (Scottish National Party, Moray West, Nairn and Strathspey)",,,1,,,,no evidence,,0,mp-votes.html#mp-5277,No recorded activity on this area (ledger from 2026-02-03),,
"Graham Stringer (Labour, Blackley and Middleton South)",,,1,,,,no evidence,,0,mp-votes.html#mp-449,No recorded activity on this area (ledger from 2026-02-03),,
"Graham Stuart (Conservative, Beverley and Holderness)",,,1,,,,no evidence,,0,mp-votes.html#mp-1482,No recorded activity on this area (ledger from 2026-02-03),,
"Grahame Morris (Labour, Easington)",,,1,,,,no evidence,,0,mp-votes.html#mp-3973,No recorded activity on this area (ledger from 2026-02-03),,
"Greg Smith (Conservative, Mid Buckinghamshire)",,,1,,,,no evidence,,0,mp-votes.html#mp-4778,No recorded activity on this area (ledger from 2026-02-03),,
"Gregor Poynton (Labour, Livingston)",,,1,,,,no evidence,,0,mp-votes.html#mp-5167,No recorded activity on this area (ledger from 2026-02-03),,
"Gregory Stafford (Conservative, Farnham and Bordon)",,,1,,,,no evidence,,0,mp-votes.html#mp-5351,No recorded activity on this area (ledger from 2026-02-03),,
"Gurinder Singh Josan (Labour, Smethwick)",,,1,,,,no evidence,,0,mp-votes.html#mp-5059,No recorded activity on this area (ledger from 2026-02-03),,
"Hannah Spencer (Green Party, Gorton and Denton)",,,1,,,,no evidence,,0,mp-votes.html#mp-5447,No recorded activity on this area (ledger from 2026-02-03),,
"Harpreet Uppal (Labour, Huddersfield)",,,1,,,,no evidence,,0,mp-votes.html#mp-5289,No recorded activity on this area (ledger from 2026-02-03),,
"Heidi Alexander (Labour, Swindon South)",,,1,,,,no evidence,,0,mp-votes.html#mp-4038,No recorded activity on this area (ledger from 2026-02-03),,
"Helen Grant (Conservative, Maidstone and Malling)",,,1,,,,no evidence,,0,mp-votes.html#mp-4018,No recorded activity on this area (ledger from 2026-02-03),,
"Helen Hayes (Labour, Dulwich and West Norwood)",,,1,,,,no evidence,,0,mp-votes.html#mp-4510,No recorded activity on this area (ledger from 2026-02-03),,
"Helen Maguire (Liberal Democrat, Epsom and Ewell)",,,1,,,,no evidence,,0,mp-votes.html#mp-5336,No recorded activity on this area (ledger from 2026-02-03),,
"Helen Morgan (Liberal Democrat, North Shropshire)",,,1,,,,no evidence,,0,mp-votes.html#mp-4934,No recorded activity on this area (ledger from 2026-02-03),,
"Helen Whately (Conservative, Faversham and Mid Kent)",,,1,,,,no evidence,,0,mp-votes.html#mp-4527,No recorded activity on this area (ledger from 2026-02-03),,
"Helena Dollimore (Labour (Co-op), Hastings and Rye)",,,1,,,,no evidence,,0,mp-votes.html#mp-5192,No recorded activity on this area (ledger from 2026-02-03),,
"Henry Tufnell (Labour, Mid and South Pembrokeshire)",,,1,,,,no evidence,,0,mp-votes.html#mp-5121,No recorded activity on this area (ledger from 2026-02-03),,
"Hilary Benn (Labour, Leeds South)",,,1,,,,no evidence,,0,mp-votes.html#mp-413,No recorded activity on this area (ledger from 2026-02-03),,
"Ian Lavery (Labour, Blyth and Ashington)",,,1,,,,no evidence,,0,mp-votes.html#mp-4139,No recorded activity on this area (ledger from 2026-02-03),,
"Ian Murray (Labour, Edinburgh South)",,,1,,,,no evidence,,0,mp-votes.html#mp-3966,No recorded activity on this area (ledger from 2026-02-03),,
"Ian Roome (Liberal Democrat, North Devon)",,,1,,,,no evidence,,0,mp-votes.html#mp-5138,No recorded activity on this area (ledger from 2026-02-03),,
"Ian Sollom (Liberal Democrat, St Neots and Mid Cambridgeshire)",,,1,,,,no evidence,,0,mp-votes.html#mp-5096,No recorded activity on this area (ledger from 2026-02-03),,
"Imogen Walker (Labour, Hamilton and Clyde Valley)",,,1,,,,no evidence,,0,mp-votes.html#mp-5136,No recorded activity on this area (ledger from 2026-02-03),,
"Imran Hussain (Labour, Bradford East)",,,1,,,,no evidence,,0,mp-votes.html#mp-4394,No recorded activity on this area (ledger from 2026-02-03),,
"Irene Campbell (Labour, North Ayrshire and Arran)",,,1,,,,no evidence,,0,mp-votes.html#mp-5145,No recorded activity on this area (ledger from 2026-02-03),,
"Jack Abbott (Labour (Co-op), Ipswich)",,,1,,,,no evidence,,0,mp-votes.html#mp-5131,No recorded activity on this area (ledger from 2026-02-03),,
"Jacob Collier (Labour, Burton and Uttoxeter)",,,1,,,,no evidence,,0,mp-votes.html#mp-5077,No recorded activity on this area (ledger from 2026-02-03),,
"Jade Botterill (Labour, Ossett and Denby Dale)",,,1,,,,no evidence,,0,mp-votes.html#mp-5236,No recorded activity on this area (ledger from 2026-02-03),,
"Jake Richards (Labour, Rother Valley)",,,1,,,,no evidence,,0,mp-votes.html#mp-5082,No recorded activity on this area (ledger from 2026-02-03),,
"James Asser (Labour, West Ham and Beckton)",,,1,,,,no evidence,,0,mp-votes.html#mp-5211,No recorded activity on this area (ledger from 2026-02-03),,
"James MacCleary (Liberal Democrat, Lewes)",,,1,,,,no evidence,,0,mp-votes.html#mp-5265,No recorded activity on this area (ledger from 2026-02-03),,
"James McMurdock (Independent, South Basildon and East Thurrock)",,,1,,,,no evidence,,0,mp-votes.html#mp-5361,No recorded activity on this area (ledger from 2026-02-03),,
"James Murray (Labour (Co-op), Ealing North)",,,1,,,,no evidence,,0,mp-votes.html#mp-4797,No recorded activity on this area (ledger from 2026-02-03),,
"James Naish (Labour, Rushcliffe)",,,1,,,,no evidence,,0,mp-votes.html#mp-5047,No recorded activity on this area (ledger from 2026-02-03),,
"James Wild (Conservative, North West Norfolk)",,,1,,,,no evidence,,0,mp-votes.html#mp-4787,No recorded activity on this area (ledger from 2026-02-03),,
"Jamie Stone (Liberal Democrat, Caithness, Sutherland and Easter Ross)",,,1,,,,no evidence,,0,mp-votes.html#mp-4612,No recorded activity on this area (ledger from 2026-02-03),,
"Janet Daby (Labour, Lewisham East)",,,1,,,,no evidence,,0,mp-votes.html#mp-4698,No recorded activity on this area (ledger from 2026-02-03),,
"Jas Athwal (Labour, Ilford South)",,,1,,,,no evidence,,0,mp-votes.html#mp-5227,No recorded activity on this area (ledger from 2026-02-03),,
"Jayne Kirkham (Labour (Co-op), Truro and Falmouth)",,,1,,,,no evidence,,0,mp-votes.html#mp-5279,No recorded activity on this area (ledger from 2026-02-03),,
"Jen Craft (Labour, Thurrock)",,,1,,,,no evidence,,0,mp-votes.html#mp-5056,No recorded activity on this area (ledger from 2026-02-03),,
"Jess Asato (Labour, Lowestoft)",,,1,,,,no evidence,,0,mp-votes.html#mp-5156,No recorded activity on this area (ledger from 2026-02-03),,
"Jesse Norman (Conservative, Hereford and South Herefordshire)",,,1,,,,no evidence,,0,mp-votes.html#mp-3991,No recorded activity on this area (ledger from 2026-02-03),,
"Jessica Morden (Labour, Newport East)",,,1,,,,no evidence,,0,mp-votes.html#mp-1548,No recorded activity on this area (ledger from 2026-02-03),,
"Jessica Toale (Labour, Bournemouth West)",,,1,,,,no evidence,,0,mp-votes.html#mp-5202,No recorded activity on this area (ledger from 2026-02-03),,
"Jim Allister (Traditional Unionist Voice, North Antrim)",,,1,,,,no evidence,,0,mp-votes.html#mp-5356,No recorded activity on this area (ledger from 2026-02-03),,
"Jim Dickson (Labour, Dartford)",,,1,,,,no evidence,,0,mp-votes.html#mp-5223,No recorded activity on this area (ledger from 2026-02-03),,
"Jo Stevens (Labour, Cardiff East)",,,1,,,,no evidence,,0,mp-votes.html#mp-4425,No recorded activity on this area (ledger from 2026-02-03),,
"Jo White (Labour, Bassetlaw)",,,1,,,,no evidence,,0,mp-votes.html#mp-5105,No recorded activity on this area (ledger from 2026-02-03),,
"Joani Reid (Labour, East Kilbride and Strathaven)",,,1,,,,no evidence,,0,mp-votes.html#mp-5079,No recorded activity on this area (ledger from 2026-02-03),,
"Jodie Gosling (Labour, Nuneaton)",,,1,,,,no evidence,,0,mp-votes.html#mp-5036,No recorded activity on this area (ledger from 2026-02-03),,
"Joe Morris (Labour, Hexham)",,,1,,,,no evidence,,0,mp-votes.html#mp-5081,No recorded activity on this area (ledger from 2026-02-03),,
"Joe Powell (Labour, Kensington and Bayswater)",,,1,,,,no evidence,,0,mp-votes.html#mp-5229,No recorded activity on this area (ledger from 2026-02-03),,
"Joe Robertson (Conservative, Isle of Wight East)",,,1,,,,no evidence,,0,mp-votes.html#mp-5255,No recorded activity on this area (ledger from 2026-02-03),,
"Johanna Baxter (Labour, Paisley and Renfrewshire South)",,,1,,,,no evidence,,0,mp-votes.html#mp-5063,No recorded activity on this area (ledger from 2026-02-03),,
"John Cooper (Conservative, Dumfries and Galloway)",,,1,,,,no evidence,,0,mp-votes.html#mp-5358,No recorded activity on this area (ledger from 2026-02-03),,
"John Finucane (Sinn Féin, Belfast North)",,,1,,,,no evidence,,0,mp-votes.html#mp-4823,No recorded activity on this area (ledger from 2026-02-03),,
"John Glen (Conservative, Salisbury)",,,1,,,,no evidence,,0,mp-votes.html#mp-4051,No recorded activity on this area (ledger from 2026-02-03),,
"John Grady (Labour, Glasgow East)",,,1,,,,no evidence,,0,mp-votes.html#mp-5170,No recorded activity on this area (ledger from 2026-02-03),,
"John Healey (Labour, Rawmarsh and Conisbrough)",,,1,,,,no evidence,,0,mp-votes.html#mp-400,No recorded activity on this area (ledger from 2026-02-03),,
"John Lamont (Conservative, Berwickshire, Roxburgh and Selkirk)",,,1,,,,no evidence,,0,mp-votes.html#mp-4608,No recorded activity on this area (ledger from 2026-02-03),,
"John McDonnell (Labour, Hayes and Harlington)",,,1,,,,no evidence,,0,mp-votes.html#mp-178,No recorded activity on this area (ledger from 2026-02-03),,
"John Slinger (Labour, Rugby)",,,1,,,,no evidence,,0,mp-votes.html#mp-5127,No recorded activity on this area (ledger from 2026-02-03),,
"Jon Pearce (Labour, High Peak)",,,1,,,,no evidence,,0,mp-votes.html#mp-5115,No recorded activity on this area (ledger from 2026-02-03),,
"Jon Trickett (Labour, Normanton and Hemsworth)",,,1,,,,no evidence,,0,mp-votes.html#mp-410,No recorded activity on this area (ledger from 2026-02-03),,
"Jonathan Davies (Labour, Mid Derbyshire)",,,1,,,,no evidence,,0,mp-votes.html#mp-5256,No recorded activity on this area (ledger from 2026-02-03),,
"Jonathan Hinder (Labour, Pendle and Clitheroe)",,,1,,,,no evidence,,0,mp-votes.html#mp-5264,No recorded activity on this area (ledger from 2026-02-03),,
"Jonathan Reynolds (Labour (Co-op), Stalybridge and Hyde)",,,1,,,,no evidence,,0,mp-votes.html#mp-4119,No recorded activity on this area (ledger from 2026-02-03),,
"Josh Babarinde (Liberal Democrat, Eastbourne)",,,1,,,,no evidence,,0,mp-votes.html#mp-5086,No recorded activity on this area (ledger from 2026-02-03),,
"Josh Dean (Labour, Hertford and Stortford)",,,1,,,,no evidence,,0,mp-votes.html#mp-5187,No recorded activity on this area (ledger from 2026-02-03),,
"Josh Fenton-Glynn (Labour, Calder Valley)",,,1,,,,no evidence,,0,mp-votes.html#mp-5295,No recorded activity on this area (ledger from 2026-02-03),,
"Josh MacAlister (Labour, Whitehaven and Workington)",,,1,,,,no evidence,,0,mp-votes.html#mp-5033,No recorded activity on this area (ledger from 2026-02-03),,
"Josh Newbury (Labour, Cannock Chase)",,,1,,,,no evidence,,0,mp-votes.html#mp-5034,No recorded activity on this area (ledger from 2026-02-03),,
"Judith Cummins (Labour, Bradford South)",,,1,,,,no evidence,,0,mp-votes.html#mp-4391,No recorded activity on this area (ledger from 2026-02-03),,
"Julia Buckley (Labour, Shrewsbury)",,,1,,,,no evidence,,0,mp-votes.html#mp-5171,No recorded activity on this area (ledger from 2026-02-03),,
"Julia Lopez (Conservative, Hornchurch and Upminster)",,,1,,,,no evidence,,0,mp-votes.html#mp-4647,No recorded activity on this area (ledger from 2026-02-03),,
"Juliet Campbell (Labour, Broxtowe)",,,1,,,,no evidence,,0,mp-votes.html#mp-5058,No recorded activity on this area (ledger from 2026-02-03),,
"Justin Madders (Labour, Ellesmere Port and Bromborough)",,,1,,,,no evidence,,0,mp-votes.html#mp-4418,No recorded activity on this area (ledger from 2026-02-03),,
"Kanishka Narayan (Labour, Vale of Glamorgan)",,,1,,,,no evidence,,0,mp-votes.html#mp-5039,No recorded activity on this area (ledger from 2026-02-03),,
"Karin Smyth (Labour, Bristol South)",,,1,,,,no evidence,,0,mp-votes.html#mp-4444,No recorded activity on this area (ledger from 2026-02-03),,
"Karl Turner (Independent, Kingston upon Hull East)",,,1,,,,no evidence,,0,mp-votes.html#mp-4030,No recorded activity on this area (ledger from 2026-02-03),,
"Kate Dearden (Labour (Co-op), Halifax)",,,1,,,,no evidence,,0,mp-votes.html#mp-5224,No recorded activity on this area (ledger from 2026-02-03),,
"Kate Osamor (Labour (Co-op), Edmonton and Winchmore Hill)",,,1,,,,no evidence,,0,mp-votes.html#mp-4515,No recorded activity on this area (ledger from 2026-02-03),,
"Katie Lam (Conservative, Weald of Kent)",,,1,,,,no evidence,,0,mp-votes.html#mp-5285,No recorded activity on this area (ledger from 2026-02-03),,
"Katie White (Labour, Leeds North West)",,,1,,,,no evidence,,0,mp-votes.html#mp-5260,No recorded activity on this area (ledger from 2026-02-03),,
"Katrina Murray (Labour, Cumbernauld and Kirkintilloch)",,,1,,,,no evidence,,0,mp-votes.html#mp-5309,No recorded activity on this area (ledger from 2026-02-03),,
"Keir Mather (Labour, Selby)",,,1,,,,no evidence,,0,mp-votes.html#mp-4993,No recorded activity on this area (ledger from 2026-02-03),,
"Kenneth Stevenson (Labour, Airdrie and Shotts)",,,1,,,,no evidence,,0,mp-votes.html#mp-5200,No recorded activity on this area (ledger from 2026-02-03),,
"Kerry McCarthy (Labour, Bristol East)",,,1,,,,no evidence,,0,mp-votes.html#mp-1491,No recorded activity on this area (ledger from 2026-02-03),,
"Kevin Bonavia (Labour, Stevenage)",,,1,,,,no evidence,,0,mp-votes.html#mp-5051,No recorded activity on this area (ledger from 2026-02-03),,
"Kevin Hollinrake (Conservative, Thirsk and Malton)",,,1,,,,no evidence,,0,mp-votes.html#mp-4474,No recorded activity on this area (ledger from 2026-02-03),,
"Kevin McKenna (Labour, Sittingbourne and Sheppey)",,,1,,,,no evidence,,0,mp-votes.html#mp-5300,No recorded activity on this area (ledger from 2026-02-03),,
"Kim Leadbeater (Labour, Spen Valley)",,,1,,,,no evidence,,0,mp-votes.html#mp-4923,No recorded activity on this area (ledger from 2026-02-03),,
"Kirith Entwistle (Labour, Bolton North East)",,,1,,,,no evidence,,0,mp-votes.html#mp-5095,No recorded activity on this area (ledger from 2026-02-03),,
"Kirsteen Sullivan (Labour (Co-op), Bathgate and Linlithgow)",,,1,,,,no evidence,,0,mp-votes.html#mp-5179,No recorded activity on this area (ledger from 2026-02-03),,
"Kirsty McNeill (Labour (Co-op), Midlothian)",,,1,,,,no evidence,,0,mp-votes.html#mp-5114,No recorded activity on this area (ledger from 2026-02-03),,
"Lara Bird (Scottish National Party, Arbroath and Broughty Ferry)",,,1,,,,no evidence,,0,mp-votes.html#mp-5449,No recorded activity on this area (ledger from 2026-02-03),,
"Laura Kyrke-Smith (Labour, Aylesbury)",,,1,,,,no evidence,,0,mp-votes.html#mp-5341,No recorded activity on this area (ledger from 2026-02-03),,
"Laura Trott (Conservative, Sevenoaks)",,,1,,,,no evidence,,0,mp-votes.html#mp-4780,No recorded activity on this area (ledger from 2026-02-03),,
"Lauren Edwards (Labour, Rochester and Strood)",,,1,,,,no evidence,,0,mp-votes.html#mp-5298,No recorded activity on this area (ledger from 2026-02-03),,
"Laurence Turner (Labour, Birmingham Northfield)",,,1,,,,no evidence,,0,mp-votes.html#mp-5234,No recorded activity on this area (ledger from 2026-02-03),,
"Lee Barron (Labour, Corby and East Northamptonshire)",,,1,,,,no evidence,,0,mp-votes.html#mp-5315,No recorded activity on this area (ledger from 2026-02-03),,
"Lee Pitcher (Labour, Doncaster East and the Isle of Axholme)",,,1,,,,no evidence,,0,mp-votes.html#mp-5233,No recorded activity on this area (ledger from 2026-02-03),,
"Leigh Ingham (Labour, Stafford)",,,1,,,,no evidence,,0,mp-votes.html#mp-5290,No recorded activity on this area (ledger from 2026-02-03),,
"Lewis Atkinson (Labour, Sunderland Central)",,,1,,,,no evidence,,0,mp-votes.html#mp-5028,No recorded activity on this area (ledger from 2026-02-03),,
"Liam Byrne (Labour, Birmingham Hodge Hill and Solihull North)",,,1,,,,no evidence,,0,mp-votes.html#mp-1171,No recorded activity on this area (ledger from 2026-02-03),,
"Liam Conlon (Labour, Beckenham and Penge)",,,1,,,,no evidence,,0,mp-votes.html#mp-5132,No recorded activity on this area (ledger from 2026-02-03),,
"Lilian Greenwood (Labour, Nottingham South)",,,1,,,,no evidence,,0,mp-votes.html#mp-4029,No recorded activity on this area (ledger from 2026-02-03),,
"Lillian Jones (Labour, Kilmarnock and Loudoun)",,,1,,,,no evidence,,0,mp-votes.html#mp-5043,No recorded activity on this area (ledger from 2026-02-03),,
"Lincoln Jopp (Conservative, Spelthorne)",,,1,,,,no evidence,,0,mp-votes.html#mp-5332,No recorded activity on this area (ledger from 2026-02-03),,
"Linsey Farnsworth (Labour, Amber Valley)",,,1,,,,no evidence,,0,mp-votes.html#mp-5107,No recorded activity on this area (ledger from 2026-02-03),,
"Lisa Smart (Liberal Democrat, Hazel Grove)",,,1,,,,no evidence,,0,mp-votes.html#mp-5070,No recorded activity on this area (ledger from 2026-02-03),,
"Liz Jarvis (Liberal Democrat, Eastleigh)",,,1,,,,no evidence,,0,mp-votes.html#mp-5040,No recorded activity on this area (ledger from 2026-02-03),,
"Liz Kendall (Labour, Leicester West)",,,1,,,,no evidence,,0,mp-votes.html#mp-4026,No recorded activity on this area (ledger from 2026-02-03),,
"Liz Saville Roberts (Plaid Cymru, Dwyfor Meirionnydd)",,,1,,,,no evidence,,0,mp-votes.html#mp-4521,No recorded activity on this area (ledger from 2026-02-03),,
"Liz Twist (Labour, Blaydon and Consett)",,,1,,,,no evidence,,0,mp-votes.html#mp-4618,No recorded activity on this area (ledger from 2026-02-03),,
"Llinos Medi (Plaid Cymru, Ynys Môn)",,,1,,,,no evidence,,0,mp-votes.html#mp-5085,No recorded activity on this area (ledger from 2026-02-03),,
"Lloyd Hatton (Labour, South Dorset)",,,1,,,,no evidence,,0,mp-votes.html#mp-5217,No recorded activity on this area (ledger from 2026-02-03),,
"Lola McEvoy (Labour, Darlington)",,,1,,,,no evidence,,0,mp-votes.html#mp-5037,No recorded activity on this area (ledger from 2026-02-03),,
"Lorraine Beavers (Labour, Blackpool North and Fleetwood)",,,1,,,,no evidence,,0,mp-votes.html#mp-5232,No recorded activity on this area (ledger from 2026-02-03),,
"Louise Haigh (Labour, Sheffield Heeley)",,,1,,,,no evidence,,0,mp-votes.html#mp-4473,No recorded activity on this area (ledger from 2026-02-03),,
"Louise Sandher-Jones (Labour, North East Derbyshire)",,,1,,,,no evidence,,0,mp-votes.html#mp-5258,No recorded activity on this area (ledger from 2026-02-03),,
"Lucy Rigby (Labour, Northampton North)",,,1,,,,no evidence,,0,mp-votes.html#mp-5333,No recorded activity on this area (ledger from 2026-02-03),,
"Luke Akehurst (Labour, North Durham)",,,1,,,,no evidence,,0,mp-votes.html#mp-5112,No recorded activity on this area (ledger from 2026-02-03),,
"Luke Murphy (Labour, Basingstoke)",,,1,,,,no evidence,,0,mp-votes.html#mp-5248,No recorded activity on this area (ledger from 2026-02-03),,
"Luke Myer (Labour, Middlesbrough South and East Cleveland)",,,1,,,,no evidence,,0,mp-votes.html#mp-5147,No recorded activity on this area (ledger from 2026-02-03),,
"Luke Taylor (Liberal Democrat, Sutton and Cheam)",,,1,,,,no evidence,,0,mp-votes.html#mp-5103,No recorded activity on this area (ledger from 2026-02-03),,
"Manuela Perteghella (Liberal Democrat, Stratford-on-Avon)",,,1,,,,no evidence,,0,mp-votes.html#mp-5122,No recorded activity on this area (ledger from 2026-02-03),,
"Margaret Mullane (Labour, Dagenham and Rainham)",,,1,,,,no evidence,,0,mp-votes.html#mp-5272,No recorded activity on this area (ledger from 2026-02-03),,
"Maria Eagle (Labour, Liverpool Garston)",,,1,,,,no evidence,,0,mp-votes.html#mp-483,No recorded activity on this area (ledger from 2026-02-03),,
"Marie Goldman (Liberal Democrat, Chelmsford)",,,1,,,,no evidence,,0,mp-votes.html#mp-5073,No recorded activity on this area (ledger from 2026-02-03),,
"Mark Ferguson (Labour, Gateshead Central and Whickham)",,,1,,,,no evidence,,0,mp-votes.html#mp-5031,No recorded activity on this area (ledger from 2026-02-03),,
"Mark Garnier (Conservative, Wyre Forest)",,,1,,,,no evidence,,0,mp-votes.html#mp-4074,No recorded activity on this area (ledger from 2026-02-03),,
"Mark Pritchard (Conservative, The Wrekin)",,,1,,,,no evidence,,0,mp-votes.html#mp-1576,No recorded activity on this area (ledger from 2026-02-03),,
"Mark Sewards (Labour, Leeds South West and Morley)",,,1,,,,no evidence,,0,mp-votes.html#mp-5166,No recorded activity on this area (ledger from 2026-02-03),,
"Markus Campbell-Savours (Labour, Penrith and Solway)",,,1,,,,no evidence,,0,mp-votes.html#mp-5124,No recorded activity on this area (ledger from 2026-02-03),,
"Marsha De Cordova (Labour, Battersea)",,,1,,,,no evidence,,0,mp-votes.html#mp-4676,No recorded activity on this area (ledger from 2026-02-03),,
"Martin McCluskey (Labour, Inverclyde and Renfrewshire West)",,,1,,,,no evidence,,0,mp-votes.html#mp-5129,No recorded activity on this area (ledger from 2026-02-03),,
"Martin Rhodes (Labour, Glasgow North)",,,1,,,,no evidence,,0,mp-votes.html#mp-5251,No recorded activity on this area (ledger from 2026-02-03),,
"Martin Vickers (Conservative, Brigg and Immingham)",,,1,,,,no evidence,,0,mp-votes.html#mp-3957,No recorded activity on this area (ledger from 2026-02-03),,
"Mary Creagh (Labour, Coventry East)",,,1,,,,no evidence,,0,mp-votes.html#mp-1579,No recorded activity on this area (ledger from 2026-02-03),,
"Mary Glindon (Labour, Newcastle upon Tyne East and Wallsend)",,,1,,,,no evidence,,0,mp-votes.html#mp-4126,No recorded activity on this area (ledger from 2026-02-03),,
"Matt Bishop (Labour, Forest of Dean)",,,1,,,,no evidence,,0,mp-votes.html#mp-5323,No recorded activity on this area (ledger from 2026-02-03),,
"Matt Rodda (Labour, Reading Central)",,,1,,,,no evidence,,0,mp-votes.html#mp-4654,No recorded activity on this area (ledger from 2026-02-03),,
"Matt Turmaine (Labour, Watford)",,,1,,,,no evidence,,0,mp-votes.html#mp-5130,No recorded activity on this area (ledger from 2026-02-03),,
"Matt Western (Labour, Warwick and Leamington)",,,1,,,,no evidence,,0,mp-votes.html#mp-4617,No recorded activity on this area (ledger from 2026-02-03),,
"Matthew Patrick (Labour, Wirral West)",,,1,,,,no evidence,,0,mp-votes.html#mp-5162,No recorded activity on this area (ledger from 2026-02-03),,
"Matthew Pennycook (Labour, Greenwich and Woolwich)",,,1,,,,no evidence,,0,mp-votes.html#mp-4520,No recorded activity on this area (ledger from 2026-02-03),,
"Maureen Burke (Labour, Glasgow North East)",,,1,,,,no evidence,,0,mp-votes.html#mp-5137,No recorded activity on this area (ledger from 2026-02-03),,
"Max Wilkinson (Liberal Democrat, Cheltenham)",,,1,,,,no evidence,,0,mp-votes.html#mp-5055,No recorded activity on this area (ledger from 2026-02-03),,
"Maya Ellis (Labour, Ribble Valley)",,,1,,,,no evidence,,0,mp-votes.html#mp-5228,No recorded activity on this area (ledger from 2026-02-03),,
"Melanie Onn (Labour, Great Grimsby and Cleethorpes)",,,1,,,,no evidence,,0,mp-votes.html#mp-4464,No recorded activity on this area (ledger from 2026-02-03),,
"Melanie Ward (Labour, Cowdenbeath and Kirkcaldy)",,,1,,,,no evidence,,0,mp-votes.html#mp-5240,No recorded activity on this area (ledger from 2026-02-03),,
"Miatta Fahnbulleh (Labour (Co-op), Peckham)",,,1,,,,no evidence,,0,mp-votes.html#mp-5099,No recorded activity on this area (ledger from 2026-02-03),,
"Michael Payne (Labour, Gedling)",,,1,,,,no evidence,,0,mp-votes.html#mp-5146,No recorded activity on this area (ledger from 2026-02-03),,
"Michael Shanks (Labour, Rutherglen)",,,1,,,,no evidence,,0,mp-votes.html#mp-4998,No recorded activity on this area (ledger from 2026-02-03),,
"Michael Wheeler (Labour, Worsley and Eccles)",,,1,,,,no evidence,,0,mp-votes.html#mp-5242,No recorded activity on this area (ledger from 2026-02-03),,
"Michelle Scrogham (Labour, Barrow and Furness)",,,1,,,,no evidence,,0,mp-votes.html#mp-5049,No recorded activity on this area (ledger from 2026-02-03),,
"Michelle Welsh (Labour, Sherwood Forest)",,,1,,,,no evidence,,0,mp-votes.html#mp-5226,No recorded activity on this area (ledger from 2026-02-03),,
"Mike Kane (Labour, Wythenshawe and Sale East)",,,1,,,,no evidence,,0,mp-votes.html#mp-4316,No recorded activity on this area (ledger from 2026-02-03),,
"Mike Martin (Liberal Democrat, Tunbridge Wells)",,,1,,,,no evidence,,0,mp-votes.html#mp-5219,No recorded activity on this area (ledger from 2026-02-03),,
"Mike Reader (Labour, Northampton South)",,,1,,,,no evidence,,0,mp-votes.html#mp-5316,No recorded activity on this area (ledger from 2026-02-03),,
"Mike Tapp (Labour, Dover and Deal)",,,1,,,,no evidence,,0,mp-votes.html#mp-5266,No recorded activity on this area (ledger from 2026-02-03),,
"Mike Wood (Conservative, Kingswinford and South Staffordshire)",,,1,,,,no evidence,,0,mp-votes.html#mp-4384,No recorded activity on this area (ledger from 2026-02-03),,
"Mohammad Yasin (Labour, Bedford)",,,1,,,,no evidence,,0,mp-votes.html#mp-4598,No recorded activity on this area (ledger from 2026-02-03),,
"Mr Adnan Hussain (Independent, Blackburn)",,,1,,,,no evidence,,0,mp-votes.html#mp-5231,No recorded activity on this area (ledger from 2026-02-03),,
"Mr Alex Barros-Curtis (Labour, Cardiff West)",,,1,,,,no evidence,,0,mp-votes.html#mp-5175,No recorded activity on this area (ledger from 2026-02-03),,
"Mr Alistair Carmichael (Liberal Democrat, Orkney and Shetland)",,,1,,,,no evidence,,0,mp-votes.html#mp-1442,No recorded activity on this area (ledger from 2026-02-03),,
"Mr Angus MacDonald (Liberal Democrat, Inverness, Skye and West Ross-shire)",,,1,,,,no evidence,,0,mp-votes.html#mp-5362,No recorded activity on this area (ledger from 2026-02-03),,
"Mr Bayo Alaba (Independent, Southend East and Rochford)",,,1,,,,no evidence,,0,mp-votes.html#mp-5097,No recorded activity on this area (ledger from 2026-02-03),,
"Mr Calvin Bailey (Labour, Leyton and Wanstead)",,,1,,,,no evidence,,0,mp-votes.html#mp-5054,No recorded activity on this area (ledger from 2026-02-03),,
"Mr Cathal Mallaghan (Sinn Féin, Mid Ulster)",,,1,,,,no evidence,,0,mp-votes.html#mp-5153,No recorded activity on this area (ledger from 2026-02-03),,
"Mr Clive Betts (Labour, Sheffield South East)",,,1,,,,no evidence,,0,mp-votes.html#mp-394,No recorded activity on this area (ledger from 2026-02-03),,
"Mr Connor Rand (Labour, Altrincham and Sale West)",,,1,,,,no evidence,,0,mp-votes.html#mp-5159,No recorded activity on this area (ledger from 2026-02-03),,
"Mr Douglas Alexander (Labour (Co-op), Lothian East)",,,1,,,,no evidence,,0,mp-votes.html#mp-632,No recorded activity on this area (ledger from 2026-02-03),,
"Mr Gagan Mohindra (Conservative, South West Hertfordshire)",,,1,,,,no evidence,,0,mp-votes.html#mp-4804,No recorded activity on this area (ledger from 2026-02-03),,
"Mr Gregory Campbell (Democratic Unionist Party, East Londonderry)",,,1,,,,no evidence,,0,mp-votes.html#mp-1409,No recorded activity on this area (ledger from 2026-02-03),,
"Mr James Frith (Labour, Bury North)",,,1,,,,no evidence,,0,mp-votes.html#mp-4637,No recorded activity on this area (ledger from 2026-02-03),,
"Mr Jonathan Brash (Labour, Hartlepool)",,,1,,,,no evidence,,0,mp-votes.html#mp-5045,No recorded activity on this area (ledger from 2026-02-03),,
"Mr Joshua Reynolds (Liberal Democrat, Maidenhead)",,,1,,,,no evidence,,0,mp-votes.html#mp-5343,No recorded activity on this area (ledger from 2026-02-03),,
"Mr Lee Dillon (Liberal Democrat, Newbury)",,,1,,,,no evidence,,0,mp-votes.html#mp-5310,No recorded activity on this area (ledger from 2026-02-03),,
"Mr Luke Charters (Labour, York Outer)",,,1,,,,no evidence,,0,mp-votes.html#mp-5199,No recorded activity on this area (ledger from 2026-02-03),,
"Mr Mark Francois (Conservative, Rayleigh and Wickford)",,,1,,,,no evidence,,0,mp-votes.html#mp-1444,No recorded activity on this area (ledger from 2026-02-03),,
"Mr Paul Foster (Labour, South Ribble)",,,1,,,,no evidence,,0,mp-votes.html#mp-5074,No recorded activity on this area (ledger from 2026-02-03),,
"Mr Paul Kohler (Liberal Democrat, Wimbledon)",,,1,,,,no evidence,,0,mp-votes.html#mp-5321,No recorded activity on this area (ledger from 2026-02-03),,
"Mr Peter Bedford (Conservative, Mid Leicestershire)",,,1,,,,no evidence,,0,mp-votes.html#mp-5330,No recorded activity on this area (ledger from 2026-02-03),,
"Mr Richard Holden (Conservative, Basildon and Billericay)",,,1,,,,no evidence,,0,mp-votes.html#mp-4813,No recorded activity on this area (ledger from 2026-02-03),,
"Mr Tanmanjeet Singh Dhesi (Labour, Slough)",,,1,,,,no evidence,,0,mp-votes.html#mp-4638,No recorded activity on this area (ledger from 2026-02-03),,
"Mr Toby Perkins (Labour, Chesterfield)",,,1,,,,no evidence,,0,mp-votes.html#mp-3952,No recorded activity on this area (ledger from 2026-02-03),,
"Mr Will Forster (Liberal Democrat, Woking)",,,1,,,,no evidence,,0,mp-votes.html#mp-5322,No recorded activity on this area (ledger from 2026-02-03),,
"Mrs Elsie Blundell (Labour, Heywood and Middleton North)",,,1,,,,no evidence,,0,mp-votes.html#mp-5084,No recorded activity on this area (ledger from 2026-02-03),,
"Ms Abena Oppong-Asare (Labour, Erith and Thamesmead)",,,1,,,,no evidence,,0,mp-votes.html#mp-4820,No recorded activity on this area (ledger from 2026-02-03),,
"Ms Diane Abbott (Labour, Hackney North and Stoke Newington)",,,1,,,,no evidence,,0,mp-votes.html#mp-172,No recorded activity on this area (ledger from 2026-02-03),,
"Ms Julie Minns (Labour, Carlisle)",,,1,,,,no evidence,,0,mp-votes.html#mp-5094,No recorded activity on this area (ledger from 2026-02-03),,
"Ms Marie Rimmer (Labour, St Helens South and Whiston)",,,1,,,,no evidence,,0,mp-votes.html#mp-4457,No recorded activity on this area (ledger from 2026-02-03),,
"Ms Nusrat Ghani (Conservative, Sussex Weald)",,,1,,,,no evidence,,0,mp-votes.html#mp-4460,No recorded activity on this area (ledger from 2026-02-03),,
"Ms Polly Billington (Labour, East Thanet)",,,1,,,,no evidence,,0,mp-votes.html#mp-5123,No recorded activity on this area (ledger from 2026-02-03),,
"Natalie Fleet (Labour, Bolsover)",,,1,,,,no evidence,,0,mp-votes.html#mp-5053,No recorded activity on this area (ledger from 2026-02-03),,
"Natasha Irons (Labour, Croydon East)",,,1,,,,no evidence,,0,mp-votes.html#mp-5119,No recorded activity on this area (ledger from 2026-02-03),,
"Naushabah Khan (Labour, Gillingham and Rainham)",,,1,,,,no evidence,,0,mp-votes.html#mp-5215,No recorded activity on this area (ledger from 2026-02-03),,
"Navendu Mishra (Labour, Stockport)",,,1,,,,no evidence,,0,mp-votes.html#mp-4811,No recorded activity on this area (ledger from 2026-02-03),,
"Neil Duncan-Jordan (Labour, Poole)",,,1,,,,no evidence,,0,mp-votes.html#mp-5359,No recorded activity on this area (ledger from 2026-02-03),,
"Nesil Caliskan (Labour, Barking)",,,1,,,,no evidence,,0,mp-votes.html#mp-5180,No recorded activity on this area (ledger from 2026-02-03),,
"Nick Smith (Labour, Blaenau Gwent and Rhymney)",,,1,,,,no evidence,,0,mp-votes.html#mp-3928,No recorded activity on this area (ledger from 2026-02-03),,
"Nick Timothy (Conservative, West Suffolk)",,,1,,,,no evidence,,0,mp-votes.html#mp-5062,No recorded activity on this area (ledger from 2026-02-03),,
"Nigel Farage (Reform UK, Clacton)",,,1,,,,no evidence,,0,mp-votes.html#mp-5091,No recorded activity on this area (ledger from 2026-02-03),,
"Noah Law (Labour, St Austell and Newquay)",,,1,,,,no evidence,,0,mp-votes.html#mp-5302,No recorded activity on this area (ledger from 2026-02-03),,
"Oliver Ryan (Labour (Co-op), Burnley)",,,1,,,,no evidence,,0,mp-votes.html#mp-5135,No recorded activity on this area (ledger from 2026-02-03),,
"Olivia Blake (Labour, Sheffield Hallam)",,,1,,,,no evidence,,0,mp-votes.html#mp-4864,No recorded activity on this area (ledger from 2026-02-03),,
"Olly Glover (Liberal Democrat, Didcot and Wantage)",,,1,,,,no evidence,,0,mp-votes.html#mp-5318,No recorded activity on this area (ledger from 2026-02-03),,
"Pam Cox (Labour, Colchester)",,,1,,,,no evidence,,0,mp-votes.html#mp-5042,No recorded activity on this area (ledger from 2026-02-03),,
"Pamela Nash (Labour, Motherwell, Wishaw and Carluke)",,,1,,,,no evidence,,0,mp-votes.html#mp-3909,No recorded activity on this area (ledger from 2026-02-03),,
"Pat Cullen (Sinn Féin, Fermanagh and South Tyrone)",,,1,,,,no evidence,,0,mp-votes.html#mp-5261,No recorded activity on this area (ledger from 2026-02-03),,
"Pat McFadden (Labour, Wolverhampton South East)",,,1,,,,no evidence,,0,mp-votes.html#mp-1587,No recorded activity on this area (ledger from 2026-02-03),,
"Patricia Ferguson (Labour, Glasgow West)",,,1,,,,no evidence,,0,mp-votes.html#mp-5190,No recorded activity on this area (ledger from 2026-02-03),,
"Patrick Hurley (Labour, Southport)",,,1,,,,no evidence,,0,mp-votes.html#mp-5052,No recorded activity on this area (ledger from 2026-02-03),,
"Patrick Spencer (Conservative, Central Suffolk and North Ipswich)",,,1,,,,no evidence,,0,mp-votes.html#mp-5303,No recorded activity on this area (ledger from 2026-02-03),,
"Paul Davies (Labour, Colne Valley)",,,1,,,,no evidence,,0,mp-votes.html#mp-5317,No recorded activity on this area (ledger from 2026-02-03),,
"Paul Holmes (Conservative, Hamble Valley)",,,1,,,,no evidence,,0,mp-votes.html#mp-4803,No recorded activity on this area (ledger from 2026-02-03),,
"Paul Maskey (Sinn Féin, Belfast West)",,,1,,,,no evidence,,0,mp-votes.html#mp-4245,No recorded activity on this area (ledger from 2026-02-03),,
"Paul Waugh (Labour (Co-op), Rochdale)",,,1,,,,no evidence,,0,mp-votes.html#mp-5071,No recorded activity on this area (ledger from 2026-02-03),,
"Paulette Hamilton (Labour, Birmingham Erdington)",,,1,,,,no evidence,,0,mp-votes.html#mp-4938,No recorded activity on this area (ledger from 2026-02-03),,
"Perran Moon (Labour, Camborne and Redruth)",,,1,,,,no evidence,,0,mp-votes.html#mp-5208,No recorded activity on this area (ledger from 2026-02-03),,
"Peter Fortune (Conservative, Bromley and Biggin Hill)",,,1,,,,no evidence,,0,mp-votes.html#mp-5209,No recorded activity on this area (ledger from 2026-02-03),,
"Peter Kyle (Labour, Hove and Portslade)",,,1,,,,no evidence,,0,mp-votes.html#mp-4505,No recorded activity on this area (ledger from 2026-02-03),,
"Peter Lamb (Labour, Crawley)",,,1,,,,no evidence,,0,mp-votes.html#mp-5345,No recorded activity on this area (ledger from 2026-02-03),,
"Peter Swallow (Labour, Bracknell)",,,1,,,,no evidence,,0,mp-votes.html#mp-5165,No recorded activity on this area (ledger from 2026-02-03),,
"Phil Brickell (Labour, Bolton West)",,,1,,,,no evidence,,0,mp-votes.html#mp-5128,No recorded activity on this area (ledger from 2026-02-03),,
"Pippa Heylings (Liberal Democrat, South Cambridgeshire)",,,1,,,,no evidence,,0,mp-votes.html#mp-5078,No recorded activity on this area (ledger from 2026-02-03),,
"Preet Kaur Gill (Labour (Co-op), Birmingham Edgbaston)",,,1,,,,no evidence,,0,mp-votes.html#mp-4603,No recorded activity on this area (ledger from 2026-02-03),,
"Rachael Maskell (Labour (Co-op), York Central)",,,1,,,,no evidence,,0,mp-votes.html#mp-4471,No recorded activity on this area (ledger from 2026-02-03),,
"Rachel Blake (Labour (Co-op), Cities of London and Westminster)",,,1,,,,no evidence,,0,mp-votes.html#mp-5257,No recorded activity on this area (ledger from 2026-02-03),,
"Rachel Gilmour (Liberal Democrat, Tiverton and Minehead)",,,1,,,,no evidence,,0,mp-votes.html#mp-5252,No recorded activity on this area (ledger from 2026-02-03),,
"Rachel Reeves (Labour, Leeds West and Pudsey)",,,1,,,,no evidence,,0,mp-votes.html#mp-4031,No recorded activity on this area (ledger from 2026-02-03),,
"Rebecca Harris (Conservative, Castle Point)",,,1,,,,no evidence,,0,mp-votes.html#mp-3948,No recorded activity on this area (ledger from 2026-02-03),,
"Rebecca Long Bailey (Labour, Salford)",,,1,,,,no evidence,,0,mp-votes.html#mp-4396,No recorded activity on this area (ledger from 2026-02-03),,
"Rebecca Smith (Conservative, South West Devon)",,,1,,,,no evidence,,0,mp-votes.html#mp-5301,No recorded activity on this area (ledger from 2026-02-03),,
"Richard Baker (Labour, Glenrothes and Mid Fife)",,,1,,,,no evidence,,0,mp-votes.html#mp-5253,No recorded activity on this area (ledger from 2026-02-03),,
"Richard Foord (Liberal Democrat, Honiton and Sidmouth)",,,1,,,,no evidence,,0,mp-votes.html#mp-4942,No recorded activity on this area (ledger from 2026-02-03),,
"Richard Quigley (Labour, Isle of Wight West)",,,1,,,,no evidence,,0,mp-votes.html#mp-5144,No recorded activity on this area (ledger from 2026-02-03),,
"Richard Tice (Reform UK, Boston and Skegness)",,,1,,,,no evidence,,0,mp-votes.html#mp-5161,No recorded activity on this area (ledger from 2026-02-03),,
"Robin Swann (Ulster Unionist Party, South Antrim)",,,1,,,,no evidence,,0,mp-votes.html#mp-5319,No recorded activity on this area (ledger from 2026-02-03),,
"Rosie Wrighting (Labour, Kettering)",,,1,,,,no evidence,,0,mp-votes.html#mp-5331,No recorded activity on this area (ledger from 2026-02-03),,
"Rupert Lowe (Restore Britain, Great Yarmouth)",,,1,,,,no evidence,,0,mp-votes.html#mp-5158,No recorded activity on this area (ledger from 2026-02-03),,
"Ruth Jones (Labour, Newport West and Islwyn)",,,1,,,,no evidence,,0,mp-votes.html#mp-4716,No recorded activity on this area (ledger from 2026-02-03),,
"Sadik Al-Hassan (Labour, North Somerset)",,,1,,,,no evidence,,0,mp-votes.html#mp-5312,No recorded activity on this area (ledger from 2026-02-03),,
"Sally Jameson (Labour (Co-op), Doncaster Central)",,,1,,,,no evidence,,0,mp-votes.html#mp-5178,No recorded activity on this area (ledger from 2026-02-03),,
"Samantha Dixon (Labour, Chester North and Neston)",,,1,,,,no evidence,,0,mp-votes.html#mp-4976,No recorded activity on this area (ledger from 2026-02-03),,
"Samantha Niblett (Labour, South Derbyshire)",,,1,,,,no evidence,,0,mp-votes.html#mp-5150,No recorded activity on this area (ledger from 2026-02-03),,
"Saqib Bhatti (Conservative, Meriden and Solihull East)",,,1,,,,no evidence,,0,mp-votes.html#mp-4818,No recorded activity on this area (ledger from 2026-02-03),,
"Sarah Bool (Conservative, South Northamptonshire)",,,1,,,,no evidence,,0,mp-votes.html#mp-5355,No recorded activity on this area (ledger from 2026-02-03),,
"Sarah Coombes (Labour, West Bromwich)",,,1,,,,no evidence,,0,mp-votes.html#mp-5088,No recorded activity on this area (ledger from 2026-02-03),,
"Sarah Gibson (Liberal Democrat, Chippenham)",,,1,,,,no evidence,,0,mp-votes.html#mp-5239,No recorded activity on this area (ledger from 2026-02-03),,
"Sarah Green (Liberal Democrat, Chesham and Amersham)",,,1,,,,no evidence,,0,mp-votes.html#mp-4918,No recorded activity on this area (ledger from 2026-02-03),,
"Sarah Hall (Labour (Co-op), Warrington South)",,,1,,,,no evidence,,0,mp-votes.html#mp-5154,No recorded activity on this area (ledger from 2026-02-03),,
"Sarah Jones (Labour, Croydon West)",,,1,,,,no evidence,,0,mp-votes.html#mp-4631,No recorded activity on this area (ledger from 2026-02-03),,
"Sarah Pochin (Reform UK, Runcorn and Helsby)",,,1,,,,no evidence,,0,mp-votes.html#mp-5403,No recorded activity on this area (ledger from 2026-02-03),,
"Sarah Russell (Labour, Congleton)",,,1,,,,no evidence,,0,mp-votes.html#mp-5324,No recorded activity on this area (ledger from 2026-02-03),,
"Sarah Smith (Labour, Hyndburn)",,,1,,,,no evidence,,0,mp-votes.html#mp-5117,No recorded activity on this area (ledger from 2026-02-03),,
"Satvir Kaur (Labour, Southampton Test)",,,1,,,,no evidence,,0,mp-votes.html#mp-5271,No recorded activity on this area (ledger from 2026-02-03),,
"Sean Woodcock (Labour, Banbury)",,,1,,,,no evidence,,0,mp-votes.html#mp-5328,No recorded activity on this area (ledger from 2026-02-03),,
"Seema Malhotra (Labour (Co-op), Feltham and Heston)",,,1,,,,no evidence,,0,mp-votes.html#mp-4253,No recorded activity on this area (ledger from 2026-02-03),,
"Shaun Davies (Labour, Telford)",,,1,,,,no evidence,,0,mp-votes.html#mp-5041,No recorded activity on this area (ledger from 2026-02-03),,
"Shivani Raja (Conservative, Leicester East)",,,1,,,,no evidence,,0,mp-votes.html#mp-5068,No recorded activity on this area (ledger from 2026-02-03),,
"Shockat Adam (Independent, Leicester South)",,,1,,,,no evidence,,0,mp-votes.html#mp-5120,No recorded activity on this area (ledger from 2026-02-03),,
"Simon Hoare (Conservative, North Dorset)",,,1,,,,no evidence,,0,mp-votes.html#mp-4494,No recorded activity on this area (ledger from 2026-02-03),,
"Simon Lightwood (Labour (Co-op), Wakefield and Rothwell)",,,1,,,,no evidence,,0,mp-votes.html#mp-4943,No recorded activity on this area (ledger from 2026-02-03),,
"Sir Alan Campbell (Labour, Tynemouth)",,,1,,,,no evidence,,0,mp-votes.html#mp-529,No recorded activity on this area (ledger from 2026-02-03),,
"Sir Alec Shelbrooke (Conservative, Wetherby and Easingwold)",,,1,,,,no evidence,,0,mp-votes.html#mp-3997,No recorded activity on this area (ledger from 2026-02-03),,
"Sir Andrew Mitchell (Conservative, Sutton Coldfield)",,,1,,,,no evidence,,0,mp-votes.html#mp-1211,No recorded activity on this area (ledger from 2026-02-03),,
"Sir Ashley Fox (Conservative, Bridgwater)",,,1,,,,no evidence,,0,mp-votes.html#mp-5101,No recorded activity on this area (ledger from 2026-02-03),,
"Sir Bernard Jenkin (Conservative, Harwich and North Essex)",,,1,,,,no evidence,,0,mp-votes.html#mp-40,No recorded activity on this area (ledger from 2026-02-03),,
"Sir Christopher Chope (Conservative, Christchurch)",,,1,,,,no evidence,,0,mp-votes.html#mp-242,No recorded activity on this area (ledger from 2026-02-03),,
"Sir Gavin Williamson (Conservative, Stone, Great Wyrley and Penkridge)",,,1,,,,no evidence,,0,mp-votes.html#mp-4108,No recorded activity on this area (ledger from 2026-02-03),,
"Sir Geoffrey Clifton-Brown (Conservative, North Cotswolds)",,,1,,,,no evidence,,0,mp-votes.html#mp-249,No recorded activity on this area (ledger from 2026-02-03),,
"Sir Geoffrey Cox (Conservative, Torridge and Tavistock)",,,1,,,,no evidence,,0,mp-votes.html#mp-1508,No recorded activity on this area (ledger from 2026-02-03),,
"Sir Jeremy Wright (Conservative, Kenilworth and Southam)",,,1,,,,no evidence,,0,mp-votes.html#mp-1560,No recorded activity on this area (ledger from 2026-02-03),,
"Sir John Whittingdale (Conservative, Maldon)",,,1,,,,no evidence,,0,mp-votes.html#mp-39,No recorded activity on this area (ledger from 2026-02-03),,
"Sir Julian Lewis (Conservative, New Forest East)",,,1,,,,no evidence,,0,mp-votes.html#mp-54,No recorded activity on this area (ledger from 2026-02-03),,
"Sir Lindsay Hoyle (Speaker, Chorley)",,,1,,,,no evidence,,0,mp-votes.html#mp-467,No recorded activity on this area (ledger from 2026-02-03),,
"Sir Mark Hendrick (Labour (Co-op), Preston)",,,1,,,,no evidence,,0,mp-votes.html#mp-473,No recorded activity on this area (ledger from 2026-02-03),,
"Sir Mark Tami (Labour, Alyn and Deeside)",,,1,,,,no evidence,,0,mp-votes.html#mp-1383,No recorded activity on this area (ledger from 2026-02-03),,
"Sir Oliver Dowden (Conservative, Hertsmere)",,,1,,,,no evidence,,0,mp-votes.html#mp-4441,No recorded activity on this area (ledger from 2026-02-03),,
"Sir Roger Gale (Conservative, Herne Bay and Sandwich)",,,1,,,,no evidence,,0,mp-votes.html#mp-87,No recorded activity on this area (ledger from 2026-02-03),,
"Sojan Joseph (Labour, Ashford)",,,1,,,,no evidence,,0,mp-votes.html#mp-5247,No recorded activity on this area (ledger from 2026-02-03),,
"Sonia Kumar (Labour, Dudley)",,,1,,,,no evidence,,0,mp-votes.html#mp-5274,No recorded activity on this area (ledger from 2026-02-03),,
"Sorcha Eastwood (Alliance, Lagan Valley)",,,1,,,,no evidence,,0,mp-votes.html#mp-5125,No recorded activity on this area (ledger from 2026-02-03),,
"Steff Aquarone (Liberal Democrat, North Norfolk)",,,1,,,,no evidence,,0,mp-votes.html#mp-5164,No recorded activity on this area (ledger from 2026-02-03),,
"Stephanie Peacock (Labour, Barnsley South)",,,1,,,,no evidence,,0,mp-votes.html#mp-4607,No recorded activity on this area (ledger from 2026-02-03),,
"Steve Barclay (Conservative, North East Cambridgeshire)",,,1,,,,no evidence,,0,mp-votes.html#mp-4095,No recorded activity on this area (ledger from 2026-02-03),,
"Steve Darling (Liberal Democrat, Torbay)",,,1,,,,no evidence,,0,mp-votes.html#mp-5066,No recorded activity on this area (ledger from 2026-02-03),,
"Steve Witherden (Labour, Montgomeryshire and Glyndŵr)",,,1,,,,no evidence,,0,mp-votes.html#mp-5221,No recorded activity on this area (ledger from 2026-02-03),,
"Steve Yemm (Labour, Mansfield)",,,1,,,,no evidence,,0,mp-votes.html#mp-5194,No recorded activity on this area (ledger from 2026-02-03),,
"Stuart Anderson (Conservative, South Shropshire)",,,1,,,,no evidence,,0,mp-votes.html#mp-4742,No recorded activity on this area (ledger from 2026-02-03),,
"Stuart Andrew (Conservative, Daventry)",,,1,,,,no evidence,,0,mp-votes.html#mp-4032,No recorded activity on this area (ledger from 2026-02-03),,
"Sureena Brackenridge (Labour, Wolverhampton North East)",,,1,,,,no evidence,,0,mp-votes.html#mp-5152,No recorded activity on this area (ledger from 2026-02-03),,
"Susan Murray (Liberal Democrat, Mid Dunbartonshire)",,,1,,,,no evidence,,0,mp-votes.html#mp-5157,No recorded activity on this area (ledger from 2026-02-03),,
"Tahir Ali (Labour, Birmingham Hall Green and Moseley)",,,1,,,,no evidence,,0,mp-votes.html#mp-4747,No recorded activity on this area (ledger from 2026-02-03),,
"Taiwo Owatemi (Labour, Coventry North West)",,,1,,,,no evidence,,0,mp-votes.html#mp-4779,No recorded activity on this area (ledger from 2026-02-03),,
"Terry Jermy (Labour, South West Norfolk)",,,1,,,,no evidence,,0,mp-votes.html#mp-5338,No recorded activity on this area (ledger from 2026-02-03),,
"Tessa Munt (Liberal Democrat, Wells and Mendip Hills)",,,1,,,,no evidence,,0,mp-votes.html#mp-4089,No recorded activity on this area (ledger from 2026-02-03),,
"Tim Farron (Liberal Democrat, Westmorland and Lonsdale)",,,1,,,,no evidence,,0,mp-votes.html#mp-1591,No recorded activity on this area (ledger from 2026-02-03),,
"Tom Collins (Labour, Worcester)",,,1,,,,no evidence,,0,mp-votes.html#mp-5087,No recorded activity on this area (ledger from 2026-02-03),,
"Tom Gordon (Liberal Democrat, Harrogate and Knaresborough)",,,1,,,,no evidence,,0,mp-votes.html#mp-5032,No recorded activity on this area (ledger from 2026-02-03),,
"Tom Hayes (Labour, Bournemouth East)",,,1,,,,no evidence,,0,mp-votes.html#mp-5210,No recorded activity on this area (ledger from 2026-02-03),,
"Tom Morrison (Liberal Democrat, Cheadle)",,,1,,,,no evidence,,0,mp-votes.html#mp-5090,No recorded activity on this area (ledger from 2026-02-03),,
"Tom Rutland (Labour, East Worthing and Shoreham)",,,1,,,,no evidence,,0,mp-votes.html#mp-5222,No recorded activity on this area (ledger from 2026-02-03),,
"Tom Tugendhat (Conservative, Tonbridge)",,,1,,,,no evidence,,0,mp-votes.html#mp-4462,No recorded activity on this area (ledger from 2026-02-03),,
"Tonia Antoniazzi (Labour, Gower)",,,1,,,,no evidence,,0,mp-votes.html#mp-4623,No recorded activity on this area (ledger from 2026-02-03),,
"Tony Vaughan (Labour, Folkestone and Hythe)",,,1,,,,no evidence,,0,mp-votes.html#mp-5067,No recorded activity on this area (ledger from 2026-02-03),,
"Torcuil Crichton (Labour, Na h-Eileanan an Iar)",,,1,,,,no evidence,,0,mp-votes.html#mp-5246,No recorded activity on this area (ledger from 2026-02-03),,
"Torsten Bell (Labour, Swansea West)",,,1,,,,no evidence,,0,mp-votes.html#mp-5069,No recorded activity on this area (ledger from 2026-02-03),,
"Tristan Osborne (Labour, Chatham and Aylesford)",,,1,,,,no evidence,,0,mp-votes.html#mp-5220,No recorded activity on this area (ledger from 2026-02-03),,
"Tulip Siddiq (Labour, Hampstead and Highgate)",,,1,,,,no evidence,,0,mp-votes.html#mp-4518,No recorded activity on this area (ledger from 2026-02-03),,
"Uma Kumaran (Labour, Stratford and Bow)",,,1,,,,no evidence,,0,mp-votes.html#mp-5278,No recorded activity on this area (ledger from 2026-02-03),,
"Valerie Vaz (Labour, Walsall and Bloxwich)",,,1,,,,no evidence,,0,mp-votes.html#mp-4076,No recorded activity on this area (ledger from 2026-02-03),,
"Vicky Foxcroft (Labour, Lewisham North)",,,1,,,,no evidence,,0,mp-votes.html#mp-4491,No recorded activity on this area (ledger from 2026-02-03),,
"Victoria Collins (Liberal Democrat, Harpenden and Berkhamsted)",,,1,,,,no evidence,,0,mp-votes.html#mp-5201,No recorded activity on this area (ledger from 2026-02-03),,
"Vikki Slade (Liberal Democrat, Mid Dorset and North Poole)",,,1,,,,no evidence,,0,mp-votes.html#mp-5327,No recorded activity on this area (ledger from 2026-02-03),,
"Warinder Juss (Labour, Wolverhampton West)",,,1,,,,no evidence,,0,mp-votes.html#mp-5230,No recorded activity on this area (ledger from 2026-02-03),,
"Wendy Chamberlain (Liberal Democrat, North East Fife)",,,1,,,,no evidence,,0,mp-votes.html#mp-4765,No recorded activity on this area (ledger from 2026-02-03),,
"Will Stone (Labour, Swindon North)",,,1,,,,no evidence,,0,mp-votes.html#mp-5035,No recorded activity on this area (ledger from 2026-02-03),,
"Yuan Yang (Labour, Earley and Woodley)",,,1,,,,no evidence,,0,mp-votes.html#mp-5267,No recorded activity on this area (ledger from 2026-02-03),,
"Yvette Cooper (Labour, Pontefract, Castleford and Knottingley)",,,1,,,,no evidence,,0,mp-votes.html#mp-420,No recorded activity on this area (ledger from 2026-02-03),,
"Zarah Sultana (Your Party, Coventry South)",,,1,,,,no evidence,,0,mp-votes.html#mp-4786,No recorded activity on this area (ledger from 2026-02-03),,
"Zöe Franklin (Liberal Democrat, Guildford)",,,1,,,,no evidence,,0,mp-votes.html#mp-5313,No recorded activity on this area (ledger from 2026-02-03),,
"Órfhlaith Begley (Sinn Féin, West Tyrone)",,,1,,,,no evidence,,0,mp-votes.html#mp-4697,No recorded activity on this area (ledger from 2026-02-03),,
"Andy Slaughter (Labour, Hammersmith and Chiswick)",,,,1,,,"a speech, 5 years ago","thin (speeches only, and few of them directional)",4,mp-votes.html#mp-1516,"2022-01-27 DEBATE: Spoke: Humanist Marriages ""It is not only Labour that supports humanists and humanist marriages. As I said, colleagues from across the House support legal recognition of them—not just the Members who signed the letter that was published today but those who subscribed to speak in the..."" [0: Supports humanist marriage recognition; neutral effect on traditional marriage stance] | 2022-01-27 DEBATE: Spoke: Humanist Marriages ""“and that’s more than long enough. My Bill would bring about legal recognition of humanist marriages within three months of its passage, thus enabling the many who want a legally recognised humanist marriage to be able to have one now. It would not prevent..."" [0: Supports humanist marriage recognition, procedural family law matter not core to position] | 2021-11-19 DEBATE: Spoke: Marriage and Civil Partnership  (Minimum Age) Bill ""As we have heard, a 16 or 17-year-old in England and Wales can currently enter into marriage or civil partnership with parental consent. Looking at the bare figures, the number doing so is low. In 2018, fewer than 150 16 and 17-year-olds entered into..."" [-: Supports removing parental consent option for 16-17 year old marriage, reducing parental authority] | 2018-10-26 DEBATE: Spoke: Civil Partnerships, Marriages and Deaths (Registration Etc.) Bill ""The hon. Member for East Worthing and Shoreham has pursued these matters to a head, as he always does, without fear or favour, including with his Front-Bench colleagues. I also mention everybody at the Equal Civil Partnerships campaign and all those thousands..."" [-: Celebrates extending civil partnerships to opposite-sex couples, diluting traditional marriage framing]",,
"Sarah Sackman (Labour, Finchley and Golders Green)",,,,1,,,"a speech, 20 months ago","thin (speeches only, and few of them directional)",3,mp-votes.html#mp-5204,"2026-06-30 DEBATE: Spoke: Modernising Wills: Law Commission Report ""I commend my hon. Friend on his work, looking at how we can combat predatory marriages and those who prey on the vulnerable. The Law Commission’s recommendation that the rule that marriage revokes a will be abolished is well evidenced. We will take a holistic..."" [0: Discusses will law reform around predatory marriages, no clear family-policy stance] | 2026-03-12 DEBATE: Spoke: Marriage Regulations (re: marriage law) ""Let us turn to what the Government are doing to reform weddings law in England and Wales. As the right hon. Gentleman referenced, last year the Government announced the biggest overhaul of weddings law in England and Wales since the 19th century. Our planned..."" [0: Neutral discussion of weddings law modernisation, no clear traditional marriage stance] | 2025-02-04 DEBATE: Spoke:  Bereaved Parents: Birth Certificates (re: cohabitation reform) ""Let me turn to the wider issue of cohabitation reform. The subject that the hon. Member for South Devon raises and that others have raised today speak to the broader issues for cohabiting couples in our society who, under existing law, have only limited..."" [-: Frames cohabitation as normal alternative to marriage needing legal parity] | WAVERING: majority 4,581; 2 recent contributions not hostile",,
"Siân Berry (Green Party, Brighton Pavilion)",,,,1,,,"a question, 3 months ago",thin (weak evidence kinds only (questions or co-signatures)),3,mp-votes.html#mp-5314,"2026-06-29 PQ: Surrogacy ""Answer: The Government supports surrogacy as a part of assisted conception options and recognises the important part it can play in supporting people seeking to start a family. We will respond to the Law Commission’s legislative proposals on surrogacy as time..."" [-: Seeks confirmation surrogacy remains supported family building, favours commercial surrogacy] | 2026-06-29 PQ: Surrogacy ""To ask the Secretary of State for Health and Social Care, whether his Department intends to put forward the draft new Surrogacy Bill as prepared by the Law Commission of England and Wales and the Scottish Law Commission when legislative time allows, and..."" [0: Neutral inquiry about surrogacy bill timing, no direction shown] | 2026-06-29 PQ: Surrogacy ""To ask the Secretary of State for Health and Social Care, if he will confirm that his Department recognises surrogacy as a legitimate form of family creation; and whether his Department is committed to considering the recommendations of the Law Commission of..."" [-: Presses government to endorse surrogacy as legitimate, leaning against opposition to commercial surrogacy]",,
"Suella Braverman (Reform UK, Fareham and Waterlooville)",,,,1,,,"a speech, 9 years ago","thin (consistent speeches, but no vote on record; 1 contrary item on record)",3,mp-votes.html#mp-4475,"CONFLICTING SIGNALS - review all evidence | 2017-11-15 DEBATE: Spoke:  Family Justice Reform (re: no-fault divorce) ""The Court was bound to uphold the appeal and refuse the divorce, and held that it was down to Parliament to establish no-fault divorce. Scotland is an example of where it has worked well, not causing a long-term rise in divorce rates as feared. Divorce is..."" [-: Advocates no-fault divorce reform, easing marital dissolution] | 2017-03-28 DEBATE: Spoke:  Family Justice (re: family breakdown) ""First, as last week’s Court of Appeal case of Owens depressingly highlighted, England’s fault-based divorce law results in absurd outcomes. Despite being in a loveless marriage, the petitioner was unable to divorce her husband because of the archaic rules..."" [+: Bill promotes shared parenting and family court reform, supportive of family stability] | 2017-03-01 DEBATE: Spoke:  Fathers in the Family (re: family breakdown) ""To be clear, I am not condoning irresponsible fathers who do not pay their child support upon a divorce or family breakdown or, even worse, as I encounter frequently in my surgeries, fathers who deliberately change their employment status from salaried to..."" [+: Champions strong families and stable relationships as bedrock of society, defends fathers' role]",,
"Yasmin Qureshi (Labour, Bolton South and Walkden)",,,,1,,,"a speech, 9 years ago","thin (speeches only, and few of them directional)",3,mp-votes.html#mp-3924,"CONFLICTING SIGNALS - review all evidence | 2019-06-25 DEBATE: Spoke:  Divorce, Dissolution and Separation Bill (re: no-fault divorce) ""We understand that 1.7 million people currently use fault to get a divorce when fault is not the reality. Given that 90% of family lawyers represented by Resolution say that the current law makes it harder to reduce conflict between ex-partners and that 69%..."" [0: Summarising debate contributions on divorce reform without stating personal view] | 2017-11-15 DEBATE: Spoke:  Family Justice Reform (re: no-fault divorce) ""It is a pleasure to serve under your chairmanship, Ms Ryan. I congratulate the hon. Member for Fareham (Suella Fernandes) on securing the debate. Before I became a Member of Parliament I was a practising barrister and dealt with cases in the family courts...."" [-: Advocates no-fault divorce, easing marital dissolution, against traditional marriage support] | 2017-04-25 DEBATE: Spoke:  Grandparents' Rights: Access to Grandchildren (re: family breakdown) ""However, family relationships sometimes break down. Having worked in family law, I am well aware of the pain and distress that frequently accompanies family breakdown. At its most extreme, it results in children being taken into care. Where there is a..."" [+: Highlights value of family bonds and grandparents supporting children amid breakdown]",,
"Dave Robertson (Labour, Lichfield)",,,,1,,,"a speech, 2 weeks ago",thin (only 2 evidence items on record),2,mp-votes.html#mp-5126,"2026-09-07 DEBATE: Spoke: Surrogacy Law and Legal Parenthood ""In preparing for this debate, I heard worrying reports of surrogate mothers, often living in real poverty abroad, being pressed to sign legal agreements under extreme time pressure and without independent legal advice. That is far from being the case..."" [-: Advocates easing surrogacy legal process for intended parents, favouring surrogacy expansion] | 2026-09-07 DEBATE: Spoke: Surrogacy Law and Legal Parenthood ""If you give birth using a donor egg, you are considered to be the child’s mother in the eyes of the law. But if you cannot carry a baby, and if you and your partner have an embryo that is biologically yours carried by a surrogate, you are not considered to be..."" [-: Sympathetically presents petition seeking automatic legal parenthood for intended surrogacy parents]",,
"Mr David Lammy (Labour, Tottenham)",,,,1,,,"a speech, 6 years ago",thin (only 2 evidence items on record),2,mp-votes.html#mp-206,"2026-03-10 DEBATE: Spoke: Courts and Tribunals Bill (re: Law Commission) ""This Bill puts victims first, as well as delivering the swift justice that they deserve. It will also strengthen protections for victims in court. In response to a Law Commission recommendation, clauses 8 and 9 tighten the rules of evidence in sexual offences..."" [0: Procedural discussion of court reforms and victim protections, no family/marriage angle] | 2020-06-08 DEBATE: Spoke: Divorce, Dissolution and Separation Bill [Lords] (re: no-fault divorce) ""More broadly, the law as it stands discriminates against those on low incomes. For some who can afford to live separately, a no-fault divorce is perfectly viable, but others must make accusations of the other’s behaviour if they cannot afford such an..."" [-: Speaker defends no-fault divorce reform as sensible, easing marriage dissolution] | TARGETED: Tell David Lammy: No to assisted suicide (2024-11-19)",,
"Afzal Khan (Labour, Manchester Rusholme)",,,,1,,,"a speech, 8 years ago",thin (only 1 evidence item on record),1,mp-votes.html#mp-4671,"2019-01-28 DEBATE: Spoke:  Immigration and Social Security Co-ordination (EU Withdrawal) Bill ""Fourthly, the problem of accountability and transparency goes far beyond the Henry VIII clauses. The Tories have made it harder and harder to live as a family in this country, and my hon. Friend the Member for Birmingham, Edgbaston (Preet Kaur Gill) made the..."" [-: Opposes immigration bill's broad powers, criticises harsh effect on family life]",,
"Ashley Dalton (Labour, West Lancashire)",,,,1,,,"a speech, 3 years ago",thin (only 1 evidence item on record),1,mp-votes.html#mp-4981,"2024-03-07 DEBATE: Spoke: LGBT History Month (re: conversion therapy) ""It appears that the Government have no immediate plans to bring a ban on conversion practices to the House. Will the Minister tell us whether he supported the Bill last Friday? The Government may choose to sit on their draft conversion therapy Bill for fear..."" [-: Pressures government to advance conversion therapy ban, against therapy/religious freedom concerns]",,
"Christine Jardine (Liberal Democrat, Edinburgh West)",,,,1,,,"a speech, 19 months ago",thin (only 1 evidence item on record),1,mp-votes.html#mp-4634,"2025-02-13 DEBATE: Spoke:  LGBT+ History Month (re: Gender Recognition Act) ""The age of consent was finally equalised for gay and straight people in England, Scotland and Wales in 2000. Same-sex couples were recognised for the first time in 2004 with civil partnerships. In the same year, trans people gained formal recognition in law..."" [-: Celebrates trans legal recognition and LGBTQ history, leaning against sex-based single-sex space distinctions]",,
"Gerald Jones (Labour, Merthyr Tydfil and Aberdare)",,,,1,,,"a speech, 3 years ago",thin (only 1 evidence item on record),1,mp-votes.html#mp-4501,"2023-06-15 DEBATE: Spoke: Pride Month (re: Gender Recognition Act) ""The Civil Partnership Act 2004 gave same-sex couples almost identical rights as married straight couples, which was first time that the legal status of same-sex relationships was fully acknowledged in law, and the Gender Recognition Act 2004 allowed trans..."" [-: Positively frames Civil Partnership and Gender Recognition Acts, favouring expanded LGBT recognition]",,
"James Cartlidge (Conservative, South Suffolk)",,,,1,,,"a speech, 5 years ago",thin (only 1 evidence item on record),1,mp-votes.html#mp-4519,"2022-02-08 DEBATE: Spoke: Reform of Family Law (re: no-fault divorce) ""We are committed to reforming family law to reduce conflict, protect children and protect victims of domestic abuse. The Divorce, Dissolution and Separation Act 2020 will commence on 6 April. This is the biggest change to divorce law in 50 years and..."" [-: Promotes no-fault divorce reform, which weakens traditional marriage commitment framing]",,
"John Milne (Liberal Democrat, Horsham)",,,,1,,,"a speech, 2 weeks ago",thin (only 1 evidence item on record),1,mp-votes.html#mp-5329,"2026-09-07 DEBATE: Spoke: Surrogacy Law and Legal Parenthood ""Ian and Stuart, who are constituents of mine in Horsham, welcomed their daughter through surrogacy last October. Although Ian is the biological father, at birth it was the surrogate mother and, remarkably, her partner who were named as the child’s parents,..."" [-: Seeks smoother legal recognition for surrogacy parenthood, facilitating surrogacy arrangements]",,
"Kate Osborne (Labour, Jarrow and Gateshead East)",,,,1,,,"a speech, 19 months ago",thin (only 1 evidence item on record),1,mp-votes.html#mp-4783,"2025-02-13 DEBATE: Spoke:  LGBT+ History Month (re: Stonewall) ""I am proud that it was Labour that lifted the ban on lesbians, gay men and bi people serving in the armed forces, and introduced civil partnerships and laws to allow unmarried couples, including same-sex couples, to apply for joint adoption. I am proud that..."" [-: Celebrates redefinition of marriage and family via civil partnerships and same-sex adoption]",,
"Mrs Sharon Hodgson (Labour, Washington and Gateshead South)",,,,1,,,"a speech, 8 years ago",thin (only 1 evidence item on record),1,mp-votes.html#mp-1521,"2018-12-18 DEBATE: Spoke: Draft Human Fertilisation and Emryology Act 2008 (Remedial) Order 2018 

 Draft Human Fertilisation and Emryology (Parental Orders) Regulations 2018 (re: Law Commission) ""First, when will single people be able to apply for a parental order? As the Minister will be aware, many people have already been waiting years for the legislation to come forward and so will be very eager to start a family of their own. Can she provide an..."" [-: Supports extending parental orders to single applicants, expanding surrogacy-linked family law]",,
"Richard Burgon (Labour, Leeds East)",,,,1,,,"a speech, 7 years ago",thin (only 1 evidence item on record),1,mp-votes.html#mp-4493,"2019-06-25 DEBATE: Spoke:  Divorce, Dissolution and Separation Bill (re: no-fault divorce) ""I welcome the Bill. Labour supports the introduction of a no-fault divorce procedure, which we committed to in our 2017 general election manifesto, and we are pleased that the Government have acted, especially in the light of the troubling case of Owens v...."" [-: Welcomes and supports no-fault divorce bill, easing marriage dissolution]",,
"Seamus Logan (Scottish National Party, Aberdeenshire North and Moray East)",,,,1,,,"a speech, 11 months ago",thin (only 1 evidence item on record),1,mp-votes.html#mp-5280,"2025-10-20 DEBATE: Spoke: Asylum Seekers:  Support and Accommodation ""The following facts might sit uncomfortably with the people in my constituency who signed this petition, but facts they are. Our birth rate is falling. Our workforce size is decreasing—declining. Our older people are living longer and growing in number. Who..."" [-: Argues demographic need for migrants, undercuts restrictive migration position]",,
"Stephen Doughty (Labour (Co-op), Cardiff South and Penarth)",,,,1,,,"a speech, 3 years ago",thin (only 1 evidence item on record),1,mp-votes.html#mp-4264,"2024-03-07 DEBATE: Spoke: LGBT History Month (re: Stonewall) ""I am very proud that our party has set out a number of key commitments were we to form the next Government. We saw a radical reforming Labour Government in 1997 in this area that made huge changes, whether that was on section 28, civil partnerships or the..."" [-: Praises past LGBT reforms and implies support for conversion therapy ban commitments]",,
"Steve Race (Labour, Exeter)",,,,1,,,"a speech, 7 months ago",thin (only 1 evidence item on record),1,mp-votes.html#mp-5064,"2026-02-12 DEBATE: Spoke: LGBT+ History Month (re: Gender Recognition Act) ""Let me start by celebrating how far we have come. I was 14 when Labour came to power in 1997, and I already knew that I was gay. From 1997 onwards, I recognised that politics had a direct impact on my life. The John Major Government had already lowered but..."" [-: Celebrates Gender Recognition Act and civil partnerships, contrary to sex-based rights and traditional marriage stance]",,
"Tim Roca (Labour, Macclesfield)",,,,1,,,"a speech, 4 months ago",thin (only 1 evidence item on record),1,mp-votes.html#mp-5287,"2026-06-04 DEBATE: Spoke:  Pride Month (re: conversion practices) ""Colleagues have tabled an early-day motion calling for the guidance to be disapproved. I have genuine sympathy with their intention. Many are formidable campaigners for LGBT rights, and I respect them greatly. I have to be honest, however; the Supreme Court..."" [-: Praises LGBT+ hate crime campaign and Pride Month, supporting LGBT rights expansion]",,
"Wera Hobhouse (Liberal Democrat, Bath)",,,,1,,,"a speech, 7 years ago",thin (only 1 evidence item on record),1,mp-votes.html#mp-4602,"2019-06-25 DEBATE: Spoke:  Divorce, Dissolution and Separation Bill (re: no-fault divorce) ""There is much more that can be done to bring our marriage laws into the 21st century, as the hon. Member for Newton Abbot (Anne Marie Morris) said. We must recognise that marriage and civil partnerships are not for everyone and that young people who do get..."" [-: Speaks favourably of no-fault divorce as easing family conflict, against traditional marriage protection]",,
"Dame Nia Griffith (Labour, Llanelli)",,,,,1,,"a speech, 17 months ago","moderate (consistent speeches, but no vote on record)",4,mp-votes.html#mp-1541,"2025-04-24 DEBATE: Spoke: Lesbian Visibility Week (re: conversion practices) ""As we continue to work towards meaningful visibility and equality, it is also essential that we have legal clarity on the rights of women, including lesbian women, to single-sex spaces and services. Last week’s ruling by the Supreme Court in the case of For..."" [--: Praises the conversion practices ban and LGBT rights framing, opposing CitizenGO's concerns] | 2025-02-13 DEBATE: Spoke:  LGBT+ History Month (re: decriminalis) ""I am proud to say that the history of LGBT+ rights in this country is intertwined with the history of Labour in government. It was a Labour Government who decriminalised homosexuality in 1967, and a Labour Government who equalised the age of consent in 2000..."" [--: Celebrates LGBT rights milestones including same-sex marriage and Gender Recognition Act] | 2023-11-29 DEBATE: Spoke:  Section 28 Repeal: 20th Anniversary (re: Gender Recognition Act) ""Thankfully, the Labour Governments of 1997 to 2010 faced down fierce opposition and championed LGBT rights, including by repealing section 28. Not only did Labour repeal section 28, with the repeal taking effect on 18 November 2003, but we achieved an equal..."" [-: Celebrates repeal of Section 28 and equal marriage, departing from traditional marriage framing] | 2022-01-27 DEBATE: Spoke: Humanist Marriages (re: marriage law) ""Of course, where there is a will, there is a way. The hon. Member mentioned the use of statutory instruments; indeed, in good “Blue Peter” fashion, he has one that he had prepared earlier all ready for the Minister. However, there are of course many..."" [0: Debate on humanist marriage legislation reform; procedural argument, no clear family-policy alignment]",,
"Dame Caroline Dinenage (Conservative, Gosport)",,,,,1,,"a speech, 7 years ago","thin (speeches only, and few of them directional)",3,mp-votes.html#mp-4008,"2020-01-21 DEBATE: Spoke:  Surrogacy: Government Policy ""The UK is one of only a few countries in the world with a legislative framework for surrogacy. It is set out in primary legislation by the Surrogacy Arrangements Act 1985, with some aspects updated by the Human Fertilisation and Embryology Act 2008. Although..."" [--: Praises surrogacy as transformative and valuable for building families, endorsing expansion] | 2017-02-28 DEBATE: Spoke:  LGBT History Month (re: Gender Recognition Act) ""With the Equality Act 2010, the Gender Recognition Act 2004, and hate crime legislation, to name a few, we are immensely proud to have one of the world’s strongest legislative frameworks to prevent and tackle discrimination, including on the grounds of sexual..."" [-: Minister proudly champions Gender Recognition Act and LGBT equality framework] | 2015-06-23 DEBATE: Spoke: Topical Questions (re: Law Commission) ""Yes, marriage is one of our most important institutions and we need to make sure that any changes to the law are carried out with care. That is why we have asked the Law Commission to undertake a preliminary scoping study to prepare the way for potential..."" [0: Cautious procedural note on Law Commission review of marriage law, no direction]",,
"Apsana Begum (Labour, Poplar and Limehouse)",,,,,1,,"a speech, 4 months ago",thin (only 2 evidence items on record),2,mp-votes.html#mp-4790,"2026-05-14 DEBATE: Spoke: Getting Britain Working Again (re: conversion practices) ""Yet we are not seeing the transformative agenda that the country has been crying out for and that people who have always supported Labour want. We have seen policy U-turns, from winter fuel allowance to the lifting of the two-child limit, following..."" [--: Praises conversion practices ban and criticises immigration/asylum crackdown as alarming] | 2024-03-01 DEBATE: Spoke:  Conversion Practices (Prohibition) Bill ""A number of practices are illegal in this country, such as forced marriage, which is something that the LGBTQ community experience, including those who may also go through conversion therapy. That is wrong. Does my hon. Friend agree that the time to tackle..."" [--: Urges swift ban on conversion therapy, dismissing concerns about religious/therapy freedom]",,
"Olivia Bailey (Labour, Reading West and Mid Berkshire)",,,,,1,,"a speech, 3 months ago",thin (only 2 evidence items on record),2,mp-votes.html#mp-5337,"2026-06-25 DEBATE: Spoke: Draft Conversion Practices Bill ""We are also creating new conversion practice protection orders, to support victims as well as those at risk of abuse. These will be similar to protection orders for forced marriage and female genital mutilation, and can protect people even before abuse has..."" [--: Minister strongly promotes ban on conversion practices, framing dissent as abuse] | 2026-06-04 DEBATE: Spoke:  Pride Month (re: gender recognition) ""In this House, it was often a Labour Government who paved the way. A Labour Government repealed section 28, a Labour Government ended the disgraceful ban on LGBT people serving in our armed forces, a Labour Government introduced civil partnerships, adoption..."" [0: Neutral description of EHRC draft code following court ruling] | WAVERING: majority 1,361; 1 recent contribution not hostile",,
"Pete Wishart (Scottish National Party, Perth and Kinross-shire)",,,,,1,,"a speech, 10 months ago",thin (only 2 evidence items on record),2,mp-votes.html#mp-1440,"2025-11-26 DEBATE: Spoke: Asylum and Returns Policies ""This Government’s new heinous asylum and immigration policy marks a dark moment for many who have chosen Scotland to be their home, even leaving children born in Scotland at risk of deportation. I do not know if the Minister has noticed that we are facing a..."" [--: Calls government's asylum/immigration policy 'heinous', opposes stricter enforcement] | 2025-04-25 DEBATE: Spoke: Devolution (Immigration) (Scotland) Bill ""Therefore, given our falling birth rate, we are entirely dependent on immigration to keep our population at current levels, and maybe to increase it modestly for the prospects of economic growth. One of the few ambitions and commitments that this Government..."" [-: Argues UK is dependent on immigration and wants more inward migration]",,
"Wes Streeting (Labour, Ilford North)",,,,,1,,"a speech, 7 years ago",thin (only 2 evidence items on record),2,mp-votes.html#mp-4504,"2019-05-16 DEBATE: Spoke: International Day against Homophobia, Biphobia and Transphobia (re: Stonewall) ""Finally, as I consider tying the knot, I hope that one day, like my dear friends Ann Limb and Maggie Cook, who married this weekend in a Quaker ceremony, my own church might bless my marriage, even if it does not take place in a church."" [--: Advocates for same-sex marriage equality, hopes own church blesses same-sex marriage] | 2019-04-30 DEBATE: Spoke:  Overseas Students: English Language Tests (re: family breakdown) ""No one doubts that there was criminal behaviour and cheating, but it has been weeks since we were promised a decision by Ministers, months since we met the Home Secretary to outline concerns about people who had been wrongly implicated, and years during which..."" [0: Highlights harm to wrongly accused students including family breakdown, not a family policy stance]",,
"Amanda Martin (Labour, Portsmouth North)",,,,,1,,"a speech, 15 months ago",thin (only 1 evidence item on record),1,mp-votes.html#mp-5294,"2025-06-23 DEBATE: Spoke:  Pride Month (re: conversion therapy) ""I am proud of the actions of this Government and other Governments, both historically and currently. I am proud of the changes to bring about the equal age of consent, the repeal of section 28, the Civil Partnership Act 2004, the commitment to banning..."" [--: Praises government commitment to banning conversion therapy]",,
"Dawn Butler (Labour, Brent East)",,,,,1,,"a speech, 8 years ago",thin (only 1 evidence item on record),1,mp-votes.html#mp-1489,"2018-11-21 DEBATE: Spoke: Self-identification of Gender ""The Labour party has a proud record of championing equal rights, including LGBT+ rights. It was a Labour Government who brought in the Equality Act 2010 and the Gender Recognition Act 2004, and who abolished section 28 and created civil partnerships. We need..."" [--: Calls for updating Gender Recognition Act to enable self-ID, opposing sex-based rights]",,
"Deirdre Costigan (Labour, Ealing Southall)",,,,,1,,"a speech, 15 months ago",thin (only 1 evidence item on record),1,mp-votes.html#mp-5075,"2025-06-17 DEBATE: Spoke: Crime and Policing Bill ""A constituent came to see me yesterday and explained that when she was 16 she was coerced into a forced marriage by her family. She had not been allowed to have any sex education, so when she became pregnant she did not even realise. It was only when her mum..."" [--: MP questions criminalising women for late abortions, favouring decriminalisation]",,
"Kirsty Blackman (Scottish National Party, Aberdeen North)",,,,,1,,"a speech, 16 months ago",thin (only 1 evidence item on record),1,mp-votes.html#mp-4357,"2025-05-19 DEBATE: Spoke: Gender Self-identification ""People can apply to have a gender recognition certificate even if they have not had any surgery or treatment. The hon. Member for South Cotswolds mentioned the issues with gender-affirming care and gender identity clinics, and the extremely long waiting times..."" [--: Downplays privacy/safety concerns over self-ID in toilets and changing rooms, favouring GRC access]",,
"Ms Stella Creasy (Labour (Co-op), Walthamstow)",,,,,1,,"a speech, 9 years ago",thin (only 1 evidence item on record),1,mp-votes.html#mp-4088,"2017-06-26 DEBATE: Spoke: Northern Ireland (re: abortion) ""It does not seem like that when it comes to these women. Will the Minister confirm whether the question of their access to abortion in England, or the fact that Northern Irish laws on abortion have been found to violate the UK’s human rights responsibilities,..."" [--: Pushes for Northern Irish women's access to abortion in England, criticising restrictive NI law]",,
"Nadia Whittome (Labour, Nottingham East)",,,,,1,,"a speech, 19 months ago",thin (only 1 evidence item on record),1,mp-votes.html#mp-4869,"2025-02-13 DEBATE: Spoke:  LGBT+ History Month (re: abortion) ""We see time and again, for example, campaigns against trans rights and abortion rights working hand in hand, because they are part and parcel of a politics being dragged ever rightwards. Entire Conservative leadership contests have been fought on the basis of..."" [--: Frames anti-abortion campaigning as regressive rightwing politics]",,
"Rachel Taylor (Labour, North Warwickshire and Bedworth)",,,,,1,,"a speech, 2 weeks ago",thin (only 1 evidence item on record),1,mp-votes.html#mp-5065,"2026-09-07 DEBATE: Spoke: Surrogacy Law and Legal Parenthood ""Families should not be penalised because of the gender or sexuality of the people who love and raise that child. Our surrogacy laws are more than 40 years old. Families have changed and society has changed; the law must now change too. That is why the Law..."" [--: Advocates easing surrogacy legal parenthood rules, supporting expanded commercial-style surrogacy access]",,
Totals - 649 decision-makers,16,28,571,21,13,,,,,,
