Decision-Maker,++,+,0,-,--,Target (Y/N),Comments
"Damian Hinds (Conservative, East Hampshire)",1,,,,,,"2025-12-01 DEBATE: Spoke: Children’s Wellbeing and Schools Bill (re: Children's Wellbeing and Schools) [unscored] | 2025-03-18 DEBATE: Spoke:  Children’s Wellbeing and Schools Bill (re: home education) [unscored] | 2025-02-11 DEBATE: Spoke: Children's Wellbeing and Schools Bill (Fourteenth sitting) [unscored] | 2025-02-06 DEBATE: Spoke: Children's Wellbeing and Schools Bill (Twelfth sitting) [+: Defends longstanding role of faith schools and religious tradition within education system] | 2025-02-04 DEBATE: Spoke: Children's Wellbeing and Schools Bill (Ninth sitting) [0: Procedural query about unanswered committee questions on schools bill details] | 2025-02-04 DEBATE: Spoke: Children's Wellbeing and Schools Bill (Tenth sitting) [0: Debates curriculum flexibility generally, not specifically parental rights in education] | 2025-01-30 DEBATE: Spoke: Children's Wellbeing and Schools Bill (Eighth sitting) [unscored] | 2025-01-30 DEBATE: Spoke: Children's Wellbeing and Schools Bill (Eighth sitting) [++: Criticises burdensome reporting requirements on home-educating parents, backs amendments easing them] | 2025-01-28 DEBATE: Spoke: Children's Wellbeing and Schools Bill (Fifth sitting) [0: Question about care leavers in university, unrelated to parental rights in education] | 2025-01-21 DEBATE: Spoke: Children's Wellbeing and Schools Bill (First sitting) [unscored] | 2025-01-21 DEBATE: Spoke: Children's Wellbeing and Schools Bill (Second sitting) [0: Witness evidence on home education register, factual and procedural, no clear stance shown] | 2025-01-21 DEBATE: Spoke: Children's Wellbeing and Schools Bill (First sitting) [0: Factual query about breakfast club funding, unrelated to parental rights in education] | 2025-01-21 DEBATE: Spoke: Children's Wellbeing and Schools Bill (Second sitting) [unscored] | 2025-01-21 DEBATE: Spoke: Children's Wellbeing and Schools Bill (First sitting) [unscored] | 2025-01-13 DEBATE: Spoke: Children’s Social Media Accounts (re: coercion) [unscored] | 2024-10-08 DEBATE: Spoke: VAT: Independent Schools (re: home schooling) [unscored] | 2024-02-20 DEBATE: Spoke: Register of Children not in School [unscored] | 2024-02-20 DEBATE: Spoke: Register of Children not in School [unscored] | 2024-02-20 DEBATE: Spoke: Register of Children not in School [+: Minister affirms home education is a right, resisting change to parental choice] | 2024-01-23 DEBATE: Spoke: Children Not in School:  National Register and Support [+: Explicitly defends parents' right to home educate while accepting register] | 2024-01-23 DEBATE: Spoke: Children Not in School:  National Register and Support [unscored] | 2024-01-23 DEBATE: Spoke: Children Not in School:  National Register and Support [unscored]"
"Jim Shannon (Democratic Unionist Party, Strangford)",1,,,,,,"2026-02-26 DEBATE: Spoke:  Independent Faith Schools: VAT [++: Champions faith schools against VAT policy, defending religious freedom and parental choice] | 2026-02-12 EDM-SIGNED: Signed EDM: Child protection from illicit vapes [unscored] | 2025-04-01 DEBATE: Spoke:  Relationship Education in Schools (re: RSE) [unscored] | 2025-03-31 DEBATE: Spoke: Non-Domestic Rating  (Multipliers and Private Schools) Bill (re: faith school) [unscored] | 2025-02-24 EDM-SIGNED: Signed EDM: Wellbeing of home educated children (re: home education) [unscored] | 2024-04-30 DEBATE: Spoke:  Social Cohesion and Democratic Resilience: Khan Review (re: assisted dying) [unscored] | 2024-02-20 DEBATE: Spoke: Register of Children not in School [unscored] | 2024-02-20 DEBATE: Spoke: Register of Children not in School [unscored] | 2024-02-20 DEBATE: Spoke: Register of Children not in School [unscored] | 2023-11-30 DEBATE: Spoke:  School Pupils with Allergies (re: parental consent) [0: Debate on school allergy management, unrelated to parental rights in education] | 2021-09-21 DEBATE: Spoke: Covid-19: Vaccination of Children (re: parental consent) [unscored] | 2021-06-30 DEBATE: Spoke: Children from Low-Income Families: Education Support (re: home education) [0: General support for low-income families' education, not specific to parental rights] | 2021-06-16 DEBATE: Spoke:  Children and Young People’s Mental Health (re: home schooling) [0: General reflection on children's mental health, no parental rights framing] | 2021-03-15 DEBATE: Spoke:  Covid-19: Impact on Education (re: home schooling) [unscored] | 2021-01-11 DEBATE: Spoke:  Covid-19 Vaccination Roll-out (re: home schooling) [0: Concerns home schooling burdens during Covid, not parental rights in education policy] | 2020-12-30 EDM-SIGNED: Signed EDM: Education of children living in homes where someone is clinically extremely vulnerable during the covid-19 outbreak (re: home education) [unscored] | 2020-11-19 DEBATE: Spoke: Online Harms [unscored]"
"Neil O'Brien (Conservative, Harborough, Oadby and Wigston)",1,,,,,,"2026-05-19 DEBATE: Spoke: Lord Mandelson: Government Response  to Humble Address (re: grooming gang) [unscored] | 2025-03-18 DEBATE: Spoke:  Children’s Wellbeing and Schools Bill (re: home schooling) [++: Criticises home-schooling provisions as excessive burden on parents, backs parental rights] | 2025-03-18 DEBATE: Spoke:  Children’s Wellbeing and Schools Bill (re: Children's Wellbeing and Schools) [unscored] | 2025-02-11 DEBATE: Spoke: Children's Wellbeing and Schools Bill (Thirteenth sitting) [0: Debate on grooming gangs inquiry, not directly about parental rights in education] | 2025-02-11 DEBATE: Spoke: Children's Wellbeing and Schools Bill (Thirteenth sitting) [0: Debate on grooming gang inquiries, unrelated to parental rights in education focus] | 2025-02-11 DEBATE: Spoke: Children's Wellbeing and Schools Bill (Thirteenth sitting) [unscored] | 2025-02-11 DEBATE: Spoke: Children's Wellbeing and Schools Bill (Thirteenth sitting) [0: Pushes for grooming gangs inquiry, unrelated to parental rights in education substance] | 2025-01-30 DEBATE: Spoke: Children's Wellbeing and Schools Bill (Eighth sitting) [unscored] | 2025-01-30 DEBATE: Spoke: Children's Wellbeing and Schools Bill (Eighth sitting) [unscored] | 2025-01-30 DEBATE: Spoke: Children's Wellbeing and Schools Bill (Eighth sitting) [+: Criticises state scrutiny of home educating parents as Orwellian overreach] | 2025-01-28 DEBATE: Spoke: Children's Wellbeing and Schools Bill (Fifth sitting) [0: Procedural discussion of children's homes funding, no clear parental rights stance] | 2025-01-28 DEBATE: Spoke: Children's Wellbeing and Schools Bill (Sixth sitting) [unscored] | 2025-01-21 DEBATE: Spoke: Children's Wellbeing and Schools Bill (First sitting) [unscored] | 2025-01-08 DEBATE: Spoke: Children’s Wellbeing and Schools Bill (re: grooming gang) [unscored] | 2024-11-25 DEBATE: Spoke: Holidays in School Term Time (re: children not in school) [unscored]"
"Dr Caroline Johnson (Conservative, Sleaford and North Hykeham)",1,,,,,,"2026-06-22 DEBATE: Spoke: Pathways Study: Puberty Suppression (re: puberty blocker) [++: Strongly opposes puberty blockers for children, citing harm and self-resolving condition] | 2025-10-16 DEBATE: Spoke: World Menopause Day (re: relationships and sex education) [unscored] | 2025-07-10 DEBATE: Spoke:  Children’s Health (re: child protection) [unscored] | 2025-06-17 DEBATE: Spoke: Crime and Policing Bill [+: Defends safeguards around abortion pill access, highlighting coercion and trafficking risks] | 2025-03-13 DEBATE: Spoke:  Mental Health Support: Educational Settings (re: Online Safety Act) [0: General discussion of youth mental health, no direct stance on parental rights or free speech] | 2023-06-29 DEBATE: Spoke: Electronic Cigarettes (re: curriculum review) [0: Debate on vaping health policy, unrelated to CitizenGO's listed positions] | 2022-03-29 DEBATE: Spoke: Special Educational Needs and  Disabilities Review (re: home education) [0: Seeks reassurance on SEND support, informational question not directional]"
"Gideon Amos (Liberal Democrat, Taunton and Wellington)",1,,,,,,"2025-12-01 DEBATE: Spoke: Children’s Wellbeing and Schools Bill (re: child protection) [++: Opposes government data schemes threatening home-educating families, defending parental autonomy] | 2025-12-01 DEBATE: Spoke: Children’s Wellbeing and Schools Bill (re: home education) [+: Defends home educating families and rural schools against burdensome new requirements] | 2025-03-18 DEBATE: Spoke:  Children’s Wellbeing and Schools Bill (re: home education) [unscored] | 2025-03-18 DEBATE: Spoke:  Children’s Wellbeing and Schools Bill (re: home education) [++: Defends home educators against ideological safeguarding conflation, strongly backs parental rights] | 2025-02-24 EDM: Sponsored EDM: Wellbeing of home educated children (31 signatures) (re: home education) [unscored] | 2025-01-08 DEBATE: Spoke: Children’s Wellbeing and Schools Bill (re: home education) [+: Advocates supporting home-educating families with free exam access, backs parental choice] | 2024-07-29 DEBATE: Spoke: Passenger Railway Services  (Public Ownership) Bill (re: home education) [0: Maiden speech on constituency and transport, no policy stance on listed areas]"
"Gregory Stafford (Conservative, Farnham and Bordon)",1,,,,,,"2025-12-08 DEBATE: Spoke: Digital ID (re: illegal migration) [+: Raises privacy and parental rights concerns over mandatory NHS number acting as de facto ID card] | 2025-12-01 DEBATE: Spoke: Children’s Wellbeing and Schools Bill (re: home education) [unscored] | 2025-09-15 DEBATE: Spoke: Children with SEND:  Assessments and Support (re: parental rights) [unscored] | 2025-05-20 DEBATE: Spoke:  Adoption and Kinship Placements (re: foster care) [unscored] | 2025-03-18 DEBATE: Spoke:  Children’s Wellbeing and Schools Bill (re: parental rights) [unscored] | 2025-02-25 DEBATE: Spoke:  SEND Education Support (re: home education) [unscored] | 2025-01-27 DEBATE: Spoke: Child Safeguarding (re: home schooling) [++: Defends home schoolers against unfair state burdens, urging consultation with parents]"
"Graham Stuart (Conservative, Beverley and Holderness)",1,,,,,,"2025-03-18 DEBATE: Spoke:  Children’s Wellbeing and Schools Bill (re: home education) [unscored] | 2025-03-18 DEBATE: Spoke:  Children’s Wellbeing and Schools Bill (re: home education) [++: Defends parental autonomy against intrusive home education registration and inspection] | 2025-03-18 DEBATE: Spoke:  Children’s Wellbeing and Schools Bill (re: children not in school) [unscored] | 2025-03-18 DEBATE: Spoke:  Children’s Wellbeing and Schools Bill (re: Children's Wellbeing and Schools) [unscored] | 2025-01-08 DEBATE: Spoke: Children’s Wellbeing and Schools Bill (re: home education) [unscored] | 2025-01-08 DEBATE: Spoke: Children’s Wellbeing and Schools Bill (re: grooming gang) [+: Opposes schools element of Bill as overreach, aligning with parental rights concerns]"
"Rebecca Smith (Conservative, South West Devon)",1,,,,,,"2025-05-20 DEBATE: Spoke:  Adoption and Kinship Placements (re: Children's Wellbeing and Schools) [unscored] | 2025-03-17 DEBATE: Spoke:  Children’s Wellbeing and Schools Bill (re: Children's Wellbeing and Schools) [unscored] | 2025-01-08 DEBATE: Spoke: Children’s Wellbeing and Schools Bill (re: Children's Wellbeing and Schools) [0: Discusses care leaver support services, unrelated to parental rights in education] | 2025-01-08 DEBATE: Spoke: Children’s Wellbeing and Schools Bill (re: Children's Wellbeing and Schools) [++: Criticises Bill for undermining parental primacy in education] | 2025-01-08 DEBATE: Spoke: Children’s Wellbeing and Schools Bill (re: Children's Wellbeing and Schools) [unscored]"
"Bradley Thomas (Conservative, Bromsgrove)",1,,,,,,"2025-12-01 DEBATE: Spoke: Children’s Wellbeing and Schools Bill (re: home education) [unscored] | 2025-12-01 DEBATE: Spoke: Children’s Wellbeing and Schools Bill (re: home education) [++: Defends parental choice in home education against government restrictions] | 2025-12-01 DEBATE: Spoke: Children’s Wellbeing and Schools Bill (re: home education) [++: Defends home educating families against stigmatising one-size-fits-all safeguarding approach] | 2025-03-18 DEBATE: Spoke:  Children’s Wellbeing and Schools Bill (re: home education) [+: Defends home educators against state overreach, supporting parental rights in education]"
"Jamie Stone (Liberal Democrat, Caithness, Sutherland and Easter Ross)",1,,,,,,2026-03-23 DEBATE: Spoke: Puberty Blockers Clinical Trial [+: Highlights irreversible risks of cross-sex hormones and stresses parental consent safeguards] | 2025-12-01 DEBATE: Spoke: Children’s Wellbeing and Schools Bill (re: parental rights) [++: Raises strong concerns about erosion of parental rights and family autonomy in home education under the Bill] | 2025-12-01 DEBATE: Spoke: Children’s Wellbeing and Schools Bill (re: parental rights) [unscored] | 2025-12-01 DEBATE: Spoke: Children’s Wellbeing and Schools Bill (re: home education) [unscored]
"Vikki Slade (Liberal Democrat, Mid Dorset and North Poole)",1,,,,,,2025-03-18 DEBATE: Spoke:  Children’s Wellbeing and Schools Bill (re: home education) [+: Supports home-education register but seeks to curb excessive scrutiny of parents] | 2025-03-18 DEBATE: Spoke:  Children’s Wellbeing and Schools Bill (re: home education) [unscored] | 2025-03-18 DEBATE: Spoke:  Children’s Wellbeing and Schools Bill (re: home education) [++: Supports amendments protecting home educators' rights from government overreach] | 2025-01-08 DEBATE: Spoke: Children’s Wellbeing and Schools Bill (re: home education) [unscored]
"Chris Philp (Conservative, Croydon South)",1,,,,,,"2025-06-18 DEBATE: Spoke: Engagements (re: grooming gang) [++: Links illegal migration and asylum to grooming gangs crisis, calls for border security action] | 2025-01-06 DEBATE: Spoke: Child Sexual Exploitation and Abuse (re: grooming gang) [unscored] | 2022-05-24 DEBATE: Spoke: Online Safety Bill (First sitting) [0: Discusses age verification for child safety online, not a free speech or parental rights framing issue]"
"Carla Lockhart (Democratic Unionist Party, Upper Bann)",1,,,,,,2023-09-12 DEBATE: Spoke:  RSE Curriculum:  Northern Ireland Schools [++: Strongly defends parental rights to withdraw children from RSE lessons] | 2020-10-07 DEBATE: Spoke:  Online Harms [unscored]
"Naz Shah (Labour, Bradford West)",1,,,,,,"2023-12-07 DEBATE: Spoke: Tackling Islamophobia [0: Advocates equal treatment against Islamophobia, direction on free speech/religion unclear from framing] | 2023-03-27 DEBATE: Spoke: Home Education [++: Strongly defends parental right to home educate against local authority overreach]"
"Robbie Moore (Conservative, Keighley and Ilkley)",1,,,,,,"2026-06-01 DEBATE: Spoke: Child Sexual Offender Data (re: grooming gang) [unscored] | 2025-12-08 DEBATE: Spoke: Digital ID (re: Online Safety Act) [++: Warns against digital ID surveillance state, defending civil liberties and free speech]"
"Robert Jenrick (Reform UK, Newark)",1,,,,,,"2026-06-01 DEBATE: Spoke: Child Sexual Offender Data (re: grooming gang) [++: Calls for immigration data to justify suspending visas from high-offending countries, strong border control stance] | 2023-07-17 DEBATE: Spoke:  Illegal Migration Bill [++: Defends legal routes record while emphasising need to stop small boats and illegal crossings]"
"Sarah Pochin (Reform UK, Runcorn and Helsby)",1,,,,,,"2026-03-23 DEBATE: Spoke: Puberty Blockers Clinical Trial [++: Condemns puberty blocker trial as unsafe experiment lacking parental consent] | 2025-05-12 DEBATE: Spoke: Border Security, Asylum and  Immigration Bill [0: Maiden speech on cost of living, no clear stance on migration or parental rights]"
"Chris Hinchliff (Labour, North East Hertfordshire)",1,,,,,,"2025-12-01 DEBATE: Spoke: Children’s Wellbeing and Schools Bill (re: Children's Wellbeing and Schools) [++: Calls for firmer protections for parental responsibility over children's education, including home education]"
"Jim Allister (Traditional Unionist Voice, North Antrim)",1,,,,,,2024-12-11 DEBATE: Spoke:  Puberty-suppressing Hormones [++: Welcomes puberty blocker ban extension and asks for stricter safeguards]
"Ian Sollom (Liberal Democrat, St Neots and Mid Cambridgeshire)",,1,,,,,"CONFLICTING SIGNALS - review all evidence | 2025-02-24 EDM-SIGNED: Signed EDM: Wellbeing of home educated children (re: home education) [unscored] | 2025-02-11 DEBATE: Spoke: Children's Wellbeing and Schools Bill (Fourteenth sitting) [+: Advocates for home-educated children's exam access, supportive of home education rights] | 2025-02-11 DEBATE: Spoke: Children's Wellbeing and Schools Bill (Thirteenth sitting) [unscored] | 2025-01-30 DEBATE: Spoke: Children's Wellbeing and Schools Bill (Eighth sitting) [unscored] | 2025-01-28 DEBATE: Spoke: Children's Wellbeing and Schools Bill (Fifth sitting) [unscored] | 2025-01-28 DEBATE: Spoke: Children's Wellbeing and Schools Bill (Fifth sitting) [unscored] | 2025-01-21 DEBATE: Spoke: Children's Wellbeing and Schools Bill (First sitting) [-: Pushes for more school/Ofsted oversight of home education, against parental autonomy]"
"Julia Lopez (Conservative, Hornchurch and Upminster)",,1,,,,,"2026-02-24 DEBATE: Spoke: Online Harm: Child Protection [unscored] | 2026-02-24 DEBATE: Spoke: Online Harm: Child Protection [+: Warns against regulators policing legal speech online, favouring free expression safeguards] | 2026-02-24 DEBATE: Spoke: Online Harm: Child Protection [0: Discusses children's online harms broadly; no clear free speech overreach or parental rights framing] | 2026-02-24 DEBATE: Spoke: Online Harm: Child Protection [unscored] | 2026-01-20 DEBATE: Spoke: Mobile Phones and Social Media:  Use by Children (re: Online Safety Act) [0: Criticises government indecision on social media ban without stating own stance]"
"Dame Diana Johnson (Labour, Kingston upon Hull North and Cottingham)",,1,,,,,"2025-02-12 DEBATE: Spoke:  Knife Crime in London (re: relationships and sex education) [unscored] | 2023-11-27 PQ: Pornography: Internet (re: right to withdraw) [unscored] | 2023-03-27 DEBATE: Spoke: Illegal Migration Bill [unscored] | 2022-07-12 DEBATE: Spoke:  Online Safety Bill [+: Backs age and consent verification to curb exploitation on pornography sites, protective measure]"
"Matt Vickers (Conservative, Stockton West)",,1,,,,,"2026-06-01 DEBATE: Spoke: Child Sexual Offender Data (re: child protection) [0: Concerns data transparency on grooming gangs, unrelated to listed areas] | 2025-06-18 DEBATE: Spoke:  Crime and Policing Bill [+: Supports removing recording of non-crime hate incidents, favouring free speech] | 2025-05-13 DEBATE: Spoke: Crime and Policing Bill (Fifteenth sitting) [unscored] | 2025-04-03 DEBATE: Spoke: Crime and Policing Bill (Sixth sitting) [0: Discusses child exploitation prosecutions, no clear stance on listed CitizenGO areas]"
"Shabana Mahmood (Labour, Birmingham Ladywood)",,1,,,,,2026-07-13 DEBATE: Spoke: Immigration and Asylum Bill [unscored] | 2025-12-09 DEBATE: Spoke: Grooming Gangs: Independent Inquiry [unscored] | 2025-09-15 DEBATE: Spoke: Topical Questions (re: grooming gang) [+: Defends freedom of speech against measures tied to Islamophobia definition] | 2025-07-08 DEBATE: Spoke: Grooming Gangs: Criminal Justice System [unscored]
"Claire Coutinho (Conservative, East Surrey)",,1,,,,,"2025-11-05 DEBATE: Spoke: Diversity, Equality and Inclusion: Public Sector (re: grooming gang) [+: Criticises prior Islamophobia definition for suppressing scrutiny of grooming gangs, favouring speech] | 2025-09-10 DEBATE: Spoke: Equality Act 2010: Impact on  British Society [+: Praises Christian values, equality before law and religious tolerance, aligning with traditional values] | 2023-03-28 DEBATE: Spoke:  Bereaved Children: Registry (re: sex education) [0: Discusses support for bereaved children, unrelated to parental rights or family policy stance]"
"Emily Darlington (Labour, Milton Keynes Central)",,1,,,,,"2026-05-21 DEBATE: Spoke: Women’s Health and Wellbeing: Online Censorship [+: Criticises big tech censorship of women's health info, favours free expression over platform suppression] | 2025-01-09 DEBATE: Spoke: Impact of Conflict on Women and Girls (re: reproductive healthcare) [unscored]"
"Liam Conlon (Labour, Beckenham and Penge)",,1,,,,,"2025-12-01 DEBATE: Spoke: Children’s Wellbeing and Schools Bill (re: home education) [+: Speaks supportively of home education provisions, drawing on personal experience] | 2025-10-20 DEBATE: Spoke: Topical Questions (re: Children's Wellbeing and Schools) [+: Seeks ministerial support for home-educating families' rights under new schools bill]"
"Monica Harding (Liberal Democrat, Esher and Walton)",,1,,,,,"2025-03-07 DEBATE: Spoke: Protection of Children (Digital Safety and Data Protection) Bill (re: child protection) [+: Supports protecting children from digital harms, aligning with parental protective role] | 2025-01-08 DEBATE: Spoke: Children’s Wellbeing and Schools Bill (re: children not in school) [unscored]"
"Rebecca Paul (Conservative, Reigate)",,1,,,,,2025-05-06 DEBATE: Spoke:  Dedicated Schools Grant (re: Children's Wellbeing and Schools) [+: Affirms importance of teaching children at home alongside school education] | 2025-02-24 DEBATE: Spoke: Social Media Use: Minimum Age (re: Online Safety Act) [unscored]
"Seema Malhotra (Labour (Co-op), Feltham and Heston)",,1,,,,,2021-02-09 DEBATE: Spoke: Social Security (re: home schooling) [unscored] | 2020-03-09 DEBATE: Spoke: Coronavirus (re: home schooling) [+: Seeks flexibility for parents to withdraw children for home study]
"Ben Obese-Jecty (Conservative, Huntingdon)",,1,,,,,"2025-02-24 DEBATE: Spoke: Social Media Use: Minimum Age (re: Online Safety Act) [+: Advocates protecting children from harmful social media content, backing parental concern]"
"Marie Goldman (Liberal Democrat, Chelmsford)",,1,,,,,"2025-01-22 DEBATE: Spoke:  Education, Health and Care Plans (re: Children's Wellbeing and Schools) [+: Advocates transparency for parents on EHCP delays, supporting parental trust in system]"
"Rishi Sunak (Conservative, Richmond and Northallerton)",,1,,,,,2022-11-30 DEBATE: Spoke: Engagements (re: home education) [+: Supports parents' right to home-educate while noting oversight need]
"Sir Julian Lewis (Conservative, New Forest East)",,1,,,,,"2025-01-08 DEBATE: Spoke: Children’s Wellbeing and Schools Bill (re: Children's Wellbeing and Schools) [+: Seeks balance protecting parents' right to home-school while preventing abuse, supportive framing]"
"Zarah Sultana (Your Party, Coventry South)",,1,,,,,"2023-12-07 DEBATE: Spoke: Tackling Islamophobia [+: Personal account defending against Islamophobic hate, supports religious freedom protection]"
"Helen Hayes (Labour, Dulwich and West Norwood)",,,1,,,,"2026-03-09 DEBATE: Spoke: Children’s Wellbeing and Schools Bill (re: Children's Wellbeing and Schools) [0: Focuses on free meals and temporary accommodation, no parental-rights content] | 2026-03-09 DEBATE: Spoke: Children’s Wellbeing and Schools Bill (re: foster care) [0: Discusses allergy safety and sibling foster care, unrelated to parental rights in education] | 2025-10-30 DEBATE: Spoke:  Children’s Social Care (re: child protection) [0: Procedural introduction to select committee report debate, no direction on family/education policy] | 2025-07-10 DEBATE: Spoke:  Children’s Social Care (re: child protection) [unscored] | 2025-03-18 DEBATE: Spoke:  Children’s Wellbeing and Schools Bill (re: home education) [0: Focuses on school admissions and place planning, not directly addressing parental rights in education] | 2025-03-17 DEBATE: Spoke:  Children’s Wellbeing and Schools Bill (re: child protection) [unscored] | 2025-01-08 DEBATE: Spoke: Children’s Wellbeing and Schools Bill (re: Children's Wellbeing and Schools) [unscored] | 2025-01-08 DEBATE: Spoke: Children’s Wellbeing and Schools Bill (re: children not in school) [0: General education policy critique, not focused on parental rights specifically] | 2024-02-20 DEBATE: Spoke: Register of Children not in School [unscored] | 2024-02-20 DEBATE: Spoke: Register of Children not in School [unscored] | 2020-10-08 DEBATE: Spoke: Planning and House Building (re: home schooling) [0: Planning debate unrelated to parental rights in education despite title mention]"
"Rachael Maskell (Labour (Co-op), York Central)",,,1,,,,"2026-02-12 EDM-SIGNED: Signed EDM: Child protection from illicit vapes [unscored] | 2024-09-05 DEBATE: Spoke:  SEND Provision (re: home schooling) [unscored] | 2023-12-19 PQ: Children: Safety (re: children not in school) [unscored] | 2022-06-24 PQ: Personal, Social, Health and Economic Education (re: relationships and sex education) [unscored] | 2021-11-08 PQ: Drugs: Misuse (re: relationships and sex education) [unscored] | 2021-01-26 DEBATE: Spoke: Financial Support Schemes: Equitable Access (re: home schooling) [0: Neutral factual question about equitable financial support for home schooling] | 2021-01-26 DEBATE: Spoke: Financial Support Schemes: Equitable Access (re: home schooling) [unscored] | 2020-10-20 DEBATE: Spoke: Support for Children and Families: Covid-19 (re: home schooling) [unscored]"
"Lucy Powell (Labour (Co-op), Manchester Central)",,,1,,,,"2025-06-12 DEBATE: Spoke:  Business of the House (re: homeschool) [unscored] | 2025-05-22 DEBATE: Spoke:  Business of the House (re: grooming gang) [unscored] | 2025-02-06 DEBATE: Spoke:  Business of the House (re: assisted dying) [unscored] | 2025-01-09 DEBATE: Spoke:  Business of the House (re: grooming gang) [0: Political attack on Tories over grooming gangs; no clear stance on education rights or migration] | 2024-12-19 DEBATE: Spoke:  Business of the House (re: home schooling) [unscored] | 2024-12-12 DEBATE: Spoke:  Business of the House (re: home education) [0: Procedural business statement covering home education safeguarding and appointments, no clear stance] | 2022-10-20 DEBATE: Spoke: Child Protection Online [unscored]"
"Rupert Lowe (Restore Britain, Great Yarmouth)",,,1,,,,2025-11-03 PQ: Undocumented Migrants: Education (re: parental consent) [unscored] | 2025-03-07 PQ: Offenders: Deportation [unscored] | 2025-01-27 PQ: Pakistan: Deportation [unscored] | 2025-01-16 PQ: Offences against Children (re: grooming gang) [unscored] | 2025-01-15 PQ: Offences against Children (re: grooming gang) [unscored] | 2025-01-08 DEBATE: Spoke: Children’s Wellbeing and Schools Bill (re: grooming gang) [unscored] | 2024-12-16 PQ: Relationships and Sex Education: Gender [unscored]
"Sarah Champion (Labour, Rotherham)",,,1,,,,"2025-01-08 DEBATE: Spoke: Children’s Wellbeing and Schools Bill (re: grooming gang) [unscored] | 2025-01-08 DEBATE: Spoke: Children’s Wellbeing and Schools Bill (re: child protection) [0: Discusses child protection and mandatory reporting, unrelated to single-sex spaces issue] | 2023-11-23 PQ: Relationships and Sex Education [unscored] | 2022-12-05 DEBATE: Spoke:  Online Safety Bill [0: General reflection on online child safety technology, no clear free speech or parental rights stance] | 2021-09-28 PQ: Relationships and Sex Education: Females [unscored] | 2021-02-03 DEBATE: Spoke:  Grooming Gangs [0: About grooming gang justice, not parental rights or free speech directly] | 2020-02-13 PQ: Relationships and Sex Education [unscored]"
"Yvette Cooper (Labour, Pontefract, Castleford and Knottingley)",,,1,,,,"2025-06-16 DEBATE: Spoke: Child Sexual Exploitation: Casey Report (re: grooming gang) [0: Focuses on grooming gang prosecutions, not directly on listed policy areas] | 2025-06-16 DEBATE: Spoke: Child Sexual Exploitation: Casey Report (re: child protection) [unscored] | 2025-03-10 DEBATE: Spoke:  Crime and Policing Bill [unscored] | 2025-01-16 DEBATE: Spoke:  Child Sexual Exploitation and Abuse (re: child protection) [0: Focuses on grooming gang inquiries; no abortion or education parental-rights content] | 2025-01-06 DEBATE: Spoke: Child Sexual Exploitation and Abuse (re: child protection) [0: General condemnation of child sexual abuse, not tied to abortion or parental rights areas] | 2023-05-22 DEBATE: Spoke: Independent Inquiry into Child Sexual Abuse: Report (re: child protection) [0: Focuses on child abuse redress scheme, no migration or other area content] | 2022-10-24 DEBATE: Spoke:  Independent Inquiry into Child Sexual Abuse: Final Report (re: child protection) [0: General tribute to abuse inquiry victims; does not address parental rights, speech or migration]"
"Bell Ribeiro-Addy (Labour, Clapham and Brixton Hill)",,,1,,,,2025-12-12 PQ: Children: Data Protection (re: home education) [unscored] | 2025-12-12 PQ: Children: Data Protection (re: home education) [unscored] | 2025-12-12 PQ: Children: Data Protection (re: home education) [unscored] | 2025-12-12 PQ: Children: Data Protection (re: children not in school) [unscored] | 2025-12-12 PQ: Children: Data Protection (re: children not in school) [unscored]
"Alex Davies-Jones (Labour, Pontypridd)",,,1,,,,"2025-04-08 DEBATE: Spoke: Crime and Policing Bill (Eighth sitting) [unscored] | 2023-01-19 DEBATE: Spoke:  Tackling Misogyny in Schools (re: relationships and sex education) [0: General discussion of misogyny in schools, no clear parental rights or free speech direction] | 2022-06-16 DEBATE: Spoke: Online Safety Bill (Twelfth sitting) [unscored] | 2021-05-17 DEBATE: Spoke: Safe Streets for All (re: home schooling) [0: Speech concerns antisocial behaviour and policing, unrelated to listed policy areas]"
"Amanda Martin (Labour, Portsmouth North)",,,1,,,,"2025-06-19 DEBATE: Spoke:  Water Safety Education (re: Children's Wellbeing and Schools) [0: Focused on swimming lessons and curriculum, not parental rights issue] | 2025-01-30 DEBATE: Spoke: Children's Wellbeing and Schools Bill (Eighth sitting) [unscored] | 2025-01-21 DEBATE: Spoke: Children's Wellbeing and Schools Bill (Second sitting) [unscored] | 2025-01-08 DEBATE: Spoke: Children’s Wellbeing and Schools Bill (re: children not in school) [unscored]"
"Daisy Cooper (Liberal Democrat, St Albans)",,,1,,,,"2025-12-12 PQ: Home Education [unscored] | 2020-10-15 DEBATE: Spoke: Covid-19: Disability-Inclusive Response (re: Equality Act 2010) [unscored] | 2020-09-09 DEBATE: Spoke:  Awarding of Qualifications:  Role of Ministers (re: home schooling) [unscored] | 2020-07-21 DEBATE: Spoke: BBC (re: home schooling) [0: Debate on BBC licence fee, no relevant CitizenGO area]"
"Ellie Reeves (Labour, Lewisham West and East Dulwich)",,,1,,,,"2021-05-18 DEBATE: Spoke: Affordable and Safe Housing for All (re: home schooling) [unscored] | 2021-03-04 DEBATE: Spoke: Income Tax (Charge) (re: home schooling) [0: Focuses on self-employed pandemic support, no bearing on education parental rights] | 2020-10-21 DEBATE: Spoke: Covid-19: Women Leaving the Workforce (re: home schooling) [0: Concerns women's employment and childcare support, not clearly parental rights in education] | 2020-10-05 DEBATE: Spoke: Covid-19: Maternity and Parental Leave (re: home schooling) [unscored]"
"Josh MacAlister (Labour, Whitehaven and Workington)",,,1,,,,"2026-04-13 DEBATE: Spoke:  Disclosure and Safeguarding:  At-risk Children (re: child protection) [unscored] | 2026-02-23 DEBATE: Spoke:  Kinship Carer Identification (re: parental rights) [unscored] | 2025-10-30 DEBATE: Spoke:  Children’s Social Care (re: protected characteristic) [unscored] | 2025-10-14 DEBATE: Spoke:  Child Risk Disclosure Scheme (re: child protection) [0: Focuses on child protection tragedy, not parental rights in education specifically]"
"Sam Carling (Labour, North West Cambridgeshire)",,,1,,,,"2026-03-02 DEBATE: Spoke:  Small Religious Organisations: Safeguarding (re: grooming gang) [0: Focuses on mandatory abuse reporting, not clearly tied to abortion or parental rights in education] | 2024-10-08 DEBATE: Spoke:  SEND Provision: East of England (re: home education) [unscored] | 2024-10-08 DEBATE: Spoke:  SEND Provision: East of England (re: home education) [0: Discusses SEND funding gaps and forced home education; no stance on parental rights principle] | 2024-09-05 DEBATE: Spoke:  SEND Provision (re: home education) [unscored]"
"Jess Phillips (Labour, Birmingham Yardley)",,,1,,,,2025-04-08 DEBATE: Spoke:  Tackling Child Sexual Abuse (re: child protection) [unscored] | 2025-04-08 DEBATE: Spoke: Crime and Policing Bill (Eighth sitting) [unscored] | 2020-03-13 PQ: Relationships and Sex Education [unscored]
"Jesse Norman (Conservative, Hereford and South Herefordshire)",,,1,,,,2025-06-26 DEBATE: Spoke:  Business of the House (re: abortion) [unscored] | 2021-01-26 DEBATE: Spoke: Financial Support Schemes: Equitable Access (re: home schooling) [0: Neutral defence of pandemic support schemes for home-schooling families] | 2021-01-26 DEBATE: Spoke: Financial Support Schemes: Equitable Access (re: home schooling) [unscored]
"Kate Osborne (Labour, Jarrow and Gateshead East)",,,1,,,,"2022-03-10 DEBATE: Spoke: International Women’s Day (re: home schooling) [unscored] | 2021-01-13 DEBATE: Spoke: School Closures: Support for Pupils (re: home schooling) [0: Concerns digital access during school closures, not parental rights or free speech directly] | 2021-01-12 DEBATE: Spoke:  Early Years Settings: Covid-19 (re: home schooling) [unscored]"
"Maya Ellis (Labour, Ribble Valley)",,,1,,,,2025-09-17 PQ: Fathers: Parental Responsibility (re: parental rights) [unscored] | 2025-09-17 PQ: Rape: Children (re: parental rights) [unscored] | 2025-06-12 DEBATE: Spoke:  Business of the House (re: homeschool) [unscored]
"Mims Davies (Conservative, East Grinstead and Uckfield)",,,1,,,,2026-06-25 DEBATE: Spoke: Draft Conversion Practices Bill [unscored] | 2025-01-09 DEBATE: Spoke:  Violence against Women and Girls (re: single-sex space) [unscored] | 2025-01-09 DEBATE: Spoke:  Violence against Women and Girls (re: grooming gang) [unscored]
"Sarah Dyke (Liberal Democrat, Glastonbury and Somerton)",,,1,,,,2026-02-12 EDM-SIGNED: Signed EDM: Child protection from illicit vapes [unscored] | 2025-02-24 EDM-SIGNED: Signed EDM: Wellbeing of home educated children (re: home education) [unscored] | 2024-09-03 DEBATE: Spoke:  SEND Provision: Somerset (re: home education) [unscored]
"Adam Dance (Liberal Democrat, Yeovil)",,,1,,,,2026-02-12 EDM-SIGNED: Signed EDM: Child protection from illicit vapes [unscored] | 2025-02-24 EDM-SIGNED: Signed EDM: Wellbeing of home educated children (re: home education) [unscored]
"Adrian Ramsay (Green Party, Waveney Valley)",,,1,,,,2026-02-12 EDM-SIGNED: Signed EDM: Child protection from illicit vapes [unscored] | 2025-03-18 DEBATE: Spoke:  Children’s Wellbeing and Schools Bill (re: home education) [unscored]
"Alex Easton (Independent, North Down)",,,1,,,,2025-02-24 EDM-SIGNED: Signed EDM: Wellbeing of home educated children (re: home education) [unscored] | 2025-01-08 DEBATE: Spoke: Children’s Wellbeing and Schools Bill (re: grooming gang) [unscored]
"Alison Hume (Labour, Scarborough and Whitby)",,,1,,,,"2025-01-22 DEBATE: Spoke:  Education, Health and Care Plans (re: home education) [unscored] | 2025-01-08 DEBATE: Spoke: Children’s Wellbeing and Schools Bill (re: Children's Wellbeing and Schools) [0: Welcomes bill but flags parental fears over school register; mixed, no clear direction]"
"Andrew George (Liberal Democrat, St Ives)",,,1,,,,2026-02-12 EDM-SIGNED: Signed EDM: Child protection from illicit vapes [unscored] | 2025-02-24 EDM-SIGNED: Signed EDM: Wellbeing of home educated children (re: home education) [unscored]
"Anna Sabine (Liberal Democrat, Frome and East Somerset)",,,1,,,,"2025-04-08 DEBATE: Spoke:  Tackling Child Sexual Abuse (re: child protection) [0: Focuses on child sexual abuse protection, not parental rights in education specifically] | 2025-02-24 EDM-SIGNED: Signed EDM: Wellbeing of home educated children (re: home education) [unscored]"
"Caroline Nokes (Conservative, Romsey and Southampton North)",,,1,,,,"2025-03-11 DEBATE: Spoke:  Employment Rights Bill (re: abortion) [0: Procedural listing of Employment Bill clauses, no discernible stance on listed areas] | 2021-05-17 DEBATE: Spoke: Safe Streets for All (re: relationships and sex education) [unscored]"
"Caroline Voaden (Liberal Democrat, South Devon)",,,1,,,,2025-02-24 EDM-SIGNED: Signed EDM: Wellbeing of home educated children (re: home education) [unscored] | 2024-10-08 DEBATE: Spoke: Independent Schools: VAT and Business Rates Exemptions (re: homeschool) [unscored]
"Clive Jones (Liberal Democrat, Wokingham)",,,1,,,,2026-02-12 EDM-SIGNED: Signed EDM: Child protection from illicit vapes [unscored] | 2025-02-24 EDM-SIGNED: Signed EDM: Wellbeing of home educated children (re: home education) [unscored]
"Dame Chi Onwurah (Labour, Newcastle upon Tyne Central and West)",,,1,,,,2023-01-17 PQ: Social Media: Children (re: parental rights) [unscored] | 2022-05-11 DEBATE: Spoke: Preventing Crime and Delivering Justice (re: child protection) [unscored]
"Dr Al Pinkerton (Liberal Democrat, Surrey Heath)",,,1,,,,2025-12-12 PQ: Relationships and Sex Education: Surrey Heath [unscored] | 2025-02-24 EDM-SIGNED: Signed EDM: Wellbeing of home educated children (re: home education) [unscored]
"Dr Ben Spencer (Conservative, Runnymede and Weybridge)",,,1,,,,2026-03-19 DEBATE: Spoke:  Online Harms [unscored] | 2025-03-07 DEBATE: Spoke: Protection of Children (Digital Safety and Data Protection) Bill (re: Online Safety Act) [unscored]
"Dr Ellie Chowns (Green Party, North Herefordshire)",,,1,,,,2025-02-11 DEBATE: Spoke: Children's Wellbeing and Schools Bill (Thirteenth sitting) [unscored] | 2025-01-21 DEBATE: Spoke: Children's Wellbeing and Schools Bill (First sitting) [unscored]
"Harriet Cross (Conservative, Gordon and Buchan)",,,1,,,,2025-04-08 DEBATE: Spoke: Crime and Policing Bill (Eighth sitting) [unscored] | 2025-04-08 DEBATE: Spoke: Crime and Policing Bill (Eighth sitting) [unscored]
"Helen Maguire (Liberal Democrat, Epsom and Ewell)",,,1,,,,2026-02-12 EDM-SIGNED: Signed EDM: Child protection from illicit vapes [unscored] | 2025-02-24 EDM-SIGNED: Signed EDM: Wellbeing of home educated children (re: home education) [unscored]
"Helen Morgan (Liberal Democrat, North Shropshire)",,,1,,,,2026-02-12 EDM-SIGNED: Signed EDM: Child protection from illicit vapes [unscored] | 2025-02-24 EDM-SIGNED: Signed EDM: Wellbeing of home educated children (re: home education) [unscored]
"Jack Rankin (Conservative, Windsor)",,,1,,,,2026-01-28 DEBATE: Spoke: Local Authority Children’s Services (re: home education) [unscored] | 2025-04-08 DEBATE: Spoke: Crime and Policing Bill (Eighth sitting) [unscored]
"James Naish (Labour, Rushcliffe)",,,1,,,,2025-06-13 PQ: Schools: Admissions (re: Children's Wellbeing and Schools) [unscored] | 2025-05-21 DEBATE: Spoke:  Ukraine: Forcibly Deported Children (re: foster care) [unscored]
"Jess Asato (Labour, Lowestoft)",,,1,,,,"2025-01-08 DEBATE: Spoke: Children’s Wellbeing and Schools Bill (re: Children's Wellbeing and Schools) [0: Praises child welfare provisions generally, no direct comment on parental rights in education] | 2025-01-08 DEBATE: Spoke: Children’s Wellbeing and Schools Bill (re: grooming gang) [unscored]"
"Katie Lam (Conservative, Weald of Kent)",,,1,,,,"2026-03-12 DEBATE: Spoke: Defending Democracy Taskforce (re: grooming gang) [unscored] | 2025-04-08 DEBATE: Spoke:  Tackling Child Sexual Abuse (re: parental rights) [0: Questions on grooming gang inquiries, not directly about parental rights in education]"
"Kim Johnson (Labour, Liverpool Riverside)",,,1,,,,"2021-03-01 DEBATE: Spoke: Ministerial and other Maternity Allowances Bill (re: home schooling) [0: Discusses maternity leave for MPs, unrelated to home schooling or education rights] | 2020-12-30 EDM-SIGNED: Signed EDM: Education of children living in homes where someone is clinically extremely vulnerable during the covid-19 outbreak (re: home education) [unscored]"
"Laura Trott (Conservative, Sevenoaks)",,,1,,,,2025-01-08 DEBATE: Spoke: Children’s Wellbeing and Schools Bill (re: grooming gang) [unscored] | 2025-01-08 DEBATE: Spoke: Children’s Wellbeing and Schools Bill (re: child protection) [unscored]
"Layla Moran (Liberal Democrat, Oxford West and Abingdon)",,,1,,,,2025-02-24 EDM-SIGNED: Signed EDM: Wellbeing of home educated children (re: home education) [unscored] | 2020-01-29 DEBATE: Spoke:  Special Educational Needs and Disability Funding (re: children not in school) [0: SEND funding debate unrelated to parental rights in education stance]
"Lewis Atkinson (Labour, Sunderland Central)",,,1,,,,2026-04-13 DEBATE: Spoke:  Disclosure and Safeguarding:  At-risk Children (re: child protection) [unscored] | 2025-01-13 DEBATE: Spoke: Children’s Social Media Accounts (re: parental rights) [0: Backs parental access provisions but dismisses free speech concerns as misguided]
"Liz Jarvis (Liberal Democrat, Eastleigh)",,,1,,,,2026-02-24 DEBATE: Spoke: Online Harm: Child Protection [unscored] | 2026-02-12 EDM-SIGNED: Signed EDM: Child protection from illicit vapes [unscored]
"Lizzi Collinge (Labour, Morecambe and Lunesdale)",,,1,,,,2025-03-18 DEBATE: Spoke:  Children’s Wellbeing and Schools Bill (re: home education) [unscored] | 2025-01-08 DEBATE: Spoke: Children’s Wellbeing and Schools Bill (re: home education) [unscored]
"Luke Murphy (Labour, Basingstoke)",,,1,,,,"2024-10-31 DEBATE: Spoke: SEND Provision: Hampshire (re: home schooling) [0: Debate on SEND provision generally, not specifically parental rights in education] | 2024-10-31 DEBATE: Spoke: SEND Provision: Hampshire (re: home schooling) [unscored]"
"Matt Bishop (Labour, Forest of Dean)",,,1,,,,2025-01-21 DEBATE: Spoke: Children's Wellbeing and Schools Bill (First sitting) [0: Neutral factual questioning about home education registers and missing children data] | 2025-01-08 DEBATE: Spoke: Children’s Wellbeing and Schools Bill (re: home education) [unscored]
"Mr Angus MacDonald (Liberal Democrat, Inverness, Skye and West Ross-shire)",,,1,,,,2026-02-12 EDM-SIGNED: Signed EDM: Child protection from illicit vapes [unscored] | 2025-02-24 EDM-SIGNED: Signed EDM: Wellbeing of home educated children (re: home education) [unscored]
"Mr Lee Dillon (Liberal Democrat, Newbury)",,,1,,,,2026-02-12 EDM-SIGNED: Signed EDM: Child protection from illicit vapes [unscored] | 2025-02-24 EDM-SIGNED: Signed EDM: Wellbeing of home educated children (re: home education) [unscored]
"Mrs Kemi Badenoch (Conservative, North West Essex)",,,1,,,,"2025-06-16 DEBATE: Spoke: Child Sexual Exploitation: Casey Report (re: grooming gang) [0: Concerns grooming gang inquiry, not abortion or parental rights in education specifically] | 2025-06-16 DEBATE: Spoke: Child Sexual Exploitation: Casey Report (re: grooming gang) [unscored]"
"Ms Nusrat Ghani (Conservative, Sussex Weald)",,,1,,,,"2025-05-07 DEBATE: Spoke:  Data (Use and Access) Bill [Lords] (re: Gender Recognition Act) [unscored] | 2025-03-17 DEBATE: Spoke:  Children’s Wellbeing and Schools Bill (re: coercion) [0: Procedural discussion of care leaver provisions, unrelated to assisted dying or parental rights in education]"
"Natasha Irons (Labour, Croydon East)",,,1,,,,2026-02-24 DEBATE: Spoke: Online Harm: Child Protection [unscored] | 2025-01-08 DEBATE: Spoke: Children’s Wellbeing and Schools Bill (re: child protection) [unscored]
"Noah Law (Labour, St Austell and Newquay)",,,1,,,,2025-06-09 PQ: Home Education: Standards [unscored] | 2025-06-09 PQ: Home Education: Training [unscored]
"Pippa Heylings (Liberal Democrat, South Cambridgeshire)",,,1,,,,2026-08-04 PQ: Pupils: Absenteeism (re: children not in school) [unscored] | 2025-02-24 EDM-SIGNED: Signed EDM: Wellbeing of home educated children (re: home education) [unscored]
"Saqib Bhatti (Conservative, Meriden and Solihull East)",,,1,,,,"2026-06-02 DEBATE: Spoke:  Children: Development of Essential Skills (re: curriculum review) [0: General remarks on parenting and screen time, no clear stance on the listed policy areas] | 2025-10-27 DEBATE: Spoke: Holidays During School Term Time (re: Children's Wellbeing and Schools) [unscored]"
"Sarah Olney (Liberal Democrat, Richmond Park)",,,1,,,,2021-03-15 DEBATE: Spoke:  Covid-19: Impact on Education (re: home schooling) [unscored] | 2021-03-10 DEBATE: Spoke:  Maternal Mental Health (re: home schooling) [unscored]
"Sir Keir Starmer (Labour, Holborn and St Pancras)",,,1,,,,2024-12-18 DEBATE: Spoke: Engagements (re: home schooling) [unscored] | 2021-01-27 DEBATE: Spoke: Engagements (re: home schooling) [unscored]
"Tom Hayes (Labour, Bournemouth East)",,,1,,,,"2025-03-06 DEBATE: Spoke: Border Security, Asylum and Immigration Bill (Fifth sitting) [unscored] | 2025-01-21 DEBATE: Spoke: Children's Wellbeing and Schools Bill (Second sitting) [0: Neutral question about multi-agency working and home schooling register]"
"Wendy Chamberlain (Liberal Democrat, North East Fife)",,,1,,,,2026-02-12 EDM-SIGNED: Signed EDM: Child protection from illicit vapes [unscored] | 2023-09-12 DEBATE: Spoke: PANS and PANDAS (re: home schooling) [unscored]
"Wera Hobhouse (Liberal Democrat, Bath)",,,1,,,,2026-02-12 EDM: Sponsored EDM: Child protection from illicit vapes (24 signatures) [unscored] | 2025-02-24 EDM-SIGNED: Signed EDM: Wellbeing of home educated children (re: home education) [unscored]
"Wes Streeting (Labour, Ilford North)",,,1,,,,"2025-12-17 DEBATE: Spoke: Puberty Suppressants Trial (re: puberty blocker) [unscored] | 2020-11-02 DEBATE: Spoke: School Attendance: Covid-19 (re: right to withdraw) [0: Discusses covid school attendance policy, not parental rights in curriculum sense]"
"Yasmin Qureshi (Labour, Bolton South and Walkden)",,,1,,,,"2021-01-18 DEBATE: Spoke:  Remote Education and Free School Meals (re: home schooling) [0: Focuses on school funding and equipment, not parental rights in education] | 2021-01-18 DEBATE: Spoke:  Remote Education and Free School Meals (re: home schooling) [unscored]"
"Abtisam Mohamed (Labour, Sheffield Central)",,,1,,,,2025-03-18 DEBATE: Spoke:  Children’s Wellbeing and Schools Bill (re: home education) [unscored]
"Adam Jogee (Labour, Newcastle-under-Lyme)",,,1,,,,2024-12-19 PQ: Home Education: Registration [unscored]
"Alex Brewer (Liberal Democrat, North East Hampshire)",,,1,,,,2025-02-24 EDM-SIGNED: Signed EDM: Wellbeing of home educated children (re: home education) [unscored]
"Alex Burghart (Conservative, Brentwood and Ongar)",,,1,,,,"2025-07-08 DEBATE: Spoke: Government Resilience Action Plan (re: grooming gang) [0: Focuses on resilience planning and political critique, no clear parental rights or speech stance]"
"Alex Norris (Labour (Co-op), Nottingham North and Kimberley)",,,1,,,,"2026-07-06 DEBATE: Spoke: Rochdale Grooming Gang:  Offender Deportation [0: Neutral factual account of legal exemption from deportation, no clear directional framing]"
"Alex Sobel (Labour (Co-op), Leeds Central and Headingley)",,,1,,,,"2021-01-12 DEBATE: Spoke:  Early Years Settings: Covid-19 (re: palliative care) [0: Focuses on childcare funding, unrelated to assisted dying or home education rights]"
"Alison Griffiths (Conservative, Bognor Regis and Littlehampton)",,,1,,,,2026-04-22 DEBATE: Spoke: Children’s Wellbeing and Schools Bill (re: age assurance) [unscored]
"Alison McGovern (Labour, Birkenhead)",,,1,,,,2025-12-17 DEBATE: Spoke: Local Government Finance (re: Children's Wellbeing and Schools) [unscored]
"Alistair Strathern (Labour, Hitchin)",,,1,,,,2025-01-08 DEBATE: Spoke: Children’s Wellbeing and Schools Bill (re: Children's Wellbeing and Schools) [unscored]
"Andrew Cooper (Labour, Mid Cheshire)",,,1,,,,2025-12-01 DEBATE: Spoke: Children’s Wellbeing and Schools Bill (re: child protection) [unscored]
"Angela Rayner (Labour, Ashton-under-Lyne)",,,1,,,,"2020-01-14 DEBATE: Spoke: Education and Local Government (re: home education) [0: Focuses on care system and kinship care, not parental education rights or migration]"
"Anneliese Dodds (Labour (Co-op), Oxford East)",,,1,,,,2025-12-10 DEBATE: Spoke:  AI Safety (re: curriculum review) [unscored]
"Apsana Begum (Labour, Poplar and Limehouse)",,,1,,,,"2024-11-21 DEBATE: Spoke: Strategic Lawsuits Against Public Participation (re: foster care) [0: Personal account of SLAPP litigation, unrelated to education or speech policy positions]"
"Bambos Charalambous (Labour, Southgate and Wood Green)",,,1,,,,2021-11-02 DEBATE: Spoke: Nationality and Borders Bill (Fourteenth sitting) [unscored]
"Bobby Dean (Liberal Democrat, Carshalton and Wallington)",,,1,,,,"2025-03-17 DEBATE: Spoke:  Children’s Wellbeing and Schools Bill (re: Children's Wellbeing and Schools) [0: Focuses on care leavers and corporate parenting, not parental rights in education]"
"Calum Miller (Liberal Democrat, Bicester and Woodstock)",,,1,,,,2025-02-24 EDM-SIGNED: Signed EDM: Wellbeing of home educated children (re: home education) [unscored]
"Cameron Thomas (Independent, Tewkesbury)",,,1,,,,2025-02-24 EDM-SIGNED: Signed EDM: Wellbeing of home educated children (re: home education) [unscored]
"Chris Bloore (Labour, Redditch)",,,1,,,,2025-07-03 DEBATE: Spoke:  Children with Allergies:  School Safeguarding (re: home education) [unscored]
"Chris Evans (Labour (Co-op), Caerphilly)",,,1,,,,2026-03-18 DEBATE: Spoke:  Freedom of Religion or Belief  in China [unscored]
"Chris McDonald (Labour, Stockton North)",,,1,,,,2026-06-17 DEBATE: Spoke: Steel Tariffs (re: Terminally Ill Adults) [unscored]
"Chris Murray (Labour, Edinburgh East and Musselburgh)",,,1,,,,"2025-02-27 DEBATE: Spoke: Border Security, Asylum and Immigration Bill (First sitting) [unscored]"
"Chris Vince (Labour (Co-op), Harlow)",,,1,,,,"2025-03-18 DEBATE: Spoke:  Children’s Wellbeing and Schools Bill (re: Children's Wellbeing and Schools) [0: General remarks on young carers and absences, not clearly on parental rights]"
"Claire Young (Liberal Democrat, Thornbury and Yate)",,,1,,,,2026-02-12 EDM-SIGNED: Signed EDM: Child protection from illicit vapes [unscored]
"Dame Nia Griffith (Labour, Llanelli)",,,1,,,,2025-01-14 DEBATE: Spoke: Employment Rights Bill (Twentieth sitting) (re: Children's Wellbeing and Schools) [0: Discusses kinship care leave; unrelated to parental rights in education specifically]
"Daniel Francis (Labour, Bexleyheath and Crayford)",,,1,,,,2025-01-08 DEBATE: Spoke: Children’s Wellbeing and Schools Bill (re: child protection) [unscored]
"David Baines (Labour, St Helens North)",,,1,,,,2025-01-08 DEBATE: Spoke: Children’s Wellbeing and Schools Bill (re: child protection) [unscored]
"David Simmonds (Conservative, Ruislip, Northwood and Pinner)",,,1,,,,"2025-01-08 DEBATE: Spoke: Children’s Wellbeing and Schools Bill (re: child protection) [0: General remarks on child protection system and academies, no clear parental rights stance]"
"David Smith (Labour, North Northumberland)",,,1,,,,2024-11-12 DEBATE: Spoke:  School Transport: Northumberland (re: homeschool) [unscored]
"Dr Kieran Mullan (Conservative, Bexhill and Battle)",,,1,,,,"2026-02-10 DEBATE: Spoke: Court Reporting Data (re: grooming gang) [0: Concerns court data transparency and grooming gangs, not related to parental rights in education]"
"Dr Marie Tidball (Labour, Penistone and Stocksbridge)",,,1,,,,2025-01-08 DEBATE: Spoke: Children’s Wellbeing and Schools Bill (re: child protection) [unscored]
"Dr Peter Prinsley (Labour, Bury St Edmunds and Stowmarket)",,,1,,,,2026-04-15 DEBATE: Spoke:  Children’s Wellbeing and Schools Bill (re: age assurance) [unscored]
"Dr Roz Savage (Liberal Democrat, South Cotswolds)",,,1,,,,2025-02-24 EDM-SIGNED: Signed EDM: Wellbeing of home educated children (re: home education) [unscored]
"Dr Zubir Ahmed (Labour, Glasgow South West)",,,1,,,,"2025-11-26 DEBATE: Spoke:  Children of Alcoholics (re: child protection) [0: Debate on child protection from parental alcoholism, unrelated to parental rights in education or family policy stance]"
"Emma Hardy (Labour, Kingston upon Hull West and Haltemprice)",,,1,,,,2021-03-23 DEBATE: Spoke:  Education After Covid-19 (re: home schooling) [unscored]
"Emma Lewell (Labour, South Shields)",,,1,,,,"2025-03-17 DEBATE: Spoke:  Children’s Wellbeing and Schools Bill (re: foster care) [0: Focuses on Healthy Start vouchers, unrelated to parental rights in education]"
"Emma Reynolds (Labour, Wycombe)",,,1,,,,2025-04-22 DEBATE: Spoke:  Retail Investment (re: curriculum review) [unscored]
"Feryal Clark (Labour, Enfield North)",,,1,,,,2022-12-16 PQ: Relationships and Sex Education [unscored]
"Freddie van Mierlo (Liberal Democrat, Henley and Thame)",,,1,,,,2026-02-12 EDM-SIGNED: Signed EDM: Child protection from illicit vapes [unscored]
"Helena Dollimore (Labour (Co-op), Hastings and Rye)",,,1,,,,2025-01-08 DEBATE: Spoke: Children’s Wellbeing and Schools Bill (re: Children's Wellbeing and Schools) [unscored]
"Ian Lavery (Labour, Blyth and Ashington)",,,1,,,,2023-12-27 PQ: Special Educational Needs: Home Education [unscored]
"Ian Murray (Labour, Edinburgh South)",,,1,,,,2026-02-24 DEBATE: Spoke: Online Harm: Child Protection [unscored]
"Ian Roome (Liberal Democrat, North Devon)",,,1,,,,2026-02-12 EDM-SIGNED: Signed EDM: Child protection from illicit vapes [unscored]
"Jade Botterill (Labour, Ossett and Denby Dale)",,,1,,,,2026-02-12 DEBATE: Spoke:  Healthy Relationships (re: RSE) [unscored]
"Jake Richards (Labour, Rother Valley)",,,1,,,,2025-01-08 DEBATE: Spoke: Children’s Wellbeing and Schools Bill (re: Children's Wellbeing and Schools) [unscored]
"James MacCleary (Liberal Democrat, Lewes)",,,1,,,,2025-02-24 EDM-SIGNED: Signed EDM: Wellbeing of home educated children (re: home education) [unscored]
"James Murray (Labour (Co-op), Ealing North)",,,1,,,,2021-02-23 DEBATE: Spoke: Government's Management  of the Economy (re: home schooling) [unscored]
"Jeff Smith (Labour, Manchester Withington)",,,1,,,,2022-07-12 DEBATE: Spoke: BBC Charter:  Regional Television News (re: home schooling) [0: Debate about BBC licence fee and local news; no reference to parental rights in education]
"Jeremy Corbyn (Your Party, Islington North)",,,1,,,,2023-11-08 DEBATE: Spoke: Breaking Down Barriers to Opportunity (re: home schooling) [unscored]
"Jerome Mayhew (Conservative, Broadland and Fakenham)",,,1,,,,2025-02-06 DEBATE: Spoke:  Financial Education (re: PSHE) [unscored]
"Jess Brown-Fuller (Liberal Democrat, Chichester)",,,1,,,,2025-02-24 EDM-SIGNED: Signed EDM: Wellbeing of home educated children (re: home education) [unscored]
"Jim McMahon (Labour (Co-op), Oldham West, Chadderton and Royton)",,,1,,,,2022-06-30 DEBATE: Spoke:  Child Sexual Exploitation and Safeguarding in Oldham (re: grooming gang) [unscored]
"John McDonnell (Labour, Hayes and Harlington)",,,1,,,,2020-12-30 EDM-SIGNED: Signed EDM: Education of children living in homes where someone is clinically extremely vulnerable during the covid-19 outbreak (re: home education) [unscored]
"Jonathan Davies (Labour, Mid Derbyshire)",,,1,,,,2025-01-08 DEBATE: Spoke: Children’s Wellbeing and Schools Bill (re: Children's Wellbeing and Schools) [unscored]
"Jonathan Reynolds (Labour (Co-op), Stalybridge and Hyde)",,,1,,,,2021-03-04 DEBATE: Spoke: Income Tax (Charge) (re: home schooling) [unscored]
"Josh Babarinde (Liberal Democrat, Eastbourne)",,,1,,,,2026-02-12 EDM-SIGNED: Signed EDM: Child protection from illicit vapes [unscored]
"Joy Morrissey (Conservative, Beaconsfield)",,,1,,,,2021-01-26 DEBATE: Spoke: Support for Businesses: Covid-19 (re: home schooling) [unscored]
"Justin Madders (Labour, Ellesmere Port and Bromborough)",,,1,,,,"2024-01-23 DEBATE: Spoke: Children Not in School:  National Register and Support [0: Discusses school absence and SEN crisis, not parental rights in education specifically]"
"Kanishka Narayan (Labour, Vale of Glamorgan)",,,1,,,,2026-02-24 DEBATE: Spoke: Online Harm: Child Protection [unscored]
"Kate Osamor (Labour (Co-op), Edmonton and Winchmore Hill)",,,1,,,,2020-02-27 DEBATE: Spoke: School Admissions Process (re: home schooling) [unscored]
"Kevin Hollinrake (Conservative, Thirsk and Malton)",,,1,,,,2025-07-14 DEBATE: Spoke: Topical Questions (re: grooming gang) [unscored]
"Lee Anderson (Reform UK, Ashfield)",,,1,,,,"2026-07-14 PQ: Kinship Care (re: Children's Wellbeing and Schools) [0: Factual query on kinship care support, no clear directional stance]"
"Lee Pitcher (Labour, Doncaster East and the Isle of Axholme)",,,1,,,,"2025-02-05 DEBATE: Spoke:  Water Safety (re: Children's Wellbeing and Schools) [0: Bill on reservoir safety equipment, unrelated to parental rights in education]"
"Manuela Perteghella (Liberal Democrat, Stratford-on-Avon)",,,1,,,,2025-02-24 EDM-SIGNED: Signed EDM: Wellbeing of home educated children (re: home education) [unscored]
"Mark Pritchard (Conservative, The Wrekin)",,,1,,,,2023-11-16 PQ: Driving: Curriculum (re: relationships and sex education) [unscored]
"Marsha De Cordova (Labour, Battersea)",,,1,,,,2021-03-11 DEBATE: Spoke:  International Women’s Day (re: home schooling) [unscored]
"Mary Glindon (Labour, Newcastle upon Tyne East and Wallsend)",,,1,,,,2025-11-25 PQ: Young Carers (re: child protection) [unscored]
"Mary Kelly Foy (Labour, City of Durham)",,,1,,,,2020-12-30 EDM-SIGNED: Signed EDM: Education of children living in homes where someone is clinically extremely vulnerable during the covid-19 outbreak (re: home education) [unscored]
"Max Wilkinson (Liberal Democrat, Cheltenham)",,,1,,,,2025-06-23 PQ: Home Education: Registration [unscored]
"Michelle Welsh (Labour, Sherwood Forest)",,,1,,,,"2025-01-08 DEBATE: Spoke: Children’s Wellbeing and Schools Bill (re: child protection) [0: General support for child protection bill, not addressing parental rights in education specifically]"
"Mr Adnan Hussain (Independent, Blackburn)",,,1,,,,2025-01-16 DEBATE: Spoke:  Child Sexual Exploitation and Abuse (re: grooming gang) [unscored]
"Mr Alex Barros-Curtis (Labour, Cardiff West)",,,1,,,,"2025-04-08 DEBATE: Spoke: Crime and Policing Bill (Eighth sitting) [0: Focuses on grooming gangs funding and safeguarding, not abortion or education rights]"
"Mr Alistair Carmichael (Liberal Democrat, Orkney and Shetland)",,,1,,,,2021-01-28 DEBATE: Spoke:  UN International Day of Education (re: home schooling) [unscored]
"Mr Gregory Campbell (Democratic Unionist Party, East Londonderry)",,,1,,,,2024-02-20 DEBATE: Spoke: Register of Children not in School [unscored]
"Mr Joshua Reynolds (Liberal Democrat, Maidenhead)",,,1,,,,2026-02-12 EDM-SIGNED: Signed EDM: Child protection from illicit vapes [unscored]
"Mr Tanmanjeet Singh Dhesi (Labour, Slough)",,,1,,,,2021-02-16 PQ: Remote Education (re: home schooling) [unscored]
"Ms Marie Rimmer (Labour, St Helens South and Whiston)",,,1,,,,2023-03-27 DEBATE: Spoke: Home Education [unscored]
"Ms Stella Creasy (Labour (Co-op), Walthamstow)",,,1,,,,2023-11-28 DEBATE: Spoke: Criminal Justice Bill (re: abortion) [unscored]
"Navendu Mishra (Labour, Stockport)",,,1,,,,2020-12-30 EDM-SIGNED: Signed EDM: Education of children living in homes where someone is clinically extremely vulnerable during the covid-19 outbreak (re: home education) [unscored]
"Nick Timothy (Conservative, West Suffolk)",,,1,,,,2025-10-30 DEBATE: Spoke:  Children’s Social Care (re: child protection) [unscored]
"Oliver Ryan (Labour (Co-op), Burnley)",,,1,,,,2025-12-12 PQ: Children: Data Protection (re: Children's Wellbeing and Schools) [unscored]
"Paul Waugh (Labour (Co-op), Rochdale)",,,1,,,,2025-01-09 DEBATE: Spoke:  Violence against Women and Girls (re: child protection) [0: Defends child protection bill vote; no clear parental rights or free speech direction]
"Pete Wishart (Scottish National Party, Perth and Kinross-shire)",,,1,,,,"2025-03-18 DEBATE: Spoke: Border Security, Asylum and Immigration Bill (Eleventh sitting) [unscored]"
"Rachel Hopkins (Labour, Luton South and South Bedfordshire)",,,1,,,,2020-12-30 EDM-SIGNED: Signed EDM: Education of children living in homes where someone is clinically extremely vulnerable during the covid-19 outbreak (re: home education) [unscored]
"Richard Tice (Reform UK, Boston and Skegness)",,,1,,,,2025-01-08 DEBATE: Spoke: Children’s Wellbeing and Schools Bill (re: grooming gang) [unscored]
"Robin Swann (Ulster Unionist Party, South Antrim)",,,1,,,,2026-02-12 EDM-SIGNED: Signed EDM: Child protection from illicit vapes [unscored]
"Rushanara Ali (Labour, Bethnal Green and Stepney)",,,1,,,,2025-01-23 DEBATE: Spoke: Holocaust Memorial Day (re: faith school) [unscored]
"Samantha Niblett (Labour, South Derbyshire)",,,1,,,,2025-12-11 PQ: Suicide: Curriculum (re: relationships and sex education) [unscored]
"Sammy Wilson (Democratic Unionist Party, East Antrim)",,,1,,,,2025-01-08 DEBATE: Spoke: Children’s Wellbeing and Schools Bill (re: home schooling) [unscored]
"Sarah Gibson (Liberal Democrat, Chippenham)",,,1,,,,2025-02-24 EDM-SIGNED: Signed EDM: Wellbeing of home educated children (re: home education) [unscored]
"Sarah Green (Liberal Democrat, Chesham and Amersham)",,,1,,,,2025-02-24 EDM-SIGNED: Signed EDM: Wellbeing of home educated children (re: home education) [unscored]
"Sarah Russell (Labour, Congleton)",,,1,,,,2025-01-08 DEBATE: Spoke: Children’s Wellbeing and Schools Bill (re: Children's Wellbeing and Schools) [unscored]
"Sarah Sackman (Labour, Finchley and Golders Green)",,,1,,,,"2025-11-27 DEBATE: Spoke:  Domestic Abuse: Children (re: child protection) [0: General child protection debate response, no bearing on parental rights framing]"
"Sarah Smith (Labour, Hyndburn)",,,1,,,,2025-01-08 DEBATE: Spoke: Children’s Wellbeing and Schools Bill (re: home education) [unscored]
"Sir Gavin Williamson (Conservative, Stone, Great Wyrley and Penkridge)",,,1,,,,2023-03-27 DEBATE: Spoke: Home Education [unscored]
"Sir Geoffrey Clifton-Brown (Conservative, North Cotswolds)",,,1,,,,2024-01-23 DEBATE: Spoke:  School Attendance (re: home education) [unscored]
"Sir James Cleverly (Conservative, Braintree)",,,1,,,,2021-06-22 DEBATE: Spoke:  Syrian Refugees in Jordan and Lebanon [unscored]
"Sir Jeremy Wright (Conservative, Kenilworth and Southam)",,,1,,,,2022-10-20 DEBATE: Spoke: Child Protection Online [unscored]
"Sir Lindsay Hoyle (Speaker, Chorley)",,,1,,,,2022-12-05 DEBATE: Spoke:  Online Safety Bill [unscored]
"Stephen Doughty (Labour (Co-op), Cardiff South and Penarth)",,,1,,,,"2024-03-07 DEBATE: Spoke: LGBT History Month (re: conversion therapy) [0: General celebration of LGBT+ social progress, no specific policy stance on listed areas]"
"Stephen Kinnock (Labour, Aberafan Maesteg)",,,1,,,,2023-06-07 DEBATE: Spoke:  Asylum-seeking Children:  Hotel Accommodation [unscored]
"Steve Darling (Liberal Democrat, Torbay)",,,1,,,,2026-02-12 EDM-SIGNED: Signed EDM: Child protection from illicit vapes [unscored]
"Steve Reed (Labour (Co-op), Streatham and Croydon North)",,,1,,,,"2026-03-09 DEBATE: Spoke:  Social Cohesion Action Plan (re: home education) [0: Broad statement on social cohesion mixing themes, no clear directional stance across listed areas]"
"Suella Braverman (Reform UK, Fareham and Waterlooville)",,,1,,,,2023-05-22 DEBATE: Spoke: Independent Inquiry into Child Sexual Abuse: Report (re: child protection) [unscored]
"Tessa Munt (Liberal Democrat, Wells and Mendip Hills)",,,1,,,,2025-02-24 EDM-SIGNED: Signed EDM: Wellbeing of home educated children (re: home education) [unscored]
"Tim Farron (Liberal Democrat, Westmorland and Lonsdale)",,,1,,,,2025-02-24 EDM-SIGNED: Signed EDM: Wellbeing of home educated children (re: home education) [unscored]
"Tonia Antoniazzi (Labour, Gower)",,,1,,,,"2025-06-18 DEBATE: Spoke:  Crime and Policing Bill [0: Focuses on VAWG and prostitution law, unrelated to abortion or single-sex spaces]"
"Victoria Atkins (Conservative, Louth and Horncastle)",,,1,,,,"2021-06-17 DEBATE: Spoke: Police, Crime, Sentencing and Courts Bill (Sixteenth sitting) (re: right to withdraw) [unscored]"
"Warinder Juss (Labour, Wolverhampton West)",,,1,,,,2025-06-16 DEBATE: Spoke: Child Sexual Exploitation: Casey Report (re: grooming gang) [unscored]
"Wendy Morton (Conservative, Aldridge-Brownhills)",,,1,,,,2023-04-24 PQ: Relationships and Sex Education [unscored]
"Will Stone (Labour, Swindon North)",,,1,,,,2026-02-12 EDM-SIGNED: Signed EDM: Child protection from illicit vapes [unscored]
"Zöe Franklin (Liberal Democrat, Guildford)",,,1,,,,2025-02-24 EDM-SIGNED: Signed EDM: Wellbeing of home educated children (re: home education) [unscored]
"Adam Thompson (Labour, Erewash)",,,1,,,,No recorded activity on this area (ledger from 2026-02-03)
"Afzal Khan (Labour, Manchester Rusholme)",,,1,,,,No recorded activity on this area (ledger from 2026-02-03)
"Al Carns (Labour, Birmingham Selly Oak)",,,1,,,,No recorded activity on this area (ledger from 2026-02-03)
"Alan Gemmell (Labour, Central Ayrshire)",,,1,,,,No recorded activity on this area (ledger from 2026-02-03)
"Alan Mak (Conservative, Havant)",,,1,,,,No recorded activity on this area (ledger from 2026-02-03)
"Alan Strickland (Labour, Newton Aycliffe and Spennymoor)",,,1,,,,No recorded activity on this area (ledger from 2026-02-03)
"Alberto Costa (Conservative, South Leicestershire)",,,1,,,,No recorded activity on this area (ledger from 2026-02-03)
"Alex Baker (Labour, Aldershot)",,,1,,,,No recorded activity on this area (ledger from 2026-02-03)
"Alex Ballinger (Labour, Halesowen)",,,1,,,,No recorded activity on this area (ledger from 2026-02-03)
"Alex Mayer (Labour, Dunstable and Leighton Buzzard)",,,1,,,,No recorded activity on this area (ledger from 2026-02-03)
"Alex McIntyre (Labour, Gloucester)",,,1,,,,No recorded activity on this area (ledger from 2026-02-03)
"Alice Macdonald (Labour (Co-op), Norwich North)",,,1,,,,No recorded activity on this area (ledger from 2026-02-03)
"Alicia Kearns (Conservative, Rutland and Stamford)",,,1,,,,No recorded activity on this area (ledger from 2026-02-03)
"Alison Bennett (Liberal Democrat, Mid Sussex)",,,1,,,,No recorded activity on this area (ledger from 2026-02-03)
"Alison Taylor (Labour, Paisley and Renfrewshire North)",,,1,,,,No recorded activity on this area (ledger from 2026-02-03)
"Amanda Hack (Labour, North West Leicestershire)",,,1,,,,No recorded activity on this area (ledger from 2026-02-03)
"Andrew Bowie (Conservative, West Aberdeenshire and Kincardine)",,,1,,,,No recorded activity on this area (ledger from 2026-02-03)
"Andrew Griffith (Conservative, Arundel and South Downs)",,,1,,,,No recorded activity on this area (ledger from 2026-02-03)
"Andrew Lewin (Labour, Welwyn Hatfield)",,,1,,,,No recorded activity on this area (ledger from 2026-02-03)
"Andrew Pakes (Labour (Co-op), Peterborough)",,,1,,,,No recorded activity on this area (ledger from 2026-02-03)
"Andrew Ranger (Labour, Wrexham)",,,1,,,,No recorded activity on this area (ledger from 2026-02-03)
"Andrew Rosindell (Reform UK, Romford)",,,1,,,,No recorded activity on this area (ledger from 2026-02-03)
"Andrew Western (Labour, Stretford and Urmston)",,,1,,,,No recorded activity on this area (ledger from 2026-02-03)
"Andy Burnham (Labour (Co-op), Makerfield)",,,1,,,,No recorded activity on this area (ledger from 2026-02-03)
"Andy MacNae (Labour, Rossendale and Darwen)",,,1,,,,No recorded activity on this area (ledger from 2026-02-03)
"Andy McDonald (Labour, Middlesbrough and Thornaby East)",,,1,,,,No recorded activity on this area (ledger from 2026-02-03)
"Andy Slaughter (Labour, Hammersmith and Chiswick)",,,1,,,,No recorded activity on this area (ledger from 2026-02-03)
"Ann Davies (Plaid Cymru, Caerfyrddin)",,,1,,,,No recorded activity on this area (ledger from 2026-02-03)
"Anna Dixon (Labour, Shipley)",,,1,,,,No recorded activity on this area (ledger from 2026-02-03)
"Anna Gelderd (Labour, South East Cornwall)",,,1,,,,No recorded activity on this area (ledger from 2026-02-03)
"Anna McMorrin (Labour, Cardiff North)",,,1,,,,No recorded activity on this area (ledger from 2026-02-03)
"Anna Turley (Labour (Co-op), Redcar)",,,1,,,,No recorded activity on this area (ledger from 2026-02-03)
"Anneliese Midgley (Labour, Knowsley)",,,1,,,,No recorded activity on this area (ledger from 2026-02-03)
"Antonia Bance (Labour, Tipton and Wednesbury)",,,1,,,,No recorded activity on this area (ledger from 2026-02-03)
"Aphra Brandreth (Conservative, Chester South and Eddisbury)",,,1,,,,No recorded activity on this area (ledger from 2026-02-03)
"Ayoub Khan (Independent, Birmingham Perry Barr)",,,1,,,,No recorded activity on this area (ledger from 2026-02-03)
"Baggy Shanker (Labour (Co-op), Derby South)",,,1,,,,No recorded activity on this area (ledger from 2026-02-03)
"Barry Gardiner (Labour, Brent West)",,,1,,,,No recorded activity on this area (ledger from 2026-02-03)
"Becky Gittins (Labour, Clwyd East)",,,1,,,,No recorded activity on this area (ledger from 2026-02-03)
"Ben Coleman (Labour, Chelsea and Fulham)",,,1,,,,No recorded activity on this area (ledger from 2026-02-03)
"Ben Goldsborough (Labour, South Norfolk)",,,1,,,,No recorded activity on this area (ledger from 2026-02-03)
"Ben Lake (Plaid Cymru, Ceredigion Preseli)",,,1,,,,No recorded activity on this area (ledger from 2026-02-03)
"Ben Maguire (Liberal Democrat, North Cornwall)",,,1,,,,No recorded activity on this area (ledger from 2026-02-03)
"Bill Esterson (Labour, Sefton Central)",,,1,,,,No recorded activity on this area (ledger from 2026-02-03)
"Blair McDougall (Labour, East Renfrewshire)",,,1,,,,No recorded activity on this area (ledger from 2026-02-03)
"Blake Stephenson (Conservative, Mid Bedfordshire)",,,1,,,,No recorded activity on this area (ledger from 2026-02-03)
"Bob Blackman (Conservative, Harrow East)",,,1,,,,No recorded activity on this area (ledger from 2026-02-03)
"Brendan O'Hara (Scottish National Party, Argyll, Bute and South Lochaber)",,,1,,,,No recorded activity on this area (ledger from 2026-02-03)
"Brian Leishman (Labour, Alloa and Grangemouth)",,,1,,,,No recorded activity on this area (ledger from 2026-02-03)
"Brian Mathew (Liberal Democrat, Melksham and Devizes)",,,1,,,,No recorded activity on this area (ledger from 2026-02-03)
"Callum Anderson (Labour, Buckingham and Bletchley)",,,1,,,,No recorded activity on this area (ledger from 2026-02-03)
"Carla Denyer (Green Party, Bristol Central)",,,1,,,,No recorded activity on this area (ledger from 2026-02-03)
"Carolyn Harris (Labour, Neath and Swansea East)",,,1,,,,No recorded activity on this area (ledger from 2026-02-03)
"Cat Eccles (Labour, Stourbridge)",,,1,,,,No recorded activity on this area (ledger from 2026-02-03)
"Cat Smith (Labour, Lancaster and Wyre)",,,1,,,,No recorded activity on this area (ledger from 2026-02-03)
"Catherine Fookes (Labour, Monmouthshire)",,,1,,,,No recorded activity on this area (ledger from 2026-02-03)
"Catherine West (Labour, Hornsey and Friern Barnet)",,,1,,,,No recorded activity on this area (ledger from 2026-02-03)
"Charlie Dewhirst (Conservative, Bridlington and The Wolds)",,,1,,,,No recorded activity on this area (ledger from 2026-02-03)
"Charlie Maynard (Liberal Democrat, Witney)",,,1,,,,No recorded activity on this area (ledger from 2026-02-03)
"Charlotte Cane (Liberal Democrat, Ely and East Cambridgeshire)",,,1,,,,No recorded activity on this area (ledger from 2026-02-03)
"Chris Bryant (Labour, Rhondda and Ogmore)",,,1,,,,No recorded activity on this area (ledger from 2026-02-03)
"Chris Coghlan (Liberal Democrat, Dorking and Horley)",,,1,,,,No recorded activity on this area (ledger from 2026-02-03)
"Chris Curtis (Labour, Milton Keynes North)",,,1,,,,No recorded activity on this area (ledger from 2026-02-03)
"Chris Elmore (Labour, Bridgend)",,,1,,,,No recorded activity on this area (ledger from 2026-02-03)
"Chris Hazzard (Sinn Féin, South Down)",,,1,,,,No recorded activity on this area (ledger from 2026-02-03)
"Chris Kane (Labour, Stirling and Strathallan)",,,1,,,,No recorded activity on this area (ledger from 2026-02-03)
"Chris Law (Scottish National Party, Dundee Central)",,,1,,,,No recorded activity on this area (ledger from 2026-02-03)
"Chris Ward (Labour, Brighton Kemptown and Peacehaven)",,,1,,,,No recorded activity on this area (ledger from 2026-02-03)
"Chris Webb (Labour, Blackpool South)",,,1,,,,No recorded activity on this area (ledger from 2026-02-03)
"Christian Wakeford (Labour, Bury South)",,,1,,,,No recorded activity on this area (ledger from 2026-02-03)
"Christine Jardine (Liberal Democrat, Edinburgh West)",,,1,,,,No recorded activity on this area (ledger from 2026-02-03)
"Claire Hanna (Social Democratic & Labour Party, Belfast South and Mid Down)",,,1,,,,No recorded activity on this area (ledger from 2026-02-03)
"Claire Hazelgrove (Labour, Filton and Bradley Stoke)",,,1,,,,No recorded activity on this area (ledger from 2026-02-03)
"Claire Hughes (Labour, Bangor Aberconwy)",,,1,,,,No recorded activity on this area (ledger from 2026-02-03)
"Clive Efford (Labour, Eltham and Chislehurst)",,,1,,,,No recorded activity on this area (ledger from 2026-02-03)
"Clive Lewis (Labour, Norwich South)",,,1,,,,No recorded activity on this area (ledger from 2026-02-03)
"Colum Eastwood (Social Democratic & Labour Party, Foyle)",,,1,,,,No recorded activity on this area (ledger from 2026-02-03)
"Connor Naismith (Labour, Crewe and Nantwich)",,,1,,,,No recorded activity on this area (ledger from 2026-02-03)
"Dame Angela Eagle (Labour, Wallasey)",,,1,,,,No recorded activity on this area (ledger from 2026-02-03)
"Dame Harriett Baldwin (Conservative, West Worcestershire)",,,1,,,,No recorded activity on this area (ledger from 2026-02-03)
"Dame Karen Bradley (Conservative, Staffordshire Moorlands)",,,1,,,,No recorded activity on this area (ledger from 2026-02-03)
"Dame Meg Hillier (Labour (Co-op), Hackney South and Shoreditch)",,,1,,,,No recorded activity on this area (ledger from 2026-02-03)
"Dame Siobhain McDonagh (Labour, Mitcham and Morden)",,,1,,,,No recorded activity on this area (ledger from 2026-02-03)
"Damien Egan (Labour, Bristol North East)",,,1,,,,No recorded activity on this area (ledger from 2026-02-03)
"Dan Aldridge (Labour, Weston-super-Mare)",,,1,,,,No recorded activity on this area (ledger from 2026-02-03)
"Dan Carden (Labour, Liverpool Walton)",,,1,,,,No recorded activity on this area (ledger from 2026-02-03)
"Dan Jarvis (Labour, Barnsley North)",,,1,,,,No recorded activity on this area (ledger from 2026-02-03)
"Dan Norris (Independent, North East Somerset and Hanham)",,,1,,,,No recorded activity on this area (ledger from 2026-02-03)
"Dan Tomlinson (Labour, Chipping Barnet)",,,1,,,,No recorded activity on this area (ledger from 2026-02-03)
"Daniel Zeichner (Labour, Cambridge)",,,1,,,,No recorded activity on this area (ledger from 2026-02-03)
"Danny Beales (Labour, Uxbridge and South Ruislip)",,,1,,,,No recorded activity on this area (ledger from 2026-02-03)
"Danny Kruger (Reform UK, East Wiltshire)",,,1,,,,No recorded activity on this area (ledger from 2026-02-03)
"Darren Jones (Labour, Bristol North West)",,,1,,,,No recorded activity on this area (ledger from 2026-02-03)
"Dave Doogan (Scottish National Party, Angus and Perthshire Glens)",,,1,,,,No recorded activity on this area (ledger from 2026-02-03)
"Dave Robertson (Labour, Lichfield)",,,1,,,,No recorded activity on this area (ledger from 2026-02-03)
"David Burton-Sampson (Labour, Southend West and Leigh)",,,1,,,,No recorded activity on this area (ledger from 2026-02-03)
"David Chadwick (Liberal Democrat, Brecon, Radnor and Cwm Tawe)",,,1,,,,No recorded activity on this area (ledger from 2026-02-03)
"David Davis (Conservative, Goole and Pocklington)",,,1,,,,No recorded activity on this area (ledger from 2026-02-03)
"David Mundell (Conservative, Dumfriesshire, Clydesdale and Tweeddale)",,,1,,,,No recorded activity on this area (ledger from 2026-02-03)
"David Pinto-Duschinsky (Labour, Hendon)",,,1,,,,No recorded activity on this area (ledger from 2026-02-03)
"David Reed (Conservative, Exmouth and Exeter East)",,,1,,,,No recorded activity on this area (ledger from 2026-02-03)
"David Taylor (Labour, Hemel Hempstead)",,,1,,,,No recorded activity on this area (ledger from 2026-02-03)
"David Williams (Labour, Stoke-on-Trent North)",,,1,,,,No recorded activity on this area (ledger from 2026-02-03)
"Dawn Butler (Labour, Brent East)",,,1,,,,No recorded activity on this area (ledger from 2026-02-03)
"Debbie Abrahams (Labour, Oldham East and Saddleworth)",,,1,,,,No recorded activity on this area (ledger from 2026-02-03)
"Deirdre Costigan (Labour, Ealing Southall)",,,1,,,,No recorded activity on this area (ledger from 2026-02-03)
"Derek Twigg (Labour, Widnes and Halewood)",,,1,,,,No recorded activity on this area (ledger from 2026-02-03)
"Douglas Lumsden (Conservative, Aberdeen South)",,,1,,,,No recorded activity on this area (ledger from 2026-02-03)
"Douglas McAllister (Labour, West Dunbartonshire)",,,1,,,,No recorded activity on this area (ledger from 2026-02-03)
"Dr Allison Gardner (Labour, Stoke-on-Trent South)",,,1,,,,No recorded activity on this area (ledger from 2026-02-03)
"Dr Andrew Murrison (Conservative, South West Wiltshire)",,,1,,,,No recorded activity on this area (ledger from 2026-02-03)
"Dr Beccy Cooper (Labour, Worthing West)",,,1,,,,No recorded activity on this area (ledger from 2026-02-03)
"Dr Danny Chambers (Liberal Democrat, Winchester)",,,1,,,,No recorded activity on this area (ledger from 2026-02-03)
"Dr Jeevun Sandher (Labour, Loughborough)",,,1,,,,No recorded activity on this area (ledger from 2026-02-03)
"Dr Lauren Sullivan (Labour, Gravesham)",,,1,,,,No recorded activity on this area (ledger from 2026-02-03)
"Dr Luke Evans (Conservative, Hinckley and Bosworth)",,,1,,,,No recorded activity on this area (ledger from 2026-02-03)
"Dr Neil Hudson (Conservative, Epping Forest)",,,1,,,,No recorded activity on this area (ledger from 2026-02-03)
"Dr Neil Shastri-Hurst (Conservative, Solihull West and Shirley)",,,1,,,,No recorded activity on this area (ledger from 2026-02-03)
"Dr Rosena Allin-Khan (Labour, Tooting)",,,1,,,,No recorded activity on this area (ledger from 2026-02-03)
"Dr Rupa Huq (Labour, Ealing Central and Acton)",,,1,,,,No recorded activity on this area (ledger from 2026-02-03)
"Dr Scott Arthur (Labour, Edinburgh South West)",,,1,,,,No recorded activity on this area (ledger from 2026-02-03)
"Dr Simon Opher (Labour, Stroud)",,,1,,,,No recorded activity on this area (ledger from 2026-02-03)
"Dáire Hughes (Sinn Féin, Newry and Armagh)",,,1,,,,No recorded activity on this area (ledger from 2026-02-03)
"Ed Davey (Liberal Democrat, Kingston and Surbiton)",,,1,,,,No recorded activity on this area (ledger from 2026-02-03)
"Ed Miliband (Labour, Doncaster North)",,,1,,,,No recorded activity on this area (ledger from 2026-02-03)
"Edward Argar (Conservative, Melton and Syston)",,,1,,,,No recorded activity on this area (ledger from 2026-02-03)
"Edward Morello (Liberal Democrat, West Dorset)",,,1,,,,No recorded activity on this area (ledger from 2026-02-03)
"Elaine Stewart (Labour, Ayr, Carrick and Cumnock)",,,1,,,,No recorded activity on this area (ledger from 2026-02-03)
"Emily Thornberry (Labour, Islington South and Finsbury)",,,1,,,,No recorded activity on this area (ledger from 2026-02-03)
"Emma Foody (Labour (Co-op), Cramlington and Killingworth)",,,1,,,,No recorded activity on this area (ledger from 2026-02-03)
"Esther McVey (Conservative, Tatton)",,,1,,,,No recorded activity on this area (ledger from 2026-02-03)
"Euan Stainbank (Labour, Falkirk)",,,1,,,,No recorded activity on this area (ledger from 2026-02-03)
"Fabian Hamilton (Labour, Leeds North East)",,,1,,,,No recorded activity on this area (ledger from 2026-02-03)
"Fleur Anderson (Labour, Putney)",,,1,,,,No recorded activity on this area (ledger from 2026-02-03)
"Florence Eshalomi (Labour (Co-op), Vauxhall and Camberwell Green)",,,1,,,,No recorded activity on this area (ledger from 2026-02-03)
"Frank McNally (Labour, Coatbridge and Bellshill)",,,1,,,,No recorded activity on this area (ledger from 2026-02-03)
"Fred Thomas (Labour, Plymouth Moor View)",,,1,,,,No recorded activity on this area (ledger from 2026-02-03)
"Gareth Bacon (Conservative, Orpington)",,,1,,,,No recorded activity on this area (ledger from 2026-02-03)
"Gareth Davies (Conservative, Grantham and Bourne)",,,1,,,,No recorded activity on this area (ledger from 2026-02-03)
"Gareth Snell (Labour (Co-op), Stoke-on-Trent Central)",,,1,,,,No recorded activity on this area (ledger from 2026-02-03)
"Gareth Thomas (Labour (Co-op), Harrow West)",,,1,,,,No recorded activity on this area (ledger from 2026-02-03)
"Gavin Robinson (Democratic Unionist Party, Belfast East)",,,1,,,,No recorded activity on this area (ledger from 2026-02-03)
"Gen Kitchen (Labour, Wellingborough and Rushden)",,,1,,,,No recorded activity on this area (ledger from 2026-02-03)
"George Freeman (Conservative, Mid Norfolk)",,,1,,,,No recorded activity on this area (ledger from 2026-02-03)
"Georgia Gould (Labour, Queen's Park and Maida Vale)",,,1,,,,No recorded activity on this area (ledger from 2026-02-03)
"Gerald Jones (Labour, Merthyr Tydfil and Aberdare)",,,1,,,,No recorded activity on this area (ledger from 2026-02-03)
"Gill Furniss (Labour, Sheffield Brightside and Hillsborough)",,,1,,,,No recorded activity on this area (ledger from 2026-02-03)
"Gill German (Labour, Clwyd North)",,,1,,,,No recorded activity on this area (ledger from 2026-02-03)
"Gordon McKee (Labour, Glasgow South)",,,1,,,,No recorded activity on this area (ledger from 2026-02-03)
"Graeme Downie (Labour, Dunfermline and Dollar)",,,1,,,,No recorded activity on this area (ledger from 2026-02-03)
"Graham Leadbitter (Scottish National Party, Moray West, Nairn and Strathspey)",,,1,,,,No recorded activity on this area (ledger from 2026-02-03)
"Graham Stringer (Labour, Blackley and Middleton South)",,,1,,,,No recorded activity on this area (ledger from 2026-02-03)
"Grahame Morris (Labour, Easington)",,,1,,,,No recorded activity on this area (ledger from 2026-02-03)
"Greg Smith (Conservative, Mid Buckinghamshire)",,,1,,,,No recorded activity on this area (ledger from 2026-02-03)
"Gregor Poynton (Labour, Livingston)",,,1,,,,No recorded activity on this area (ledger from 2026-02-03)
"Gurinder Singh Josan (Labour, Smethwick)",,,1,,,,No recorded activity on this area (ledger from 2026-02-03)
"Hannah Spencer (Green Party, Gorton and Denton)",,,1,,,,No recorded activity on this area (ledger from 2026-02-03)
"Harpreet Uppal (Labour, Huddersfield)",,,1,,,,No recorded activity on this area (ledger from 2026-02-03)
"Heidi Alexander (Labour, Swindon South)",,,1,,,,No recorded activity on this area (ledger from 2026-02-03)
"Helen Grant (Conservative, Maidstone and Malling)",,,1,,,,No recorded activity on this area (ledger from 2026-02-03)
"Helen Whately (Conservative, Faversham and Mid Kent)",,,1,,,,No recorded activity on this area (ledger from 2026-02-03)
"Henry Tufnell (Labour, Mid and South Pembrokeshire)",,,1,,,,No recorded activity on this area (ledger from 2026-02-03)
"Hilary Benn (Labour, Leeds South)",,,1,,,,No recorded activity on this area (ledger from 2026-02-03)
"Ian Byrne (Labour, Liverpool West Derby)",,,1,,,,No recorded activity on this area (ledger from 2026-02-03)
"Imogen Walker (Labour, Hamilton and Clyde Valley)",,,1,,,,No recorded activity on this area (ledger from 2026-02-03)
"Imran Hussain (Labour, Bradford East)",,,1,,,,No recorded activity on this area (ledger from 2026-02-03)
"Iqbal Mohamed (Independent, Dewsbury and Batley)",,,1,,,,No recorded activity on this area (ledger from 2026-02-03)
"Irene Campbell (Labour, North Ayrshire and Arran)",,,1,,,,No recorded activity on this area (ledger from 2026-02-03)
"Jack Abbott (Labour (Co-op), Ipswich)",,,1,,,,No recorded activity on this area (ledger from 2026-02-03)
"Jacob Collier (Labour, Burton and Uttoxeter)",,,1,,,,No recorded activity on this area (ledger from 2026-02-03)
"James Asser (Labour, West Ham and Beckton)",,,1,,,,No recorded activity on this area (ledger from 2026-02-03)
"James Cartlidge (Conservative, South Suffolk)",,,1,,,,No recorded activity on this area (ledger from 2026-02-03)
"James McMurdock (Independent, South Basildon and East Thurrock)",,,1,,,,No recorded activity on this area (ledger from 2026-02-03)
"James Wild (Conservative, North West Norfolk)",,,1,,,,No recorded activity on this area (ledger from 2026-02-03)
"Janet Daby (Labour, Lewisham East)",,,1,,,,No recorded activity on this area (ledger from 2026-02-03)
"Jas Athwal (Labour, Ilford South)",,,1,,,,No recorded activity on this area (ledger from 2026-02-03)
"Jayne Kirkham (Labour (Co-op), Truro and Falmouth)",,,1,,,,No recorded activity on this area (ledger from 2026-02-03)
"Jen Craft (Labour, Thurrock)",,,1,,,,No recorded activity on this area (ledger from 2026-02-03)
"Jenny Riddell-Carpenter (Labour, Suffolk Coastal)",,,1,,,,No recorded activity on this area (ledger from 2026-02-03)
"Jessica Morden (Labour, Newport East)",,,1,,,,No recorded activity on this area (ledger from 2026-02-03)
"Jessica Toale (Labour, Bournemouth West)",,,1,,,,No recorded activity on this area (ledger from 2026-02-03)
"Jim Dickson (Labour, Dartford)",,,1,,,,No recorded activity on this area (ledger from 2026-02-03)
"Jo Platt (Labour (Co-op), Leigh and Atherton)",,,1,,,,No recorded activity on this area (ledger from 2026-02-03)
"Jo Stevens (Labour, Cardiff East)",,,1,,,,No recorded activity on this area (ledger from 2026-02-03)
"Joani Reid (Labour, East Kilbride and Strathaven)",,,1,,,,No recorded activity on this area (ledger from 2026-02-03)
"Jodie Gosling (Labour, Nuneaton)",,,1,,,,No recorded activity on this area (ledger from 2026-02-03)
"Joe Morris (Labour, Hexham)",,,1,,,,No recorded activity on this area (ledger from 2026-02-03)
"Joe Powell (Labour, Kensington and Bayswater)",,,1,,,,No recorded activity on this area (ledger from 2026-02-03)
"Joe Robertson (Conservative, Isle of Wight East)",,,1,,,,No recorded activity on this area (ledger from 2026-02-03)
"Johanna Baxter (Labour, Paisley and Renfrewshire South)",,,1,,,,No recorded activity on this area (ledger from 2026-02-03)
"John Cooper (Conservative, Dumfries and Galloway)",,,1,,,,No recorded activity on this area (ledger from 2026-02-03)
"John Finucane (Sinn Féin, Belfast North)",,,1,,,,No recorded activity on this area (ledger from 2026-02-03)
"John Glen (Conservative, Salisbury)",,,1,,,,No recorded activity on this area (ledger from 2026-02-03)
"John Grady (Labour, Glasgow East)",,,1,,,,No recorded activity on this area (ledger from 2026-02-03)
"John Healey (Labour, Rawmarsh and Conisbrough)",,,1,,,,No recorded activity on this area (ledger from 2026-02-03)
"John Lamont (Conservative, Berwickshire, Roxburgh and Selkirk)",,,1,,,,No recorded activity on this area (ledger from 2026-02-03)
"John Milne (Liberal Democrat, Horsham)",,,1,,,,No recorded activity on this area (ledger from 2026-02-03)
"John Slinger (Labour, Rugby)",,,1,,,,No recorded activity on this area (ledger from 2026-02-03)
"Jon Pearce (Labour, High Peak)",,,1,,,,No recorded activity on this area (ledger from 2026-02-03)
"Jon Trickett (Labour, Normanton and Hemsworth)",,,1,,,,No recorded activity on this area (ledger from 2026-02-03)
"Jonathan Hinder (Labour, Pendle and Clitheroe)",,,1,,,,No recorded activity on this area (ledger from 2026-02-03)
"Josh Dean (Labour, Hertford and Stortford)",,,1,,,,No recorded activity on this area (ledger from 2026-02-03)
"Josh Fenton-Glynn (Labour, Calder Valley)",,,1,,,,No recorded activity on this area (ledger from 2026-02-03)
"Josh Newbury (Labour, Cannock Chase)",,,1,,,,No recorded activity on this area (ledger from 2026-02-03)
"Julia Buckley (Labour, Shrewsbury)",,,1,,,,No recorded activity on this area (ledger from 2026-02-03)
"Juliet Campbell (Labour, Broxtowe)",,,1,,,,No recorded activity on this area (ledger from 2026-02-03)
"Karin Smyth (Labour, Bristol South)",,,1,,,,No recorded activity on this area (ledger from 2026-02-03)
"Karl Turner (Independent, Kingston upon Hull East)",,,1,,,,No recorded activity on this area (ledger from 2026-02-03)
"Kate Dearden (Labour (Co-op), Halifax)",,,1,,,,No recorded activity on this area (ledger from 2026-02-03)
"Katie White (Labour, Leeds North West)",,,1,,,,No recorded activity on this area (ledger from 2026-02-03)
"Katrina Murray (Labour, Cumbernauld and Kirkintilloch)",,,1,,,,No recorded activity on this area (ledger from 2026-02-03)
"Keir Mather (Labour, Selby)",,,1,,,,No recorded activity on this area (ledger from 2026-02-03)
"Kenneth Stevenson (Labour, Airdrie and Shotts)",,,1,,,,No recorded activity on this area (ledger from 2026-02-03)
"Kerry McCarthy (Labour, Bristol East)",,,1,,,,No recorded activity on this area (ledger from 2026-02-03)
"Kevin Bonavia (Labour, Stevenage)",,,1,,,,No recorded activity on this area (ledger from 2026-02-03)
"Kevin McKenna (Labour, Sittingbourne and Sheppey)",,,1,,,,No recorded activity on this area (ledger from 2026-02-03)
"Kim Leadbeater (Labour, Spen Valley)",,,1,,,,No recorded activity on this area (ledger from 2026-02-03)
"Kirith Entwistle (Labour, Bolton North East)",,,1,,,,No recorded activity on this area (ledger from 2026-02-03)
"Kirsteen Sullivan (Labour (Co-op), Bathgate and Linlithgow)",,,1,,,,No recorded activity on this area (ledger from 2026-02-03)
"Kirsty McNeill (Labour (Co-op), Midlothian)",,,1,,,,No recorded activity on this area (ledger from 2026-02-03)
"Kit Malthouse (Conservative, North West Hampshire)",,,1,,,,No recorded activity on this area (ledger from 2026-02-03)
"Lara Bird (Scottish National Party, Arbroath and Broughty Ferry)",,,1,,,,No recorded activity on this area (ledger from 2026-02-03)
"Laura Kyrke-Smith (Labour, Aylesbury)",,,1,,,,No recorded activity on this area (ledger from 2026-02-03)
"Lauren Edwards (Labour, Rochester and Strood)",,,1,,,,No recorded activity on this area (ledger from 2026-02-03)
"Laurence Turner (Labour, Birmingham Northfield)",,,1,,,,No recorded activity on this area (ledger from 2026-02-03)
"Lee Barron (Labour, Corby and East Northamptonshire)",,,1,,,,No recorded activity on this area (ledger from 2026-02-03)
"Leigh Ingham (Labour, Stafford)",,,1,,,,No recorded activity on this area (ledger from 2026-02-03)
"Lewis Cocking (Conservative, Broxbourne)",,,1,,,,No recorded activity on this area (ledger from 2026-02-03)
"Liam Byrne (Labour, Birmingham Hodge Hill and Solihull North)",,,1,,,,No recorded activity on this area (ledger from 2026-02-03)
"Lilian Greenwood (Labour, Nottingham South)",,,1,,,,No recorded activity on this area (ledger from 2026-02-03)
"Lillian Jones (Labour, Kilmarnock and Loudoun)",,,1,,,,No recorded activity on this area (ledger from 2026-02-03)
"Lincoln Jopp (Conservative, Spelthorne)",,,1,,,,No recorded activity on this area (ledger from 2026-02-03)
"Linsey Farnsworth (Labour, Amber Valley)",,,1,,,,No recorded activity on this area (ledger from 2026-02-03)
"Lisa Nandy (Labour, Wigan)",,,1,,,,No recorded activity on this area (ledger from 2026-02-03)
"Lisa Smart (Liberal Democrat, Hazel Grove)",,,1,,,,No recorded activity on this area (ledger from 2026-02-03)
"Liz Kendall (Labour, Leicester West)",,,1,,,,No recorded activity on this area (ledger from 2026-02-03)
"Liz Saville Roberts (Plaid Cymru, Dwyfor Meirionnydd)",,,1,,,,No recorded activity on this area (ledger from 2026-02-03)
"Liz Twist (Labour, Blaydon and Consett)",,,1,,,,No recorded activity on this area (ledger from 2026-02-03)
"Llinos Medi (Plaid Cymru, Ynys Môn)",,,1,,,,No recorded activity on this area (ledger from 2026-02-03)
"Lloyd Hatton (Labour, South Dorset)",,,1,,,,No recorded activity on this area (ledger from 2026-02-03)
"Lola McEvoy (Labour, Darlington)",,,1,,,,No recorded activity on this area (ledger from 2026-02-03)
"Lorraine Beavers (Labour, Blackpool North and Fleetwood)",,,1,,,,No recorded activity on this area (ledger from 2026-02-03)
"Louise Haigh (Labour, Sheffield Heeley)",,,1,,,,No recorded activity on this area (ledger from 2026-02-03)
"Louise Sandher-Jones (Labour, North East Derbyshire)",,,1,,,,No recorded activity on this area (ledger from 2026-02-03)
"Lucy Rigby (Labour, Northampton North)",,,1,,,,No recorded activity on this area (ledger from 2026-02-03)
"Luke Akehurst (Labour, North Durham)",,,1,,,,No recorded activity on this area (ledger from 2026-02-03)
"Luke Myer (Labour, Middlesbrough South and East Cleveland)",,,1,,,,No recorded activity on this area (ledger from 2026-02-03)
"Luke Pollard (Labour (Co-op), Plymouth Sutton and Devonport)",,,1,,,,No recorded activity on this area (ledger from 2026-02-03)
"Luke Taylor (Liberal Democrat, Sutton and Cheam)",,,1,,,,No recorded activity on this area (ledger from 2026-02-03)
"Margaret Mullane (Labour, Dagenham and Rainham)",,,1,,,,No recorded activity on this area (ledger from 2026-02-03)
"Maria Eagle (Labour, Liverpool Garston)",,,1,,,,No recorded activity on this area (ledger from 2026-02-03)
"Mark Ferguson (Labour, Gateshead Central and Whickham)",,,1,,,,No recorded activity on this area (ledger from 2026-02-03)
"Mark Garnier (Conservative, Wyre Forest)",,,1,,,,No recorded activity on this area (ledger from 2026-02-03)
"Mark Sewards (Labour, Leeds South West and Morley)",,,1,,,,No recorded activity on this area (ledger from 2026-02-03)
"Markus Campbell-Savours (Labour, Penrith and Solway)",,,1,,,,No recorded activity on this area (ledger from 2026-02-03)
"Martin McCluskey (Labour, Inverclyde and Renfrewshire West)",,,1,,,,No recorded activity on this area (ledger from 2026-02-03)
"Martin Rhodes (Labour, Glasgow North)",,,1,,,,No recorded activity on this area (ledger from 2026-02-03)
"Martin Vickers (Conservative, Brigg and Immingham)",,,1,,,,No recorded activity on this area (ledger from 2026-02-03)
"Martin Wrigley (Liberal Democrat, Newton Abbot)",,,1,,,,No recorded activity on this area (ledger from 2026-02-03)
"Mary Creagh (Labour, Coventry East)",,,1,,,,No recorded activity on this area (ledger from 2026-02-03)
"Matt Rodda (Labour, Reading Central)",,,1,,,,No recorded activity on this area (ledger from 2026-02-03)
"Matt Turmaine (Labour, Watford)",,,1,,,,No recorded activity on this area (ledger from 2026-02-03)
"Matt Western (Labour, Warwick and Leamington)",,,1,,,,No recorded activity on this area (ledger from 2026-02-03)
"Matthew Patrick (Labour, Wirral West)",,,1,,,,No recorded activity on this area (ledger from 2026-02-03)
"Matthew Pennycook (Labour, Greenwich and Woolwich)",,,1,,,,No recorded activity on this area (ledger from 2026-02-03)
"Maureen Burke (Labour, Glasgow North East)",,,1,,,,No recorded activity on this area (ledger from 2026-02-03)
"Melanie Onn (Labour, Great Grimsby and Cleethorpes)",,,1,,,,No recorded activity on this area (ledger from 2026-02-03)
"Melanie Ward (Labour, Cowdenbeath and Kirkcaldy)",,,1,,,,No recorded activity on this area (ledger from 2026-02-03)
"Miatta Fahnbulleh (Labour (Co-op), Peckham)",,,1,,,,No recorded activity on this area (ledger from 2026-02-03)
"Michael Payne (Labour, Gedling)",,,1,,,,No recorded activity on this area (ledger from 2026-02-03)
"Michael Shanks (Labour, Rutherglen)",,,1,,,,No recorded activity on this area (ledger from 2026-02-03)
"Michael Wheeler (Labour, Worsley and Eccles)",,,1,,,,No recorded activity on this area (ledger from 2026-02-03)
"Michelle Scrogham (Labour, Barrow and Furness)",,,1,,,,No recorded activity on this area (ledger from 2026-02-03)
"Mike Kane (Labour, Wythenshawe and Sale East)",,,1,,,,No recorded activity on this area (ledger from 2026-02-03)
"Mike Martin (Liberal Democrat, Tunbridge Wells)",,,1,,,,No recorded activity on this area (ledger from 2026-02-03)
"Mike Reader (Labour, Northampton South)",,,1,,,,No recorded activity on this area (ledger from 2026-02-03)
"Mike Tapp (Labour, Dover and Deal)",,,1,,,,No recorded activity on this area (ledger from 2026-02-03)
"Mike Wood (Conservative, Kingswinford and South Staffordshire)",,,1,,,,No recorded activity on this area (ledger from 2026-02-03)
"Mohammad Yasin (Labour, Bedford)",,,1,,,,No recorded activity on this area (ledger from 2026-02-03)
"Mr Andrew Snowden (Conservative, Fylde)",,,1,,,,No recorded activity on this area (ledger from 2026-02-03)
"Mr Bayo Alaba (Labour, Southend East and Rochford)",,,1,,,,No recorded activity on this area (ledger from 2026-02-03)
"Mr Calvin Bailey (Labour, Leyton and Wanstead)",,,1,,,,No recorded activity on this area (ledger from 2026-02-03)
"Mr Cathal Mallaghan (Sinn Féin, Mid Ulster)",,,1,,,,No recorded activity on this area (ledger from 2026-02-03)
"Mr Clive Betts (Labour, Sheffield South East)",,,1,,,,No recorded activity on this area (ledger from 2026-02-03)
"Mr David Lammy (Labour, Tottenham)",,,1,,,,No recorded activity on this area (ledger from 2026-02-03)
"Mr Douglas Alexander (Labour (Co-op), Lothian East)",,,1,,,,No recorded activity on this area (ledger from 2026-02-03)
"Mr Gagan Mohindra (Conservative, South West Hertfordshire)",,,1,,,,No recorded activity on this area (ledger from 2026-02-03)
"Mr Hamish Falconer (Labour, Lincoln)",,,1,,,,No recorded activity on this area (ledger from 2026-02-03)
"Mr James Frith (Labour, Bury North)",,,1,,,,No recorded activity on this area (ledger from 2026-02-03)
"Mr Louie French (Conservative, Old Bexley and Sidcup)",,,1,,,,No recorded activity on this area (ledger from 2026-02-03)
"Mr Luke Charters (Labour, York Outer)",,,1,,,,No recorded activity on this area (ledger from 2026-02-03)
"Mr Mark Francois (Conservative, Rayleigh and Wickford)",,,1,,,,No recorded activity on this area (ledger from 2026-02-03)
"Mr Paul Foster (Labour, South Ribble)",,,1,,,,No recorded activity on this area (ledger from 2026-02-03)
"Mr Paul Kohler (Liberal Democrat, Wimbledon)",,,1,,,,No recorded activity on this area (ledger from 2026-02-03)
"Mr Peter Bedford (Conservative, Mid Leicestershire)",,,1,,,,No recorded activity on this area (ledger from 2026-02-03)
"Mr Richard Holden (Conservative, Basildon and Billericay)",,,1,,,,No recorded activity on this area (ledger from 2026-02-03)
"Mr Toby Perkins (Labour, Chesterfield)",,,1,,,,No recorded activity on this area (ledger from 2026-02-03)
"Mrs Elsie Blundell (Labour, Heywood and Middleton North)",,,1,,,,No recorded activity on this area (ledger from 2026-02-03)
"Mrs Sharon Hodgson (Labour, Washington and Gateshead South)",,,1,,,,No recorded activity on this area (ledger from 2026-02-03)
"Ms Abena Oppong-Asare (Labour, Erith and Thamesmead)",,,1,,,,No recorded activity on this area (ledger from 2026-02-03)
"Ms Diane Abbott (Labour, Hackney North and Stoke Newington)",,,1,,,,No recorded activity on this area (ledger from 2026-02-03)
"Ms Julie Minns (Labour, Carlisle)",,,1,,,,No recorded activity on this area (ledger from 2026-02-03)
"Ms Polly Billington (Labour, East Thanet)",,,1,,,,No recorded activity on this area (ledger from 2026-02-03)
"Nadia Whittome (Labour, Nottingham East)",,,1,,,,No recorded activity on this area (ledger from 2026-02-03)
"Natalie Fleet (Labour, Bolsover)",,,1,,,,No recorded activity on this area (ledger from 2026-02-03)
"Naushabah Khan (Labour, Gillingham and Rainham)",,,1,,,,No recorded activity on this area (ledger from 2026-02-03)
"Neil Coyle (Labour, Bermondsey and Old Southwark)",,,1,,,,No recorded activity on this area (ledger from 2026-02-03)
"Neil Duncan-Jordan (Labour, Poole)",,,1,,,,No recorded activity on this area (ledger from 2026-02-03)
"Nesil Caliskan (Labour, Barking)",,,1,,,,No recorded activity on this area (ledger from 2026-02-03)
"Nick Smith (Labour, Blaenau Gwent and Rhymney)",,,1,,,,No recorded activity on this area (ledger from 2026-02-03)
"Nick Thomas-Symonds (Labour, Torfaen)",,,1,,,,No recorded activity on this area (ledger from 2026-02-03)
"Nigel Huddleston (Conservative, Droitwich and Evesham)",,,1,,,,No recorded activity on this area (ledger from 2026-02-03)
"Olly Glover (Liberal Democrat, Didcot and Wantage)",,,1,,,,No recorded activity on this area (ledger from 2026-02-03)
"Pam Cox (Labour, Colchester)",,,1,,,,No recorded activity on this area (ledger from 2026-02-03)
"Pamela Nash (Labour, Motherwell, Wishaw and Carluke)",,,1,,,,No recorded activity on this area (ledger from 2026-02-03)
"Pat Cullen (Sinn Féin, Fermanagh and South Tyrone)",,,1,,,,No recorded activity on this area (ledger from 2026-02-03)
"Pat McFadden (Labour, Wolverhampton South East)",,,1,,,,No recorded activity on this area (ledger from 2026-02-03)
"Patricia Ferguson (Labour, Glasgow West)",,,1,,,,No recorded activity on this area (ledger from 2026-02-03)
"Patrick Hurley (Labour, Southport)",,,1,,,,No recorded activity on this area (ledger from 2026-02-03)
"Patrick Spencer (Independent, Central Suffolk and North Ipswich)",,,1,,,,No recorded activity on this area (ledger from 2026-02-03)
"Paul Davies (Labour, Colne Valley)",,,1,,,,No recorded activity on this area (ledger from 2026-02-03)
"Paul Holmes (Conservative, Hamble Valley)",,,1,,,,No recorded activity on this area (ledger from 2026-02-03)
"Paul Maskey (Sinn Féin, Belfast West)",,,1,,,,No recorded activity on this area (ledger from 2026-02-03)
"Paula Barker (Labour, Liverpool Wavertree)",,,1,,,,No recorded activity on this area (ledger from 2026-02-03)
"Paulette Hamilton (Labour, Birmingham Erdington)",,,1,,,,No recorded activity on this area (ledger from 2026-02-03)
"Perran Moon (Labour, Camborne and Redruth)",,,1,,,,No recorded activity on this area (ledger from 2026-02-03)
"Peter Dowd (Labour, Bootle)",,,1,,,,No recorded activity on this area (ledger from 2026-02-03)
"Peter Fortune (Conservative, Bromley and Biggin Hill)",,,1,,,,No recorded activity on this area (ledger from 2026-02-03)
"Peter Kyle (Labour, Hove and Portslade)",,,1,,,,No recorded activity on this area (ledger from 2026-02-03)
"Peter Lamb (Labour, Crawley)",,,1,,,,No recorded activity on this area (ledger from 2026-02-03)
"Peter Swallow (Labour, Bracknell)",,,1,,,,No recorded activity on this area (ledger from 2026-02-03)
"Phil Brickell (Labour, Bolton West)",,,1,,,,No recorded activity on this area (ledger from 2026-02-03)
"Preet Kaur Gill (Labour (Co-op), Birmingham Edgbaston)",,,1,,,,No recorded activity on this area (ledger from 2026-02-03)
"Rachel Blake (Labour (Co-op), Cities of London and Westminster)",,,1,,,,No recorded activity on this area (ledger from 2026-02-03)
"Rachel Gilmour (Liberal Democrat, Tiverton and Minehead)",,,1,,,,No recorded activity on this area (ledger from 2026-02-03)
"Rachel Reeves (Labour, Leeds West and Pudsey)",,,1,,,,No recorded activity on this area (ledger from 2026-02-03)
"Rachel Taylor (Labour, North Warwickshire and Bedworth)",,,1,,,,No recorded activity on this area (ledger from 2026-02-03)
"Rebecca Harris (Conservative, Castle Point)",,,1,,,,No recorded activity on this area (ledger from 2026-02-03)
"Rebecca Long Bailey (Labour, Salford)",,,1,,,,No recorded activity on this area (ledger from 2026-02-03)
"Richard Baker (Labour, Glenrothes and Mid Fife)",,,1,,,,No recorded activity on this area (ledger from 2026-02-03)
"Richard Burgon (Labour, Leeds East)",,,1,,,,No recorded activity on this area (ledger from 2026-02-03)
"Richard Foord (Liberal Democrat, Honiton and Sidmouth)",,,1,,,,No recorded activity on this area (ledger from 2026-02-03)
"Richard Fuller (Conservative, North Bedfordshire)",,,1,,,,No recorded activity on this area (ledger from 2026-02-03)
"Richard Quigley (Labour, Isle of Wight West)",,,1,,,,No recorded activity on this area (ledger from 2026-02-03)
"Rosie Duffield (Independent, Canterbury)",,,1,,,,No recorded activity on this area (ledger from 2026-02-03)
"Rosie Wrighting (Labour, Kettering)",,,1,,,,No recorded activity on this area (ledger from 2026-02-03)
"Ruth Cadbury (Labour, Brentford and Isleworth)",,,1,,,,No recorded activity on this area (ledger from 2026-02-03)
"Ruth Jones (Labour, Newport West and Islwyn)",,,1,,,,No recorded activity on this area (ledger from 2026-02-03)
"Sadik Al-Hassan (Labour, North Somerset)",,,1,,,,No recorded activity on this area (ledger from 2026-02-03)
"Sally Jameson (Labour (Co-op), Doncaster Central)",,,1,,,,No recorded activity on this area (ledger from 2026-02-03)
"Sam Rushworth (Labour, Bishop Auckland)",,,1,,,,No recorded activity on this area (ledger from 2026-02-03)
"Samantha Dixon (Labour, Chester North and Neston)",,,1,,,,No recorded activity on this area (ledger from 2026-02-03)
"Sarah Bool (Conservative, South Northamptonshire)",,,1,,,,No recorded activity on this area (ledger from 2026-02-03)
"Sarah Coombes (Labour, West Bromwich)",,,1,,,,No recorded activity on this area (ledger from 2026-02-03)
"Sarah Edwards (Labour, Tamworth)",,,1,,,,No recorded activity on this area (ledger from 2026-02-03)
"Sarah Hall (Labour (Co-op), Warrington South)",,,1,,,,No recorded activity on this area (ledger from 2026-02-03)
"Sarah Jones (Labour, Croydon West)",,,1,,,,No recorded activity on this area (ledger from 2026-02-03)
"Sarah Owen (Labour, Luton North)",,,1,,,,No recorded activity on this area (ledger from 2026-02-03)
"Satvir Kaur (Labour, Southampton Test)",,,1,,,,No recorded activity on this area (ledger from 2026-02-03)
"Seamus Logan (Scottish National Party, Aberdeenshire North and Moray East)",,,1,,,,No recorded activity on this area (ledger from 2026-02-03)
"Sean Woodcock (Labour, Banbury)",,,1,,,,No recorded activity on this area (ledger from 2026-02-03)
"Shaun Davies (Labour, Telford)",,,1,,,,No recorded activity on this area (ledger from 2026-02-03)
"Shivani Raja (Conservative, Leicester East)",,,1,,,,No recorded activity on this area (ledger from 2026-02-03)
"Shockat Adam (Independent, Leicester South)",,,1,,,,No recorded activity on this area (ledger from 2026-02-03)
"Simon Hoare (Conservative, North Dorset)",,,1,,,,No recorded activity on this area (ledger from 2026-02-03)
"Simon Lightwood (Labour (Co-op), Wakefield and Rothwell)",,,1,,,,No recorded activity on this area (ledger from 2026-02-03)
"Sir Alan Campbell (Labour, Tynemouth)",,,1,,,,No recorded activity on this area (ledger from 2026-02-03)
"Sir Alec Shelbrooke (Conservative, Wetherby and Easingwold)",,,1,,,,No recorded activity on this area (ledger from 2026-02-03)
"Sir Andrew Mitchell (Conservative, Sutton Coldfield)",,,1,,,,No recorded activity on this area (ledger from 2026-02-03)
"Sir Ashley Fox (Conservative, Bridgwater)",,,1,,,,No recorded activity on this area (ledger from 2026-02-03)
"Sir Bernard Jenkin (Conservative, Harwich and North Essex)",,,1,,,,No recorded activity on this area (ledger from 2026-02-03)
"Sir Christopher Chope (Conservative, Christchurch)",,,1,,,,No recorded activity on this area (ledger from 2026-02-03)
"Sir Desmond Swayne (Conservative, New Forest West)",,,1,,,,No recorded activity on this area (ledger from 2026-02-03)
"Sir Edward Leigh (Conservative, Gainsborough)",,,1,,,,No recorded activity on this area (ledger from 2026-02-03)
"Sir Geoffrey Cox (Conservative, Torridge and Tavistock)",,,1,,,,No recorded activity on this area (ledger from 2026-02-03)
"Sir Iain Duncan Smith (Conservative, Chingford and Woodford Green)",,,1,,,,No recorded activity on this area (ledger from 2026-02-03)
"Sir Jeremy Hunt (Conservative, Godalming and Ash)",,,1,,,,No recorded activity on this area (ledger from 2026-02-03)
"Sir John Hayes (Conservative, South Holland and The Deepings)",,,1,,,,No recorded activity on this area (ledger from 2026-02-03)
"Sir John Whittingdale (Conservative, Maldon)",,,1,,,,No recorded activity on this area (ledger from 2026-02-03)
"Sir Julian Smith (Conservative, Skipton and Ripon)",,,1,,,,No recorded activity on this area (ledger from 2026-02-03)
"Sir Mark Hendrick (Labour (Co-op), Preston)",,,1,,,,No recorded activity on this area (ledger from 2026-02-03)
"Sir Mark Tami (Labour, Alyn and Deeside)",,,1,,,,No recorded activity on this area (ledger from 2026-02-03)
"Sir Mel Stride (Conservative, Central Devon)",,,1,,,,No recorded activity on this area (ledger from 2026-02-03)
"Sir Nicholas Dakin (Labour, Scunthorpe)",,,1,,,,No recorded activity on this area (ledger from 2026-02-03)
"Sir Oliver Dowden (Conservative, Hertsmere)",,,1,,,,No recorded activity on this area (ledger from 2026-02-03)
"Sir Roger Gale (Conservative, Herne Bay and Sandwich)",,,1,,,,No recorded activity on this area (ledger from 2026-02-03)
"Sir Stephen Timms (Labour, East Ham)",,,1,,,,No recorded activity on this area (ledger from 2026-02-03)
"Siân Berry (Green Party, Brighton Pavilion)",,,1,,,,No recorded activity on this area (ledger from 2026-02-03)
"Sojan Joseph (Labour, Ashford)",,,1,,,,No recorded activity on this area (ledger from 2026-02-03)
"Sonia Kumar (Labour, Dudley)",,,1,,,,No recorded activity on this area (ledger from 2026-02-03)
"Sorcha Eastwood (Alliance, Lagan Valley)",,,1,,,,No recorded activity on this area (ledger from 2026-02-03)
"Steff Aquarone (Liberal Democrat, North Norfolk)",,,1,,,,No recorded activity on this area (ledger from 2026-02-03)
"Stephanie Peacock (Labour, Barnsley South)",,,1,,,,No recorded activity on this area (ledger from 2026-02-03)
"Steve Barclay (Conservative, North East Cambridgeshire)",,,1,,,,No recorded activity on this area (ledger from 2026-02-03)
"Steve Race (Labour, Exeter)",,,1,,,,No recorded activity on this area (ledger from 2026-02-03)
"Steve Witherden (Labour, Montgomeryshire and Glyndŵr)",,,1,,,,No recorded activity on this area (ledger from 2026-02-03)
"Steve Yemm (Labour, Mansfield)",,,1,,,,No recorded activity on this area (ledger from 2026-02-03)
"Stuart Anderson (Conservative, South Shropshire)",,,1,,,,No recorded activity on this area (ledger from 2026-02-03)
"Sureena Brackenridge (Labour, Wolverhampton North East)",,,1,,,,No recorded activity on this area (ledger from 2026-02-03)
"Susan Murray (Liberal Democrat, Mid Dunbartonshire)",,,1,,,,No recorded activity on this area (ledger from 2026-02-03)
"Tahir Ali (Labour, Birmingham Hall Green and Moseley)",,,1,,,,No recorded activity on this area (ledger from 2026-02-03)
"Taiwo Owatemi (Labour, Coventry North West)",,,1,,,,No recorded activity on this area (ledger from 2026-02-03)
"Terry Jermy (Labour, South West Norfolk)",,,1,,,,No recorded activity on this area (ledger from 2026-02-03)
"Tim Roca (Labour, Macclesfield)",,,1,,,,No recorded activity on this area (ledger from 2026-02-03)
"Tom Collins (Labour, Worcester)",,,1,,,,No recorded activity on this area (ledger from 2026-02-03)
"Tom Gordon (Liberal Democrat, Harrogate and Knaresborough)",,,1,,,,No recorded activity on this area (ledger from 2026-02-03)
"Tom Morrison (Liberal Democrat, Cheadle)",,,1,,,,No recorded activity on this area (ledger from 2026-02-03)
"Tom Rutland (Labour, East Worthing and Shoreham)",,,1,,,,No recorded activity on this area (ledger from 2026-02-03)
"Tom Tugendhat (Conservative, Tonbridge)",,,1,,,,No recorded activity on this area (ledger from 2026-02-03)
"Tony Vaughan (Labour, Folkestone and Hythe)",,,1,,,,No recorded activity on this area (ledger from 2026-02-03)
"Torcuil Crichton (Labour, Na h-Eileanan an Iar)",,,1,,,,No recorded activity on this area (ledger from 2026-02-03)
"Torsten Bell (Labour, Swansea West)",,,1,,,,No recorded activity on this area (ledger from 2026-02-03)
"Tracy Gilbert (Labour, Edinburgh North and Leith)",,,1,,,,No recorded activity on this area (ledger from 2026-02-03)
"Tristan Osborne (Labour, Chatham and Aylesford)",,,1,,,,No recorded activity on this area (ledger from 2026-02-03)
"Tulip Siddiq (Labour, Hampstead and Highgate)",,,1,,,,No recorded activity on this area (ledger from 2026-02-03)
"Uma Kumaran (Labour, Stratford and Bow)",,,1,,,,No recorded activity on this area (ledger from 2026-02-03)
"Valerie Vaz (Labour, Walsall and Bloxwich)",,,1,,,,No recorded activity on this area (ledger from 2026-02-03)
"Vicky Foxcroft (Labour, Lewisham North)",,,1,,,,No recorded activity on this area (ledger from 2026-02-03)
"Yuan Yang (Labour, Earley and Woodley)",,,1,,,,No recorded activity on this area (ledger from 2026-02-03)
"Órfhlaith Begley (Sinn Féin, West Tyrone)",,,1,,,,No recorded activity on this area (ledger from 2026-02-03)
"Munira Wilson (Liberal Democrat, Twickenham)",,,,1,,,"CONFLICTING SIGNALS - review all evidence | 2026-04-27 DEBATE: Spoke:  Children’s Wellbeing and Schools Bill (re: Online Harms) [unscored] | 2026-03-09 DEBATE: Spoke: Children’s Wellbeing and Schools Bill (re: Children's Wellbeing and Schools) [unscored] | 2026-02-24 DEBATE: Spoke: Online Harm: Child Protection [-: Proposes mandatory content controls and time limits for young users, favouring regulatory overreach on speech/platforms] | 2026-02-24 DEBATE: Spoke: Online Harm: Child Protection [unscored] | 2026-02-24 DEBATE: Spoke: Online Harm: Child Protection [unscored] | 2026-02-12 DEBATE: Spoke:  Healthy Relationships (re: relationships and sex education) [0: General family policy remarks, no clear stance on RSE content or family definition] | 2026-01-28 DEBATE: Spoke: Local Authority Children’s Services (re: children not in school) [unscored] | 2025-12-01 DEBATE: Spoke: Children’s Wellbeing and Schools Bill (re: children not in school) [unscored] | 2025-12-01 DEBATE: Spoke: Children’s Wellbeing and Schools Bill (re: grooming gang) [0: Defends data-sharing identifier for safeguarding, not clearly about parental rights direction] | 2025-09-04 DEBATE: Spoke:  Early Education and Childcare (re: parental rights) [unscored] | 2025-04-01 DEBATE: Spoke:  Relationship Education in Schools (re: relationships and sex education) [unscored] | 2025-03-18 DEBATE: Spoke:  Children’s Wellbeing and Schools Bill (re: home education) [0: Debate on school uniform cost caps and VAT, not a clear parental rights signal] | 2025-03-18 DEBATE: Spoke:  Children’s Wellbeing and Schools Bill (re: Children's Wellbeing and Schools) [unscored] | 2025-02-25 DEBATE: Spoke:  SEND Education Support (re: Children's Wellbeing and Schools) [unscored] | 2025-02-11 DEBATE: Spoke: Children's Wellbeing and Schools Bill (Fourteenth sitting) [unscored] | 2025-01-30 DEBATE: Spoke: Children's Wellbeing and Schools Bill (Eighth sitting) [+: Pushes back on intrusive home education data collection, protecting parental/home-school rights] | 2025-01-21 DEBATE: Spoke: Children's Wellbeing and Schools Bill (First sitting) [unscored] | 2025-01-21 DEBATE: Spoke: Children's Wellbeing and Schools Bill (First sitting) [unscored] | 2025-01-21 DEBATE: Spoke: Children's Wellbeing and Schools Bill (Second sitting) [unscored] | 2025-01-21 DEBATE: Spoke: Children's Wellbeing and Schools Bill (Second sitting) [unscored] | 2025-01-08 DEBATE: Spoke: Children’s Wellbeing and Schools Bill (re: Children's Wellbeing and Schools) [-: Prioritises school safeguarding attendance over parental discretion, citing Sara Sharif case] | 2025-01-08 DEBATE: Spoke: Children’s Wellbeing and Schools Bill (re: home education) [unscored] | 2025-01-08 DEBATE: Spoke: Children’s Wellbeing and Schools Bill (re: Children's Wellbeing and Schools) [+: Backs amendment supporting families who choose to home-educate, favouring parental rights] | 2023-10-23 PQ: Home Education: Registration and Regulation [unscored] | 2021-01-11 DEBATE: Spoke:  Covid-19 Vaccination Roll-out (re: home schooling) [0: Covid vaccine prioritisation debate, unrelated to parental rights in education] | 2020-07-21 DEBATE: Spoke: BBC (re: home schooling) [unscored] | 2020-07-02 DEBATE: Spoke:  Education Settings: Autumn Opening (re: home schooling) [unscored] | 2020-01-29 DEBATE: Spoke:  Special Educational Needs and Disability Funding (re: home schooling) [0: Discusses SEND funding shortfalls, not parental rights in education directly]"
"Stephen Morgan (Labour, Portsmouth South)",,,,1,,,"CONFLICTING SIGNALS - review all evidence | 2025-07-03 DEBATE: Spoke:  Children with Allergies:  School Safeguarding (re: Children's Wellbeing and Schools) [unscored] | 2025-03-17 DEBATE: Spoke:  Children’s Wellbeing and Schools Bill (re: child protection) [unscored] | 2025-02-11 DEBATE: Spoke: Children's Wellbeing and Schools Bill (Fourteenth sitting) [0: Explains exam access guidance for home educators, procedural and balanced, no clear directional stance] | 2025-01-30 DEBATE: Spoke: Children's Wellbeing and Schools Bill (Eighth sitting) [unscored] | 2025-01-30 DEBATE: Spoke: Children's Wellbeing and Schools Bill (Eighth sitting) [unscored] | 2025-01-30 DEBATE: Spoke: Children's Wellbeing and Schools Bill (Eighth sitting) [-: Backs stricter school attendance order process limiting parental appeal timing over home education] | 2025-01-30 DEBATE: Spoke: Children's Wellbeing and Schools Bill (Eighth sitting) [0: Procedural update on child safeguarding funding, no clear parental rights or family stance] | 2025-01-30 DEBATE: Spoke: Children's Wellbeing and Schools Bill (Eighth sitting) [-: Opposes amendments reducing state oversight of home education, favouring register requirements over parental discretion] | 2025-01-30 DEBATE: Spoke: Children's Wellbeing and Schools Bill (Eighth sitting) [unscored] | 2025-01-30 DEBATE: Spoke: Children's Wellbeing and Schools Bill (Eighth sitting) [unscored] | 2025-01-30 DEBATE: Spoke: Children's Wellbeing and Schools Bill (Eighth sitting) [unscored] | 2025-01-30 DEBATE: Spoke: Children's Wellbeing and Schools Bill (Eighth sitting) [unscored] | 2025-01-30 DEBATE: Spoke: Children's Wellbeing and Schools Bill (Eighth sitting) [unscored] | 2025-01-28 DEBATE: Spoke: Children's Wellbeing and Schools Bill (Fifth sitting) [0: Discusses child deprivation of liberty safeguards, unrelated to parental education rights] | 2025-01-28 DEBATE: Spoke: Children's Wellbeing and Schools Bill (Fifth sitting) [0: Minister thanking members procedurally, no substantive stance shown] | 2025-01-21 DEBATE: Spoke: Children's Wellbeing and Schools Bill (Second sitting) [0: Neutral factual question seeking assessment of school registers for children not in school] | 2023-06-07 DEBATE: Spoke:  Pupil Roll Numbers and School Closures: London (re: home education) [0: Discusses school closures and pupil numbers, not parental rights in education specifically] | 2023-03-27 DEBATE: Spoke: Home Education [unscored] | 2022-06-30 DEBATE: Spoke: BACKBENCH BUSINESS (re: coercion) [+: Criticises unregulated online RHSE content, favouring controlled, parent-involved classroom education]"
"Catherine McKinnell (Labour, Newcastle upon Tyne North)",,,,1,,,"2025-06-19 DEBATE: Spoke:  Water Safety Education (re: PSHE) [unscored] | 2025-03-18 DEBATE: Spoke:  Children’s Wellbeing and Schools Bill (re: Children's Wellbeing and Schools) [unscored] | 2025-03-18 DEBATE: Spoke:  Children’s Wellbeing and Schools Bill (re: home education) [0: Defends academy expansion policy, not directly engaging parental rights concerns] | 2025-03-13 DEBATE: Spoke: Young Carers: Educational Opportunities (re: Children's Wellbeing and Schools) [unscored] | 2025-02-11 DEBATE: Spoke: Children's Wellbeing and Schools Bill (Fourteenth sitting) [unscored] | 2025-02-11 DEBATE: Spoke: Children's Wellbeing and Schools Bill (Thirteenth sitting) [unscored] | 2025-02-11 DEBATE: Spoke: Children's Wellbeing and Schools Bill (Fourteenth sitting) [-: Minister resists new duty for schools to give parents full curriculum materials, citing workload] | 2025-02-11 DEBATE: Spoke: Children's Wellbeing and Schools Bill (Fourteenth sitting) [0: Procedural discussion on school violence policy, not touching parental rights directly] | 2025-02-11 DEBATE: Spoke: Children's Wellbeing and Schools Bill (Thirteenth sitting) [unscored] | 2025-02-11 DEBATE: Spoke: Children's Wellbeing and Schools Bill (Thirteenth sitting) [unscored] | 2025-02-11 DEBATE: Spoke: Children's Wellbeing and Schools Bill (Fourteenth sitting) [0: Discusses kinship carer employment support, unrelated to parental rights in education content] | 2025-02-06 DEBATE: Spoke: Children's Wellbeing and Schools Bill (Twelfth sitting) [0: Discusses grooming gang safeguarding reforms, unrelated to parental education rights] | 2025-02-06 DEBATE: Spoke: Children's Wellbeing and Schools Bill (Twelfth sitting) [unscored] | 2025-02-06 DEBATE: Spoke: Children's Wellbeing and Schools Bill (Eleventh sitting) [0: Procedural discussion of local authority school admission direction powers] | 2025-01-28 DEBATE: Spoke: Children's Wellbeing and Schools Bill (Fifth sitting) [unscored] | 2025-01-21 DEBATE: Spoke: Children's Wellbeing and Schools Bill (First sitting) [-: Supports mandatory home-education register, favouring state oversight over parental autonomy] | 2024-03-18 DEBATE: Spoke: Relationships Education: LGBT Content (re: relationships and sex education) [unscored] | 2024-01-23 DEBATE: Spoke: Children Not in School:  National Register and Support [unscored]"
"Bridget Phillipson (Labour, Houghton and Sunderland South)",,,,1,,,"2025-04-22 DEBATE: Spoke: “For Women Scotland”  Supreme Court Ruling [unscored] | 2025-03-18 DEBATE: Spoke:  Children’s Wellbeing and Schools Bill (re: child protection) [unscored] | 2025-01-27 DEBATE: Spoke: Child Safeguarding (re: home education) [unscored] | 2025-01-08 DEBATE: Spoke: Children’s Wellbeing and Schools Bill (re: children not in school) [-: Supports state powers to override parental home-education choices in some cases] | 2025-01-08 DEBATE: Spoke: Children’s Wellbeing and Schools Bill (re: Children's Wellbeing and Schools) [unscored] | 2025-01-08 DEBATE: Spoke: Children’s Wellbeing and Schools Bill (re: children not in school) [unscored] | 2024-01-23 DEBATE: Spoke: Children Not in School:  National Register and Support [unscored] | 2024-01-23 DEBATE: Spoke: Children Not in School:  National Register and Support [-: Pushes mandatory state register of home-educated children, increasing oversight over parental choice]"
"Mr Will Forster (Liberal Democrat, Woking)",,,,1,,,"2026-06-04 DEBATE: Spoke: Home-to-School Transport (re: Children's Wellbeing and Schools) [0: Discusses SEND transport failings, unrelated to parental rights in education] | 2026-02-12 EDM-SIGNED: Signed EDM: Child protection from illicit vapes [unscored] | 2026-01-28 DEBATE: Spoke: Local Authority Children’s Services (re: home education) [0: Focuses on child safeguarding funding, not parental rights in education specifically] | 2025-12-01 DEBATE: Spoke: Children’s Wellbeing and Schools Bill (re: home education) [-: Suggests councils require sign-off for home education, limiting parental autonomy] | 2025-12-01 DEBATE: Spoke: Children’s Wellbeing and Schools Bill (re: home schooling) [unscored] | 2025-11-27 DEBATE: Spoke:  Domestic Abuse: Children (re: Children's Wellbeing and Schools) [unscored] | 2025-02-24 EDM-SIGNED: Signed EDM: Wellbeing of home educated children (re: home education) [unscored] | 2025-01-08 DEBATE: Spoke: Children’s Wellbeing and Schools Bill (re: Children's Wellbeing and Schools) [unscored]"
"Olivia Bailey (Labour, Reading West and Mid Berkshire)",,,,1,,,"CONFLICTING SIGNALS - review all evidence | 2026-04-27 DEBATE: Spoke:  Children’s Wellbeing and Schools Bill (re: Children's Wellbeing and Schools) [unscored] | 2026-04-27 DEBATE: Spoke:  Children’s Wellbeing and Schools Bill (re: Children's Wellbeing and Schools) [0: Focuses on child online safety measures, not parental rights in education specifically] | 2026-04-15 DEBATE: Spoke:  Children’s Wellbeing and Schools Bill (re: Online Safety Act) [unscored] | 2026-04-15 DEBATE: Spoke:  Children’s Wellbeing and Schools Bill (re: Children's Wellbeing and Schools) [unscored] | 2026-03-09 DEBATE: Spoke: Children’s Wellbeing and Schools Bill (re: Online Safety Act) [unscored] | 2025-12-01 DEBATE: Spoke: Children’s Wellbeing and Schools Bill (re: home education) [-: Introduces new local authority controls and consent requirements limiting home education freedom] | 2025-12-01 DEBATE: Spoke: Children’s Wellbeing and Schools Bill (re: children not in school) [0: Government minister discussing safeguarding and school standards, no direct parental rights stance] | 2025-12-01 DEBATE: Spoke: Children’s Wellbeing and Schools Bill (re: Children's Wellbeing and Schools) [+: Minister defends home educators' rights, denying claim that option is being removed]"
"Catherine Atkinson (Labour, Derby North)",,,,1,,,"2025-02-11 DEBATE: Spoke: Children's Wellbeing and Schools Bill (Thirteenth sitting) [0: Discusses grooming gang definitions, unrelated to parental rights in education] | 2025-02-11 DEBATE: Spoke: Children's Wellbeing and Schools Bill (Thirteenth sitting) [unscored] | 2025-02-11 DEBATE: Spoke: Children's Wellbeing and Schools Bill (Thirteenth sitting) [unscored] | 2025-01-21 DEBATE: Spoke: Children's Wellbeing and Schools Bill (Second sitting) [-: Witness pushes for register and oversight limiting parental discretion to withdraw children into home education]"
"Darren Paffey (Labour, Southampton Itchen)",,,,1,,,"2026-04-27 DEBATE: Spoke:  Children’s Wellbeing and Schools Bill (re: Children's Wellbeing and Schools) [-: Praises Bill and pushes for faster online safety action, favouring regulatory overreach concerns] | 2025-10-30 DEBATE: Spoke:  Children’s Social Care (re: protected characteristic) [unscored] | 2025-01-21 DEBATE: Spoke: Children's Wellbeing and Schools Bill (First sitting) [0: Procedural evidence question on care leaver support, no clear stance] | 2025-01-08 DEBATE: Spoke: Children’s Wellbeing and Schools Bill (re: Children's Wellbeing and Schools) [unscored]"
"John Whitby (Labour, Derbyshire Dales)",,,,1,,,"CONFLICTING SIGNALS - review all evidence | 2026-01-28 DEBATE: Spoke: Local Authority Children’s Services (re: home schooling) [unscored] | 2025-12-01 DEBATE: Spoke: Children’s Wellbeing and Schools Bill (re: home education) [-: Supports local authorities refusing home education, favouring state oversight over parental rights] | 2025-02-04 DEBATE: Spoke:  Children in Care (re: family hub) [+: Supports family group decision making and keeping families together, favouring family stability] | 2025-01-08 DEBATE: Spoke: Children’s Wellbeing and Schools Bill (re: Children's Wellbeing and Schools) [-: Supports scrutiny of home-educating families to prevent avoidance of oversight]"
"Judith Cummins (Labour, Bradford South)",,,,1,,,"2025-06-18 DEBATE: Spoke:  Crime and Policing Bill [unscored] | 2025-03-18 DEBATE: Spoke:  Children’s Wellbeing and Schools Bill (re: relationships and sex education) [0: Procedural discussion of free school meals amendments, no parental rights content] | 2025-03-17 DEBATE: Spoke:  Children’s Wellbeing and Schools Bill (re: Children's Wellbeing and Schools) [unscored] | 2024-01-23 DEBATE: Spoke:  School Attendance (re: home schooling) [-: Calls for new home-schooling register to track pupils, favouring state oversight over parental autonomy]"
"Charlotte Nichols (Labour, Warrington North)",,,,1,,,"2023-06-15 DEBATE: Spoke: Pride Month (re: conversion therapy) [unscored] | 2022-12-13 DEBATE: Spoke: ONLINE SAFETY BILL (First sitting) [-: Argues to keep broad online speech regulation clauses, favouring more oversight] | 2021-02-03 DEBATE: Spoke:  Grooming Gangs [unscored]"
"Dame Caroline Dinenage (Conservative, Gosport)",,,,1,,,"2023-11-21 DEBATE: Spoke:  Autism and Learning Disability Training (re: home education) [unscored] | 2023-09-12 DEBATE: Spoke: Online Safety Bill [-: Strongly praises expanded Online Safety Bill protections, no free speech caveats raised] | 2022-01-13 DEBATE: Spoke:  Draft Online Safety Bill Report [-: Enthusiastically praises sweeping Online Safety Bill regulation, favouring heavy internet control]"
"Kirsty Blackman (Scottish National Party, Aberdeen North)",,,,1,,,2026-02-24 DEBATE: Spoke: Online Harm: Child Protection [unscored] | 2026-02-24 DEBATE: Spoke: Online Harm: Child Protection [unscored] | 2022-12-13 DEBATE: Spoke: ONLINE SAFETY BILL (Second sitting) [-: Pushes to close loophole and expand regulation of private online communications]
"Victoria Collins (Liberal Democrat, Harpenden and Berkhamsted)",,,,1,,,"2026-02-24 DEBATE: Spoke: Online Harm: Child Protection [-: Pushes for more online harms regulation, favouring expanded state intervention over free speech caution] | 2025-03-11 DEBATE: Spoke: Data (Use and Access) Bill [ Lords ] (Third sitting) (re: parental consent) [unscored] | 2025-02-24 DEBATE: Spoke: Social Media Use: Minimum Age (re: parental consent) [unscored]"
"Olivia Blake (Labour, Sheffield Hallam)",,,,1,,,"2023-06-07 DEBATE: Spoke:  Asylum-seeking Children:  Hotel Accommodation [unscored] | 2023-02-02 DEBATE: Spoke: LGBT History Month (re: conversion therapy) [-: Personal advocacy for LGBTQ+ visibility and resistance to erasure, against traditionalist framing]"
"Stuart Andrew (Conservative, Daventry)",,,,1,,,"2023-11-29 DEBATE: Spoke:  Section 28 Repeal: 20th Anniversary (re: relationships and sex education) [-: Celebrates Section 28 repeal and LGBT progress including same-sex marriage, not traditional framing] | 2023-06-15 DEBATE: Spoke: Pride Month (re: conversion practices) [unscored]"
"Ashley Dalton (Labour, West Lancashire)",,,,1,,,"2024-01-23 DEBATE: Spoke: Children Not in School:  National Register and Support [-: Advocates state register capturing home-educated children among 'barriers', favours oversight]"
"Jo White (Labour, Bassetlaw)",,,,1,,,"2025-01-08 DEBATE: Spoke: Children’s Wellbeing and Schools Bill (re: Children's Wellbeing and Schools) [-: Raises concerns about home-schooling being misused, implying need for more oversight of parental choice]"
"Mr Jonathan Brash (Labour, Hartlepool)",,,,1,,,"2025-01-08 DEBATE: Spoke: Children’s Wellbeing and Schools Bill (re: Children's Wellbeing and Schools) [-: Supports increased state oversight and duties over home-schooling parents, limiting parental autonomy]"
"Priti Patel (Conservative, Witham)",,,,1,,,"2022-12-05 DEBATE: Spoke:  Online Safety Bill [-: Enthusiastically backs expansive Online Safety Bill, raising speech-overreach concerns]"
"Mr Connor Rand (Labour, Altrincham and Sale West)",,,,,1,,2025-01-08 DEBATE: Spoke: Children’s Wellbeing and Schools Bill (re: home education) [--: Supports removing automatic right to home-educate and new state registers]
