Decision-Maker,++,+,0,-,--,Target (Y/N),Based on,Confidence,Evidence items,Profile,Comments,Party,Province
Garnett Genuis (Conservative) - Sherwood Park—Fort Saskatchewan,1,,,,,,"a vote, 3 years ago","strong (recorded vote, human-confirmed reading)",65,,"2025-09-16 PETITION 2 copies, 2025-06-11 to 2025-09-16 (Taxation, 59 signatures, also presented by 9 other MP(s)) judge 3: Petition opposes stripping charitable status from religious and anti-abortion groups, directly engaging religi [presenting a petition does not imply endorsement] | 2025-09-16 SPEECH Petitions — Charitable Organizations: ""Notwithstanding his protestations, the member for Winnipeg North can observe in this report, as peti"" [activity, not direction] | 2025-06-06 PETITION 35 copies, 2021-12-16 to 2025-06-06 (Social affairs and equality, 1238 signatures, also presented by 21 other MP(s)) judge 3: Seeks to stop denial of charitable status to pro-life and faith-based organisations, directly protecting relig [presenting a petition does not imply endorsement] | 2024-11-27 PETITION 6 copies, 2023-09-19 to 2024-11-27 (Foreign affairs, 259 signatures) judge 2: Petition urges Canada to stop funding abortion advocacy abroad and refocus aid on basic needs, directly bearin [presenting a petition does not imply endorsement] | 2024-10-29 SPEECH Petitions — Charitable Organizations: ""In that election platform, the Liberals proposed to apply political criteria to the charitable statu"" [activity, not direction] | 2024-10-08 SPEECH Petitions — Charitable Organizations: ""This petition, which I am tabling today, raises concern about the politicization of charitable statu"" [activity, not direction] | 2024-10-03 SPEECH Petitions — Charitable Organizations: ""Petitioners therefore call on the House of Commons to protect and preserve the application of charit"" [activity, not direction] | 2024-02-12 SPEECH Petitions — Charitable Organizations: ""The petitioners say that charities and other non-profit organizations should not be discriminated ag"" [activity, not direction] | 2023-09-29 PETITION 441-01703 (Justice, 44 signatures, also presented by 6 other MP(s)) judge 3: Petition seeks Criminal Code recognition of preborn children as crime victims via sentencing reform, reopening [presenting a petition does not imply endorsement] | VOTE YEA: 2023-06-14 2nd reading of Bill C-311, An Act to amend the Criminal Code (violence (Negatived) [+2: Voted to advance a bill making the pregnancy of a victim an aggravating factor at sentencing -- recognition of the unbor] | 2023-06-09 SPEECH Criminal Code: ""The study that I think the member is referring to was a priority of the Liberals and the NDP. They w"" [activity, not direction] | 2023-05-15 SPEECH Petitions — Charitable Organizations: ""The petitioners call upon the House of Commons to protect and preserve the application of charitable"" [activity, not direction] | 2023-04-25 SPEECH Petitions — Charitable Organizations: ""The petitioners are calling on the House of Commons to protect and preserve the application of chari"" [activity, not direction] | 2023-03-30 SPEECH Petitions — Charitable Organizations: ""Petitioners argue that charitable status should be allocated on a politically neutral basis based on"" [activity, not direction] | 2023-03-27 SPEECH Criminal Code: ""Madam Speaker, again, we see the eagerness of Liberal and NDP politicians to shift the conversation "" [activity, not direction] | 2023-02-13 SPEECH Criminal Code: ""In conversations, my uncle has reflected on the contrast between Gabriel’s experience and that of hi"" [activity, not direction] | 2023-02-06 SPEECH Petitions — Charitable Organizations: ""The petitioners are calling on the House and the government to protect and preserve the application "" [activity, not direction] | 2023-01-31 SPEECH Petitions — Charitable Organizations: ""Therefore, the petitioners call on the Government of Canada to protect and preserve the application "" [activity, not direction] | 2022-12-13 SPEECH Committees of the House — Foreign Affairs and Inte: ""Significant human rights issues included credible reports of: unlawful or arbitrary killings, includ"" [activity, not direction] | 2022-12-06 SPEECH Petitions — Charitable Organizations: ""Finally, Madam Speaker, I am tabling a petition from people who are concerned about the government's"" [activity, not direction] | 2022-11-30 SPEECH Petitions — Charitable Organizations: ""Mr. Speaker, the next petition also deals with an issue of freedom of speech and expression. It is a"" [activity, not direction] | 2022-11-28 SPEECH Petitions — Charitable Organizations: ""The first petition is raising concern about a commitment made in the Liberals' last election platfor"" [activity, not direction] | 2022-11-22 PETITION 70 copies, 2020-09-28 to 2022-11-22 (Foreign affairs, 2886 signatures, also presented by 54 other MP(s)) judge 3: Raises forced organ harvesting allegations against China, an area CitizenGO watches, though primarily a foreig [presenting a petition does not imply endorsement] | 2022-11-22 SPEECH Petitions — Human Rights: ""The petitioners note various reports showing, for instance, forced sterilization, forced abortion an"" [activity, not direction] | 2022-10-26 SPEECH Uighurs and other Turkic Muslims: ""I think about those apartment buildings and the people who could see the injustice happening in fron"" [activity, not direction] | 2022-10-24 SPEECH Petitions — Medical Assistance in Dying: ""There are a number of other key facts highlighted in this petition, including that if somebody has a"" [activity, not direction] | 2022-10-24 SPEECH Petitions — Charitable Organizations: ""Petitioners believe that charities and other not-for-profit organizations should not be discriminate"" [activity, not direction] | 2022-06-16 SPEECH Petitions — Charitable Organizations: ""Petitioners also note that all Canadians have a right under the charter to freedom of expression wit"" [activity, not direction] | 2022-06-16 SPEECH Petitions — Human Rights: ""Madam Speaker, the next petition I am tabling highlights the human rights abuses targeting Uighurs a"" [activity, not direction] | 2022-06-06 SPEECH Petitions — Human Rights: ""Petitioners note the various forms in which this genocide is taking place, including forced steriliz"" [activity, not direction] | 2022-05-17 SPEECH Petitions — Human Rights: ""Madam Speaker, the first petition I am presenting is with respect to the ongoing genocide of Uighurs"" [activity, not direction] | 2022-04-06 SPEECH Petitions — Charitable Organizations: ""Mr. Speaker, the next petition is about a Liberal Party election platform commitment. In the 2021 el"" [activity, not direction] | 2022-04-04 SPEECH Petitions — Human Rights: ""Madam Speaker, the next petition I am tabling is with respect to the ongoing Uighur genocide. Petiti"" [activity, not direction] | 2022-03-23 SPEECH Petitions — Charitable Organizations: ""The petitioners are calling on the government to protect Canadians' charter rights to freedom of exp"" [activity, not direction] | 2022-03-04 SPEECH Petitions — Human Rights: ""The petitioners note, in particular, the use of forced sterilization and abortion as being contraven"" [activity, not direction] | 2022-02-03 SPEECH Petitions — Charitable Organizations: ""The petitioners call on the House of Commons to protect and preserve the application of charitable s"" [activity, not direction] | 2021-12-16 SPEECH Petitions — Charitable Status: ""Mr. Speaker, the second petition I am tabling notes the Liberal Party's commitment in its 2021 platf"" [activity, not direction] | 2021-12-13 SPEECH Petitions — Human Rights: ""The petition highlights the genocide, forced abortion, forced organ harvesting, forced insertion of "" [activity, not direction] | VOTE YEA: 2021-06-02 2nd reading of Bill C-233, An Act to amend the Criminal Code (sex-sele (Negatived) [no reading -- not placed] | 2021-06-02 SPEECH Committees of the House — Foreign Affairs and Inte: ""The fact is that, as we speak, the world is seeing the largest mass detention of a minority communit"" [activity, not direction] | 2021-05-31 PETITION 3 copies, 2020-10-06 to 2021-05-31 (Justice, 175 signatures, also presented by 11 other MP(s)) judge 3: Petition demands a Criminal Code ban on sex-selective abortion, directly engaging pro-life legislative reform  [presenting a petition does not imply endorsement] | 2021-05-31 SPEECH Petitions — Sex Selection: ""Mr. Speaker, the next petition is in support of efforts to ban sex-selective abortion in Canada. It "" [activity, not direction] | 2021-04-14 SPEECH Sex-Selective Abortion Act: ""Sex-Selective Abortion Act"" [activity, not direction] | 2021-03-08 SPEECH Petitions — Human Rights: ""Madam Speaker, I have five petitions to present today. The first is particularly pertinent in light "" [activity, not direction] | 2021-02-18 SPEECH Business of Supply — Opposition Motion—Religious M: ""All of us can see a genocide taking place in China, as we speak. Thanks to satellite imagery, we too"" [activity, not direction] | 2021-02-16 SPEECH Committees of the House — Status of Women: ""Members here are increasingly aware of the horrific situation of Uighurs and other Turkic Muslims in"" [activity, not direction] | 2021-02-05 SPEECH Petitions — Human Rights: ""The petitioners note various reports on this, one from the summer, that showed a dramatic forced dec"" [activity, not direction] | 2021-02-01 SPEECH Petitions — Human Rights: ""Mr. Speaker, it is a pleasure for me to join my colleagues in presenting a petition highlighting the"" [activity, not direction] | 2021-01-29 SPEECH Petitions — Human Rights: ""Mr. Speaker, it is a pleasure for me today to be joining my colleagues in tabling a petition calling"" [activity, not direction] | 2020-12-10 SPEECH Petitions — Human Rights: ""The petitioners highlight the recent Associated Press story that identifies forced abortion, forced "" [activity, not direction] | 2020-12-09 SPEECH Petitions — Human Rights: ""The petitioners highlight the horrific human rights abuses targeting Uighurs and other Turkic Muslim"" [activity, not direction] | 2020-12-02 SPEECH Petitions — Human Rights: ""It points to a growing body of evidence suggesting the intentional suppression of births within the "" [activity, not direction] | 2020-11-30 SPEECH Petitions — Human Rights: ""Mr. Speaker, it is a pleasure for me to be presenting a petition highlighting the gross abuses of th"" [activity, not direction] | 2020-11-27 SPEECH Petitions — Human Rights: ""Madam Speaker, the third petition highlights the plight of Uighurs and other Turkic Muslims in China"" [activity, not direction] | 2020-11-25 SPEECH Petitions — Human Rights: ""The first petition responds to the horrific situation of Uighurs and other Turkic Muslims in China. "" [activity, not direction] | 2020-11-23 SPEECH Petitions — Sex Selection: ""The third and final petition I am presenting today, Mr. Speaker, deals with sex-selective abortion. "" [activity, not direction] | 2020-10-06 SPEECH Petitions — Sex Selection: ""The first petition deals with the issue of sex-selective abortion. Petitioners note that this is an "" [activity, not direction] | 2020-10-06 SPEECH Resumption of Debate on Address in Reply: ""The one-child policy led to forced abortion on a massive scale, as well as large-scale infanticide o"" [activity, not direction] | 2020-09-28 SPEECH Request for Emergency Debate — Situation in China: ""Experts at the subcommittee called this the largest mass detention of a minority community since the"" [activity, not direction] | 2019-05-28 SPEECH Accessible Canada Act: ""This is something I have observed in my own interactions with members of my family. I have a beautif"" [activity, not direction] | 2019-05-28 SPEECH Accessible Canada Act: ""I will go back to the point I was making before I was interrupted. I was speaking about the experien"" [activity, not direction] | 2017-04-11 SPEECH Committees of the House — Status of Women: ""We also need to recognize that sometimes there is a failure to recognize this in certain quarters. W"" [activity, not direction] | VOTE YEA: 2016-10-19 2nd reading of Bill C-225, An Act to amend the Criminal Code (injuring (Negatived) [+2: Voted for a separate offence of injuring or killing a preborn child in an assault on the mother.] | 2016-10-17 SPEECH Protection of Pregnant Women and Their Preborn Chi: ""I know that any time, in this place or elsewhere, we have this discussion that involves preborn, unb"" [activity, not direction] | 2016-05-02 SPEECH Protection of Pregnant Women and Their Preborn Chi: ""Mr. Speaker, I appreciate the opportunity to address this very important issue and to distill out wh"" [activity, not direction]",Conservative,Alberta
Arnold Viersen (Conservative) - Peace River—Westlock,1,,,,,,"a vote, 3 years ago","strong (recorded vote, human-confirmed reading)",43,,"2025-06-18 PETITION 451-00055 (Taxation, 30 signatures, also presented by 9 other MP(s)) judge 3: Seeks to block removal of charitable status for religious and anti-abortion groups, directly protecting faith- [presenting a petition does not imply endorsement] | 2024-05-07 PETITION 3 copies, 2023-11-06 to 2024-05-07 (Justice, 116 signatures) judge 3: Petition explicitly calls for national abortion legislation in a country with no abortion law, a direct pro-li [presenting a petition does not imply endorsement] | 2023-11-22 PETITION 15 copies, 2022-03-28 to 2023-11-22 (Social affairs and equality, 432 signatures, also presented by 21 other MP(s)) judge 3: Seeks to stop charitable status being denied to pro-life or faith-based organisations, protecting religious ch [presenting a petition does not imply endorsement] | 2023-11-06 PETITION 7 copies, 2023-04-19 to 2023-11-06 (Justice, 400 signatures, also presented by 6 other MP(s)) judge 3: Would create sentencing recognition for preborn victims of crime, indirectly reinforcing foetal personhood in  [presenting a petition does not imply endorsement] | 2023-09-27 SPEECH Petitions — Charitable Organizations: ""Madam Speaker, the next petition I am presenting is on behalf of Canadians who are concerned that ce"" [activity, not direction] | 2023-09-18 PETITION 13 copies, 2022-02-14 to 2023-09-18 (Social affairs and equality, 604 signatures, also presented by 6 other MP(s)) judge 3: Defends charitable status of pro-life crisis pregnancy centres against government moves to strip it, directly  [presenting a petition does not imply endorsement] | VOTE YEA: 2023-06-14 2nd reading of Bill C-311, An Act to amend the Criminal Code (violence (Negatived) [+2: Voted to advance a bill making the pregnancy of a victim an aggravating factor at sentencing -- recognition of the unbor] | 2023-06-14 SPEECH Petitions — Charitable Organization: ""Charities and other organizations should not be discriminated against on the basis of their politica"" [activity, not direction] | 2023-06-05 SPEECH Petitions — Charitable Organizations: ""The petitioners point to the fact that the Liberal government has previously tried to impose a value"" [activity, not direction] | 2023-05-29 SPEECH Petitions — Charitable Organizations: ""Mr. Speaker, the next petition is from Canadians across the country who are concerned about a Libera"" [activity, not direction] | 2023-05-09 SPEECH Petitions — Criminal Code: ""Increasingly, the injury or death of preborn children as victims of crime is not established in Cana"" [activity, not direction] | 2023-05-09 SPEECH Privilege — Reference to Standing Committee on Pro: ""I would note that the vote in question had to do with the recognition of the genocide of the Uyghur "" [activity, not direction] | 2023-04-19 SPEECH Petitions — Rights of the Unborn: ""Canada has no abortion law. This legal void is so extreme that we do not even recognize preborn chil"" [activity, not direction] | 2023-03-31 SPEECH Petitions — Charitable Organizations: ""Therefore, the petitioners are calling on the government to protect and preserve the application of "" [activity, not direction] | 2023-01-30 SPEECH Petitions — Falun Gong: ""Mr. Speaker, my final petition comes from Canadians across Canada who are concerned about the treatm"" [activity, not direction] | 2022-11-28 SPEECH Petitions — Charitable Organizations: ""The folks who have signed this petition are concerned about the thousands of innocent babies who los"" [activity, not direction] | 2022-11-22 SPEECH Petitions — Charitable Organizations: ""Therefore, they are calling on the Government of Canada to protect and preserve the application of c"" [activity, not direction] | 2022-10-03 SPEECH Petitions — Charitable Organizations: ""Many Canadians depend on the benefits that these charities provide, and the government has previousl"" [activity, not direction] | 2022-09-26 SPEECH Petitions — Charitable Organizations: ""Mr. Speaker, the next petition I have to present is from citizens across the country who are concern"" [activity, not direction] | 2022-06-14 PETITION 19 copies, 2020-09-28 to 2022-06-14 (Foreign affairs, 751 signatures, also presented by 54 other MP(s)) judge 3: Calls for genocide recognition and sanctions over forced Uyghur sterilization, abortion and organ harvesting b [presenting a petition does not imply endorsement] | 2022-06-14 SPEECH Petitions — Human Rights: ""Mr. Speaker, the final petition is from Canadians from across the country who draw the attention of "" [activity, not direction] | 2022-05-11 SPEECH National March for Life: ""This year's events connected with the March for Life include a candlelight vigil at the human rights"" [activity, not direction] | 2022-03-23 PETITION 441-00252 (Justice, 43 signatures) judge 3: Petition urges Parliament to ban sex-selective abortion via Bill C-233, a direct pro-life legislative push rel [presenting a petition does not imply endorsement] | 2022-03-23 SPEECH Petitions — Sex Selection: ""Mr. Speaker, I rise to present this petition from Canadians across Canada who are opposed to and wan"" [activity, not direction] | 2022-02-14 SPEECH Petitions — Charitable Organizations: ""Mr. Speaker, the final petition I have today is from people from across Canada who are concerned abo"" [activity, not direction] | 2021-11-29 PETITION 441-00019 (Justice, 39 signatures) judge 3: Petition seeks condemnation of sex-selective abortion targeting girls, directly engaging pro-life and sex-disc [presenting a petition does not imply endorsement] | 2021-11-29 SPEECH Petitions — Sex Selection: ""The petitioners highlight that over 200 million girls are missing from the world because of this gen"" [activity, not direction] | 2021-11-26 PETITION 441-00012 (Justice, 34 signatures) judge 3: Petition seeks full legal protection for the unborn from conception, a core pro-life legislative demand with n [presenting a petition does not imply endorsement] | 2021-06-07 SPEECH Petitions — Human Rights: ""Mr. Speaker, the next petition I have to present today is from Canadians from across the country who"" [activity, not direction] | VOTE YEA: 2021-06-02 2nd reading of Bill C-233, An Act to amend the Criminal Code (sex-sele (Negatived) [no reading -- not placed] | 2021-05-31 PETITION 4 copies, 2020-10-01 to 2021-05-31 (Justice, 220 signatures, also presented by 11 other MP(s)) judge 3: Calls for a Criminal Code ban on sex-selective abortion, directly engaging Canada's total lack of abortion res [presenting a petition does not imply endorsement] | 2021-05-31 SPEECH Petitions — Sex Selection: ""Mr. Speaker, the next petition I have to present comes from Canadians across Canada who are opposed "" [activity, not direction] | 2020-12-10 PETITION 5 copies, 2020-10-27 to 2020-12-10 (Justice, 207 signatures) judge 3: Petition calls MPs to condemn sex-selective abortion targeting girls, directly engaging pro-life advocacy and  [presenting a petition does not imply endorsement] | 2020-12-10 SPEECH Petitions — Sex Selection: ""Mr. Speaker, the next petition I have is from Canadians across the country who are concerned about g"" [activity, not direction] | 2020-12-04 SPEECH Petitions — Sex Selection: ""The fifth petition I have, Mr. Speaker, is from Canadians from across the country. They are calling "" [activity, not direction] | 2020-11-23 SPEECH Petitions — Sex Selection: ""Mr. Speaker, the last petition I have to present today is from Canadians across the country. In this"" [activity, not direction] | 2020-10-30 PETITION 432-00190 (Justice, 29 signatures) judge 3: Petition demands Parliament condemn sex-selective abortion, directly engaging pro-life concerns about discrimi [presenting a petition does not imply endorsement] | 2020-10-29 SPEECH Petitions — Sex Selection: ""The first petition is from Canadians across the country who are calling on the government to expedit"" [activity, not direction] | 2020-10-19 SPEECH Petitions — Human Rights: ""In the first petition, the people who have signed it are looking for the government to do something "" [activity, not direction] | 2020-10-08 SPEECH Petitions — Sex Selection: ""Mr. Speaker, the third petition I am presenting calls on the House of Commons to quickly pass the bi"" [activity, not direction] | 2020-10-01 SPEECH Petitions — Sex Selection: ""Mr. Speaker, the second petition is on sex-selective abortion. The people who have signed this petit"" [activity, not direction] | 2018-06-18 SPEECH Petitions — Rights of the Unborn: ""The petitioners call on Parliament to speedily enact legislation that would bring Canada's abortion "" [activity, not direction] | VOTE YEA: 2016-10-19 2nd reading of Bill C-225, An Act to amend the Criminal Code (injuring (Negatived) [+2: Voted for a separate offence of injuring or killing a preborn child in an assault on the mother.]",Conservative,Alberta
Ted Falk (Conservative) - Provencher,1,,,,,,"a vote, 3 years ago","strong (recorded vote, human-confirmed reading)",16,,"VOTE YEA: 2023-06-14 2nd reading of Bill C-311, An Act to amend the Criminal Code (violence (Negatived) [+2: Voted to advance a bill making the pregnancy of a victim an aggravating factor at sentencing -- recognition of the unbor] | 2023-05-03 PETITION 2 copies, 2023-05-01 to 2023-05-03 (Justice, 58 signatures, also presented by 6 other MP(s)) judge 3: Petition seeks Criminal Code recognition of preborn victims via sentencing, pushing fetal personhood into law  [presenting a petition does not imply endorsement] | 2023-05-01 SPEECH Petitions — Rights of the Unborn: ""Mr. Speaker, I have a petition here that is signed. It recognizes that the risk of violence against "" [activity, not direction] | 2022-06-22 PETITION 2 copies, 2022-04-07 to 2022-06-22 (Social affairs and equality, 328 signatures, also presented by 6 other MP(s)) judge 3: Petition opposes stripping charitable status from pro-life crisis pregnancy centres, directly defending pro-li [presenting a petition does not imply endorsement] | 2022-06-22 PETITION 441-00637 (Social affairs and equality, 29 signatures, also presented by 21 other MP(s)) judge 3: Opposes politicised charitable-status tests targeting pro-life and faith-based organisations, a direct threat  [presenting a petition does not imply endorsement] | 2022-06-20 SPEECH Criminal Code: ""I need to remind the Prime Minister that we do not live in the United States. He is the Prime Minist"" [activity, not direction] | VOTE YEA: 2021-06-02 2nd reading of Bill C-233, An Act to amend the Criminal Code (sex-sele (Negatived) [no reading -- not placed] | 2021-05-26 PETITION 432-00982 (Justice, 951 signatures) judge 3: Petition demands legal protection for the unborn from conception, directly aligning with pro-life campaign goa [presenting a petition does not imply endorsement] | 2021-02-04 PETITION 432-00479 (Foreign affairs, 38 signatures, also presented by 54 other MP(s)) judge 2: Petition alleges forced organ harvesting and forced abortion of Uyghurs, calling for genocide recognition and  [presenting a petition does not imply endorsement] | 2021-02-04 SPEECH Petitions — Human Rights: ""We know that the Chinese Communist Party is subjecting Uighur Muslims to atrocities that include bir"" [activity, not direction] | 2020-10-05 PETITION 432-00066 (Justice, 35255 signatures) judge 3: Calls for full legal protection of the unborn from conception, directly matching CitizenGO's pro-life campaign [presenting a petition does not imply endorsement] | 2020-10-05 PETITION 432-00067 (Justice, 36 signatures, also presented by 11 other MP(s)) judge 3: Petition demands a Criminal Code ban on sex-selective abortion, directly engaging pro-life legislative reform  [presenting a petition does not imply endorsement] | 2020-10-05 SPEECH Petitions — Sex Selection: ""Mr. Speaker, the second petition is on sex-selective abortion."" [activity, not direction] | 2018-03-01 SPEECH Business of Supply — Opposition Motion—Canada Summ: ""There is no space in Canada for attestations of this kind, for any purpose, ever. Canada is a divers"" [activity, not direction] | VOTE YEA: 2016-10-19 2nd reading of Bill C-225, An Act to amend the Criminal Code (injuring (Negatived) [+2: Voted for a separate offence of injuring or killing a preborn child in an assault on the mother.] | 2016-04-11 SPEECH Fairness in Charitable Gifts Act: ""In 1988, when the Supreme Court of Canada, in a divided decision, struck down Canada's existing law "" [activity, not direction]",Conservative,Manitoba
Kelly Block (Conservative) - Carlton Trail—Eagle Creek,1,,,,,,"a vote, 3 years ago","strong (recorded vote, human-confirmed reading)",14,,"2025-06-19 PETITION 451-00060 (Taxation, 30 signatures, also presented by 9 other MP(s)) judge 3: Seeks to block removal of charitable status for religious and anti-abortion groups, directly protecting faith- [presenting a petition does not imply endorsement] | VOTE YEA: 2023-06-14 2nd reading of Bill C-311, An Act to amend the Criminal Code (violence (Negatived) [+2: Voted to advance a bill making the pregnancy of a victim an aggravating factor at sentencing -- recognition of the unbor] | 2022-09-20 PETITION 2 copies, 2022-03-23 to 2022-09-20 (Social affairs and equality, 83 signatures, also presented by 21 other MP(s)) judge 3: Seeks to stop a political values test denying charitable status to pro-life or faith-based organisations, prot [presenting a petition does not imply endorsement] | 2022-06-07 PETITION 441-00539 (Social affairs and equality, 43 signatures, also presented by 6 other MP(s)) judge 3: Petition demands MPs block any move to strip pro-life crisis pregnancy centres of charitable status, directly  [presenting a petition does not imply endorsement] | VOTE YEA: 2021-06-02 2nd reading of Bill C-233, An Act to amend the Criminal Code (sex-sele (Negatived) [no reading -- not placed] | 2021-05-28 SPEECH Sex-Selective Abortion Act: ""Sex-Selective Abortion Act"" [activity, not direction] | 2021-02-01 PETITION 2 copies, 2020-10-19 to 2021-02-01 (Foreign affairs, 103 signatures, also presented by 54 other MP(s)) judge 2: Petition alleges forced sterilisation, abortion and organ harvesting against Uyghurs, calling for genocide rec [presenting a petition does not imply endorsement] | 2019-05-16 SPEECH Petitions — Sex Selection: ""The petitioners call on the government to support legislation that would make sex-selective abortion"" [activity, not direction] | VOTE YEA: 2016-10-19 2nd reading of Bill C-225, An Act to amend the Criminal Code (injuring (Negatived) [+2: Voted for a separate offence of injuring or killing a preborn child in an assault on the mother.] | 2016-10-17 SPEECH Protection of Pregnant Women and Their Preborn Chi: ""I would encourage all members in this place to take the time to read the bill and then support it, a"" [activity, not direction] | VOTE YEA: 2012-09-26 Private Members' Business M-312 (Special committee on subsection 223(1 (Negatived) [+2: Voted to study whether the law should recognise a child as a human being before birth.] | 2010-12-13 SPEECH Criminal Code: ""While most cases of abortion coercion do not end in the death of either the pregnant women or the pe"" [activity, not direction] | 2010-12-10 SPEECH Petitions — Prevention of Coerced Abortion: ""Petitions — Prevention of Coerced Abortion"" [activity, not direction] | 2010-11-01 SPEECH An Act to Prevent Coercion of Pregnant Women to Ab: ""I can imagine that a woman who has been forced to have an abortion would suffer at least as much and"" [activity, not direction]",Conservative,Saskatchewan
Bob Zimmer (Conservative) - Prince George—Peace River—Northern Rockies,1,,,,,,"a vote, 3 years ago","strong (recorded vote, human-confirmed reading)",12,,"VOTE YEA: 2023-06-14 2nd reading of Bill C-311, An Act to amend the Criminal Code (violence (Negatived) [+2: Voted to advance a bill making the pregnancy of a victim an aggravating factor at sentencing -- recognition of the unbor] | 2022-09-20 PETITION 2 copies, 2022-02-03 to 2022-09-20 (Social affairs and equality, 147 signatures, also presented by 21 other MP(s)) judge 3: Petition demands charity law stay neutral on abortion views, resisting government moves to strip charitable st [presenting a petition does not imply endorsement] | 2022-02-03 SPEECH Petitions — Charitable Organizations: ""Mr. Speaker, I bring forward today a petition from people who are concerned about the Liberal Party "" [activity, not direction] | VOTE YEA: 2021-06-02 2nd reading of Bill C-233, An Act to amend the Criminal Code (sex-sele (Negatived) [no reading -- not placed] | 2020-11-18 PETITION 2 copies, 2020-09-29 to 2020-11-18 (Foreign affairs, 81 signatures, also presented by 54 other MP(s)) judge 2: Petition alleges forced organ harvesting, forced sterilisation and abortion against Uyghurs, and demands genoc [presenting a petition does not imply endorsement] | VOTE YEA: 2016-10-19 2nd reading of Bill C-225, An Act to amend the Criminal Code (injuring (Negatived) [+2: Voted for a separate offence of injuring or killing a preborn child in an assault on the mother.] | 2015-06-19 SPEECH Petitions — Sex Selection: ""One calls upon the House of Commons and Parliament assembled to condemn discrimination against girls"" [activity, not direction] | 2015-06-19 SPEECH Petitions — Abortion: ""Petitions — Abortion"" [activity, not direction] | 2013-04-19 SPEECH Petitions — Sex Selection: ""The petitioners call upon the House of Commons to condemn the discrimination against girls through s"" [activity, not direction] | 2012-11-30 SPEECH Petitions — Abortion: ""Petitions — Abortion"" [activity, not direction] | VOTE YEA: 2012-09-26 Private Members' Business M-312 (Special committee on subsection 223(1 (Negatived) [+2: Voted to study whether the law should recognise a child as a human being before birth.] | 2012-06-13 SPEECH Petitions — Abortion: ""Petitions — Abortion"" [activity, not direction]",Conservative,British Columbia
Blaine Calkins (Conservative) - Ponoka—Didsbury,1,,,,,,"a vote, 3 years ago","strong (recorded vote, human-confirmed reading)",10,,"VOTE YEA: 2023-06-14 2nd reading of Bill C-311, An Act to amend the Criminal Code (violence (Negatived) [+2: Voted to advance a bill making the pregnancy of a victim an aggravating factor at sentencing -- recognition of the unbor] | VOTE YEA: 2021-06-02 2nd reading of Bill C-233, An Act to amend the Criminal Code (sex-sele (Negatived) [no reading -- not placed] | 2018-06-14 SPEECH Petitions — Sex Selection: ""Mr. Speaker, I have in my hands a petition sent to me by numerous constituents in my riding who are "" [activity, not direction] | 2017-06-09 SPEECH Petitions — Abortion: ""Petitions — Abortion"" [activity, not direction] | VOTE YEA: 2016-10-19 2nd reading of Bill C-225, An Act to amend the Criminal Code (injuring (Negatived) [+2: Voted for a separate offence of injuring or killing a preborn child in an assault on the mother.] | 2016-02-26 SPEECH Petitions — Abortion: ""Petitions — Abortion"" [activity, not direction] | 2015-01-28 SPEECH Petitions — Abortion: ""Petitions — Abortion"" [activity, not direction] | 2015-01-28 SPEECH Petitions — Sex Selection: ""Mr. Speaker, the second petition calls upon Parliament to condemn the discrimination against girls t"" [activity, not direction] | 2014-02-10 SPEECH Petitions — Abortion: ""Petitions — Abortion"" [activity, not direction] | VOTE YEA: 2012-09-26 Private Members' Business M-312 (Special committee on subsection 223(1 (Negatived) [+2: Voted to study whether the law should recognise a child as a human being before birth.]",Conservative,Alberta
Pierre Poilievre (Conservative) - Battle River—Crowfoot,1,,,,,,"a vote, 3 years ago","strong (recorded vote, human-confirmed reading)",9,,"2024-10-30 SPEECH Government Priorities: ""Mr. Speaker, the Prime Minister's tinfoil-hat conspiracy theories and misinformation will not distra"" [activity, not direction] | 2024-09-25 SPEECH Public Safety: ""Mr. Speaker, we have already stated that we are not going to change the abortion law, and everything"" [activity, not direction] | VOTE YEA: 2023-06-14 2nd reading of Bill C-311, An Act to amend the Criminal Code (violence (Negatived) [+2: Voted to advance a bill making the pregnancy of a victim an aggravating factor at sentencing -- recognition of the unbor] | VOTE NAY: 2021-06-02 2nd reading of Bill C-233, An Act to amend the Criminal Code (sex-sele (Negatived) [no reading -- not placed] | 2019-05-28 SPEECH Accessible Canada Act: ""Tim Hortons franchise owner Mark Wafer hired a young man with Down's syndrome, named Clint. He turne"" [activity, not direction] | 2018-05-31 SPEECH Opportunity for Workers with Disabilities Act: ""Madam Speaker, when Tim Hortons franchise owner Mark Wafer hired a young man with Down's syndrome na"" [activity, not direction] | VOTE YEA: 2016-10-19 2nd reading of Bill C-225, An Act to amend the Criminal Code (injuring (Negatived) [+2: Voted for a separate offence of injuring or killing a preborn child in an assault on the mother.] | 2014-12-03 SPEECH Business of Supply — Opposition Motion—Proportiona: ""We have also seen ideological litmus tests on the other side, with the NDP saying that anyone who op"" [activity, not direction] | VOTE YEA: 2012-09-26 Private Members' Business M-312 (Special committee on subsection 223(1 (Negatived) [+2: Voted to study whether the law should recognise a child as a human being before birth.]",Conservative,Alberta
Cheryl Gallant (Conservative) - Algonquin—Renfrew—Pembroke,1,,,,,,"a vote, 3 years ago","strong (recorded vote, human-confirmed reading)",8,,"2024-05-21 SPEECH Budget Implementation Act, 2024, No. 1: ""Mr. Speaker, here we go again. It was last week, but now we are tag-teaming. The NDP is tag-teaming "" [activity, not direction] | VOTE YEA: 2023-06-14 2nd reading of Bill C-311, An Act to amend the Criminal Code (violence (Negatived) [+2: Voted to advance a bill making the pregnancy of a victim an aggravating factor at sentencing -- recognition of the unbor] | VOTE YEA: 2021-06-02 2nd reading of Bill C-233, An Act to amend the Criminal Code (sex-sele (Negatived) [no reading -- not placed] | 2021-04-20 PETITION 2 copies, 2021-01-28 to 2021-04-20 (Foreign affairs, 111 signatures, also presented by 54 other MP(s)) judge 3: Petition seeks genocide recognition and sanctions over forced sterilisation, forced abortion and organ harvest [presenting a petition does not imply endorsement] | 2019-01-30 SPEECH Canada Post Corporation: ""The mere fact that the Prime Minister and the Liberal government would force large segments of the C"" [activity, not direction] | VOTE YEA: 2016-10-19 2nd reading of Bill C-225, An Act to amend the Criminal Code (injuring (Negatived) [+2: Voted for a separate offence of injuring or killing a preborn child in an assault on the mother.] | 2016-05-31 SPEECH Criminal Code: ""This is a letter from Carmel in Pembroke. It reads, “Dear honourable member, I understand that the g"" [activity, not direction] | VOTE YEA: 2012-09-26 Private Members' Business M-312 (Special committee on subsection 223(1 (Negatived) [+2: Voted to study whether the law should recognise a child as a human being before birth.]",Conservative,Ontario
John Williamson (Conservative) - New Brunswick Southwest,1,,,,,,"a vote, 3 years ago","strong (recorded vote, human-confirmed reading)",8,,"VOTE YEA: 2023-06-14 2nd reading of Bill C-311, An Act to amend the Criminal Code (violence (Negatived) [+2: Voted to advance a bill making the pregnancy of a victim an aggravating factor at sentencing -- recognition of the unbor] | 2023-06-01 PETITION 2 copies, 2022-05-17 to 2023-06-01 (Social affairs and equality, 70 signatures, also presented by 21 other MP(s)) judge 3: Petition opposes stripping charitable status from pro-life and faith organisations, directly defending conscie [presenting a petition does not imply endorsement] | 2022-05-17 SPEECH Petitions — Charitable Organizations: ""Madam Speaker, I rise to present a petition in opposition to the Liberal plan to deny the charitable"" [activity, not direction] | VOTE YEA: 2021-06-02 2nd reading of Bill C-233, An Act to amend the Criminal Code (sex-sele (Negatived) [no reading -- not placed] | 2021-06-01 PETITION 3 copies, 2021-06-01 (Justice, 101 signatures) judge 3: Duplicate petition calling for a Criminal Code ban on sex-selective abortion, reinforcing pressure for pro-lif [presenting a petition does not imply endorsement] | 2021-02-18 PETITION 2 copies, 2020-10-08 to 2021-02-18 (Justice, 143 signatures, also presented by 11 other MP(s)) judge 3: Petition calls for a criminal ban on sex-selective abortion, directly engaging Canada's abortion law vacuum an [presenting a petition does not imply endorsement] | 2021-01-25 PETITION 3 copies, 2020-11-24 to 2021-01-25 (Foreign affairs, 107 signatures, also presented by 54 other MP(s)) judge 3: Raises forced organ harvesting allegations tied to Uyghur genocide, relevant to transplant ethics monitoring,  [presenting a petition does not imply endorsement] | VOTE YEA: 2012-09-26 Private Members' Business M-312 (Special committee on subsection 223(1 (Negatived) [+2: Voted to study whether the law should recognise a child as a human being before birth.]",Conservative,New Brunswick
Scott Reid (Conservative) - Lanark—Frontenac,1,,,,,,"a vote, 3 years ago","strong (recorded vote, human-confirmed reading)",8,,"MIXED RECORD: directional evidence on both sides -- read the acts, not the column | VOTE YEA: 2023-06-14 2nd reading of Bill C-311, An Act to amend the Criminal Code (violence (Negatived) [+2: Voted to advance a bill making the pregnancy of a victim an aggravating factor at sentencing -- recognition of the unbor] | VOTE YEA: 2021-06-02 2nd reading of Bill C-233, An Act to amend the Criminal Code (sex-sele (Negatived) [no reading -- not placed] | 2020-12-10 PETITION 3 copies, 2020-09-28 to 2020-12-10 (Foreign affairs, 125 signatures, also presented by 54 other MP(s)) judge 2: Petition alleges forced organ harvesting, forced sterilisation and abortion against Uyghurs, and demands genoc [presenting a petition does not imply endorsement] | 2020-11-23 PETITION 432-00271 (Justice, 61 signatures, also presented by 11 other MP(s)) judge 3: Petition calls for a Criminal Code ban on sex-selective abortion, a direct pro-life legislative demand Canada  [presenting a petition does not imply endorsement] | 2020-11-23 SPEECH Petitions — Sex Selection: ""Mr. Speaker, the second petition is on the subject of sex-selective abortion. The one thing that has"" [activity, not direction] | VOTE YEA: 2016-10-19 2nd reading of Bill C-225, An Act to amend the Criminal Code (injuring (Negatived) [+2: Voted for a separate offence of injuring or killing a preborn child in an assault on the mother.] | VOTE NAY: 2012-09-26 Private Members' Business M-312 (Special committee on subsection 223(1 (Negatived) [-1: Voted against studying when a child becomes a human being in law (-1: some opposed reopening the question, not the quest] | 2010-11-19 SPEECH Petitions — Right to Life: ""The petitioners draw to the attention of the House the fact that it has been 41 years since Parliame"" [activity, not direction]",Conservative,Ontario
Brad Vis (Conservative) - Mission—Matsqui—Abbotsford,1,,,,,,"a vote, 3 years ago","strong (recorded vote, human-confirmed reading)",7,,"VOTE YEA: 2023-06-14 2nd reading of Bill C-311, An Act to amend the Criminal Code (violence (Negatived) [+2: Voted to advance a bill making the pregnancy of a victim an aggravating factor at sentencing -- recognition of the unbor] | VOTE YEA: 2021-06-02 2nd reading of Bill C-233, An Act to amend the Criminal Code (sex-sele (Negatived) [no reading -- not placed] | 2021-03-08 PETITION 4 copies, 2020-10-07 to 2021-03-08 (Justice, 229 signatures, also presented by 11 other MP(s)) judge 3: Petition calls for Criminal Code ban on sex-selective abortion, directly engaging pro-life legislative reform  [presenting a petition does not imply endorsement] | 2021-03-08 SPEECH Petitions — Sex Selection: ""Madam Speaker, the second petition I am tabling today highlights the lack of legal restrictions on s"" [activity, not direction] | 2020-12-09 PETITION 4 copies, 2020-10-19 to 2020-12-09 (Foreign affairs, 160 signatures, also presented by 54 other MP(s)) judge 2: Concerns forced organ harvesting and genocide sanctions against China, adjacent to transplant ethics and relig [presenting a petition does not imply endorsement] | 2020-12-09 SPEECH Petitions — Sex Selection: ""Mr. Speaker, the second petition today addresses sex-selective abortion."" [activity, not direction] | 2020-10-07 SPEECH Petitions — Abortion: ""Mr. Speaker, petitioners in my riding call on the government to address sex-selective abortion. Sex-"" [activity, not direction]",Conservative,British Columbia
Marilyn Gladu (Liberal) - Sarnia—Lambton—Bkejwanong,1,,,,,,"a vote, 3 years ago","strong (recorded vote, human-confirmed reading)",7,,"2024-05-09 SPEECH Fall Economic Statement Implementation Act, 2023 —: ""Mr. Speaker, it is misinformation and disinformation that the member has just laid out to the House."" [activity, not direction] | VOTE YEA: 2023-06-14 2nd reading of Bill C-311, An Act to amend the Criminal Code (violence (Negatived) [+2: Voted to advance a bill making the pregnancy of a victim an aggravating factor at sentencing -- recognition of the unbor] | 2022-09-20 PETITION 441-00650 (Social affairs and equality, 32 signatures, also presented by 21 other MP(s)) judge 3: Petition opposes stripping charitable status from pro-life groups and faith organisations, defending conscienc [presenting a petition does not imply endorsement] | 2022-02-03 PETITION 441-00129 (Foreign affairs, 38 signatures, also presented by 54 other MP(s)) judge 2: Petition alleges forced organ harvesting and forced abortion against Uyghurs, urging genocide recognition and  [presenting a petition does not imply endorsement] | VOTE YEA: 2021-06-02 2nd reading of Bill C-233, An Act to amend the Criminal Code (sex-sele (Negatived) [no reading -- not placed] | 2019-06-13 SPEECH Federal Courts Act: ""“Forced abortion” and “forced sterilization” are on the list. We heard testimony today at the health"" [activity, not direction] | VOTE YEA: 2016-10-19 2nd reading of Bill C-225, An Act to amend the Criminal Code (injuring (Negatived) [+2: Voted for a separate offence of injuring or killing a preborn child in an assault on the mother.]",Liberal,Ontario
Mark Strahl (Conservative) - Chilliwack—Hope,1,,,,,,"a vote, 3 years ago","strong (recorded vote, human-confirmed reading)",7,,"VOTE YEA: 2023-06-14 2nd reading of Bill C-311, An Act to amend the Criminal Code (violence (Negatived) [+2: Voted to advance a bill making the pregnancy of a victim an aggravating factor at sentencing -- recognition of the unbor] | 2022-06-15 PETITION 441-00592 (Social affairs and equality, 42 signatures, also presented by 21 other MP(s)) judge 3: Petition opposes stripping charitable status from pro-life faith organisations, hospitals and schools, defendi [presenting a petition does not imply endorsement] | VOTE YEA: 2021-06-02 2nd reading of Bill C-233, An Act to amend the Criminal Code (sex-sele (Negatived) [no reading -- not placed] | VOTE YEA: 2016-10-19 2nd reading of Bill C-225, An Act to amend the Criminal Code (injuring (Negatived) [+2: Voted for a separate offence of injuring or killing a preborn child in an assault on the mother.] | VOTE YEA: 2012-09-26 Private Members' Business M-312 (Special committee on subsection 223(1 (Negatived) [+2: Voted to study whether the law should recognise a child as a human being before birth.] | 2012-04-23 SPEECH Petitions — Abortion: ""Petitions — Abortion"" [activity, not direction] | 2012-04-05 SPEECH Petitions — Abortion: ""Petitions — Abortion"" [activity, not direction]",Conservative,British Columbia
Mel Arnold (Conservative) - Kamloops—Shuswap—Central Rockies,1,,,,,,"a vote, 3 years ago","strong (recorded vote, human-confirmed reading)",7,,"VOTE YEA: 2023-06-14 2nd reading of Bill C-311, An Act to amend the Criminal Code (violence (Negatived) [+2: Voted to advance a bill making the pregnancy of a victim an aggravating factor at sentencing -- recognition of the unbor] | 2022-05-10 PETITION 441-00426 (Social affairs and equality, 25 signatures, also presented by 21 other MP(s)) judge 3: Seeks to stop government stripping charitable status from pro-life faith organisations, directly protecting co [presenting a petition does not imply endorsement] | 2022-02-03 PETITION 2 copies, 2021-01-28 to 2022-02-03 (Foreign affairs, 74 signatures, also presented by 54 other MP(s)) judge 3: Petition alleges forced organ harvesting and forced abortion against Uyghurs, urging genocide recognition and  [presenting a petition does not imply endorsement] | VOTE YEA: 2021-06-02 2nd reading of Bill C-233, An Act to amend the Criminal Code (sex-sele (Negatived) [no reading -- not placed] | 2018-05-04 SPEECH Petitions — Canada Summer Jobs Program: ""The petitioners call on Parliament to remove the condition of employers to attest to respecting the "" [activity, not direction] | 2018-04-23 SPEECH Petitions — Canada Summer Jobs Program: ""Mr. Speaker, I rise today to present a petition, signed by hundreds of members from my riding of Nor"" [activity, not direction] | VOTE YEA: 2016-10-19 2nd reading of Bill C-225, An Act to amend the Criminal Code (injuring (Negatived) [+2: Voted for a separate offence of injuring or killing a preborn child in an assault on the mother.]",Conservative,British Columbia
Michael Chong (Conservative) - Wellington—Halton Hills North,1,,,,,,"a vote, 3 years ago","strong (recorded vote, human-confirmed reading)",7,,"MIXED RECORD: directional evidence on both sides -- read the acts, not the column | VOTE YEA: 2023-06-14 2nd reading of Bill C-311, An Act to amend the Criminal Code (violence (Negatived) [+2: Voted to advance a bill making the pregnancy of a victim an aggravating factor at sentencing -- recognition of the unbor] | VOTE NAY: 2021-06-02 2nd reading of Bill C-233, An Act to amend the Criminal Code (sex-sele (Negatived) [no reading -- not placed] | VOTE NAY: 2016-10-19 2nd reading of Bill C-225, An Act to amend the Criminal Code (injuring (Negatived) [-2: Voted against recognising harm to a preborn child as a separate offence.] | 2013-06-05 SPEECH Main Estimates 2013-14 — Concurrence in Vote 1—The: ""For example, setting aside one's views on the difficult issue of abortion, let us look at what happe"" [activity, not direction] | VOTE YEA: 2012-09-26 Private Members' Business M-312 (Special committee on subsection 223(1 (Negatived) [+2: Voted to study whether the law should recognise a child as a human being before birth.] | 2012-06-20 SPEECH Petitions — Abortion: ""Petitions — Abortion"" [activity, not direction] | 2012-02-29 SPEECH Petitions — Abortion: ""Petitions — Abortion"" [activity, not direction]",Conservative,Ontario
Michael Cooper (Conservative) - St. Albert—Sturgeon River,1,,,,,,"a vote, 3 years ago","strong (recorded vote, human-confirmed reading)",7,,"VOTE YEA: 2023-06-14 2nd reading of Bill C-311, An Act to amend the Criminal Code (violence (Negatived) [+2: Voted to advance a bill making the pregnancy of a victim an aggravating factor at sentencing -- recognition of the unbor] | 2022-02-09 PETITION 4 copies, 2020-09-28 to 2022-02-09 (Foreign affairs, 205 signatures, also presented by 54 other MP(s)) judge 2: Petition alleges forced abortion, sterilisation and organ harvesting against Uyghurs, calling for genocide rec [presenting a petition does not imply endorsement] | VOTE YEA: 2021-06-02 2nd reading of Bill C-233, An Act to amend the Criminal Code (sex-sele (Negatived) [no reading -- not placed] | 2021-05-27 SPEECH Protection of Freedom of Conscience Act: ""This is a straightforward piece of legislation, the objective of which is extremely important, namel"" [activity, not direction] | VOTE YEA: 2016-10-19 2nd reading of Bill C-225, An Act to amend the Criminal Code (injuring (Negatived) [+2: Voted for a separate offence of injuring or killing a preborn child in an assault on the mother.] | 2016-05-02 SPEECH Protection of Pregnant Women and Their Preborn Chi: ""Not only does Bill C-225 do nothing to change that fact, but Bill C-225 expressly provides that a pr"" [activity, not direction] | 2016-04-22 SPEECH Criminal Code: ""The issue of physician-assisted dying raises many deep legal, moral and ethical questions. It is an "" [activity, not direction]",Conservative,Alberta
Rachael Thomas (Conservative) - Lethbridge,1,,,,,,"a vote, 3 years ago","strong (recorded vote, human-confirmed reading)",7,,"VOTE YEA: 2023-06-14 2nd reading of Bill C-311, An Act to amend the Criminal Code (violence (Negatived) [+2: Voted to advance a bill making the pregnancy of a victim an aggravating factor at sentencing -- recognition of the unbor] | VOTE YEA: 2021-06-02 2nd reading of Bill C-233, An Act to amend the Criminal Code (sex-sele (Negatived) [no reading -- not placed] | 2020-11-27 PETITION 3 copies, 2020-10-08 to 2020-11-27 (Foreign affairs, 109 signatures, also presented by 54 other MP(s)) judge 2: Petition cites forced organ harvesting and forced abortion against Uyghurs, urging Magnitsky sanctions, touchi [presenting a petition does not imply endorsement] | 2020-10-06 PETITION 432-00079 (Justice, 72 signatures, also presented by 11 other MP(s)) judge 3: Petition calls for Criminal Code ban on sex-selective abortion, directly engaging pro-life legislative reform  [presenting a petition does not imply endorsement] | 2020-10-06 SPEECH Petitions — Sex Selection: ""Mr. Speaker, I rise on behalf of my constituents and Canadians from coast to coast who put forward t"" [activity, not direction] | 2018-06-13 SPEECH Latin American Heritage Month Act: ""Permit me to begin by paying tribute to the late Senator Enverga, who was the author of this bill. H"" [activity, not direction] | VOTE YEA: 2016-10-19 2nd reading of Bill C-225, An Act to amend the Criminal Code (injuring (Negatived) [+2: Voted for a separate offence of injuring or killing a preborn child in an assault on the mother.]",Conservative,Alberta
Brad Redekopp (Conservative) - Saskatoon West,1,,,,,,"a vote, 3 years ago","strong (recorded vote, human-confirmed reading)",6,,"2025-06-18 PETITION 451-00048 (Taxation, 30 signatures, also presented by 9 other MP(s)) judge 3: Petition opposes stripping charitable status from both religious and pro-life organisations, directly threaten [presenting a petition does not imply endorsement] | 2024-04-19 SPEECH Corrections and Conditional Release Act: ""We will ensure that men who commit violence against pregnant women face stiffer sentences. The NDP a"" [activity, not direction] | VOTE YEA: 2023-06-14 2nd reading of Bill C-311, An Act to amend the Criminal Code (violence (Negatived) [+2: Voted to advance a bill making the pregnancy of a victim an aggravating factor at sentencing -- recognition of the unbor] | VOTE YEA: 2021-06-02 2nd reading of Bill C-233, An Act to amend the Criminal Code (sex-sele (Negatived) [no reading -- not placed] | 2021-02-26 PETITION 3 copies, 2020-12-09 to 2021-02-26 (Foreign affairs, 136 signatures, also presented by 54 other MP(s)) judge 2: Petition alleges forced sterilization, forced abortion and forced organ harvesting against Uyghurs, calling fo [presenting a petition does not imply endorsement] | 2020-12-08 SPEECH Criminal Code: ""As someone opposed to physician-assisted suicide, we did complete the questionnaire; however, found "" [activity, not direction]",Conservative,Saskatchewan
Dane Lloyd (Conservative) - Parkland,1,,,,,,"a vote, 3 years ago","strong (recorded vote, human-confirmed reading)",6,,"VOTE YEA: 2023-06-14 2nd reading of Bill C-311, An Act to amend the Criminal Code (violence (Negatived) [+2: Voted to advance a bill making the pregnancy of a victim an aggravating factor at sentencing -- recognition of the unbor] | 2022-12-05 SPEECH Petitions — Medical Assistance in Dying: ""Petitioners are concerned with comments from the Quebec college of physicians, which recommended exp"" [activity, not direction] | VOTE YEA: 2021-06-02 2nd reading of Bill C-233, An Act to amend the Criminal Code (sex-sele (Negatived) [no reading -- not placed] | 2020-12-08 SPEECH Criminal Code: ""I think it also raises questions about how we value human beings. My younger sister, who has passed,"" [activity, not direction] | 2020-11-05 PETITION 432-00216 (Foreign affairs, 34 signatures, also presented by 54 other MP(s)) judge 2: Petition alleges forced sterilization, forced abortion and organ harvesting against Uyghurs, urging genocide r [presenting a petition does not imply endorsement] | 2016-10-19 NO RECORDED VOTE: 2nd reading of Bill C-225, An Act to amend the Criminal Code (injuring",Conservative,Alberta
Dean Allison (Conservative) - Niagara West,1,,,,,,"a vote, 3 years ago","strong (recorded vote, human-confirmed reading)",6,,"VOTE YEA: 2023-06-14 2nd reading of Bill C-311, An Act to amend the Criminal Code (violence (Negatived) [+2: Voted to advance a bill making the pregnancy of a victim an aggravating factor at sentencing -- recognition of the unbor] | VOTE YEA: 2021-06-02 2nd reading of Bill C-233, An Act to amend the Criminal Code (sex-sele (Negatived) [no reading -- not placed] | VOTE YEA: 2016-10-19 2nd reading of Bill C-225, An Act to amend the Criminal Code (injuring (Negatived) [+2: Voted for a separate offence of injuring or killing a preborn child in an assault on the mother.] | VOTE YEA: 2012-09-26 Private Members' Business M-312 (Special committee on subsection 223(1 (Negatived) [+2: Voted to study whether the law should recognise a child as a human being before birth.] | 2012-05-10 SPEECH Petitions — Abortion: ""Petitions — Abortion"" [activity, not direction] | 2012-02-13 SPEECH Petitions — Abortion: ""Petitions — Abortion"" [activity, not direction]",Conservative,Ontario
Frank Caputo (Conservative) - Kamloops—Thompson—Nicola,1,,,,,,"a vote, 3 years ago","strong (recorded vote, human-confirmed reading)",6,,"2025-12-01 SPEECH Criminal Code: ""Somebody I want to acknowledge is Kelly Favreau, who was with My Voice, My Choice and is now with a "" [activity, not direction] | 2023-10-04 SPEECH Criminal Code: ""I am not allowed to point people out in the gallery, so I will not, but I also want to recognize tha"" [activity, not direction] | 2023-09-20 SPEECH Criminal Code: ""There are victims, like the people with My Voice, My Choice, who spoke so eloquently to me in the pa"" [activity, not direction] | 2023-09-20 SPEECH Criminal Code: ""We have talked about different victims and different victims groups, like My Voice, My Choice. What "" [activity, not direction] | VOTE YEA: 2023-06-14 2nd reading of Bill C-311, An Act to amend the Criminal Code (violence (Negatived) [+2: Voted to advance a bill making the pregnancy of a victim an aggravating factor at sentencing -- recognition of the unbor] | 2022-06-06 PETITION 441-00522 (Social affairs and equality, 31 signatures, also presented by 21 other MP(s)) judge 3: Petition opposes denying charitable status to pro-life or faith-based organisations, defending conscience prot [presenting a petition does not imply endorsement]",Conservative,British Columbia
Glen Motz (Conservative) - Medicine Hat—Cardston—Warner,1,,,,,,"a vote, 3 years ago","strong (recorded vote, human-confirmed reading)",6,,"VOTE YEA: 2023-06-14 2nd reading of Bill C-311, An Act to amend the Criminal Code (violence (Negatived) [+2: Voted to advance a bill making the pregnancy of a victim an aggravating factor at sentencing -- recognition of the unbor] | 2022-10-26 PETITION 441-00809 (Social affairs and equality, 25 signatures, also presented by 21 other MP(s)) judge 3: Petition opposes politicised charity-status tests targeting pro-life organisations, hospitals and faith groups [presenting a petition does not imply endorsement] | 2022-03-29 PETITION 441-00304 (Social affairs and equality, 36 signatures, also presented by 6 other MP(s)) judge 3: Petition demands MPs block any move to strip charitable status from pro-life crisis pregnancy centres, directl [presenting a petition does not imply endorsement] | VOTE YEA: 2021-06-02 2nd reading of Bill C-233, An Act to amend the Criminal Code (sex-sele (Negatived) [no reading -- not placed] | 2020-01-29 SPEECH Royal Canadian Mounted Police Act: ""I would have also liked to talk about the issue of rural crime and how it impacts all rural communit"" [activity, not direction] | 2016-10-19 NO RECORDED VOTE: 2nd reading of Bill C-225, An Act to amend the Criminal Code (injuring",Conservative,Alberta
Mike Lake (Conservative) - Leduc—Wetaskiwin,1,,,,,,"a vote, 3 years ago","strong (recorded vote, human-confirmed reading)",6,,"VOTE YEA: 2023-06-14 2nd reading of Bill C-311, An Act to amend the Criminal Code (violence (Negatived) [+2: Voted to advance a bill making the pregnancy of a victim an aggravating factor at sentencing -- recognition of the unbor] | VOTE YEA: 2021-06-02 2nd reading of Bill C-233, An Act to amend the Criminal Code (sex-sele (Negatived) [no reading -- not placed] | 2018-06-13 SPEECH Latin American Heritage Month Act: ""He inaugurated the annual Filipino independence day flag-raising on Parliament Hill, and he was a “t"" [activity, not direction] | VOTE YEA: 2016-10-19 2nd reading of Bill C-225, An Act to amend the Criminal Code (injuring (Negatived) [+2: Voted for a separate offence of injuring or killing a preborn child in an assault on the mother.] | VOTE YEA: 2012-09-26 Private Members' Business M-312 (Special committee on subsection 223(1 (Negatived) [+2: Voted to study whether the law should recognise a child as a human being before birth.] | 2010-03-23 SPEECH Business of Supply — Opposition Motion—Maternal an: ""As mentioned by the Prime Minister on Thursday, March 18, “The government is looking to work with G8"" [activity, not direction]",Conservative,Alberta
Tom Kmiec (Conservative) - Calgary Shepard,1,,,,,,"a vote, 3 years ago","strong (recorded vote, human-confirmed reading)",6,,"2024-05-10 SPEECH Government Business No. 39—Proceedings on Bill C-6: ""If one knows a child with Down syndrome, one should hug them. They are very special little kids. My "" [activity, not direction] | VOTE YEA: 2023-06-14 2nd reading of Bill C-311, An Act to amend the Criminal Code (violence (Negatived) [+2: Voted to advance a bill making the pregnancy of a victim an aggravating factor at sentencing -- recognition of the unbor] | VOTE YEA: 2021-06-02 2nd reading of Bill C-233, An Act to amend the Criminal Code (sex-sele (Negatived) [no reading -- not placed] | 2020-10-06 PETITION 432-00077 (Justice, 53 signatures, also presented by 11 other MP(s)) judge 3: Petition demands a Criminal Code ban on sex-selective abortion, directly engaging pro-life legislative reform  [presenting a petition does not imply endorsement] | 2020-10-06 SPEECH Petitions — Sex Selection: ""Mr. Speaker, the second petition I am tabling is by 53 petitioners in my riding, who are calling on "" [activity, not direction] | VOTE YEA: 2016-10-19 2nd reading of Bill C-225, An Act to amend the Criminal Code (injuring (Negatived) [+2: Voted for a separate offence of injuring or killing a preborn child in an assault on the mother.]",Conservative,Alberta
Blake Richards (Conservative) - Airdrie—Cochrane,1,,,,,,"a vote, 3 years ago","strong (recorded vote, human-confirmed reading)",5,,"MIXED RECORD: directional evidence on both sides -- read the acts, not the column | VOTE YEA: 2023-06-14 2nd reading of Bill C-311, An Act to amend the Criminal Code (violence (Negatived) [+2: Voted to advance a bill making the pregnancy of a victim an aggravating factor at sentencing -- recognition of the unbor] | VOTE NAY: 2021-06-02 2nd reading of Bill C-233, An Act to amend the Criminal Code (sex-sele (Negatived) [no reading -- not placed] | 2021-01-26 PETITION 432-00441 (Foreign affairs, 44 signatures, also presented by 54 other MP(s)) judge 2: Petition demands genocide recognition and sanctions over forced organ harvesting and forced abortion of Uyghur [presenting a petition does not imply endorsement] | VOTE YEA: 2016-10-19 2nd reading of Bill C-225, An Act to amend the Criminal Code (injuring (Negatived) [+2: Voted for a separate offence of injuring or killing a preborn child in an assault on the mother.] | VOTE NAY: 2012-09-26 Private Members' Business M-312 (Special committee on subsection 223(1 (Negatived) [-1: Voted against studying when a child becomes a human being in law (-1: some opposed reopening the question, not the quest]",Conservative,Alberta
Dan Albas (Conservative) - Okanagan Lake West—South Kelowna,1,,,,,,"a vote, 3 years ago","strong (recorded vote, human-confirmed reading)",5,,"MIXED RECORD: directional evidence on both sides -- read the acts, not the column | VOTE YEA: 2023-06-14 2nd reading of Bill C-311, An Act to amend the Criminal Code (violence (Negatived) [+2: Voted to advance a bill making the pregnancy of a victim an aggravating factor at sentencing -- recognition of the unbor] | VOTE NAY: 2021-06-02 2nd reading of Bill C-233, An Act to amend the Criminal Code (sex-sele (Negatived) [no reading -- not placed] | 2021-01-29 PETITION 3 copies, 2020-09-28 to 2021-01-29 (Foreign affairs, 148 signatures, also presented by 54 other MP(s)) judge 2: Petition alleges forced organ harvesting, forced sterilisation and abortion against Uyghurs, and demands genoc [presenting a petition does not imply endorsement] | 2016-10-19 NO RECORDED VOTE: 2nd reading of Bill C-225, An Act to amend the Criminal Code (injuring | VOTE NAY: 2012-09-26 Private Members' Business M-312 (Special committee on subsection 223(1 (Negatived) [-1: Voted against studying when a child becomes a human being in law (-1: some opposed reopening the question, not the quest]",Conservative,British Columbia
Gérard Deltell (Conservative) - Louis-Saint-Laurent—Akiawenhrahk,1,,,,,,"a vote, 3 years ago","strong (recorded vote, human-confirmed reading)",5,,"VOTE YEA: 2023-06-14 2nd reading of Bill C-311, An Act to amend the Criminal Code (violence (Negatived) [+2: Voted to advance a bill making the pregnancy of a victim an aggravating factor at sentencing -- recognition of the unbor] | VOTE NAY: 2021-06-02 2nd reading of Bill C-233, An Act to amend the Criminal Code (sex-sele (Negatived) [no reading -- not placed] | 2021-04-20 PETITION 432-00828 (Foreign affairs, 31 signatures, also presented by 54 other MP(s)) judge 2: Petition calls for genocide recognition and Magnitsky sanctions over forced sterilisation, abortion and organ  [presenting a petition does not imply endorsement] | 2021-04-20 SPEECH Petitions — Human Rights: ""Whereas, a new report published by the Associated Press has revealed that there has been an ongoing "" [activity, not direction] | 2016-10-19 NO RECORDED VOTE: 2nd reading of Bill C-225, An Act to amend the Criminal Code (injuring",Conservative,Quebec
Jeremy Patzer (Conservative) - Swift Current—Grasslands—Kindersley,1,,,,,,"a vote, 3 years ago","strong (recorded vote, human-confirmed reading)",5,,"2024-10-03 SPEECH Privilege — Reference to Standing Committee on Pro: ""The member is actively spreading misinformation, as is the government. Every single person who has t"" [activity, not direction] | VOTE YEA: 2023-06-14 2nd reading of Bill C-311, An Act to amend the Criminal Code (violence (Negatived) [+2: Voted to advance a bill making the pregnancy of a victim an aggravating factor at sentencing -- recognition of the unbor] | 2022-09-20 PETITION 441-00653 (Social affairs and equality, 25 signatures, also presented by 21 other MP(s)) judge 3: Petition opposes stripping charitable status from pro-life groups and faith organisations, defending conscienc [presenting a petition does not imply endorsement] | VOTE YEA: 2021-06-02 2nd reading of Bill C-233, An Act to amend the Criminal Code (sex-sele (Negatived) [no reading -- not placed] | 2020-12-02 PETITION 432-00331 (Foreign affairs, 39 signatures, also presented by 54 other MP(s)) judge 2: Petition alleges forced sterilisation, abortion and organ harvesting against Uyghurs, calling for genocide rec [presenting a petition does not imply endorsement]",Conservative,Saskatchewan
John Brassard (Conservative) - Barrie South—Innisfil,1,,,,,,"a vote, 3 years ago","strong (recorded vote, human-confirmed reading)",5,,"2025-10-02 PETITION 451-00136 (Taxation, 30 signatures, also presented by 9 other MP(s)) judge 3: Petition seeks to protect charitable status for religious and pro-life organisations against proposals to revo [presenting a petition does not imply endorsement] | VOTE YEA: 2023-06-14 2nd reading of Bill C-311, An Act to amend the Criminal Code (violence (Negatived) [+2: Voted to advance a bill making the pregnancy of a victim an aggravating factor at sentencing -- recognition of the unbor] | VOTE YEA: 2021-06-02 2nd reading of Bill C-233, An Act to amend the Criminal Code (sex-sele (Negatived) [no reading -- not placed] | 2018-06-01 SPEECH Barrie
Volunteer: ""Whether it is raising money, volunteering, or participating in the MS bike tours, the Polar Plunge f"" [activity, not direction] | 2016-10-19 NO RECORDED VOTE: 2nd reading of Bill C-225, An Act to amend the Criminal Code (injuring",Conservative,Ontario
Kelly McCauley (Conservative) - Edmonton West,1,,,,,,"a vote, 3 years ago","strong (recorded vote, human-confirmed reading)",5,,"VOTE YEA: 2023-06-14 2nd reading of Bill C-311, An Act to amend the Criminal Code (violence (Negatived) [+2: Voted to advance a bill making the pregnancy of a victim an aggravating factor at sentencing -- recognition of the unbor] | 2022-06-06 PETITION 2 copies, 2022-05-17 to 2022-06-06 (Social affairs and equality, 58 signatures, also presented by 21 other MP(s)) judge 3: Duplicate petition defending charitable status of pro-life and religious organisations against a politicised v [presenting a petition does not imply endorsement] | VOTE YEA: 2021-06-02 2nd reading of Bill C-233, An Act to amend the Criminal Code (sex-sele (Negatived) [no reading -- not placed] | 2018-06-13 SPEECH Latin American Heritage Month Act: ""Senator Enverga was also an executive member of the ParlAmericas group and worked hard to forge clos"" [activity, not direction] | 2016-10-19 NO RECORDED VOTE: 2nd reading of Bill C-225, An Act to amend the Criminal Code (injuring",Conservative,Alberta
Kevin Waugh (Conservative) - Saskatoon South,1,,,,,,"a vote, 3 years ago","strong (recorded vote, human-confirmed reading)",5,,"VOTE YEA: 2023-06-14 2nd reading of Bill C-311, An Act to amend the Criminal Code (violence (Negatived) [+2: Voted to advance a bill making the pregnancy of a victim an aggravating factor at sentencing -- recognition of the unbor] | VOTE YEA: 2021-06-02 2nd reading of Bill C-233, An Act to amend the Criminal Code (sex-sele (Negatived) [no reading -- not placed] | 2021-01-25 PETITION 3 copies, 2020-11-23 to 2021-01-25 (Foreign affairs, 109 signatures, also presented by 54 other MP(s)) judge 3: Duplicate petition citing forced organ harvesting of Uyghurs, touching transplant ethics concerns amid broader [presenting a petition does not imply endorsement] | 2020-11-23 SPEECH Petitions — Human Rights: ""Mr. Speaker, I too am presenting a petition on the suppression of the Uighurs by the Chinese Communi"" [activity, not direction] | VOTE YEA: 2016-10-19 2nd reading of Bill C-225, An Act to amend the Criminal Code (injuring (Negatived) [+2: Voted for a separate offence of injuring or killing a preborn child in an assault on the mother.]",Conservative,Saskatchewan
Kyle Seeback (Conservative) - Dufferin—Caledon,1,,,,,,"a vote, 3 years ago","strong (recorded vote, human-confirmed reading)",5,,"VOTE YEA: 2023-06-14 2nd reading of Bill C-311, An Act to amend the Criminal Code (violence (Negatived) [+2: Voted to advance a bill making the pregnancy of a victim an aggravating factor at sentencing -- recognition of the unbor] | VOTE YEA: 2021-06-02 2nd reading of Bill C-233, An Act to amend the Criminal Code (sex-sele (Negatived) [no reading -- not placed] | 2013-04-24 SPEECH Petitions — Sex Selection: ""Both petitions, and the people who signed them, call upon the House of Commons to condemn discrimina"" [activity, not direction] | 2012-12-06 SPEECH Petitions — Sex Selection: ""The petitioners therefore call upon the House of Commons to condemn discrimination against girls thr"" [activity, not direction] | VOTE YEA: 2012-09-26 Private Members' Business M-312 (Special committee on subsection 223(1 (Negatived) [+2: Voted to study whether the law should recognise a child as a human being before birth.]",Conservative,Ontario
Michael Barrett (Conservative) - Leeds—Grenville—Thousand Islands—Rideau Lakes,1,,,,,,"a vote, 3 years ago","strong (recorded vote, human-confirmed reading)",5,,"VOTE YEA: 2023-06-14 2nd reading of Bill C-311, An Act to amend the Criminal Code (violence (Negatived) [+2: Voted to advance a bill making the pregnancy of a victim an aggravating factor at sentencing -- recognition of the unbor] | 2022-11-04 PETITION 441-00842 (Social affairs and equality, 35 signatures, also presented by 21 other MP(s)) judge 3: Seeks to stop charitable status being stripped from pro-life or faith-based organisations, directly protecting [presenting a petition does not imply endorsement] | VOTE YEA: 2021-06-02 2nd reading of Bill C-233, An Act to amend the Criminal Code (sex-sele (Negatived) [no reading -- not placed] | 2020-12-02 PETITION 432-00328 (Foreign affairs, 36 signatures, also presented by 54 other MP(s)) judge 3: Petition alleges forced organ harvesting and forced abortion against Uyghurs, calling for genocide recognition [presenting a petition does not imply endorsement] | 2019-05-28 SPEECH Accessible Canada Act — Second reading and concurr: ""Ian is 29 years old. He is a high school graduate. He is a brother, a son and in the last year, a ve"" [activity, not direction]",Conservative,Ontario
Randy Hoback (Conservative) - Prince Albert,1,,,,,,"a vote, 3 years ago","strong (recorded vote, human-confirmed reading)",5,,"MIXED RECORD: directional evidence on both sides -- read the acts, not the column | VOTE YEA: 2023-06-14 2nd reading of Bill C-311, An Act to amend the Criminal Code (violence (Negatived) [+2: Voted to advance a bill making the pregnancy of a victim an aggravating factor at sentencing -- recognition of the unbor] | VOTE YEA: 2021-06-02 2nd reading of Bill C-233, An Act to amend the Criminal Code (sex-sele (Negatived) [no reading -- not placed] | VOTE YEA: 2016-10-19 2nd reading of Bill C-225, An Act to amend the Criminal Code (injuring (Negatived) [+2: Voted for a separate offence of injuring or killing a preborn child in an assault on the mother.] | VOTE NAY: 2012-09-26 Private Members' Business M-312 (Special committee on subsection 223(1 (Negatived) [-1: Voted against studying when a child becomes a human being in law (-1: some opposed reopening the question, not the quest] | 2012-03-14 SPEECH Petitions — Abortion: ""Petitions — Abortion"" [activity, not direction]",Conservative,Saskatchewan
Ben Lobb (Conservative) - Huron—Bruce,1,,,,,,"a vote, 3 years ago","strong (recorded vote, human-confirmed reading)",4,,"VOTE YEA: 2023-06-14 2nd reading of Bill C-311, An Act to amend the Criminal Code (violence (Negatived) [+2: Voted to advance a bill making the pregnancy of a victim an aggravating factor at sentencing -- recognition of the unbor] | VOTE YEA: 2021-06-02 2nd reading of Bill C-233, An Act to amend the Criminal Code (sex-sele (Negatived) [no reading -- not placed] | VOTE YEA: 2016-10-19 2nd reading of Bill C-225, An Act to amend the Criminal Code (injuring (Negatived) [+2: Voted for a separate offence of injuring or killing a preborn child in an assault on the mother.] | VOTE YEA: 2012-09-26 Private Members' Business M-312 (Special committee on subsection 223(1 (Negatived) [+2: Voted to study whether the law should recognise a child as a human being before birth.]",Conservative,Ontario
Chris Warkentin (Conservative) - Grande Prairie,1,,,,,,"a vote, 3 years ago","strong (recorded vote, human-confirmed reading)",4,,"VOTE YEA: 2023-06-14 2nd reading of Bill C-311, An Act to amend the Criminal Code (violence (Negatived) [+2: Voted to advance a bill making the pregnancy of a victim an aggravating factor at sentencing -- recognition of the unbor] | VOTE YEA: 2021-06-02 2nd reading of Bill C-233, An Act to amend the Criminal Code (sex-sele (Negatived) [no reading -- not placed] | VOTE YEA: 2016-10-19 2nd reading of Bill C-225, An Act to amend the Criminal Code (injuring (Negatived) [+2: Voted for a separate offence of injuring or killing a preborn child in an assault on the mother.] | VOTE YEA: 2012-09-26 Private Members' Business M-312 (Special committee on subsection 223(1 (Negatived) [+2: Voted to study whether the law should recognise a child as a human being before birth.]",Conservative,Alberta
Eric Duncan (Conservative) - Stormont—Dundas—Glengarry,1,,,,,,"a vote, 3 years ago","strong (recorded vote, human-confirmed reading)",4,,"VOTE YEA: 2023-06-14 2nd reading of Bill C-311, An Act to amend the Criminal Code (violence (Negatived) [+2: Voted to advance a bill making the pregnancy of a victim an aggravating factor at sentencing -- recognition of the unbor] | 2023-05-09 PETITION 441-01433 (Justice, 365 signatures) judge 3: Petition asks Parliament to vote down all bills expanding abortion and MAID, directly aligning with life-focus [presenting a petition does not imply endorsement] | VOTE NAY: 2021-06-02 2nd reading of Bill C-233, An Act to amend the Criminal Code (sex-sele (Negatived) [no reading -- not placed] | 2021-02-18 SPEECH Business of Supply — Opposition Motion—Religious M: ""There are one million people in detention camps in China. Women are being sterilized. There is force"" [activity, not direction]",Conservative,Ontario
Eric Melillo (Conservative) - Kenora—Kiiwetinoong,1,,,,,,"a vote, 3 years ago","strong (recorded vote, human-confirmed reading)",4,,"2025-10-02 PETITION 451-00135 (Taxation, 30 signatures, also presented by 9 other MP(s)) judge 3: Petition seeks to protect charitable status for religious and pro-life organisations against proposals to revo [presenting a petition does not imply endorsement] | VOTE YEA: 2023-06-14 2nd reading of Bill C-311, An Act to amend the Criminal Code (violence (Negatived) [+2: Voted to advance a bill making the pregnancy of a victim an aggravating factor at sentencing -- recognition of the unbor] | VOTE NAY: 2021-06-02 2nd reading of Bill C-233, An Act to amend the Criminal Code (sex-sele (Negatived) [no reading -- not placed] | 2020-12-09 PETITION 2 copies, 2020-10-19 to 2020-12-09 (Foreign affairs, 78 signatures, also presented by 54 other MP(s)) judge 2: Petition alleges forced sterilisation, abortion and organ harvesting against Uyghurs, calling for genocide rec [presenting a petition does not imply endorsement]",Conservative,Ontario
Jacques Gourde (Conservative) - Lévis—Lotbinière,1,,,,,,"a vote, 3 years ago","strong (recorded vote, human-confirmed reading)",4,,"MIXED RECORD: directional evidence on both sides -- read the acts, not the column | VOTE YEA: 2023-06-14 2nd reading of Bill C-311, An Act to amend the Criminal Code (violence (Negatived) [+2: Voted to advance a bill making the pregnancy of a victim an aggravating factor at sentencing -- recognition of the unbor] | VOTE NAY: 2021-06-02 2nd reading of Bill C-233, An Act to amend the Criminal Code (sex-sele (Negatived) [no reading -- not placed] | VOTE YEA: 2016-10-19 2nd reading of Bill C-225, An Act to amend the Criminal Code (injuring (Negatived) [+2: Voted for a separate offence of injuring or killing a preborn child in an assault on the mother.] | VOTE NAY: 2012-09-26 Private Members' Business M-312 (Special committee on subsection 223(1 (Negatived) [-1: Voted against studying when a child becomes a human being in law (-1: some opposed reopening the question, not the quest]",Conservative,Quebec
James Bezan (Conservative) - Selkirk—Interlake—Eastman,1,,,,,,"a vote, 3 years ago","strong (recorded vote, human-confirmed reading)",4,,"VOTE YEA: 2023-06-14 2nd reading of Bill C-311, An Act to amend the Criminal Code (violence (Negatived) [+2: Voted to advance a bill making the pregnancy of a victim an aggravating factor at sentencing -- recognition of the unbor] | VOTE YEA: 2021-06-02 2nd reading of Bill C-233, An Act to amend the Criminal Code (sex-sele (Negatived) [no reading -- not placed] | VOTE YEA: 2016-10-19 2nd reading of Bill C-225, An Act to amend the Criminal Code (injuring (Negatived) [+2: Voted for a separate offence of injuring or killing a preborn child in an assault on the mother.] | VOTE YEA: 2012-09-26 Private Members' Business M-312 (Special committee on subsection 223(1 (Negatived) [+2: Voted to study whether the law should recognise a child as a human being before birth.]",Conservative,Manitoba
Jamie Schmale (Conservative) - Haliburton—Kawartha Lakes,1,,,,,,"a vote, 3 years ago","strong (recorded vote, human-confirmed reading)",4,,"VOTE YEA: 2023-06-14 2nd reading of Bill C-311, An Act to amend the Criminal Code (violence (Negatived) [+2: Voted to advance a bill making the pregnancy of a victim an aggravating factor at sentencing -- recognition of the unbor] | VOTE YEA: 2021-06-02 2nd reading of Bill C-233, An Act to amend the Criminal Code (sex-sele (Negatived) [no reading -- not placed] | 2020-11-06 PETITION 2 copies, 2020-10-08 to 2020-11-06 (Foreign affairs, 71 signatures, also presented by 54 other MP(s)) judge 2: Duplicate petition demanding genocide recognition and Magnitsky sanctions over Uyghur forced sterilization, ab [presenting a petition does not imply endorsement] | VOTE YEA: 2016-10-19 2nd reading of Bill C-225, An Act to amend the Criminal Code (injuring (Negatived) [+2: Voted for a separate offence of injuring or killing a preborn child in an assault on the mother.]",Conservative,Ontario
John Nater (Conservative) - Perth—Wellington,1,,,,,,"a vote, 3 years ago","strong (recorded vote, human-confirmed reading)",4,,"VOTE YEA: 2023-06-14 2nd reading of Bill C-311, An Act to amend the Criminal Code (violence (Negatived) [+2: Voted to advance a bill making the pregnancy of a victim an aggravating factor at sentencing -- recognition of the unbor] | VOTE NAY: 2021-06-02 2nd reading of Bill C-233, An Act to amend the Criminal Code (sex-sele (Negatived) [no reading -- not placed] | 2018-06-13 SPEECH Latin American Heritage Month Act: ""Bill S-218 was introduced in the other place by our dear friend, our late colleague, the hon. Senato"" [activity, not direction] | VOTE YEA: 2016-10-19 2nd reading of Bill C-225, An Act to amend the Criminal Code (injuring (Negatived) [+2: Voted for a separate offence of injuring or killing a preborn child in an assault on the mother.]",Conservative,Ontario
Kerry Diotte (Conservative) - Edmonton Griesbach,1,,,,,,"a vote, 10 years ago","strong (recorded vote, human-confirmed reading)",4,,"VOTE YEA: 2021-06-02 2nd reading of Bill C-233, An Act to amend the Criminal Code (sex-sele (Negatived) [no reading -- not placed] | 2021-01-27 PETITION 432-00443 (Foreign affairs, 53 signatures, also presented by 54 other MP(s)) judge 2: Petition demands genocide recognition and sanctions over forced organ harvesting and forced abortion of Uyghur [presenting a petition does not imply endorsement] | 2021-01-27 SPEECH Petitions — Human Rights: ""Whereas, a new report published by the Associated Press has revealed that there has been an ongoing "" [activity, not direction] | VOTE YEA: 2016-10-19 2nd reading of Bill C-225, An Act to amend the Criminal Code (injuring (Negatived) [+2: Voted for a separate offence of injuring or killing a preborn child in an assault on the mother.]",Conservative,Alberta
Marc Dalton (Conservative) - Pitt Meadows—Maple Ridge,1,,,,,,"a vote, 3 years ago","strong (recorded vote, human-confirmed reading)",4,,"VOTE YEA: 2023-06-14 2nd reading of Bill C-311, An Act to amend the Criminal Code (violence (Negatived) [+2: Voted to advance a bill making the pregnancy of a victim an aggravating factor at sentencing -- recognition of the unbor] | 2023-05-03 PETITION 441-01422 (Justice, 42 signatures, also presented by 6 other MP(s)) judge 3: Duplicate petition seeking preborn children recognised as crime victims for sentencing, advancing foetal perso [presenting a petition does not imply endorsement] | VOTE YEA: 2021-06-02 2nd reading of Bill C-233, An Act to amend the Criminal Code (sex-sele (Negatived) [no reading -- not placed] | 2021-02-05 PETITION 432-00491 (Foreign affairs, 38 signatures, also presented by 54 other MP(s)) judge 2: Petition seeks genocide recognition and Magnitsky sanctions over forced sterilisation, forced abortion and org [presenting a petition does not imply endorsement]",Conservative,British Columbia
Michelle Rempel Garner (Conservative) - Calgary Nose Hill,1,,,,,,"a vote, 3 years ago","strong (recorded vote, human-confirmed reading)",4,,"MIXED RECORD: directional evidence on both sides -- read the acts, not the column | VOTE YEA: 2023-06-14 2nd reading of Bill C-311, An Act to amend the Criminal Code (violence (Negatived) [+2: Voted to advance a bill making the pregnancy of a victim an aggravating factor at sentencing -- recognition of the unbor] | VOTE NAY: 2021-06-02 2nd reading of Bill C-233, An Act to amend the Criminal Code (sex-sele (Negatived) [no reading -- not placed] | 2016-10-19 NO RECORDED VOTE: 2nd reading of Bill C-225, An Act to amend the Criminal Code (injuring | VOTE NAY: 2012-09-26 Private Members' Business M-312 (Special committee on subsection 223(1 (Negatived) [-1: Voted against studying when a child becomes a human being in law (-1: some opposed reopening the question, not the quest]",Conservative,Alberta
Pat Kelly (Conservative) - Calgary Crowfoot,1,,,,,,"a vote, 3 years ago","strong (recorded vote, human-confirmed reading)",4,,"VOTE YEA: 2023-06-14 2nd reading of Bill C-311, An Act to amend the Criminal Code (violence (Negatived) [+2: Voted to advance a bill making the pregnancy of a victim an aggravating factor at sentencing -- recognition of the unbor] | VOTE NAY: 2021-06-02 2nd reading of Bill C-233, An Act to amend the Criminal Code (sex-sele (Negatived) [no reading -- not placed] | 2021-01-25 PETITION 432-00434 (Foreign affairs, 45 signatures, also presented by 54 other MP(s)) judge 2: Petition alleges forced organ harvesting and forced abortion against Uyghurs, calling for genocide recognition [presenting a petition does not imply endorsement] | VOTE YEA: 2016-10-19 2nd reading of Bill C-225, An Act to amend the Criminal Code (injuring (Negatived) [+2: Voted for a separate offence of injuring or killing a preborn child in an assault on the mother.]",Conservative,Alberta
Philip Lawrence (Conservative) - Northumberland—Clarke,1,,,,,,"a vote, 3 years ago","strong (recorded vote, human-confirmed reading)",4,,"2024-02-29 SPEECH Canada Early Learning and Child Care Act — Second : ""I would like to take this moment to talk briefly about Clare from my office. She is a very special e"" [activity, not direction] | VOTE YEA: 2023-06-14 2nd reading of Bill C-311, An Act to amend the Criminal Code (violence (Negatived) [+2: Voted to advance a bill making the pregnancy of a victim an aggravating factor at sentencing -- recognition of the unbor] | VOTE YEA: 2021-06-02 2nd reading of Bill C-233, An Act to amend the Criminal Code (sex-sele (Negatived) [no reading -- not placed] | 2020-10-30 PETITION 432-00193 (Foreign affairs, 50 signatures, also presented by 54 other MP(s)) judge 2: Duplicate petition seeking genocide recognition and sanctions over Uyghur forced abortion, sterilisation and o [presenting a petition does not imply endorsement]",Conservative,Ontario
Pierre Paul-Hus (Conservative) - Charlesbourg—Haute-Saint-Charles,1,,,,,,"a vote, 3 years ago","strong (recorded vote, human-confirmed reading)",4,,"2024-09-24 SPEECH Business of Supply — Opposition Motion—Confidence : ""Madam Speaker, I said it before and I will say it again. I can repeat it 100,000 times. We are not p"" [activity, not direction] | VOTE YEA: 2023-06-14 2nd reading of Bill C-311, An Act to amend the Criminal Code (violence (Negatived) [+2: Voted to advance a bill making the pregnancy of a victim an aggravating factor at sentencing -- recognition of the unbor] | VOTE NAY: 2021-06-02 2nd reading of Bill C-233, An Act to amend the Criminal Code (sex-sele (Negatived) [no reading -- not placed] | VOTE YEA: 2016-10-19 2nd reading of Bill C-225, An Act to amend the Criminal Code (injuring (Negatived) [+2: Voted for a separate offence of injuring or killing a preborn child in an assault on the mother.]",Conservative,Quebec
Rob Moore (Conservative) - Fundy Royal,1,,,,,,"a vote, 3 years ago","strong (recorded vote, human-confirmed reading)",4,,"2023-10-04 SPEECH Criminal Code: ""Mr. Speaker, I want to commend the work of My Voice, My Choice and its appearance at our justice com"" [activity, not direction] | VOTE YEA: 2023-06-14 2nd reading of Bill C-311, An Act to amend the Criminal Code (violence (Negatived) [+2: Voted to advance a bill making the pregnancy of a victim an aggravating factor at sentencing -- recognition of the unbor] | VOTE YEA: 2021-06-02 2nd reading of Bill C-233, An Act to amend the Criminal Code (sex-sele (Negatived) [no reading -- not placed] | VOTE YEA: 2012-09-26 Private Members' Business M-312 (Special committee on subsection 223(1 (Negatived) [+2: Voted to study whether the law should recognise a child as a human being before birth.]",Conservative,New Brunswick
Rosemarie Falk (Conservative) - Battlefords—Lloydminster—Meadow Lake,1,,,,,,"a vote, 3 years ago","strong (recorded vote, human-confirmed reading)",4,,"VOTE YEA: 2023-06-14 2nd reading of Bill C-311, An Act to amend the Criminal Code (violence (Negatived) [+2: Voted to advance a bill making the pregnancy of a victim an aggravating factor at sentencing -- recognition of the unbor] | 2022-09-20 PETITION 441-00660 (Social affairs and equality, 34 signatures, also presented by 21 other MP(s)) judge 3: Petition opposes stripping charitable status from pro-life and faith-based organisations, defending conscience [presenting a petition does not imply endorsement] | VOTE YEA: 2021-06-02 2nd reading of Bill C-233, An Act to amend the Criminal Code (sex-sele (Negatived) [no reading -- not placed] | 2016-10-19 NO RECORDED VOTE: 2nd reading of Bill C-225, An Act to amend the Criminal Code (injuring",Conservative,Saskatchewan
Shannon Stubbs (Conservative) - Lakeland,1,,,,,,"a vote, 3 years ago","strong (recorded vote, human-confirmed reading)",4,,"VOTE YEA: 2023-06-14 2nd reading of Bill C-311, An Act to amend the Criminal Code (violence (Negatived) [+2: Voted to advance a bill making the pregnancy of a victim an aggravating factor at sentencing -- recognition of the unbor] | 2022-06-16 PETITION 441-00600 (Social affairs and equality, 27 signatures, also presented by 21 other MP(s)) judge 3: Duplicate petition defending charitable status of pro-life and faith-based organisations against politicised v [presenting a petition does not imply endorsement] | VOTE YEA: 2021-06-02 2nd reading of Bill C-233, An Act to amend the Criminal Code (sex-sele (Negatived) [no reading -- not placed] | VOTE YEA: 2016-10-19 2nd reading of Bill C-225, An Act to amend the Criminal Code (injuring (Negatived) [+2: Voted for a separate offence of injuring or killing a preborn child in an assault on the mother.]",Conservative,Alberta
Tako Van Popta (Conservative) - Langley Township—Fraser Heights,1,,,,,,"a vote, 3 years ago","strong (recorded vote, human-confirmed reading)",4,,"VOTE YEA: 2023-06-14 2nd reading of Bill C-311, An Act to amend the Criminal Code (violence (Negatived) [+2: Voted to advance a bill making the pregnancy of a victim an aggravating factor at sentencing -- recognition of the unbor] | 2022-09-20 PETITION 441-00661 (Social affairs and equality, 30 signatures, also presented by 21 other MP(s)) judge 3: Petition opposes stripping charitable status from pro-life and faith-based organisations, defending conscience [presenting a petition does not imply endorsement] | VOTE YEA: 2021-06-02 2nd reading of Bill C-233, An Act to amend the Criminal Code (sex-sele (Negatived) [no reading -- not placed] | 2021-02-05 PETITION 432-00489 (Foreign affairs, 61 signatures, also presented by 54 other MP(s)) judge 2: Petition seeks genocide recognition and Magnitsky sanctions over forced sterilisation, forced abortion and org [presenting a petition does not imply endorsement]",Conservative,British Columbia
Todd Doherty (Conservative) - Cariboo—Prince George—Omineca,1,,,,,,"a vote, 3 years ago","strong (recorded vote, human-confirmed reading)",4,,"2024-09-24 SPEECH Business of Supply — Opposition Motion—Confidence : ""Madam Speaker, our leader has stood in the House and answered question after question when it comes "" [activity, not direction] | VOTE YEA: 2023-06-14 2nd reading of Bill C-311, An Act to amend the Criminal Code (violence (Negatived) [+2: Voted to advance a bill making the pregnancy of a victim an aggravating factor at sentencing -- recognition of the unbor] | VOTE YEA: 2021-06-02 2nd reading of Bill C-233, An Act to amend the Criminal Code (sex-sele (Negatived) [no reading -- not placed] | VOTE YEA: 2016-10-19 2nd reading of Bill C-225, An Act to amend the Criminal Code (injuring (Negatived) [+2: Voted for a separate offence of injuring or killing a preborn child in an assault on the mother.]",Conservative,British Columbia
Ziad Aboultaif (Conservative) - Edmonton Manning,1,,,,,,"a vote, 3 years ago","strong (recorded vote, human-confirmed reading)",4,,"VOTE YEA: 2023-06-14 2nd reading of Bill C-311, An Act to amend the Criminal Code (violence (Negatived) [+2: Voted to advance a bill making the pregnancy of a victim an aggravating factor at sentencing -- recognition of the unbor] | VOTE YEA: 2021-06-02 2nd reading of Bill C-233, An Act to amend the Criminal Code (sex-sele (Negatived) [no reading -- not placed] | 2021-01-29 PETITION 432-00460 (Foreign affairs, 29 signatures, also presented by 54 other MP(s)) judge 2: Petition alleges forced organ harvesting and forced abortion against Uyghurs, urging genocide recognition and  [presenting a petition does not imply endorsement] | 2016-10-19 NO RECORDED VOTE: 2nd reading of Bill C-225, An Act to amend the Criminal Code (injuring",Conservative,Alberta
Alex Ruff (Conservative) - Bruce—Grey—Owen Sound,1,,,,,,"a vote, 3 years ago","strong (recorded vote, human-confirmed reading)",3,,"VOTE YEA: 2023-06-14 2nd reading of Bill C-311, An Act to amend the Criminal Code (violence (Negatived) [+2: Voted to advance a bill making the pregnancy of a victim an aggravating factor at sentencing -- recognition of the unbor] | VOTE NAY: 2021-06-02 2nd reading of Bill C-233, An Act to amend the Criminal Code (sex-sele (Negatived) [no reading -- not placed] | 2021-03-24 PETITION 4 copies, 2020-10-08 to 2021-03-24 (Foreign affairs, 152 signatures, also presented by 54 other MP(s)) judge 2: Petition cites forced organ harvesting and forced abortion against Uyghurs, urging Magnitsky sanctions, touchi [presenting a petition does not imply endorsement]",Conservative,Ontario
Andrew Scheer (Conservative) - Regina—Qu'Appelle,1,,,,,,"a vote, 3 years ago","strong (recorded vote, human-confirmed reading)",3,,"VOTE YEA: 2023-06-14 2nd reading of Bill C-311, An Act to amend the Criminal Code (violence (Negatived) [+2: Voted to advance a bill making the pregnancy of a victim an aggravating factor at sentencing -- recognition of the unbor] | VOTE YEA: 2021-06-02 2nd reading of Bill C-233, An Act to amend the Criminal Code (sex-sele (Negatived) [no reading -- not placed] | VOTE YEA: 2016-10-19 2nd reading of Bill C-225, An Act to amend the Criminal Code (injuring (Negatived) [+2: Voted for a separate offence of injuring or killing a preborn child in an assault on the mother.]",Conservative,Saskatchewan
Bernard Généreux (Conservative) - Côte-du-Sud—Rivière-du-Loup—Kataskomiq—Témiscouata,1,,,,,,"a vote, 3 years ago","strong (recorded vote, human-confirmed reading)",3,,"VOTE YEA: 2023-06-14 2nd reading of Bill C-311, An Act to amend the Criminal Code (violence (Negatived) [+2: Voted to advance a bill making the pregnancy of a victim an aggravating factor at sentencing -- recognition of the unbor] | VOTE NAY: 2021-06-02 2nd reading of Bill C-233, An Act to amend the Criminal Code (sex-sele (Negatived) [no reading -- not placed] | VOTE YEA: 2016-10-19 2nd reading of Bill C-225, An Act to amend the Criminal Code (injuring (Negatived) [+2: Voted for a separate offence of injuring or killing a preborn child in an assault on the mother.]",Conservative,Quebec
Chris Lewis (Conservative) - Essex,1,,,,,,"a vote, 3 years ago","strong (recorded vote, human-confirmed reading)",3,,"VOTE YEA: 2023-06-14 2nd reading of Bill C-311, An Act to amend the Criminal Code (violence (Negatived) [+2: Voted to advance a bill making the pregnancy of a victim an aggravating factor at sentencing -- recognition of the unbor] | VOTE YEA: 2021-06-02 2nd reading of Bill C-233, An Act to amend the Criminal Code (sex-sele (Negatived) [no reading -- not placed] | 2020-09-29 PETITION 432-00034 (Foreign affairs, 50 signatures, also presented by 54 other MP(s)) judge 2: Petition alleges forced organ harvesting, forced sterilisation and abortion against Uyghurs, and demands genoc [presenting a petition does not imply endorsement]",Conservative,Ontario
Corey Tochor (Conservative) - Saskatoon East,1,,,,,,"a vote, 3 years ago","strong (recorded vote, human-confirmed reading)",3,,"VOTE YEA: 2023-06-14 2nd reading of Bill C-311, An Act to amend the Criminal Code (violence (Negatived) [+2: Voted to advance a bill making the pregnancy of a victim an aggravating factor at sentencing -- recognition of the unbor] | VOTE YEA: 2021-06-02 2nd reading of Bill C-233, An Act to amend the Criminal Code (sex-sele (Negatived) [no reading -- not placed] | 2021-02-05 PETITION 432-00492 (Foreign affairs, 31 signatures, also presented by 54 other MP(s)) judge 2: Petition alleges forced organ harvesting and forced abortion against Uyghurs, urging Magnitsky sanctions. Rele [presenting a petition does not imply endorsement]",Conservative,Saskatchewan
Dave Epp (Conservative) - Chatham-Kent—Leamington,1,,,,,,"a vote, 3 years ago","strong (recorded vote, human-confirmed reading)",3,,"VOTE YEA: 2023-06-14 2nd reading of Bill C-311, An Act to amend the Criminal Code (violence (Negatived) [+2: Voted to advance a bill making the pregnancy of a victim an aggravating factor at sentencing -- recognition of the unbor] | 2022-02-03 PETITION 441-00128 (Foreign affairs, 37 signatures, also presented by 54 other MP(s)) judge 2: Petition alleges forced organ harvesting and forced abortion against Uyghurs, urging genocide recognition and  [presenting a petition does not imply endorsement] | VOTE YEA: 2021-06-02 2nd reading of Bill C-233, An Act to amend the Criminal Code (sex-sele (Negatived) [no reading -- not placed]",Conservative,Ontario
Jasraj Hallan (Conservative) - Calgary East,1,,,,,,"a vote, 3 years ago","strong (recorded vote, human-confirmed reading)",3,,"VOTE YEA: 2023-06-14 2nd reading of Bill C-311, An Act to amend the Criminal Code (violence (Negatived) [+2: Voted to advance a bill making the pregnancy of a victim an aggravating factor at sentencing -- recognition of the unbor] | VOTE YEA: 2021-06-02 2nd reading of Bill C-233, An Act to amend the Criminal Code (sex-sele (Negatived) [no reading -- not placed] | 2020-09-28 PETITION 432-00026 (Foreign affairs, 42 signatures, also presented by 54 other MP(s)) judge 2: Petition alleges forced organ harvesting and forced abortion against Uyghurs, urging genocide recognition and  [presenting a petition does not imply endorsement]",Conservative,Alberta
John Barlow (Conservative) - Foothills,1,,,,,,"a vote, 3 years ago","strong (recorded vote, human-confirmed reading)",3,,"VOTE YEA: 2023-06-14 2nd reading of Bill C-311, An Act to amend the Criminal Code (violence (Negatived) [+2: Voted to advance a bill making the pregnancy of a victim an aggravating factor at sentencing -- recognition of the unbor] | VOTE YEA: 2021-06-02 2nd reading of Bill C-233, An Act to amend the Criminal Code (sex-sele (Negatived) [no reading -- not placed] | VOTE YEA: 2016-10-19 2nd reading of Bill C-225, An Act to amend the Criminal Code (injuring (Negatived) [+2: Voted for a separate offence of injuring or killing a preborn child in an assault on the mother.]",Conservative,Alberta
Joël Godin (Conservative) - Saint-Augustin—Portneuf—Jacques-Cartier,1,,,,,,"a vote, 3 years ago","strong (recorded vote, human-confirmed reading)",3,,"VOTE YEA: 2023-06-14 2nd reading of Bill C-311, An Act to amend the Criminal Code (violence (Negatived) [+2: Voted to advance a bill making the pregnancy of a victim an aggravating factor at sentencing -- recognition of the unbor] | VOTE NAY: 2021-06-02 2nd reading of Bill C-233, An Act to amend the Criminal Code (sex-sele (Negatived) [no reading -- not placed] | 2016-10-19 NO RECORDED VOTE: 2nd reading of Bill C-225, An Act to amend the Criminal Code (injuring",Conservative,Quebec
Leslyn Lewis (Conservative) - Haldimand—Norfolk,1,,,,,,"a vote, 3 years ago","strong (recorded vote, human-confirmed reading)",3,,"VOTE YEA: 2023-06-14 2nd reading of Bill C-311, An Act to amend the Criminal Code (violence (Negatived) [+2: Voted to advance a bill making the pregnancy of a victim an aggravating factor at sentencing -- recognition of the unbor] | 2022-12-14 PETITION 441-00961 (Social affairs and equality, 565 signatures, also presented by 21 other MP(s)) judge 2: Seeks to stop charitable status being denied over pro-life or faith-based convictions, protecting conscience r [presenting a petition does not imply endorsement] | 2022-05-12 PETITION 441-00458 (Social affairs and equality, 1078 signatures, also presented by 6 other MP(s)) judge 3: Seeks to protect charitable status of pro-life pregnancy centres from government revocation, directly defendin [presenting a petition does not imply endorsement]",Conservative,Ontario
Luc Berthold (Conservative) - Mégantic—L'Érable—Lotbinière,1,,,,,,"a vote, 3 years ago","strong (recorded vote, human-confirmed reading)",3,,"VOTE YEA: 2023-06-14 2nd reading of Bill C-311, An Act to amend the Criminal Code (violence (Negatived) [+2: Voted to advance a bill making the pregnancy of a victim an aggravating factor at sentencing -- recognition of the unbor] | VOTE NAY: 2021-06-02 2nd reading of Bill C-233, An Act to amend the Criminal Code (sex-sele (Negatived) [no reading -- not placed] | VOTE YEA: 2016-10-19 2nd reading of Bill C-225, An Act to amend the Criminal Code (injuring (Negatived) [+2: Voted for a separate offence of injuring or killing a preborn child in an assault on the mother.]",Conservative,Quebec
Matt Jeneroux (Liberal) - Edmonton Riverbend,1,,,,,,"a vote, 3 years ago","strong (recorded vote, human-confirmed reading)",3,,"VOTE YEA: 2023-06-14 2nd reading of Bill C-311, An Act to amend the Criminal Code (violence (Negatived) [+2: Voted to advance a bill making the pregnancy of a victim an aggravating factor at sentencing -- recognition of the unbor] | VOTE NAY: 2021-06-02 2nd reading of Bill C-233, An Act to amend the Criminal Code (sex-sele (Negatived) [no reading -- not placed] | VOTE YEA: 2016-10-19 2nd reading of Bill C-225, An Act to amend the Criminal Code (injuring (Negatived) [+2: Voted for a separate offence of injuring or killing a preborn child in an assault on the mother.]",Liberal,Alberta
Rob Morrison (Conservative) - Columbia—Kootenay—Southern Rockies,1,,,,,,"a vote, 3 years ago","strong (recorded vote, human-confirmed reading)",3,,"VOTE YEA: 2023-06-14 2nd reading of Bill C-311, An Act to amend the Criminal Code (violence (Negatived) [+2: Voted to advance a bill making the pregnancy of a victim an aggravating factor at sentencing -- recognition of the unbor] | VOTE NAY: 2021-06-02 2nd reading of Bill C-233, An Act to amend the Criminal Code (sex-sele (Negatived) [no reading -- not placed] | 2020-11-18 PETITION 432-00238 (Foreign affairs, 37 signatures, also presented by 54 other MP(s)) judge 1: Duplicate petition on Uyghur genocide, forced sterilisation, abortion and organ harvesting; relevant to organ  [presenting a petition does not imply endorsement]",Conservative,British Columbia
Scott Aitchison (Conservative) - Parry Sound—Muskoka,1,,,,,,"a vote, 3 years ago","strong (recorded vote, human-confirmed reading)",3,,"VOTE YEA: 2023-06-14 2nd reading of Bill C-311, An Act to amend the Criminal Code (violence (Negatived) [+2: Voted to advance a bill making the pregnancy of a victim an aggravating factor at sentencing -- recognition of the unbor] | VOTE NAY: 2021-06-02 2nd reading of Bill C-233, An Act to amend the Criminal Code (sex-sele (Negatived) [no reading -- not placed] | 2020-10-28 PETITION 432-00173 (Foreign affairs, 38 signatures, also presented by 54 other MP(s)) judge 1: Focuses on Uyghur genocide recognition and sanctions; touches forced organ harvesting concern but not directly [presenting a petition does not imply endorsement]",Conservative,Ontario
Stephanie Kusie (Conservative) - Calgary Midnapore,1,,,,,,"a vote, 3 years ago","strong (recorded vote, human-confirmed reading)",3,,"VOTE YEA: 2023-06-14 2nd reading of Bill C-311, An Act to amend the Criminal Code (violence (Negatived) [+2: Voted to advance a bill making the pregnancy of a victim an aggravating factor at sentencing -- recognition of the unbor] | VOTE YEA: 2021-06-02 2nd reading of Bill C-233, An Act to amend the Criminal Code (sex-sele (Negatived) [no reading -- not placed] | 2016-10-19 NO RECORDED VOTE: 2nd reading of Bill C-225, An Act to amend the Criminal Code (injuring",Conservative,Alberta
Tim Uppal (Conservative) - Edmonton Gateway,1,,,,,,"a vote, 3 years ago","strong (recorded vote, human-confirmed reading)",3,,"MIXED RECORD: directional evidence on both sides -- read the acts, not the column | VOTE YEA: 2023-06-14 2nd reading of Bill C-311, An Act to amend the Criminal Code (violence (Negatived) [+2: Voted to advance a bill making the pregnancy of a victim an aggravating factor at sentencing -- recognition of the unbor] | VOTE YEA: 2021-06-02 2nd reading of Bill C-233, An Act to amend the Criminal Code (sex-sele (Negatived) [no reading -- not placed] | VOTE NAY: 2012-09-26 Private Members' Business M-312 (Special committee on subsection 223(1 (Negatived) [-1: Voted against studying when a child becomes a human being in law (-1: some opposed reopening the question, not the quest]",Conservative,Alberta
Anna Roberts (Conservative) - King—Vaughan,1,,,,,,"a vote, 3 years ago","strong (recorded vote, human-confirmed reading)",2,,"2024-10-24 SPEECH Down Syndrome Day: ""Down Syndrome Day"" [activity, not direction] | VOTE YEA: 2023-06-14 2nd reading of Bill C-311, An Act to amend the Criminal Code (violence (Negatived) [+2: Voted to advance a bill making the pregnancy of a victim an aggravating factor at sentencing -- recognition of the unbor]",Conservative,Ontario
Dan Mazier (Conservative) - Riding Mountain,1,,,,,,"a vote, 3 years ago","strong (recorded vote, human-confirmed reading)",2,,"VOTE YEA: 2023-06-14 2nd reading of Bill C-311, An Act to amend the Criminal Code (violence (Negatived) [+2: Voted to advance a bill making the pregnancy of a victim an aggravating factor at sentencing -- recognition of the unbor] | VOTE YEA: 2021-06-02 2nd reading of Bill C-233, An Act to amend the Criminal Code (sex-sele (Negatived) [no reading -- not placed]",Conservative,Manitoba
Doug Shipley (Conservative) - Barrie—Springwater—Oro-Medonte,1,,,,,,"a vote, 3 years ago","strong (recorded vote, human-confirmed reading)",2,,"VOTE YEA: 2023-06-14 2nd reading of Bill C-311, An Act to amend the Criminal Code (violence (Negatived) [+2: Voted to advance a bill making the pregnancy of a victim an aggravating factor at sentencing -- recognition of the unbor] | VOTE NAY: 2021-06-02 2nd reading of Bill C-233, An Act to amend the Criminal Code (sex-sele (Negatived) [no reading -- not placed]",Conservative,Ontario
Lianne Rood (Conservative) - Middlesex—London,1,,,,,,"a vote, 3 years ago","strong (recorded vote, human-confirmed reading)",2,,"VOTE YEA: 2023-06-14 2nd reading of Bill C-311, An Act to amend the Criminal Code (violence (Negatived) [+2: Voted to advance a bill making the pregnancy of a victim an aggravating factor at sentencing -- recognition of the unbor] | VOTE YEA: 2021-06-02 2nd reading of Bill C-233, An Act to amend the Criminal Code (sex-sele (Negatived) [no reading -- not placed]",Conservative,Ontario
Melissa Lantsman (Conservative) - Thornhill,1,,,,,,"a vote, 3 years ago","strong (recorded vote, human-confirmed reading)",2,,"2024-11-04 SPEECH Privilege — Reference to Standing Committee on Pro: ""It is now evident that the Liberals will do anything to stay in power; even a humiliating U-turn tha"" [activity, not direction] | VOTE YEA: 2023-06-14 2nd reading of Bill C-311, An Act to amend the Criminal Code (violence (Negatived) [+2: Voted to advance a bill making the pregnancy of a victim an aggravating factor at sentencing -- recognition of the unbor]",Conservative,Ontario
Michael Kram (Conservative) - Regina—Wascana,1,,,,,,"a vote, 3 years ago","strong (recorded vote, human-confirmed reading)",2,,"VOTE YEA: 2023-06-14 2nd reading of Bill C-311, An Act to amend the Criminal Code (violence (Negatived) [+2: Voted to advance a bill making the pregnancy of a victim an aggravating factor at sentencing -- recognition of the unbor] | VOTE YEA: 2021-06-02 2nd reading of Bill C-233, An Act to amend the Criminal Code (sex-sele (Negatived) [no reading -- not placed]",Conservative,Saskatchewan
Raquel Dancho (Conservative) - Kildonan—St. Paul,1,,,,,,"a vote, 3 years ago","strong (recorded vote, human-confirmed reading)",2,,"VOTE YEA: 2023-06-14 2nd reading of Bill C-311, An Act to amend the Criminal Code (violence (Negatived) [+2: Voted to advance a bill making the pregnancy of a victim an aggravating factor at sentencing -- recognition of the unbor] | VOTE YEA: 2021-06-02 2nd reading of Bill C-233, An Act to amend the Criminal Code (sex-sele (Negatived) [no reading -- not placed]",Conservative,Manitoba
Richard Bragdon (Conservative) - Tobique—Mactaquac,1,,,,,,"a vote, 3 years ago","strong (recorded vote, human-confirmed reading)",2,,"VOTE YEA: 2023-06-14 2nd reading of Bill C-311, An Act to amend the Criminal Code (violence (Negatived) [+2: Voted to advance a bill making the pregnancy of a victim an aggravating factor at sentencing -- recognition of the unbor] | VOTE YEA: 2021-06-02 2nd reading of Bill C-233, An Act to amend the Criminal Code (sex-sele (Negatived) [no reading -- not placed]",Conservative,New Brunswick
Scot Davidson (Conservative) - York—South Simcoe,1,,,,,,"a vote, 3 years ago","strong (recorded vote, human-confirmed reading)",2,,"VOTE YEA: 2023-06-14 2nd reading of Bill C-311, An Act to amend the Criminal Code (violence (Negatived) [+2: Voted to advance a bill making the pregnancy of a victim an aggravating factor at sentencing -- recognition of the unbor] | VOTE NAY: 2021-06-02 2nd reading of Bill C-233, An Act to amend the Criminal Code (sex-sele (Negatived) [no reading -- not placed]",Conservative,Ontario
Shelby Kramp-Neuman (Conservative) - Hastings—Lennox and Addington—Tyendinaga,1,,,,,,"a vote, 3 years ago","strong (recorded vote, human-confirmed reading)",2,,"VOTE YEA: 2023-06-14 2nd reading of Bill C-311, An Act to amend the Criminal Code (violence (Negatived) [+2: Voted to advance a bill making the pregnancy of a victim an aggravating factor at sentencing -- recognition of the unbor] | 2022-02-03 PETITION 441-00130 (Foreign affairs, 35 signatures, also presented by 54 other MP(s)) judge 2: Petition alleges forced organ harvesting and forced abortion against Uyghurs, urging genocide recognition and  [presenting a petition does not imply endorsement]",Conservative,Ontario
Terry Dowdall (Conservative) - Simcoe—Grey,1,,,,,,"a vote, 3 years ago","strong (recorded vote, human-confirmed reading)",2,,"VOTE YEA: 2023-06-14 2nd reading of Bill C-311, An Act to amend the Criminal Code (violence (Negatived) [+2: Voted to advance a bill making the pregnancy of a victim an aggravating factor at sentencing -- recognition of the unbor] | VOTE YEA: 2021-06-02 2nd reading of Bill C-233, An Act to amend the Criminal Code (sex-sele (Negatived) [no reading -- not placed]",Conservative,Ontario
Tony Baldinelli (Conservative) - Niagara Falls—Niagara-on-the-Lake,1,,,,,,"a vote, 3 years ago","strong (recorded vote, human-confirmed reading)",2,,"VOTE YEA: 2023-06-14 2nd reading of Bill C-311, An Act to amend the Criminal Code (violence (Negatived) [+2: Voted to advance a bill making the pregnancy of a victim an aggravating factor at sentencing -- recognition of the unbor] | VOTE YEA: 2021-06-02 2nd reading of Bill C-233, An Act to amend the Criminal Code (sex-sele (Negatived) [no reading -- not placed]",Conservative,Ontario
Warren Steinley (Conservative) - Regina—Lewvan,1,,,,,,"a vote, 3 years ago","strong (recorded vote, human-confirmed reading)",2,,"VOTE YEA: 2023-06-14 2nd reading of Bill C-311, An Act to amend the Criminal Code (violence (Negatived) [+2: Voted to advance a bill making the pregnancy of a victim an aggravating factor at sentencing -- recognition of the unbor] | VOTE YEA: 2021-06-02 2nd reading of Bill C-233, An Act to amend the Criminal Code (sex-sele (Negatived) [no reading -- not placed]",Conservative,Saskatchewan
Adam Chambers (Conservative) - Simcoe North,1,,,,,,"a vote, 3 years ago","strong (recorded vote, human-confirmed reading)",1,,"VOTE YEA: 2023-06-14 2nd reading of Bill C-311, An Act to amend the Criminal Code (violence (Negatived) [+2: Voted to advance a bill making the pregnancy of a victim an aggravating factor at sentencing -- recognition of the unbor]",Conservative,Ontario
Clifford Small (Conservative) - Coast of Bays—Central—Notre Dame,1,,,,,,"a vote, 3 years ago","strong (recorded vote, human-confirmed reading)",1,,"VOTE YEA: 2023-06-14 2nd reading of Bill C-311, An Act to amend the Criminal Code (violence (Negatived) [+2: Voted to advance a bill making the pregnancy of a victim an aggravating factor at sentencing -- recognition of the unbor]",Conservative,Newfoundland and Labrador
Dan Muys (Conservative) - Flamborough—Glanbrook—Brant North,1,,,,,,"a vote, 3 years ago","strong (recorded vote, human-confirmed reading)",1,,"VOTE YEA: 2023-06-14 2nd reading of Bill C-311, An Act to amend the Criminal Code (violence (Negatived) [+2: Voted to advance a bill making the pregnancy of a victim an aggravating factor at sentencing -- recognition of the unbor]",Conservative,Ontario
Dominique Vien (Conservative) - Bellechasse—Les Etchemins—Lévis,1,,,,,,"a vote, 3 years ago","strong (recorded vote, human-confirmed reading)",1,,"VOTE YEA: 2023-06-14 2nd reading of Bill C-311, An Act to amend the Criminal Code (violence (Negatived) [+2: Voted to advance a bill making the pregnancy of a victim an aggravating factor at sentencing -- recognition of the unbor]",Conservative,Quebec
Fraser Tolmie (Conservative) - Moose Jaw—Lake Centre—Lanigan,1,,,,,,"a vote, 3 years ago","strong (recorded vote, human-confirmed reading)",1,,"VOTE YEA: 2023-06-14 2nd reading of Bill C-311, An Act to amend the Criminal Code (violence (Negatived) [+2: Voted to advance a bill making the pregnancy of a victim an aggravating factor at sentencing -- recognition of the unbor]",Conservative,Saskatchewan
Laila Goodridge (Conservative) - Fort McMurray—Cold Lake,1,,,,,,"a vote, 3 years ago","strong (recorded vote, human-confirmed reading)",1,,"VOTE YEA: 2023-06-14 2nd reading of Bill C-311, An Act to amend the Criminal Code (violence (Negatived) [+2: Voted to advance a bill making the pregnancy of a victim an aggravating factor at sentencing -- recognition of the unbor]",Conservative,Alberta
Cathay Wagantall (Conservative) - Yorkton—Melville [FORMER],1,,,,,,"a vote, 3 years ago","strong (recorded vote, human-confirmed reading)",63,,"2026-06-18 PETITION 32 copies, 2023-03-30 to 2026-06-18 (Justice, 1472 signatures, also presented by 6 other MP(s)) judge 3: Seeks recognition of preborn victims in sentencing law, a pro-life fetal personhood measure without touching a [presenting a petition does not imply endorsement] | 2026-06-17 SPEECH Government Business No. 13—Proceedings on Bill C‑2: ""That decision enabled me to bring forward the sex-selective abortion act. Women and nurses, who are "" [activity, not direction] | 2025-09-17 PETITION 451-00081 (Taxation, 38942 signatures) judge 3: Duplicate petition defending charitable status of faith-based and pro-life groups against Finance Committee re [presenting a petition does not imply endorsement] | 2024-04-08 SPEECH Petitions — Criminal Code: ""The injury or death of a child in the womb when a woman is pregnant is not considered as aggravating"" [activity, not direction] | 2024-02-26 SPEECH Petitions — Criminal Code: ""Currently, the injury or death of a preborn child as a victim of crime is not considered an aggravat"" [activity, not direction] | 2023-10-27 SPEECH Petitions — Criminal Code: ""The petitioners know that the risk of violence against women increases when they are pregnant, that "" [activity, not direction] | 2023-10-20 SPEECH Petitions — Criminal Code: ""Their rationale is that it is a well-established fact to all of us, and we know this, that the risk "" [activity, not direction] | 2023-10-16 SPEECH Petitions — Criminal Code: ""They indicate that Canada has no abortion law, which is true, and that this legal void is so extreme"" [activity, not direction] | 2023-10-04 PETITION 3 copies, 2022-10-19 to 2023-10-04 (Social affairs and equality, 131 signatures, also presented by 6 other MP(s)) judge 3: Petition demands MPs block removal of charitable status from pro-life crisis pregnancy centres, defending pro- [presenting a petition does not imply endorsement] | VOTE YEA: 2023-06-14 2nd reading of Bill C-311, An Act to amend the Criminal Code (violence (Negatived) [+2: Voted to advance a bill making the pregnancy of a victim an aggravating factor at sentencing -- recognition of the unbor] | 2023-05-30 PETITION 3 copies, 2023-05-30 (Justice, 147 signatures) judge 2: Duplicate petition seeking Criminal Code sentencing reform for violence against pregnant women, relevant to fe [presenting a petition does not imply endorsement] | 2023-05-30 SPEECH Petitions — Criminal Code: ""Addressing this legal void through sentencing that considers the vulnerable state of a pregnant woma"" [activity, not direction] | 2023-05-09 SPEECH Violence Against Pregnant Women Act: ""A position paper outlining six reasons to oppose this bill was sent to all parliamentarians, except "" [activity, not direction] | 2023-05-09 SPEECH Violence Against Pregnant Women Act: ""These people are in government. They can make whatever decision they want in regard to abortion acce"" [activity, not direction] | 2023-05-03 SPEECH Petitions — Criminal Code: ""Currently, in the injury or death of a woman and the child that she is carrying as victims of crime,"" [activity, not direction] | 2023-03-30 SPEECH Petitions — Rights of the Unborn: ""Canada has no abortion law, and this legal void is such that we do not even recognize preborn childr"" [activity, not direction] | 2023-03-27 SPEECH Online Streaming Act: ""Canadians analyze this bill, and they cannot help but conclude it is an attempt to impose state cens"" [activity, not direction] | 2023-02-06 PETITION 4 copies, 2022-09-20 to 2023-02-06 (Social affairs and equality, 117 signatures, also presented by 21 other MP(s)) judge 3: Petition seeks to stop pro-life charities losing charitable status over their convictions, directly touching a [presenting a petition does not imply endorsement] | 2023-01-31 SPEECH Violence Against Pregnant Women Act: ""moved for leave to introduce Bill C-311, An Act to amend the Criminal Code (violence against pregnan"" [activity, not direction] | 2022-10-26 SPEECH Petitions — Charitable Organizations: ""They therefore call on the government to recognize that all Canadians have a right under the Canadia"" [activity, not direction] | 2022-09-26 SPEECH Petitions — Charitable Organizations: ""Therefore, the petitioners are calling on the Liberal government to protect and preserve the applica"" [activity, not direction] | 2022-09-20 SPEECH Petitions — Charitable Organizations: ""Madam Speaker, I am rising to present this petition on behalf of Canadians who feel that the Liberal"" [activity, not direction] | 2021-06-18 PETITION 28 copies, 2020-06-17 to 2021-06-18 (Justice, 2333 signatures, also presented by 11 other MP(s)) judge 3: Petition demands a Criminal Code ban on sex-selective abortion, directly engaging Canada's abortion policy vac [presenting a petition does not imply endorsement] | 2021-06-18 SPEECH Petitions — Sex Selection: ""International organizations, including the United Nations Commission on the Status of Women and the "" [activity, not direction] | VOTE YEA: 2021-06-02 2nd reading of Bill C-233, An Act to amend the Criminal Code (sex-sele (Negatived) [no reading -- not placed] | 2021-05-28 SPEECH Petitions — Sex Selection: ""The first petition is from individuals in our country who are calling on the House of Commons to pas"" [activity, not direction] | 2021-05-28 SPEECH Sex-Selective Abortion Act: ""Sex-Selective Abortion Act"" [activity, not direction] | 2021-05-28 SPEECH Sex-Selective Abortion Act: ""Sex-Selective Abortion Act"" [activity, not direction] | 2021-05-07 SPEECH Petitions — Sex Selection: ""Mr. Speaker, the second petition calls upon the House of Commons to pass a Criminal Code prohibition"" [activity, not direction] | 2021-04-23 SPEECH Petitions — Sex Selection: ""Madam Speaker, my second petition is in regard to Bill C-233, the sex-selective abortion act, callin"" [activity, not direction] | 2021-04-20 PETITION 5 copies, 2020-12-10 to 2021-04-20 (Foreign affairs, 226 signatures, also presented by 54 other MP(s)) judge 2: Petition alleges forced organ harvesting and forced abortion against Uyghurs, calling for genocide recognition [presenting a petition does not imply endorsement] | 2021-04-16 PETITION 432-00827 (Justice, 10197 signatures) judge 3: Petition calls for a Criminal Code ban on sex-selective abortion, directly engaging Canada's unrestricted abor [presenting a petition does not imply endorsement] | 2021-04-16 SPEECH Petitions — Sex Selection: ""The petitioners call on the House of Commons in Parliament assembled to pass a Criminal Code prohibi"" [activity, not direction] | 2021-04-14 SPEECH Sex-Selective Abortion Act: ""She said: Madam Speaker, one of my responsibilities I have greatly enjoyed and look forward to again"" [activity, not direction] | 2021-04-14 SPEECH Sex-Selective Abortion Act: ""Sex-Selective Abortion Act"" [activity, not direction] | 2021-04-14 SPEECH Sex-Selective Abortion Act: ""Sex-Selective Abortion Act"" [activity, not direction] | 2021-04-14 SPEECH Sex-Selective Abortion Act: ""Sex-Selective Abortion Act"" [activity, not direction] | 2021-04-13 SPEECH Petitions — Sex Selection: ""Mr. Speaker, I am very pleased to present a petition today signed by 440 individuals who are calling"" [activity, not direction] | 2021-03-10 SPEECH Petitions — Sex Selection: ""Madam Speaker, my second petition will briefer. It is in regard to sex-selective abortion in Canada."" [activity, not direction] | 2021-03-09 SPEECH Petitions — Sex Selection: ""The petitioners call on the government to pass a Criminal Code prohibition on sex-selective abortion"" [activity, not direction] | 2021-02-26 SPEECH Petitions — Human Rights: ""Madam Speaker, the petition I present today once again stresses that Canada cannot remain silent in "" [activity, not direction] | 2021-01-28 SPEECH Petitions — Sex Selection: ""Mr. Speaker, I am pleased to stand in the House on behalf of constituents across Canada who are expr"" [activity, not direction] | 2020-11-20 SPEECH Petitions — Sex Selection: ""The petitioners quote a 2019 Dart & Maru/Blue poll, which indicates that 84% of Canadians across Can"" [activity, not direction] | 2020-10-28 SPEECH Petitions — Sex Selection: ""The World Health Organization, United Nations Women and United Nations Children's Fund have identifi"" [activity, not direction] | 2020-10-22 SPEECH Petitions — Sex Selection: ""Therefore, the undersigned citizens of Canada call upon the Government of Canada to pass a Criminal "" [activity, not direction] | 2020-10-20 SPEECH Petitions — Sex Selection: ""Mr. Speaker, the second petition is in regard to sex-selective abortion. It indicates that sex-selec"" [activity, not direction] | 2020-10-19 SPEECH Criminal Code: ""In fact, the Fraser Health Authority's decision flies in the face of the Canadian Society of Palliat"" [activity, not direction] | 2020-09-25 SPEECH Petitions — Abortion: ""Therefore, the undersigned citizens of Canada call upon the House of Commons to pass a criminal code"" [activity, not direction] | 2020-05-26 SPEECH Sex Selection: ""My constituents, and indeed 84% of Canadians, have been clear that sex-selective abortion is not per"" [activity, not direction] | 2020-02-26 SPEECH Sex-selective Abortion Act: ""Sex-selective Abortion Act"" [activity, not direction] | 2018-05-11 SPEECH Petitions — Sex Selection: ""The first one is on behalf of constituents who are very concerned about sex-selected abortion. A CBC"" [activity, not direction] | 2018-03-19 SPEECH The Budget — Financial Statement of Minister of Fi: ""The Liberal member who spoke prior to both of my colleagues claimed that this Liberal budget was not"" [activity, not direction] | 2017-04-11 SPEECH Committees of the House — Status of Women: ""As well, the Minister of Status of Women at committee avoided the question when asked whether or not"" [activity, not direction] | 2017-03-09 SPEECH Business of Supply — Opposition Motion--Canadian F: ""In plain speak, this means the Liberals are intending to legally challenge 125 countries worldwide, "" [activity, not direction] | VOTE YEA: 2016-10-19 2nd reading of Bill C-225, An Act to amend the Criminal Code (injuring (Negatived) [+2: Voted for a separate offence of injuring or killing a preborn child in an assault on the mother.] | 2016-10-17 SPEECH Justice: ""I want to be clear. This legislation would not in any way change or impact the law, or limit or unde"" [activity, not direction] | 2016-10-17 SPEECH Protection of Pregnant Women and Their Preborn Chi: ""Opponents of Cassie and Molly's law claim that the bill could be a back door to limit a woman's acce"" [activity, not direction] | 2016-09-19 PETITION 421-00554 (Unborn children, 6163 signatures) judge 2: Seeks recognition of pre-born children as separate victims in violent crimes, touching foetal personhood debat [presenting a petition does not imply endorsement] | 2016-05-02 SPEECH Protection of Pregnant Women and Their Preborn Chi: ""No one makes the argument that in order to protect abortion, we should not be performing life-saving"" [activity, not direction] | 2016-05-02 SPEECH Protection of Pregnant Women and Their Preborn Chi: ""One individual wrote to me and said that she was a young woman. She had a miscarriage, which was dev"" [activity, not direction] | SPONSORED 44-1/C-311 An Act to amend the Criminal Code (violence against pregnant women) [+2: Sponsored a bill recognising a victim's pregnancy as an aggravating factor at sentencing.] | SPONSORED 43-2/C-233 An Act to amend the Criminal Code (sex-selective abortion) [no reading -- not placed] | SPONSORED 43-1/C-233 An Act to amend the Criminal Code (sex-selective abortion) [no reading -- not placed]",Conservative,Saskatchewan
Leon Benoit (Conservative) - Vegreville—Wainwright [FORMER],1,,,,,,"a vote, 14 years ago","strong (recorded vote, human-confirmed reading)",31,,"2015-05-25 SPEECH Abortion: ""These are the issues dealing with abortion and end of life, such as physician-assisted suicide. They"" [activity, not direction] | 2015-05-12 SPEECH Petitions — Sex Selection: ""They are calling on Parliament to condemn the practice of gender-selective abortion."" [activity, not direction] | 2015-05-05 SPEECH Petitions — Sex Selection: ""Mr. Speaker, the second petition is to do with gender selection abortion. The petitioners ask Parlia"" [activity, not direction] | 2015-04-28 SPEECH Petitions — Gender Selection: ""Two of them are on gender selection abortion."" [activity, not direction] | 2015-04-21 SPEECH Petitions — Sex Selection: ""Mr. Speaker, the third petition is regarding gender selection abortion. The petitioners note that th"" [activity, not direction] | 2015-02-27 SPEECH Petitions — Sex Selection: ""In the first petition, the petitioners call on Parliament to condemn the discrimination against girl"" [activity, not direction] | 2015-02-06 SPEECH Petitions — Sex Selection: ""In the first petition, the petitioners call on Parliament to condemn discrimination against girls, w"" [activity, not direction] | 2014-12-01 SPEECH Petitions — Sex Selection: ""Mr. Speaker, the third petition calls on Parliament to condemn the use of gender selection abortion "" [activity, not direction] | 2014-11-17 SPEECH Petitions — Sex Selection: ""Mr. Speaker, I am proud to rise on behalf of constituents to present a petition on gender selection "" [activity, not direction] | 2014-11-06 SPEECH Sex Selection: ""Canada can fix this too. Let us start by having this Parliament condemn gender-selection abortion. W"" [activity, not direction] | 2014-06-11 SPEECH Petitions — Sex Selection: ""Mr. Speaker, the second petition has to do with gender-selection abortion. The petitioners note that"" [activity, not direction] | 2014-06-05 SPEECH Petitions — Sex Selection: ""Mr. Speaker, I have two petitions to present today. The first petition is on gender selection aborti"" [activity, not direction] | 2014-05-05 SPEECH Petitions — Sex Selection: ""Mr. Speaker, 92% of Canadians think it is wrong for gender-selection abortion to be taking place in "" [activity, not direction] | 2013-11-28 SPEECH Petitions — Sex Selection: ""The petitioners condemn discrimination against females occurring through gender selection abortion. "" [activity, not direction] | 2013-11-21 SPEECH Petitions — Abortion: ""Petitions — Abortion"" [activity, not direction] | 2013-11-21 SPEECH Petitions — Sex Selection: ""Mr. Speaker, the second petition is to remind Canadians of a CBC show presented about a year ago, wh"" [activity, not direction] | 2013-05-27 SPEECH Petitions — Abortion: ""Petitions — Abortion"" [activity, not direction] | 2013-05-27 SPEECH Petitions — Sex Selection: ""Mr. Speaker, the second petition refers to the CBC program on sex-selective abortion. The petitioner"" [activity, not direction] | 2013-05-10 SPEECH Petitions — Sex Selection: ""Mr. Speaker, I have two petitions. The first one has come about as a result of CBC revealing that in"" [activity, not direction] | 2013-05-10 SPEECH Petitions — Abortion: ""Petitions — Abortion"" [activity, not direction] | 2013-05-07 SPEECH Petitions — Sex Selection: ""The petitioners point out that 92% of Canadians oppose this gender selection abortion and that all p"" [activity, not direction] | 2013-02-27 SPEECH Petitions — Sex Selection: ""Mr. Speaker, I am honoured to present a petition on behalf of constituents from Sedgewick, Killam an"" [activity, not direction] | 2012-11-28 SPEECH Petitions — Abortion: ""Petitions — Abortion"" [activity, not direction] | 2012-11-27 SPEECH Petitions — Abortion: ""Petitions — Abortion"" [activity, not direction] | 2012-10-31 SPEECH Petitions — Abortion: ""Petitions — Abortion"" [activity, not direction] | 2012-09-27 SPEECH Petitions — Abortion: ""Petitions — Abortion"" [activity, not direction] | VOTE YEA: 2012-09-26 Private Members' Business M-312 (Special committee on subsection 223(1 (Negatived) [+2: Voted to study whether the law should recognise a child as a human being before birth.] | 2012-09-20 SPEECH Petitions — Abortion: ""Petitions — Abortion"" [activity, not direction] | 2012-09-19 SPEECH Petitions — Rights of the Unborn: ""Mr. Speaker, in the other petition, the petitioners call on the House to speedily enact legislation "" [activity, not direction] | 2012-03-06 SPEECH Freedom of Speech: ""Mr. Speaker, universities in Canada are often thought of as the bastions of free speech and expressi"" [activity, not direction] | 2010-11-24 SPEECH Petitions — Right to Life: ""Whereas 40 years ago, on May 14, 1969, Parliament changed the law to permit abortion, and since Janu"" [activity, not direction]",Conservative,Alberta
Stephen Woodworth (Conservative) - Kitchener Centre [FORMER],1,,,,,,"a vote, 14 years ago","strong (recorded vote, human-confirmed reading)",12,,"2014-09-23 SPEECH Petitions — Sex Selection: ""Therefore, they call upon the House of Commons to condemn discrimination against girls through sex s"" [activity, not direction] | 2014-09-23 SPEECH Petitions — Abortion: ""Petitions — Abortion"" [activity, not direction] | 2013-04-26 SPEECH Petitions — Sex Selection: ""The petitioners are calling on the House to condemn discrimination against females occurring during "" [activity, not direction] | 2013-03-28 SPEECH Privilege — S. O. 31: ""Such democratic safeguards are more important than any single issue, even that of abortion. Such dem"" [activity, not direction] | 2013-02-07 SPEECH Petitions — Sex Selection: ""The first petition is from a number of Canadians from the London and Guelph areas, almost 70 in tota"" [activity, not direction] | 2013-02-07 SPEECH Petitions — Abortion: ""Petitions — Abortion"" [activity, not direction] | VOTE YEA: 2012-09-26 Private Members' Business M-312 (Special committee on subsection 223(1 (Negatived) [+2: Voted to study whether the law should recognise a child as a human being before birth.] | 2012-09-21 SPEECH Special Committee on Subsection 223(1) of the Crim: ""About abortion, I say this: recognizing children as human before the moment of complete birth will n"" [activity, not direction] | 2012-05-11 SPEECH Petitions — Abortion: ""Petitions — Abortion"" [activity, not direction] | 2012-04-26 SPEECH Special Committee on Subsection 223(1) of the Crim: ""Madam Justice Bertha Wilson, in the 1988 Morgentaler case throwing out Canada's abortion law, said t"" [activity, not direction] | 2012-04-26 SPEECH Special Committee on Subsection 223(1) of the Crim: ""I would like all Canadians to be informed about this. Whatever views one might have about the issue "" [activity, not direction] | 2012-04-02 SPEECH Petitions — Abortion: ""Petitions — Abortion"" [activity, not direction]",Conservative,Ontario
Ed Fast (Conservative) - Abbotsford [FORMER],1,,,,,,"a vote, 3 years ago","strong (recorded vote, human-confirmed reading)",11,,"VOTE YEA: 2023-06-14 2nd reading of Bill C-311, An Act to amend the Criminal Code (violence (Negatived) [+2: Voted to advance a bill making the pregnancy of a victim an aggravating factor at sentencing -- recognition of the unbor] | 2023-05-01 PETITION 3 copies, 2023-05-01 (Justice, 125 signatures, also presented by 6 other MP(s)) judge 3: Petition seeks Criminal Code recognition of preborn victims via sentencing, pushing fetal personhood into law  [presenting a petition does not imply endorsement] | 2022-09-20 PETITION 441-00655 (Social affairs and equality, 26 signatures, also presented by 21 other MP(s)) judge 3: Petition opposes stripping charitable status from pro-life groups and faith organisations, defending conscienc [presenting a petition does not imply endorsement] | VOTE YEA: 2021-06-02 2nd reading of Bill C-233, An Act to amend the Criminal Code (sex-sele (Negatived) [no reading -- not placed] | 2020-12-10 PETITION 2 copies, 2020-09-28 to 2020-12-10 (Foreign affairs, 88 signatures, also presented by 54 other MP(s)) judge 2: Petition seeks genocide recognition and Magnitsky sanctions over forced sterilization, abortion and organ harv [presenting a petition does not imply endorsement] | 2020-11-23 PETITION 432-00263 (Justice, 60 signatures, also presented by 11 other MP(s)) judge 3: Calls for a Criminal Code ban on sex-selective abortion, a direct pro-life legislative push in a country with  [presenting a petition does not imply endorsement] | 2020-11-23 SPEECH Petitions — Sex Selection: ""Finally, they note that Canada's health care profession recognizes sex-selective abortion as a probl"" [activity, not direction] | 2020-09-28 SPEECH Petitions — Human Rights: ""Mr. Speaker, it is a privilege to introduce in the House a petition by 44 Canadians who raise the is"" [activity, not direction] | VOTE YEA: 2016-10-19 2nd reading of Bill C-225, An Act to amend the Criminal Code (injuring (Negatived) [+2: Voted for a separate offence of injuring or killing a preborn child in an assault on the mother.] | VOTE YEA: 2012-09-26 Private Members' Business M-312 (Special committee on subsection 223(1 (Negatived) [+2: Voted to study whether the law should recognise a child as a human being before birth.] | 2010-03-23 SPEECH Business of Supply — Opposition  Motion--Maternal : ""Our Prime Minister and our Conservative government finally took the bull by the horns and made it a "" [activity, not direction]",Conservative,British Columbia
Brad Trost (Conservative) - Saskatoon—University [FORMER],1,,,,,,"a vote, 10 years ago","strong (recorded vote, human-confirmed reading)",10,,"2019-03-20 SPEECH World Down Syndrome Day: ""World Down Syndrome Day"" [activity, not direction] | 2019-02-27 PETITION 421-03270 (Abortion, 3759 signatures) judge 3: Calls for Parliament to draft Canada's first abortion law since 1988, a direct pro-life legislative opening. [presenting a petition does not imply endorsement] | 2019-02-27 SPEECH Petitions — Abortion: ""Petitions — Abortion"" [activity, not direction] | 2018-12-10 SPEECH Criminal Code: ""All forms of freedom of speech need to be protected and are of importance. Religious freedom of spee"" [activity, not direction] | 2018-05-04 SPEECH Down's Syndrome: ""Down's Syndrome"" [activity, not direction] | VOTE YEA: 2016-10-19 2nd reading of Bill C-225, An Act to amend the Criminal Code (injuring (Negatived) [+2: Voted for a separate offence of injuring or killing a preborn child in an assault on the mother.] | 2014-06-12 SPEECH Petitions — Sex Selection: ""Mr. Speaker, I have a petition from people mostly from the Vancouver area, who note that millions of"" [activity, not direction] | VOTE YEA: 2012-09-26 Private Members' Business M-312 (Special committee on subsection 223(1 (Negatived) [+2: Voted to study whether the law should recognise a child as a human being before birth.] | 2012-09-26 SPEECH Petitions — Abortion: ""Petitions — Abortion"" [activity, not direction] | 2010-05-11 SPEECH Down's Syndrome: ""Mr. Speaker, this weekend Saskatchewan will welcome the Canadian Down Syndrome Society's national co"" [activity, not direction]",Conservative,Saskatchewan
David Anderson (Conservative) - Cypress Hills—Grasslands [FORMER],1,,,,,,"a vote, 10 years ago","strong (recorded vote, human-confirmed reading)",10,,"2018-10-30 SPEECH Protection of Freedom of Conscience Act: ""moved for leave to introduce Bill C-418, an act to amend the Criminal Code (medical assistance in dy"" [activity, not direction] | 2018-06-13 SPEECH Latin American Heritage Month Act: ""He was somebody who loved others as well. He was very committed to his community. He worked for 30 y"" [activity, not direction] | VOTE YEA: 2016-10-19 2nd reading of Bill C-225, An Act to amend the Criminal Code (injuring (Negatived) [+2: Voted for a separate offence of injuring or killing a preborn child in an assault on the mother.] | 2014-10-07 SPEECH Military Contribution Against ISIL: ""Just recently, some of his former colleagues made a comment about how the abortion issue was being d"" [activity, not direction] | 2013-04-26 SPEECH Petitions — Sex Selection: ""The petitioners are calling on the House of Commons and Parliament assembled to condemn discriminati"" [activity, not direction] | VOTE YEA: 2012-09-26 Private Members' Business M-312 (Special committee on subsection 223(1 (Negatived) [+2: Voted to study whether the law should recognise a child as a human being before birth.] | 2012-09-21 SPEECH Special Committee on Subsection 223(1) of the Crim: ""The member for Kitchener Centre has found evidence that in Canada 40 to 50 children every year are b"" [activity, not direction] | 2012-05-30 SPEECH Petitions — Abortion: ""Petitions — Abortion"" [activity, not direction] | 2010-12-13 SPEECH Criminal Code: ""We need to be clear this morning that the debate has been about the issue of coerced abortion. This "" [activity, not direction] | 2010-11-01 SPEECH An Act to Prevent Coercion of Pregnant Women to Ab: ""I was surprised to hear how strong the international community feels about coerced abortion in terms"" [activity, not direction]",Conservative,Saskatchewan
Harold Albrecht (Conservative) - Kitchener—Conestoga [FORMER],1,,,,,,"a vote, 10 years ago","strong (recorded vote, human-confirmed reading)",10,,"2018-06-18 PETITION 421-02505 (Discrimination, 11678 signatures, also presented by 1 other MP(s)) judge 3: Petition seeks removal of the Canada Summer Jobs faith-based attestation requirement, directly engaging freedo [presenting a petition does not imply endorsement] | VOTE YEA: 2016-10-19 2nd reading of Bill C-225, An Act to amend the Criminal Code (injuring (Negatived) [+2: Voted for a separate offence of injuring or killing a preborn child in an assault on the mother.] | 2016-10-17 SPEECH Protection of Pregnant Women and Their Preborn Chi: ""Listening to the debate this evening and following it previously, it is clear that those who oppose "" [activity, not direction] | 2014-05-14 SPEECH Petitions — Abortion: ""Petitions — Abortion"" [activity, not direction] | 2013-02-07 SPEECH Petitions — Sex Selection: ""The petitioners call upon the government to notice that sex-selective abortion has created a global "" [activity, not direction] | 2012-12-12 SPEECH PETITIONS — Sex Selection: ""Mr. Speaker, I have a petition wherein the petitioners are pointing out that millions of girls have "" [activity, not direction] | VOTE YEA: 2012-09-26 Private Members' Business M-312 (Special committee on subsection 223(1 (Negatived) [+2: Voted to study whether the law should recognise a child as a human being before birth.] | 2012-05-10 SPEECH Petitions — Abortion: ""Petitions — Abortion"" [activity, not direction] | 2012-04-24 SPEECH Petitions — Abortion: ""Petitions — Abortion"" [activity, not direction] | 2010-12-03 SPEECH Petitions — Prevention of Coerced Abortion: ""Petitions — Prevention of Coerced Abortion"" [activity, not direction]",Conservative,Ontario
Mark Warawa (Conservative) - Langley—Aldergrove [FORMER],1,,,,,,"a vote, 10 years ago","strong (recorded vote, human-confirmed reading)",10,,"VOTE YEA: 2016-10-19 2nd reading of Bill C-225, An Act to amend the Criminal Code (injuring (Negatived) [+2: Voted for a separate offence of injuring or killing a preborn child in an assault on the mother.] | 2016-10-17 SPEECH Protection of Pregnant Women and Their Preborn Chi: ""A piece of legislation called the unborn victims of crime act was presented to a previous Parliament"" [activity, not direction] | 2015-02-18 SPEECH Petitions — Abortion: ""Petitions — Abortion"" [activity, not direction] | VOTE YEA: 2012-09-26 Private Members' Business M-312 (Special committee on subsection 223(1 (Negatived) [+2: Voted to study whether the law should recognise a child as a human being before birth.] | 2012-06-19 SPEECH Petitions — Abortion: ""Petitions — Abortion"" [activity, not direction] | 2012-05-10 SPEECH Petitions — Abortion: ""Petitions — Abortion"" [activity, not direction] | 2012-05-01 SPEECH Petitions — Abortion: ""Petitions — Abortion"" [activity, not direction] | 2012-03-05 SPEECH Petitions — Abortion: ""Petitions — Abortion"" [activity, not direction] | 2012-03-01 SPEECH Petitions — Abortion: ""Petitions — Abortion"" [activity, not direction] | 2010-04-22 SPEECH Petitions — Planned Parenthood: ""Mr. Speaker, the next petition is regarding planned parenthood. The International Planned Parenthood"" [activity, not direction]",Conservative,British Columbia
Rod Bruinooge (Conservative) - Winnipeg South [FORMER],1,,,,,,"a vote, 14 years ago","strong (recorded vote, human-confirmed reading)",10,,"VOTE YEA: 2012-09-26 Private Members' Business M-312 (Special committee on subsection 223(1 (Negatived) [+2: Voted to study whether the law should recognise a child as a human being before birth.] | 2010-12-15 SPEECH Petitions — Prevention of Coerced Abortion: ""Petitions — Prevention of Coerced Abortion"" [activity, not direction] | 2010-12-13 SPEECH Criminal Code: ""Forced abortion should be made illegal in Canada. Roxanne's law would accomplish this. The main argu"" [activity, not direction] | 2010-12-13 SPEECH Petitions — Prevention of Coerced Abortion: ""Petitions — Prevention of Coerced Abortion"" [activity, not direction] | 2010-11-26 SPEECH Petitions — Prevention of Coerced Abortion: ""Petitions — Prevention of Coerced Abortion"" [activity, not direction] | 2010-11-01 SPEECH An Act to Prevent Coercion of Pregnant Women to Ab: ""Canada's Immigration and Refugee Board has strongly condemned coerced abortion."" [activity, not direction] | 2010-11-01 SPEECH Petitions — Prevention of Coerced Abortion: ""Petitions — Prevention of Coerced Abortion"" [activity, not direction] | 2010-04-14 SPEECH An Act to Prevent Coercion of Pregnant Women to Ab: ""Roxanne Fernando was coerced into having an abortion but she did not go through with it. In the end,"" [activity, not direction] | 2010-03-23 SPEECH Business of Supply — Opposition Motion--Maternal a: ""As he heard recently, even today, this policy is not going to include abortion. However, he recommen"" [activity, not direction] | 2010-03-23 SPEECH Business of Supply — Opposition  Motion--Maternal : ""Mr. Speaker, I have a quick question for the doctor. I know it has been indicated that the foreign p"" [activity, not direction]",Conservative,Manitoba
Damien Kurek (Conservative) - Battle River—Crowfoot [FORMER],1,,,,,,"a vote, 3 years ago","strong (recorded vote, human-confirmed reading)",9,,"2024-12-16 PETITION 13 copies, 2022-03-25 to 2024-12-16 (Social affairs and equality, 815 signatures, also presented by 21 other MP(s)) judge 3: Duplicate petition seeking to protect charitable status of pro-life and faith-based organisations from politic [presenting a petition does not imply endorsement] | VOTE YEA: 2023-06-14 2nd reading of Bill C-311, An Act to amend the Criminal Code (violence (Negatived) [+2: Voted to advance a bill making the pregnancy of a victim an aggravating factor at sentencing -- recognition of the unbor] | 2023-05-03 PETITION 441-01419 (Justice, 51 signatures, also presented by 6 other MP(s)) judge 2: Another copy of the campaign to criminalise harm to preborn children as an aggravating sentencing factor, rele [presenting a petition does not imply endorsement] | 2022-06-21 SPEECH Criminal Code: ""Whether it be firearms, the issue of abortion or vaccines, an issue that was not controversial up un"" [activity, not direction] | 2022-03-23 PETITION 441-00248 (Social affairs and equality, 35 signatures, also presented by 6 other MP(s)) judge 3: Opposes stripping charitable status from pro-life crisis pregnancy centres, directly defending pro-life organi [presenting a petition does not imply endorsement] | 2022-02-09 PETITION 6 copies, 2020-09-28 to 2022-02-09 (Foreign affairs, 234 signatures, also presented by 54 other MP(s)) judge 2: Petition alleges forced abortion, sterilisation and organ harvesting against Uyghurs, calling for genocide rec [presenting a petition does not imply endorsement] | VOTE YEA: 2021-06-02 2nd reading of Bill C-233, An Act to amend the Criminal Code (sex-sele (Negatived) [no reading -- not placed] | 2020-11-24 PETITION 432-00282 (Justice, 284 signatures, also presented by 11 other MP(s)) judge 3: Petition calls for criminal ban on sex-selective abortion, a direct pro-life legislative demand citing strong  [presenting a petition does not imply endorsement] | 2020-11-24 SPEECH Petitions — Sex Selection: ""Mr. Speaker, the second petition that I table today on behalf of more Canadians is on sex-selective "" [activity, not direction]",Conservative,Alberta
Kerry-Lynne Findlay (Conservative) - South Surrey—White Rock [FORMER],1,,,,,,"a vote, 3 years ago","strong (recorded vote, human-confirmed reading)",8,,"MIXED RECORD: directional evidence on both sides -- read the acts, not the column | 2023-10-25 SPEECH Criminal Code: ""At committee, that soft-on-crime NDP-Liberal government opposed our common-sense amendments to stren"" [activity, not direction] | VOTE YEA: 2023-06-14 2nd reading of Bill C-311, An Act to amend the Criminal Code (violence (Negatived) [+2: Voted to advance a bill making the pregnancy of a victim an aggravating factor at sentencing -- recognition of the unbor] | 2023-06-13 SPEECH Violence Against Pregnant Women Act: ""Bill C-311, an act to amend the Criminal Code (violence against pregnant women), states, beginning w"" [activity, not direction] | VOTE YEA: 2021-06-02 2nd reading of Bill C-233, An Act to amend the Criminal Code (sex-sele (Negatived) [no reading -- not placed] | 2021-01-27 PETITION 432-00445 (Foreign affairs, 51 signatures, also presented by 54 other MP(s)) judge 2: Petition alleges forced sterilization, forced abortion and forced organ harvesting against Uyghurs, calling fo [presenting a petition does not imply endorsement] | VOTE NAY: 2012-09-26 Private Members' Business M-312 (Special committee on subsection 223(1 (Negatived) [-1: Voted against studying when a child becomes a human being in law (-1: some opposed reopening the question, not the quest] | 2012-09-21 SPEECH Abortion: ""Abortion"" [activity, not direction] | 2012-09-21 SPEECH Abortion: ""Abortion"" [activity, not direction]",Conservative,British Columbia
Earl Dreeshen (Conservative) - Red Deer—Mountain View [FORMER],1,,,,,,"a vote, 3 years ago","strong (recorded vote, human-confirmed reading)",7,,"VOTE YEA: 2023-06-14 2nd reading of Bill C-311, An Act to amend the Criminal Code (violence (Negatived) [+2: Voted to advance a bill making the pregnancy of a victim an aggravating factor at sentencing -- recognition of the unbor] | VOTE YEA: 2021-06-02 2nd reading of Bill C-233, An Act to amend the Criminal Code (sex-sele (Negatived) [no reading -- not placed] | 2021-03-24 PETITION 432-00713 (Foreign affairs, 45 signatures, also presented by 54 other MP(s)) judge 1: Cites forced organ harvesting from Uyghurs and calls for Magnitsky sanctions, relevant to transplant ethics an [presenting a petition does not imply endorsement] | VOTE YEA: 2016-10-19 2nd reading of Bill C-225, An Act to amend the Criminal Code (injuring (Negatived) [+2: Voted for a separate offence of injuring or killing a preborn child in an assault on the mother.] | 2016-05-02 SPEECH Petitions — Abortion: ""Petitions — Abortion"" [activity, not direction] | 2014-10-21 SPEECH Petitions — Abortion: ""Petitions — Abortion"" [activity, not direction] | VOTE YEA: 2012-09-26 Private Members' Business M-312 (Special committee on subsection 223(1 (Negatived) [+2: Voted to study whether the law should recognise a child as a human being before birth.]",Conservative,Alberta
Jim Hillyer (Conservative) - Medicine Hat—Cardston—Warner [FORMER],1,,,,,,"a vote, 14 years ago","strong (recorded vote, human-confirmed reading)",7,,"2014-03-05 SPEECH Petitions — Abortion: ""Petitions — Abortion"" [activity, not direction] | 2013-01-28 SPEECH Petitions — Sex Selection: ""Mr. Speaker, this petition is calling on Parliament to condemn discrimination against girls through "" [activity, not direction] | VOTE YEA: 2012-09-26 Private Members' Business M-312 (Special committee on subsection 223(1 (Negatived) [+2: Voted to study whether the law should recognise a child as a human being before birth.] | 2012-05-02 SPEECH Petitions — Abortion: ""Petitions — Abortion"" [activity, not direction] | 2012-04-04 SPEECH Petitions — Abortion: ""Petitions — Abortion"" [activity, not direction] | 2012-03-14 SPEECH Petitions — Abortion: ""Petitions — Abortion"" [activity, not direction] | 2012-02-08 SPEECH Petitions — Abortion: ""Petitions — Abortion"" [activity, not direction]",Conservative,Alberta
Karen Vecchio (Conservative) - Elgin—Middlesex—London [FORMER],1,,,,,,"a vote, 3 years ago","strong (recorded vote, human-confirmed reading)",7,,"VOTE YEA: 2023-06-14 2nd reading of Bill C-311, An Act to amend the Criminal Code (violence (Negatived) [+2: Voted to advance a bill making the pregnancy of a victim an aggravating factor at sentencing -- recognition of the unbor] | VOTE NAY: 2021-06-02 2nd reading of Bill C-233, An Act to amend the Criminal Code (sex-sele (Negatived) [no reading -- not placed] | 2021-04-14 SPEECH Sex-Selective Abortion Act: ""Sex-Selective Abortion Act"" [activity, not direction] | 2020-11-27 PETITION 2 copies, 2020-10-08 to 2020-11-27 (Foreign affairs, 58 signatures, also presented by 54 other MP(s)) judge 2: Duplicate petition demanding genocide recognition and Magnitsky sanctions over Uyghur forced sterilization, ab [presenting a petition does not imply endorsement] | 2018-05-31 SPEECH Opportunity for Workers with Disabilities Act: ""Reviewing these benefits and making sure that Canadians are better off working must be done so we ha"" [activity, not direction] | 2018-05-07 SPEECH Employment: ""Because of all of this, I went back and looked at the community funding for the last 13 and 14 years"" [activity, not direction] | VOTE YEA: 2016-10-19 2nd reading of Bill C-225, An Act to amend the Criminal Code (injuring (Negatived) [+2: Voted for a separate offence of injuring or killing a preborn child in an assault on the mother.]",Conservative,Ontario
Cathy McLeod (Conservative) - Kamloops—Thompson—Cariboo [FORMER],1,,,,,,"a vote, 10 years ago","strong (recorded vote, human-confirmed reading)",6,,"MIXED RECORD: directional evidence on both sides -- read the acts, not the column | VOTE NAY: 2021-06-02 2nd reading of Bill C-233, An Act to amend the Criminal Code (sex-sele (Negatived) [no reading -- not placed] | 2021-02-01 PETITION 2 copies, 2020-10-08 to 2021-02-01 (Foreign affairs, 64 signatures, also presented by 54 other MP(s)) judge 2: Calls for genocide recognition and sanctions over Uyghur forced sterilisation, abortion and organ harvesting;  [presenting a petition does not imply endorsement] | VOTE YEA: 2016-10-19 2nd reading of Bill C-225, An Act to amend the Criminal Code (injuring (Negatived) [+2: Voted for a separate offence of injuring or killing a preborn child in an assault on the mother.] | 2014-12-08 SPEECH Petitions — Sex Selection: ""Mr. Speaker, I have three petitions to present. Two of them deal with the issue of sex-selective abo"" [activity, not direction] | 2014-10-10 SPEECH Petitions — Sex Selection: ""The issue of abortion is very divisive in this hall, but I hope that everyone could agree and suppor"" [activity, not direction] | VOTE NAY: 2012-09-26 Private Members' Business M-312 (Special committee on subsection 223(1 (Negatived) [-1: Voted against studying when a child becomes a human being in law (-1: some opposed reopening the question, not the quest]",Conservative,British Columbia
Colin Carrie (Conservative) - Oshawa [FORMER],1,,,,,,"a vote, 3 years ago","strong (recorded vote, human-confirmed reading)",6,,"VOTE YEA: 2023-06-14 2nd reading of Bill C-311, An Act to amend the Criminal Code (violence (Negatived) [+2: Voted to advance a bill making the pregnancy of a victim an aggravating factor at sentencing -- recognition of the unbor] | VOTE YEA: 2021-06-02 2nd reading of Bill C-233, An Act to amend the Criminal Code (sex-sele (Negatived) [no reading -- not placed] | 2017-03-21 SPEECH World Down Syndrome Day: ""World Down Syndrome Day"" [activity, not direction] | VOTE YEA: 2016-10-19 2nd reading of Bill C-225, An Act to amend the Criminal Code (injuring (Negatived) [+2: Voted for a separate offence of injuring or killing a preborn child in an assault on the mother.] | 2013-03-21 SPEECH World Down Syndrome Day: ""World Down Syndrome Day"" [activity, not direction] | VOTE YEA: 2012-09-26 Private Members' Business M-312 (Special committee on subsection 223(1 (Negatived) [+2: Voted to study whether the law should recognise a child as a human being before birth.]",Conservative,Ontario
David Sweet (Conservative) - Flamborough—Glanbrook [FORMER],1,,,,,,"a vote, 10 years ago","strong (recorded vote, human-confirmed reading)",6,,"VOTE YEA: 2021-06-02 2nd reading of Bill C-233, An Act to amend the Criminal Code (sex-sele (Negatived) [no reading -- not placed] | 2020-12-10 PETITION 5 copies, 2020-09-28 to 2020-12-10 (Foreign affairs, 184 signatures, also presented by 54 other MP(s)) judge 2: Petition alleges forced organ harvesting and forced abortion against Uyghurs, urging genocide recognition and  [presenting a petition does not imply endorsement] | VOTE YEA: 2016-10-19 2nd reading of Bill C-225, An Act to amend the Criminal Code (injuring (Negatived) [+2: Voted for a separate offence of injuring or killing a preborn child in an assault on the mother.] | VOTE YEA: 2012-09-26 Private Members' Business M-312 (Special committee on subsection 223(1 (Negatived) [+2: Voted to study whether the law should recognise a child as a human being before birth.] | 2012-05-07 SPEECH Petitions — Abortion: ""Petitions — Abortion"" [activity, not direction] | 2012-03-02 SPEECH Petitions — Abortion: ""Petitions — Abortion"" [activity, not direction]",Conservative,Ontario
Len Webber (Conservative) - Calgary Confederation [FORMER],1,,,,,,"a vote, 3 years ago","strong (recorded vote, human-confirmed reading)",6,,"VOTE YEA: 2023-06-14 2nd reading of Bill C-311, An Act to amend the Criminal Code (violence (Negatived) [+2: Voted to advance a bill making the pregnancy of a victim an aggravating factor at sentencing -- recognition of the unbor] | 2022-09-29 SPEECH Protection of Freedom of Conscience Act: ""I support a woman's right to seek an abortion, and I always will. I support Canadians having access "" [activity, not direction] | VOTE NAY: 2021-06-02 2nd reading of Bill C-233, An Act to amend the Criminal Code (sex-sele (Negatived) [no reading -- not placed] | 2020-10-08 PETITION 432-00106 (Foreign affairs, 47 signatures, also presented by 54 other MP(s)) judge 2: Petition cites forced sterilization, abortion and forced organ harvesting against Uyghurs, raising organ traff [presenting a petition does not imply endorsement] | 2020-10-08 SPEECH Petitions — Human Rights: ""Mr. Speaker, I have a petition regarding the issue in China. It brings attention to the Uighur Musli"" [activity, not direction] | VOTE YEA: 2016-10-19 2nd reading of Bill C-225, An Act to amend the Criminal Code (injuring (Negatived) [+2: Voted for a separate offence of injuring or killing a preborn child in an assault on the mother.]",Conservative,Alberta
Maurice Vellacott (Conservative) - Saskatoon—Wanuskewin [FORMER],1,,,,,,"a vote, 14 years ago","strong (recorded vote, human-confirmed reading)",6,,"2015-05-15 SPEECH Petitions — Sex Selection: ""Mr. Speaker, I have a petition in response to a CBC documentary showing that ultrasounds are being u"" [activity, not direction] | 2014-10-10 SPEECH Petitions — Sex Selection: ""Most Canadians are against this abhorrent practice. The Society of Obstetricians and Gynecologists i"" [activity, not direction] | 2013-06-07 SPEECH Petitions — Sex Selection: ""Sex-selective abortions have denied millions of girls in Canada and throughout the world the chance "" [activity, not direction] | 2013-05-10 SPEECH Petitions — Sex Selection: ""Petitioners point to the fact that 92% of Canadians believe sex-selective pregnancy termination shou"" [activity, not direction] | VOTE YEA: 2012-09-26 Private Members' Business M-312 (Special committee on subsection 223(1 (Negatived) [+2: Voted to study whether the law should recognise a child as a human being before birth.] | 2010-12-10 SPEECH Petitions — Prevention of Coerced Abortion: ""Petitions — Prevention of Coerced Abortion"" [activity, not direction]",Conservative,Saskatchewan
Randy Kamp (Conservative) - Pitt Meadows—Maple Ridge—Mission [FORMER],1,,,,,,"a vote, 14 years ago","strong (recorded vote, human-confirmed reading)",6,,"2014-05-16 SPEECH Petitions — Sex Selection: ""They call upon the House of Commons to condemn discrimination against girls through sex-selective ab"" [activity, not direction] | 2013-03-01 SPEECH Petitions — Sex Selection: ""Mr. Speaker, I am pleased to present a petition signed by residents of Mission and other areas of th"" [activity, not direction] | VOTE YEA: 2012-09-26 Private Members' Business M-312 (Special committee on subsection 223(1 (Negatived) [+2: Voted to study whether the law should recognise a child as a human being before birth.] | 2012-06-05 SPEECH Petitions — Abortion: ""Petitions — Abortion"" [activity, not direction] | 2012-06-01 SPEECH Petitions — Abortion: ""Petitions — Abortion"" [activity, not direction] | 2012-04-04 SPEECH Petitions — Abortion: ""Petitions — Abortion"" [activity, not direction]",Conservative,British Columbia
Ron Cannan (Conservative) - Kelowna—Lake Country [FORMER],1,,,,,,"a vote, 14 years ago","strong (recorded vote, human-confirmed reading)",6,,"2015-06-11 SPEECH Petitions — Abortion: ""Petitions — Abortion"" [activity, not direction] | VOTE YEA: 2012-09-26 Private Members' Business M-312 (Special committee on subsection 223(1 (Negatived) [+2: Voted to study whether the law should recognise a child as a human being before birth.] | 2012-04-30 SPEECH Petitions — Abortion: ""Petitions — Abortion"" [activity, not direction] | 2012-04-02 SPEECH Petitions — Abortion: ""Petitions — Abortion"" [activity, not direction] | 2012-03-27 SPEECH Petitions — Abortion: ""Petitions — Abortion"" [activity, not direction] | 2012-02-01 SPEECH Petitions — Abortion: ""Petitions — Abortion"" [activity, not direction]",Conservative,British Columbia
Ed Komarnicki (Conservative) - Souris—Moose Mountain [FORMER],1,,,,,,"a vote, 14 years ago","strong (recorded vote, human-confirmed reading)",5,,"2015-06-15 SPEECH Free Votes: ""In our view, nothing in the declaration of invalidity which we propose to issue would compel physici"" [activity, not direction] | 2015-06-10 SPEECH Members not seeking re-election to the 42nd Parlia: ""Finally, I finish with Motion No. 590, my private member's motion, that calls for a free vote on mat"" [activity, not direction] | 2015-05-28 SPEECH Free Votes: ""I found it interesting that the member for Papineau and leader of the Liberal Party was quick to put"" [activity, not direction] | VOTE YEA: 2012-09-26 Private Members' Business M-312 (Special committee on subsection 223(1 (Negatived) [+2: Voted to study whether the law should recognise a child as a human being before birth.] | 2012-03-01 SPEECH Petitions — Abortion: ""Petitions — Abortion"" [activity, not direction]",Conservative,Saskatchewan
Erin O'Toole (Conservative) - Durham [FORMER],1,,,,,,"a vote, 3 years ago","strong (recorded vote, human-confirmed reading)",5,,"VOTE YEA: 2023-06-14 2nd reading of Bill C-311, An Act to amend the Criminal Code (violence (Negatived) [+2: Voted to advance a bill making the pregnancy of a victim an aggravating factor at sentencing -- recognition of the unbor] | VOTE NAY: 2021-06-02 2nd reading of Bill C-233, An Act to amend the Criminal Code (sex-sele (Negatived) [no reading -- not placed] | VOTE YEA: 2016-10-19 2nd reading of Bill C-225, An Act to amend the Criminal Code (injuring (Negatived) [+2: Voted for a separate offence of injuring or killing a preborn child in an assault on the mother.] | 2013-04-24 SPEECH Petitions — Sex Selection: ""Mr. Speaker, the second petition, signed by 128 Canadians from our area, condemns sex-selective abor"" [activity, not direction] | 2012-09-26 NO RECORDED VOTE: Private Members' Business M-312 (Special committee on subsection 223(1",Conservative,Ontario
Jason Kenney (Conservative) - Calgary Midnapore [FORMER],1,,,,,,"a vote, 14 years ago","strong (recorded vote, human-confirmed reading)",5,,"2016-10-19 NO RECORDED VOTE: 2nd reading of Bill C-225, An Act to amend the Criminal Code (injuring | 2016-05-18 SPEECH Criminal Code — Bill C-14—Time Allocation Motion: ""This is the first time in the history of this Parliament that the ancient convention of free and ope"" [activity, not direction] | 2016-05-04 SPEECH Criminal Code — Bill C-14—Time Allocation Motion: ""Mr. Speaker, I have been in this place for 19 years. I have been a student of parliamentary history "" [activity, not direction] | 2016-05-04 SPEECH Criminal Code — Second Reading: ""I believe we see that in the very title of this bill. What was commonly known in the English languag"" [activity, not direction] | VOTE YEA: 2012-09-26 Private Members' Business M-312 (Special committee on subsection 223(1 (Negatived) [+2: Voted to study whether the law should recognise a child as a human being before birth.]",Conservative,Alberta
Merv Tweed (Conservative) - Brandon—Souris [FORMER],1,,,,,,"a vote, 14 years ago","strong (recorded vote, human-confirmed reading)",5,,"2013-02-25 SPEECH Petitions — Sex Selection: ""Mr. Speaker, I am pleased to present signatures from within my constituency of Brandon—Souris, calli"" [activity, not direction] | VOTE YEA: 2012-09-26 Private Members' Business M-312 (Special committee on subsection 223(1 (Negatived) [+2: Voted to study whether the law should recognise a child as a human being before birth.] | 2012-05-14 SPEECH Petitions — Abortion: ""Petitions — Abortion"" [activity, not direction] | 2012-04-30 SPEECH Petitions — Abortion: ""Petitions — Abortion"" [activity, not direction] | 2012-03-12 SPEECH Petitions — Abortion: ""Petitions — Abortion"" [activity, not direction]",Conservative,Manitoba
Phil McColeman (Conservative) - Brantford—Brant [FORMER],1,,,,,,"a vote, 10 years ago","strong (recorded vote, human-confirmed reading)",5,,"VOTE YEA: 2021-06-02 2nd reading of Bill C-233, An Act to amend the Criminal Code (sex-sele (Negatived) [no reading -- not placed] | 2020-12-04 SPEECH Criminal Code: ""Let us look at the evolution of these laws across the world. I will read a few recent headlines that"" [activity, not direction] | VOTE YEA: 2016-10-19 2nd reading of Bill C-225, An Act to amend the Criminal Code (injuring (Negatived) [+2: Voted for a separate offence of injuring or killing a preborn child in an assault on the mother.] | VOTE YEA: 2012-09-26 Private Members' Business M-312 (Special committee on subsection 223(1 (Negatived) [+2: Voted to study whether the law should recognise a child as a human being before birth.] | 2012-03-14 SPEECH Petitions — Abortion: ""Petitions — Abortion"" [activity, not direction]",Conservative,Ontario
Bev Shipley (Conservative) - Lambton—Kent—Middlesex [FORMER],1,,,,,,"a vote, 10 years ago","strong (recorded vote, human-confirmed reading)",4,,"VOTE YEA: 2016-10-19 2nd reading of Bill C-225, An Act to amend the Criminal Code (injuring (Negatived) [+2: Voted for a separate offence of injuring or killing a preborn child in an assault on the mother.] | VOTE YEA: 2012-09-26 Private Members' Business M-312 (Special committee on subsection 223(1 (Negatived) [+2: Voted to study whether the law should recognise a child as a human being before birth.] | 2012-02-15 SPEECH Petitions — Abortion: ""Mr. Speaker, I have four petitions to present today. Each of them calls on the House to enact legisl"" [activity, not direction] | 2010-12-13 SPEECH Criminal Code: ""It hardly matters if something is already illegal if no one, including the victim, the perpetrator o"" [activity, not direction]",Conservative,Ontario
Dave Van Kesteren (Conservative) - Chatham-Kent—Leamington [FORMER],1,,,,,,"a vote, 10 years ago","strong (recorded vote, human-confirmed reading)",4,,"VOTE YEA: 2016-10-19 2nd reading of Bill C-225, An Act to amend the Criminal Code (injuring (Negatived) [+2: Voted for a separate offence of injuring or killing a preborn child in an assault on the mother.] | 2013-10-21 SPEECH Petitions — Sex Selection: ""The petitioners ask the House of Commons and Parliament present to condemn discrimination against gi"" [activity, not direction] | VOTE YEA: 2012-09-26 Private Members' Business M-312 (Special committee on subsection 223(1 (Negatived) [+2: Voted to study whether the law should recognise a child as a human being before birth.] | 2012-02-15 SPEECH Petitions — Abortion: ""Petitions — Abortion"" [activity, not direction]",Conservative,Ontario
Diane Finley (Conservative) - Haldimand—Norfolk [FORMER],1,,,,,,"a vote, 10 years ago","strong (recorded vote, human-confirmed reading)",4,,"MIXED RECORD: directional evidence on both sides -- read the acts, not the column | 2021-06-02 NO RECORDED VOTE: 2nd reading of Bill C-233, An Act to amend the Criminal Code (sex-sele | 2018-04-30 PETITION 421-02280 (Discrimination, 4922 signatures, also presented by 1 other MP(s)) judge 3: Same Canada Summer Jobs attestation issue, forcing faith-based organisations to choose between core beliefs an [presenting a petition does not imply endorsement] | VOTE YEA: 2016-10-19 2nd reading of Bill C-225, An Act to amend the Criminal Code (injuring (Negatived) [+2: Voted for a separate offence of injuring or killing a preborn child in an assault on the mother.] | VOTE NAY: 2012-09-26 Private Members' Business M-312 (Special committee on subsection 223(1 (Negatived) [-1: Voted against studying when a child becomes a human being in law (-1: some opposed reopening the question, not the quest]",Conservative,Ontario
Garry Breitkreuz (Conservative) - Yorkton—Melville [FORMER],1,,,,,,"a vote, 14 years ago","strong (recorded vote, human-confirmed reading)",4,,"2015-06-10 SPEECH Members not seeking re-election to the 42nd Parlia: ""I worked a lot on the abortion issue and again, I had to scratch below the surface. What is it that "" [activity, not direction] | 2012-12-11 SPEECH Petitions — Sex Selection: ""The petitioners call upon the House of Commons and Parliament assembled to condemn discrimination ag"" [activity, not direction] | VOTE YEA: 2012-09-26 Private Members' Business M-312 (Special committee on subsection 223(1 (Negatived) [+2: Voted to study whether the law should recognise a child as a human being before birth.] | 2010-12-06 SPEECH Petitions — Prevention of Coerced Abortion: ""Petitions — Prevention of Coerced Abortion"" [activity, not direction]",Conservative,Saskatchewan
Larry Maguire (Conservative) - Brandon—Souris [FORMER],1,,,,,,"a vote, 3 years ago","strong (recorded vote, human-confirmed reading)",4,,"VOTE YEA: 2023-06-14 2nd reading of Bill C-311, An Act to amend the Criminal Code (violence (Negatived) [+2: Voted to advance a bill making the pregnancy of a victim an aggravating factor at sentencing -- recognition of the unbor] | VOTE NAY: 2021-06-02 2nd reading of Bill C-233, An Act to amend the Criminal Code (sex-sele (Negatived) [no reading -- not placed] | 2021-02-01 PETITION 432-00472 (Foreign affairs, 46 signatures, also presented by 54 other MP(s)) judge 2: Petition alleges forced organ harvesting and religious persecution of Uyghurs, urging genocide recognition and [presenting a petition does not imply endorsement] | VOTE YEA: 2016-10-19 2nd reading of Bill C-225, An Act to amend the Criminal Code (injuring (Negatived) [+2: Voted for a separate offence of injuring or killing a preborn child in an assault on the mother.]",Conservative,Manitoba
Martin Shields (Conservative) - Bow River [FORMER],1,,,,,,"a vote, 3 years ago","strong (recorded vote, human-confirmed reading)",4,,"VOTE YEA: 2023-06-14 2nd reading of Bill C-311, An Act to amend the Criminal Code (violence (Negatived) [+2: Voted to advance a bill making the pregnancy of a victim an aggravating factor at sentencing -- recognition of the unbor] | VOTE YEA: 2021-06-02 2nd reading of Bill C-233, An Act to amend the Criminal Code (sex-sele (Negatived) [no reading -- not placed] | 2020-12-09 PETITION 2 copies, 2020-11-05 to 2020-12-09 (Foreign affairs, 80 signatures, also presented by 54 other MP(s)) judge 2: Petition alleges forced organ harvesting and forced abortion against Uyghurs, calling for genocide recognition [presenting a petition does not imply endorsement] | VOTE YEA: 2016-10-19 2nd reading of Bill C-225, An Act to amend the Criminal Code (injuring (Negatived) [+2: Voted for a separate offence of injuring or killing a preborn child in an assault on the mother.]",Conservative,Alberta
Marty Morantz (Conservative) - Charleswood—St. James—Assiniboia—Headingley [FORMER],1,,,,,,"a vote, 3 years ago","strong (recorded vote, human-confirmed reading)",4,,"VOTE YEA: 2023-06-14 2nd reading of Bill C-311, An Act to amend the Criminal Code (violence (Negatived) [+2: Voted to advance a bill making the pregnancy of a victim an aggravating factor at sentencing -- recognition of the unbor] | VOTE NAY: 2021-06-02 2nd reading of Bill C-233, An Act to amend the Criminal Code (sex-sele (Negatived) [no reading -- not placed] | 2021-02-05 PETITION 3 copies, 2020-10-08 to 2021-02-05 (Foreign affairs, 121 signatures, also presented by 54 other MP(s)) judge 2: Petition cites forced organ harvesting and forced abortion against Uyghurs, urging Magnitsky sanctions, touchi [presenting a petition does not imply endorsement] | 2021-02-05 SPEECH Petitions — Human Rights: ""Madam Speaker, I rise today to present a petition on behalf of concerned citizens across Canada rega"" [activity, not direction]",Conservative,Manitoba
Rob Merrifield (Conservative) - Yellowhead [FORMER],1,,,,,,"a vote, 14 years ago","strong (recorded vote, human-confirmed reading)",4,,"2013-12-04 SPEECH Petitions — Abortion: ""Petitions — Abortion"" [activity, not direction] | VOTE YEA: 2012-09-26 Private Members' Business M-312 (Special committee on subsection 223(1 (Negatived) [+2: Voted to study whether the law should recognise a child as a human being before birth.] | 2012-04-30 SPEECH Petitions — Abortion: ""Petitions — Abortion"" [activity, not direction] | 2012-03-12 SPEECH Petitions — Abortion: ""Petitions — Abortion"" [activity, not direction]",Conservative,Alberta
Rob Nicholson (Conservative) - Niagara Falls [FORMER],1,,,,,,"a vote, 10 years ago","strong (recorded vote, human-confirmed reading)",4,,"MIXED RECORD: directional evidence on both sides -- read the acts, not the column | VOTE YEA: 2016-10-19 2nd reading of Bill C-225, An Act to amend the Criminal Code (injuring (Negatived) [+2: Voted for a separate offence of injuring or killing a preborn child in an assault on the mother.] | 2013-02-13 SPEECH Abortion: ""Abortion"" [activity, not direction] | 2013-01-31 SPEECH Abortion: ""Abortion"" [activity, not direction] | VOTE NAY: 2012-09-26 Private Members' Business M-312 (Special committee on subsection 223(1 (Negatived) [-1: Voted against studying when a child becomes a human being in law (-1: some opposed reopening the question, not the quest]",Conservative,Ontario
Alice Wong (Conservative) - Richmond Centre [FORMER],1,,,,,,"a vote, 10 years ago","strong (recorded vote, human-confirmed reading)",3,,"VOTE YEA: 2021-06-02 2nd reading of Bill C-233, An Act to amend the Criminal Code (sex-sele (Negatived) [no reading -- not placed] | VOTE YEA: 2016-10-19 2nd reading of Bill C-225, An Act to amend the Criminal Code (injuring (Negatived) [+2: Voted for a separate offence of injuring or killing a preborn child in an assault on the mother.] | VOTE YEA: 2012-09-26 Private Members' Business M-312 (Special committee on subsection 223(1 (Negatived) [+2: Voted to study whether the law should recognise a child as a human being before birth.]",Conservative,British Columbia
Brent Rathgeber (Independent) - Edmonton—St. Albert [FORMER],1,,,,,,"a vote, 14 years ago","strong (recorded vote, human-confirmed reading)",3,,"VOTE YEA: 2012-09-26 Private Members' Business M-312 (Special committee on subsection 223(1 (Negatived) [+2: Voted to study whether the law should recognise a child as a human being before birth.] | 2011-11-22 SPEECH Canadian Human Rights Act: ""There is no doubt that members are aware of the already workable remedies and workable limits with r"" [activity, not direction] | 2010-12-13 SPEECH Criminal Code: ""Also in the definition of coercion is a list of conduct that could amount to coercion if it were und"" [activity, not direction]",Independent,Alberta
Denis Lebel (Conservative) - Lac-Saint-Jean [FORMER],1,,,,,,"a vote, 10 years ago","strong (recorded vote, human-confirmed reading)",3,,"MIXED RECORD: directional evidence on both sides -- read the acts, not the column | VOTE YEA: 2016-10-19 2nd reading of Bill C-225, An Act to amend the Criminal Code (injuring (Negatived) [+2: Voted for a separate offence of injuring or killing a preborn child in an assault on the mother.] | VOTE NAY: 2012-09-26 Private Members' Business M-312 (Special committee on subsection 223(1 (Negatived) [-1: Voted against studying when a child becomes a human being in law (-1: some opposed reopening the question, not the quest] | 2010-05-04 SPEECH Maternal and Child Health: ""Mr. Speaker, needless to say, what the senator said was unacceptable. Senator Ruth does not speak fo"" [activity, not direction]",Conservative,Quebec
Gary Vidal (Conservative) - Desnethé—Missinippi—Churchill River [FORMER],1,,,,,,"a vote, 3 years ago","strong (recorded vote, human-confirmed reading)",3,,"VOTE YEA: 2023-06-14 2nd reading of Bill C-311, An Act to amend the Criminal Code (violence (Negatived) [+2: Voted to advance a bill making the pregnancy of a victim an aggravating factor at sentencing -- recognition of the unbor] | VOTE YEA: 2021-06-02 2nd reading of Bill C-233, An Act to amend the Criminal Code (sex-sele (Negatived) [no reading -- not placed] | 2020-11-23 PETITION 432-00273 (Foreign affairs, 44 signatures, also presented by 54 other MP(s)) judge 1: Raises forced organ harvesting allegations against China, relevant to CitizenGO's transplant ethics monitoring [presenting a petition does not imply endorsement]",Conservative,Saskatchewan
James Lunney (Conservative) - Nanaimo—Alberni [FORMER],1,,,,,,"a vote, 14 years ago","strong (recorded vote, human-confirmed reading)",3,,"VOTE YEA: 2012-09-26 Private Members' Business M-312 (Special committee on subsection 223(1 (Negatived) [+2: Voted to study whether the law should recognise a child as a human being before birth.] | 2012-03-26 SPEECH Petitions — Abortion: ""The petitioners draw attention to the fact that Canada is one of the very few developed countries in"" [activity, not direction] | 2010-12-03 SPEECH Petitions — Right to Life: ""They note that the Canadian Charter of Rights and Freedoms includes that everyone has a right to lif"" [activity, not direction]",Conservative,British Columbia
James Rajotte (Conservative) - Edmonton—Leduc [FORMER],1,,,,,,"a vote, 14 years ago","strong (recorded vote, human-confirmed reading)",3,,"2015-02-19 SPEECH Petitions — Sex Selection: ""Mr. Speaker, the second petition deals with sex-selective abortions. The petitioners ask that Parlia"" [activity, not direction] | VOTE YEA: 2012-09-26 Private Members' Business M-312 (Special committee on subsection 223(1 (Negatived) [+2: Voted to study whether the law should recognise a child as a human being before birth.] | 2012-03-02 SPEECH Petitions — Abortion: ""Petitions — Abortion"" [activity, not direction]",Conservative,Alberta
Kevin Sorenson (Conservative) - Battle River—Crowfoot [FORMER],1,,,,,,"a vote, 10 years ago","strong (recorded vote, human-confirmed reading)",3,,"VOTE YEA: 2016-10-19 2nd reading of Bill C-225, An Act to amend the Criminal Code (injuring (Negatived) [+2: Voted for a separate offence of injuring or killing a preborn child in an assault on the mother.] | VOTE YEA: 2012-09-26 Private Members' Business M-312 (Special committee on subsection 223(1 (Negatived) [+2: Voted to study whether the law should recognise a child as a human being before birth.] | 2012-05-10 SPEECH Petitions — Abortion: ""Petitions — Abortion"" [activity, not direction]",Conservative,Alberta
LaVar Payne (Conservative) - Medicine Hat [FORMER],1,,,,,,"a vote, 14 years ago","strong (recorded vote, human-confirmed reading)",3,,"2015-06-15 SPEECH Free Votes: ""End-of-life issues are a very emotional subject matter and tend to evoke strong emotions. I understa"" [activity, not direction] | VOTE YEA: 2012-09-26 Private Members' Business M-312 (Special committee on subsection 223(1 (Negatived) [+2: Voted to study whether the law should recognise a child as a human being before birth.] | 2012-05-15 SPEECH Petitions — Abortion: ""Petitions — Abortion"" [activity, not direction]",Conservative,Alberta
Larry Brock (Conservative) - Brantford—Brant South [FORMER],1,,,,,,"a vote, 3 years ago","strong (recorded vote, human-confirmed reading)",3,,"2023-10-04 SPEECH Criminal Code: ""Another key feature of the bill relates to the rights of victims. Specifically, I am going to draw u"" [activity, not direction] | VOTE YEA: 2023-06-14 2nd reading of Bill C-311, An Act to amend the Criminal Code (violence (Negatived) [+2: Voted to advance a bill making the pregnancy of a victim an aggravating factor at sentencing -- recognition of the unbor] | 2022-09-20 PETITION 441-00659 (Social affairs and equality, 27 signatures, also presented by 21 other MP(s)) judge 3: Petition seeks to stop pro-life charities losing charitable status over their convictions, directly touching a [presenting a petition does not imply endorsement]",Conservative,Ontario
Nina Grewal (Conservative) - Fleetwood—Port Kells [FORMER],1,,,,,,"a vote, 14 years ago","strong (recorded vote, human-confirmed reading)",3,,"2013-05-27 SPEECH Petitions — Abortion: ""Petitions — Abortion"" [activity, not direction] | 2013-05-27 SPEECH Petitions — Sex Selection: ""Mr. Speaker, I have a third petition signed by nearly 1,000 people from my riding. Petitioners call "" [activity, not direction] | VOTE YEA: 2012-09-26 Private Members' Business M-312 (Special committee on subsection 223(1 (Negatived) [+2: Voted to study whether the law should recognise a child as a human being before birth.]",Conservative,British Columbia
Patricia Davidson (Conservative) - Sarnia—Lambton [FORMER],1,,,,,,"a vote, 14 years ago","strong (recorded vote, human-confirmed reading)",3,,"VOTE YEA: 2012-09-26 Private Members' Business M-312 (Special committee on subsection 223(1 (Negatived) [+2: Voted to study whether the law should recognise a child as a human being before birth.] | 2012-06-12 SPEECH Petitions — Abortion: ""Petitions — Abortion"" [activity, not direction] | 2012-06-07 SPEECH Petitions — Abortion: ""Petitions — Abortion"" [activity, not direction]",Conservative,Ontario
Pierre Lemieux (Conservative) - Glengarry—Prescott—Russell [FORMER],1,,,,,,"a vote, 14 years ago","strong (recorded vote, human-confirmed reading)",3,,"VOTE YEA: 2012-09-26 Private Members' Business M-312 (Special committee on subsection 223(1 (Negatived) [+2: Voted to study whether the law should recognise a child as a human being before birth.] | 2010-12-15 SPEECH Petitions — Prevention of Coerced Abortion: ""Petitions — Prevention of Coerced Abortion"" [activity, not direction] | 2010-12-03 SPEECH Petitions — Prevention of Coerced Abortion: ""Petitions — Prevention of Coerced Abortion"" [activity, not direction]",Conservative,Ontario
Richard Martel (Conservative) - Chicoutimi—Le Fjord [FORMER],1,,,,,,"a vote, 3 years ago","strong (recorded vote, human-confirmed reading)",3,,"VOTE YEA: 2023-06-14 2nd reading of Bill C-311, An Act to amend the Criminal Code (violence (Negatived) [+2: Voted to advance a bill making the pregnancy of a victim an aggravating factor at sentencing -- recognition of the unbor] | VOTE NAY: 2021-06-02 2nd reading of Bill C-233, An Act to amend the Criminal Code (sex-sele (Negatived) [no reading -- not placed] | 2016-10-19 NO RECORDED VOTE: 2nd reading of Bill C-225, An Act to amend the Criminal Code (injuring",Conservative,Quebec
Robert Kitchen (Conservative) - Souris—Moose Mountain [FORMER],1,,,,,,"a vote, 3 years ago","strong (recorded vote, human-confirmed reading)",3,,"VOTE YEA: 2023-06-14 2nd reading of Bill C-311, An Act to amend the Criminal Code (violence (Negatived) [+2: Voted to advance a bill making the pregnancy of a victim an aggravating factor at sentencing -- recognition of the unbor] | VOTE YEA: 2021-06-02 2nd reading of Bill C-233, An Act to amend the Criminal Code (sex-sele (Negatived) [no reading -- not placed] | VOTE YEA: 2016-10-19 2nd reading of Bill C-225, An Act to amend the Criminal Code (injuring (Negatived) [+2: Voted for a separate offence of injuring or killing a preborn child in an assault on the mother.]",Conservative,Saskatchewan
Ron Liepert (Conservative) - Calgary Signal Hill [FORMER],1,,,,,,"a vote, 3 years ago","strong (recorded vote, human-confirmed reading)",3,,"VOTE YEA: 2023-06-14 2nd reading of Bill C-311, An Act to amend the Criminal Code (violence (Negatived) [+2: Voted to advance a bill making the pregnancy of a victim an aggravating factor at sentencing -- recognition of the unbor] | VOTE NAY: 2021-06-02 2nd reading of Bill C-233, An Act to amend the Criminal Code (sex-sele (Negatived) [no reading -- not placed] | VOTE YEA: 2016-10-19 2nd reading of Bill C-225, An Act to amend the Criminal Code (injuring (Negatived) [+2: Voted for a separate offence of injuring or killing a preborn child in an assault on the mother.]",Conservative,Alberta
Rona Ambrose (Conservative) - Sturgeon River—Parkland [FORMER],1,,,,,,"a vote, 14 years ago","strong (recorded vote, human-confirmed reading)",3,,"2016-10-19 NO RECORDED VOTE: 2nd reading of Bill C-225, An Act to amend the Criminal Code (injuring | 2013-01-28 SPEECH Status of Women: ""Mr. Speaker, let me be clear. Stealing a quote from someone I admire very much, Hillary Clinton, I b"" [activity, not direction] | VOTE YEA: 2012-09-26 Private Members' Business M-312 (Special committee on subsection 223(1 (Negatived) [+2: Voted to study whether the law should recognise a child as a human being before birth.]",Conservative,Alberta
Russ Hiebert (Conservative) - South Surrey—White Rock—Cloverdale [FORMER],1,,,,,,"a vote, 14 years ago","strong (recorded vote, human-confirmed reading)",3,,"VOTE YEA: 2012-09-26 Private Members' Business M-312 (Special committee on subsection 223(1 (Negatived) [+2: Voted to study whether the law should recognise a child as a human being before birth.] | 2012-09-19 SPEECH Petitions — Rights of the Unborn: ""The first petition deals with the fact that Canada is recognized as the only nation in the western w"" [activity, not direction] | 2012-06-20 SPEECH Petitions — Abortion: ""Petitions — Abortion"" [activity, not direction]",Conservative,British Columbia
Steven Blaney (Conservative) - Bellechasse—Les Etchemins—Lévis [FORMER],1,,,,,,"a vote, 10 years ago","strong (recorded vote, human-confirmed reading)",3,,"MIXED RECORD: directional evidence on both sides -- read the acts, not the column | VOTE NAY: 2021-06-02 2nd reading of Bill C-233, An Act to amend the Criminal Code (sex-sele (Negatived) [no reading -- not placed] | VOTE YEA: 2016-10-19 2nd reading of Bill C-225, An Act to amend the Criminal Code (injuring (Negatived) [+2: Voted for a separate offence of injuring or killing a preborn child in an assault on the mother.] | VOTE NAY: 2012-09-26 Private Members' Business M-312 (Special committee on subsection 223(1 (Negatived) [-1: Voted against studying when a child becomes a human being in law (-1: some opposed reopening the question, not the quest]",Conservative,Quebec
Tom Lukiwski (Conservative) - Moose Jaw—Lake Centre—Lanigan [FORMER],1,,,,,,"a vote, 14 years ago","strong (recorded vote, human-confirmed reading)",3,,"VOTE YEA: 2021-06-02 2nd reading of Bill C-233, An Act to amend the Criminal Code (sex-sele (Negatived) [no reading -- not placed] | 2016-10-19 NO RECORDED VOTE: 2nd reading of Bill C-225, An Act to amend the Criminal Code (injuring | VOTE YEA: 2012-09-26 Private Members' Business M-312 (Special committee on subsection 223(1 (Negatived) [+2: Voted to study whether the law should recognise a child as a human being before birth.]",Conservative,Saskatchewan
Tracy Gray (Conservative) - Kelowna—Lake Country [FORMER],1,,,,,,"a vote, 3 years ago","strong (recorded vote, human-confirmed reading)",3,,"VOTE YEA: 2023-06-14 2nd reading of Bill C-311, An Act to amend the Criminal Code (violence (Negatived) [+2: Voted to advance a bill making the pregnancy of a victim an aggravating factor at sentencing -- recognition of the unbor] | VOTE YEA: 2021-06-02 2nd reading of Bill C-233, An Act to amend the Criminal Code (sex-sele (Negatived) [no reading -- not placed] | 2020-09-29 PETITION 432-00037 (Foreign affairs, 43 signatures, also presented by 54 other MP(s)) judge 2: Petition seeks genocide recognition and sanctions over forced sterilization, forced abortion and organ harvest [presenting a petition does not imply endorsement]",Conservative,British Columbia
Bob Saroya (Conservative) - Markham—Unionville [FORMER],1,,,,,,"a vote, 10 years ago","strong (recorded vote, human-confirmed reading)",2,,"VOTE YEA: 2021-06-02 2nd reading of Bill C-233, An Act to amend the Criminal Code (sex-sele (Negatived) [no reading -- not placed] | VOTE YEA: 2016-10-19 2nd reading of Bill C-225, An Act to amend the Criminal Code (injuring (Negatived) [+2: Voted for a separate offence of injuring or killing a preborn child in an assault on the mother.]",Conservative,Ontario
Brian Jean (Conservative) - Fort McMurray—Athabasca [FORMER],1,,,,,,"a vote, 14 years ago","strong (recorded vote, human-confirmed reading)",2,,"VOTE YEA: 2012-09-26 Private Members' Business M-312 (Special committee on subsection 223(1 (Negatived) [+2: Voted to study whether the law should recognise a child as a human being before birth.] | 2012-06-20 SPEECH Petitions — Abortion: ""Petitions — Abortion"" [activity, not direction]",Conservative,Alberta
Colin Mayes (Conservative) - Okanagan—Shuswap [FORMER],1,,,,,,"a vote, 14 years ago","strong (recorded vote, human-confirmed reading)",2,,"VOTE YEA: 2012-09-26 Private Members' Business M-312 (Special committee on subsection 223(1 (Negatived) [+2: Voted to study whether the law should recognise a child as a human being before birth.] | 2012-03-12 SPEECH Petitions — Abortion: ""Petitions — Abortion"" [activity, not direction]",Conservative,British Columbia
David Yurdiga (Conservative) - Fort McMurray—Cold Lake [FORMER],1,,,,,,"a vote, 10 years ago","strong (recorded vote, human-confirmed reading)",2,,"VOTE YEA: 2021-06-02 2nd reading of Bill C-233, An Act to amend the Criminal Code (sex-sele (Negatived) [no reading -- not placed] | VOTE YEA: 2016-10-19 2nd reading of Bill C-225, An Act to amend the Criminal Code (injuring (Negatived) [+2: Voted for a separate offence of injuring or killing a preborn child in an assault on the mother.]",Conservative,Alberta
Diane Ablonczy (Conservative) - Calgary—Nose Hill [FORMER],1,,,,,,"a vote, 14 years ago","strong (recorded vote, human-confirmed reading)",2,,"2013-05-28 SPEECH Petitions — Abortion: ""Petitions — Abortion"" [activity, not direction] | VOTE YEA: 2012-09-26 Private Members' Business M-312 (Special committee on subsection 223(1 (Negatived) [+2: Voted to study whether the law should recognise a child as a human being before birth.]",Conservative,Alberta
Gerald Soroka (Conservative) - Yellowhead [FORMER],1,,,,,,"a vote, 3 years ago","strong (recorded vote, human-confirmed reading)",2,,"VOTE YEA: 2023-06-14 2nd reading of Bill C-311, An Act to amend the Criminal Code (violence (Negatived) [+2: Voted to advance a bill making the pregnancy of a victim an aggravating factor at sentencing -- recognition of the unbor] | VOTE YEA: 2021-06-02 2nd reading of Bill C-233, An Act to amend the Criminal Code (sex-sele (Negatived) [no reading -- not placed]",Conservative,Alberta
Gerry Ritz (Conservative) - Battlefords—Lloydminster [FORMER],1,,,,,,"a vote, 10 years ago","strong (recorded vote, human-confirmed reading)",2,,"VOTE YEA: 2016-10-19 2nd reading of Bill C-225, An Act to amend the Criminal Code (injuring (Negatived) [+2: Voted for a separate offence of injuring or killing a preborn child in an assault on the mother.] | VOTE YEA: 2012-09-26 Private Members' Business M-312 (Special committee on subsection 223(1 (Negatived) [+2: Voted to study whether the law should recognise a child as a human being before birth.]",Conservative,Saskatchewan
Gordon Brown (Conservative) - Leeds—Grenville—Thousand Islands and Rideau Lakes [FORMER],1,,,,,,"a vote, 10 years ago","strong (recorded vote, human-confirmed reading)",2,,"VOTE YEA: 2016-10-19 2nd reading of Bill C-225, An Act to amend the Criminal Code (injuring (Negatived) [+2: Voted for a separate offence of injuring or killing a preborn child in an assault on the mother.] | VOTE YEA: 2012-09-26 Private Members' Business M-312 (Special committee on subsection 223(1 (Negatived) [+2: Voted to study whether the law should recognise a child as a human being before birth.]",Conservative,Ontario
Guy Lauzon (Conservative) - Stormont—Dundas—South Glengarry [FORMER],1,,,,,,"a vote, 10 years ago","strong (recorded vote, human-confirmed reading)",2,,"VOTE YEA: 2016-10-19 2nd reading of Bill C-225, An Act to amend the Criminal Code (injuring (Negatived) [+2: Voted for a separate offence of injuring or killing a preborn child in an assault on the mother.] | VOTE YEA: 2012-09-26 Private Members' Business M-312 (Special committee on subsection 223(1 (Negatived) [+2: Voted to study whether the law should recognise a child as a human being before birth.]",Conservative,Ontario
Jeff Watson (Conservative) - Essex [FORMER],1,,,,,,"a vote, 14 years ago","strong (recorded vote, human-confirmed reading)",2,,"2013-03-27 SPEECH Petitions — Sex Selection: ""Mr. Speaker, I am pleased to rise and present a petition on behalf of dozens of Canadian citizens fr"" [activity, not direction] | VOTE YEA: 2012-09-26 Private Members' Business M-312 (Special committee on subsection 223(1 (Negatived) [+2: Voted to study whether the law should recognise a child as a human being before birth.]",Conservative,Ontario
Jim Eglinski (Conservative) - Yellowhead [FORMER],1,,,,,,"a vote, 10 years ago","strong (recorded vote, human-confirmed reading)",2,,"2019-06-18 PETITION 421-04547 (Abortion, 6065 signatures) judge 3: Calls for a parliamentary debate and committee to draft Canada's first abortion law, directly engaging core pr [presenting a petition does not imply endorsement] | VOTE YEA: 2016-10-19 2nd reading of Bill C-225, An Act to amend the Criminal Code (injuring (Negatived) [+2: Voted for a separate offence of injuring or killing a preborn child in an assault on the mother.]",Conservative,Alberta
Larry Miller (Conservative) - Bruce—Grey—Owen Sound [FORMER],1,,,,,,"a vote, 10 years ago","strong (recorded vote, human-confirmed reading)",2,,"VOTE YEA: 2016-10-19 2nd reading of Bill C-225, An Act to amend the Criminal Code (injuring (Negatived) [+2: Voted for a separate offence of injuring or killing a preborn child in an assault on the mother.] | VOTE YEA: 2012-09-26 Private Members' Business M-312 (Special committee on subsection 223(1 (Negatived) [+2: Voted to study whether the law should recognise a child as a human being before birth.]",Conservative,Ontario
Laurie Hawn (Conservative) - Edmonton Centre [FORMER],1,,,,,,"a vote, 14 years ago","strong (recorded vote, human-confirmed reading)",2,,"VOTE YEA: 2012-09-26 Private Members' Business M-312 (Special committee on subsection 223(1 (Negatived) [+2: Voted to study whether the law should recognise a child as a human being before birth.] | 2012-06-12 SPEECH Petitions — Abortion: ""Petitions — Abortion"" [activity, not direction]",Conservative,Alberta
Lisa Raitt (Conservative) - Milton [FORMER],1,,,,,,"a vote, 10 years ago","strong (recorded vote, human-confirmed reading)",2,,"MIXED RECORD: directional evidence on both sides -- read the acts, not the column | VOTE YEA: 2016-10-19 2nd reading of Bill C-225, An Act to amend the Criminal Code (injuring (Negatived) [+2: Voted for a separate offence of injuring or killing a preborn child in an assault on the mother.] | VOTE NAY: 2012-09-26 Private Members' Business M-312 (Special committee on subsection 223(1 (Negatived) [-1: Voted against studying when a child becomes a human being in law (-1: some opposed reopening the question, not the quest]",Conservative,Ontario
Michelle Ferreri (Conservative) - Peterborough—Kawartha [FORMER],1,,,,,,"a vote, 3 years ago","strong (recorded vote, human-confirmed reading)",2,,"2024-05-06 SPEECH Pharmacare Act — Second reading: ""Mr. Speaker, what a question coming from a man. I would love him to tell me what to do with my uteru"" [activity, not direction] | VOTE YEA: 2023-06-14 2nd reading of Bill C-311, An Act to amend the Criminal Code (violence (Negatived) [+2: Voted to advance a bill making the pregnancy of a victim an aggravating factor at sentencing -- recognition of the unbor]",Conservative,Ontario
Patrick Brown (Conservative) - Barrie [FORMER],1,,,,,,"a vote, 14 years ago","strong (recorded vote, human-confirmed reading)",2,,"VOTE YEA: 2012-09-26 Private Members' Business M-312 (Special committee on subsection 223(1 (Negatived) [+2: Voted to study whether the law should recognise a child as a human being before birth.] | 2012-06-20 SPEECH Petitions — Abortion: ""Petitions — Abortion"" [activity, not direction]",Conservative,Ontario
Peter Van Loan (Conservative) - York—Simcoe [FORMER],1,,,,,,"a vote, 10 years ago","strong (recorded vote, human-confirmed reading)",2,,"VOTE YEA: 2016-10-19 2nd reading of Bill C-225, An Act to amend the Criminal Code (injuring (Negatived) [+2: Voted for a separate offence of injuring or killing a preborn child in an assault on the mother.] | VOTE YEA: 2012-09-26 Private Members' Business M-312 (Special committee on subsection 223(1 (Negatived) [+2: Voted to study whether the law should recognise a child as a human being before birth.]",Conservative,Ontario
Ray Boughen (Conservative) - Palliser [FORMER],1,,,,,,"a vote, 14 years ago","strong (recorded vote, human-confirmed reading)",2,,"2015-04-02 SPEECH Petitions — Abortion: ""Petitions — Abortion"" [activity, not direction] | VOTE YEA: 2012-09-26 Private Members' Business M-312 (Special committee on subsection 223(1 (Negatived) [+2: Voted to study whether the law should recognise a child as a human being before birth.]",Conservative,Saskatchewan
Richard Harris (Conservative) - Cariboo—Prince George [FORMER],1,,,,,,"a vote, 14 years ago","strong (recorded vote, human-confirmed reading)",2,,"VOTE YEA: 2012-09-26 Private Members' Business M-312 (Special committee on subsection 223(1 (Negatived) [+2: Voted to study whether the law should recognise a child as a human being before birth.] | 2012-09-21 SPEECH Petitions — Abortion: ""Petitions — Abortion"" [activity, not direction]",Conservative,British Columbia
Richard Lehoux (Conservative) - Beauce [FORMER],1,,,,,,"a vote, 3 years ago","strong (recorded vote, human-confirmed reading)",2,,"VOTE YEA: 2023-06-14 2nd reading of Bill C-311, An Act to amend the Criminal Code (violence (Negatived) [+2: Voted to advance a bill making the pregnancy of a victim an aggravating factor at sentencing -- recognition of the unbor] | VOTE NAY: 2021-06-02 2nd reading of Bill C-233, An Act to amend the Criminal Code (sex-sele (Negatived) [no reading -- not placed]",Conservative,Quebec
Rob Anders (Conservative) - Calgary West [FORMER],1,,,,,,"a vote, 14 years ago","strong (recorded vote, human-confirmed reading)",2,,"2013-06-17 SPEECH Petitions — Sex Selection: ""The petitioners call upon the House of Commons to condemn discrimination against girls through sex-s"" [activity, not direction] | VOTE YEA: 2012-09-26 Private Members' Business M-312 (Special committee on subsection 223(1 (Negatived) [+2: Voted to study whether the law should recognise a child as a human being before birth.]",Conservative,Alberta
Robert Sopuck (Conservative) - Dauphin—Swan River—Neepawa [FORMER],1,,,,,,"a vote, 10 years ago","strong (recorded vote, human-confirmed reading)",2,,"MIXED RECORD: directional evidence on both sides -- read the acts, not the column | VOTE YEA: 2016-10-19 2nd reading of Bill C-225, An Act to amend the Criminal Code (injuring (Negatived) [+2: Voted for a separate offence of injuring or killing a preborn child in an assault on the mother.] | VOTE NAY: 2012-09-26 Private Members' Business M-312 (Special committee on subsection 223(1 (Negatived) [-1: Voted against studying when a child becomes a human being in law (-1: some opposed reopening the question, not the quest]",Conservative,Manitoba
Royal Galipeau (Conservative) - Ottawa—Orléans [FORMER],1,,,,,,"a vote, 14 years ago","strong (recorded vote, human-confirmed reading)",2,,"2014-10-10 SPEECH Petitions — Sex Selection: ""I am honoured to present to the House a petition signed by Canadians across the country condemning s"" [activity, not direction] | VOTE YEA: 2012-09-26 Private Members' Business M-312 (Special committee on subsection 223(1 (Negatived) [+2: Voted to study whether the law should recognise a child as a human being before birth.]",Conservative,Ontario
Ryan Williams (Conservative) - Bay of Quinte [FORMER],1,,,,,,"a vote, 3 years ago","strong (recorded vote, human-confirmed reading)",2,,"VOTE YEA: 2023-06-14 2nd reading of Bill C-311, An Act to amend the Criminal Code (violence (Negatived) [+2: Voted to advance a bill making the pregnancy of a victim an aggravating factor at sentencing -- recognition of the unbor] | 2022-11-04 SPEECH Digital Charter Implementation Act, 2022: ""Apple Watch announced a few weeks ago that it can track and tell when a woman is ovulating. What is "" [activity, not direction]",Conservative,Ontario
Stella Ambler (Conservative) - Mississauga South [FORMER],1,,,,,,"a vote, 14 years ago","strong (recorded vote, human-confirmed reading)",2,,"VOTE YEA: 2012-09-26 Private Members' Business M-312 (Special committee on subsection 223(1 (Negatived) [+2: Voted to study whether the law should recognise a child as a human being before birth.] | 2012-09-21 SPEECH Special Committee on Subsection 223(1) of the Crim: ""Some say the courts have already settled the question of who is a human being in Canada. To be clear"" [activity, not direction]",Conservative,Ontario
Alexander Nuttall (Conservative) - Barrie—Springwater—Oro-Medonte [FORMER],1,,,,,,"a vote, 10 years ago","strong (recorded vote, human-confirmed reading)",1,,"VOTE YEA: 2016-10-19 2nd reading of Bill C-225, An Act to amend the Criminal Code (injuring (Negatived) [+2: Voted for a separate offence of injuring or killing a preborn child in an assault on the mother.]",Conservative,Ontario
Barry Devolin (Conservative) - Haliburton—Kawartha Lakes—Brock [FORMER],1,,,,,,"a vote, 14 years ago","strong (recorded vote, human-confirmed reading)",1,,VOTE YEA: 2012-09-26 Private Members' Business M-312 (Special committee on subsection 223(1 (Negatived) [+2: Voted to study whether the law should recognise a child as a human being before birth.],Conservative,Ontario
Brian Storseth (Conservative) - Westlock—St. Paul [FORMER],1,,,,,,"a vote, 14 years ago","strong (recorded vote, human-confirmed reading)",1,,VOTE YEA: 2012-09-26 Private Members' Business M-312 (Special committee on subsection 223(1 (Negatived) [+2: Voted to study whether the law should recognise a child as a human being before birth.],Conservative,Alberta
Bryan Hayes (Conservative) - Sault Ste. Marie [FORMER],1,,,,,,"a vote, 14 years ago","strong (recorded vote, human-confirmed reading)",1,,VOTE YEA: 2012-09-26 Private Members' Business M-312 (Special committee on subsection 223(1 (Negatived) [+2: Voted to study whether the law should recognise a child as a human being before birth.],Conservative,Ontario
Dean Del Mastro (Conservative Independent) - Peterborough [FORMER],1,,,,,,"a vote, 14 years ago","strong (recorded vote, human-confirmed reading)",1,,VOTE YEA: 2012-09-26 Private Members' Business M-312 (Special committee on subsection 223(1 (Negatived) [+2: Voted to study whether the law should recognise a child as a human being before birth.],Conservative Independent,Ontario
Gail Shea (Conservative) - Egmont [FORMER],1,,,,,,"a vote, 14 years ago","strong (recorded vote, human-confirmed reading)",1,,VOTE YEA: 2012-09-26 Private Members' Business M-312 (Special committee on subsection 223(1 (Negatived) [+2: Voted to study whether the law should recognise a child as a human being before birth.],Conservative,Prince Edward Island
Jake Stewart (Conservative) - Miramichi—Grand Lake [FORMER],1,,,,,,"a vote, 3 years ago","strong (recorded vote, human-confirmed reading)",1,,"VOTE YEA: 2023-06-14 2nd reading of Bill C-311, An Act to amend the Criminal Code (violence (Negatived) [+2: Voted to advance a bill making the pregnancy of a victim an aggravating factor at sentencing -- recognition of the unbor]",Conservative,New Brunswick
Jim Karygiannis (Liberal) - Scarborough—Agincourt [FORMER],1,,,,,,"a vote, 14 years ago","strong (recorded vote, human-confirmed reading)",1,,VOTE YEA: 2012-09-26 Private Members' Business M-312 (Special committee on subsection 223(1 (Negatived) [+2: Voted to study whether the law should recognise a child as a human being before birth.],Liberal,Ontario
John Weston (Conservative) - West Vancouver—Sunshine Coast—Sea to Sky Country [FORMER],1,,,,,,"a vote, 14 years ago","strong (recorded vote, human-confirmed reading)",1,,VOTE YEA: 2012-09-26 Private Members' Business M-312 (Special committee on subsection 223(1 (Negatived) [+2: Voted to study whether the law should recognise a child as a human being before birth.],Conservative,British Columbia
Julian Fantino (Conservative) - Vaughan [FORMER],1,,,,,,"a vote, 14 years ago","strong (recorded vote, human-confirmed reading)",1,,VOTE YEA: 2012-09-26 Private Members' Business M-312 (Special committee on subsection 223(1 (Negatived) [+2: Voted to study whether the law should recognise a child as a human being before birth.],Conservative,Ontario
Lawrence Toet (Conservative) - Elmwood—Transcona [FORMER],1,,,,,,"a vote, 14 years ago","strong (recorded vote, human-confirmed reading)",1,,VOTE YEA: 2012-09-26 Private Members' Business M-312 (Special committee on subsection 223(1 (Negatived) [+2: Voted to study whether the law should recognise a child as a human being before birth.],Conservative,Manitoba
Lois Brown (Conservative) - Newmarket—Aurora [FORMER],1,,,,,,"a vote, 14 years ago","strong (recorded vote, human-confirmed reading)",1,,VOTE YEA: 2012-09-26 Private Members' Business M-312 (Special committee on subsection 223(1 (Negatived) [+2: Voted to study whether the law should recognise a child as a human being before birth.],Conservative,Ontario
Mike Allen (Conservative) - Tobique—Mactaquac [FORMER],1,,,,,,"a vote, 14 years ago","strong (recorded vote, human-confirmed reading)",1,,VOTE YEA: 2012-09-26 Private Members' Business M-312 (Special committee on subsection 223(1 (Negatived) [+2: Voted to study whether the law should recognise a child as a human being before birth.],Conservative,New Brunswick
Peter Goldring (Conservative) - Edmonton East [FORMER],1,,,,,,"a vote, 14 years ago","strong (recorded vote, human-confirmed reading)",1,,VOTE YEA: 2012-09-26 Private Members' Business M-312 (Special committee on subsection 223(1 (Negatived) [+2: Voted to study whether the law should recognise a child as a human being before birth.],Conservative,Alberta
Peter Penashue (Conservative) - Labrador [FORMER],1,,,,,,"a vote, 14 years ago","strong (recorded vote, human-confirmed reading)",1,,VOTE YEA: 2012-09-26 Private Members' Business M-312 (Special committee on subsection 223(1 (Negatived) [+2: Voted to study whether the law should recognise a child as a human being before birth.],Conservative,Newfoundland and Labrador
Rick Norlock (Conservative) - Northumberland—Quinte West [FORMER],1,,,,,,"a vote, 14 years ago","strong (recorded vote, human-confirmed reading)",1,,VOTE YEA: 2012-09-26 Private Members' Business M-312 (Special committee on subsection 223(1 (Negatived) [+2: Voted to study whether the law should recognise a child as a human being before birth.],Conservative,Ontario
Rick Perkins (Conservative) - South Shore—St. Margarets [FORMER],1,,,,,,"a vote, 3 years ago","strong (recorded vote, human-confirmed reading)",1,,"VOTE YEA: 2023-06-14 2nd reading of Bill C-311, An Act to amend the Criminal Code (violence (Negatived) [+2: Voted to advance a bill making the pregnancy of a victim an aggravating factor at sentencing -- recognition of the unbor]",Conservative,Nova Scotia
Rob Clarke (Conservative) - Desnethé—Missinippi—Churchill River [FORMER],1,,,,,,"a vote, 14 years ago","strong (recorded vote, human-confirmed reading)",1,,VOTE YEA: 2012-09-26 Private Members' Business M-312 (Special committee on subsection 223(1 (Negatived) [+2: Voted to study whether the law should recognise a child as a human being before birth.],Conservative,Saskatchewan
Rodney Weston (Conservative) - Saint John [FORMER],1,,,,,,"a vote, 14 years ago","strong (recorded vote, human-confirmed reading)",1,,VOTE YEA: 2012-09-26 Private Members' Business M-312 (Special committee on subsection 223(1 (Negatived) [+2: Voted to study whether the law should recognise a child as a human being before birth.],Conservative,New Brunswick
Roxanne James (Conservative) - Scarborough Centre [FORMER],1,,,,,,"a vote, 14 years ago","strong (recorded vote, human-confirmed reading)",1,,VOTE YEA: 2012-09-26 Private Members' Business M-312 (Special committee on subsection 223(1 (Negatived) [+2: Voted to study whether the law should recognise a child as a human being before birth.],Conservative,Ontario
Stephen Ellis (Conservative) - Cumberland—Colchester [FORMER],1,,,,,,"a vote, 3 years ago","strong (recorded vote, human-confirmed reading)",1,,"VOTE YEA: 2023-06-14 2nd reading of Bill C-311, An Act to amend the Criminal Code (violence (Negatived) [+2: Voted to advance a bill making the pregnancy of a victim an aggravating factor at sentencing -- recognition of the unbor]",Conservative,Nova Scotia
Ted Opitz (Conservative) - Etobicoke Centre [FORMER],1,,,,,,"a vote, 14 years ago","strong (recorded vote, human-confirmed reading)",1,,VOTE YEA: 2012-09-26 Private Members' Business M-312 (Special committee on subsection 223(1 (Negatived) [+2: Voted to study whether the law should recognise a child as a human being before birth.],Conservative,Ontario
Terence Young (Conservative) - Oakville [FORMER],1,,,,,,"a vote, 14 years ago","strong (recorded vote, human-confirmed reading)",1,,VOTE YEA: 2012-09-26 Private Members' Business M-312 (Special committee on subsection 223(1 (Negatived) [+2: Voted to study whether the law should recognise a child as a human being before birth.],Conservative,Ontario
Tilly O'Neill Gordon (Conservative) - Miramichi [FORMER],1,,,,,,"a vote, 14 years ago","strong (recorded vote, human-confirmed reading)",1,,VOTE YEA: 2012-09-26 Private Members' Business M-312 (Special committee on subsection 223(1 (Negatived) [+2: Voted to study whether the law should recognise a child as a human being before birth.],Conservative,New Brunswick
Wladyslaw Lizon (Conservative) - Mississauga East—Cooksville [FORMER],1,,,,,,"a vote, 14 years ago","strong (recorded vote, human-confirmed reading)",1,,VOTE YEA: 2012-09-26 Private Members' Business M-312 (Special committee on subsection 223(1 (Negatived) [+2: Voted to study whether the law should recognise a child as a human being before birth.],Conservative,Ontario
Dave MacKenzie (Conservative) - Oxford [FORMER],,1,,,,,"a vote, 10 years ago","strong (recorded vote, human-confirmed reading)",6,,"MIXED RECORD: directional evidence on both sides -- read the acts, not the column | CAPPED at +: no Yea/Nay on the latest signed division (2023-06-14, 2nd reading of Bill C-311, An Act to amend the Cri). ++ means 'will vote with us'; a member who missed it is the contact list. | 2023-06-14 NO RECORDED VOTE: 2nd reading of Bill C-311, An Act to amend the Criminal Code (violence | VOTE YEA: 2021-06-02 2nd reading of Bill C-233, An Act to amend the Criminal Code (sex-sele (Negatived) [no reading -- not placed] | 2017-02-16 SPEECH Petitions — Abortion: ""Petitions — Abortion"" [activity, not direction] | VOTE YEA: 2016-10-19 2nd reading of Bill C-225, An Act to amend the Criminal Code (injuring (Negatived) [+2: Voted for a separate offence of injuring or killing a preborn child in an assault on the mother.] | 2015-05-28 SPEECH Free Votes: ""Similarly, as noted by Ned Franks in his November 1997 article in Policy Options, the issue of capit"" [activity, not direction] | VOTE NAY: 2012-09-26 Private Members' Business M-312 (Special committee on subsection 223(1 (Negatived) [-1: Voted against studying when a child becomes a human being in law (-1: some opposed reopening the question, not the quest]",Conservative,Ontario
Candice Bergen (Conservative) - Portage—Lisgar [FORMER],,1,,,,,"a vote, 10 years ago","strong (recorded vote, human-confirmed reading)",5,,"CAPPED at +: no Yea/Nay on the latest signed division (2023-06-14, 2nd reading of Bill C-311, An Act to amend the Cri). ++ means 'will vote with us'; a member who missed it is the contact list. | 2023-06-14 NO RECORDED VOTE: 2nd reading of Bill C-311, An Act to amend the Criminal Code (violence | VOTE YEA: 2021-06-02 2nd reading of Bill C-233, An Act to amend the Criminal Code (sex-sele (Negatived) [no reading -- not placed] | VOTE YEA: 2016-10-19 2nd reading of Bill C-225, An Act to amend the Criminal Code (injuring (Negatived) [+2: Voted for a separate offence of injuring or killing a preborn child in an assault on the mother.] | VOTE YEA: 2012-09-26 Private Members' Business M-312 (Special committee on subsection 223(1 (Negatived) [+2: Voted to study whether the law should recognise a child as a human being before birth.] | 2012-09-21 SPEECH Petitions — Abortion: ""Petitions — Abortion"" [activity, not direction]",Conservative,Manitoba
John McKay (Liberal) - Scarborough—Guildwood [FORMER],,1,,,,,"a vote, 14 years ago","strong (recorded vote, human-confirmed reading)",5,,"CAPPED at +: no Yea/Nay on the latest signed division (2023-06-14, 2nd reading of Bill C-311, An Act to amend the Cri). ++ means 'will vote with us'; a member who missed it is the contact list. | 2023-06-14 NO RECORDED VOTE: 2nd reading of Bill C-311, An Act to amend the Criminal Code (violence | 2021-06-02 NO RECORDED VOTE: 2nd reading of Bill C-233, An Act to amend the Criminal Code (sex-sele | 2016-10-19 NO RECORDED VOTE: 2nd reading of Bill C-225, An Act to amend the Criminal Code (injuring | VOTE YEA: 2012-09-26 Private Members' Business M-312 (Special committee on subsection 223(1 (Negatived) [+2: Voted to study whether the law should recognise a child as a human being before birth.] | 2010-11-16 SPEECH Pope John Paul II Day Act: ""He was an overt Christian and a staunch moral voice in the face of the brutalities of Nazism and Com"" [activity, not direction]",Liberal,Ontario
Tamara Jansen (Conservative) - Cloverdale—Langley City,,,1,,,,no confirmed reading,n/a (evidence only),5,,"VOTE YEA: 2021-06-02 2nd reading of Bill C-233, An Act to amend the Criminal Code (sex-sele (Negatived) [no reading -- not placed] | 2021-05-31 PETITION 2 copies, 2021-01-29 to 2021-05-31 (Foreign affairs, 78 signatures, also presented by 54 other MP(s)) judge 2: Petition alleges forced organ harvesting and religious persecution of Uyghurs, urging genocide recognition and [presenting a petition does not imply endorsement] | 2021-05-28 SPEECH Sex-Selective Abortion Act: ""With that statement on the record, and knowing that 82% of Canadians polled in 2019 did not support "" [activity, not direction] | 2020-10-09 PETITION 432-00108 (Justice, 35 signatures, also presented by 11 other MP(s)) judge 3: Petition seeks a criminal ban on sex-selective abortion, directly engaging Canada's total lack of abortion res [presenting a petition does not imply endorsement] | 2020-10-09 SPEECH Petitions — Sex Selection: ""Madam Speaker, I am pleased to present an important petition that calls on the House to ban the miso"" [activity, not direction]",Conservative,British Columbia
Greg McLean (Conservative) - Calgary Centre,,,1,,,,no confirmed reading,n/a (evidence only),3,,"2023-12-11 SPEECH Committees of the House — Justice and Human Rights: ""Madam Speaker, the member is straying into complete falsehood here. There has not been any acquiesce"" [activity, not direction] | 2023-06-14 NO RECORDED VOTE: 2nd reading of Bill C-311, An Act to amend the Criminal Code (violence | VOTE NAY: 2021-06-02 2nd reading of Bill C-233, An Act to amend the Criminal Code (sex-sele (Negatived) [no reading -- not placed]",Conservative,Alberta
Anita Anand (Liberal) - Oakville East,,,1,,,,no confirmed reading,n/a (evidence only),2,,"2023-06-14 NO RECORDED VOTE: 2nd reading of Bill C-311, An Act to amend the Criminal Code (violence | VOTE NAY: 2021-06-02 2nd reading of Bill C-233, An Act to amend the Criminal Code (sex-sele (Negatived) [no reading -- not placed]",Liberal,Ontario
Chris d'Entremont (Liberal) - Acadie—Annapolis,,,1,,,,no confirmed reading,n/a (evidence only),2,,"2023-06-14 NO RECORDED VOTE: 2nd reading of Bill C-311, An Act to amend the Criminal Code (violence | VOTE YEA: 2021-06-02 2nd reading of Bill C-233, An Act to amend the Criminal Code (sex-sele (Negatived) [no reading -- not placed]",Liberal,Nova Scotia
Andrew Lawton (Conservative) - Elgin—St. Thomas—London South,,,1,,,,no confirmed reading,n/a (evidence only),1,,"2025-10-02 PETITION 2 copies, 2025-09-16 to 2025-10-02 (Taxation, 60 signatures, also presented by 9 other MP(s)) judge 3: Seeks to block removal of charitable status for religious and anti-abortion groups, directly protecting faith- [presenting a petition does not imply endorsement]",Conservative,Ontario
Anna Gainey (Liberal) - Notre-Dame-de-Grâce—Westmount,,,1,,,,no confirmed reading,n/a (evidence only),1,,"2023-06-14 NO RECORDED VOTE: 2nd reading of Bill C-311, An Act to amend the Criminal Code (violence",Liberal,Quebec
Arpan Khanna (Conservative) - Oxford,,,1,,,,no confirmed reading,n/a (evidence only),1,,"2023-06-14 NO RECORDED VOTE: 2nd reading of Bill C-311, An Act to amend the Criminal Code (violence",Conservative,Ontario
Ben Carr (Liberal) - Winnipeg South Centre,,,1,,,,no confirmed reading,n/a (evidence only),1,,"2023-06-14 NO RECORDED VOTE: 2nd reading of Bill C-311, An Act to amend the Criminal Code (violence",Liberal,Manitoba
Branden Leslie (Conservative) - Portage—Lisgar,,,1,,,,no confirmed reading,n/a (evidence only),1,,"2023-06-14 NO RECORDED VOTE: 2nd reading of Bill C-311, An Act to amend the Criminal Code (violence",Conservative,Manitoba
Jacob Mantle (Conservative) - York—Durham,,,1,,,,no confirmed reading,n/a (evidence only),1,,"2025-09-16 PETITION 451-00072 (Taxation, 30 signatures, also presented by 9 other MP(s)) judge 3: Duplicate petition opposing removal of charitable status for religious and anti-abortion organisations, defend [presenting a petition does not imply endorsement]",Conservative,Ontario
Jamil Jivani (Conservative) - Bowmanville—Oshawa North,,,1,,,,no confirmed reading,n/a (evidence only),1,,"2023-06-14 NO RECORDED VOTE: 2nd reading of Bill C-311, An Act to amend the Criminal Code (violence",Conservative,Ontario
Jeff Kibble (Conservative) - Cowichan—Malahat—Langford,,,1,,,,no confirmed reading,n/a (evidence only),1,,"2026-09-16 PETITION e-7765 (Health, 62 signatures) judge 2: Seeks dignified, faith-sensitive treatment of pregnancy loss remains in federal institutions, touching family, [presenting a petition does not imply endorsement]",Conservative,British Columbia
John-Paul Danko (Liberal) - Hamilton West—Ancaster—Dundas,,,1,,,,no confirmed reading,n/a (evidence only),1,,"2026-03-23 SPEECH Combatting Hate Act: ""Mr. Speaker, throughout this discussion this afternoon, I have been trying to understand what the Co"" [activity, not direction]",Liberal,Ontario
Leslie Church (Liberal) - Toronto—St. Paul's,,,1,,,,no confirmed reading,n/a (evidence only),1,,"2025-12-04 SPEECH Instruction to Standing Committee on Justice and H: ""Mr. Speaker, I would urge the Conservative bench to stand up and vote in favour of this bill, becaus"" [activity, not direction]",Liberal,Ontario
Michael Guglielmin (Conservative) - Vaughan—Woodbridge,,,1,,,,no confirmed reading,n/a (evidence only),1,,"2025-06-11 PETITION 451-00037 (Taxation, 30 signatures, also presented by 9 other MP(s)) judge 3: Defends charitable status of religious and pro-life organisations against proposed tax changes, a direct threa [presenting a petition does not imply endorsement]",Conservative,Ontario
Sandra Cobena (Conservative) - Newmarket—Aurora,,,1,,,,no confirmed reading,n/a (evidence only),1,,"2025-09-19 PETITION 451-00091 (Taxation, 30 signatures, also presented by 9 other MP(s)) judge 3: Petition opposes stripping charitable status from faith-based and anti-abortion organisations, directly defend [presenting a petition does not imply endorsement]",Conservative,Ontario
Shuvaloy Majumdar (Conservative) - Calgary Heritage,,,1,,,,no confirmed reading,n/a (evidence only),1,,"2023-06-14 NO RECORDED VOTE: 2nd reading of Bill C-311, An Act to amend the Criminal Code (violence",Conservative,Alberta
Aaron Gunn (Conservative) - North Island—Powell River,,,1,,,,no evidence,,0,,No recorded activity on this area,Conservative,British Columbia
Abdelhaq Sari (Liberal) - Bourassa,,,1,,,,no evidence,,0,,No recorded activity on this area,Liberal,Quebec
Alana Hirtle (Liberal) - Cumberland—Colchester,,,1,,,,no evidence,,0,,No recorded activity on this area,Liberal,Nova Scotia
Alexis Deschênes (Bloc Québécois) - Gaspésie—Les Îles-de-la-Madeleine—Listuguj,,,1,,,,no evidence,,0,,No recorded activity on this area,Bloc Québécois,Quebec
Amandeep Sodhi (Liberal) - Brampton Centre,,,1,,,,no evidence,,0,,No recorded activity on this area,Liberal,Ontario
Amanpreet Gill (Conservative) - Calgary Skyview,,,1,,,,no evidence,,0,,No recorded activity on this area,Conservative,Alberta
Amarjeet Gill (Conservative) - Brampton West,,,1,,,,no evidence,,0,,No recorded activity on this area,Conservative,Ontario
Aslam Rana (Liberal) - Hamilton Centre,,,1,,,,no evidence,,0,,No recorded activity on this area,Liberal,Ontario
Bienvenu-Olivier Ntumba (Liberal) - Mont-Saint-Bruno—L'Acadie,,,1,,,,no evidence,,0,,No recorded activity on this area,Liberal,Quebec
Billy Morin (Conservative) - Edmonton Northwest,,,1,,,,no evidence,,0,,No recorded activity on this area,Conservative,Alberta
Braeden Caley (Liberal) - North Vancouver—Capilano,,,1,,,,no evidence,,0,,No recorded activity on this area,Liberal,British Columbia
Braedon Clark (Liberal) - Sackville—Bedford—Preston,,,1,,,,no evidence,,0,,No recorded activity on this area,Liberal,Nova Scotia
Bruce Fanjoy (Liberal) - Carleton,,,1,,,,no evidence,,0,,No recorded activity on this area,Liberal,Ontario
Buckley Belanger (Liberal) - Desnethé—Missinippi—Churchill River,,,1,,,,no evidence,,0,,No recorded activity on this area,Liberal,Saskatchewan
Burton Bailey (Conservative) - Red Deer,,,1,,,,no evidence,,0,,No recorded activity on this area,Conservative,Alberta
Carlos Leitão (Liberal) - Marc-Aurèle-Fortin,,,1,,,,no evidence,,0,,No recorded activity on this area,Liberal,Quebec
Carol Anstey (Conservative) - Long Range Mountains,,,1,,,,no evidence,,0,,No recorded activity on this area,Conservative,Newfoundland and Labrador
Caroline Desrochers (Liberal) - Trois-Rivières,,,1,,,,no evidence,,0,,No recorded activity on this area,Liberal,Quebec
Chak Au (Conservative) - Richmond Centre—Marpole,,,1,,,,no evidence,,0,,No recorded activity on this area,Conservative,British Columbia
Chi Nguyen (Liberal) - Spadina—Harbourfront,,,1,,,,no evidence,,0,,No recorded activity on this area,Liberal,Ontario
Chris Malette (Liberal) - Bay of Quinte,,,1,,,,no evidence,,0,,No recorded activity on this area,Liberal,Ontario
Claude Guay (Liberal) - LaSalle—Émard—Verdun,,,1,,,,no evidence,,0,,No recorded activity on this area,Liberal,Quebec
Colin Reynolds (Conservative) - Elmwood—Transcona,,,1,,,,no evidence,,0,,No recorded activity on this area,Conservative,Manitoba
Connie Cody (Conservative) - Cambridge,,,1,,,,no evidence,,0,,No recorded activity on this area,Conservative,Ontario
Corey Hogan (Liberal) - Calgary Confederation,,,1,,,,no evidence,,0,,No recorded activity on this area,Liberal,Alberta
Dalwinder Gill (Conservative) - Calgary McKnight,,,1,,,,no evidence,,0,,No recorded activity on this area,Conservative,Alberta
Daniel Gobeil (Liberal) - Chicoutimi—Le Fjord,,,1,,,,no evidence,,0,,No recorded activity on this area,Liberal,Quebec
Danielle Martin (Liberal) - University—Rosedale,,,1,,,,no evidence,,0,,No recorded activity on this area,Liberal,Ontario
David Bexte (Conservative) - Bow River,,,1,,,,no evidence,,0,,No recorded activity on this area,Conservative,Alberta
David McKenzie (Conservative) - Calgary Signal Hill,,,1,,,,no evidence,,0,,No recorded activity on this area,Conservative,Alberta
David Myles (Liberal) - Fredericton—Oromocto,,,1,,,,no evidence,,0,,No recorded activity on this area,Liberal,New Brunswick
Doly Begum (Liberal) - Scarborough Southwest,,,1,,,,no evidence,,0,,No recorded activity on this area,Liberal,Ontario
Dominique O'Rourke (Liberal) - Guelph,,,1,,,,no evidence,,0,,No recorded activity on this area,Liberal,Ontario
Eleanor Olszewski (Liberal) - Edmonton Centre,,,1,,,,no evidence,,0,,No recorded activity on this area,Liberal,Alberta
Ellis Ross (Conservative) - Skeena—Bulkley Valley,,,1,,,,no evidence,,0,,No recorded activity on this area,Conservative,British Columbia
Emma Harrison (Liberal) - Peterborough,,,1,,,,no evidence,,0,,No recorded activity on this area,Liberal,Ontario
Eric Lefebvre (Conservative) - Richmond—Arthabaska—des-Sources,,,1,,,,no evidence,,0,,No recorded activity on this area,Conservative,Quebec
Eric St-Pierre (Liberal) - Honoré-Mercier,,,1,,,,no evidence,,0,,No recorded activity on this area,Liberal,Quebec
Ernie Klassen (Liberal) - South Surrey—White Rock,,,1,,,,no evidence,,0,,No recorded activity on this area,Liberal,British Columbia
Evan Solomon (Liberal) - Toronto Centre,,,1,,,,no evidence,,0,,No recorded activity on this area,Liberal,Ontario
Fares Al Soud (Liberal) - Mississauga Centre,,,1,,,,no evidence,,0,,No recorded activity on this area,Liberal,Ontario
Fred Davies (Conservative) - Niagara South,,,1,,,,no evidence,,0,,No recorded activity on this area,Conservative,Ontario
Gabriel Hardy (Conservative) - Montmorency—Charlevoix,,,1,,,,no evidence,,0,,No recorded activity on this area,Conservative,Quebec
Gaétan Malette (Conservative) - Kapuskasing—Timmins—Mushkegowuk,,,1,,,,no evidence,,0,,No recorded activity on this area,Conservative,Ontario
Ginette Lavack (Liberal) - St. Boniface—St. Vital,,,1,,,,no evidence,,0,,No recorded activity on this area,Liberal,Manitoba
Giovanna Mingarelli (Liberal) - Prescott—Russell—Cumberland,,,1,,,,no evidence,,0,,No recorded activity on this area,Liberal,Ontario
Grant Jackson (Conservative) - Brandon—Souris,,,1,,,,no evidence,,0,,No recorded activity on this area,Conservative,Manitoba
Gregor Robertson (Liberal) - Vancouver Fraserview—South Burnaby,,,1,,,,no evidence,,0,,No recorded activity on this area,Liberal,British Columbia
Guillaume Deschênes-Thériault (Liberal) - Madawaska—Restigouche,,,1,,,,no evidence,,0,,No recorded activity on this area,Liberal,New Brunswick
Gurbux Saini (Liberal) - Fleetwood—Port Kells,,,1,,,,no evidence,,0,,No recorded activity on this area,Liberal,British Columbia
Harb Gill (Conservative) - Windsor West,,,1,,,,no evidence,,0,,No recorded activity on this area,Conservative,Ontario
Helena Konanz (Conservative) - Similkameen—South Okanagan—West Kootenay,,,1,,,,no evidence,,0,,No recorded activity on this area,Conservative,British Columbia
Jacques Ramsay (Liberal) - La Prairie—Atateken,,,1,,,,no evidence,,0,,No recorded activity on this area,Liberal,Quebec
Jagsharan Singh Mahal (Conservative) - Edmonton Southeast,,,1,,,,no evidence,,0,,No recorded activity on this area,Conservative,Alberta
Jake Sawatzky (Liberal) - New Westminster—Burnaby—Maillardville,,,1,,,,no evidence,,0,,No recorded activity on this area,Liberal,British Columbia
Jason Groleau (Conservative) - Beauce,,,1,,,,no evidence,,0,,No recorded activity on this area,Conservative,Quebec
Jennifer McKelvie (Liberal) - Ajax,,,1,,,,no evidence,,0,,No recorded activity on this area,Liberal,Ontario
Jessica Fancy (Liberal) - South Shore—St. Margarets,,,1,,,,no evidence,,0,,No recorded activity on this area,Liberal,Nova Scotia
Jill McKnight (Liberal) - Delta,,,1,,,,no evidence,,0,,No recorded activity on this area,Liberal,British Columbia
Jim Bélanger (Conservative) - Sudbury East—Manitoulin—Nickel Belt,,,1,,,,no evidence,,0,,No recorded activity on this area,Conservative,Ontario
John Zerucelli (Liberal) - Etobicoke North,,,1,,,,no evidence,,0,,No recorded activity on this area,Liberal,Ontario
Jonathan Rowe (Conservative) - The Eastern Peninsulas,,,1,,,,no evidence,,0,,No recorded activity on this area,Conservative,Newfoundland and Labrador
Juanita Nathan (Liberal) - Pickering—Brooklin,,,1,,,,no evidence,,0,,No recorded activity on this area,Liberal,Ontario
Karim Bardeesy (Liberal) - Taiaiako'n—Parkdale—High Park,,,1,,,,no evidence,,0,,No recorded activity on this area,Liberal,Ontario
Kathy Borrelli (Conservative) - Windsor—Tecumseh—Lakeshore,,,1,,,,no evidence,,0,,No recorded activity on this area,Conservative,Ontario
Kelly DeRidder (Conservative) - Kitchener Centre,,,1,,,,no evidence,,0,,No recorded activity on this area,Conservative,Ontario
Kent MacDonald (Liberal) - Cardigan,,,1,,,,no evidence,,0,,No recorded activity on this area,Liberal,Prince Edward Island
Kristina Tesser Derksen (Liberal) - Milton East—Halton Hills South,,,1,,,,no evidence,,0,,No recorded activity on this area,Liberal,Ontario
Kurt Holman (Conservative) - London—Fanshawe,,,1,,,,no evidence,,0,,No recorded activity on this area,Conservative,Ontario
Louis Villeneuve (Liberal) - Brome—Missisquoi,,,1,,,,no evidence,,0,,No recorded activity on this area,Liberal,Quebec
Madeleine Chenette (Liberal) - Thérèse-De Blainville,,,1,,,,no evidence,,0,,No recorded activity on this area,Liberal,Quebec
Maggie Chi (Liberal) - Don Valley North,,,1,,,,no evidence,,0,,No recorded activity on this area,Liberal,Ontario
Mandy Gull-Masty (Liberal) - Abitibi—Baie-James—Nunavik—Eeyou,,,1,,,,no evidence,,0,,No recorded activity on this area,Liberal,Quebec
Marianne Dandurand (Liberal) - Compton—Stanstead,,,1,,,,no evidence,,0,,No recorded activity on this area,Liberal,Quebec
Marie-Gabrielle Ménard (Liberal) - Hochelaga—Rosemont-Est,,,1,,,,no evidence,,0,,No recorded activity on this area,Liberal,Quebec
Marjorie Michel (Liberal) - Papineau,,,1,,,,no evidence,,0,,No recorded activity on this area,Liberal,Quebec
Mark Carney (Liberal) - Nepean,,,1,,,,no evidence,,0,,No recorded activity on this area,Liberal,Ontario
Matt Strauss (Conservative) - Kitchener South—Hespeler,,,1,,,,no evidence,,0,,No recorded activity on this area,Conservative,Ontario
Michael Ma (Liberal) - Markham—Unionville,,,1,,,,no evidence,,0,,No recorded activity on this area,Liberal,Ontario
Mike Dawson (Conservative) - Miramichi—Grand Lake,,,1,,,,no evidence,,0,,No recorded activity on this area,Conservative,New Brunswick
Nathalie Provost (Liberal) - Châteauguay—Les Jardins-de-Napierville,,,1,,,,no evidence,,0,,No recorded activity on this area,Liberal,Quebec
Natilien Joseph (Liberal) - Longueuil—Saint-Hubert,,,1,,,,no evidence,,0,,No recorded activity on this area,Liberal,Quebec
Ned Kuruc (Conservative) - Hamilton East—Stoney Creek,,,1,,,,no evidence,,0,,No recorded activity on this area,Conservative,Ontario
Patrick Bonin (Bloc Québécois) - Repentigny,,,1,,,,no evidence,,0,,No recorded activity on this area,Bloc Québécois,Quebec
Paul Connors (Liberal) - Avalon,,,1,,,,no evidence,,0,,No recorded activity on this area,Liberal,Newfoundland and Labrador
Pauline Rochefort (Liberal) - Nipissing—Timiskaming,,,1,,,,no evidence,,0,,No recorded activity on this area,Liberal,Ontario
Philip Earle (Liberal) - Labrador,,,1,,,,no evidence,,0,,No recorded activity on this area,Liberal,Newfoundland and Labrador
Rebecca Alty (Liberal) - Northwest Territories,,,1,,,,no evidence,,0,,No recorded activity on this area,Liberal,Northwest Territories
Rebecca Chartrand (Liberal) - Churchill—Keewatinook Aski,,,1,,,,no evidence,,0,,No recorded activity on this area,Liberal,Manitoba
Rhonda Kirkland (Conservative) - Oshawa,,,1,,,,no evidence,,0,,No recorded activity on this area,Conservative,Ontario
Roman Baber (Conservative) - North York,,,1,,,,no evidence,,0,,No recorded activity on this area,Conservative,Ontario
Scott Anderson (Conservative) - Vernon—Lake Country—Monashee,,,1,,,,no evidence,,0,,No recorded activity on this area,Conservative,British Columbia
Shannon Miedema (Liberal) - Halifax,,,1,,,,no evidence,,0,,No recorded activity on this area,Liberal,Nova Scotia
Sima Acan (Liberal) - Oakville West,,,1,,,,no evidence,,0,,No recorded activity on this area,Liberal,Ontario
Steeve Lavoie (Liberal) - Beauport—Limoilou,,,1,,,,no evidence,,0,,No recorded activity on this area,Liberal,Quebec
Stephanie McLean (Liberal) - Esquimalt—Saanich—Sooke,,,1,,,,no evidence,,0,,No recorded activity on this area,Liberal,British Columbia
Steven Bonk (Conservative) - Souris—Moose Mountain,,,1,,,,no evidence,,0,,No recorded activity on this area,Conservative,Saskatchewan
Sukhman Gill (Conservative) - Abbotsford—South Langley,,,1,,,,no evidence,,0,,No recorded activity on this area,Conservative,British Columbia
Tamara Kronis (Conservative) - Nanaimo—Ladysmith,,,1,,,,no evidence,,0,,No recorded activity on this area,Conservative,British Columbia
Tanveer Shahnawaz (Liberal) - Beaches—East York,,,1,,,,no evidence,,0,,No recorded activity on this area,Liberal,Ontario
Tatiana Auguste (Liberal) - Terrebonne,,,1,,,,no evidence,,0,,No recorded activity on this area,Liberal,Quebec
Tim Hodgson (Liberal) - Markham—Thornhill,,,1,,,,no evidence,,0,,No recorded activity on this area,Liberal,Ontario
Tim Watchorn (Liberal) - Les Pays-d'en-Haut,,,1,,,,no evidence,,0,,No recorded activity on this area,Liberal,Quebec
Tom Osborne (Liberal) - Cape Spear—Mount Pearl—Paradise,,,1,,,,no evidence,,0,,No recorded activity on this area,Liberal,Newfoundland and Labrador
Vince Gasparro (Liberal) - Eglinton—Lawrence,,,1,,,,no evidence,,0,,No recorded activity on this area,Liberal,Ontario
Vincent Ho (Conservative) - Richmond Hill South,,,1,,,,no evidence,,0,,No recorded activity on this area,Conservative,Ontario
Wade Chang (Liberal) - Burnaby Central,,,1,,,,no evidence,,0,,No recorded activity on this area,Liberal,British Columbia
Wade Grant (Liberal) - Vancouver Quadra,,,1,,,,no evidence,,0,,No recorded activity on this area,Liberal,British Columbia
Will Greaves (Liberal) - Victoria,,,1,,,,no evidence,,0,,No recorded activity on this area,Liberal,British Columbia
William Stevenson (Conservative) - Yellowhead,,,1,,,,no evidence,,0,,No recorded activity on this area,Conservative,Alberta
Zoe Royer (Liberal) - Port Moody—Coquitlam,,,1,,,,no evidence,,0,,No recorded activity on this area,Liberal,British Columbia
Stéphane Bergeron (Bloc Québécois) - Montarville [FORMER],,,1,,,,no confirmed reading,n/a (evidence only),6,,"2023-11-01 SPEECH Committees of the House — Foreign Affairs and Inte: ""They blocked the adoption of this report. It took months before we could adopt it. The Conservatives"" [activity, not direction] | VOTE PAIRED: 2023-06-14 2nd reading of Bill C-311, An Act to amend the Criminal Code (violence (Negatived) [no direction recorded] | 2022-12-13 SPEECH Committees of the House — Foreign Affairs and Inte: ""Let me make myself clear: I think women's reproductive health is extremely important. Women the worl"" [activity, not direction] | VOTE NAY: 2021-06-02 2nd reading of Bill C-233, An Act to amend the Criminal Code (sex-sele (Negatived) [no reading -- not placed] | 2020-10-27 SPEECH Criminal Code: ""I said somewhat the same thing as what I just said before the Quebec National Assembly when I was a "" [activity, not direction] | 2020-10-27 SPEECH Criminal Code: ""Mr. Speaker, I sincerely believe that, in most cases, apart from the legal arguments, people's reser"" [activity, not direction]",Bloc Québécois,Quebec
Jenica Atwin (Liberal) - Fredericton [FORMER],,,1,,,,no confirmed reading,n/a (evidence only),4,,"2023-06-14 NO RECORDED VOTE: 2nd reading of Bill C-311, An Act to amend the Criminal Code (violence | VOTE NAY: 2021-06-02 2nd reading of Bill C-233, An Act to amend the Criminal Code (sex-sele (Negatived) [no reading -- not placed] | 2020-10-01 SPEECH Clinic 554: ""There has been a lot of talk about the work of this clinic on ensuring New Brunswickers have access "" [activity, not direction] | 2020-02-03 SPEECH Petitions — Health: ""Mr. Speaker, this petition is around reproductive justice and ensuring that the Government of New Br"" [activity, not direction]",Liberal,New Brunswick
Bob Benzen (Conservative) - Calgary Heritage [FORMER],,,1,,,,no confirmed reading,n/a (evidence only),3,,"2023-06-14 NO RECORDED VOTE: 2nd reading of Bill C-311, An Act to amend the Criminal Code (violence | VOTE YEA: 2021-06-02 2nd reading of Bill C-233, An Act to amend the Criminal Code (sex-sele (Negatived) [no reading -- not placed] | 2016-10-19 NO RECORDED VOTE: 2nd reading of Bill C-225, An Act to amend the Criminal Code (injuring",Conservative,Alberta
Simon Marcil (Bloc Québécois) - Mirabel [FORMER],,,1,,,,no confirmed reading,n/a (evidence only),3,,"VOTE NAY: 2021-06-02 2nd reading of Bill C-233, An Act to amend the Criminal Code (sex-sele (Negatived) [no reading -- not placed] | 2018-05-24 SPEECH Conservative Party of Canada: ""Conservatives will definitely not defend Quebeckers' interests. At this very moment, they are sponso"" [activity, not direction] | 2016-10-19 NO RECORDED VOTE: 2nd reading of Bill C-225, An Act to amend the Criminal Code (injuring",Bloc Québécois,Quebec
Simon-Pierre Savard-Tremblay (Independent) - Saint-Hyacinthe—Bagot—Acton [FORMER],,,1,,,,no confirmed reading,n/a (evidence only),3,,"VOTE PAIRED: 2023-06-14 2nd reading of Bill C-311, An Act to amend the Criminal Code (violence (Negatived) [no direction recorded] | 2022-05-10 SPEECH Business of Supply — Opposition Motion—Change to S: ""First of all, I would like her to comment on the fact that we are always told that this is not a rea"" [activity, not direction] | VOTE NAY: 2021-06-02 2nd reading of Bill C-233, An Act to amend the Criminal Code (sex-sele (Negatived) [no reading -- not placed]",Independent,Quebec
Adam Vaughan (Liberal) - Spadina—Fort York [FORMER],,,1,,,,no confirmed reading,n/a (evidence only),2,,"VOTE NAY: 2021-06-02 2nd reading of Bill C-233, An Act to amend the Criminal Code (sex-sele (Negatived) [no reading -- not placed] | 2016-10-19 NO RECORDED VOTE: 2nd reading of Bill C-225, An Act to amend the Criminal Code (injuring",Liberal,Ontario
Kenny Chiu (Conservative) - Steveston—Richmond East [FORMER],,,1,,,,no confirmed reading,n/a (evidence only),2,,"VOTE YEA: 2021-06-02 2nd reading of Bill C-233, An Act to amend the Criminal Code (sex-sele (Negatived) [no reading -- not placed] | 2020-09-30 PETITION 432-00040 (Foreign affairs, 33 signatures, also presented by 54 other MP(s)) judge 2: Raises forced sterilization, coerced abortion and organ harvesting against Uyghurs, touching transplant ethics [presenting a petition does not imply endorsement]",Conservative,British Columbia
Lenore Zann (Liberal) - Cumberland—Colchester [FORMER],,,1,,,,no confirmed reading,n/a (evidence only),2,,"VOTE NAY: 2021-06-02 2nd reading of Bill C-233, An Act to amend the Criminal Code (sex-sele (Negatived) [no reading -- not placed] | 2020-12-08 SPEECH National Strategy to Redress Environmental Racism : ""Bill C-230 would collect data, including socio-economic circumstances, physical and mental effects o"" [activity, not direction]",Liberal,Nova Scotia
Nelly Shin (Conservative) - Port Moody—Coquitlam [FORMER],,,1,,,,no confirmed reading,n/a (evidence only),2,,"VOTE YEA: 2021-06-02 2nd reading of Bill C-233, An Act to amend the Criminal Code (sex-sele (Negatived) [no reading -- not placed] | 2021-02-26 PETITION 432-00603 (Foreign affairs, 31 signatures, also presented by 54 other MP(s)) judge 2: Petition alleges forced abortion, sterilisation and organ harvesting against Uyghurs, urging genocide recognit [presenting a petition does not imply endorsement]",Conservative,British Columbia
Paul Manly (Green Party) - Nanaimo—Ladysmith [FORMER],,,1,,,,no confirmed reading,n/a (evidence only),2,,"VOTE NAY: 2021-06-02 2nd reading of Bill C-233, An Act to amend the Criminal Code (sex-sele (Negatived) [no reading -- not placed] | 2021-03-26 PETITION 432-00752 (Foreign affairs, 751 signatures) judge 1: Calls on Canada to condemn Poland's abortion law and treatment of minorities; foreign policy matter with limit [presenting a petition does not imply endorsement]",Green Party,British Columbia
Yasmin Ratansi (Independent) - Don Valley East [FORMER],,,1,,,,no confirmed reading,n/a (evidence only),2,,"VOTE NAY: 2021-06-02 2nd reading of Bill C-233, An Act to amend the Criminal Code (sex-sele (Negatived) [no reading -- not placed] | 2016-10-19 NO RECORDED VOTE: 2nd reading of Bill C-225, An Act to amend the Criminal Code (injuring",Independent,Ontario
Derek Sloan (Independent) - Hastings—Lennox and Addington [FORMER],,,1,,,,no confirmed reading,n/a (evidence only),1,,"VOTE YEA: 2021-06-02 2nd reading of Bill C-233, An Act to amend the Criminal Code (sex-sele (Negatived) [no reading -- not placed]",Independent,Ontario
Jag Sahota (Conservative) - Calgary Skyview [FORMER],,,1,,,,no confirmed reading,n/a (evidence only),1,,"VOTE NAY: 2021-06-02 2nd reading of Bill C-233, An Act to amend the Criminal Code (sex-sele (Negatived) [no reading -- not placed]",Conservative,Alberta
James Cumming (Conservative) - Edmonton Centre [FORMER],,,1,,,,no confirmed reading,n/a (evidence only),1,,"VOTE NAY: 2021-06-02 2nd reading of Bill C-233, An Act to amend the Criminal Code (sex-sele (Negatived) [no reading -- not placed]",Conservative,Alberta
Louise Charbonneau (Bloc Québécois) - Trois-Rivières [FORMER],,,1,,,,no confirmed reading,n/a (evidence only),1,,"VOTE NAY: 2021-06-02 2nd reading of Bill C-233, An Act to amend the Criminal Code (sex-sele (Negatived) [no reading -- not placed]",Bloc Québécois,Quebec
Lyne Bessette (Liberal) - Brome—Missisquoi [FORMER],,,1,,,,no confirmed reading,n/a (evidence only),1,,"VOTE NAY: 2021-06-02 2nd reading of Bill C-233, An Act to amend the Criminal Code (sex-sele (Negatived) [no reading -- not placed]",Liberal,Quebec
Mumilaaq Qaqqaq (NDP) - Nunavut [FORMER],,,1,,,,no confirmed reading,n/a (evidence only),1,,"VOTE NAY: 2021-06-02 2nd reading of Bill C-233, An Act to amend the Criminal Code (sex-sele (Negatived) [no reading -- not placed]",NDP,Nunavut
Costas Menegakis (Conservative) - Aurora—Oak Ridges—Richmond Hill,,,,1,,,"a vote, 14 years ago","strong (recorded vote, human-confirmed reading)",1,,"VOTE NAY: 2012-09-26 Private Members' Business M-312 (Special committee on subsection 223(1 (Negatived) [-1: Voted against studying when a child becomes a human being in law (-1: some opposed reopening the question, not the quest]",Conservative,Ontario
Françoise Boivin (NDP) - Gatineau [FORMER],,,,1,,,"a vote, 14 years ago","strong (recorded vote, human-confirmed reading)",22,,"2014-09-22 SPEECH Protection of Communities and Exploited Persons Ac: ""Mr. Speaker, I find this debate somewhat uninspiring. In saying that it has created an exemption, th"" [activity, not direction] | 2013-02-01 SPEECH Abortion: ""Abortion"" [activity, not direction] | 2013-01-31 SPEECH Abortion: ""Abortion"" [activity, not direction] | 2013-01-28 SPEECH Status of Women: ""Mr. Speaker, that is a bit rich when it comes from a government that keeps re-attacking, reopening, "" [activity, not direction] | VOTE NAY: 2012-09-26 Private Members' Business M-312 (Special committee on subsection 223(1 (Negatived) [-1: Voted against studying when a child becomes a human being in law (-1: some opposed reopening the question, not the quest] | 2012-09-25 SPEECH Status of Women: ""The NDP is proud to be the only federal party with a clear position on abortion. Women have the righ"" [activity, not direction] | 2012-05-17 SPEECH Justice: ""Why do the Conservatives want to use a parliamentary secretary to reopen the abortion debate?"" [activity, not direction] | 2012-05-17 SPEECH Justice: ""That is not all. The comments made this morning by the hon. member for Saskatoon—Wanuskewin border o"" [activity, not direction] | 2012-04-26 SPEECH Justice: ""During the election campaign he promised not to reopen the abortion debate, but today he cannot even"" [activity, not direction] | 2012-04-26 SPEECH Special Committee on Subsection 223(1) of the Crim: ""What the member opposite seems to be forgetting is that Justice Wilson also said, in the context of "" [activity, not direction] | 2012-04-26 SPEECH Special Committee on Subsection 223(1) of the Crim: ""It is clear, within the meaning of the Criminal Code, that the child must be born alive. This has no"" [activity, not direction] | 2012-04-23 SPEECH Status of Women: ""Mr. Speaker, I rise here today to denounce certain government MPs' attempts to criminalize abortion."" [activity, not direction] | 2012-02-10 SPEECH Campaign Advertising: ""Can the government explain why it is fighting against foreign radicals when it comes to environmenta"" [activity, not direction] | 2012-02-07 SPEECH Status of Women: ""Mr. Speaker, the Conservative Party says that it does not want to reopen the abortion debate, but I "" [activity, not direction] | 2012-02-06 SPEECH Justice: ""Mr. Speaker, last week, the Minister of International Cooperation told the House that the government"" [activity, not direction] | 2012-02-06 SPEECH Justice: ""The member has levelled a direct attack on women's right to choose. If the government is serious abo"" [activity, not direction] | 2012-02-02 SPEECH Justice: ""Speaking of debates that Canadians do not want to reopen, we know that some backbenchers on the othe"" [activity, not direction] | 2012-02-01 SPEECH Maternal Health: ""Can the Prime Minister explain his twisted logic regarding maternal health in developing countries? "" [activity, not direction] | 2011-10-03 SPEECH Status of Women: ""Mr. Speaker, last week, a Conservative member of Parliament said that his government was in the proc"" [activity, not direction] | 2011-10-03 SPEECH Status of Women: ""Can the Prime Minister assure us that he will not allow a private member's bill on abortion to be in"" [activity, not direction] | 2011-09-29 SPEECH Status of Women: ""Either the Prime Minister has lost control of his caucus or his government's new policy is to outlaw"" [activity, not direction] | 2011-09-29 SPEECH Status of Women: ""Mr. Speaker, I have the impression today that we have literally gone back 20 years to a time when an"" [activity, not direction]",NDP,Quebec
Charlie Angus (NDP) - Timmins—James Bay [FORMER],,,,1,,,"a vote, 14 years ago","strong (recorded vote, human-confirmed reading)",9,,"2024-09-26 SPEECH Business of Supply — Opposition Motion—Confidence : ""Of course, I think the other reason the Leader of the Opposition is trying to force an election is t"" [activity, not direction] | 2024-06-13 SPEECH Business of Supply — Opposition Motion—Government': ""Madam Speaker, I think it is very unfair for the member to make a habit of this, when we know that t"" [activity, not direction] | 2023-06-14 NO RECORDED VOTE: 2nd reading of Bill C-311, An Act to amend the Criminal Code (violence | 2022-05-05 SPEECH Online Streaming Act: ""Madam Speaker, it is a simple question. The member's picture is on the front page of Le Journal de M"" [activity, not direction] | VOTE NAY: 2021-06-02 2nd reading of Bill C-233, An Act to amend the Criminal Code (sex-sele (Negatived) [no reading -- not placed] | 2018-03-01 SPEECH Business of Supply — Opposition Motion—Canada Summ: ""There were groups in my riding of Timmins—James Bay that abused it. A group called Priests for Life,"" [activity, not direction] | 2018-03-01 SPEECH Business of Supply — Opposition Motion—Canada Summ: ""In my riding, every year a group I never heard of before, called Priests for Life, got on the list t"" [activity, not direction] | 2016-10-19 NO RECORDED VOTE: 2nd reading of Bill C-225, An Act to amend the Criminal Code (injuring | VOTE NAY: 2012-09-26 Private Members' Business M-312 (Special committee on subsection 223(1 (Negatived) [-1: Voted against studying when a child becomes a human being in law (-1: some opposed reopening the question, not the quest]",NDP,Ontario
Stephen Harper (Conservative) - Calgary Heritage [FORMER],,,,1,,,"a vote, 14 years ago","strong (recorded vote, human-confirmed reading)",9,,"2016-10-19 NO RECORDED VOTE: 2nd reading of Bill C-225, An Act to amend the Criminal Code (injuring | 2013-01-31 SPEECH Abortion: ""Abortion"" [activity, not direction] | VOTE NAY: 2012-09-26 Private Members' Business M-312 (Special committee on subsection 223(1 (Negatived) [-1: Voted against studying when a child becomes a human being in law (-1: some opposed reopening the question, not the quest] | 2010-05-25 SPEECH Status of Women: ""Mr. Speaker, that is not at all the case. The government's policy reflects the decisions made by thi"" [activity, not direction] | 2010-05-25 SPEECH Status of Women: ""Mr. Speaker, it is up to other countries to make their own decisions in this regard. Our decisions r"" [activity, not direction] | 2010-03-31 SPEECH International Development: ""Of course, G8 countries will have different priorities in terms of the specific things they fund. Pa"" [activity, not direction] | 2010-03-31 SPEECH The Arctic: ""In terms of the issue that the hon. member is really asking about, the abortion issue, he is the one"" [activity, not direction] | 2010-03-23 SPEECH International Cooperation: ""The fact is Canadian people want to do what they can, cost-effectively, to save the lives of mothers"" [activity, not direction] | 2010-03-18 SPEECH International Cooperation: ""Mr. Speaker, the government's position is clear. I believe the minister answered this question. The "" [activity, not direction]",Conservative,Alberta
Libby Davies (NDP) - Vancouver East [FORMER],,,,1,,,"a vote, 14 years ago","strong (recorded vote, human-confirmed reading)",8,,"2014-05-26 SPEECH International Development: ""Mr. Speaker, the World Health Organization has identified five solutions needed to save more lives, "" [activity, not direction] | 2014-02-05 SPEECH Dr. Garson Romalis: ""He received his medical degree from UBC in 1962, prior to the legalization of abortion in Canada. At"" [activity, not direction] | VOTE NAY: 2012-09-26 Private Members' Business M-312 (Special committee on subsection 223(1 (Negatived) [-1: Voted against studying when a child becomes a human being in law (-1: some opposed reopening the question, not the quest] | 2012-02-01 SPEECH Maternal Health: ""Does the Prime Minister still claim his government is not reopening the debate on abortion, or is he"" [activity, not direction] | 2010-05-07 SPEECH International Co-operation: ""Mr. Speaker, the Conservatives have turned Canadians against each other on an initiative that could "" [activity, not direction] | 2010-04-30 SPEECH International Co-operation: ""Ignoring advice from the WHO to provide funding for access to safe abortion, the government decided "" [activity, not direction] | 2010-03-23 SPEECH Business of Supply — Opposition  Motion--Maternal : ""I hope the motion today will set us on the right course. Our leader and other members of our caucus "" [activity, not direction] | 2010-03-23 SPEECH Business of Supply — Opposition Motion—Maternal an: ""Individual members may have individual views on this, but to me it is a matter of choice. It is a ma"" [activity, not direction]",NDP,British Columbia
Ève Péclet (NDP) - La Pointe-de-l'Île [FORMER],,,,1,,,"a vote, 14 years ago","strong (recorded vote, human-confirmed reading)",8,,"2014-06-18 SPEECH Prohibiting Cluster Munitions Act: ""When Bill C-6 was debated in June 2013 as Bill S-10, Canada was in the process of sabotaging the UN "" [activity, not direction] | 2014-06-17 SPEECH Respect for Communities Act: ""I am sorry. Far be it from me to try to teach my colleagues a lesson, but I believe that the onus is"" [activity, not direction] | 2013-11-21 SPEECH Respect for Communities Act: ""Every person in this House has personal opinions. We have opinions about abortion—we know, that deba"" [activity, not direction] | 2013-06-11 SPEECH Prohibiting Cluster Munitions Act: ""For example, Canada is in the process of sabotaging negotiations at the United Nations' Human Rights"" [activity, not direction] | 2012-12-06 SPEECH International Co-operation: ""Why is the minister trying to put anti-abortion ideology ahead of women's choices regarding their ow"" [activity, not direction] | VOTE NAY: 2012-09-26 Private Members' Business M-312 (Special committee on subsection 223(1 (Negatived) [-1: Voted against studying when a child becomes a human being in law (-1: some opposed reopening the question, not the quest] | 2012-09-17 SPEECH Petitions — Abortion: ""Petitions — Abortion"" [activity, not direction] | 2012-02-02 SPEECH Government Priorities: ""Mr. Speaker, the Prime Minister has said that he does not want to reopen the abortion debate, but th"" [activity, not direction]",NDP,Quebec
Anne-Marie Day (NDP) - Charlesbourg—Haute-Saint-Charles [FORMER],,,,1,,,"a vote, 14 years ago","strong (recorded vote, human-confirmed reading)",7,,"2013-11-29 SPEECH Financial Administration Act: ""I would remind the minister that these are ministerial appointments. Until now, the Conservatives ha"" [activity, not direction] | VOTE NAY: 2012-09-26 Private Members' Business M-312 (Special committee on subsection 223(1 (Negatived) [-1: Voted against studying when a child becomes a human being in law (-1: some opposed reopening the question, not the quest] | 2012-09-24 SPEECH Petitions — Abortion: ""Petitions — Abortion"" [activity, not direction] | 2012-09-19 SPEECH Petitions — Abortion: ""Petitions — Abortion"" [activity, not direction] | 2012-09-18 SPEECH Petitions — Abortion: ""Petitions — Abortion"" [activity, not direction] | 2012-09-17 SPEECH Petitions — Abortion: ""Petitions — Abortion"" [activity, not direction] | 2012-06-07 SPEECH Status of Women: ""Under the Conservatives, instead of making intelligent investments we have taken a step backwards in"" [activity, not direction]",NDP,Quebec
David Tilson (Conservative) - Dufferin—Caledon [FORMER],,,,1,,,"a vote, 14 years ago","strong (recorded vote, human-confirmed reading)",7,,"2016-10-19 NO RECORDED VOTE: 2nd reading of Bill C-225, An Act to amend the Criminal Code (injuring | 2013-10-28 SPEECH Petitions — Sex Selection: ""The petitioners are asking the House of Commons and Parliament assembled to condemn discrimination a"" [activity, not direction] | 2012-11-27 SPEECH Petitions — Abortion: ""Petitions — Abortion"" [activity, not direction] | VOTE NAY: 2012-09-26 Private Members' Business M-312 (Special committee on subsection 223(1 (Negatived) [-1: Voted against studying when a child becomes a human being in law (-1: some opposed reopening the question, not the quest] | 2012-05-31 SPEECH Petitions — Abortion: ""Petitions — Abortion"" [activity, not direction] | 2012-02-29 SPEECH Petitions — Abortion: ""Petitions — Abortion"" [activity, not direction] | 2011-02-09 SPEECH Petitions — Prevention of Coerced Abortion: ""Petitions — Prevention of Coerced Abortion"" [activity, not direction]",Conservative,Ontario
Megan Leslie (NDP) - Halifax [FORMER],,,,1,,,"a vote, 14 years ago","strong (recorded vote, human-confirmed reading)",7,,"2015-06-12 SPEECH Zero Tolerance for Barbaric Cultural Practices Act: ""I happen to think it is a barbaric cultural practice to force a woman to bring a baby to term if she"" [activity, not direction] | 2014-10-29 SPEECH Persons Case: ""It was 85 years ago that we became persons in the eyes of the law in our country, and 85 years later"" [activity, not direction] | 2013-01-31 SPEECH Abortion: ""Abortion"" [activity, not direction] | VOTE NAY: 2012-09-26 Private Members' Business M-312 (Special committee on subsection 223(1 (Negatived) [-1: Voted against studying when a child becomes a human being in law (-1: some opposed reopening the question, not the quest] | 2010-05-26 SPEECH Maternal and Child Health: ""The government ignored advice from domestic and international experts when it excluded abortion fund"" [activity, not direction] | 2010-05-26 SPEECH Maternal and Child Health: ""Do members know what a real plan looks like? This is what a real plan should look like. First, Canad"" [activity, not direction] | 2010-03-23 SPEECH Business of Supply — Opposition  Motion--Maternal : ""In a 2009 white paper on international development, the United Kingdom called for safe abortion serv"" [activity, not direction]",NDP,Nova Scotia
John Baird (Conservative) - Ottawa West—Nepean [FORMER],,,,1,,,"a vote, 14 years ago","strong (recorded vote, human-confirmed reading)",5,,"VOTE NAY: 2012-09-26 Private Members' Business M-312 (Special committee on subsection 223(1 (Negatived) [-1: Voted against studying when a child becomes a human being in law (-1: some opposed reopening the question, not the quest] | 2010-05-05 SPEECH Maternal and Child Health: ""Mr. Speaker, that is not correct at all. Yesterday, we clearly stated in the House that the comments"" [activity, not direction] | 2010-05-04 SPEECH Maternal and Child Health: ""Let me tell members this. Canadians do not want to drag the abortion debate into the maternal and he"" [activity, not direction] | 2010-05-04 SPEECH Maternal and Child Health: ""Mr. Speaker, the Prime Minister has always been very clear. The government has no intention of reope"" [activity, not direction] | 2010-03-22 SPEECH International Cooperation: ""The government has also made it very clear and we have said all along that we are not reopening the "" [activity, not direction]",Conservative,Ontario
Mike Wallace (Conservative) - Burlington [FORMER],,,,1,,,"a vote, 14 years ago","strong (recorded vote, human-confirmed reading)",5,,"2013-05-09 SPEECH Petitions — Sex Selection: ""Mr. Speaker, the other petition consists of three petitions, all on the same topic. The petitioners "" [activity, not direction] | 2012-12-12 SPEECH PETITIONS — Sex Selection: ""Mr. Speaker, I have a petition to present today signed by constituents in my riding of Burlington. T"" [activity, not direction] | VOTE NAY: 2012-09-26 Private Members' Business M-312 (Special committee on subsection 223(1 (Negatived) [-1: Voted against studying when a child becomes a human being in law (-1: some opposed reopening the question, not the quest] | 2012-05-08 SPEECH Petitions — Abortion: ""Petitions — Abortion"" [activity, not direction] | 2012-03-29 SPEECH Petitions — Abortion: ""Petitions — Abortion"" [activity, not direction]",Conservative,Ontario
Mylène Freeman (NDP) - Argenteuil—Papineau—Mirabel [FORMER],,,,1,,,"a vote, 14 years ago","strong (recorded vote, human-confirmed reading)",5,,"2015-04-28 SPEECH National Action Plan to Address Violence Against W: ""Since they have been in power, the Conservatives have been blatantly attacking the equality of women"" [activity, not direction] | VOTE NAY: 2012-09-26 Private Members' Business M-312 (Special committee on subsection 223(1 (Negatived) [-1: Voted against studying when a child becomes a human being in law (-1: some opposed reopening the question, not the quest] | 2012-09-19 SPEECH Petitions — Abortion: ""Petitions — Abortion"" [activity, not direction] | 2012-05-03 SPEECH Canada Labour Code: ""Reproductive justice is more than simply having access to safe, legal abortion. It is also a woman's"" [activity, not direction] | 2012-03-08 SPEECH Thérèse Casgrain: ""That is why I am pleased to pursue the same goals as the organization founded by Ms. Casgrain, the F"" [activity, not direction]",NDP,Quebec
Rathika Sitsabaiesan (NDP) - Scarborough—Rouge River [FORMER],,,,1,,,"a vote, 14 years ago","strong (recorded vote, human-confirmed reading)",5,,"VOTE NAY: 2012-09-26 Private Members' Business M-312 (Special committee on subsection 223(1 (Negatived) [-1: Voted against studying when a child becomes a human being in law (-1: some opposed reopening the question, not the quest] | 2012-09-25 SPEECH Petitions — Abortion: ""Petitions — Abortion"" [activity, not direction] | 2012-09-19 SPEECH Petitions — Abortion: ""Petitions — Abortion"" [activity, not direction] | 2012-09-18 SPEECH Petitions — Abortion: ""Petitions — Abortion"" [activity, not direction] | 2012-02-07 SPEECH Government Priorities: ""The Prime Minister says he will not reopen the abortion debate. However, his MPs are doing just that"" [activity, not direction]",NDP,Ontario
Alex Atamanenko (NDP) - British Columbia Southern Interior [FORMER],,,,1,,,"a vote, 14 years ago","strong (recorded vote, human-confirmed reading)",4,,"VOTE NAY: 2012-09-26 Private Members' Business M-312 (Special committee on subsection 223(1 (Negatived) [-1: Voted against studying when a child becomes a human being in law (-1: some opposed reopening the question, not the quest] | 2012-06-01 SPEECH Petitions — Abortion: ""Petitions — Abortion"" [activity, not direction] | SPONSORED 41-1/C-363 An Act respecting conscientious objection to the use of taxes for mili [no reading -- not placed] | SPONSORED 41-2/C-363 An Act respecting conscientious objection to the use of taxes for mili [no reading -- not placed]",NDP,British Columbia
Charmaine Borg (NDP) - Terrebonne—Blainville [FORMER],,,,1,,,"a vote, 14 years ago","strong (recorded vote, human-confirmed reading)",4,,"VOTE NAY: 2012-09-26 Private Members' Business M-312 (Special committee on subsection 223(1 (Negatived) [-1: Voted against studying when a child becomes a human being in law (-1: some opposed reopening the question, not the quest] | 2012-09-25 SPEECH Petitions — Abortion: ""Petitions — Abortion"" [activity, not direction] | 2012-09-24 SPEECH Petitions — Abortion: ""Petitions — Abortion"" [activity, not direction] | 2012-09-18 SPEECH Petitions — Abortion: ""Petitions — Abortion"" [activity, not direction]",NDP,Quebec
Djaouida Sellah (NDP) - Saint-Bruno—Saint-Hubert [FORMER],,,,1,,,"a vote, 14 years ago","strong (recorded vote, human-confirmed reading)",4,,"2013-11-27 SPEECH Status of Women: ""When we asked her if she plans to develop a national action plan to address the high rate of violenc"" [activity, not direction] | VOTE NAY: 2012-09-26 Private Members' Business M-312 (Special committee on subsection 223(1 (Negatived) [-1: Voted against studying when a child becomes a human being in law (-1: some opposed reopening the question, not the quest] | 2012-09-21 SPEECH Petitions — Abortion: ""Petitions — Abortion"" [activity, not direction] | 2012-09-19 SPEECH Petitions — Abortion: ""Petitions — Abortion"" [activity, not direction]",NDP,Quebec
Gary Schellenberger (Conservative) - Perth—Wellington [FORMER],,,,1,,,"a vote, 14 years ago","strong (recorded vote, human-confirmed reading)",4,,"2014-06-10 SPEECH Petitions — Abortion: ""Petitions — Abortion"" [activity, not direction] | VOTE NAY: 2012-09-26 Private Members' Business M-312 (Special committee on subsection 223(1 (Negatived) [-1: Voted against studying when a child becomes a human being in law (-1: some opposed reopening the question, not the quest] | 2012-05-18 SPEECH Petitions — Abortion: ""Petitions — Abortion"" [activity, not direction] | 2012-03-30 SPEECH Petitions — Abortion: ""Petitions — Abortion"" [activity, not direction]",Conservative,Ontario
Jinny Jogindera Sims (NDP) - Newton—North Delta [FORMER],,,,1,,,"a vote, 14 years ago","strong (recorded vote, human-confirmed reading)",4,,"2012-09-28 SPEECH Status of Women: ""It gets worse. Yesterday, when I asked a question about the Conservatives inviting white supremacist"" [activity, not direction] | VOTE NAY: 2012-09-26 Private Members' Business M-312 (Special committee on subsection 223(1 (Negatived) [-1: Voted against studying when a child becomes a human being in law (-1: some opposed reopening the question, not the quest] | 2012-09-18 SPEECH Petitions — Abortion: ""Petitions — Abortion"" [activity, not direction] | 2011-10-03 SPEECH Justice: ""First it was abortion and now it is hate speech. What other out-of-touch issues does the government "" [activity, not direction]",NDP,British Columbia
Laurin Liu (NDP) - Rivière-des-Mille-Îles [FORMER],,,,1,,,"a vote, 14 years ago","strong (recorded vote, human-confirmed reading)",4,,"2014-01-29 SPEECH Abortion: ""Abortion"" [activity, not direction] | 2013-02-13 SPEECH Abortion: ""Abortion"" [activity, not direction] | 2013-02-13 SPEECH Abortion: ""Abortion"" [activity, not direction] | VOTE NAY: 2012-09-26 Private Members' Business M-312 (Special committee on subsection 223(1 (Negatived) [-1: Voted against studying when a child becomes a human being in law (-1: some opposed reopening the question, not the quest]",NDP,Quebec
Nycole Turmel (NDP) - Hull—Aylmer [FORMER],,,,1,,,"a vote, 14 years ago","strong (recorded vote, human-confirmed reading)",4,,"VOTE NAY: 2012-09-26 Private Members' Business M-312 (Special committee on subsection 223(1 (Negatived) [-1: Voted against studying when a child becomes a human being in law (-1: some opposed reopening the question, not the quest] | 2012-09-25 SPEECH Petitions — Abortion: ""Petitions — Abortion"" [activity, not direction] | 2012-02-14 SPEECH Government Priorities: ""There is more. First, a Conservative senator reopened the death penalty debate. Then, a Conservative"" [activity, not direction] | 2012-02-08 SPEECH Government Policies: ""Mr. Speaker, I will summarize the Conservative government's week thus far. It suggested giving ropes"" [activity, not direction]",NDP,Quebec
Paul Dewar (NDP) - Ottawa Centre [FORMER],,,,1,,,"a vote, 14 years ago","strong (recorded vote, human-confirmed reading)",4,,"2013-10-31 SPEECH International Development: ""Mr. Speaker, the government's position makes no sense. Instead of being proud of the impact of Canad"" [activity, not direction] | 2013-10-17 SPEECH International Development: ""Mr. Speaker, victims of rape in war and child brides are left in tragic circumstances. They should h"" [activity, not direction] | VOTE NAY: 2012-09-26 Private Members' Business M-312 (Special committee on subsection 223(1 (Negatived) [-1: Voted against studying when a child becomes a human being in law (-1: some opposed reopening the question, not the quest] | 2010-03-23 SPEECH Business of Supply — Opposition Motion—Maternal an: ""According to the World Health Organization, the first step for reducing the maternal death rate is t"" [activity, not direction]",NDP,Ontario
Scott Simms (Liberal) - Coast of Bays—Central—Notre Dame [FORMER],,,,1,,,"a vote, 14 years ago","strong (recorded vote, human-confirmed reading)",4,,"VOTE NAY: 2021-06-02 2nd reading of Bill C-233, An Act to amend the Criminal Code (sex-sele (Negatived) [no reading -- not placed] | 2016-10-19 NO RECORDED VOTE: 2nd reading of Bill C-225, An Act to amend the Criminal Code (injuring | VOTE NAY: 2012-09-26 Private Members' Business M-312 (Special committee on subsection 223(1 (Negatived) [-1: Voted against studying when a child becomes a human being in law (-1: some opposed reopening the question, not the quest] | 2010-03-23 SPEECH Business of Supply — Opposition Motion--Maternal a: ""The first point was opening the abortion debate. I do not quite understand where he is coming from o"" [activity, not direction]",Liberal,Newfoundland and Labrador
Alexandrine Latendresse (NDP) - Louis-Saint-Laurent [FORMER],,,,1,,,"a vote, 14 years ago","strong (recorded vote, human-confirmed reading)",3,,"2014-05-29 SPEECH Women's Health: ""That means funding access to safe abortion services. Women's and children's health is not limited to"" [activity, not direction] | VOTE NAY: 2012-09-26 Private Members' Business M-312 (Special committee on subsection 223(1 (Negatived) [-1: Voted against studying when a child becomes a human being in law (-1: some opposed reopening the question, not the quest] | 2012-09-26 SPEECH Petitions — Abortion: ""Petitions — Abortion"" [activity, not direction]",NDP,Quebec
André Bellavance (Independent) - Richmond—Arthabaska [FORMER],,,,1,,,"a vote, 14 years ago","strong (recorded vote, human-confirmed reading)",3,,"2012-09-28 SPEECH Status of Women: ""Mr. Speaker, the support of the Minister for Status of Women for a motion to reopen the abortion deb"" [activity, not direction] | 2012-09-27 SPEECH Status of Women: ""Mr. Speaker, yesterday we were astonished to watch the Minister for Status of Women vote in favour o"" [activity, not direction] | VOTE NAY: 2012-09-26 Private Members' Business M-312 (Special committee on subsection 223(1 (Negatived) [-1: Voted against studying when a child becomes a human being in law (-1: some opposed reopening the question, not the quest]",Independent,Quebec
Annick Papillon (NDP) - Québec [FORMER],,,,1,,,"a vote, 14 years ago","strong (recorded vote, human-confirmed reading)",3,,"2014-10-20 SPEECH Digital Privacy Act: ""The information that metadata can provide about us is absolutely unbelievable. An ongoing experiment"" [activity, not direction] | VOTE NAY: 2012-09-26 Private Members' Business M-312 (Special committee on subsection 223(1 (Negatived) [-1: Voted against studying when a child becomes a human being in law (-1: some opposed reopening the question, not the quest] | 2012-09-19 SPEECH Petitions — Abortion: ""Petitions — Abortion"" [activity, not direction]",NDP,Quebec
Bruce Stanton (Conservative) - Simcoe North [FORMER],,,,1,,,"a vote, 14 years ago","strong (recorded vote, human-confirmed reading)",3,,"VOTE NAY: 2021-06-02 2nd reading of Bill C-233, An Act to amend the Criminal Code (sex-sele (Negatived) [no reading -- not placed] | 2016-10-19 NO RECORDED VOTE: 2nd reading of Bill C-225, An Act to amend the Criminal Code (injuring | VOTE NAY: 2012-09-26 Private Members' Business M-312 (Special committee on subsection 223(1 (Negatived) [-1: Voted against studying when a child becomes a human being in law (-1: some opposed reopening the question, not the quest]",Conservative,Ontario
David Wilks (Conservative) - Kootenay—Columbia [FORMER],,,,1,,,"a vote, 14 years ago","strong (recorded vote, human-confirmed reading)",3,,"2014-04-07 SPEECH Petitions — Abortion: ""Petitions — Abortion"" [activity, not direction] | VOTE NAY: 2012-09-26 Private Members' Business M-312 (Special committee on subsection 223(1 (Negatived) [-1: Voted against studying when a child becomes a human being in law (-1: some opposed reopening the question, not the quest] | 2012-06-13 SPEECH Petitions — Abortion: ""Petitions — Abortion"" [activity, not direction]",Conservative,British Columbia
Geoff Regan (Liberal) - Halifax West [FORMER],,,,1,,,"a vote, 14 years ago","strong (recorded vote, human-confirmed reading)",3,,"VOTE NAY: 2021-06-02 2nd reading of Bill C-233, An Act to amend the Criminal Code (sex-sele (Negatived) [no reading -- not placed] | VOTE NAY: 2012-09-26 Private Members' Business M-312 (Special committee on subsection 223(1 (Negatived) [-1: Voted against studying when a child becomes a human being in law (-1: some opposed reopening the question, not the quest] | 2012-02-09 SPEECH Business of Supply — Opposition Motion—Investment : ""Instead of moving to amendments to strengthen the Investment Canada Act, what is the government doin"" [activity, not direction]",Liberal,Nova Scotia
Gordon O'Connor (Conservative) - Carleton—Mississippi Mills [FORMER],,,,1,,,"a vote, 14 years ago","strong (recorded vote, human-confirmed reading)",3,,"2014-06-18 SPEECH Prohibiting Cluster Munitions Act: ""Mr. Speaker, I rise on a point of order. I would ask that the member stay on the subject. Talking ab"" [activity, not direction] | VOTE NAY: 2012-09-26 Private Members' Business M-312 (Special committee on subsection 223(1 (Negatived) [-1: Voted against studying when a child becomes a human being in law (-1: some opposed reopening the question, not the quest] | 2012-04-26 SPEECH Special Committee on Subsection 223(1) of the Crim: ""I cannot understand why those who are adamantly opposed to abortion want to impose their beliefs on "" [activity, not direction]",Conservative,Ontario
Jack Harris (NDP) - St. John's East [FORMER],,,,1,,,"a vote, 14 years ago","strong (recorded vote, human-confirmed reading)",3,,"VOTE NAY: 2021-06-02 2nd reading of Bill C-233, An Act to amend the Criminal Code (sex-sele (Negatived) [no reading -- not placed] | 2021-02-18 SPEECH Business of Supply — Opposition Motion—Religious M: ""We need to recognize that the mass detention, forced labour, surveillance and population control mea"" [activity, not direction] | VOTE NAY: 2012-09-26 Private Members' Business M-312 (Special committee on subsection 223(1 (Negatived) [-1: Voted against studying when a child becomes a human being in law (-1: some opposed reopening the question, not the quest]",NDP,Newfoundland and Labrador
K. Kellie Leitch (Conservative) - Simcoe—Grey [FORMER],,,,1,,,"a vote, 14 years ago","strong (recorded vote, human-confirmed reading)",3,,"2019-06-05 SPEECH Members Not Seeking Re-Election to the 43rd Parlia: ""Canadians have always been the most successful in all fields when we embrace our responsibilities as"" [activity, not direction] | 2016-10-19 NO RECORDED VOTE: 2nd reading of Bill C-225, An Act to amend the Criminal Code (injuring | VOTE NAY: 2012-09-26 Private Members' Business M-312 (Special committee on subsection 223(1 (Negatived) [-1: Voted against studying when a child becomes a human being in law (-1: some opposed reopening the question, not the quest]",Conservative,Ontario
Manon Perreault (Independent) - Montcalm [FORMER],,,,1,,,"a vote, 14 years ago","strong (recorded vote, human-confirmed reading)",3,,"VOTE NAY: 2012-09-26 Private Members' Business M-312 (Special committee on subsection 223(1 (Negatived) [-1: Voted against studying when a child becomes a human being in law (-1: some opposed reopening the question, not the quest] | 2012-09-24 SPEECH Petitions — Rights of the Unborn: ""Mr. Speaker, I am presenting a petition signed by Canadians across the country opposing the Conserva"" [activity, not direction] | 2012-09-21 SPEECH Petitions — Abortion: ""Petitions — Abortion"" [activity, not direction]",Independent,Quebec
Marie-Claude Morin (NDP) - Saint-Hyacinthe—Bagot [FORMER],,,,1,,,"a vote, 14 years ago","strong (recorded vote, human-confirmed reading)",3,,"VOTE NAY: 2012-09-26 Private Members' Business M-312 (Special committee on subsection 223(1 (Negatived) [-1: Voted against studying when a child becomes a human being in law (-1: some opposed reopening the question, not the quest] | 2012-09-26 SPEECH Petitions — Abortion: ""Petitions — Abortion"" [activity, not direction] | 2011-06-23 SPEECH Restoring Mail Delivery for Canadians Act: ""Let us remember all the proposals to improve employment insurance that the government rejected for n"" [activity, not direction]",NDP,Quebec
Matthew Dubé (NDP) - Beloeil—Chambly [FORMER],,,,1,,,"a vote, 14 years ago","strong (recorded vote, human-confirmed reading)",3,,"2016-10-19 NO RECORDED VOTE: 2nd reading of Bill C-225, An Act to amend the Criminal Code (injuring | VOTE NAY: 2012-09-26 Private Members' Business M-312 (Special committee on subsection 223(1 (Negatived) [-1: Voted against studying when a child becomes a human being in law (-1: some opposed reopening the question, not the quest] | 2012-09-26 SPEECH Petitions — Abortion: ""Petitions — Abortion"" [activity, not direction]",NDP,Quebec
Olivia Chow (NDP) - Trinity—Spadina [FORMER],,,,1,,,"a vote, 14 years ago","strong (recorded vote, human-confirmed reading)",3,,"2015-05-28 SPEECH Free Votes: ""What constitutes an issue of conscience differs from person to person in the House. What may be an a"" [activity, not direction] | VOTE NAY: 2012-09-26 Private Members' Business M-312 (Special committee on subsection 223(1 (Negatived) [-1: Voted against studying when a child becomes a human being in law (-1: some opposed reopening the question, not the quest] | 2010-05-31 SPEECH Committees of the House — Citizenship and Immigrat: ""Mr. Speaker, I could add to the elimination list, the elimination of the funding to Gay Pride Day. G"" [activity, not direction]",NDP,Ontario
Peggy Nash (NDP) - Parkdale—High Park [FORMER],,,,1,,,"a vote, 14 years ago","strong (recorded vote, human-confirmed reading)",3,,"2013-11-04 SPEECH The Conservative Party of Canada: ""Mr. Speaker, Conservatives showed us this weekend that they are more right-wing than ever. Conservat"" [activity, not direction] | VOTE NAY: 2012-09-26 Private Members' Business M-312 (Special committee on subsection 223(1 (Negatived) [-1: Voted against studying when a child becomes a human being in law (-1: some opposed reopening the question, not the quest] | 2012-09-18 SPEECH Petitions — Abortion: ""Petitions — Abortion"" [activity, not direction]",NDP,Ontario
Philip Toone (NDP) - Gaspésie—Îles-de-la-Madeleine [FORMER],,,,1,,,"a vote, 14 years ago","strong (recorded vote, human-confirmed reading)",3,,"VOTE NAY: 2012-09-26 Private Members' Business M-312 (Special committee on subsection 223(1 (Negatived) [-1: Voted against studying when a child becomes a human being in law (-1: some opposed reopening the question, not the quest] | 2012-05-14 SPEECH Iran: ""I would like to ask him a question about the right to abortion in Iran. In Iran, according to the la"" [activity, not direction] | 2012-02-10 SPEECH Pensions: ""Mr. Speaker, this week, the Conservatives were incredibly transparent with Canadians about the gover"" [activity, not direction]",NDP,Quebec
Pierre Jacob (NDP) - Brome—Missisquoi [FORMER],,,,1,,,"a vote, 14 years ago","strong (recorded vote, human-confirmed reading)",3,,"2013-02-15 SPEECH Employment Insurance: ""The Conservatives not only want to reopen the debate on abortion, they also want women to stay at ho"" [activity, not direction] | VOTE NAY: 2012-09-26 Private Members' Business M-312 (Special committee on subsection 223(1 (Negatived) [-1: Voted against studying when a child becomes a human being in law (-1: some opposed reopening the question, not the quest] | 2012-09-17 SPEECH Petitions — Abortion: ""Petitions — Abortion"" [activity, not direction]",NDP,Quebec
Robert Goguen (Conservative) - Moncton—Riverview—Dieppe [FORMER],,,,1,,,"a vote, 14 years ago","strong (recorded vote, human-confirmed reading)",3,,"2012-12-06 SPEECH Abortion: ""Abortion"" [activity, not direction] | 2012-12-06 SPEECH Abortion: ""Abortion"" [activity, not direction] | VOTE NAY: 2012-09-26 Private Members' Business M-312 (Special committee on subsection 223(1 (Negatived) [-1: Voted against studying when a child becomes a human being in law (-1: some opposed reopening the question, not the quest]",Conservative,New Brunswick
Rosane Doré Lefebvre (NDP) - Alfred-Pellan [FORMER],,,,1,,,"a vote, 14 years ago","strong (recorded vote, human-confirmed reading)",3,,"2013-02-01 SPEECH Abortion: ""Abortion"" [activity, not direction] | VOTE NAY: 2012-09-26 Private Members' Business M-312 (Special committee on subsection 223(1 (Negatived) [-1: Voted against studying when a child becomes a human being in law (-1: some opposed reopening the question, not the quest] | 2012-09-18 SPEECH Petitions — Abortion: ""Petitions — Abortion"" [activity, not direction]",NDP,Quebec
Sana Hassainia (NDP) - Verchères—Les Patriotes [FORMER],,,,1,,,"a vote, 14 years ago","strong (recorded vote, human-confirmed reading)",3,,"2013-01-30 SPEECH Abortion: ""Abortion"" [activity, not direction] | 2012-12-06 SPEECH Status of Women: ""Many were shocked to see the Minister for Status of Women vote in favour of reopening the abortion d"" [activity, not direction] | VOTE NAY: 2012-09-26 Private Members' Business M-312 (Special committee on subsection 223(1 (Negatived) [-1: Voted against studying when a child becomes a human being in law (-1: some opposed reopening the question, not the quest]",NDP,Quebec
Susan Truppe (Conservative) - London North Centre [FORMER],,,,1,,,"a vote, 14 years ago","strong (recorded vote, human-confirmed reading)",3,,"2013-02-01 SPEECH Abortion: ""Abortion"" [activity, not direction] | 2013-02-01 SPEECH Abortion: ""Abortion"" [activity, not direction] | VOTE NAY: 2012-09-26 Private Members' Business M-312 (Special committee on subsection 223(1 (Negatived) [-1: Voted against studying when a child becomes a human being in law (-1: some opposed reopening the question, not the quest]",Conservative,Ontario
Wayne Easter (Liberal) - Malpeque [FORMER],,,,1,,,"a vote, 14 years ago","strong (recorded vote, human-confirmed reading)",3,,"VOTE NAY: 2021-06-02 2nd reading of Bill C-233, An Act to amend the Criminal Code (sex-sele (Negatived) [no reading -- not placed] | 2016-10-19 NO RECORDED VOTE: 2nd reading of Bill C-225, An Act to amend the Criminal Code (injuring | VOTE NAY: 2012-09-26 Private Members' Business M-312 (Special committee on subsection 223(1 (Negatived) [-1: Voted against studying when a child becomes a human being in law (-1: some opposed reopening the question, not the quest]",Liberal,Prince Edward Island
Alain Giguère (NDP) - Marc-Aurèle-Fortin [FORMER],,,,1,,,"a vote, 14 years ago","strong (recorded vote, human-confirmed reading)",2,,"2013-04-23 SPEECH Combating Terrorism Act: ""This bill resurfaced under somewhat bizarre circumstances. The opposition was given a day during whi"" [activity, not direction] | VOTE NAY: 2012-09-26 Private Members' Business M-312 (Special committee on subsection 223(1 (Negatived) [-1: Voted against studying when a child becomes a human being in law (-1: some opposed reopening the question, not the quest]",NDP,Quebec
Andrew Saxton (Conservative) - North Vancouver [FORMER],,,,1,,,"a vote, 14 years ago","strong (recorded vote, human-confirmed reading)",2,,"VOTE NAY: 2012-09-26 Private Members' Business M-312 (Special committee on subsection 223(1 (Negatived) [-1: Voted against studying when a child becomes a human being in law (-1: some opposed reopening the question, not the quest] | 2010-03-23 SPEECH Business of Supply — Opposition Motion--Maternal a: ""Mr. Speaker, we will not be supporting the motion before the House. The motion is a transparent atte"" [activity, not direction]",Conservative,British Columbia
Bruce Hyer (Green Party) - Thunder Bay—Superior North [FORMER],,,,1,,,"a vote, 14 years ago","strong (recorded vote, human-confirmed reading)",2,,"2012-11-28 SPEECH Petitions — Abortion: ""Petitions — Abortion"" [activity, not direction] | VOTE NAY: 2012-09-26 Private Members' Business M-312 (Special committee on subsection 223(1 (Negatived) [-1: Voted against studying when a child becomes a human being in law (-1: some opposed reopening the question, not the quest]",Green Party,Ontario
Chris Charlton (NDP) - Hamilton Mountain [FORMER],,,,1,,,"a vote, 14 years ago","strong (recorded vote, human-confirmed reading)",2,,"VOTE NAY: 2012-09-26 Private Members' Business M-312 (Special committee on subsection 223(1 (Negatived) [-1: Voted against studying when a child becomes a human being in law (-1: some opposed reopening the question, not the quest] | 2012-02-13 SPEECH Petitions — Abortion: ""Petitions — Abortion"" [activity, not direction]",NDP,Ontario
Deepak Obhrai (Conservative) - Calgary Forest Lawn [FORMER],,,,1,,,"a vote, 14 years ago","strong (recorded vote, human-confirmed reading)",2,,"2016-10-19 NO RECORDED VOTE: 2nd reading of Bill C-225, An Act to amend the Criminal Code (injuring | VOTE NAY: 2012-09-26 Private Members' Business M-312 (Special committee on subsection 223(1 (Negatived) [-1: Voted against studying when a child becomes a human being in law (-1: some opposed reopening the question, not the quest]",Conservative,Alberta
Hoang Mai (NDP) - Brossard—La Prairie [FORMER],,,,1,,,"a vote, 14 years ago","strong (recorded vote, human-confirmed reading)",2,,"VOTE NAY: 2012-09-26 Private Members' Business M-312 (Special committee on subsection 223(1 (Negatived) [-1: Voted against studying when a child becomes a human being in law (-1: some opposed reopening the question, not the quest] | 2012-09-18 SPEECH Petitions — Abortion: ""Petitions — Abortion"" [activity, not direction]",NDP,Quebec
Isabelle Morin (NDP) - Notre-Dame-de-Grâce—Lachine [FORMER],,,,1,,,"a vote, 14 years ago","strong (recorded vote, human-confirmed reading)",2,,"VOTE NAY: 2012-09-26 Private Members' Business M-312 (Special committee on subsection 223(1 (Negatived) [-1: Voted against studying when a child becomes a human being in law (-1: some opposed reopening the question, not the quest] | 2012-06-20 SPEECH Status of Women: ""The height of contempt is Motion M-312, a motion that, in 2012, opens the abortion debate. Women hav"" [activity, not direction]",NDP,Quebec
Jay Aspin (Conservative) - Nipissing—Timiskaming [FORMER],,,,1,,,"a vote, 14 years ago","strong (recorded vote, human-confirmed reading)",2,,"VOTE NAY: 2012-09-26 Private Members' Business M-312 (Special committee on subsection 223(1 (Negatived) [-1: Voted against studying when a child becomes a human being in law (-1: some opposed reopening the question, not the quest] | 2012-09-17 SPEECH Petitions — Abortion: ""Petitions — Abortion"" [activity, not direction]",Conservative,Ontario
Jean Crowder (NDP) - Nanaimo—Cowichan [FORMER],,,,1,,,"a vote, 14 years ago","strong (recorded vote, human-confirmed reading)",2,,"VOTE NAY: 2012-09-26 Private Members' Business M-312 (Special committee on subsection 223(1 (Negatived) [-1: Voted against studying when a child becomes a human being in law (-1: some opposed reopening the question, not the quest] | 2010-11-01 SPEECH An Act to Prevent Coercion of Pregnant Women to Ab: ""Second, counsellors already screen for possible coercion in women seeking abortion. Clinics do not p"" [activity, not direction]",NDP,British Columbia
Joy Smith (Conservative) - Kildonan—St. Paul [FORMER],,,,1,,,"a vote, 14 years ago","strong (recorded vote, human-confirmed reading)",2,,"VOTE NAY: 2012-09-26 Private Members' Business M-312 (Special committee on subsection 223(1 (Negatived) [-1: Voted against studying when a child becomes a human being in law (-1: some opposed reopening the question, not the quest] | 2010-10-25 SPEECH Petitions — International Planned Parenthood Feder: ""It is said that the establishment has abortion as an international human right and that the Planned "" [activity, not direction]",Conservative,Manitoba
Lysane Blanchette-Lamothe (NDP) - Pierrefonds—Dollard [FORMER],,,,1,,,"a vote, 14 years ago","strong (recorded vote, human-confirmed reading)",2,,"VOTE NAY: 2012-09-26 Private Members' Business M-312 (Special committee on subsection 223(1 (Negatived) [-1: Voted against studying when a child becomes a human being in law (-1: some opposed reopening the question, not the quest] | 2012-04-27 SPEECH Pensions: ""Mr. Speaker, attacking women is a national sport for the Conservatives. Abortion, pay equity, organi"" [activity, not direction]",NDP,Quebec
Marc-André Morin (NDP) - Laurentides—Labelle [FORMER],,,,1,,,"a vote, 14 years ago","strong (recorded vote, human-confirmed reading)",2,,"2014-06-12 SPEECH Protection of Communities and Exploited Persons Ac: ""If it is truly urgent, I wonder why the bill is being introduced at the last minute, when we are abo"" [activity, not direction] | VOTE NAY: 2012-09-26 Private Members' Business M-312 (Special committee on subsection 223(1 (Negatived) [-1: Voted against studying when a child becomes a human being in law (-1: some opposed reopening the question, not the quest]",NDP,Quebec
Maria Mourani (Independent) - Ahuntsic [FORMER],,,,1,,,"a vote, 14 years ago","strong (recorded vote, human-confirmed reading)",2,,"VOTE NAY: 2012-09-26 Private Members' Business M-312 (Special committee on subsection 223(1 (Negatived) [-1: Voted against studying when a child becomes a human being in law (-1: some opposed reopening the question, not the quest] | 2012-02-06 SPEECH Justice: ""Is this government doing indirectly what it claims it does not wish to do directly, that is, reopen "" [activity, not direction]",Independent,Quebec
Mark Eyking (Liberal) - Sydney—Victoria [FORMER],,,,1,,,"a vote, 14 years ago","strong (recorded vote, human-confirmed reading)",2,,"2016-10-19 NO RECORDED VOTE: 2nd reading of Bill C-225, An Act to amend the Criminal Code (injuring | VOTE NAY: 2012-09-26 Private Members' Business M-312 (Special committee on subsection 223(1 (Negatived) [-1: Voted against studying when a child becomes a human being in law (-1: some opposed reopening the question, not the quest]",Liberal,Nova Scotia
Massimo Pacetti (Liberal) - Saint-Léonard—Saint-Michel [FORMER],,,,1,,,"a vote, 14 years ago","strong (recorded vote, human-confirmed reading)",2,,"VOTE NAY: 2012-09-26 Private Members' Business M-312 (Special committee on subsection 223(1 (Negatived) [-1: Voted against studying when a child becomes a human being in law (-1: some opposed reopening the question, not the quest] | 2012-09-21 SPEECH Special Committee on Subsection 223(1) of the Crim: ""The Liberal Party does not support reopening the abortion debate, in any way."" [activity, not direction]",Liberal,Quebec
Maxime Bernier (Conservative) - Beauce [FORMER],,,,1,,,"a vote, 14 years ago","strong (recorded vote, human-confirmed reading)",2,,"2016-10-19 NO RECORDED VOTE: 2nd reading of Bill C-225, An Act to amend the Criminal Code (injuring | VOTE NAY: 2012-09-26 Private Members' Business M-312 (Special committee on subsection 223(1 (Negatived) [-1: Voted against studying when a child becomes a human being in law (-1: some opposed reopening the question, not the quest]",Conservative,Quebec
Paulina Ayala (NDP) - Honoré-Mercier [FORMER],,,,1,,,"a vote, 14 years ago","strong (recorded vote, human-confirmed reading)",2,,"2014-04-09 SPEECH Abortion: ""Abortion"" [activity, not direction] | VOTE NAY: 2012-09-26 Private Members' Business M-312 (Special committee on subsection 223(1 (Negatived) [-1: Voted against studying when a child becomes a human being in law (-1: some opposed reopening the question, not the quest]",NDP,Quebec
Peter Braid (Conservative) - Kitchener—Waterloo [FORMER],,,,1,,,"a vote, 14 years ago","strong (recorded vote, human-confirmed reading)",2,,"VOTE NAY: 2012-09-26 Private Members' Business M-312 (Special committee on subsection 223(1 (Negatived) [-1: Voted against studying when a child becomes a human being in law (-1: some opposed reopening the question, not the quest] | 2012-04-05 SPEECH Petitions — Abortion: ""Petitions — Abortion"" [activity, not direction]",Conservative,Ontario
Pierre-Luc Dusseault (NDP) - Sherbrooke [FORMER],,,,1,,,"a vote, 14 years ago","strong (recorded vote, human-confirmed reading)",2,,"2016-10-19 NO RECORDED VOTE: 2nd reading of Bill C-225, An Act to amend the Criminal Code (injuring | VOTE NAY: 2012-09-26 Private Members' Business M-312 (Special committee on subsection 223(1 (Negatived) [-1: Voted against studying when a child becomes a human being in law (-1: some opposed reopening the question, not the quest]",NDP,Quebec
Rick Dykstra (Conservative) - St. Catharines [FORMER],,,,1,,,"a vote, 14 years ago","strong (recorded vote, human-confirmed reading)",2,,"VOTE NAY: 2012-09-26 Private Members' Business M-312 (Special committee on subsection 223(1 (Negatived) [-1: Voted against studying when a child becomes a human being in law (-1: some opposed reopening the question, not the quest] | 2010-03-23 SPEECH Business of Supply — Opposition Motion—Maternal an: ""This motion is an extremely transparent attempt simply to reopen the abortion debate which we have c"" [activity, not direction]",Conservative,Ontario
Réjean Genest (NDP) - Shefford [FORMER],,,,1,,,"a vote, 14 years ago","strong (recorded vote, human-confirmed reading)",2,,"2012-10-05 SPEECH Homosexuality: ""Mr. Speaker, after trying to reopen the abortion debate, a Conservative member is doing it again. He"" [activity, not direction] | VOTE NAY: 2012-09-26 Private Members' Business M-312 (Special committee on subsection 223(1 (Negatived) [-1: Voted against studying when a child becomes a human being in law (-1: some opposed reopening the question, not the quest]",NDP,Quebec
Sadia Groguhé (NDP) - Saint-Lambert [FORMER],,,,1,,,"a vote, 14 years ago","strong (recorded vote, human-confirmed reading)",2,,"VOTE NAY: 2012-09-26 Private Members' Business M-312 (Special committee on subsection 223(1 (Negatived) [-1: Voted against studying when a child becomes a human being in law (-1: some opposed reopening the question, not the quest] | 2012-09-21 SPEECH Petitions — Abortion: ""Petitions — Abortion"" [activity, not direction]",NDP,Quebec
Sylvain Chicoine (NDP) - Châteauguay—Saint-Constant [FORMER],,,,1,,,"a vote, 14 years ago","strong (recorded vote, human-confirmed reading)",2,,"VOTE NAY: 2012-09-26 Private Members' Business M-312 (Special committee on subsection 223(1 (Negatived) [-1: Voted against studying when a child becomes a human being in law (-1: some opposed reopening the question, not the quest] | 2012-09-21 SPEECH Special Committee on Subsection 223(1) of the Crim: ""In 2004, the then leader of the opposition, who is now the Prime Minister, said that the first Conse"" [activity, not direction]",NDP,Quebec
Tony Clement (Conservative) - Parry Sound—Muskoka [FORMER],,,,1,,,"a vote, 14 years ago","strong (recorded vote, human-confirmed reading)",2,,"2016-10-19 NO RECORDED VOTE: 2nd reading of Bill C-225, An Act to amend the Criminal Code (injuring | VOTE NAY: 2012-09-26 Private Members' Business M-312 (Special committee on subsection 223(1 (Negatived) [-1: Voted against studying when a child becomes a human being in law (-1: some opposed reopening the question, not the quest]",Conservative,Ontario
Wai Young (Conservative) - Vancouver South [FORMER],,,,1,,,"a vote, 14 years ago","strong (recorded vote, human-confirmed reading)",2,,"2015-06-11 SPEECH Petitions — Sex Selection: ""Mr. Speaker, I am pleased to present two petitions today from a number of British Columbians. The pe"" [activity, not direction] | VOTE NAY: 2012-09-26 Private Members' Business M-312 (Special committee on subsection 223(1 (Negatived) [-1: Voted against studying when a child becomes a human being in law (-1: some opposed reopening the question, not the quest]",Conservative,British Columbia
Andrew Cash (NDP) - Davenport [FORMER],,,,1,,,"a vote, 14 years ago","strong (recorded vote, human-confirmed reading)",1,,"VOTE NAY: 2012-09-26 Private Members' Business M-312 (Special committee on subsection 223(1 (Negatived) [-1: Voted against studying when a child becomes a human being in law (-1: some opposed reopening the question, not the quest]",NDP,Ontario
Bal Gosal (Conservative) - Bramalea—Gore—Malton [FORMER],,,,1,,,"a vote, 14 years ago","strong (recorded vote, human-confirmed reading)",1,,"VOTE NAY: 2012-09-26 Private Members' Business M-312 (Special committee on subsection 223(1 (Negatived) [-1: Voted against studying when a child becomes a human being in law (-1: some opposed reopening the question, not the quest]",Conservative,Ontario
Bernard Trottier (Conservative) - Etobicoke—Lakeshore [FORMER],,,,1,,,"a vote, 14 years ago","strong (recorded vote, human-confirmed reading)",1,,"VOTE NAY: 2012-09-26 Private Members' Business M-312 (Special committee on subsection 223(1 (Negatived) [-1: Voted against studying when a child becomes a human being in law (-1: some opposed reopening the question, not the quest]",Conservative,Ontario
Bernard Valcourt (Conservative) - Madawaska—Restigouche [FORMER],,,,1,,,"a vote, 14 years ago","strong (recorded vote, human-confirmed reading)",1,,"VOTE NAY: 2012-09-26 Private Members' Business M-312 (Special committee on subsection 223(1 (Negatived) [-1: Voted against studying when a child becomes a human being in law (-1: some opposed reopening the question, not the quest]",Conservative,New Brunswick
Bob Dechert (Conservative) - Mississauga—Erindale [FORMER],,,,1,,,"a vote, 14 years ago","strong (recorded vote, human-confirmed reading)",1,,"VOTE NAY: 2012-09-26 Private Members' Business M-312 (Special committee on subsection 223(1 (Negatived) [-1: Voted against studying when a child becomes a human being in law (-1: some opposed reopening the question, not the quest]",Conservative,Ontario
Bob Rae (Liberal) - Toronto Centre [FORMER],,,,1,,,"a vote, 14 years ago","strong (recorded vote, human-confirmed reading)",1,,"VOTE NAY: 2012-09-26 Private Members' Business M-312 (Special committee on subsection 223(1 (Negatived) [-1: Voted against studying when a child becomes a human being in law (-1: some opposed reopening the question, not the quest]",Liberal,Ontario
Brad Butt (Conservative) - Mississauga—Streetsville [FORMER],,,,1,,,"a vote, 14 years ago","strong (recorded vote, human-confirmed reading)",1,,"VOTE NAY: 2012-09-26 Private Members' Business M-312 (Special committee on subsection 223(1 (Negatived) [-1: Voted against studying when a child becomes a human being in law (-1: some opposed reopening the question, not the quest]",Conservative,Ontario
Chris Alexander (Conservative) - Ajax—Pickering [FORMER],,,,1,,,"a vote, 14 years ago","strong (recorded vote, human-confirmed reading)",1,,"VOTE NAY: 2012-09-26 Private Members' Business M-312 (Special committee on subsection 223(1 (Negatived) [-1: Voted against studying when a child becomes a human being in law (-1: some opposed reopening the question, not the quest]",Conservative,Ontario
Christian Paradis (Conservative) - Mégantic—L'Érable [FORMER],,,,1,,,"a vote, 14 years ago","strong (recorded vote, human-confirmed reading)",1,,"VOTE NAY: 2012-09-26 Private Members' Business M-312 (Special committee on subsection 223(1 (Negatived) [-1: Voted against studying when a child becomes a human being in law (-1: some opposed reopening the question, not the quest]",Conservative,Quebec
Chungsen Leung (Conservative) - Willowdale [FORMER],,,,1,,,"a vote, 14 years ago","strong (recorded vote, human-confirmed reading)",1,,"VOTE NAY: 2012-09-26 Private Members' Business M-312 (Special committee on subsection 223(1 (Negatived) [-1: Voted against studying when a child becomes a human being in law (-1: some opposed reopening the question, not the quest]",Conservative,Ontario
Claude Gravelle (NDP) - Nickel Belt [FORMER],,,,1,,,"a vote, 14 years ago","strong (recorded vote, human-confirmed reading)",1,,"VOTE NAY: 2012-09-26 Private Members' Business M-312 (Special committee on subsection 223(1 (Negatived) [-1: Voted against studying when a child becomes a human being in law (-1: some opposed reopening the question, not the quest]",NDP,Ontario
Claude Patry (Bloc Québécois) - Jonquière—Alma [FORMER],,,,1,,,"a vote, 14 years ago","strong (recorded vote, human-confirmed reading)",1,,"VOTE NAY: 2012-09-26 Private Members' Business M-312 (Special committee on subsection 223(1 (Negatived) [-1: Voted against studying when a child becomes a human being in law (-1: some opposed reopening the question, not the quest]",Bloc Québécois,Quebec
Corneliu Chisu (Conservative) - Pickering—Scarborough East [FORMER],,,,1,,,"a vote, 14 years ago","strong (recorded vote, human-confirmed reading)",1,,"VOTE NAY: 2012-09-26 Private Members' Business M-312 (Special committee on subsection 223(1 (Negatived) [-1: Voted against studying when a child becomes a human being in law (-1: some opposed reopening the question, not the quest]",Conservative,Ontario
Craig Scott (NDP) - Toronto—Danforth [FORMER],,,,1,,,"a vote, 14 years ago","strong (recorded vote, human-confirmed reading)",1,,"VOTE NAY: 2012-09-26 Private Members' Business M-312 (Special committee on subsection 223(1 (Negatived) [-1: Voted against studying when a child becomes a human being in law (-1: some opposed reopening the question, not the quest]",NDP,Ontario
Dan Harris (NDP) - Scarborough Southwest [FORMER],,,,1,,,"a vote, 14 years ago","strong (recorded vote, human-confirmed reading)",1,,"VOTE NAY: 2012-09-26 Private Members' Business M-312 (Special committee on subsection 223(1 (Negatived) [-1: Voted against studying when a child becomes a human being in law (-1: some opposed reopening the question, not the quest]",NDP,Ontario
Dany Morin (NDP) - Chicoutimi—Le Fjord [FORMER],,,,1,,,"a vote, 14 years ago","strong (recorded vote, human-confirmed reading)",1,,"VOTE NAY: 2012-09-26 Private Members' Business M-312 (Special committee on subsection 223(1 (Negatived) [-1: Voted against studying when a child becomes a human being in law (-1: some opposed reopening the question, not the quest]",NDP,Quebec
Daryl Kramp (Conservative) - Prince Edward—Hastings [FORMER],,,,1,,,"a vote, 14 years ago","strong (recorded vote, human-confirmed reading)",1,,"VOTE NAY: 2012-09-26 Private Members' Business M-312 (Special committee on subsection 223(1 (Negatived) [-1: Voted against studying when a child becomes a human being in law (-1: some opposed reopening the question, not the quest]",Conservative,Ontario
Denis Blanchette (NDP) - Louis-Hébert [FORMER],,,,1,,,"a vote, 14 years ago","strong (recorded vote, human-confirmed reading)",1,,"VOTE NAY: 2012-09-26 Private Members' Business M-312 (Special committee on subsection 223(1 (Negatived) [-1: Voted against studying when a child becomes a human being in law (-1: some opposed reopening the question, not the quest]",NDP,Quebec
Dennis Bevington (NDP) - Northwest Territories [FORMER],,,,1,,,"a vote, 14 years ago","strong (recorded vote, human-confirmed reading)",1,,"VOTE NAY: 2012-09-26 Private Members' Business M-312 (Special committee on subsection 223(1 (Negatived) [-1: Voted against studying when a child becomes a human being in law (-1: some opposed reopening the question, not the quest]",NDP,Northwest Territories
Devinder Shory (Conservative) - Calgary Northeast [FORMER],,,,1,,,"a vote, 14 years ago","strong (recorded vote, human-confirmed reading)",1,,"VOTE NAY: 2012-09-26 Private Members' Business M-312 (Special committee on subsection 223(1 (Negatived) [-1: Voted against studying when a child becomes a human being in law (-1: some opposed reopening the question, not the quest]",Conservative,Alberta
Ed Holder (Conservative) - London West [FORMER],,,,1,,,"a vote, 14 years ago","strong (recorded vote, human-confirmed reading)",1,,"VOTE NAY: 2012-09-26 Private Members' Business M-312 (Special committee on subsection 223(1 (Negatived) [-1: Voted against studying when a child becomes a human being in law (-1: some opposed reopening the question, not the quest]",Conservative,Ontario
Eve Adams (Conservative) - Mississauga—Brampton South [FORMER],,,,1,,,"a vote, 14 years ago","strong (recorded vote, human-confirmed reading)",1,,"VOTE NAY: 2012-09-26 Private Members' Business M-312 (Special committee on subsection 223(1 (Negatived) [-1: Voted against studying when a child becomes a human being in law (-1: some opposed reopening the question, not the quest]",Conservative,Ontario
Francine Raynault (NDP) - Joliette [FORMER],,,,1,,,"a vote, 14 years ago","strong (recorded vote, human-confirmed reading)",1,,"VOTE NAY: 2012-09-26 Private Members' Business M-312 (Special committee on subsection 223(1 (Negatived) [-1: Voted against studying when a child becomes a human being in law (-1: some opposed reopening the question, not the quest]",NDP,Quebec
Frank Valeriote (Liberal) - Guelph [FORMER],,,,1,,,"a vote, 14 years ago","strong (recorded vote, human-confirmed reading)",1,,"VOTE NAY: 2012-09-26 Private Members' Business M-312 (Special committee on subsection 223(1 (Negatived) [-1: Voted against studying when a child becomes a human being in law (-1: some opposed reopening the question, not the quest]",Liberal,Ontario
François Lapointe (NDP) - Montmagny—L'Islet—Kamouraska—Rivière-du-Loup [FORMER],,,,1,,,"a vote, 14 years ago","strong (recorded vote, human-confirmed reading)",1,,"VOTE NAY: 2012-09-26 Private Members' Business M-312 (Special committee on subsection 223(1 (Negatived) [-1: Voted against studying when a child becomes a human being in law (-1: some opposed reopening the question, not the quest]",NDP,Quebec
François Pilon (NDP) - Laval—Les Îles [FORMER],,,,1,,,"a vote, 14 years ago","strong (recorded vote, human-confirmed reading)",1,,"VOTE NAY: 2012-09-26 Private Members' Business M-312 (Special committee on subsection 223(1 (Negatived) [-1: Voted against studying when a child becomes a human being in law (-1: some opposed reopening the question, not the quest]",NDP,Quebec
Gary Goodyear (Conservative) - Cambridge [FORMER],,,,1,,,"a vote, 14 years ago","strong (recorded vote, human-confirmed reading)",1,,"VOTE NAY: 2012-09-26 Private Members' Business M-312 (Special committee on subsection 223(1 (Negatived) [-1: Voted against studying when a child becomes a human being in law (-1: some opposed reopening the question, not the quest]",Conservative,Ontario
Gerald Keddy (Conservative) - South Shore—St. Margaret's [FORMER],,,,1,,,"a vote, 14 years ago","strong (recorded vote, human-confirmed reading)",1,,"VOTE NAY: 2012-09-26 Private Members' Business M-312 (Special committee on subsection 223(1 (Negatived) [-1: Voted against studying when a child becomes a human being in law (-1: some opposed reopening the question, not the quest]",Conservative,Nova Scotia
Gerry Byrne (Liberal) - Humber—St. Barbe—Baie Verte [FORMER],,,,1,,,"a vote, 14 years ago","strong (recorded vote, human-confirmed reading)",1,,"VOTE NAY: 2012-09-26 Private Members' Business M-312 (Special committee on subsection 223(1 (Negatived) [-1: Voted against studying when a child becomes a human being in law (-1: some opposed reopening the question, not the quest]",Liberal,Newfoundland and Labrador
Glenn Thibeault (NDP) - Sudbury [FORMER],,,,1,,,"a vote, 14 years ago","strong (recorded vote, human-confirmed reading)",1,,"VOTE NAY: 2012-09-26 Private Members' Business M-312 (Special committee on subsection 223(1 (Negatived) [-1: Voted against studying when a child becomes a human being in law (-1: some opposed reopening the question, not the quest]",NDP,Ontario
Greg Kerr (Conservative) - West Nova [FORMER],,,,1,,,"a vote, 14 years ago","strong (recorded vote, human-confirmed reading)",1,,"VOTE NAY: 2012-09-26 Private Members' Business M-312 (Special committee on subsection 223(1 (Negatived) [-1: Voted against studying when a child becomes a human being in law (-1: some opposed reopening the question, not the quest]",Conservative,Nova Scotia
Greg Rickford (Conservative) - Kenora [FORMER],,,,1,,,"a vote, 14 years ago","strong (recorded vote, human-confirmed reading)",1,,"VOTE NAY: 2012-09-26 Private Members' Business M-312 (Special committee on subsection 223(1 (Negatived) [-1: Voted against studying when a child becomes a human being in law (-1: some opposed reopening the question, not the quest]",Conservative,Ontario
Hélène LeBlanc (NDP) - LaSalle—Émard [FORMER],,,,1,,,"a vote, 14 years ago","strong (recorded vote, human-confirmed reading)",1,,"VOTE NAY: 2012-09-26 Private Members' Business M-312 (Special committee on subsection 223(1 (Negatived) [-1: Voted against studying when a child becomes a human being in law (-1: some opposed reopening the question, not the quest]",NDP,Quebec
James Moore (Conservative) - Port Moody—Westwood—Port Coquitlam [FORMER],,,,1,,,"a vote, 14 years ago","strong (recorded vote, human-confirmed reading)",1,,"VOTE NAY: 2012-09-26 Private Members' Business M-312 (Special committee on subsection 223(1 (Negatived) [-1: Voted against studying when a child becomes a human being in law (-1: some opposed reopening the question, not the quest]",Conservative,British Columbia
Jamie Nicholls (NDP) - Vaudreuil-Soulanges [FORMER],,,,1,,,"a vote, 14 years ago","strong (recorded vote, human-confirmed reading)",1,,"VOTE NAY: 2012-09-26 Private Members' Business M-312 (Special committee on subsection 223(1 (Negatived) [-1: Voted against studying when a child becomes a human being in law (-1: some opposed reopening the question, not the quest]",NDP,Quebec
Jasbir Sandhu (NDP) - Surrey North [FORMER],,,,1,,,"a vote, 14 years ago","strong (recorded vote, human-confirmed reading)",1,,"VOTE NAY: 2012-09-26 Private Members' Business M-312 (Special committee on subsection 223(1 (Negatived) [-1: Voted against studying when a child becomes a human being in law (-1: some opposed reopening the question, not the quest]",NDP,British Columbia
Jean Rousseau (NDP) - Compton—Stanstead [FORMER],,,,1,,,"a vote, 14 years ago","strong (recorded vote, human-confirmed reading)",1,,"VOTE NAY: 2012-09-26 Private Members' Business M-312 (Special committee on subsection 223(1 (Negatived) [-1: Voted against studying when a child becomes a human being in law (-1: some opposed reopening the question, not the quest]",NDP,Quebec
Jean-François Larose (NDP) - Repentigny [FORMER],,,,1,,,"a vote, 14 years ago","strong (recorded vote, human-confirmed reading)",1,,"VOTE NAY: 2012-09-26 Private Members' Business M-312 (Special committee on subsection 223(1 (Negatived) [-1: Voted against studying when a child becomes a human being in law (-1: some opposed reopening the question, not the quest]",NDP,Quebec
Jim Flaherty (Conservative) - Whitby—Oshawa [FORMER],,,,1,,,"a vote, 14 years ago","strong (recorded vote, human-confirmed reading)",1,,"VOTE NAY: 2012-09-26 Private Members' Business M-312 (Special committee on subsection 223(1 (Negatived) [-1: Voted against studying when a child becomes a human being in law (-1: some opposed reopening the question, not the quest]",Conservative,Ontario
Joe Comartin (NDP) - Windsor—Tecumseh [FORMER],,,,1,,,"a vote, 14 years ago","strong (recorded vote, human-confirmed reading)",1,,"VOTE NAY: 2012-09-26 Private Members' Business M-312 (Special committee on subsection 223(1 (Negatived) [-1: Voted against studying when a child becomes a human being in law (-1: some opposed reopening the question, not the quest]",NDP,Ontario
Joe Daniel (Conservative) - Don Valley East [FORMER],,,,1,,,"a vote, 14 years ago","strong (recorded vote, human-confirmed reading)",1,,"VOTE NAY: 2012-09-26 Private Members' Business M-312 (Special committee on subsection 223(1 (Negatived) [-1: Voted against studying when a child becomes a human being in law (-1: some opposed reopening the question, not the quest]",Conservative,Ontario
Joe Preston (Conservative) - Elgin—Middlesex—London [FORMER],,,,1,,,"a vote, 14 years ago","strong (recorded vote, human-confirmed reading)",1,,"VOTE NAY: 2012-09-26 Private Members' Business M-312 (Special committee on subsection 223(1 (Negatived) [-1: Voted against studying when a child becomes a human being in law (-1: some opposed reopening the question, not the quest]",Conservative,Ontario
John Carmichael (Conservative) - Don Valley West [FORMER],,,,1,,,"a vote, 14 years ago","strong (recorded vote, human-confirmed reading)",1,,"VOTE NAY: 2012-09-26 Private Members' Business M-312 (Special committee on subsection 223(1 (Negatived) [-1: Voted against studying when a child becomes a human being in law (-1: some opposed reopening the question, not the quest]",Conservative,Ontario
John Duncan (Conservative) - Vancouver Island North [FORMER],,,,1,,,"a vote, 14 years ago","strong (recorded vote, human-confirmed reading)",1,,"VOTE NAY: 2012-09-26 Private Members' Business M-312 (Special committee on subsection 223(1 (Negatived) [-1: Voted against studying when a child becomes a human being in law (-1: some opposed reopening the question, not the quest]",Conservative,British Columbia
Jonathan Genest-Jourdain (NDP) - Manicouagan [FORMER],,,,1,,,"a vote, 14 years ago","strong (recorded vote, human-confirmed reading)",1,,"VOTE NAY: 2012-09-26 Private Members' Business M-312 (Special committee on subsection 223(1 (Negatived) [-1: Voted against studying when a child becomes a human being in law (-1: some opposed reopening the question, not the quest]",NDP,Quebec
Jonathan Tremblay (NDP) - Montmorency—Charlevoix—Haute-Côte-Nord [FORMER],,,,1,,,"a vote, 14 years ago","strong (recorded vote, human-confirmed reading)",1,,"VOTE NAY: 2012-09-26 Private Members' Business M-312 (Special committee on subsection 223(1 (Negatived) [-1: Voted against studying when a child becomes a human being in law (-1: some opposed reopening the question, not the quest]",NDP,Quebec
José Nunez-Melo (NDP) - Laval [FORMER],,,,1,,,"a vote, 14 years ago","strong (recorded vote, human-confirmed reading)",1,,"VOTE NAY: 2012-09-26 Private Members' Business M-312 (Special committee on subsection 223(1 (Negatived) [-1: Voted against studying when a child becomes a human being in law (-1: some opposed reopening the question, not the quest]",NDP,Quebec
Joyce Bateman (Conservative) - Winnipeg South Centre [FORMER],,,,1,,,"a vote, 14 years ago","strong (recorded vote, human-confirmed reading)",1,,"VOTE NAY: 2012-09-26 Private Members' Business M-312 (Special committee on subsection 223(1 (Negatived) [-1: Voted against studying when a child becomes a human being in law (-1: some opposed reopening the question, not the quest]",Conservative,Manitoba
Keith Ashfield (Conservative) - Fredericton [FORMER],,,,1,,,"a vote, 14 years ago","strong (recorded vote, human-confirmed reading)",1,,"VOTE NAY: 2012-09-26 Private Members' Business M-312 (Special committee on subsection 223(1 (Negatived) [-1: Voted against studying when a child becomes a human being in law (-1: some opposed reopening the question, not the quest]",Conservative,New Brunswick
Leona Aglukkaq (Conservative) - Nunavut [FORMER],,,,1,,,"a vote, 14 years ago","strong (recorded vote, human-confirmed reading)",1,,"VOTE NAY: 2012-09-26 Private Members' Business M-312 (Special committee on subsection 223(1 (Negatived) [-1: Voted against studying when a child becomes a human being in law (-1: some opposed reopening the question, not the quest]",Conservative,Nunavut
Lise St-Denis (Liberal) - Saint-Maurice—Champlain [FORMER],,,,1,,,"a vote, 14 years ago","strong (recorded vote, human-confirmed reading)",1,,"VOTE NAY: 2012-09-26 Private Members' Business M-312 (Special committee on subsection 223(1 (Negatived) [-1: Voted against studying when a child becomes a human being in law (-1: some opposed reopening the question, not the quest]",Liberal,Quebec
Lynne Yelich (Conservative) - Blackstrap [FORMER],,,,1,,,"a vote, 14 years ago","strong (recorded vote, human-confirmed reading)",1,,"VOTE NAY: 2012-09-26 Private Members' Business M-312 (Special committee on subsection 223(1 (Negatived) [-1: Voted against studying when a child becomes a human being in law (-1: some opposed reopening the question, not the quest]",Conservative,Saskatchewan
Malcolm Allen (NDP) - Welland [FORMER],,,,1,,,"a vote, 14 years ago","strong (recorded vote, human-confirmed reading)",1,,"VOTE NAY: 2012-09-26 Private Members' Business M-312 (Special committee on subsection 223(1 (Negatived) [-1: Voted against studying when a child becomes a human being in law (-1: some opposed reopening the question, not the quest]",NDP,Ontario
Mark Adler (Conservative) - York Centre [FORMER],,,,1,,,"a vote, 14 years ago","strong (recorded vote, human-confirmed reading)",1,,"VOTE NAY: 2012-09-26 Private Members' Business M-312 (Special committee on subsection 223(1 (Negatived) [-1: Voted against studying when a child becomes a human being in law (-1: some opposed reopening the question, not the quest]",Conservative,Ontario
Mathieu Ravignat (NDP) - Pontiac [FORMER],,,,1,,,"a vote, 14 years ago","strong (recorded vote, human-confirmed reading)",1,,"VOTE NAY: 2012-09-26 Private Members' Business M-312 (Special committee on subsection 223(1 (Negatived) [-1: Voted against studying when a child becomes a human being in law (-1: some opposed reopening the question, not the quest]",NDP,Quebec
Matthew Kellway (NDP) - Beaches—East York [FORMER],,,,1,,,"a vote, 14 years ago","strong (recorded vote, human-confirmed reading)",1,,"VOTE NAY: 2012-09-26 Private Members' Business M-312 (Special committee on subsection 223(1 (Negatived) [-1: Voted against studying when a child becomes a human being in law (-1: some opposed reopening the question, not the quest]",NDP,Ontario
Mauril Bélanger (Liberal) - Ottawa—Vanier [FORMER],,,,1,,,"a vote, 14 years ago","strong (recorded vote, human-confirmed reading)",1,,"VOTE NAY: 2012-09-26 Private Members' Business M-312 (Special committee on subsection 223(1 (Negatived) [-1: Voted against studying when a child becomes a human being in law (-1: some opposed reopening the question, not the quest]",Liberal,Ontario
Mike Sullivan (NDP) - York South—Weston [FORMER],,,,1,,,"a vote, 14 years ago","strong (recorded vote, human-confirmed reading)",1,,"VOTE NAY: 2012-09-26 Private Members' Business M-312 (Special committee on subsection 223(1 (Negatived) [-1: Voted against studying when a child becomes a human being in law (-1: some opposed reopening the question, not the quest]",NDP,Ontario
Parm Gill (Conservative) - Brampton—Springdale [FORMER],,,,1,,,"a vote, 14 years ago","strong (recorded vote, human-confirmed reading)",1,,"VOTE NAY: 2012-09-26 Private Members' Business M-312 (Special committee on subsection 223(1 (Negatived) [-1: Voted against studying when a child becomes a human being in law (-1: some opposed reopening the question, not the quest]",Conservative,Ontario
Pat Martin (NDP) - Winnipeg Centre [FORMER],,,,1,,,"a vote, 14 years ago","strong (recorded vote, human-confirmed reading)",1,,"VOTE NAY: 2012-09-26 Private Members' Business M-312 (Special committee on subsection 223(1 (Negatived) [-1: Voted against studying when a child becomes a human being in law (-1: some opposed reopening the question, not the quest]",NDP,Manitoba
Paul Calandra (Conservative) - Oak Ridges—Markham [FORMER],,,,1,,,"a vote, 14 years ago","strong (recorded vote, human-confirmed reading)",1,,"VOTE NAY: 2012-09-26 Private Members' Business M-312 (Special committee on subsection 223(1 (Negatived) [-1: Voted against studying when a child becomes a human being in law (-1: some opposed reopening the question, not the quest]",Conservative,Ontario
Peter MacKay (Conservative) - Central Nova [FORMER],,,,1,,,"a vote, 14 years ago","strong (recorded vote, human-confirmed reading)",1,,"VOTE NAY: 2012-09-26 Private Members' Business M-312 (Special committee on subsection 223(1 (Negatived) [-1: Voted against studying when a child becomes a human being in law (-1: some opposed reopening the question, not the quest]",Conservative,Nova Scotia
Peter Stoffer (NDP) - Sackville—Eastern Shore [FORMER],,,,1,,,"a vote, 14 years ago","strong (recorded vote, human-confirmed reading)",1,,"VOTE NAY: 2012-09-26 Private Members' Business M-312 (Special committee on subsection 223(1 (Negatived) [-1: Voted against studying when a child becomes a human being in law (-1: some opposed reopening the question, not the quest]",NDP,Nova Scotia
Pierre Dionne Labelle (NDP) - Rivière-du-Nord [FORMER],,,,1,,,"a vote, 14 years ago","strong (recorded vote, human-confirmed reading)",1,,"VOTE NAY: 2012-09-26 Private Members' Business M-312 (Special committee on subsection 223(1 (Negatived) [-1: Voted against studying when a child becomes a human being in law (-1: some opposed reopening the question, not the quest]",NDP,Quebec
Raymond Côté (NDP) - Beauport—Limoilou [FORMER],,,,1,,,"a vote, 14 years ago","strong (recorded vote, human-confirmed reading)",1,,"VOTE NAY: 2012-09-26 Private Members' Business M-312 (Special committee on subsection 223(1 (Negatived) [-1: Voted against studying when a child becomes a human being in law (-1: some opposed reopening the question, not the quest]",NDP,Quebec
Robert Chisholm (NDP) - Dartmouth—Cole Harbour [FORMER],,,,1,,,"a vote, 14 years ago","strong (recorded vote, human-confirmed reading)",1,,"VOTE NAY: 2012-09-26 Private Members' Business M-312 (Special committee on subsection 223(1 (Negatived) [-1: Voted against studying when a child becomes a human being in law (-1: some opposed reopening the question, not the quest]",NDP,Nova Scotia
Ryan Cleary (NDP) - St. John's South—Mount Pearl [FORMER],,,,1,,,"a vote, 14 years ago","strong (recorded vote, human-confirmed reading)",1,,"VOTE NAY: 2012-09-26 Private Members' Business M-312 (Special committee on subsection 223(1 (Negatived) [-1: Voted against studying when a child becomes a human being in law (-1: some opposed reopening the question, not the quest]",NDP,Newfoundland and Labrador
Ryan Leef (Conservative) - Yukon [FORMER],,,,1,,,"a vote, 14 years ago","strong (recorded vote, human-confirmed reading)",1,,"VOTE NAY: 2012-09-26 Private Members' Business M-312 (Special committee on subsection 223(1 (Negatived) [-1: Voted against studying when a child becomes a human being in law (-1: some opposed reopening the question, not the quest]",Conservative,Yukon
Scott Andrews (Liberal) - Avalon [FORMER],,,,1,,,"a vote, 14 years ago","strong (recorded vote, human-confirmed reading)",1,,"VOTE NAY: 2012-09-26 Private Members' Business M-312 (Special committee on subsection 223(1 (Negatived) [-1: Voted against studying when a child becomes a human being in law (-1: some opposed reopening the question, not the quest]",Liberal,Newfoundland and Labrador
Scott Armstrong (Conservative) - Cumberland—Colchester—Musquodoboit Valley [FORMER],,,,1,,,"a vote, 14 years ago","strong (recorded vote, human-confirmed reading)",1,,"VOTE NAY: 2012-09-26 Private Members' Business M-312 (Special committee on subsection 223(1 (Negatived) [-1: Voted against studying when a child becomes a human being in law (-1: some opposed reopening the question, not the quest]",Conservative,Nova Scotia
Shelly Glover (Conservative) - Saint Boniface [FORMER],,,,1,,,"a vote, 14 years ago","strong (recorded vote, human-confirmed reading)",1,,"VOTE NAY: 2012-09-26 Private Members' Business M-312 (Special committee on subsection 223(1 (Negatived) [-1: Voted against studying when a child becomes a human being in law (-1: some opposed reopening the question, not the quest]",Conservative,Manitoba
Steven Fletcher (Conservative) - Charleswood—St. James—Assiniboia [FORMER],,,,1,,,"a vote, 14 years ago","strong (recorded vote, human-confirmed reading)",1,,"VOTE NAY: 2012-09-26 Private Members' Business M-312 (Special committee on subsection 223(1 (Negatived) [-1: Voted against studying when a child becomes a human being in law (-1: some opposed reopening the question, not the quest]",Conservative,Manitoba
Tarik Brahmi (NDP) - Saint-Jean [FORMER],,,,1,,,"a vote, 14 years ago","strong (recorded vote, human-confirmed reading)",1,,"VOTE NAY: 2012-09-26 Private Members' Business M-312 (Special committee on subsection 223(1 (Negatived) [-1: Voted against studying when a child becomes a human being in law (-1: some opposed reopening the question, not the quest]",NDP,Quebec
Ted Hsu (Liberal) - Kingston and the Islands [FORMER],,,,1,,,"a vote, 14 years ago","strong (recorded vote, human-confirmed reading)",1,,"VOTE NAY: 2012-09-26 Private Members' Business M-312 (Special committee on subsection 223(1 (Negatived) [-1: Voted against studying when a child becomes a human being in law (-1: some opposed reopening the question, not the quest]",Liberal,Ontario
Ted Menzies (Conservative) - Macleod [FORMER],,,,1,,,"a vote, 14 years ago","strong (recorded vote, human-confirmed reading)",1,,"VOTE NAY: 2012-09-26 Private Members' Business M-312 (Special committee on subsection 223(1 (Negatived) [-1: Voted against studying when a child becomes a human being in law (-1: some opposed reopening the question, not the quest]",Conservative,Alberta
Tyrone Benskin (NDP) - Jeanne-Le Ber [FORMER],,,,1,,,"a vote, 14 years ago","strong (recorded vote, human-confirmed reading)",1,,"VOTE NAY: 2012-09-26 Private Members' Business M-312 (Special committee on subsection 223(1 (Negatived) [-1: Voted against studying when a child becomes a human being in law (-1: some opposed reopening the question, not the quest]",NDP,Quebec
Wayne Marston (NDP) - Hamilton East—Stoney Creek [FORMER],,,,1,,,"a vote, 14 years ago","strong (recorded vote, human-confirmed reading)",1,,"VOTE NAY: 2012-09-26 Private Members' Business M-312 (Special committee on subsection 223(1 (Negatived) [-1: Voted against studying when a child becomes a human being in law (-1: some opposed reopening the question, not the quest]",NDP,Ontario
Yvon Godin (NDP) - Acadie—Bathurst [FORMER],,,,1,,,"a vote, 14 years ago","strong (recorded vote, human-confirmed reading)",1,,"VOTE NAY: 2012-09-26 Private Members' Business M-312 (Special committee on subsection 223(1 (Negatived) [-1: Voted against studying when a child becomes a human being in law (-1: some opposed reopening the question, not the quest]",NDP,New Brunswick
Élaine Michaud (NDP) - Portneuf—Jacques-Cartier [FORMER],,,,1,,,"a vote, 14 years ago","strong (recorded vote, human-confirmed reading)",1,,"VOTE NAY: 2012-09-26 Private Members' Business M-312 (Special committee on subsection 223(1 (Negatived) [-1: Voted against studying when a child becomes a human being in law (-1: some opposed reopening the question, not the quest]",NDP,Quebec
Leah Gazan (NDP) - Winnipeg Centre,,,,,1,,"a vote, 3 years ago","strong (recorded vote, human-confirmed reading)",36,,"2026-02-26 SPEECH Health: ""Mr. Speaker, 33% of people in Manitoba seeking abortion care must travel to access it. Where is the "" [activity, not direction] | 2025-09-17 SPEECH Strong Borders Act: ""[the Prime Minister] campaigned on being different from Donald Trump, yet his very first bill is a s"" [activity, not direction] | 2024-10-25 SPEECH Health: ""Whether they need heart surgery, knee surgery or an abortion, people have a right to access public h"" [activity, not direction] | 2024-10-07 SPEECH Health: ""Mr. Speaker, there are nothing but excuses from the Liberals, including with respect to abortion. Th"" [activity, not direction] | 2024-06-03 SPEECH Pharmacare Act: ""Madam Speaker, the Conservatives seem to fight against anything for women, whether it is menstrual h"" [activity, not direction] | 2024-06-03 SPEECH Pharmacare Act: ""Here we are, talking about women's reproductive rights, and there are a whole bunch of men in the Co"" [activity, not direction] | 2024-06-03 SPEECH Pharmacare Act: ""Madam Speaker, absolutely it would have a really positive impact, but the Liberals are not off the h"" [activity, not direction] | 2024-05-22 SPEECH Women and Gender Equality: ""Mr. Speaker, abortion rights are human rights, but the Liberals continue to deny equal access to tha"" [activity, not direction] | 2024-05-21 SPEECH Budget Implementation Act, 2024, No. 1: ""I am wondering whether my colleague supports me and millions of Canadians around the country in ensu"" [activity, not direction] | 2024-05-21 SPEECH Budget Implementation Act, 2024, No. 1: ""I have to say that, even with the Liberals, this is something we had to fight for and something they"" [activity, not direction] | 2024-05-09 SPEECH Women and Gender Equality: ""Mr. Speaker, reproductive rights are under attack, including by Conservatives who voted against free"" [activity, not direction] | 2024-05-06 SPEECH Pharmacare Act — Bill C‑64—Time Allocation Motion: ""In saying that, I have a feeling about why the Conservatives are stalling this, and it is because so"" [activity, not direction] | 2024-05-06 SPEECH Pharmacare Act — Second reading: ""Does the member support access to trauma-informed abortion care and access to reproductive rights, w"" [activity, not direction] | 2024-05-06 SPEECH Pharmacare Act — Second reading: ""However, despite the Liberals saying they support the right to choose, they have not done their due "" [activity, not direction] | 2024-05-06 SPEECH Pharmacare Act — Second reading: ""Mr. Speaker, as I have heard in the House tonight, I know the Conservatives think providing free con"" [activity, not direction] | 2024-05-06 SPEECH Pharmacare Act — Second reading: ""I used to be a high school sex ed teacher. One thing we would talk to the kids about was choice and "" [activity, not direction] | 2024-05-06 SPEECH Pharmacare Act — Second reading: ""This is from rabble.ca. It is entitled, “The inconvenient anti-choice record of 'pro-choice' Pierre "" [activity, not direction] | 2024-05-06 SPEECH Pharmacare Act — Second reading: ""The article states, “The Abortion Rights Coalition of Canada (ARCC) keeps a list of anti-choice memb"" [activity, not direction] | 2024-05-06 SPEECH Pharmacare Act — Second reading: ""That is in this Parliament, so it is not surprising to me, when we are talking about an opportunity "" [activity, not direction] | 2024-05-06 SPEECH Pharmacare Act — Second reading: ""I would, however, give a caveat to New Brunswick. In New Brunswick, currently, women cannot access a"" [activity, not direction] | 2024-05-06 SPEECH Pharmacare Act — Second reading: ""Mr. Speaker, that is exactly it. If one looks at access to reproductive rights, they vary throughout"" [activity, not direction] | 2024-02-16 SPEECH Sexual and Reproductive Health Awareness Week: ""I am happy to see my colleagues join me in celebrating the critical gains made by Canada's feminist "" [activity, not direction] | 2024-02-16 SPEECH Health: ""Why is the government denying access to safe trauma-informed abortion care?"" [activity, not direction] | 2024-02-01 SPEECH Health: ""Mr. Speaker, the government says it respects reproductive rights, but the closure of Clinic 554 mean"" [activity, not direction] | 2023-06-19 SPEECH International Day for the Elimination of Sexual Vi: ""I honour all the survivors and victims who have experienced sexual violence in conflict zones. It is"" [activity, not direction] | VOTE NAY: 2023-06-14 2nd reading of Bill C-311, An Act to amend the Criminal Code (violence (Negatived) [-2: Voted to stop, at second reading, a bill recognising a victim's pregnancy as an aggravating factor at sentencing.] | 2023-06-09 SPEECH Criminal Code: ""One example is when the member for Edmonton Strathcona put forward a study to look at women's reprod"" [activity, not direction] | 2023-05-09 SPEECH Violence Against Pregnant Women Act: ""I am going to ask a yes-or-no question. Does my hon. colleague support a woman's right to a safe abo"" [activity, not direction] | 2023-05-09 SPEECH Violence Against Pregnant Women Act: ""I call on all members of the House to instead focus their attention on pushing all levels of governm"" [activity, not direction] | 2023-05-09 SPEECH Violence Against Pregnant Women Act: ""Madam Speaker, anti-choice organizations, on the other hand, are cheering on the introduction of the"" [activity, not direction] | 2023-05-09 SPEECH Violence Against Pregnant Women Act: ""Quite frankly, the Liberals have talked a good game, but their record is deeply underwhelming. While"" [activity, not direction] | 2023-03-10 SPEECH Women and Gender Equality: ""Madam Speaker, the Abortion Rights Coalition of Canada and the BC Humanist Association found that th"" [activity, not direction] | 2022-09-29 SPEECH Women and Gender Equality: ""The Liberals have yet to end charitable status for crisis pregnancy centres that help spread misinfo"" [activity, not direction] | 2022-05-09 SPEECH Women and Gender Equality: ""Mr. Speaker, abortion and reproductive health services are not accessible across the country. Women,"" [activity, not direction] | VOTE NAY: 2021-06-02 2nd reading of Bill C-233, An Act to amend the Criminal Code (sex-sele (Negatived) [no reading -- not placed] | 2021-02-05 SPEECH Women and Gender Equality: ""Madam Speaker, on January 28, 1988, the Supreme Court handed down its landmark judgment in R. v. Mor"" [activity, not direction]",NDP,Manitoba
Hedy Fry (Liberal) - Vancouver Centre,,,,,1,,"a vote, 3 years ago","strong (recorded vote, human-confirmed reading)",19,,"2024-05-22 SPEECH Women and Gender Equality: ""Mr. Speaker, as a family doctor who delivered close to 500 babies, I am concerned about access to re"" [activity, not direction] | 2024-02-14 SPEECH Health: ""As it is SRHR week globally, can the Prime Minister reaffirm the government's position on this human"" [activity, not direction] | VOTE NAY: 2023-06-14 2nd reading of Bill C-311, An Act to amend the Criminal Code (violence (Negatived) [-2: Voted to stop, at second reading, a bill recognising a victim's pregnancy as an aggravating factor at sentencing.] | 2023-02-17 SPEECH Sexual and Reproductive Health: ""Recent WHO data shows that 200 million women lack access to contraception, 300,000 still die each ye"" [activity, not direction] | 2022-09-28 SPEECH International Safe Abortion Day: ""International Safe Abortion Day"" [activity, not direction] | VOTE NAY: 2021-06-02 2nd reading of Bill C-233, An Act to amend the Criminal Code (sex-sele (Negatived) [no reading -- not placed] | 2020-11-02 SPEECH Women and Gender Equality: ""Mr. Speaker, it has recently come to public attention that the Conservative Party is paying for anti"" [activity, not direction] | VOTE NAY: 2016-10-19 2nd reading of Bill C-225, An Act to amend the Criminal Code (injuring (Negatived) [-2: Voted against recognising harm to a preborn child as a separate offence.] | 2015-02-24 SPEECH Business of Supply — Opposition Motion—Special Com: ""Business of Supply — Opposition Motion—Special Committee on Physician-Assisted Dying"" [activity, not direction] | 2015-02-24 SPEECH Business of Supply — Opposition Motion—Special Com: ""Business of Supply — Opposition Motion—Special Committee on Physician-Assisted Dying"" [activity, not direction] | 2012-10-26 SPEECH Status of Women: ""It does not help when the minister responsible for gender equality votes to reopen the abortion deba"" [activity, not direction] | VOTE NAY: 2012-09-26 Private Members' Business M-312 (Special committee on subsection 223(1 (Negatived) [-1: Voted against studying when a child becomes a human being in law (-1: some opposed reopening the question, not the quest] | 2012-04-26 SPEECH Special Committee on Subsection 223(1) of the Crim: ""One can recall the private member's bill on gun registry from the member for Portage—Lisgar. It was "" [activity, not direction] | 2011-09-28 SPEECH Government Funding: ""Would the government categorically state that it will not yield to such threats and will ensure that"" [activity, not direction] | 2010-11-18 SPEECH Maternal and Child Health: ""We also know that when women die in the developing world, their children under one year of age have "" [activity, not direction] | 2010-11-18 SPEECH Maternal and Child Health: ""The fourth cause is abortion and the lack of access to safe abortion. Why is it that the government "" [activity, not direction] | 2010-06-09 SPEECH Maternal and Child Health: ""By continuing to refuse to fund safe abortion services, is the Minister of International Cooperation"" [activity, not direction] | 2010-03-23 SPEECH Business of Supply — Opposition Motion—Maternal an: ""Good family planning and good contraception is the most important step in preventing abortion. One o"" [activity, not direction] | 2010-03-23 SPEECH Business of Supply — Opposition Motion--Maternal a: ""One of the millennium goals with regard to this is to decrease the number of unsafe abortions by 50%"" [activity, not direction]",Liberal,British Columbia
Andréanne Larouche (Bloc Québécois) - Shefford,,,,,1,,"a vote, 3 years ago","strong (recorded vote, human-confirmed reading)",15,,"2024-12-05 SPEECH Committees of the House — Resumption of Debate on : ""Thirdly, funding is a central issue, and several witnesses, including Oxfam-Québec, Oxfam-Canada and"" [activity, not direction] | 2024-12-05 SPEECH Committees of the House — Resumption of Debate on : ""It is ridiculous, because it was uncomfortable for the Standing Committee on Foreign Affairs and Int"" [activity, not direction] | 2023-09-18 SPEECH Hon. Monique Bégin: ""She did not win all her battles, and some of them did not fall under this government's jurisdiction,"" [activity, not direction] | VOTE NAY: 2023-06-14 2nd reading of Bill C-311, An Act to amend the Criminal Code (violence (Negatived) [-2: Voted to stop, at second reading, a bill recognising a victim's pregnancy as an aggravating factor at sentencing.] | 2023-05-11 SPEECH Women's Rights: ""I am proud to belong to a party that defends women's right to abortion and even more proud to be a m"" [activity, not direction] | 2023-05-09 SPEECH Violence Against Pregnant Women Act: ""Recently, Quebec's minister responsible for the status of women expressed concern for women's right "" [activity, not direction] | 2023-05-09 SPEECH Violence Against Pregnant Women Act: ""These tactics, aiming to surreptitiously criminalize abortion, were carried out despite former prime"" [activity, not direction] | 2023-03-08 SPEECH International Women’s Day: ""In many parts of the world, such as Iran and Afghanistan, there is a real gender apartheid, and it w"" [activity, not direction] | 2021-12-08 SPEECH Criminal Code: ""My colleague gave two examples related to the right to protest that are of particular interest to me"" [activity, not direction] | 2021-06-17 SPEECH Business of Supply — Opposition Motion—Censure of : ""One last thing: We may think none of this really touches us, but the father of a former military mem"" [activity, not direction] | VOTE NAY: 2021-06-02 2nd reading of Bill C-233, An Act to amend the Criminal Code (sex-sele (Negatived) [no reading -- not placed] | 2021-04-14 SPEECH Sex-Selective Abortion Act: ""Sex-Selective Abortion Act"" [activity, not direction] | 2021-04-14 SPEECH Sex-Selective Abortion Act: ""It would be wrong to think that this is a common practice in cultural communities in Quebec and Cana"" [activity, not direction] | 2020-12-07 SPEECH Women and Gender Equality: ""Madam Speaker, 50 years ago, on December 7, 1970, the report of the Royal Commission on the Status o"" [activity, not direction] | 2020-03-12 SPEECH Women and Gender Equality: ""I want my nieces and nephews to care about other people, to be interested in the wider world and to "" [activity, not direction]",Bloc Québécois,Quebec
Mark Gerretsen (Liberal) - Kingston and the Islands,,,,,1,,"a vote, 3 years ago","strong (recorded vote, human-confirmed reading)",14,,"2024-12-05 SPEECH Committees of the House — Foreign Affairs and Inte: ""For those out there who think that if the Conservative Party of Canada forms government, they will b"" [activity, not direction] | 2024-12-05 SPEECH Committees of the House — Resumption of Debate on : ""Mr. Speaker, today we are having this very important debate on an issue that I would argue has unfor"" [activity, not direction] | 2024-06-13 SPEECH Business of Supply — Opposition Motion—Government': ""A number of Conservative members will get up to say they did not run on that and that was their form"" [activity, not direction] | 2024-05-09 SPEECH Fall Economic Statement Implementation Act, 2023 —: ""Unfortunately the House has been under assault over the last few days, with the member for Peace Riv"" [activity, not direction] | 2024-05-09 SPEECH Fall Economic Statement Implementation Act, 2023 —: ""This is what the member for Yorkton—Melville said on the front lawn of Parliament Hill, and this is "" [activity, not direction] | 2024-05-07 SPEECH Budget Implementation Act, 2024, No. 1: ""In fairness, I respect the fact that the Conservatives are so open about this. The member for Leeds—"" [activity, not direction] | 2024-05-06 SPEECH Pharmacare Act — Bill C‑64—Time Allocation Motion: ""It was in the nineties when it was actually made a crime to perform an abortion. What we have seen i"" [activity, not direction] | 2024-05-06 SPEECH Pharmacare Act — Second reading: ""On Friday, the member for Lanark—Frontenac—Kingston specifically said, “A common-sense Conservative "" [activity, not direction] | VOTE NAY: 2023-06-14 2nd reading of Bill C-311, An Act to amend the Criminal Code (violence (Negatived) [-2: Voted to stop, at second reading, a bill recognising a victim's pregnancy as an aggravating factor at sentencing.] | VOTE NAY: 2021-06-02 2nd reading of Bill C-233, An Act to amend the Criminal Code (sex-sele (Negatived) [no reading -- not placed] | 2020-07-21 SPEECH Further COVID-19 Measures Act: ""The member talked about the lower employment levels of people with disabilities. I know first-hand t"" [activity, not direction] | 2018-05-31 SPEECH Opportunity for Workers with Disabilities Act: ""As a personal anecdote, I have a nephew with Down syndrome. He has great and amazing supports right "" [activity, not direction] | 2018-03-21 SPEECH World Down Syndrome Day: ""World Down Syndrome Day"" [activity, not direction] | VOTE NAY: 2016-10-19 2nd reading of Bill C-225, An Act to amend the Criminal Code (injuring (Negatived) [-2: Voted against recognising harm to a preborn child as a separate offence.]",Liberal,Ontario
Lisa Hepfner (Liberal) - Hamilton Mountain,,,,,1,,"a vote, 3 years ago","strong (recorded vote, human-confirmed reading)",12,,"2024-11-06 SPEECH Abortion Rights: ""Abortion Rights"" [activity, not direction] | 2024-10-25 SPEECH Liberal Party of Canada: ""On this side, we will always fight for women's rights, like abortion."" [activity, not direction] | 2024-10-25 SPEECH Health: ""Mr. Speaker, I absolutely agree that abortion is health care and that we should have equal access ac"" [activity, not direction] | 2024-09-27 SPEECH Carbon Pricing: ""Mr. Speaker, I want to take the opportunity here to point out that tomorrow is International Safe Ab"" [activity, not direction] | 2024-05-09 SPEECH Sexual and Reproductive Health: ""Mr. Speaker, today on Parliament Hill, the anti-choice lobby is marching to demand control over wome"" [activity, not direction] | 2024-05-09 SPEECH Women and Gender Equality: ""Mr. Speaker, I agree with my friend from across the way that we need to protect abortion rights in o"" [activity, not direction] | 2024-05-06 SPEECH Pharmacare Act — Second reading: ""I have appreciated in the debate this evening how she keeps bringing up the word “abortion”, because"" [activity, not direction] | 2024-02-13 SPEECH Women and Gender Equality: ""Under the Conservatives, they would no longer have these options. The Conservatives want to abolish "" [activity, not direction] | VOTE NAY: 2023-06-14 2nd reading of Bill C-311, An Act to amend the Criminal Code (violence (Negatived) [-2: Voted to stop, at second reading, a bill recognising a victim's pregnancy as an aggravating factor at sentencing.] | 2023-05-10 SPEECH Women and Gender Equality: ""Mr. Speaker, the Conservatives do not believe in a woman's right to choose. Conservative MPs introdu"" [activity, not direction] | 2023-05-10 SPEECH Women and Gender Equality: ""Mr. Speaker, the Conservatives do not believe in a woman's right to choose. Conservative MPs introdu"" [activity, not direction] | 2023-05-10 SPEECH Women and Gender Equality: ""Mr. Speaker, the Conservatives do not believe in a woman's right to choose. Conservative MPs introdu"" [activity, not direction]",Liberal,Ontario
Don Davies (NDP) - Vancouver Kingsway,,,,,1,,"a vote, 3 years ago","strong (recorded vote, human-confirmed reading)",11,,"VOTE NAY: 2023-06-14 2nd reading of Bill C-311, An Act to amend the Criminal Code (violence (Negatived) [-2: Voted to stop, at second reading, a bill recognising a victim's pregnancy as an aggravating factor at sentencing.] | VOTE NAY: 2021-06-02 2nd reading of Bill C-233, An Act to amend the Criminal Code (sex-sele (Negatived) [no reading -- not placed] | 2018-05-10 SPEECH Committees of the House — Citizenship and Immigrat: ""Canadians would be shocked to know that we still have embedded in our official immigration law a pro"" [activity, not direction] | 2017-05-18 SPEECH Business of Supply — Opposition Motion—Autism Spec: ""I am privileged and proud to stand in this House to support this incredibly important motion from my"" [activity, not direction] | 2016-11-02 SPEECH Health: ""In New Brunswick, draconian regulations force women to get two doctors to declare an abortion medica"" [activity, not direction] | 2016-10-19 NO RECORDED VOTE: 2nd reading of Bill C-225, An Act to amend the Criminal Code (injuring | 2013-03-05 SPEECH Business of Supply — Opposition Motion--Senate: ""The Senate was set up with certain powers. On paper, it has the power to stop legislation, but senat"" [activity, not direction] | VOTE NAY: 2012-09-26 Private Members' Business M-312 (Special committee on subsection 223(1 (Negatived) [-1: Voted against studying when a child becomes a human being in law (-1: some opposed reopening the question, not the quest] | 2012-04-04 SPEECH Immigration and Refugee Protection Act: ""Kevin Patel is a young, bright, successful accountant who immigrated to Canada almost a decade ago. "" [activity, not direction] | 2010-10-29 SPEECH World Autism Awareness Day Act: ""My youngest daughter, Cerys Davies, suffers from a global developmental delay. It is not autism. She"" [activity, not direction] | 2010-03-23 SPEECH Business of Supply — Opposition Motion—Maternal an: ""I will stay away from abortion, for the moment, and just talk about contraception."" [activity, not direction]",NDP,British Columbia
Heather McPherson (NDP) - Edmonton Strathcona,,,,,1,,"a vote, 3 years ago","strong (recorded vote, human-confirmed reading)",11,,"2024-12-05 SPEECH Committees of the House — Foreign Affairs and Inte: ""I am pleased to rise today to discuss my concurrence motion on the report of the Standing Committee "" [activity, not direction] | 2024-12-05 SPEECH Committees of the House — Foreign Affairs and Inte: ""I want to talk a bit about the House and what our committee heard from the testimony. Julia Anderson"" [activity, not direction] | 2024-12-05 SPEECH Committees of the House — Foreign Affairs and Inte: ""We have also seen strong opposition to examining abortion and reproductive rights in the House of Co"" [activity, not direction] | 2024-10-24 SPEECH Health: ""Mr. Speaker, abortion is health care, but under the Liberal government, so many Canadians still do n"" [activity, not direction] | 2023-12-11 SPEECH Committees of the House — Justice and Human Rights: ""He did not vote last week to support international development spending; he voted three times to not"" [activity, not direction] | 2023-12-11 SPEECH Committees of the House — Justice and Human Rights: ""I worked in Uganda at one point in a small village. The person I shared lodging with was a doctor wh"" [activity, not direction] | VOTE NAY: 2023-06-14 2nd reading of Bill C-311, An Act to amend the Criminal Code (violence (Negatived) [-2: Voted to stop, at second reading, a bill recognising a victim's pregnancy as an aggravating factor at sentencing.] | 2023-06-13 SPEECH Violence Against Pregnant Women Act: ""In fact, there is only one reason for this bill to exist. It is designed to create a legal recogniti"" [activity, not direction] | 2023-05-11 SPEECH Women and Gender Equality: ""The Liberals are all talk, but women in rural communities are suffering. Abortion care is not a camp"" [activity, not direction] | VOTE NAY: 2021-06-02 2nd reading of Bill C-233, An Act to amend the Criminal Code (sex-sele (Negatived) [no reading -- not placed] | 2020-11-30 PETITION 432-00320 (Foreign affairs, 35 signatures, also presented by 54 other MP(s)) judge 2: Petition alleges forced organ harvesting and forced abortion against Uyghurs, urging genocide recognition and  [presenting a petition does not imply endorsement]",NDP,Alberta
Adam van Koeverden (Liberal) - Burlington North—Milton West,,,,,1,,"a vote, 3 years ago","strong (recorded vote, human-confirmed reading)",10,,"2024-12-12 SPEECH Community Organizations in Milton: ""I would like to acknowledge the Special Friends Network and its inspiring dream kitchen initiative. "" [activity, not direction] | 2024-10-03 SPEECH Privilege — Reference to Standing Committee on Pro: ""Madam Speaker, the member for Cypress Hills—Grasslands spoke of transparency and has been in the med"" [activity, not direction] | 2024-10-03 SPEECH Privilege — Reference to Standing Committee on Pro: ""Has the member of Parliament for Cypress Hills—Grasslands been to Florida for all-expense-paid anti-"" [activity, not direction] | 2024-05-06 SPEECH Pharmacare Act — Second reading: ""Mr. Speaker, reproductive and sexual rights are human rights. Our government recognizes that, and we"" [activity, not direction] | 2024-05-06 SPEECH Pharmacare Act — Second reading: ""Mr. Adam van Koeverden: Mr. Speaker, I continue to be heckled by a caucus that has a perfect score w"" [activity, not direction] | 2024-05-06 SPEECH Pharmacare Act — Second reading: ""Mr. Adam van Koeverden: Mr. Speaker, as I continue to be heckled by members of a caucus that has a p"" [activity, not direction] | 2023-11-20 SPEECH Carbon Pricing: ""When the member compared Liberals to cultural Marxists that have taken over every university adminis"" [activity, not direction] | VOTE NAY: 2023-06-14 2nd reading of Bill C-311, An Act to amend the Criminal Code (violence (Negatived) [-2: Voted to stop, at second reading, a bill recognising a victim's pregnancy as an aggravating factor at sentencing.] | 2023-02-16 SPEECH Business of Supply — Opposition Motion—Public Heal: ""In Canada, all people should need to get health care is their health card, not a credit card. It als"" [activity, not direction] | VOTE NAY: 2021-06-02 2nd reading of Bill C-233, An Act to amend the Criminal Code (sex-sele (Negatived) [no reading -- not placed]",Liberal,Ontario
Jenny Kwan (NDP) - Vancouver East,,,,,1,,"a vote, 3 years ago","strong (recorded vote, human-confirmed reading)",9,,"2025-09-16 SPEECH Strong Borders Act: ""Bill C-2 is not about border security; it is about expanding government surveillance. It threatens t"" [activity, not direction] | 2024-10-28 SPEECH Health: ""While the Liberals' words are nice, their lack of action is dangerous. Will the Liberals stop their "" [activity, not direction] | VOTE NAY: 2023-06-14 2nd reading of Bill C-311, An Act to amend the Criminal Code (violence (Negatived) [-2: Voted to stop, at second reading, a bill recognising a victim's pregnancy as an aggravating factor at sentencing.] | 2022-09-29 SPEECH Protection of Freedom of Conscience Act: ""Aside from medically assisted dying, I fully expect this bill, if passed, would have other implicati"" [activity, not direction] | VOTE NAY: 2021-06-02 2nd reading of Bill C-233, An Act to amend the Criminal Code (sex-sele (Negatived) [no reading -- not placed] | 2019-06-17 SPEECH Health: ""Will the Liberals enforce the Canada Health Act to ensure medical and surgical abortion is available"" [activity, not direction] | 2018-05-10 SPEECH Committees of the House — Citizenship and Immigrat: ""Shirley Benigno is a single mother of three. Her son, John Nicko, has Down syndrome. Shirley has wor"" [activity, not direction] | 2017-11-29 SPEECH Immigration, Refugees and Citizenship: ""Take the case of Professor Montoya and his family. He came to Canada with his wife, daughter, and so"" [activity, not direction] | VOTE NAY: 2016-10-19 2nd reading of Bill C-225, An Act to amend the Criminal Code (injuring (Negatived) [-2: Voted against recognising harm to a preborn child as a separate offence.]",NDP,British Columbia
Patty Hajdu (Liberal) - Thunder Bay—Superior North,,,,,1,,"a vote, 3 years ago","strong (recorded vote, human-confirmed reading)",9,,"2024-12-12 SPEECH Finance: ""Mr. Speaker, that member is fully endorsed by the anti-abortion organizations that look for candidat"" [activity, not direction] | 2024-10-28 SPEECH Health: ""Mr. Speaker, who puts women's right to abortion care at risk? It is a Conservative caucus over there"" [activity, not direction] | 2024-05-30 SPEECH Immigration, Refugees and Citizenship: ""Mr. Speaker, while we are talking about the United States, let us just take a moment to reflect on w"" [activity, not direction] | VOTE NAY: 2023-06-14 2nd reading of Bill C-311, An Act to amend the Criminal Code (violence (Negatived) [-2: Voted to stop, at second reading, a bill recognising a victim's pregnancy as an aggravating factor at sentencing.] | VOTE NAY: 2021-06-02 2nd reading of Bill C-233, An Act to amend the Criminal Code (sex-sele (Negatived) [no reading -- not placed] | 2020-08-12 SPEECH COVID-19 Pandemic and Other Matters: ""Mr. Chair, as the member likely knows, our department has been working with both the province and th"" [activity, not direction] | 2019-12-10 SPEECH Health: ""I know the Prime Minister had a very constructive conversation with the premier. I plan on speaking "" [activity, not direction] | 2018-03-19 SPEECH Employment: ""Unlike the Conservatives, who have funded groups that promote anti-abortion, distribute graphic imag"" [activity, not direction] | VOTE NAY: 2016-10-19 2nd reading of Bill C-225, An Act to amend the Criminal Code (injuring (Negatived) [-2: Voted against recognising harm to a preborn child as a separate offence.]",Liberal,Ontario
Steven MacKinnon (Liberal) - Gatineau,,,,,1,,"a vote, 3 years ago","strong (recorded vote, human-confirmed reading)",9,,"2024-06-06 SPEECH Business of the House: ""Tomorrow, we will begin second reading of Bill C-63, an act to enact the online harms act, to amend "" [activity, not direction] | 2024-05-09 SPEECH Ethics: ""When will the Leader of the Opposition get up, turn around and say that they are not putting abortio"" [activity, not direction] | 2024-05-07 SPEECH Mental Health and Addictions: ""That member needs to answer a very important question. The Leader of the Opposition has now vowed to"" [activity, not direction] | 2024-05-07 SPEECH Mental Health and Addictions: ""What rights is he going to take away? What rights does he intend to take away? Is it women's reprodu"" [activity, not direction] | 2024-05-03 SPEECH Mental Health and Addictions: ""Maybe that member will tell us, specifically, which freedoms and which rights described in the 42-ye"" [activity, not direction] | VOTE NAY: 2023-06-14 2nd reading of Bill C-311, An Act to amend the Criminal Code (violence (Negatived) [-2: Voted to stop, at second reading, a bill recognising a victim's pregnancy as an aggravating factor at sentencing.] | VOTE NAY: 2021-06-02 2nd reading of Bill C-233, An Act to amend the Criminal Code (sex-sele (Negatived) [no reading -- not placed] | 2021-02-23 PETITION 432-00548 (Health, 726 signatures) judge 1: Petition addresses stillbirth prevention and awareness, touching on maternal and fetal health but not directly [presenting a petition does not imply endorsement] | 2016-10-19 NO RECORDED VOTE: 2nd reading of Bill C-225, An Act to amend the Criminal Code (injuring",Liberal,Quebec
Anita Vandenbeld (Liberal) - Ottawa West—Nepean,,,,,1,,"a vote, 3 years ago","strong (recorded vote, human-confirmed reading)",8,,"2024-12-05 SPEECH Committees of the House — Foreign Affairs and Inte: ""As a result of FIAP, as a result of the fact that we are putting $700 million a year into SRHR, that"" [activity, not direction] | 2024-12-05 SPEECH Committees of the House — Foreign Affairs and Inte: ""Madam Speaker, I am very happy that my hon. colleague raised the issue of what has happened in the U"" [activity, not direction] | 2024-02-16 SPEECH Sexual and Reproductive Health: ""Our commitment to sexual and reproductive health and rights is not ideology. It literally saves live"" [activity, not direction] | VOTE NAY: 2023-06-14 2nd reading of Bill C-311, An Act to amend the Criminal Code (violence (Negatived) [-2: Voted to stop, at second reading, a bill recognising a victim's pregnancy as an aggravating factor at sentencing.] | VOTE NAY: 2021-06-02 2nd reading of Bill C-233, An Act to amend the Criminal Code (sex-sele (Negatived) [no reading -- not placed] | 2021-05-28 SPEECH Sex-Selective Abortion Act: ""Sex-Selective Abortion Act"" [activity, not direction] | 2018-09-28 SPEECH Abortion: ""Mr. Speaker, September 28 is the internationally designated global day of action for access to safe "" [activity, not direction] | VOTE NAY: 2016-10-19 2nd reading of Bill C-225, An Act to amend the Criminal Code (injuring (Negatived) [-2: Voted against recognising harm to a preborn child as a separate offence.]",Liberal,Ontario
Elizabeth May (Green Party) - Saanich—Gulf Islands,,,,,1,,"a vote, 3 years ago","strong (recorded vote, human-confirmed reading)",8,,"2023-10-16 SPEECH Former Parliamentarians: ""I particularly want to pay tribute to Pat Carney, who has not had a round of speeches in this place "" [activity, not direction] | 2023-09-20 SPEECH Criminal Code: ""It may be my only occasion to say that the Green Party will be supporting Bill S-12. My only concern"" [activity, not direction] | VOTE NAY: 2023-06-14 2nd reading of Bill C-311, An Act to amend the Criminal Code (violence (Negatived) [-2: Voted to stop, at second reading, a bill recognising a victim's pregnancy as an aggravating factor at sentencing.] | VOTE NAY: 2021-06-02 2nd reading of Bill C-233, An Act to amend the Criminal Code (sex-sele (Negatived) [no reading -- not placed] | 2020-12-07 SPEECH Women and Gender Equality: ""Let us look at what the report demanded of government. Let us consider it would not have been acted "" [activity, not direction] | 2018-03-01 SPEECH Business of Supply — Opposition Motion—Canada Summ: ""There was that one bad example I mentioned earlier of the wrong group that should never have gotten "" [activity, not direction] | VOTE NAY: 2016-10-19 2nd reading of Bill C-225, An Act to amend the Criminal Code (injuring (Negatived) [-2: Voted against recognising harm to a preborn child as a separate offence.] | VOTE NAY: 2012-09-26 Private Members' Business M-312 (Special committee on subsection 223(1 (Negatived) [-1: Voted against studying when a child becomes a human being in law (-1: some opposed reopening the question, not the quest]",Green Party,British Columbia
Jenna Sudds (Liberal) - Kanata,,,,,1,,"a vote, 3 years ago","strong (recorded vote, human-confirmed reading)",8,,"VOTE NAY: 2023-06-14 2nd reading of Bill C-311, An Act to amend the Criminal Code (violence (Negatived) [-2: Voted to stop, at second reading, a bill recognising a victim's pregnancy as an aggravating factor at sentencing.] | 2023-06-13 SPEECH Violence Against Pregnant Women Act: ""This debate is not about ending violence against women or children. Anti-choice groups are cheering "" [activity, not direction] | 2023-05-11 SPEECH Abortion Rights: ""Abortion Rights"" [activity, not direction] | 2023-05-11 SPEECH Women and Gender Equality: ""Mr. Speaker, we know, on this side of the House, that health care and abortion go hand in hand. We w"" [activity, not direction] | 2023-05-11 SPEECH Women and Gender Equality: ""Mr. Speaker, the right to an abortion and access to abortion undoubtedly go hand in hand. In Canada,"" [activity, not direction] | 2023-05-11 SPEECH Women and Gender Equality: ""Mr. Speaker, I am glad my colleague across the way mentioned B.C. because earlier this week we are a"" [activity, not direction] | 2022-09-29 SPEECH Women and Gender Equality: ""In Canada, universal access to abortion is guaranteed under the Canada Health Act. We will continue "" [activity, not direction] | 2022-04-29 SPEECH Women and Gender Equality: ""Madam Speaker, menstrual products are a basic need and essential to upholding the sexual and reprodu"" [activity, not direction]",Liberal,Ontario
Karina Gould (Liberal) - Burlington,,,,,1,,"a vote, 3 years ago","strong (recorded vote, human-confirmed reading)",8,,"2026-09-10 PETITION e-7738 (Employment and labour, 488 signatures) judge 1: Expanded bereavement and parental leave funding touches family policy but has no direct link to CitizenGO's co [presenting a petition does not imply endorsement] | 2024-09-26 SPEECH Business of Supply — Opposition Motion—Confidence : ""Let us take him at his word and look at what his record is for Canadians. The other thing that he di"" [activity, not direction] | 2024-09-24 SPEECH Carbon Pricing: ""Mr. Speaker, I will tell the House what freedom does not look like, which is Conservative members of"" [activity, not direction] | VOTE NAY: 2023-06-14 2nd reading of Bill C-311, An Act to amend the Criminal Code (violence (Negatived) [-2: Voted to stop, at second reading, a bill recognising a victim's pregnancy as an aggravating factor at sentencing.] | VOTE NAY: 2021-06-02 2nd reading of Bill C-233, An Act to amend the Criminal Code (sex-sele (Negatived) [no reading -- not placed] | 2021-05-31 SPEECH Business of Supply — Foreign Affairs, Trade and De: ""For example, in the 2019-20 fiscal year, 65 million children were immunized through Canada's support"" [activity, not direction] | 2021-05-31 SPEECH Business of Supply — Foreign Affairs, Trade and De: ""That was further elaborated on in 2019 at the Women Deliver summit in Vancouver, where Canada made t"" [activity, not direction] | VOTE NAY: 2016-10-19 2nd reading of Bill C-225, An Act to amend the Criminal Code (injuring (Negatived) [-2: Voted against recognising harm to a preborn child as a separate offence.]",Liberal,Ontario
Claude DeBellefeuille (Bloc Québécois) - Vallée-du-Haut-Saint-Laurent,,,,,1,,"a vote, 3 years ago","strong (recorded vote, human-confirmed reading)",7,,"VOTE NAY: 2023-06-14 2nd reading of Bill C-311, An Act to amend the Criminal Code (violence (Negatived) [-2: Voted to stop, at second reading, a bill recognising a victim's pregnancy as an aggravating factor at sentencing.] | VOTE NAY: 2021-06-02 2nd reading of Bill C-233, An Act to amend the Criminal Code (sex-sele (Negatived) [no reading -- not placed] | 2020-09-24 SPEECH Right Hon. John Turner: ""As the justice minister under that government, John Turner decriminalized abortion and homosexuality"" [activity, not direction] | 2011-01-31 SPEECH Death Penalty: ""Need I remind the House that he said the same thing about abortion? Yet the Prime Minister did nothi"" [activity, not direction] | 2010-05-14 SPEECH Status of Women: ""Are these Conservative MPs not reveallng the government's real intention, which is to take small ste"" [activity, not direction] | 2010-05-14 SPEECH Status of Women: ""Mr. Speaker, I was talking about the right of women in Canada, not women abroad, to have access to a"" [activity, not direction] | 2010-03-15 SPEECH Business of Supply — Opposition Motion—Government : ""If I took advantage of the fact that I am a female MP to send one out in the riding of a Conservativ"" [activity, not direction]",Bloc Québécois,Quebec
Luc Thériault (Bloc Québécois) - Montcalm,,,,,1,,"a vote, 3 years ago","strong (recorded vote, human-confirmed reading)",7,,"2024-10-31 SPEECH Committees of the House — Medical Assistance in Dy: ""The Liberals champion the freedom to choose when it comes to abortion, when it comes to a woman's ri"" [activity, not direction] | 2024-10-31 SPEECH Committees of the House — Medical Assistance in Dy: ""That is what I mean when I say they lack political courage. I thought that the Liberals had politica"" [activity, not direction] | VOTE NAY: 2023-06-14 2nd reading of Bill C-311, An Act to amend the Criminal Code (violence (Negatived) [-2: Voted to stop, at second reading, a bill recognising a victim's pregnancy as an aggravating factor at sentencing.] | 2021-06-02 NO RECORDED VOTE: 2nd reading of Bill C-233, An Act to amend the Criminal Code (sex-sele | VOTE NAY: 2016-10-19 2nd reading of Bill C-225, An Act to amend the Criminal Code (injuring (Negatived) [-2: Voted against recognising harm to a preborn child as a separate offence.] | 2016-05-31 SPEECH Criminal Code: ""Obviously, there was no Carter decision. Consequently, the Quebec government and the opposition part"" [activity, not direction] | 2016-05-17 SPEECH Criminal Code — Motions in amendment: ""That is what legislators did with regard to abortion in the 1970s. What the Supreme Court said in 19"" [activity, not direction]",Bloc Québécois,Quebec
Rachel Bendayan (Liberal) - Outremont,,,,,1,,"a vote, 3 years ago","strong (recorded vote, human-confirmed reading)",7,,"2024-09-26 SPEECH Government Priorities: ""What are the Conservatives focusing on in the meantime? Well, as reported in the Journal de Montréal"" [activity, not direction] | VOTE NAY: 2023-06-14 2nd reading of Bill C-311, An Act to amend the Criminal Code (violence (Negatived) [-2: Voted to stop, at second reading, a bill recognising a victim's pregnancy as an aggravating factor at sentencing.] | 2023-05-09 SPEECH Violence Against Pregnant Women Act: ""I would also like to ask my hon. colleague if the Conservative leader agrees with her statement that"" [activity, not direction] | 2023-05-09 SPEECH Violence Against Pregnant Women Act: ""First, this bill appears to be designed to serve as a stepping stone towards reopening the abortion "" [activity, not direction] | 2023-05-09 SPEECH Violence Against Pregnant Women Act: ""Madam Speaker, this bill appears to be designed to serve as a stepping stone towards reopening the a"" [activity, not direction] | VOTE NAY: 2021-06-02 2nd reading of Bill C-233, An Act to amend the Criminal Code (sex-sele (Negatived) [no reading -- not placed] | 2019-06-06 SPEECH Status of Women: ""Mr. Speaker, the fight for women's rights is not over. The residents of Outremont have shared with m"" [activity, not direction]",Liberal,Quebec
Anju Dhillon (Liberal) - Dorval—Lachine—LaSalle,,,,,1,,"a vote, 3 years ago","strong (recorded vote, human-confirmed reading)",6,,"VOTE NAY: 2023-06-14 2nd reading of Bill C-311, An Act to amend the Criminal Code (violence (Negatived) [-2: Voted to stop, at second reading, a bill recognising a victim's pregnancy as an aggravating factor at sentencing.] | 2023-05-11 SPEECH Women and Gender Equality: ""Mr. Speaker, abortion is health care. A woman's right to choose is hers and hers alone."" [activity, not direction] | VOTE NAY: 2021-06-02 2nd reading of Bill C-233, An Act to amend the Criminal Code (sex-sele (Negatived) [no reading -- not placed] | 2020-02-19 SPEECH Florynce Kennedy: ""Flo has been neglected by history, including in her very important role in the legalization of abort"" [activity, not direction] | VOTE NAY: 2016-10-19 2nd reading of Bill C-225, An Act to amend the Criminal Code (injuring (Negatived) [-2: Voted against recognising harm to a preborn child as a separate offence.] | 2016-03-22 SPEECH Status of Women: ""Canada was clear about the empowerment of women and girls; the equality of indigenous women and girl"" [activity, not direction]",Liberal,Quebec
Chris Bittle (Liberal) - St. Catharines,,,,,1,,"a vote, 3 years ago","strong (recorded vote, human-confirmed reading)",6,,"VOTE NAY: 2023-06-14 2nd reading of Bill C-311, An Act to amend the Criminal Code (violence (Negatived) [-2: Voted to stop, at second reading, a bill recognising a victim's pregnancy as an aggravating factor at sentencing.] | 2021-12-06 SPEECH Business of the House: ""Mr. Speaker, I have heard a couple of times from the Conservatives that they are likening hospitals,"" [activity, not direction] | VOTE NAY: 2021-06-02 2nd reading of Bill C-233, An Act to amend the Criminal Code (sex-sele (Negatived) [no reading -- not placed] | 2018-03-01 SPEECH Business of Supply — Opposition Motion—Canada Summ: ""Madam Speaker, I know this issue raises a lot of concerns. It becomes an issue of passion. It become"" [activity, not direction] | 2018-03-01 SPEECH Business of Supply — Opposition Motion—Canada Summ: ""The opposition would rather see these funds used to undermine the hard-earned charter rights of Cana"" [activity, not direction] | VOTE NAY: 2016-10-19 2nd reading of Bill C-225, An Act to amend the Criminal Code (injuring (Negatived) [-2: Voted against recognising harm to a preborn child as a separate offence.]",Liberal,Ontario
Judy A. Sgro (Liberal) - Humber River—Black Creek,,,,,1,,"a vote, 3 years ago","strong (recorded vote, human-confirmed reading)",6,,"VOTE NAY: 2023-06-14 2nd reading of Bill C-311, An Act to amend the Criminal Code (violence (Negatived) [-2: Voted to stop, at second reading, a bill recognising a victim's pregnancy as an aggravating factor at sentencing.] | 2023-05-10 SPEECH Women and Gender Equality: ""Mr. Speaker, yesterday, the House debated Bill C-311, which was introduced by one of the most anti-c"" [activity, not direction] | VOTE NAY: 2021-06-02 2nd reading of Bill C-233, An Act to amend the Criminal Code (sex-sele (Negatived) [no reading -- not placed] | VOTE NAY: 2016-10-19 2nd reading of Bill C-225, An Act to amend the Criminal Code (injuring (Negatived) [-2: Voted against recognising harm to a preborn child as a separate offence.] | 2012-12-11 SPEECH Income Tax Act: ""However, to bring a bill like this forward and to pretend that it is just a private member's bill, i"" [activity, not direction] | VOTE NAY: 2012-09-26 Private Members' Business M-312 (Special committee on subsection 223(1 (Negatived) [-1: Voted against studying when a child becomes a human being in law (-1: some opposed reopening the question, not the quest]",Liberal,Ontario
Mario Simard (Bloc Québécois) - Jonquière—Hébertville—Pays-des-Bleuets,,,,,1,,"a vote, 3 years ago","strong (recorded vote, human-confirmed reading)",6,,"VOTE NAY: 2023-06-14 2nd reading of Bill C-311, An Act to amend the Criminal Code (violence (Negatived) [-2: Voted to stop, at second reading, a bill recognising a victim's pregnancy as an aggravating factor at sentencing.] | 2022-05-10 SPEECH Business of Supply — Opposition Motion—Change to S: ""There is a very simple strategy: If someone wants to put down their dog, they say it has rabies. The"" [activity, not direction] | 2022-05-10 SPEECH Business of Supply — Opposition Motion—Change to S: ""Last week, when people talked to the Conservatives about abortion, they said the same thing: now is "" [activity, not direction] | VOTE NAY: 2021-06-02 2nd reading of Bill C-233, An Act to amend the Criminal Code (sex-sele (Negatived) [no reading -- not placed] | 2021-05-04 SPEECH Business of Supply — Opposition Motion—Allegations: ""My colleague seems to be particularly fond of the concept of toxic masculinity. I find that all the "" [activity, not direction] | 2020-10-21 SPEECH Criminal Code: ""Weber then asks a very perceptive question that applies remarkably well to the debate on medical ass"" [activity, not direction]",Bloc Québécois,Quebec
Martin Champoux (Bloc Québécois) - Drummond,,,,,1,,"a vote, 3 years ago","strong (recorded vote, human-confirmed reading)",6,,"2025-10-27 SPEECH Canadian Multiculturalism Act: ""We proposed that prayer be replaced by a moment of reflection and that parliamentarians be allowed t"" [activity, not direction] | 2025-09-23 SPEECH Business of Supply — Opposition Motion—Constitutio: ""I acknowledge the fact that my colleague and I will likely never agree on this type of issue. Howeve"" [activity, not direction] | 2024-12-05 SPEECH Committees of the House — Resumption of Debate on : ""Does my colleague think that Canada should ensure, because this is not entirely the case, that the d"" [activity, not direction] | VOTE NAY: 2023-06-14 2nd reading of Bill C-311, An Act to amend the Criminal Code (violence (Negatived) [-2: Voted to stop, at second reading, a bill recognising a victim's pregnancy as an aggravating factor at sentencing.] | 2021-12-06 SPEECH Criminal Code: ""My colleague from Bow River mentioned that he trusts the health care system, health professionals an"" [activity, not direction] | VOTE NAY: 2021-06-02 2nd reading of Bill C-233, An Act to amend the Criminal Code (sex-sele (Negatived) [no reading -- not placed]",Bloc Québécois,Quebec
Sean Casey (Liberal) - Charlottetown,,,,,1,,"a vote, 3 years ago","strong (recorded vote, human-confirmed reading)",6,,"VOTE NAY: 2023-06-14 2nd reading of Bill C-311, An Act to amend the Criminal Code (violence (Negatived) [-2: Voted to stop, at second reading, a bill recognising a victim's pregnancy as an aggravating factor at sentencing.] | VOTE NAY: 2021-06-02 2nd reading of Bill C-233, An Act to amend the Criminal Code (sex-sele (Negatived) [no reading -- not placed] | VOTE NAY: 2016-10-19 2nd reading of Bill C-225, An Act to amend the Criminal Code (injuring (Negatived) [-2: Voted against recognising harm to a preborn child as a separate offence.] | 2016-05-20 SPEECH Criminal Code: ""Also, with respect to the June 6 deadline, he drew an analogy to the abortion debate in this country"" [activity, not direction] | VOTE NAY: 2012-09-26 Private Members' Business M-312 (Special committee on subsection 223(1 (Negatived) [-1: Voted against studying when a child becomes a human being in law (-1: some opposed reopening the question, not the quest] | 2012-05-30 SPEECH Petitions — Abortion: ""Petitions — Abortion"" [activity, not direction]",Liberal,Prince Edward Island
Serge Cormier (Liberal) - Acadie—Bathurst,,,,,1,,"a vote, 10 years ago","strong (recorded vote, human-confirmed reading)",6,,"2023-06-14 NO RECORDED VOTE: 2nd reading of Bill C-311, An Act to amend the Criminal Code (violence | VOTE NAY: 2021-06-02 2nd reading of Bill C-233, An Act to amend the Criminal Code (sex-sele (Negatived) [no reading -- not placed] | 2018-05-10 SPEECH Committees of the House — Citizenship and Immigrat: ""Under the excessive demand policy, applicants who are likely to create a greater burden on our healt"" [activity, not direction] | 2018-05-10 SPEECH Committees of the House — Citizenship and Immigrat: ""Once again, the new policy that we implemented is a step in the right direction. The policy was more"" [activity, not direction] | 2018-05-10 SPEECH Committees of the House — Citizenship and Immigrat: ""Does she think that refusing an application from someone who has an intellectual disability, such as"" [activity, not direction] | VOTE NAY: 2016-10-19 2nd reading of Bill C-225, An Act to amend the Criminal Code (injuring (Negatived) [-2: Voted against recognising harm to a preborn child as a separate offence.]",Liberal,New Brunswick
Sonia Sidhu (Liberal) - Brampton South,,,,,1,,"a vote, 3 years ago","strong (recorded vote, human-confirmed reading)",6,,"2024-05-09 SPEECH Women and Gender Equality: ""Canadians are proud of our rights and freedoms; women have control over their own futures, over thei"" [activity, not direction] | VOTE NAY: 2023-06-14 2nd reading of Bill C-311, An Act to amend the Criminal Code (violence (Negatived) [-2: Voted to stop, at second reading, a bill recognising a victim's pregnancy as an aggravating factor at sentencing.] | 2023-06-13 SPEECH Violence Against Pregnant Women Act: ""In contrast to Bill C-311, the Government of Canada reaffirms its commitment to safeguarding access "" [activity, not direction] | VOTE NAY: 2021-06-02 2nd reading of Bill C-233, An Act to amend the Criminal Code (sex-sele (Negatived) [no reading -- not placed] | 2018-03-21 SPEECH World Down Syndrome Day: ""World Down Syndrome Day"" [activity, not direction] | VOTE NAY: 2016-10-19 2nd reading of Bill C-225, An Act to amend the Criminal Code (injuring (Negatived) [-2: Voted against recognising harm to a preborn child as a separate offence.]",Liberal,Ontario
Sophie Chatel (Liberal) - Pontiac—Kitigan Zibi,,,,,1,,"a vote, 3 years ago","strong (recorded vote, human-confirmed reading)",6,,"2024-10-28 SPEECH Women and Gender Equality: ""Mr. Speaker, over 30 years ago, the Supreme Court of Canada established women's right to safe aborti"" [activity, not direction] | 2024-05-09 SPEECH Women and Gender Equality: ""Mr. Speaker, our sisters south of the border no longer have the right to safe access to abortion. If"" [activity, not direction] | VOTE NAY: 2023-06-14 2nd reading of Bill C-311, An Act to amend the Criminal Code (violence (Negatived) [-2: Voted to stop, at second reading, a bill recognising a victim's pregnancy as an aggravating factor at sentencing.] | 2022-05-04 SPEECH Women and Gender Equality: ""Mr. Speaker, I was shocked and then horrified to see the 10 Conservative members from Quebec remain "" [activity, not direction] | 2022-05-04 SPEECH Women and Gender Equality: ""Mr. Speaker, I was horrified and shocked as I sat here in the House and watched 10 opposition member"" [activity, not direction] | 2022-05-04 SPEECH Points of Order — Oral Questions: ""Mr. Speaker, yesterday, when news broke that our neighbours to the south were considering overturnin"" [activity, not direction]",Liberal,Quebec
Sébastien Lemire (Bloc Québécois) - Abitibi—Témiscamingue,,,,,1,,"a vote, 3 years ago","strong (recorded vote, human-confirmed reading)",6,,"2024-09-24 SPEECH Criminal Code: ""I would especially like to talk about victims of sexual assault in sports, because over the past two"" [activity, not direction] | 2024-06-11 SPEECH Criminal Code: ""I would also like to thank My Voice, My Choice; Can't Buy My Silence; Athletes Empowered and Global "" [activity, not direction] | 2023-10-04 SPEECH Criminal Code: ""While the Senate has taken an admirable first step, it is our responsibility as parliamentarians to "" [activity, not direction] | 2023-09-20 SPEECH Criminal Code: ""On behalf of My Voice, My Choice, which he held up in his speech as a model, and out of respect for "" [activity, not direction] | VOTE NAY: 2023-06-14 2nd reading of Bill C-311, An Act to amend the Criminal Code (violence (Negatived) [-2: Voted to stop, at second reading, a bill recognising a victim's pregnancy as an aggravating factor at sentencing.] | VOTE NAY: 2021-06-02 2nd reading of Bill C-233, An Act to amend the Criminal Code (sex-sele (Negatived) [no reading -- not placed]",Bloc Québécois,Quebec
Alexis Brunelle-Duceppe (Bloc Québécois) - Lac-Saint-Jean,,,,,1,,"a vote, 3 years ago","strong (recorded vote, human-confirmed reading)",5,,"2024-09-24 SPEECH Immigration, Refugees and Citizenship: ""Does the minister think that the federal Conservatives should spend more time here in the House tell"" [activity, not direction] | 2023-12-11 SPEECH Committees of the House — Justice and Human Rights: ""How out of touch with Quebeckers and Canadians does the Leader of the Opposition have to be to appoi"" [activity, not direction] | 2023-12-11 SPEECH Committees of the House — Justice and Human Rights: ""Here I am, faced with a person who is entitled to his opinions, but I know full well that they are l"" [activity, not direction] | VOTE NAY: 2023-06-14 2nd reading of Bill C-311, An Act to amend the Criminal Code (violence (Negatived) [-2: Voted to stop, at second reading, a bill recognising a victim's pregnancy as an aggravating factor at sentencing.] | VOTE NAY: 2021-06-02 2nd reading of Bill C-233, An Act to amend the Criminal Code (sex-sele (Negatived) [no reading -- not placed]",Bloc Québécois,Quebec
Christine Normandin (Bloc Québécois) - Saint-Jean,,,,,1,,"a vote, 3 years ago","strong (recorded vote, human-confirmed reading)",5,,"VOTE NAY: 2023-06-14 2nd reading of Bill C-311, An Act to amend the Criminal Code (violence (Negatived) [-2: Voted to stop, at second reading, a bill recognising a victim's pregnancy as an aggravating factor at sentencing.] | 2022-05-03 SPEECH Women and Gender Equality: ""We need to continue to fight because one careless moment could set us back decades. Can the Deputy P"" [activity, not direction] | 2022-05-03 SPEECH Points of Order: ""Mr. Speaker, there have been discussions among the parties and if you seek it, I believe you will fi"" [activity, not direction] | VOTE NAY: 2021-06-02 2nd reading of Bill C-233, An Act to amend the Criminal Code (sex-sele (Negatived) [no reading -- not placed] | 2021-05-28 SPEECH Sex-Selective Abortion Act: ""Sex-Selective Abortion Act"" [activity, not direction]",Bloc Québécois,Quebec
Emmanuella Lambropoulos (Liberal) - Saint-Laurent,,,,,1,,"a vote, 3 years ago","strong (recorded vote, human-confirmed reading)",5,,"VOTE NAY: 2023-06-14 2nd reading of Bill C-311, An Act to amend the Criminal Code (violence (Negatived) [-2: Voted to stop, at second reading, a bill recognising a victim's pregnancy as an aggravating factor at sentencing.] | 2023-05-10 SPEECH Sexual and Reproductive Health: ""In contrast, the Conservatives are hell-bent on restricting access to safe and legal abortion, under"" [activity, not direction] | 2022-05-11 SPEECH Women and Gender Equality: ""Mr. Speaker, we know that everyone in Canada deserves access to safe and affordable sexual and repro"" [activity, not direction] | VOTE NAY: 2021-06-02 2nd reading of Bill C-233, An Act to amend the Criminal Code (sex-sele (Negatived) [no reading -- not placed] | 2016-10-19 NO RECORDED VOTE: 2nd reading of Bill C-225, An Act to amend the Criminal Code (injuring",Liberal,Quebec
Ginette Petitpas Taylor (Liberal) - Moncton—Dieppe,,,,,1,,"a vote, 3 years ago","strong (recorded vote, human-confirmed reading)",5,,"VOTE NAY: 2023-06-14 2nd reading of Bill C-311, An Act to amend the Criminal Code (violence (Negatived) [-2: Voted to stop, at second reading, a bill recognising a victim's pregnancy as an aggravating factor at sentencing.] | VOTE NAY: 2021-06-02 2nd reading of Bill C-233, An Act to amend the Criminal Code (sex-sele (Negatived) [no reading -- not placed] | 2019-06-17 SPEECH Health: ""Mr. Speaker, unlike the Harper Conservatives, we know abortion rights are protected under the Charte"" [activity, not direction] | 2019-05-30 SPEECH Status of Women: ""Mr. Speaker, our government will always support a woman's right to choose. We all believe that Canad"" [activity, not direction] | VOTE NAY: 2016-10-19 2nd reading of Bill C-225, An Act to amend the Criminal Code (injuring (Negatived) [-2: Voted against recognising harm to a preborn child as a separate offence.]",Liberal,New Brunswick
James Maloney (Liberal) - Etobicoke—Lakeshore,,,,,1,,"a vote, 3 years ago","strong (recorded vote, human-confirmed reading)",5,,"2023-10-27 SPEECH Royal Assent of Bill S-12: ""I want to express my gratitude to all parties and the Senate for its support and dedicated efforts i"" [activity, not direction] | 2023-10-25 SPEECH Criminal Code: ""I want to give a particular thanks to My Voice, My Choice. This group has worked tirelessly to advoc"" [activity, not direction] | VOTE NAY: 2023-06-14 2nd reading of Bill C-311, An Act to amend the Criminal Code (violence (Negatived) [-2: Voted to stop, at second reading, a bill recognising a victim's pregnancy as an aggravating factor at sentencing.] | VOTE NAY: 2021-06-02 2nd reading of Bill C-233, An Act to amend the Criminal Code (sex-sele (Negatived) [no reading -- not placed] | VOTE NAY: 2016-10-19 2nd reading of Bill C-225, An Act to amend the Criminal Code (injuring (Negatived) [-2: Voted against recognising harm to a preborn child as a separate offence.]",Liberal,Ontario
Kevin Lamoureux (Liberal) - Winnipeg North,,,,,1,,"a vote, 3 years ago","strong (recorded vote, human-confirmed reading)",5,,"MIXED RECORD: directional evidence on both sides -- read the acts, not the column | VOTE NAY: 2023-06-14 2nd reading of Bill C-311, An Act to amend the Criminal Code (violence (Negatived) [-2: Voted to stop, at second reading, a bill recognising a victim's pregnancy as an aggravating factor at sentencing.] | VOTE NAY: 2021-06-02 2nd reading of Bill C-233, An Act to amend the Criminal Code (sex-sele (Negatived) [no reading -- not placed] | 2018-03-01 SPEECH Business of Supply — Opposition Motion—Canada Summ: ""It is about the activities. I would question any and all members as to whether they have a problem w"" [activity, not direction] | VOTE NAY: 2016-10-19 2nd reading of Bill C-225, An Act to amend the Criminal Code (injuring (Negatived) [-2: Voted against recognising harm to a preborn child as a separate offence.] | VOTE YEA: 2012-09-26 Private Members' Business M-312 (Special committee on subsection 223(1 (Negatived) [+2: Voted to study whether the law should recognise a child as a human being before birth.]",Liberal,Manitoba
Louis Plamondon (Bloc Québécois) - Bécancour—Nicolet—Saurel—Alnôbak,,,,,1,,"a vote, 3 years ago","strong (recorded vote, human-confirmed reading)",5,,"VOTE NAY: 2023-06-14 2nd reading of Bill C-311, An Act to amend the Criminal Code (violence (Negatived) [-2: Voted to stop, at second reading, a bill recognising a victim's pregnancy as an aggravating factor at sentencing.] | 2022-03-01 SPEECH Points of Order — Royal Recommendation for Bill C-: ""All of them added new conditions. Some required the province to develop new services in order to rec"" [activity, not direction] | VOTE NAY: 2021-06-02 2nd reading of Bill C-233, An Act to amend the Criminal Code (sex-sele (Negatived) [no reading -- not placed] | VOTE NAY: 2016-10-19 2nd reading of Bill C-225, An Act to amend the Criminal Code (injuring (Negatived) [-2: Voted against recognising harm to a preborn child as a separate offence.] | VOTE NAY: 2012-09-26 Private Members' Business M-312 (Special committee on subsection 223(1 (Negatived) [-1: Voted against studying when a child becomes a human being in law (-1: some opposed reopening the question, not the quest]",Bloc Québécois,Quebec
Marilène Gill (Bloc Québécois) - Côte-Nord—Kawawachikamach—Nitassinan,,,,,1,,"a vote, 3 years ago","strong (recorded vote, human-confirmed reading)",5,,"VOTE NAY: 2023-06-14 2nd reading of Bill C-311, An Act to amend the Criminal Code (violence (Negatived) [-2: Voted to stop, at second reading, a bill recognising a victim's pregnancy as an aggravating factor at sentencing.] | 2022-05-10 SPEECH Business of Supply — Opposition Motion—Change to S: ""It seems clear to me that there is bias in the thought process, despite what one of my colleagues sa"" [activity, not direction] | VOTE NAY: 2021-06-02 2nd reading of Bill C-233, An Act to amend the Criminal Code (sex-sele (Negatived) [no reading -- not placed] | 2018-05-28 SPEECH Ways and Means — Notice of Motion: ""Mr. Speaker, I think you will find unanimous consent in the House to adopt the following motion: tha"" [activity, not direction] | VOTE NAY: 2016-10-19 2nd reading of Bill C-225, An Act to amend the Criminal Code (injuring (Negatived) [-2: Voted against recognising harm to a preborn child as a separate offence.]",Bloc Québécois,Quebec
Mona Fortier (Liberal) - Ottawa—Vanier—Gloucester,,,,,1,,"a vote, 3 years ago","strong (recorded vote, human-confirmed reading)",5,,"2024-05-22 SPEECH Women and Gender Equality: ""The right to access abortion is under threat in Canada. An anti-abortion march made its way through "" [activity, not direction] | VOTE NAY: 2023-06-14 2nd reading of Bill C-311, An Act to amend the Criminal Code (violence (Negatived) [-2: Voted to stop, at second reading, a bill recognising a victim's pregnancy as an aggravating factor at sentencing.] | VOTE NAY: 2021-06-02 2nd reading of Bill C-233, An Act to amend the Criminal Code (sex-sele (Negatived) [no reading -- not placed] | 2018-03-01 SPEECH Business of Supply — Opposition Motion—Canada Summ: ""The support of the Canadian Centre for Bio-Ethical Reform was key to the opposition leader's victory"" [activity, not direction] | 2016-10-19 NO RECORDED VOTE: 2nd reading of Bill C-225, An Act to amend the Criminal Code (injuring",Liberal,Ontario
Mélanie Joly (Liberal) - Ahuntsic-Cartierville,,,,,1,,"a vote, 3 years ago","strong (recorded vote, human-confirmed reading)",5,,"2024-05-07 SPEECH Mental Health and Addictions: ""What we can say, however, is that the Leader of the Opposition won his leadership race by ensuring t"" [activity, not direction] | VOTE NAY: 2023-06-14 2nd reading of Bill C-311, An Act to amend the Criminal Code (violence (Negatived) [-2: Voted to stop, at second reading, a bill recognising a victim's pregnancy as an aggravating factor at sentencing.] | 2023-05-11 SPEECH Women and Gender Equality: ""Mr. Speaker, on this side of the House, our policy is clear. We are a feminist government. That incl"" [activity, not direction] | VOTE NAY: 2021-06-02 2nd reading of Bill C-233, An Act to amend the Criminal Code (sex-sele (Negatived) [no reading -- not placed] | 2016-10-19 NO RECORDED VOTE: 2nd reading of Bill C-225, An Act to amend the Criminal Code (injuring",Liberal,Quebec
Rhéal Éloi Fortin (Bloc Québécois) - Rivière-du-Nord,,,,,1,,"a vote, 3 years ago","strong (recorded vote, human-confirmed reading)",5,,"2023-12-11 SPEECH Committees of the House — Justice and Human Rights: ""I would like to know whether my colleague thinks that the situation in Canada, with this type of deb"" [activity, not direction] | VOTE NAY: 2023-06-14 2nd reading of Bill C-311, An Act to amend the Criminal Code (violence (Negatived) [-2: Voted to stop, at second reading, a bill recognising a victim's pregnancy as an aggravating factor at sentencing.] | 2023-06-13 SPEECH Violence Against Pregnant Women Act: ""It seems to me that they would like us to swallow a pretty big and, above all, dangerous lie. Like m"" [activity, not direction] | VOTE NAY: 2021-06-02 2nd reading of Bill C-233, An Act to amend the Criminal Code (sex-sele (Negatived) [no reading -- not placed] | VOTE NAY: 2016-10-19 2nd reading of Bill C-225, An Act to amend the Criminal Code (injuring (Negatived) [-2: Voted against recognising harm to a preborn child as a separate offence.]",Bloc Québécois,Quebec
Robert Morrissey (Liberal) - Egmont,,,,,1,,"a vote, 3 years ago","strong (recorded vote, human-confirmed reading)",5,,"VOTE NAY: 2023-06-14 2nd reading of Bill C-311, An Act to amend the Criminal Code (violence (Negatived) [-2: Voted to stop, at second reading, a bill recognising a victim's pregnancy as an aggravating factor at sentencing.] | VOTE NAY: 2021-06-02 2nd reading of Bill C-233, An Act to amend the Criminal Code (sex-sele (Negatived) [no reading -- not placed] | 2017-03-10 SPEECH Special Olympics: ""Janet has Down's syndrome but says that while it is a part of her, it does not define her as a perso"" [activity, not direction] | 2017-02-03 SPEECH Community Inclusions Pioneer Award: ""In 1984, Theresa quit her job to care for her daughter Lisa, who has Down syndrome. In 1996, Theresa"" [activity, not direction] | VOTE NAY: 2016-10-19 2nd reading of Bill C-225, An Act to amend the Criminal Code (injuring (Negatived) [-2: Voted against recognising harm to a preborn child as a separate offence.]",Liberal,Prince Edward Island
Xavier Barsalou-Duval (Bloc Québécois) - Pierre-Boucher—Les Patriotes—Verchères,,,,,1,,"a vote, 3 years ago","strong (recorded vote, human-confirmed reading)",5,,"2026-04-14 SPEECH Business of Supply — Opposition Motion—Fuel Taxes: ""What is more, the Liberals welcomed a floor crosser who, not so long ago, was opposed to banning con"" [activity, not direction] | 2023-09-25 SPEECH Excise Tax Act: ""This is worth noting because I often feel disappointed by the kinds of questions the Conservatives a"" [activity, not direction] | VOTE NAY: 2023-06-14 2nd reading of Bill C-311, An Act to amend the Criminal Code (violence (Negatived) [-2: Voted to stop, at second reading, a bill recognising a victim's pregnancy as an aggravating factor at sentencing.] | VOTE NAY: 2021-06-02 2nd reading of Bill C-233, An Act to amend the Criminal Code (sex-sele (Negatived) [no reading -- not placed] | VOTE NAY: 2016-10-19 2nd reading of Bill C-225, An Act to amend the Criminal Code (injuring (Negatived) [-2: Voted against recognising harm to a preborn child as a separate offence.]",Bloc Québécois,Quebec
Ali Ehsassi (Liberal) - Willowdale,,,,,1,,"a vote, 3 years ago","strong (recorded vote, human-confirmed reading)",4,,"2023-06-16 SPEECH Committees of the House — Foreign Affairs and Inte: ""Mr. Speaker, I have the honour to present, in both official languages, the 20th report of the Standi"" [activity, not direction] | VOTE NAY: 2023-06-14 2nd reading of Bill C-311, An Act to amend the Criminal Code (violence (Negatived) [-2: Voted to stop, at second reading, a bill recognising a victim's pregnancy as an aggravating factor at sentencing.] | VOTE NAY: 2021-06-02 2nd reading of Bill C-233, An Act to amend the Criminal Code (sex-sele (Negatived) [no reading -- not placed] | VOTE NAY: 2016-10-19 2nd reading of Bill C-225, An Act to amend the Criminal Code (injuring (Negatived) [-2: Voted against recognising harm to a preborn child as a separate offence.]",Liberal,Ontario
David McGuinty (Liberal) - Ottawa South,,,,,1,,"a vote, 3 years ago","strong (recorded vote, human-confirmed reading)",4,,"VOTE NAY: 2023-06-14 2nd reading of Bill C-311, An Act to amend the Criminal Code (violence (Negatived) [-2: Voted to stop, at second reading, a bill recognising a victim's pregnancy as an aggravating factor at sentencing.] | VOTE NAY: 2021-06-02 2nd reading of Bill C-233, An Act to amend the Criminal Code (sex-sele (Negatived) [no reading -- not placed] | VOTE NAY: 2016-10-19 2nd reading of Bill C-225, An Act to amend the Criminal Code (injuring (Negatived) [-2: Voted against recognising harm to a preborn child as a separate offence.] | VOTE NAY: 2012-09-26 Private Members' Business M-312 (Special committee on subsection 223(1 (Negatived) [-1: Voted against studying when a child becomes a human being in law (-1: some opposed reopening the question, not the quest]",Liberal,Ontario
Dominic LeBlanc (Liberal) - Beauséjour,,,,,1,,"a vote, 3 years ago","strong (recorded vote, human-confirmed reading)",4,,"VOTE NAY: 2023-06-14 2nd reading of Bill C-311, An Act to amend the Criminal Code (violence (Negatived) [-2: Voted to stop, at second reading, a bill recognising a victim's pregnancy as an aggravating factor at sentencing.] | VOTE NAY: 2021-06-02 2nd reading of Bill C-233, An Act to amend the Criminal Code (sex-sele (Negatived) [no reading -- not placed] | 2016-10-19 NO RECORDED VOTE: 2nd reading of Bill C-225, An Act to amend the Criminal Code (injuring | VOTE NAY: 2012-09-26 Private Members' Business M-312 (Special committee on subsection 223(1 (Negatived) [-1: Voted against studying when a child becomes a human being in law (-1: some opposed reopening the question, not the quest]",Liberal,New Brunswick
Francis Scarpaleggia (Liberal) - Lac-Saint-Louis,,,,,1,,"a vote, 3 years ago","strong (recorded vote, human-confirmed reading)",4,,"VOTE NAY: 2023-06-14 2nd reading of Bill C-311, An Act to amend the Criminal Code (violence (Negatived) [-2: Voted to stop, at second reading, a bill recognising a victim's pregnancy as an aggravating factor at sentencing.] | VOTE NAY: 2021-06-02 2nd reading of Bill C-233, An Act to amend the Criminal Code (sex-sele (Negatived) [no reading -- not placed] | VOTE NAY: 2016-10-19 2nd reading of Bill C-225, An Act to amend the Criminal Code (injuring (Negatived) [-2: Voted against recognising harm to a preborn child as a separate offence.] | VOTE NAY: 2012-09-26 Private Members' Business M-312 (Special committee on subsection 223(1 (Negatived) [-1: Voted against studying when a child becomes a human being in law (-1: some opposed reopening the question, not the quest]",Liberal,Quebec
Gary Anandasangaree (Liberal) - Scarborough—Guildwood—Rouge Park,,,,,1,,"a vote, 3 years ago","strong (recorded vote, human-confirmed reading)",4,,"VOTE NAY: 2023-06-14 2nd reading of Bill C-311, An Act to amend the Criminal Code (violence (Negatived) [-2: Voted to stop, at second reading, a bill recognising a victim's pregnancy as an aggravating factor at sentencing.] | 2023-02-09 SPEECH Business of Supply — Opposition Motion—Use of the : ""I wonder if the member could speak to the potential of the notwithstanding clause being used pre-emp"" [activity, not direction] | VOTE NAY: 2021-06-02 2nd reading of Bill C-233, An Act to amend the Criminal Code (sex-sele (Negatived) [no reading -- not placed] | VOTE NAY: 2016-10-19 2nd reading of Bill C-225, An Act to amend the Criminal Code (injuring (Negatived) [-2: Voted against recognising harm to a preborn child as a separate offence.]",Liberal,Ontario
Jean-Yves Duclos (Liberal) - Québec Centre,,,,,1,,"a vote, 3 years ago","strong (recorded vote, human-confirmed reading)",4,,"VOTE NAY: 2023-06-14 2nd reading of Bill C-311, An Act to amend the Criminal Code (violence (Negatived) [-2: Voted to stop, at second reading, a bill recognising a victim's pregnancy as an aggravating factor at sentencing.] | 2023-03-10 SPEECH Women and Gender Equality: ""Madam Speaker, I think access to safe and accessible abortion services across Canada is not only a r"" [activity, not direction] | VOTE NAY: 2021-06-02 2nd reading of Bill C-233, An Act to amend the Criminal Code (sex-sele (Negatived) [no reading -- not placed] | 2016-10-19 NO RECORDED VOTE: 2nd reading of Bill C-225, An Act to amend the Criminal Code (injuring",Liberal,Quebec
Julie Dzerowicz (Liberal) - Davenport,,,,,1,,"a vote, 3 years ago","strong (recorded vote, human-confirmed reading)",4,,"2024-05-22 SPEECH Women and Gender Equality: ""Mr. Speaker, while our government works to provide pharmacare, expand child care, introduce a nation"" [activity, not direction] | VOTE NAY: 2023-06-14 2nd reading of Bill C-311, An Act to amend the Criminal Code (violence (Negatived) [-2: Voted to stop, at second reading, a bill recognising a victim's pregnancy as an aggravating factor at sentencing.] | VOTE NAY: 2021-06-02 2nd reading of Bill C-233, An Act to amend the Criminal Code (sex-sele (Negatived) [no reading -- not placed] | 2016-10-19 NO RECORDED VOTE: 2nd reading of Bill C-225, An Act to amend the Criminal Code (injuring",Liberal,Ontario
Lori Idlout (Liberal) - Nunavut,,,,,1,,"a vote, 3 years ago","strong (recorded vote, human-confirmed reading)",4,,"2024-06-03 SPEECH Pharmacare Act: ""Uqaqtittiji, I do want to ask my hon. colleague a question regarding parental rights, because Conser"" [activity, not direction] | 2024-05-06 SPEECH Pharmacare Act — Second reading: ""Could the member better explain how this bill is not supporting those people, specifically women who"" [activity, not direction] | VOTE NAY: 2023-06-14 2nd reading of Bill C-311, An Act to amend the Criminal Code (violence (Negatived) [-2: Voted to stop, at second reading, a bill recognising a victim's pregnancy as an aggravating factor at sentencing.] | PETITIONS NOT LISTED: 1 presented that the judge scored 0 (irrelevant to every area)",Liberal,Nunavut
Marc Miller (Liberal) - Ville-Marie—Le Sud-Ouest—Île-des-Soeurs,,,,,1,,"a vote, 3 years ago","strong (recorded vote, human-confirmed reading)",4,,"2025-11-26 SPEECH The Member for Bécancour—Nicolet—Saurel—Alnôbak: ""The member has always been quick witted and his career, which is not yet over, has been marked not o"" [activity, not direction] | VOTE NAY: 2023-06-14 2nd reading of Bill C-311, An Act to amend the Criminal Code (violence (Negatived) [-2: Voted to stop, at second reading, a bill recognising a victim's pregnancy as an aggravating factor at sentencing.] | VOTE NAY: 2021-06-02 2nd reading of Bill C-233, An Act to amend the Criminal Code (sex-sele (Negatived) [no reading -- not placed] | VOTE NAY: 2016-10-19 2nd reading of Bill C-225, An Act to amend the Criminal Code (injuring (Negatived) [-2: Voted against recognising harm to a preborn child as a separate offence.]",Liberal,Quebec
Robert Oliphant (Liberal) - Don Valley West,,,,,1,,"a vote, 3 years ago","strong (recorded vote, human-confirmed reading)",4,,"VOTE NAY: 2023-06-14 2nd reading of Bill C-311, An Act to amend the Criminal Code (violence (Negatived) [-2: Voted to stop, at second reading, a bill recognising a victim's pregnancy as an aggravating factor at sentencing.] | VOTE NAY: 2021-06-02 2nd reading of Bill C-233, An Act to amend the Criminal Code (sex-sele (Negatived) [no reading -- not placed] | 2019-05-29 SPEECH Protection of Freedom of Conscience Act: ""Madam Speaker, I want to refer the mover of this piece of legislation to the report that was done by"" [activity, not direction] | 2016-10-19 NO RECORDED VOTE: 2nd reading of Bill C-225, An Act to amend the Criminal Code (injuring",Liberal,Ontario
Sameer Zuberi (Liberal) - Pierrefonds—Dollard,,,,,1,,"a vote, 3 years ago","strong (recorded vote, human-confirmed reading)",4,,"VOTE NAY: 2023-06-14 2nd reading of Bill C-311, An Act to amend the Criminal Code (violence (Negatived) [-2: Voted to stop, at second reading, a bill recognising a victim's pregnancy as an aggravating factor at sentencing.] | VOTE NAY: 2021-06-02 2nd reading of Bill C-233, An Act to amend the Criminal Code (sex-sele (Negatived) [no reading -- not placed] | 2021-02-18 SPEECH Business of Supply — Opposition Motion—Religious M: ""This determination was not only reached by America, but also by a parliamentary committee. It is tru"" [activity, not direction] | 2020-10-21 SPEECH Human Rights: ""We learned in two full days of deeply disturbing testimony that between one million and three millio"" [activity, not direction]",Liberal,Quebec
Sukh Dhaliwal (Liberal) - Surrey Newton,,,,,1,,"a vote, 3 years ago","strong (recorded vote, human-confirmed reading)",4,,"VOTE NAY: 2023-06-14 2nd reading of Bill C-311, An Act to amend the Criminal Code (violence (Negatived) [-2: Voted to stop, at second reading, a bill recognising a victim's pregnancy as an aggravating factor at sentencing.] | VOTE NAY: 2021-06-02 2nd reading of Bill C-233, An Act to amend the Criminal Code (sex-sele (Negatived) [no reading -- not placed] | 2021-03-09 SPEECH Business of Supply — Opposition Motion—Measures to: ""Every week, we read articles about the disarray in the Conservative Party. We hear about the faction"" [activity, not direction] | VOTE NAY: 2016-10-19 2nd reading of Bill C-225, An Act to amend the Criminal Code (injuring (Negatived) [-2: Voted against recognising harm to a preborn child as a separate offence.]",Liberal,British Columbia
Wayne Long (Liberal) - Saint John—Kennebecasis,,,,,1,,"a vote, 3 years ago","strong (recorded vote, human-confirmed reading)",4,,"VOTE NAY: 2023-06-14 2nd reading of Bill C-311, An Act to amend the Criminal Code (violence (Negatived) [-2: Voted to stop, at second reading, a bill recognising a victim's pregnancy as an aggravating factor at sentencing.] | VOTE NAY: 2021-06-02 2nd reading of Bill C-233, An Act to amend the Criminal Code (sex-sele (Negatived) [no reading -- not placed] | 2020-10-01 SPEECH Clinic 554: ""Madam Speaker, yesterday Clinic 554, the only provider of out-of-hospital abortion care and speciali"" [activity, not direction] | VOTE NAY: 2016-10-19 2nd reading of Bill C-225, An Act to amend the Criminal Code (injuring (Negatived) [-2: Voted against recognising harm to a preborn child as a separate offence.]",Liberal,New Brunswick
Ahmed Hussen (Liberal) - York South—Weston—Etobicoke,,,,,1,,"a vote, 3 years ago","strong (recorded vote, human-confirmed reading)",3,,"VOTE NAY: 2023-06-14 2nd reading of Bill C-311, An Act to amend the Criminal Code (violence (Negatived) [-2: Voted to stop, at second reading, a bill recognising a victim's pregnancy as an aggravating factor at sentencing.] | VOTE NAY: 2021-06-02 2nd reading of Bill C-233, An Act to amend the Criminal Code (sex-sele (Negatived) [no reading -- not placed] | VOTE NAY: 2016-10-19 2nd reading of Bill C-225, An Act to amend the Criminal Code (injuring (Negatived) [-2: Voted against recognising harm to a preborn child as a separate offence.]",Liberal,Ontario
Alexandra Mendès (Liberal) - Brossard—Saint-Lambert,,,,,1,,"a vote, 3 years ago","strong (recorded vote, human-confirmed reading)",3,,"VOTE NAY: 2023-06-14 2nd reading of Bill C-311, An Act to amend the Criminal Code (violence (Negatived) [-2: Voted to stop, at second reading, a bill recognising a victim's pregnancy as an aggravating factor at sentencing.] | VOTE NAY: 2021-06-02 2nd reading of Bill C-233, An Act to amend the Criminal Code (sex-sele (Negatived) [no reading -- not placed] | VOTE NAY: 2016-10-19 2nd reading of Bill C-225, An Act to amend the Criminal Code (injuring (Negatived) [-2: Voted against recognising harm to a preborn child as a separate offence.]",Liberal,Quebec
Angelo Iacono (Liberal) - Alfred-Pellan,,,,,1,,"a vote, 3 years ago","strong (recorded vote, human-confirmed reading)",3,,"VOTE NAY: 2023-06-14 2nd reading of Bill C-311, An Act to amend the Criminal Code (violence (Negatived) [-2: Voted to stop, at second reading, a bill recognising a victim's pregnancy as an aggravating factor at sentencing.] | VOTE NAY: 2021-06-02 2nd reading of Bill C-233, An Act to amend the Criminal Code (sex-sele (Negatived) [no reading -- not placed] | VOTE NAY: 2016-10-19 2nd reading of Bill C-225, An Act to amend the Criminal Code (injuring (Negatived) [-2: Voted against recognising harm to a preborn child as a separate offence.]",Liberal,Quebec
Anthony Housefather (Liberal) - Mount Royal,,,,,1,,"a vote, 3 years ago","strong (recorded vote, human-confirmed reading)",3,,"VOTE NAY: 2023-06-14 2nd reading of Bill C-311, An Act to amend the Criminal Code (violence (Negatived) [-2: Voted to stop, at second reading, a bill recognising a victim's pregnancy as an aggravating factor at sentencing.] | VOTE NAY: 2021-06-02 2nd reading of Bill C-233, An Act to amend the Criminal Code (sex-sele (Negatived) [no reading -- not placed] | VOTE NAY: 2016-10-19 2nd reading of Bill C-225, An Act to amend the Criminal Code (injuring (Negatived) [-2: Voted against recognising harm to a preborn child as a separate offence.]",Liberal,Quebec
Arielle Kayabaga (Liberal) - London West,,,,,1,,"a vote, 3 years ago","strong (recorded vote, human-confirmed reading)",3,,"2024-09-25 SPEECH Women and Gender Equality: ""Eight out of 10 Canadians say that they support access to abortion, and many of them are rightfully "" [activity, not direction] | VOTE NAY: 2023-06-14 2nd reading of Bill C-311, An Act to amend the Criminal Code (violence (Negatived) [-2: Voted to stop, at second reading, a bill recognising a victim's pregnancy as an aggravating factor at sentencing.] | 2023-05-09 SPEECH Women and Gender Equality: ""Could the Minister for Women and Gender Equality and Youth speak to how our government is increasing"" [activity, not direction]",Liberal,Ontario
Bardish Chagger (Liberal) - Waterloo,,,,,1,,"a vote, 3 years ago","strong (recorded vote, human-confirmed reading)",3,,"VOTE NAY: 2023-06-14 2nd reading of Bill C-311, An Act to amend the Criminal Code (violence (Negatived) [-2: Voted to stop, at second reading, a bill recognising a victim's pregnancy as an aggravating factor at sentencing.] | VOTE NAY: 2021-06-02 2nd reading of Bill C-233, An Act to amend the Criminal Code (sex-sele (Negatived) [no reading -- not placed] | VOTE NAY: 2016-10-19 2nd reading of Bill C-225, An Act to amend the Criminal Code (injuring (Negatived) [-2: Voted against recognising harm to a preborn child as a separate offence.]",Liberal,Ontario
Darren Fisher (Liberal) - Dartmouth—Cole Harbour,,,,,1,,"a vote, 3 years ago","strong (recorded vote, human-confirmed reading)",3,,"VOTE NAY: 2023-06-14 2nd reading of Bill C-311, An Act to amend the Criminal Code (violence (Negatived) [-2: Voted to stop, at second reading, a bill recognising a victim's pregnancy as an aggravating factor at sentencing.] | VOTE NAY: 2021-06-02 2nd reading of Bill C-233, An Act to amend the Criminal Code (sex-sele (Negatived) [no reading -- not placed] | VOTE NAY: 2016-10-19 2nd reading of Bill C-225, An Act to amend the Criminal Code (injuring (Negatived) [-2: Voted against recognising harm to a preborn child as a separate offence.]",Liberal,Nova Scotia
Fayçal El-Khoury (Liberal) - Laval—Les Îles,,,,,1,,"a vote, 3 years ago","strong (recorded vote, human-confirmed reading)",3,,"VOTE NAY: 2023-06-14 2nd reading of Bill C-311, An Act to amend the Criminal Code (violence (Negatived) [-2: Voted to stop, at second reading, a bill recognising a victim's pregnancy as an aggravating factor at sentencing.] | VOTE NAY: 2021-06-02 2nd reading of Bill C-233, An Act to amend the Criminal Code (sex-sele (Negatived) [no reading -- not placed] | VOTE NAY: 2016-10-19 2nd reading of Bill C-225, An Act to amend the Criminal Code (injuring (Negatived) [-2: Voted against recognising harm to a preborn child as a separate offence.]",Liberal,Quebec
François-Philippe Champagne (Liberal) - Saint-Maurice—Champlain,,,,,1,,"a vote, 3 years ago","strong (recorded vote, human-confirmed reading)",3,,"VOTE NAY: 2023-06-14 2nd reading of Bill C-311, An Act to amend the Criminal Code (violence (Negatived) [-2: Voted to stop, at second reading, a bill recognising a victim's pregnancy as an aggravating factor at sentencing.] | VOTE NAY: 2021-06-02 2nd reading of Bill C-233, An Act to amend the Criminal Code (sex-sele (Negatived) [no reading -- not placed] | VOTE NAY: 2016-10-19 2nd reading of Bill C-225, An Act to amend the Criminal Code (injuring (Negatived) [-2: Voted against recognising harm to a preborn child as a separate offence.]",Liberal,Quebec
Gabriel Ste-Marie (Bloc Québécois) - Joliette—Manawan,,,,,1,,"a vote, 3 years ago","strong (recorded vote, human-confirmed reading)",3,,"VOTE NAY: 2023-06-14 2nd reading of Bill C-311, An Act to amend the Criminal Code (violence (Negatived) [-2: Voted to stop, at second reading, a bill recognising a victim's pregnancy as an aggravating factor at sentencing.] | VOTE NAY: 2021-06-02 2nd reading of Bill C-233, An Act to amend the Criminal Code (sex-sele (Negatived) [no reading -- not placed] | VOTE NAY: 2016-10-19 2nd reading of Bill C-225, An Act to amend the Criminal Code (injuring (Negatived) [-2: Voted against recognising harm to a preborn child as a separate offence.]",Bloc Québécois,Quebec
Gord Johns (NDP) - Courtenay—Alberni,,,,,1,,"a vote, 3 years ago","strong (recorded vote, human-confirmed reading)",3,,"VOTE NAY: 2023-06-14 2nd reading of Bill C-311, An Act to amend the Criminal Code (violence (Negatived) [-2: Voted to stop, at second reading, a bill recognising a victim's pregnancy as an aggravating factor at sentencing.] | VOTE NAY: 2021-06-02 2nd reading of Bill C-233, An Act to amend the Criminal Code (sex-sele (Negatived) [no reading -- not placed] | VOTE NAY: 2016-10-19 2nd reading of Bill C-225, An Act to amend the Criminal Code (injuring (Negatived) [-2: Voted against recognising harm to a preborn child as a separate offence.]",NDP,British Columbia
Greg Fergus (Liberal) - Hull—Aylmer,,,,,1,,"a vote, 3 years ago","strong (recorded vote, human-confirmed reading)",3,,"VOTE NAY: 2023-06-14 2nd reading of Bill C-311, An Act to amend the Criminal Code (violence (Negatived) [-2: Voted to stop, at second reading, a bill recognising a victim's pregnancy as an aggravating factor at sentencing.] | VOTE NAY: 2021-06-02 2nd reading of Bill C-233, An Act to amend the Criminal Code (sex-sele (Negatived) [no reading -- not placed] | VOTE NAY: 2016-10-19 2nd reading of Bill C-225, An Act to amend the Criminal Code (injuring (Negatived) [-2: Voted against recognising harm to a preborn child as a separate offence.]",Liberal,Quebec
Helena Jaczek (Liberal) - Markham—Stouffville,,,,,1,,"a vote, 3 years ago","strong (recorded vote, human-confirmed reading)",3,,"VOTE NAY: 2023-06-14 2nd reading of Bill C-311, An Act to amend the Criminal Code (violence (Negatived) [-2: Voted to stop, at second reading, a bill recognising a victim's pregnancy as an aggravating factor at sentencing.] | VOTE NAY: 2021-06-02 2nd reading of Bill C-233, An Act to amend the Criminal Code (sex-sele (Negatived) [no reading -- not placed] | 2020-10-19 SPEECH Criminal Code: ""Mr. Speaker, I am pleased to rise today to discuss Bill C-7, an act to amend the Criminal Code in re"" [activity, not direction]",Liberal,Ontario
Iqra Khalid (Liberal) - Mississauga—Erin Mills,,,,,1,,"a vote, 3 years ago","strong (recorded vote, human-confirmed reading)",3,,"VOTE NAY: 2023-06-14 2nd reading of Bill C-311, An Act to amend the Criminal Code (violence (Negatived) [-2: Voted to stop, at second reading, a bill recognising a victim's pregnancy as an aggravating factor at sentencing.] | VOTE NAY: 2021-06-02 2nd reading of Bill C-233, An Act to amend the Criminal Code (sex-sele (Negatived) [no reading -- not placed] | VOTE NAY: 2016-10-19 2nd reading of Bill C-225, An Act to amend the Criminal Code (injuring (Negatived) [-2: Voted against recognising harm to a preborn child as a separate offence.]",Liberal,Ontario
Jean Yip (Liberal) - Scarborough—Agincourt,,,,,1,,"a vote, 3 years ago","strong (recorded vote, human-confirmed reading)",3,,"VOTE NAY: 2023-06-14 2nd reading of Bill C-311, An Act to amend the Criminal Code (violence (Negatived) [-2: Voted to stop, at second reading, a bill recognising a victim's pregnancy as an aggravating factor at sentencing.] | VOTE NAY: 2021-06-02 2nd reading of Bill C-233, An Act to amend the Criminal Code (sex-sele (Negatived) [no reading -- not placed] | 2016-10-19 NO RECORDED VOTE: 2nd reading of Bill C-225, An Act to amend the Criminal Code (injuring",Liberal,Ontario
Jean-Denis Garon (Bloc Québécois) - Mirabel,,,,,1,,"a vote, 3 years ago","strong (recorded vote, human-confirmed reading)",3,,"2024-05-06 SPEECH Pharmacare Act — Second reading: ""Mr. Speaker, we are supposed to be studying a bill on pharmacare, yet we have addressed every issue "" [activity, not direction] | 2023-12-11 SPEECH Committees of the House — Justice and Human Rights: ""Madam Speaker, in his excellent speech on human rights, my colleague talked about a woman's right to"" [activity, not direction] | VOTE NAY: 2023-06-14 2nd reading of Bill C-311, An Act to amend the Criminal Code (violence (Negatived) [-2: Voted to stop, at second reading, a bill recognising a victim's pregnancy as an aggravating factor at sentencing.]",Bloc Québécois,Quebec
Joël Lightbound (Liberal) - Louis-Hébert,,,,,1,,"a vote, 3 years ago","strong (recorded vote, human-confirmed reading)",3,,"VOTE NAY: 2023-06-14 2nd reading of Bill C-311, An Act to amend the Criminal Code (violence (Negatived) [-2: Voted to stop, at second reading, a bill recognising a victim's pregnancy as an aggravating factor at sentencing.] | VOTE NAY: 2021-06-02 2nd reading of Bill C-233, An Act to amend the Criminal Code (sex-sele (Negatived) [no reading -- not placed] | VOTE NAY: 2016-10-19 2nd reading of Bill C-225, An Act to amend the Criminal Code (injuring (Negatived) [-2: Voted against recognising harm to a preborn child as a separate offence.]",Liberal,Quebec
Julie Dabrusin (Liberal) - Toronto—Danforth,,,,,1,,"a vote, 3 years ago","strong (recorded vote, human-confirmed reading)",3,,"VOTE NAY: 2023-06-14 2nd reading of Bill C-311, An Act to amend the Criminal Code (violence (Negatived) [-2: Voted to stop, at second reading, a bill recognising a victim's pregnancy as an aggravating factor at sentencing.] | VOTE NAY: 2021-06-02 2nd reading of Bill C-233, An Act to amend the Criminal Code (sex-sele (Negatived) [no reading -- not placed] | VOTE NAY: 2016-10-19 2nd reading of Bill C-225, An Act to amend the Criminal Code (injuring (Negatived) [-2: Voted against recognising harm to a preborn child as a separate offence.]",Liberal,Ontario
Kody Blois (Liberal) - Kings—Hants,,,,,1,,"a vote, 3 years ago","strong (recorded vote, human-confirmed reading)",3,,"2024-10-29 SPEECH Committees of the House — Canadian Heritage: ""I cannot help but remark on the point of order that was just made by the Minister for Women and Gend"" [activity, not direction] | VOTE NAY: 2023-06-14 2nd reading of Bill C-311, An Act to amend the Criminal Code (violence (Negatived) [-2: Voted to stop, at second reading, a bill recognising a victim's pregnancy as an aggravating factor at sentencing.] | VOTE NAY: 2021-06-02 2nd reading of Bill C-233, An Act to amend the Criminal Code (sex-sele (Negatived) [no reading -- not placed]",Liberal,Nova Scotia
Maninder Sidhu (Liberal) - Brampton East,,,,,1,,"a vote, 3 years ago","strong (recorded vote, human-confirmed reading)",3,,"VOTE NAY: 2023-06-14 2nd reading of Bill C-311, An Act to amend the Criminal Code (violence (Negatived) [-2: Voted to stop, at second reading, a bill recognising a victim's pregnancy as an aggravating factor at sentencing.] | VOTE NAY: 2021-06-02 2nd reading of Bill C-233, An Act to amend the Criminal Code (sex-sele (Negatived) [no reading -- not placed] | 2021-05-31 SPEECH Business of Supply — Foreign Affairs, Trade and De: ""Could the minister elaborate on how the government's inclusion of a focus on sexual and reproductive"" [activity, not direction]",Liberal,Ontario
Mario Beaulieu (Bloc Québécois) - La Pointe-de-l'Île,,,,,1,,"a vote, 3 years ago","strong (recorded vote, human-confirmed reading)",3,,"VOTE NAY: 2023-06-14 2nd reading of Bill C-311, An Act to amend the Criminal Code (violence (Negatived) [-2: Voted to stop, at second reading, a bill recognising a victim's pregnancy as an aggravating factor at sentencing.] | VOTE NAY: 2021-06-02 2nd reading of Bill C-233, An Act to amend the Criminal Code (sex-sele (Negatived) [no reading -- not placed] | VOTE NAY: 2016-10-19 2nd reading of Bill C-225, An Act to amend the Criminal Code (injuring (Negatived) [-2: Voted against recognising harm to a preborn child as a separate offence.]",Bloc Québécois,Quebec
Patricia Lattanzio (Liberal) - Saint-Léonard—Saint-Michel,,,,,1,,"a vote, 3 years ago","strong (recorded vote, human-confirmed reading)",3,,"2024-05-10 SPEECH Health: ""On Tuesday, the member for Peace River—Westlock introduced a petition here in the House to restrict "" [activity, not direction] | VOTE NAY: 2023-06-14 2nd reading of Bill C-311, An Act to amend the Criminal Code (violence (Negatived) [-2: Voted to stop, at second reading, a bill recognising a victim's pregnancy as an aggravating factor at sentencing.] | VOTE NAY: 2021-06-02 2nd reading of Bill C-233, An Act to amend the Criminal Code (sex-sele (Negatived) [no reading -- not placed]",Liberal,Quebec
Peter Fonseca (Liberal) - Mississauga East—Cooksville,,,,,1,,"a vote, 3 years ago","strong (recorded vote, human-confirmed reading)",3,,"VOTE NAY: 2023-06-14 2nd reading of Bill C-311, An Act to amend the Criminal Code (violence (Negatived) [-2: Voted to stop, at second reading, a bill recognising a victim's pregnancy as an aggravating factor at sentencing.] | VOTE NAY: 2021-06-02 2nd reading of Bill C-233, An Act to amend the Criminal Code (sex-sele (Negatived) [no reading -- not placed] | VOTE NAY: 2016-10-19 2nd reading of Bill C-225, An Act to amend the Criminal Code (injuring (Negatived) [-2: Voted against recognising harm to a preborn child as a separate offence.]",Liberal,Ontario
Peter Fragiskatos (Liberal) - London Centre,,,,,1,,"a vote, 3 years ago","strong (recorded vote, human-confirmed reading)",3,,"VOTE NAY: 2023-06-14 2nd reading of Bill C-311, An Act to amend the Criminal Code (violence (Negatived) [-2: Voted to stop, at second reading, a bill recognising a victim's pregnancy as an aggravating factor at sentencing.] | VOTE NAY: 2021-06-02 2nd reading of Bill C-233, An Act to amend the Criminal Code (sex-sele (Negatived) [no reading -- not placed] | VOTE NAY: 2016-10-19 2nd reading of Bill C-225, An Act to amend the Criminal Code (injuring (Negatived) [-2: Voted against recognising harm to a preborn child as a separate offence.]",Liberal,Ontario
Peter Schiefke (Liberal) - Vaudreuil,,,,,1,,"a vote, 3 years ago","strong (recorded vote, human-confirmed reading)",3,,"VOTE NAY: 2023-06-14 2nd reading of Bill C-311, An Act to amend the Criminal Code (violence (Negatived) [-2: Voted to stop, at second reading, a bill recognising a victim's pregnancy as an aggravating factor at sentencing.] | VOTE NAY: 2021-06-02 2nd reading of Bill C-233, An Act to amend the Criminal Code (sex-sele (Negatived) [no reading -- not placed] | VOTE NAY: 2016-10-19 2nd reading of Bill C-225, An Act to amend the Criminal Code (injuring (Negatived) [-2: Voted against recognising harm to a preborn child as a separate offence.]",Liberal,Quebec
Randeep Sarai (Liberal) - Surrey Centre,,,,,1,,"a vote, 3 years ago","strong (recorded vote, human-confirmed reading)",3,,"VOTE NAY: 2023-06-14 2nd reading of Bill C-311, An Act to amend the Criminal Code (violence (Negatived) [-2: Voted to stop, at second reading, a bill recognising a victim's pregnancy as an aggravating factor at sentencing.] | VOTE NAY: 2021-06-02 2nd reading of Bill C-233, An Act to amend the Criminal Code (sex-sele (Negatived) [no reading -- not placed] | VOTE NAY: 2016-10-19 2nd reading of Bill C-225, An Act to amend the Criminal Code (injuring (Negatived) [-2: Voted against recognising harm to a preborn child as a separate offence.]",Liberal,British Columbia
Rechie Valdez (Liberal) - Mississauga—Streetsville,,,,,1,,"a vote, 3 years ago","strong (recorded vote, human-confirmed reading)",3,,"VOTE NAY: 2023-06-14 2nd reading of Bill C-311, An Act to amend the Criminal Code (violence (Negatived) [-2: Voted to stop, at second reading, a bill recognising a victim's pregnancy as an aggravating factor at sentencing.] | 2023-03-21 SPEECH World Down Syndrome Day: ""World Down Syndrome Day"" [activity, not direction] | 2022-10-04 SPEECH Committees of the House — Health: ""Canada is a strong champion of gender equality and equity issues, and we bring this leadership to ou"" [activity, not direction]",Liberal,Ontario
Ron McKinnon (Liberal) - Coquitlam—Port Coquitlam,,,,,1,,"a vote, 3 years ago","strong (recorded vote, human-confirmed reading)",3,,"VOTE NAY: 2023-06-14 2nd reading of Bill C-311, An Act to amend the Criminal Code (violence (Negatived) [-2: Voted to stop, at second reading, a bill recognising a victim's pregnancy as an aggravating factor at sentencing.] | VOTE NAY: 2021-06-02 2nd reading of Bill C-233, An Act to amend the Criminal Code (sex-sele (Negatived) [no reading -- not placed] | VOTE NAY: 2016-10-19 2nd reading of Bill C-225, An Act to amend the Criminal Code (injuring (Negatived) [-2: Voted against recognising harm to a preborn child as a separate offence.]",Liberal,British Columbia
Ruby Sahota (Liberal) - Brampton North—Caledon,,,,,1,,"a vote, 3 years ago","strong (recorded vote, human-confirmed reading)",3,,"VOTE NAY: 2023-06-14 2nd reading of Bill C-311, An Act to amend the Criminal Code (violence (Negatived) [-2: Voted to stop, at second reading, a bill recognising a victim's pregnancy as an aggravating factor at sentencing.] | VOTE NAY: 2021-06-02 2nd reading of Bill C-233, An Act to amend the Criminal Code (sex-sele (Negatived) [no reading -- not placed] | VOTE NAY: 2016-10-19 2nd reading of Bill C-225, An Act to amend the Criminal Code (injuring (Negatived) [-2: Voted against recognising harm to a preborn child as a separate offence.]",Liberal,Ontario
Ryan Turnbull (Liberal) - Whitby,,,,,1,,"a vote, 3 years ago","strong (recorded vote, human-confirmed reading)",3,,"VOTE NAY: 2023-06-14 2nd reading of Bill C-311, An Act to amend the Criminal Code (violence (Negatived) [-2: Voted to stop, at second reading, a bill recognising a victim's pregnancy as an aggravating factor at sentencing.] | 2023-04-25 SPEECH Crisis in Sudan: ""In addition to humanitarian assistance, Canada also provides development assistance, which helps to "" [activity, not direction] | VOTE NAY: 2021-06-02 2nd reading of Bill C-233, An Act to amend the Criminal Code (sex-sele (Negatived) [no reading -- not placed]",Liberal,Ontario
Salma Zahid (Liberal) - Scarborough Centre—Don Valley East,,,,,1,,"a vote, 3 years ago","strong (recorded vote, human-confirmed reading)",3,,"VOTE NAY: 2023-06-14 2nd reading of Bill C-311, An Act to amend the Criminal Code (violence (Negatived) [-2: Voted to stop, at second reading, a bill recognising a victim's pregnancy as an aggravating factor at sentencing.] | VOTE NAY: 2021-06-02 2nd reading of Bill C-233, An Act to amend the Criminal Code (sex-sele (Negatived) [no reading -- not placed] | VOTE NAY: 2016-10-19 2nd reading of Bill C-225, An Act to amend the Criminal Code (injuring (Negatived) [-2: Voted against recognising harm to a preborn child as a separate offence.]",Liberal,Ontario
Sean Fraser (Liberal) - Central Nova,,,,,1,,"a vote, 3 years ago","strong (recorded vote, human-confirmed reading)",3,,"VOTE NAY: 2023-06-14 2nd reading of Bill C-311, An Act to amend the Criminal Code (violence (Negatived) [-2: Voted to stop, at second reading, a bill recognising a victim's pregnancy as an aggravating factor at sentencing.] | VOTE NAY: 2021-06-02 2nd reading of Bill C-233, An Act to amend the Criminal Code (sex-sele (Negatived) [no reading -- not placed] | VOTE NAY: 2016-10-19 2nd reading of Bill C-225, An Act to amend the Criminal Code (injuring (Negatived) [-2: Voted against recognising harm to a preborn child as a separate offence.]",Liberal,Nova Scotia
Sherry Romanado (Liberal) - Longueuil—Charles-LeMoyne—Greenfield Park,,,,,1,,"a vote, 3 years ago","strong (recorded vote, human-confirmed reading)",3,,"VOTE NAY: 2023-06-14 2nd reading of Bill C-311, An Act to amend the Criminal Code (violence (Negatived) [-2: Voted to stop, at second reading, a bill recognising a victim's pregnancy as an aggravating factor at sentencing.] | VOTE NAY: 2021-06-02 2nd reading of Bill C-233, An Act to amend the Criminal Code (sex-sele (Negatived) [no reading -- not placed] | VOTE NAY: 2016-10-19 2nd reading of Bill C-225, An Act to amend the Criminal Code (injuring (Negatived) [-2: Voted against recognising harm to a preborn child as a separate offence.]",Liberal,Quebec
Stéphane Lauzon (Liberal) - Argenteuil—Papineau—Des Collines,,,,,1,,"a vote, 3 years ago","strong (recorded vote, human-confirmed reading)",3,,"VOTE NAY: 2023-06-14 2nd reading of Bill C-311, An Act to amend the Criminal Code (violence (Negatived) [-2: Voted to stop, at second reading, a bill recognising a victim's pregnancy as an aggravating factor at sentencing.] | VOTE NAY: 2021-06-02 2nd reading of Bill C-233, An Act to amend the Criminal Code (sex-sele (Negatived) [no reading -- not placed] | VOTE NAY: 2016-10-19 2nd reading of Bill C-225, An Act to amend the Criminal Code (injuring (Negatived) [-2: Voted against recognising harm to a preborn child as a separate offence.]",Liberal,Quebec
Terry Beech (Liberal) - Burnaby North—Seymour,,,,,1,,"a vote, 3 years ago","strong (recorded vote, human-confirmed reading)",3,,"VOTE NAY: 2023-06-14 2nd reading of Bill C-311, An Act to amend the Criminal Code (violence (Negatived) [-2: Voted to stop, at second reading, a bill recognising a victim's pregnancy as an aggravating factor at sentencing.] | VOTE NAY: 2021-06-02 2nd reading of Bill C-233, An Act to amend the Criminal Code (sex-sele (Negatived) [no reading -- not placed] | VOTE NAY: 2016-10-19 2nd reading of Bill C-225, An Act to amend the Criminal Code (injuring (Negatived) [-2: Voted against recognising harm to a preborn child as a separate offence.]",Liberal,British Columbia
Terry Duguid (Liberal) - Winnipeg South,,,,,1,,"a vote, 3 years ago","strong (recorded vote, human-confirmed reading)",3,,"VOTE NAY: 2023-06-14 2nd reading of Bill C-311, An Act to amend the Criminal Code (violence (Negatived) [-2: Voted to stop, at second reading, a bill recognising a victim's pregnancy as an aggravating factor at sentencing.] | VOTE NAY: 2021-06-02 2nd reading of Bill C-233, An Act to amend the Criminal Code (sex-sele (Negatived) [no reading -- not placed] | VOTE NAY: 2016-10-19 2nd reading of Bill C-225, An Act to amend the Criminal Code (injuring (Negatived) [-2: Voted against recognising harm to a preborn child as a separate offence.]",Liberal,Manitoba
Terry Sheehan (Liberal) - Sault Ste. Marie—Algoma,,,,,1,,"a vote, 3 years ago","strong (recorded vote, human-confirmed reading)",3,,"VOTE NAY: 2023-06-14 2nd reading of Bill C-311, An Act to amend the Criminal Code (violence (Negatived) [-2: Voted to stop, at second reading, a bill recognising a victim's pregnancy as an aggravating factor at sentencing.] | VOTE NAY: 2021-06-02 2nd reading of Bill C-233, An Act to amend the Criminal Code (sex-sele (Negatived) [no reading -- not placed] | VOTE NAY: 2016-10-19 2nd reading of Bill C-225, An Act to amend the Criminal Code (injuring (Negatived) [-2: Voted against recognising harm to a preborn child as a separate offence.]",Liberal,Ontario
Viviane Lapointe (Liberal) - Sudbury,,,,,1,,"a vote, 3 years ago","strong (recorded vote, human-confirmed reading)",3,,"VOTE NAY: 2023-06-14 2nd reading of Bill C-311, An Act to amend the Criminal Code (violence (Negatived) [-2: Voted to stop, at second reading, a bill recognising a victim's pregnancy as an aggravating factor at sentencing.] | 2023-06-14 SPEECH Women and Gender Equality: ""Mr. Speaker, the Conservative Party would have us believe that the abortion debate is closed, but it"" [activity, not direction] | 2022-03-21 SPEECH World Down Syndrome Day: ""World Down Syndrome Day"" [activity, not direction]",Liberal,Ontario
Yasir Naqvi (Liberal) - Ottawa Centre,,,,,1,,"a vote, 3 years ago","strong (recorded vote, human-confirmed reading)",3,,"2026-03-10 SPEECH Government Business No. 6—Proceedings on Bill C-9: ""There has been precedent to do this. This is not something unique. In my former role as the attorney"" [activity, not direction] | VOTE NAY: 2023-06-14 2nd reading of Bill C-311, An Act to amend the Criminal Code (violence (Negatived) [-2: Voted to stop, at second reading, a bill recognising a victim's pregnancy as an aggravating factor at sentencing.] | 2021-12-06 SPEECH Business of the House: ""My precise question to the minister is around protecting abortion services, as well, which I fully s"" [activity, not direction]",Liberal,Ontario
Yves Perron (Bloc Québécois) - Berthier—Maskinongé,,,,,1,,"a vote, 3 years ago","strong (recorded vote, human-confirmed reading)",3,,"VOTE NAY: 2023-06-14 2nd reading of Bill C-311, An Act to amend the Criminal Code (violence (Negatived) [-2: Voted to stop, at second reading, a bill recognising a victim's pregnancy as an aggravating factor at sentencing.] | 2021-12-08 SPEECH Criminal Code: ""Over the years, we have also seen protests by people preventing access to abortion clinics. Recogniz"" [activity, not direction] | VOTE NAY: 2021-06-02 2nd reading of Bill C-233, An Act to amend the Criminal Code (sex-sele (Negatived) [no reading -- not placed]",Bloc Québécois,Quebec
Yves-François Blanchet (Bloc Québécois) - Beloeil—Chambly,,,,,1,,"a vote, 3 years ago","strong (recorded vote, human-confirmed reading)",3,,"VOTE NAY: 2023-06-14 2nd reading of Bill C-311, An Act to amend the Criminal Code (violence (Negatived) [-2: Voted to stop, at second reading, a bill recognising a victim's pregnancy as an aggravating factor at sentencing.] | 2023-02-09 SPEECH Business of Supply — Opposition Motion—Use of the : ""Beyond that, the divisiveness over Bill C-13 is quite dramatic. I would not want to invite myself to"" [activity, not direction] | VOTE NAY: 2021-06-02 2nd reading of Bill C-233, An Act to amend the Criminal Code (sex-sele (Negatived) [no reading -- not placed]",Bloc Québécois,Quebec
Élisabeth Brière (Liberal) - Sherbrooke,,,,,1,,"a vote, 3 years ago","strong (recorded vote, human-confirmed reading)",3,,"VOTE NAY: 2023-06-14 2nd reading of Bill C-311, An Act to amend the Criminal Code (violence (Negatived) [-2: Voted to stop, at second reading, a bill recognising a victim's pregnancy as an aggravating factor at sentencing.] | 2023-05-12 SPEECH Women's Rights: ""Our government will always protect access to abortion and affirm that it is an essential right for w"" [activity, not direction] | VOTE NAY: 2021-06-02 2nd reading of Bill C-233, An Act to amend the Criminal Code (sex-sele (Negatived) [no reading -- not placed]",Liberal,Quebec
Annie Koutrakis (Liberal) - Vimy,,,,,1,,"a vote, 3 years ago","strong (recorded vote, human-confirmed reading)",2,,"VOTE NAY: 2023-06-14 2nd reading of Bill C-311, An Act to amend the Criminal Code (violence (Negatived) [-2: Voted to stop, at second reading, a bill recognising a victim's pregnancy as an aggravating factor at sentencing.] | VOTE NAY: 2021-06-02 2nd reading of Bill C-233, An Act to amend the Criminal Code (sex-sele (Negatived) [no reading -- not placed]",Liberal,Quebec
Charles Sousa (Liberal) - Mississauga—Lakeshore,,,,,1,,"a vote, 3 years ago","strong (recorded vote, human-confirmed reading)",2,,"2024-10-29 SPEECH Public Services and Procurement: ""The findings are very much in line with several previous internal and external reviews relating to s"" [activity, not direction] | VOTE NAY: 2023-06-14 2nd reading of Bill C-311, An Act to amend the Criminal Code (violence (Negatived) [-2: Voted to stop, at second reading, a bill recognising a victim's pregnancy as an aggravating factor at sentencing.]",Liberal,Ontario
Doug Eyolfson (Liberal) - Winnipeg West,,,,,1,,"a vote, 10 years ago","strong (recorded vote, human-confirmed reading)",2,,"VOTE NAY: 2016-10-19 2nd reading of Bill C-225, An Act to amend the Criminal Code (injuring (Negatived) [-2: Voted against recognising harm to a preborn child as a separate offence.] | 2016-04-22 SPEECH Criminal Code: ""Another controversial issue in our society is abortion. There is no legislative protection for physi"" [activity, not direction]",Liberal,Manitoba
Jaime Battiste (Liberal) - Cape Breton—Canso—Antigonish,,,,,1,,"a vote, 3 years ago","strong (recorded vote, human-confirmed reading)",2,,"VOTE NAY: 2023-06-14 2nd reading of Bill C-311, An Act to amend the Criminal Code (violence (Negatived) [-2: Voted to stop, at second reading, a bill recognising a victim's pregnancy as an aggravating factor at sentencing.] | VOTE NAY: 2021-06-02 2nd reading of Bill C-233, An Act to amend the Criminal Code (sex-sele (Negatived) [no reading -- not placed]",Liberal,Nova Scotia
Linda Lapointe (Liberal) - Rivière-des-Mille-Îles,,,,,1,,"a vote, 10 years ago","strong (recorded vote, human-confirmed reading)",2,,"2017-03-08 SPEECH Status of Women: ""Mr. Speaker, on March 2, the Minister of International Development and La Francophonie said, “Sexual"" [activity, not direction] | VOTE NAY: 2016-10-19 2nd reading of Bill C-225, An Act to amend the Criminal Code (injuring (Negatived) [-2: Voted against recognising harm to a preborn child as a separate offence.]",Liberal,Quebec
Marcus Powlowski (Liberal) - Thunder Bay—Rainy River,,,,,1,,"a vote, 3 years ago","strong (recorded vote, human-confirmed reading)",2,,"VOTE NAY: 2023-06-14 2nd reading of Bill C-311, An Act to amend the Criminal Code (violence (Negatived) [-2: Voted to stop, at second reading, a bill recognising a victim's pregnancy as an aggravating factor at sentencing.] | VOTE NAY: 2021-06-02 2nd reading of Bill C-233, An Act to amend the Criminal Code (sex-sele (Negatived) [no reading -- not placed]",Liberal,Ontario
Marie-France Lalonde (Liberal) - Orléans,,,,,1,,"a vote, 3 years ago","strong (recorded vote, human-confirmed reading)",2,,"VOTE NAY: 2023-06-14 2nd reading of Bill C-311, An Act to amend the Criminal Code (violence (Negatived) [-2: Voted to stop, at second reading, a bill recognising a victim's pregnancy as an aggravating factor at sentencing.] | VOTE NAY: 2021-06-02 2nd reading of Bill C-233, An Act to amend the Criminal Code (sex-sele (Negatived) [no reading -- not placed]",Liberal,Ontario
Marie-Hélène Gaudreau (Bloc Québécois) - Laurentides—Labelle,,,,,1,,"a vote, 3 years ago","strong (recorded vote, human-confirmed reading)",2,,"VOTE NAY: 2023-06-14 2nd reading of Bill C-311, An Act to amend the Criminal Code (violence (Negatived) [-2: Voted to stop, at second reading, a bill recognising a victim's pregnancy as an aggravating factor at sentencing.] | VOTE NAY: 2021-06-02 2nd reading of Bill C-233, An Act to amend the Criminal Code (sex-sele (Negatived) [no reading -- not placed]",Bloc Québécois,Quebec
Maxime Blanchette-Joncas (Bloc Québécois) - Rimouski-Neigette—Mitis—Matapédia—Les Basques,,,,,1,,"a vote, 3 years ago","strong (recorded vote, human-confirmed reading)",2,,"VOTE NAY: 2023-06-14 2nd reading of Bill C-311, An Act to amend the Criminal Code (violence (Negatived) [-2: Voted to stop, at second reading, a bill recognising a victim's pregnancy as an aggravating factor at sentencing.] | VOTE NAY: 2021-06-02 2nd reading of Bill C-233, An Act to amend the Criminal Code (sex-sele (Negatived) [no reading -- not placed]",Bloc Québécois,Quebec
Mike Kelloway (Liberal) - Sydney—Glace Bay,,,,,1,,"a vote, 3 years ago","strong (recorded vote, human-confirmed reading)",2,,"VOTE NAY: 2023-06-14 2nd reading of Bill C-311, An Act to amend the Criminal Code (violence (Negatived) [-2: Voted to stop, at second reading, a bill recognising a victim's pregnancy as an aggravating factor at sentencing.] | VOTE NAY: 2021-06-02 2nd reading of Bill C-233, An Act to amend the Criminal Code (sex-sele (Negatived) [no reading -- not placed]",Liberal,Nova Scotia
Patrick Weiler (Liberal) - West Vancouver—Sunshine Coast—Sea to Sky Country,,,,,1,,"a vote, 3 years ago","strong (recorded vote, human-confirmed reading)",2,,"VOTE NAY: 2023-06-14 2nd reading of Bill C-311, An Act to amend the Criminal Code (violence (Negatived) [-2: Voted to stop, at second reading, a bill recognising a victim's pregnancy as an aggravating factor at sentencing.] | VOTE NAY: 2021-06-02 2nd reading of Bill C-233, An Act to amend the Criminal Code (sex-sele (Negatived) [no reading -- not placed]",Liberal,British Columbia
Taleeb Noormohamed (Liberal) - Vancouver Granville,,,,,1,,"a vote, 3 years ago","strong (recorded vote, human-confirmed reading)",2,,"VOTE NAY: 2023-06-14 2nd reading of Bill C-311, An Act to amend the Criminal Code (violence (Negatived) [-2: Voted to stop, at second reading, a bill recognising a victim's pregnancy as an aggravating factor at sentencing.] | 2023-03-08 SPEECH Women and Gender Equality: ""Mr. Speaker, on International Women's Day, we celebrate the contributions, achievements and leadersh"" [activity, not direction]",Liberal,British Columbia
Tim Louis (Liberal) - Kitchener—Conestoga,,,,,1,,"a vote, 3 years ago","strong (recorded vote, human-confirmed reading)",2,,"VOTE NAY: 2023-06-14 2nd reading of Bill C-311, An Act to amend the Criminal Code (violence (Negatived) [-2: Voted to stop, at second reading, a bill recognising a victim's pregnancy as an aggravating factor at sentencing.] | VOTE NAY: 2021-06-02 2nd reading of Bill C-233, An Act to amend the Criminal Code (sex-sele (Negatived) [no reading -- not placed]",Liberal,Ontario
Yvan Baker (Liberal) - Etobicoke Centre,,,,,1,,"a vote, 3 years ago","strong (recorded vote, human-confirmed reading)",2,,"VOTE NAY: 2023-06-14 2nd reading of Bill C-311, An Act to amend the Criminal Code (violence (Negatived) [-2: Voted to stop, at second reading, a bill recognising a victim's pregnancy as an aggravating factor at sentencing.] | VOTE NAY: 2021-06-02 2nd reading of Bill C-233, An Act to amend the Criminal Code (sex-sele (Negatived) [no reading -- not placed]",Liberal,Ontario
Brendan Hanley (Liberal) - Yukon,,,,,1,,"a vote, 3 years ago","strong (recorded vote, human-confirmed reading)",1,,"VOTE NAY: 2023-06-14 2nd reading of Bill C-311, An Act to amend the Criminal Code (violence (Negatived) [-2: Voted to stop, at second reading, a bill recognising a victim's pregnancy as an aggravating factor at sentencing.]",Liberal,Yukon
Heath MacDonald (Liberal) - Malpeque,,,,,1,,"a vote, 3 years ago","strong (recorded vote, human-confirmed reading)",1,,"VOTE NAY: 2023-06-14 2nd reading of Bill C-311, An Act to amend the Criminal Code (violence (Negatived) [-2: Voted to stop, at second reading, a bill recognising a victim's pregnancy as an aggravating factor at sentencing.]",Liberal,Prince Edward Island
Iqwinder Gaheer (Liberal) - Mississauga—Malton,,,,,1,,"a vote, 3 years ago","strong (recorded vote, human-confirmed reading)",1,,"VOTE NAY: 2023-06-14 2nd reading of Bill C-311, An Act to amend the Criminal Code (violence (Negatived) [-2: Voted to stop, at second reading, a bill recognising a victim's pregnancy as an aggravating factor at sentencing.]",Liberal,Ontario
Joanne Thompson (Liberal) - St. John's East,,,,,1,,"a vote, 3 years ago","strong (recorded vote, human-confirmed reading)",1,,"VOTE NAY: 2023-06-14 2nd reading of Bill C-311, An Act to amend the Criminal Code (violence (Negatived) [-2: Voted to stop, at second reading, a bill recognising a victim's pregnancy as an aggravating factor at sentencing.]",Liberal,Newfoundland and Labrador
Lena Metlege Diab (Liberal) - Halifax West—Peggy's Cove,,,,,1,,"a vote, 3 years ago","strong (recorded vote, human-confirmed reading)",1,,"VOTE NAY: 2023-06-14 2nd reading of Bill C-311, An Act to amend the Criminal Code (violence (Negatived) [-2: Voted to stop, at second reading, a bill recognising a victim's pregnancy as an aggravating factor at sentencing.]",Liberal,Nova Scotia
Michael Coteau (Liberal) - Scarborough—Woburn,,,,,1,,"a vote, 3 years ago","strong (recorded vote, human-confirmed reading)",1,,"VOTE NAY: 2023-06-14 2nd reading of Bill C-311, An Act to amend the Criminal Code (violence (Negatived) [-2: Voted to stop, at second reading, a bill recognising a victim's pregnancy as an aggravating factor at sentencing.]",Liberal,Ontario
Parm Bains (Liberal) - Richmond East—Steveston,,,,,1,,"a vote, 3 years ago","strong (recorded vote, human-confirmed reading)",1,,"VOTE NAY: 2023-06-14 2nd reading of Bill C-311, An Act to amend the Criminal Code (violence (Negatived) [-2: Voted to stop, at second reading, a bill recognising a victim's pregnancy as an aggravating factor at sentencing.]",Liberal,British Columbia
Shafqat Ali (Liberal) - Brampton—Chinguacousy Park,,,,,1,,"a vote, 3 years ago","strong (recorded vote, human-confirmed reading)",1,,"VOTE NAY: 2023-06-14 2nd reading of Bill C-311, An Act to amend the Criminal Code (violence (Negatived) [-2: Voted to stop, at second reading, a bill recognising a victim's pregnancy as an aggravating factor at sentencing.]",Liberal,Ontario
Stephen Fuhr (Liberal) - Kelowna,,,,,1,,"a vote, 10 years ago","strong (recorded vote, human-confirmed reading)",1,,"VOTE NAY: 2016-10-19 2nd reading of Bill C-225, An Act to amend the Criminal Code (injuring (Negatived) [-2: Voted against recognising harm to a preborn child as a separate offence.]",Liberal,British Columbia
Niki Ashton (NDP) - Churchill—Keewatinook Aski [FORMER],,,,,1,,"a vote, 3 years ago","strong (recorded vote, human-confirmed reading)",36,,"VOTE NAY: 2023-06-14 2nd reading of Bill C-311, An Act to amend the Criminal Code (violence (Negatived) [-2: Voted to stop, at second reading, a bill recognising a victim's pregnancy as an aggravating factor at sentencing.] | 2023-06-14 SPEECH Canada Early Learning and Child Care Act: ""Far too many women are waiting for far too many men, and some women, to figure out how to treat us w"" [activity, not direction] | VOTE NAY: 2021-06-02 2nd reading of Bill C-233, An Act to amend the Criminal Code (sex-sele (Negatived) [no reading -- not placed] | 2021-05-28 SPEECH Sex-Selective Abortion Act: ""Sex-Selective Abortion Act"" [activity, not direction] | 2018-05-10 SPEECH Health: ""Mr. Speaker, whether it is comments in this House or messages we hear outside, it is clear that the "" [activity, not direction] | VOTE NAY: 2016-10-19 2nd reading of Bill C-225, An Act to amend the Criminal Code (injuring (Negatived) [-2: Voted against recognising harm to a preborn child as a separate offence.] | 2016-01-28 SPEECH Status of Women: ""As a Manitoban, I am proud of the way Manitoba women and Manitoba feminists have blazed the trail, f"" [activity, not direction] | 2014-05-27 SPEECH Protecting Canadians from Unsafe Drugs Act (Vaness: ""When it comes to delays in terms of drugs that are necessary and have been proven to be very benefic"" [activity, not direction] | 2014-03-06 SPEECH International Women's Day: ""Mr. Speaker, on International Women's Day, we celebrate the strength and courage of women's rights a"" [activity, not direction] | 2013-06-11 SPEECH Foreign Affairs: ""Mr. Speaker, the fact is people are concerned that the Conservatives will apply a double standard wh"" [activity, not direction] | 2013-05-29 SPEECH Henry Morgentaler: ""Dr. Morgentaler was honoured with the Order of Canada for his tireless efforts for nearly half a cen"" [activity, not direction] | 2013-04-23 SPEECH Financial Administration Act: ""In fact, today I had the opportunity to be in the Standing Committee on the Status of Women, where w"" [activity, not direction] | 2013-02-01 SPEECH Abortion: ""Abortion"" [activity, not direction] | 2013-01-28 SPEECH Abortion: ""Today, 25 years later, a vast majority of Canadians support a woman's right to choose, and that is w"" [activity, not direction] | 2013-01-28 SPEECH Status of Women: ""Mr. Speaker, 25 years ago today, the Supreme Court of Canada issued the Morgentaler decision, striki"" [activity, not direction] | 2012-12-06 SPEECH Abortion: ""Many of us were encouraged that Motion No. 312 was defeated, thanks to the NDP's leadership. Unfortu"" [activity, not direction] | 2012-12-06 SPEECH Abortion: ""Abortion"" [activity, not direction] | VOTE NAY: 2012-09-26 Private Members' Business M-312 (Special committee on subsection 223(1 (Negatived) [-1: Voted against studying when a child becomes a human being in law (-1: some opposed reopening the question, not the quest] | 2012-09-26 SPEECH Justice: ""Mr. Speaker, despite promises from the Prime Minister to not reopen the abortion debate, today the H"" [activity, not direction] | 2012-09-26 SPEECH Petitions — Abortion: ""Petitions — Abortion"" [activity, not direction] | 2012-09-21 SPEECH Abortion: ""Abortion"" [activity, not direction] | 2012-09-21 SPEECH Abortion: ""Abortion"" [activity, not direction] | 2012-09-21 SPEECH Petitions — Abortion: ""Petitions — Abortion"" [activity, not direction] | 2012-09-19 SPEECH Status of Women: ""Mr. Speaker, this week, members of Parliament will have a third hour of debate on Motion No. 312, th"" [activity, not direction] | 2012-09-18 SPEECH Petitions — Abortion: ""Petitions — Abortion"" [activity, not direction] | 2012-09-17 SPEECH Petitions — Abortion: ""Petitions — Abortion"" [activity, not direction] | 2012-06-20 SPEECH First Nations Financial Transparency Act: ""The government brought up a private member's bill, which again speaks to its two-sided approach. The"" [activity, not direction] | 2012-06-04 SPEECH Petitions — Abortion: ""Petitions — Abortion"" [activity, not direction] | 2012-06-01 SPEECH Petitions — Abortion: ""Petitions — Abortion"" [activity, not direction] | 2012-05-02 SPEECH Status of Women: ""Mr. Speaker, it is clear that the Conservative majority is rolling the clock back on women's rights."" [activity, not direction] | 2012-05-02 SPEECH Status of Women: ""In addition to reopening the abortion debate, the Conservatives are also regressing when it comes to"" [activity, not direction] | 2012-04-26 SPEECH Status of Women: ""Mr. Speaker, nothing at all is clear. The Conservatives are in the process of reopening the abortion"" [activity, not direction] | 2012-04-26 SPEECH Special Committee on Subsection 223(1) of the Crim: ""An article written around that same time quoted the Prime Minister as saying, “As long as I’m prime "" [activity, not direction] | 2012-04-25 SPEECH Justice: ""Mr. Speaker, the Prime Minister promised Canadians that he would not reopen the debate on abortion. "" [activity, not direction] | 2012-04-25 SPEECH Justice: ""Mr. Speaker, during the election and in the House the Conservative government has said that it is no"" [activity, not direction] | 2010-12-13 SPEECH Criminal Code: ""As the youngest woman in the House of Commons, I do not believe we would be discussing a bill in 201"" [activity, not direction]",NDP,Manitoba
Justin Trudeau (Liberal) - Papineau [FORMER],,,,,1,,"a vote, 3 years ago","strong (recorded vote, human-confirmed reading)",29,,"2024-10-30 SPEECH Health: ""Mr. Speaker, we are the government that has stood up for women's rights unequivocally across this co"" [activity, not direction] | 2024-10-30 SPEECH Health: ""This government is unequivocally pro-choice. We will always defend a woman's right to choose, full s"" [activity, not direction] | 2024-10-23 SPEECH Liberal Party of Canada: ""What is interesting is that nobody in the Conservative caucus seemed to have spoken out when one mem"" [activity, not direction] | 2024-10-23 SPEECH Carbon Pricing: ""Mr. Speaker, the leader of the Conservative Party should not be bragging that none of his MPs have a"" [activity, not direction] | 2024-09-25 SPEECH International Trade: ""Mr. Speaker, it is obvious that the Leader of the Opposition really did not like that I went down to"" [activity, not direction] | 2024-09-25 SPEECH Women and Gender Equality: ""Canadian women are very concerned when they see the Conservative member for Cypress Hills—Grasslands"" [activity, not direction] | 2024-09-25 SPEECH Public Safety: ""However, what we continually see from this Conservative leader is that he is incapable of standing u"" [activity, not direction] | 2024-05-22 SPEECH Women and Gender Equality: ""Mr. Speaker, I thank the member for Vancouver Centre for her decades of leadership. We will always s"" [activity, not direction] | 2024-05-22 SPEECH Women and Gender Equality: ""On the other side of the House, Conservative MPs are proposing anti-choice laws and attending anti-a"" [activity, not direction] | 2024-05-22 SPEECH Women and Gender Equality: ""Mr. Speaker, the hon. member for Davenport is right. Reproductive health is health. Abortion is heal"" [activity, not direction] | 2024-05-08 SPEECH Women and Gender Equality: ""Mr. Speaker, the Leader of the Opposition is playing politics at the expense of Canadians' rights an"" [activity, not direction] | 2024-05-07 SPEECH Pharmacare: ""Perhaps we learned today why the Conservatives are so vehemently opposed to it. It is because their "" [activity, not direction] | 2024-05-07 SPEECH Pharmacare: ""Mr. Speaker, we are happy to work with everyone in the House to stand against the Leader of the Oppo"" [activity, not direction] | 2023-09-18 SPEECH Housing: ""Mr. Speaker, we will focus on delivering real results while the leader opposite is focused on empty "" [activity, not direction] | 2023-06-21 SPEECH Government Accountability: ""Let me be very clear. In Canada, everyone has the freedom to love who they love, everyone has the fr"" [activity, not direction] | 2023-06-21 SPEECH Government Accountability: ""Let me be very clear. In Canada, everyone has the freedom to love who they love, everyone has the fr"" [activity, not direction] | VOTE NAY: 2023-06-14 2nd reading of Bill C-311, An Act to amend the Criminal Code (violence (Negatived) [-2: Voted to stop, at second reading, a bill recognising a victim's pregnancy as an aggravating factor at sentencing.] | 2023-05-10 SPEECH Carbon Pricing: ""That kind of misogyny, the casual approach that they take on that side against fighting for women's "" [activity, not direction] | 2023-05-10 SPEECH Women and Gender Equality: ""Our government is unapologetically feminist and pro-choice. Since 2020, we have provided almost half"" [activity, not direction] | 2023-05-10 SPEECH Women and Gender Equality: ""Since 2020, we have provided almost half a billion dollars to support women's sexual and reproductiv"" [activity, not direction] | 2023-05-10 SPEECH Women and Gender Equality: ""Let me be clear: Abortion is health care in Canada. A woman's right to choose is hers, and hers alon"" [activity, not direction] | 2023-03-08 SPEECH Women and Gender Equality: ""Mr. Speaker, I thank the hon. member for Vancouver Granville for his hard work and his advocacy. Her"" [activity, not direction] | 2022-05-04 SPEECH Women and Gender Equality: ""Mr. Speaker, allow me to state once again in this House that the right to choose is a woman's right "" [activity, not direction] | 2022-05-04 SPEECH Women and Gender Equality: ""Mr. Speaker, I thank the hon. member for Pontiac for her question, and I share her sentiments. Every"" [activity, not direction] | VOTE NAY: 2021-06-02 2nd reading of Bill C-233, An Act to amend the Criminal Code (sex-sele (Negatived) [no reading -- not placed] | 2021-04-14 SPEECH Justice: ""Women and women alone have the right to make decisions about their own bodies. While the leader of t"" [activity, not direction] | 2019-03-20 SPEECH Justice: ""The Conservatives are still against abortion, whereas we will always defend women's rights."" [activity, not direction] | 2016-10-19 NO RECORDED VOTE: 2nd reading of Bill C-225, An Act to amend the Criminal Code (injuring | VOTE NAY: 2012-09-26 Private Members' Business M-312 (Special committee on subsection 223(1 (Negatived) [-1: Voted against studying when a child becomes a human being in law (-1: some opposed reopening the question, not the quest]",Liberal,Quebec
Irene Mathyssen (NDP) - London—Fanshawe [FORMER],,,,,1,,"a vote, 10 years ago","strong (recorded vote, human-confirmed reading)",17,,"2018-05-31 SPEECH Budget Implementation Act, 2018, No. 1: ""A universal pharmacare program would create equal access to life-saving and life-enhancing medicatio"" [activity, not direction] | 2018-05-09 SPEECH Human Rights: ""Canada can and must be willing to use the Canada Health Act to ensure safe and equal abortion access"" [activity, not direction] | 2018-05-09 SPEECH Health: ""When will the government use the Canada Health Act to grant all Canadians their right to safe and eq"" [activity, not direction] | 2018-01-29 PETITION 421-01996 (Health care services, 690 signatures) judge 3: Petition demands universal public funding and removal of restrictions on abortion pill access nationwide, dire [presenting a petition does not imply endorsement] | 2018-01-29 SPEECH Petitions — Abortion: ""Petitions — Abortion"" [activity, not direction] | 2017-03-08 SPEECH Health: ""Mr. Speaker, the Prime Minister claims to be a feminist, but on International Women's Day, he is con"" [activity, not direction] | VOTE NAY: 2016-10-19 2nd reading of Bill C-225, An Act to amend the Criminal Code (injuring (Negatived) [-2: Voted against recognising harm to a preborn child as a separate offence.] | VOTE NAY: 2012-09-26 Private Members' Business M-312 (Special committee on subsection 223(1 (Negatived) [-1: Voted against studying when a child becomes a human being in law (-1: some opposed reopening the question, not the quest] | 2012-09-21 SPEECH Special Committee on Subsection 223(1) of the Crim: ""Women's groups in Canada fighting for comprehensive maternal health funding were told by a Conservat"" [activity, not direction] | 2010-11-01 SPEECH An Act to Prevent Coercion of Pregnant Women to Ab: ""Coercion is already illegal under the Criminal Code, section 264.1, and abortion counsellors are alr"" [activity, not direction] | 2010-11-01 SPEECH An Act to Prevent Coercion of Pregnant Women to Ab: ""I would like to take a moment to thank all the brave women, organizations and abortion providers who"" [activity, not direction] | 2010-06-09 SPEECH International Co-operation: ""I will give members an idea of the information that was presented at committee. We learned that with"" [activity, not direction] | 2010-06-09 SPEECH International Co-operation: ""We saw the same thing from the Bush administration in the U.S. What we learned from the Bush gag rul"" [activity, not direction] | 2010-05-04 SPEECH Maternal and Child Health: ""While New Democrats applaud that maternal and child health will be a priority at the G8 summit this "" [activity, not direction] | 2010-05-04 SPEECH International Co-operation: ""Will the government actually put Canada in a leadership role on maternal health and attend this conf"" [activity, not direction] | 2010-04-29 SPEECH International Co-operation: ""Mr. Speaker, yesterday the responses by the government to my questions on abortion funding omitted t"" [activity, not direction] | 2010-04-28 SPEECH International Cooperation: ""According to the World Health Organization, 13% of maternal deaths in poor countries are the result "" [activity, not direction]",NDP,Ontario
Mark Holland (Liberal) - Ajax [FORMER],,,,,1,,"a vote, 3 years ago","strong (recorded vote, human-confirmed reading)",15,,"2024-10-28 SPEECH Health: ""Mr. Speaker, absolutely, that is exactly what we are doing in working with provinces and territories"" [activity, not direction] | 2024-10-24 SPEECH Health: ""Mr. Speaker, I completely agree that abortion is health care. It is absolutely essential that every "" [activity, not direction] | 2024-10-07 SPEECH Health: ""Mr. Speaker, abortion care is health care. Making sure that women have access to abortion services i"" [activity, not direction] | 2024-10-03 SPEECH Government Accountability: ""Do members know that Alabama has the third-lowest life expectancy in the United States? Do members k"" [activity, not direction] | 2024-06-04 SPEECH Women and Gender Equality: ""When a member makes such comments, it becomes clear that, if they are both against abortion and agai"" [activity, not direction] | 2024-05-29 SPEECH Business of Supply — Department of Health—Main Est: ""Mr. Speaker, of course abortion care is absolutely essential health care, and all women should have "" [activity, not direction] | 2024-05-29 SPEECH Business of Supply — Department of Health—Main Est: ""Madam Chair, I thank my friend and colleague for her advocacy in this space, both in her public and "" [activity, not direction] | 2024-05-21 SPEECH Pharmacare: ""We share the goal of ensuring that everyone across the country can access the medication they need. "" [activity, not direction] | 2024-05-10 SPEECH Government Business No. 39—Proceedings on Bill C-6: ""Again, I will ask the question: If someone is against contraception and against choice, in terms of "" [activity, not direction] | 2024-05-06 SPEECH Pharmacare Act — Bill C‑64—Time Allocation Motion: ""Those things, to me, seem to be diametrically opposed. If one was opposed to abortion, if one was op"" [activity, not direction] | 2024-05-06 SPEECH Pharmacare Act — Bill C‑64—Time Allocation Motion: ""In the second order, in this country, people can have an opinion on whether a woman should have an a"" [activity, not direction] | 2024-02-01 SPEECH Health: ""Mr. Speaker, ensuring that women across this country have access to the health care they need in ord"" [activity, not direction] | VOTE NAY: 2023-06-14 2nd reading of Bill C-311, An Act to amend the Criminal Code (violence (Negatived) [-2: Voted to stop, at second reading, a bill recognising a victim's pregnancy as an aggravating factor at sentencing.] | VOTE NAY: 2021-06-02 2nd reading of Bill C-233, An Act to amend the Criminal Code (sex-sele (Negatived) [no reading -- not placed] | VOTE NAY: 2016-10-19 2nd reading of Bill C-225, An Act to amend the Criminal Code (injuring (Negatived) [-2: Voted against recognising harm to a preborn child as a separate offence.]",Liberal,Ontario
Randall Garrison (NDP) - Esquimalt—Saanich—Sooke [FORMER],,,,,1,,"a vote, 3 years ago","strong (recorded vote, human-confirmed reading)",14,,"2023-10-25 SPEECH Criminal Code: ""At this point, I want to express my thanks to the survivors of sexual assault, and in particular tho"" [activity, not direction] | 2023-09-20 SPEECH Criminal Code: ""I salute the members of My Voice, My Choice who came to the justice committee when we were doing our"" [activity, not direction] | 2023-09-20 SPEECH Criminal Code: ""Madam Speaker, here is the important message that I think we got from My Voice, My Choice: It is up "" [activity, not direction] | 2023-09-20 SPEECH Criminal Code: ""There were some changes made to the original text of the bill in the Senate. I think it is important"" [activity, not direction] | VOTE NAY: 2023-06-14 2nd reading of Bill C-311, An Act to amend the Criminal Code (violence (Negatived) [-2: Voted to stop, at second reading, a bill recognising a victim's pregnancy as an aggravating factor at sentencing.] | 2022-03-28 SPEECH Protection of Freedom of Conscience Act: ""In this case, the court very clearly said that the obligation to provide a referral to procedures ph"" [activity, not direction] | 2022-03-28 SPEECH Protection of Freedom of Conscience Act: ""An equally important reason for opposing this bill is the dangerous precedent that this bill would s"" [activity, not direction] | VOTE NAY: 2021-06-02 2nd reading of Bill C-233, An Act to amend the Criminal Code (sex-sele (Negatived) [no reading -- not placed] | 2021-05-27 SPEECH Protection of Freedom of Conscience Act: ""Just this year, Providence Health Care, which runs St. Paul's Hospital in Vancouver and is building "" [activity, not direction] | VOTE NAY: 2016-10-19 2nd reading of Bill C-225, An Act to amend the Criminal Code (injuring (Negatived) [-2: Voted against recognising harm to a preborn child as a separate offence.] | 2016-05-30 SPEECH Public Service Labour Relations Act: ""The Supreme Court did not require the House of Commons to legislate. It said that existing law, both"" [activity, not direction] | 2016-05-20 SPEECH Criminal Code: ""According to the lead counsel in the Carter case, even Kay Carter, a fierce advocate for the right t"" [activity, not direction] | VOTE NAY: 2012-09-26 Private Members' Business M-312 (Special committee on subsection 223(1 (Negatived) [-1: Voted against studying when a child becomes a human being in law (-1: some opposed reopening the question, not the quest] | 2012-02-09 SPEECH Conservative Party of Canada: ""With the Prime Minister out of the country less than a week, the wheels are already coming off the C"" [activity, not direction]",NDP,British Columbia
Pam Damoff (Liberal) - Oakville North—Burlington [FORMER],,,,,1,,"a vote, 3 years ago","strong (recorded vote, human-confirmed reading)",13,,"2024-09-18 PETITION 441-02609 (Social affairs and equality, 1844 signatures) judge 3: Petition seeks to strip charitable status from pro-life pregnancy centres, directly threatening organisations  [presenting a petition does not imply endorsement] | 2024-09-18 SPEECH Petitions — Charitable Organizations: ""Over 150 anti-abortion crisis pregnancy centres in Canada work to dissuade those who are pregnant fr"" [activity, not direction] | 2023-10-26 SPEECH Abortion Access: ""Abortion Access"" [activity, not direction] | VOTE NAY: 2023-06-14 2nd reading of Bill C-311, An Act to amend the Criminal Code (violence (Negatived) [-2: Voted to stop, at second reading, a bill recognising a victim's pregnancy as an aggravating factor at sentencing.] | 2022-06-20 SPEECH Criminal Code: ""Does a woman have control over her own body and are a woman's medical choices of sexual and reproduc"" [activity, not direction] | 2022-05-03 SPEECH Public Safety: ""The hon. member has told me before that our constituents have much more in common than they have dif"" [activity, not direction] | VOTE NAY: 2021-06-02 2nd reading of Bill C-233, An Act to amend the Criminal Code (sex-sele (Negatived) [no reading -- not placed] | 2021-04-14 SPEECH Sex-Selective Abortion Act: ""The rise of the anti-choice movement has also led to dangerous online misinformation campaigns spons"" [activity, not direction] | 2020-10-08 SPEECH Sexual and Reproductive Health Services: ""The Leader of the Opposition has refused to condemn statements made by one of his members comparing "" [activity, not direction] | 2019-12-09 SPEECH Resumption of Debate on Address in Reply: ""Recently, I had the opportunity to attend the Nairobi Summit, reaffirming Canada's commitment to the"" [activity, not direction] | 2019-05-09 SPEECH Status of Women: ""Mr. Speaker, women, and women alone, should be the ones making decisions about their own bodies. Tha"" [activity, not direction] | 2018-11-01 SPEECH Budget Implementation Act, 2018 No. 2: ""I am reading a book right now entitled Runaway Wives and Rogue Feminists, The Origins of the Women's"" [activity, not direction] | 2016-10-19 NO RECORDED VOTE: 2nd reading of Bill C-225, An Act to amend the Criminal Code (injuring",Liberal,Ontario
Arif Virani (Liberal) - Parkdale—High Park [FORMER],,,,,1,,"a vote, 3 years ago","strong (recorded vote, human-confirmed reading)",11,,"2024-05-30 SPEECH Women and Gender Equality: ""While Conservatives speak at anti-abortion rallies and venerate American restrictions on abortion, t"" [activity, not direction] | 2024-05-23 SPEECH Women and Gender Equality: ""Mr. Speaker, I am an ally and I am speaking up. I am speaking up about the epidemic of gender-based "" [activity, not direction] | 2024-05-23 SPEECH Business of Supply — Department of  Justice—Main E: ""Why do I say that? It is because the charter protects fundamental things, such as the free expressiv"" [activity, not direction] | 2024-05-06 SPEECH Justice: ""One cannot claim to care about freedom and then vow to strip certain people's freedoms away when it "" [activity, not direction] | 2023-09-20 SPEECH Criminal Code: ""For a long time, these changes have been called for, including more recently by victims' and survivo"" [activity, not direction] | 2023-09-20 SPEECH Criminal Code: ""Mr. Speaker, My Voice, My Choice does tremendous work."" [activity, not direction] | VOTE NAY: 2023-06-14 2nd reading of Bill C-311, An Act to amend the Criminal Code (violence (Negatived) [-2: Voted to stop, at second reading, a bill recognising a victim's pregnancy as an aggravating factor at sentencing.] | 2022-10-24 SPEECH Committees of the House — Citizenship and Immigrat: ""Let me finish on this motion because it calls for understanding the pressure that Uighurs in third c"" [activity, not direction] | VOTE NAY: 2021-06-02 2nd reading of Bill C-233, An Act to amend the Criminal Code (sex-sele (Negatived) [no reading -- not placed] | 2018-11-28 SPEECH Criminal Code: ""Importantly the committee also supported Bill C-75's proposal to repeal the abortion offences that t"" [activity, not direction] | VOTE NAY: 2016-10-19 2nd reading of Bill C-225, An Act to amend the Criminal Code (injuring (Negatived) [-2: Voted against recognising harm to a preborn child as a separate offence.]",Liberal,Ontario
Lindsay Mathyssen (NDP) - London—Fanshawe [FORMER],,,,,1,,"a vote, 3 years ago","strong (recorded vote, human-confirmed reading)",10,,"2024-10-24 SPEECH Health: ""Will the Liberal government use the Canada Health Act to make sure that all Canadians have full acce"" [activity, not direction] | VOTE NAY: 2023-06-14 2nd reading of Bill C-311, An Act to amend the Criminal Code (violence (Negatived) [-2: Voted to stop, at second reading, a bill recognising a victim's pregnancy as an aggravating factor at sentencing.] | 2022-06-22 PETITION 441-00639 (Justice, 53 signatures) judge 2: Seeks Criminal Code amendments restricting pro-life protest imagery and leafleting, directly affecting pro-lif [presenting a petition does not imply endorsement] | VOTE NAY: 2021-06-02 2nd reading of Bill C-233, An Act to amend the Criminal Code (sex-sele (Negatived) [no reading -- not placed] | 2021-04-14 SPEECH Sex-Selective Abortion Act: ""Sex-Selective Abortion Act"" [activity, not direction] | 2021-04-14 SPEECH Sex-Selective Abortion Act: ""Sex-Selective Abortion Act"" [activity, not direction] | 2021-02-26 PETITION 432-00601 (Justice, 3084 signatures) judge 2: Seeks legislation restricting pro-life graphic imagery in protests and leafleting, directly affecting pro-life [presenting a petition does not imply endorsement] | 2020-12-07 SPEECH Women and Gender Equality: ""It was 50 years ago, because of countless trail-blazing women, that the Royal Commission on the Stat"" [activity, not direction] | 2020-05-13 SPEECH Canadian Dairy Commission Act: ""Fifty years ago, almost to the day, members of the Vancouver Women's Caucus travelled to Ottawa with"" [activity, not direction] | 2019-12-10 SPEECH Health: ""Mr. Speaker, the government's refusal to defend basic access to health care for Canadians and the fu"" [activity, not direction]",NDP,Ontario
Marie-Claude Bibeau (Liberal) - Compton—Stanstead [FORMER],,,,,1,,"a vote, 10 years ago","strong (recorded vote, human-confirmed reading)",10,,"VOTE PAIRED: 2023-06-14 2nd reading of Bill C-311, An Act to amend the Criminal Code (violence (Negatived) [no direction recorded] | VOTE NAY: 2021-06-02 2nd reading of Bill C-233, An Act to amend the Criminal Code (sex-sele (Negatived) [no reading -- not placed] | 2017-05-17 SPEECH Business of Supply — Foreign Affairs, Trade and De: ""In order to bridge the gaps that prevent women and girls from accessing these services, on March 8, "" [activity, not direction] | 2017-05-17 SPEECH Business of Supply — Foreign Affairs, Trade and De: ""Indeed, we recognize the importance of the initiative on maternal, newborn, and child health that we"" [activity, not direction] | 2017-05-17 SPEECH Business of Supply — Foreign Affairs, Trade and De: ""Mr. Chair, currently, 225 million women worldwide have an unmet need for modern contraception, and t"" [activity, not direction] | 2017-03-08 SPEECH Status of Women: ""This investment will support the sexuality education of girls and boys, family planning, access to c"" [activity, not direction] | 2017-01-31 SPEECH International Development: ""Mr. Speaker, abortion is about rights, health, and development. Women have the right to choose, and "" [activity, not direction] | 2017-01-31 SPEECH International Development: ""Mr. Speaker, I have been going through consultations for the last year, and I can assure members tha"" [activity, not direction] | VOTE NAY: 2016-10-19 2nd reading of Bill C-225, An Act to amend the Criminal Code (injuring (Negatived) [-2: Voted against recognising harm to a preborn child as a separate offence.] | 2016-03-08 SPEECH Health: ""Yesterday, I was joined by Dr. Babatunde, from the United Nations population fund. The plans we anno"" [activity, not direction]",Liberal,Quebec
Peter Julian (NDP) - New Westminster—Burnaby [FORMER],,,,,1,,"a vote, 3 years ago","strong (recorded vote, human-confirmed reading)",10,,"2024-06-03 SPEECH Pharmacare Act: ""Mr. Speaker, Conservatives seem to be ideologically opposed to the contraception components of pharm"" [activity, not direction] | 2024-06-03 SPEECH Committees of the House — Finance: ""Not only did Conservatives want to cut any attempt to deal with the national school food program bac"" [activity, not direction] | 2024-05-29 SPEECH Business of Supply — Department of Health—Main Est: ""Mr. Speaker, now I will move on to women's health care. Abortion is health care, and the Liberals pr"" [activity, not direction] | 2024-05-29 SPEECH Business of Supply — Department of Health—Main Est: ""Mr. Speaker, if the New Brunswick government is not co-operating, what will the federal government d"" [activity, not direction] | VOTE NAY: 2023-06-14 2nd reading of Bill C-311, An Act to amend the Criminal Code (violence (Negatived) [-2: Voted to stop, at second reading, a bill recognising a victim's pregnancy as an aggravating factor at sentencing.] | 2022-05-10 SPEECH Business of Supply — Opposition Motion—Change to S: ""Madam Speaker, looking at what is happening in the United States with respect to women's right to ab"" [activity, not direction] | VOTE NAY: 2021-06-02 2nd reading of Bill C-233, An Act to amend the Criminal Code (sex-sele (Negatived) [no reading -- not placed] | 2019-05-27 SPEECH Petitions — Person with Disabilities: ""These citizens call on the Government of Canada to do all within its power to ensure that employers "" [activity, not direction] | VOTE NAY: 2016-10-19 2nd reading of Bill C-225, An Act to amend the Criminal Code (injuring (Negatived) [-2: Voted against recognising harm to a preborn child as a separate offence.] | 2012-09-26 NO RECORDED VOTE: Private Members' Business M-312 (Special committee on subsection 223(1",NDP,British Columbia
Alexandre Boulerice (Independent) - Rosemont—La Petite-Patrie [FORMER],,,,,1,,"a vote, 3 years ago","strong (recorded vote, human-confirmed reading)",9,,"2024-09-24 SPEECH Business of Supply — Opposition Motion—Confidence : ""As far as women's rights are concerned, the right to abortion is still under threat. Things are not "" [activity, not direction] | 2024-05-22 SPEECH Fall Economic Statement Implementation Act, 2023: ""Two weeks ago, members of his party, the Conservative Party, met with protesters who are questioning"" [activity, not direction] | VOTE NAY: 2023-06-14 2nd reading of Bill C-311, An Act to amend the Criminal Code (violence (Negatived) [-2: Voted to stop, at second reading, a bill recognising a victim's pregnancy as an aggravating factor at sentencing.] | 2023-03-27 SPEECH Online Streaming Act: ""I realize that Bill C‑11 may not be perfect. However, this bill has all the provisions needed to gua"" [activity, not direction] | 2023-02-09 SPEECH Business of Supply — Opposition Motion—Use of the : ""Does this mean that the notwithstanding clause can be used for anything and everything? There is no "" [activity, not direction] | VOTE NAY: 2021-06-02 2nd reading of Bill C-233, An Act to amend the Criminal Code (sex-sele (Negatived) [no reading -- not placed] | VOTE NAY: 2016-10-19 2nd reading of Bill C-225, An Act to amend the Criminal Code (injuring (Negatived) [-2: Voted against recognising harm to a preborn child as a separate offence.] | 2014-09-19 SPEECH Resumption of Parliament: ""The leader of the Liberal Party was scolded by his colleagues on abortion, an issue that his party d"" [activity, not direction] | VOTE NAY: 2012-09-26 Private Members' Business M-312 (Special committee on subsection 223(1 (Negatived) [-1: Voted against studying when a child becomes a human being in law (-1: some opposed reopening the question, not the quest]",Independent,Quebec
Carolyn Bennett (Liberal) - Toronto—St. Paul's [FORMER],,,,,1,,"a vote, 3 years ago","strong (recorded vote, human-confirmed reading)",8,,"VOTE NAY: 2023-06-14 2nd reading of Bill C-311, An Act to amend the Criminal Code (violence (Negatived) [-2: Voted to stop, at second reading, a bill recognising a victim's pregnancy as an aggravating factor at sentencing.] | VOTE NAY: 2021-06-02 2nd reading of Bill C-233, An Act to amend the Criminal Code (sex-sele (Negatived) [no reading -- not placed] | VOTE NAY: 2016-10-19 2nd reading of Bill C-225, An Act to amend the Criminal Code (injuring (Negatived) [-2: Voted against recognising harm to a preborn child as a separate offence.] | VOTE NAY: 2012-09-26 Private Members' Business M-312 (Special committee on subsection 223(1 (Negatived) [-1: Voted against studying when a child becomes a human being in law (-1: some opposed reopening the question, not the quest] | 2010-03-23 SPEECH Business of Supply — Opposition Motion--Maternal a: ""Restrictive government laws on abortion often force the practice underground, as the centre said, co"" [activity, not direction] | 2010-03-23 SPEECH Business of Supply — Opposition  Motion--Maternal : ""Mr. Speaker, I could not agree more with my colleague. The abortion debate was dealt with 25 years a"" [activity, not direction] | 2010-03-23 SPEECH Business of Supply — Opposition  Motion--Maternal : ""Mr. Speaker, the three members of the Conservative Party were not even there for the testimony becau"" [activity, not direction] | 2010-03-23 SPEECH Business of Supply — Opposition  Motion--Maternal : ""Mr. Speaker, the policy as presented by the partnership in terms of the G8 is allowing abortion only"" [activity, not direction]",Liberal,Ontario
Hélène Laverdière (NDP) - Laurier—Sainte-Marie [FORMER],,,,,1,,"a vote, 10 years ago","strong (recorded vote, human-confirmed reading)",8,,"VOTE NAY: 2016-10-19 2nd reading of Bill C-225, An Act to amend the Criminal Code (injuring (Negatived) [-2: Voted against recognising harm to a preborn child as a separate offence.] | 2016-03-08 SPEECH Health: ""Why is the Minister of International Development upholding the Conservative policy and refusing to f"" [activity, not direction] | 2015-05-14 SPEECH International Development: ""Mr. Speaker, unsafe abortion is responsible for 13% of all maternal deaths worldwide, but Canada wil"" [activity, not direction] | 2015-05-14 SPEECH International Development: ""The results are as follows: unsafe abortion is responsible for 13% of all maternal deaths around the"" [activity, not direction] | 2013-10-31 SPEECH International Development: ""Mr. Speaker, the Minister of International Development said again yesterday that he was proud that h"" [activity, not direction] | VOTE NAY: 2012-09-26 Private Members' Business M-312 (Special committee on subsection 223(1 (Negatived) [-1: Voted against studying when a child becomes a human being in law (-1: some opposed reopening the question, not the quest] | 2012-09-26 SPEECH Petitions — Abortion: ""Petitions — Abortion"" [activity, not direction] | 2012-09-17 SPEECH Petitions — Abortion: ""Petitions — Abortion"" [activity, not direction]",NDP,Quebec
Jennifer O'Connell (Liberal) - Pickering—Uxbridge [FORMER],,,,,1,,"a vote, 3 years ago","strong (recorded vote, human-confirmed reading)",8,,"2024-12-12 SPEECH Finance: ""Mr. Speaker, I think what we are seeing here today is Conservatives trying to make feminism great ag"" [activity, not direction] | VOTE NAY: 2023-06-14 2nd reading of Bill C-311, An Act to amend the Criminal Code (violence (Negatived) [-2: Voted to stop, at second reading, a bill recognising a victim's pregnancy as an aggravating factor at sentencing.] | 2023-05-02 SPEECH Justice: ""Patty mentioned that publication bans are meant to protect the identity of victims, but they are too"" [activity, not direction] | VOTE NAY: 2021-06-02 2nd reading of Bill C-233, An Act to amend the Criminal Code (sex-sele (Negatived) [no reading -- not placed] | 2021-04-14 SPEECH Sex-Selective Abortion Act: ""Sex-Selective Abortion Act"" [activity, not direction] | 2021-04-14 SPEECH Sex-Selective Abortion Act: ""Sex-Selective Abortion Act"" [activity, not direction] | 2019-05-30 SPEECH Abortion: ""Abortion"" [activity, not direction] | VOTE NAY: 2016-10-19 2nd reading of Bill C-225, An Act to amend the Criminal Code (injuring (Negatived) [-2: Voted against recognising harm to a preborn child as a separate offence.]",Liberal,Ontario
Jagmeet Singh (NDP) - Burnaby South [FORMER],,,,,1,,"a vote, 3 years ago","strong (recorded vote, human-confirmed reading)",7,,"2024-10-29 SPEECH Health: ""When will the Prime Minister finally ensure safe and equitable access to abortion across the country"" [activity, not direction] | VOTE NAY: 2023-06-14 2nd reading of Bill C-311, An Act to amend the Criminal Code (violence (Negatived) [-2: Voted to stop, at second reading, a bill recognising a victim's pregnancy as an aggravating factor at sentencing.] | 2023-05-11 SPEECH Women and Gender Equality: ""When will the government stop with the empty words? When will they guarantee access to abortion?"" [activity, not direction] | 2023-05-11 SPEECH Women and Gender Equality: ""The Liberals promised to ensure that all regions of this country would have access to abortion servi"" [activity, not direction] | 2022-05-04 SPEECH Women and Gender Equality: ""Mr. Speaker, many people in this country live in regions and communities where they have no access t"" [activity, not direction] | 2022-05-04 SPEECH Women and Gender Equality: ""The Liberal government has had seven years to improve access to abortion services and it has done no"" [activity, not direction] | 2021-06-02 NO RECORDED VOTE: 2nd reading of Bill C-233, An Act to amend the Criminal Code (sex-sele",NDP,British Columbia
Kamal Khera (Liberal) - Brampton West [FORMER],,,,,1,,"a vote, 3 years ago","strong (recorded vote, human-confirmed reading)",7,,"2024-12-12 SPEECH Finance: ""Mr. Speaker, I always find it a bit rich when Conservatives talk about feminism, when their own lead"" [activity, not direction] | 2024-09-17 SPEECH Women and Gender Equality: ""It was anything but feminist when the Conservatives brought forward backdoor legislation to ban abor"" [activity, not direction] | VOTE NAY: 2023-06-14 2nd reading of Bill C-311, An Act to amend the Criminal Code (violence (Negatived) [-2: Voted to stop, at second reading, a bill recognising a victim's pregnancy as an aggravating factor at sentencing.] | VOTE NAY: 2021-06-02 2nd reading of Bill C-233, An Act to amend the Criminal Code (sex-sele (Negatived) [no reading -- not placed] | 2018-11-20 SPEECH Criminal Code: ""Bill C-75 would also repeal section 181, which prohibits the spreading of false news. This offence d"" [activity, not direction] | 2017-02-15 SPEECH Molly Chatterjee: ""Molly was born with Down's syndrome, but this did not stop her from making an impact on many lives. "" [activity, not direction] | VOTE NAY: 2016-10-19 2nd reading of Bill C-225, An Act to amend the Criminal Code (injuring (Negatived) [-2: Voted against recognising harm to a preborn child as a separate offence.]",Liberal,Ontario
Marci Ien (Liberal) - Toronto Centre [FORMER],,,,,1,,"a vote, 3 years ago","strong (recorded vote, human-confirmed reading)",7,,"2024-10-29 SPEECH Health: ""Mr. Speaker, our message is clear. The right to an abortion and access to abortion go hand in hand, "" [activity, not direction] | 2024-10-24 SPEECH Health: ""Mr. Speaker, I thank the member for her advocacy, but the right to an abortion and access to it go h"" [activity, not direction] | 2024-06-17 SPEECH Women and Gender Equality: ""This past weekend, I met Liz, a self-described old feminist in Thunder Bay. Liz wanted me to remind "" [activity, not direction] | 2024-05-07 SPEECH Women and Gender Equality: ""Mr. Speaker, our position is unwavering. We will always vigorously support a woman's right to choose"" [activity, not direction] | VOTE NAY: 2023-06-14 2nd reading of Bill C-311, An Act to amend the Criminal Code (violence (Negatived) [-2: Voted to stop, at second reading, a bill recognising a victim's pregnancy as an aggravating factor at sentencing.] | 2023-05-09 SPEECH Women and Gender Equality: ""Mr. Speaker, access to abortion is simply health care. That is why, today, $4.2 million went to Acti"" [activity, not direction] | VOTE NAY: 2021-06-02 2nd reading of Bill C-233, An Act to amend the Criminal Code (sex-sele (Negatived) [no reading -- not placed]",Liberal,Ontario
Nathan Cullen (NDP) - Skeena—Bulkley Valley [FORMER],,,,,1,,"a vote, 10 years ago","strong (recorded vote, human-confirmed reading)",7,,"VOTE NAY: 2016-10-19 2nd reading of Bill C-225, An Act to amend the Criminal Code (injuring (Negatived) [-2: Voted against recognising harm to a preborn child as a separate offence.] | 2016-05-03 SPEECH Criminal Code: ""There have been previous difficult debates in the legislature. This legislature poorly dealt with th"" [activity, not direction] | 2014-10-07 SPEECH Military Contribution Against ISIL: ""I regret interrupting my friend. I know relevance is often a question that has some looseness to it."" [activity, not direction] | 2013-10-21 SPEECH BUSINESS OF THE HOUSE AND ITS COMMITTEES — Motion : ""For my colleagues on the Conservative benches, I wonder if that was not a signal. When the MP from B"" [activity, not direction] | 2013-03-28 SPEECH Privilege — S. O. 31: ""In its 1977 report, the committee defined the right of members to free speech as follows:"" [activity, not direction] | VOTE NAY: 2012-09-26 Private Members' Business M-312 (Special committee on subsection 223(1 (Negatived) [-1: Voted against studying when a child becomes a human being in law (-1: some opposed reopening the question, not the quest] | 2012-09-26 SPEECH Petitions — Abortion: ""Petitions — Abortion"" [activity, not direction]",NDP,British Columbia
Soraya Martinez Ferrada (Liberal) - Hochelaga [FORMER],,,,,1,,"a vote, 3 years ago","strong (recorded vote, human-confirmed reading)",7,,"2024-09-24 SPEECH The Economy: ""Mr. Speaker, there is a great deal of hypocrisy in a question that is supposed to show concern for p"" [activity, not direction] | 2024-05-09 SPEECH Women and Gender Equality: ""Canada saved my life for a second time, this time by allowing me to have a safe, legal abortion and "" [activity, not direction] | VOTE NAY: 2023-06-14 2nd reading of Bill C-311, An Act to amend the Criminal Code (violence (Negatived) [-2: Voted to stop, at second reading, a bill recognising a victim's pregnancy as an aggravating factor at sentencing.] | 2023-05-10 SPEECH Women's Right to Choose: ""I would like to echo the great speech that the member for Outremont gave yesterday. The bill propose"" [activity, not direction] | 2022-05-03 SPEECH Abortion Rights: ""Mr. Speaker, access to abortion is important in Canada. A woman's right is well entrenched and, I ho"" [activity, not direction] | VOTE NAY: 2021-06-02 2nd reading of Bill C-233, An Act to amend the Criminal Code (sex-sele (Negatived) [no reading -- not placed] | 2020-12-01 SPEECH Women's Rights: ""It will take more than just words to convince us women. I would like to remind the House of certain "" [activity, not direction]",Liberal,Quebec
Anne Minh-Thu Quach (NDP) - Salaberry—Suroît [FORMER],,,,,1,,"a vote, 10 years ago","strong (recorded vote, human-confirmed reading)",6,,"2018-05-09 SPEECH Health: ""What concrete steps is the Prime Minister going to take to ensure that every woman has access to saf"" [activity, not direction] | 2018-03-01 SPEECH Business of Supply — Opposition Motion—Canada Summ: ""I would like to know whether my colleague agrees that we should act in accordance with the Canadian "" [activity, not direction] | 2018-03-01 SPEECH Business of Supply — Opposition Motion—Canada Summ: ""It bears repeating that the NDP finds it unacceptable to provide funding, taxpayer money, to groups "" [activity, not direction] | 2017-01-31 SPEECH International Development: ""Mr. Speaker, President Trump has decided to eliminate funding for organizations that provide family "" [activity, not direction] | VOTE NAY: 2016-10-19 2nd reading of Bill C-225, An Act to amend the Criminal Code (injuring (Negatived) [-2: Voted against recognising harm to a preborn child as a separate offence.] | VOTE NAY: 2012-09-26 Private Members' Business M-312 (Special committee on subsection 223(1 (Negatived) [-1: Voted against studying when a child becomes a human being in law (-1: some opposed reopening the question, not the quest]",NDP,Quebec
Chrystia Freeland (Liberal) - University—Rosedale [FORMER],,,,,1,,"a vote, 3 years ago","strong (recorded vote, human-confirmed reading)",6,,"VOTE NAY: 2023-06-14 2nd reading of Bill C-311, An Act to amend the Criminal Code (violence (Negatived) [-2: Voted to stop, at second reading, a bill recognising a victim's pregnancy as an aggravating factor at sentencing.] | 2022-05-03 SPEECH Women and Gender Equality: ""Mr. Speaker, yes, I would first like to say that, as a Canadian woman, I was both shocked and deeply"" [activity, not direction] | 2022-05-03 SPEECH Budget Implementation Act, 2022, No. 1: ""Abortion is a fundamental right. Feminists fought for decades to secure it, and here in Canada we wi"" [activity, not direction] | VOTE NAY: 2021-06-02 2nd reading of Bill C-233, An Act to amend the Criminal Code (sex-sele (Negatived) [no reading -- not placed] | 2017-05-17 SPEECH Business of Supply — Foreign Affairs, Trade and De: ""Abroad, we have taken a feminist approach to our foreign policy and international assistance, provid"" [activity, not direction] | 2016-10-19 NO RECORDED VOTE: 2nd reading of Bill C-225, An Act to amend the Criminal Code (injuring",Liberal,Ontario
Kirsty Duncan (Liberal) - Etobicoke North [FORMER],,,,,1,,"a vote, 10 years ago","strong (recorded vote, human-confirmed reading)",6,,"VOTE PAIRED: 2023-06-14 2nd reading of Bill C-311, An Act to amend the Criminal Code (violence (Negatived) [no direction recorded] | VOTE NAY: 2021-06-02 2nd reading of Bill C-233, An Act to amend the Criminal Code (sex-sele (Negatived) [no reading -- not placed] | VOTE NAY: 2016-10-19 2nd reading of Bill C-225, An Act to amend the Criminal Code (injuring (Negatived) [-2: Voted against recognising harm to a preborn child as a separate offence.] | 2013-10-28 SPEECH Economic Action Plan 2013 Act No. 2: ""Her question prompted me to think about what a throne speech and a budget bill might have looked lik"" [activity, not direction] | VOTE NAY: 2012-09-26 Private Members' Business M-312 (Special committee on subsection 223(1 (Negatived) [-1: Voted against studying when a child becomes a human being in law (-1: some opposed reopening the question, not the quest] | 2011-12-05 SPEECH Business of Supply — Opposition Motion--Climate Ch: ""I would like to thank the hon. member for pointing out that climate change in Africa is a life and d"" [activity, not direction]",Liberal,Ontario
Peter Kent (Conservative) - Thornhill [FORMER],,,,,1,,"a vote, 10 years ago","strong (recorded vote, human-confirmed reading)",6,,"VOTE NAY: 2021-06-02 2nd reading of Bill C-233, An Act to amend the Criminal Code (sex-sele (Negatived) [no reading -- not placed] | VOTE NAY: 2016-10-19 2nd reading of Bill C-225, An Act to amend the Criminal Code (injuring (Negatived) [-2: Voted against recognising harm to a preborn child as a separate offence.] | VOTE NAY: 2012-09-26 Private Members' Business M-312 (Special committee on subsection 223(1 (Negatived) [-1: Voted against studying when a child becomes a human being in law (-1: some opposed reopening the question, not the quest] | 2010-03-31 SPEECH Maternal and Child Health: ""Canada will lead the G8 discussion on child and maternal health. We will not, as the opposition is a"" [activity, not direction] | 2010-03-19 SPEECH International Cooperation: ""We will not reopen the debate on abortion."" [activity, not direction] | 2010-03-19 SPEECH Health: ""Mr. Speaker, I think the answer is quite clear but I will state again that this government is not re"" [activity, not direction]",Conservative,Ontario
Sheila Malcolmson (NDP) - Nanaimo—Ladysmith [FORMER],,,,,1,,"a vote, 10 years ago","strong (recorded vote, human-confirmed reading)",6,,"2017-06-21 SPEECH Gender Equality Week Act: ""Despite the Prime Minister's good words about gender equality, he has failed to act in the year and "" [activity, not direction] | 2017-02-01 SPEECH Status of Women: ""Mr. Speaker, despite the Prime Minister's feminist words at the United Nations, he has failed to act"" [activity, not direction] | 2017-01-31 SPEECH International Development: ""Mr. Speaker, the United States has just blocked funding for any international organization that even"" [activity, not direction] | VOTE NAY: 2016-10-19 2nd reading of Bill C-225, An Act to amend the Criminal Code (injuring (Negatived) [-2: Voted against recognising harm to a preborn child as a separate offence.] | 2016-05-02 SPEECH Protection of Pregnant Women and Their Preborn Chi: ""Despite the good intentions of the bill's sponsor, this bill has the unintended consequence of reope"" [activity, not direction] | 2016-03-08 SPEECH Health: ""Mr. Speaker, access to safe abortion services is fundamental to a woman's right to choose. It must b"" [activity, not direction]",NDP,British Columbia
Alistair MacGregor (NDP) - Cowichan—Malahat—Langford [FORMER],,,,,1,,"a vote, 3 years ago","strong (recorded vote, human-confirmed reading)",5,,"VOTE NAY: 2023-06-14 2nd reading of Bill C-311, An Act to amend the Criminal Code (violence (Negatived) [-2: Voted to stop, at second reading, a bill recognising a victim's pregnancy as an aggravating factor at sentencing.] | VOTE NAY: 2021-06-02 2nd reading of Bill C-233, An Act to amend the Criminal Code (sex-sele (Negatived) [no reading -- not placed] | 2018-11-28 SPEECH Criminal Code: ""Would the hon. member agree that when we are looking at sections, like section 287, which deals with"" [activity, not direction] | 2017-12-11 SPEECH Criminal Code: ""The Minister of Justice has stated many times that criminal justice reform is very important to the "" [activity, not direction] | VOTE NAY: 2016-10-19 2nd reading of Bill C-225, An Act to amend the Criminal Code (injuring (Negatived) [-2: Voted against recognising harm to a preborn child as a separate offence.]",NDP,British Columbia
Bonita Zarrillo (NDP) - Port Moody—Coquitlam [FORMER],,,,,1,,"a vote, 3 years ago","strong (recorded vote, human-confirmed reading)",5,,"2024-12-05 SPEECH Committees of the House — Foreign Affairs and Inte: ""Under Conservative leadership, there have been relentless attempts to restrict reproductive rights, "" [activity, not direction] | 2024-12-05 SPEECH Committees of the House — Foreign Affairs and Inte: ""I will close out today by highlighting recommendation 9 from the report, which recommends Canada “sc"" [activity, not direction] | 2024-10-30 SPEECH Health: ""Why have the Liberals not enforced the Canada Health Act to protect equal access to health care, inc"" [activity, not direction] | 2024-10-25 SPEECH Seniors: ""Mr. Speaker, the government needs to enforce the Canada Health Act on abortion."" [activity, not direction] | VOTE NAY: 2023-06-14 2nd reading of Bill C-311, An Act to amend the Criminal Code (violence (Negatived) [-2: Voted to stop, at second reading, a bill recognising a victim's pregnancy as an aggravating factor at sentencing.]",NDP,British Columbia
Brian Masse (NDP) - Windsor West [FORMER],,,,,1,,"a vote, 3 years ago","strong (recorded vote, human-confirmed reading)",5,,"VOTE NAY: 2023-06-14 2nd reading of Bill C-311, An Act to amend the Criminal Code (violence (Negatived) [-2: Voted to stop, at second reading, a bill recognising a victim's pregnancy as an aggravating factor at sentencing.] | VOTE NAY: 2021-06-02 2nd reading of Bill C-233, An Act to amend the Criminal Code (sex-sele (Negatived) [no reading -- not placed] | VOTE NAY: 2016-10-19 2nd reading of Bill C-225, An Act to amend the Criminal Code (injuring (Negatived) [-2: Voted against recognising harm to a preborn child as a separate offence.] | 2014-10-01 SPEECH Petitions — Abortion: ""Petitions — Abortion"" [activity, not direction] | VOTE NAY: 2012-09-26 Private Members' Business M-312 (Special committee on subsection 223(1 (Negatived) [-1: Voted against studying when a child becomes a human being in law (-1: some opposed reopening the question, not the quest]",NDP,Ontario
Carol Hughes (NDP) - Algoma—Manitoulin—Kapuskasing [FORMER],,,,,1,,"a vote, 3 years ago","strong (recorded vote, human-confirmed reading)",5,,"VOTE NAY: 2023-06-14 2nd reading of Bill C-311, An Act to amend the Criminal Code (violence (Negatived) [-2: Voted to stop, at second reading, a bill recognising a victim's pregnancy as an aggravating factor at sentencing.] | 2022-05-18 SPEECH Women and Gender Equality: ""Mr. Speaker, recently a leaked draft opinion revealed that the U.S. Supreme Court is considering ove"" [activity, not direction] | VOTE NAY: 2021-06-02 2nd reading of Bill C-233, An Act to amend the Criminal Code (sex-sele (Negatived) [no reading -- not placed] | VOTE NAY: 2016-10-19 2nd reading of Bill C-225, An Act to amend the Criminal Code (injuring (Negatived) [-2: Voted against recognising harm to a preborn child as a separate offence.] | VOTE NAY: 2012-09-26 Private Members' Business M-312 (Special committee on subsection 223(1 (Negatived) [-1: Voted against studying when a child becomes a human being in law (-1: some opposed reopening the question, not the quest]",NDP,Ontario
Celina Caesar-Chavannes (Liberal) - Whitby [FORMER],,,,,1,,"a vote, 10 years ago","strong (recorded vote, human-confirmed reading)",5,,"2017-05-17 SPEECH Business of Supply — Foreign Affairs, Trade and De: ""Mr. Chair, I understand that the $650 million directed toward the sexual and reproductive health and"" [activity, not direction] | 2017-05-17 SPEECH Business of Supply — Foreign Affairs, Trade and De: ""Canada's support will focus specifically on providing comprehensive sexuality education, strengtheni"" [activity, not direction] | 2017-02-09 PETITION 421-01134 (Public protests, 4193 signatures) judge 2: Calls for law restricting imagery at protests, directly targeting pro-life demonstrations; risks curbing pro-l [presenting a petition does not imply endorsement] | 2017-02-09 SPEECH Petitions — Abortion: ""Petitions — Abortion"" [activity, not direction] | VOTE NAY: 2016-10-19 2nd reading of Bill C-225, An Act to amend the Criminal Code (injuring (Negatived) [-2: Voted against recognising harm to a preborn child as a separate offence.]",Liberal,Ontario
David Lametti (Liberal) - LaSalle—Émard—Verdun [FORMER],,,,,1,,"a vote, 3 years ago","strong (recorded vote, human-confirmed reading)",5,,"VOTE NAY: 2023-06-14 2nd reading of Bill C-311, An Act to amend the Criminal Code (violence (Negatived) [-2: Voted to stop, at second reading, a bill recognising a victim's pregnancy as an aggravating factor at sentencing.] | 2021-12-06 SPEECH Business of the House: ""In addition to protecting the heroes in the health care sector, the bill also creates a new offence "" [activity, not direction] | 2021-12-06 SPEECH Business of the House: ""First of all, to repeat, abortion services are health care services and abortion clinics are health "" [activity, not direction] | VOTE NAY: 2021-06-02 2nd reading of Bill C-233, An Act to amend the Criminal Code (sex-sele (Negatived) [no reading -- not placed] | VOTE NAY: 2016-10-19 2nd reading of Bill C-225, An Act to amend the Criminal Code (injuring (Negatived) [-2: Voted against recognising harm to a preborn child as a separate offence.]",Liberal,Quebec
Francesco Sorbara (Liberal) - Vaughan—Woodbridge [FORMER],,,,,1,,"a vote, 3 years ago","strong (recorded vote, human-confirmed reading)",5,,"2024-06-03 SPEECH Pharmacare Act: ""Since 2021, the sexual and reproductive health fund has committed $36.1 million to community organiz"" [activity, not direction] | VOTE NAY: 2023-06-14 2nd reading of Bill C-311, An Act to amend the Criminal Code (violence (Negatived) [-2: Voted to stop, at second reading, a bill recognising a victim's pregnancy as an aggravating factor at sentencing.] | 2023-02-16 SPEECH Business of Supply — Opposition Motion—Public Heal: ""For example, where provinces have not covered, or not fully covered, the cost of surgical abortion s"" [activity, not direction] | VOTE NAY: 2021-06-02 2nd reading of Bill C-233, An Act to amend the Criminal Code (sex-sele (Negatived) [no reading -- not placed] | 2016-10-19 NO RECORDED VOTE: 2nd reading of Bill C-225, An Act to amend the Criminal Code (injuring",Liberal,Ontario
Lawrence MacAulay (Liberal) - Cardigan [FORMER],,,,,1,,"a vote, 3 years ago","strong (recorded vote, human-confirmed reading)",5,,"MIXED RECORD: directional evidence on both sides -- read the acts, not the column | VOTE NAY: 2023-06-14 2nd reading of Bill C-311, An Act to amend the Criminal Code (violence (Negatived) [-2: Voted to stop, at second reading, a bill recognising a victim's pregnancy as an aggravating factor at sentencing.] | VOTE NAY: 2021-06-02 2nd reading of Bill C-233, An Act to amend the Criminal Code (sex-sele (Negatived) [no reading -- not placed] | VOTE NAY: 2016-10-19 2nd reading of Bill C-225, An Act to amend the Criminal Code (injuring (Negatived) [-2: Voted against recognising harm to a preborn child as a separate offence.] | VOTE YEA: 2012-09-26 Private Members' Business M-312 (Special committee on subsection 223(1 (Negatived) [+2: Voted to study whether the law should recognise a child as a human being before birth.] | 2010-03-15 SPEECH P.E.I. Easter Seals: ""Born with Down's syndrome, Colton has overcome his disabilities and has excelled at everything he ha"" [activity, not direction]",Liberal,Prince Edward Island
Monique Pauzé (Bloc Québécois) - Repentigny [FORMER],,,,,1,,"a vote, 3 years ago","strong (recorded vote, human-confirmed reading)",5,,"VOTE NAY: 2023-06-14 2nd reading of Bill C-311, An Act to amend the Criminal Code (violence (Negatived) [-2: Voted to stop, at second reading, a bill recognising a victim's pregnancy as an aggravating factor at sentencing.] | VOTE NAY: 2021-06-02 2nd reading of Bill C-233, An Act to amend the Criminal Code (sex-sele (Negatived) [no reading -- not placed] | 2019-05-29 SPEECH Presence in Gallery: ""Here is the motion: that the House of Commons reiterate that a woman's body belongs to her and her a"" [activity, not direction] | 2018-11-06 SPEECH Canadian Multiculturalism Act: ""You are getting ready to move to the most open and peaceful nation in North America. You are moving "" [activity, not direction] | VOTE NAY: 2016-10-19 2nd reading of Bill C-225, An Act to amend the Criminal Code (injuring (Negatived) [-2: Voted against recognising harm to a preborn child as a separate offence.]",Bloc Québécois,Quebec
Rachel Blaney (NDP) - North Island—Powell River [FORMER],,,,,1,,"a vote, 3 years ago","strong (recorded vote, human-confirmed reading)",5,,"2024-10-28 SPEECH Health: ""Mr. Speaker, it is very hard to implement a right when the Liberals do not assure access. Women are "" [activity, not direction] | 2023-10-04 SPEECH Criminal Code: ""Mr. Speaker, the NDP did a lot of work with groups like My Voice, My Choice, which talked about the "" [activity, not direction] | VOTE NAY: 2023-06-14 2nd reading of Bill C-311, An Act to amend the Criminal Code (violence (Negatived) [-2: Voted to stop, at second reading, a bill recognising a victim's pregnancy as an aggravating factor at sentencing.] | VOTE NAY: 2021-06-02 2nd reading of Bill C-233, An Act to amend the Criminal Code (sex-sele (Negatived) [no reading -- not placed] | VOTE NAY: 2016-10-19 2nd reading of Bill C-225, An Act to amend the Criminal Code (injuring (Negatived) [-2: Voted against recognising harm to a preborn child as a separate offence.]",NDP,British Columbia
Vance Badawey (Liberal) - Niagara Centre [FORMER],,,,,1,,"a vote, 3 years ago","strong (recorded vote, human-confirmed reading)",5,,"2024-02-16 SPEECH Criminal Code: ""This change in language would ensure that all individuals involved in providing health services, fro"" [activity, not direction] | VOTE NAY: 2023-06-14 2nd reading of Bill C-311, An Act to amend the Criminal Code (violence (Negatived) [-2: Voted to stop, at second reading, a bill recognising a victim's pregnancy as an aggravating factor at sentencing.] | VOTE NAY: 2021-06-02 2nd reading of Bill C-233, An Act to amend the Criminal Code (sex-sele (Negatived) [no reading -- not placed] | 2018-03-01 SPEECH Business of Supply — Opposition Motion—Canada Summ: ""Mr. Speaker, we know that the Leader of the Opposition, the member for Regina—Qu'Appelle, has a long"" [activity, not direction] | VOTE NAY: 2016-10-19 2nd reading of Bill C-225, An Act to amend the Criminal Code (injuring (Negatived) [-2: Voted against recognising harm to a preborn child as a separate offence.]",Liberal,Ontario
Alain Rayes (Independent) - Richmond—Arthabaska [FORMER],,,,,1,,"a vote, 3 years ago","strong (recorded vote, human-confirmed reading)",4,,"MIXED RECORD: directional evidence on both sides -- read the acts, not the column | VOTE NAY: 2023-06-14 2nd reading of Bill C-311, An Act to amend the Criminal Code (violence (Negatived) [-2: Voted to stop, at second reading, a bill recognising a victim's pregnancy as an aggravating factor at sentencing.] | VOTE NAY: 2021-06-02 2nd reading of Bill C-233, An Act to amend the Criminal Code (sex-sele (Negatived) [no reading -- not placed] | 2020-10-19 SPEECH Criminal Code: ""On the one hand, I had some constituents asking me to vote in favour of the bill, while others wante"" [activity, not direction] | VOTE YEA: 2016-10-19 2nd reading of Bill C-225, An Act to amend the Criminal Code (injuring (Negatived) [+2: Voted for a separate offence of injuring or killing a preborn child in an assault on the mother.]",Independent,Quebec
Bill Blair (Liberal) - Scarborough Southwest [FORMER],,,,,1,,"a vote, 3 years ago","strong (recorded vote, human-confirmed reading)",4,,"VOTE NAY: 2023-06-14 2nd reading of Bill C-311, An Act to amend the Criminal Code (violence (Negatived) [-2: Voted to stop, at second reading, a bill recognising a victim's pregnancy as an aggravating factor at sentencing.] | VOTE NAY: 2021-06-02 2nd reading of Bill C-233, An Act to amend the Criminal Code (sex-sele (Negatived) [no reading -- not placed] | VOTE NAY: 2016-10-19 2nd reading of Bill C-225, An Act to amend the Criminal Code (injuring (Negatived) [-2: Voted against recognising harm to a preborn child as a separate offence.] | 2016-05-02 SPEECH Protection of Pregnant Women and Their Preborn Chi: ""Moreover, unlike Bill C-484, Bill C-225, as the member for Yorkton—Melville has mentioned, does not "" [activity, not direction]",Liberal,Ontario
Brigitte Sansoucy (NDP) - Saint-Hyacinthe—Bagot [FORMER],,,,,1,,"a vote, 10 years ago","strong (recorded vote, human-confirmed reading)",4,,"2018-05-11 SPEECH Justice: ""Mr. Speaker, based on the comments we heard from some members of the House earlier this week, it is "" [activity, not direction] | 2018-03-01 SPEECH Business of Supply — Opposition Motion—Canada Summ: ""Again, I want to say that the NDP agrees with the government that it is fundamentally unacceptable t"" [activity, not direction] | VOTE NAY: 2016-10-19 2nd reading of Bill C-225, An Act to amend the Criminal Code (injuring (Negatived) [-2: Voted against recognising harm to a preborn child as a separate offence.] | 2016-05-31 SPEECH Criminal Code: ""With regard to conscientious objection, I believe that, if certain people do not want medical assist"" [activity, not direction]",NDP,Quebec
Bryan May (Liberal) - Cambridge [FORMER],,,,,1,,"a vote, 3 years ago","strong (recorded vote, human-confirmed reading)",4,,"VOTE NAY: 2023-06-14 2nd reading of Bill C-311, An Act to amend the Criminal Code (violence (Negatived) [-2: Voted to stop, at second reading, a bill recognising a victim's pregnancy as an aggravating factor at sentencing.] | VOTE NAY: 2021-06-02 2nd reading of Bill C-233, An Act to amend the Criminal Code (sex-sele (Negatived) [no reading -- not placed] | 2018-03-01 SPEECH Business of Supply — Opposition Motion—Canada Summ: ""Significant misinformation has been widely circulated in the media about the nature of the attestati"" [activity, not direction] | VOTE NAY: 2016-10-19 2nd reading of Bill C-225, An Act to amend the Criminal Code (injuring (Negatived) [-2: Voted against recognising harm to a preborn child as a separate offence.]",Liberal,Ontario
Dan Vandal (Liberal) - Saint Boniface—Saint Vital [FORMER],,,,,1,,"a vote, 3 years ago","strong (recorded vote, human-confirmed reading)",4,,"VOTE NAY: 2023-06-14 2nd reading of Bill C-311, An Act to amend the Criminal Code (violence (Negatived) [-2: Voted to stop, at second reading, a bill recognising a victim's pregnancy as an aggravating factor at sentencing.] | VOTE NAY: 2021-06-02 2nd reading of Bill C-233, An Act to amend the Criminal Code (sex-sele (Negatived) [no reading -- not placed] | 2019-04-02 SPEECH Indigenous Affairs: ""In addition, the department has established an advisory committee on indigenous women's well-being t"" [activity, not direction] | VOTE NAY: 2016-10-19 2nd reading of Bill C-225, An Act to amend the Criminal Code (injuring (Negatived) [-2: Voted against recognising harm to a preborn child as a separate offence.]",Liberal,Manitoba
Darrell Samson (Liberal) - Sackville—Preston—Chezzetcook [FORMER],,,,,1,,"a vote, 3 years ago","strong (recorded vote, human-confirmed reading)",4,,"VOTE NAY: 2023-06-14 2nd reading of Bill C-311, An Act to amend the Criminal Code (violence (Negatived) [-2: Voted to stop, at second reading, a bill recognising a victim's pregnancy as an aggravating factor at sentencing.] | VOTE NAY: 2021-06-02 2nd reading of Bill C-233, An Act to amend the Criminal Code (sex-sele (Negatived) [no reading -- not placed] | 2019-05-29 SPEECH Protection of Freedom of Conscience Act: ""According to the most recent report, released on April 25, 2019, over 6,700 Canadians have obtained "" [activity, not direction] | 2016-10-19 NO RECORDED VOTE: 2nd reading of Bill C-225, An Act to amend the Criminal Code (injuring",Liberal,Nova Scotia
Denis Trudel (Bloc Québécois) - Longueuil—Saint-Hubert [FORMER],,,,,1,,"a vote, 3 years ago","strong (recorded vote, human-confirmed reading)",4,,"VOTE NAY: 2023-06-14 2nd reading of Bill C-311, An Act to amend the Criminal Code (violence (Negatived) [-2: Voted to stop, at second reading, a bill recognising a victim's pregnancy as an aggravating factor at sentencing.] | 2023-03-09 SPEECH Online Streaming Act: ""For those who may not know, I am an actor. Before I got into politics, I worked in the film and tele"" [activity, not direction] | 2022-12-07 SPEECH Housing: ""I could also hope for more projects like L'appart à moi, which allows people living with Down's synd"" [activity, not direction] | VOTE NAY: 2021-06-02 2nd reading of Bill C-233, An Act to amend the Criminal Code (sex-sele (Negatived) [no reading -- not placed]",Bloc Québécois,Quebec
Diane Lebouthillier (Liberal) - Gaspésie—Les Îles-de-la-Madeleine [FORMER],,,,,1,,"a vote, 3 years ago","strong (recorded vote, human-confirmed reading)",4,,"2023-12-07 SPEECH Carbon Pricing: ""They deny climate change. They want to reopen the abortion debate with Bill C‑311. They are betrayin"" [activity, not direction] | VOTE NAY: 2023-06-14 2nd reading of Bill C-311, An Act to amend the Criminal Code (violence (Negatived) [-2: Voted to stop, at second reading, a bill recognising a victim's pregnancy as an aggravating factor at sentencing.] | VOTE NAY: 2021-06-02 2nd reading of Bill C-233, An Act to amend the Criminal Code (sex-sele (Negatived) [no reading -- not placed] | VOTE NAY: 2016-10-19 2nd reading of Bill C-225, An Act to amend the Criminal Code (injuring (Negatived) [-2: Voted against recognising harm to a preborn child as a separate offence.]",Liberal,Quebec
Filomena Tassi (Liberal) - Hamilton West—Ancaster—Dundas [FORMER],,,,,1,,"a vote, 3 years ago","strong (recorded vote, human-confirmed reading)",4,,"VOTE NAY: 2023-06-14 2nd reading of Bill C-311, An Act to amend the Criminal Code (violence (Negatived) [-2: Voted to stop, at second reading, a bill recognising a victim's pregnancy as an aggravating factor at sentencing.] | VOTE NAY: 2021-06-02 2nd reading of Bill C-233, An Act to amend the Criminal Code (sex-sele (Negatived) [no reading -- not placed] | 2018-03-01 SPEECH Business of Supply — Opposition Motion—Canada Summ: ""In example 2, it refers to a faith-based organization with anti-abortion beliefs that applies for fu"" [activity, not direction] | VOTE NAY: 2016-10-19 2nd reading of Bill C-225, An Act to amend the Criminal Code (injuring (Negatived) [-2: Voted against recognising harm to a preborn child as a separate offence.]",Liberal,Ontario
Gudie Hutchings (Liberal) - Long Range Mountains [FORMER],,,,,1,,"a vote, 3 years ago","strong (recorded vote, human-confirmed reading)",4,,"VOTE NAY: 2023-06-14 2nd reading of Bill C-311, An Act to amend the Criminal Code (violence (Negatived) [-2: Voted to stop, at second reading, a bill recognising a victim's pregnancy as an aggravating factor at sentencing.] | VOTE NAY: 2021-06-02 2nd reading of Bill C-233, An Act to amend the Criminal Code (sex-sele (Negatived) [no reading -- not placed] | 2021-04-26 SPEECH The Budget — Financial Statement of Minister of Fi: ""Only weeks ago, a Conservative member introduced back door anti-abortion legislation. Women are tire"" [activity, not direction] | VOTE NAY: 2016-10-19 2nd reading of Bill C-225, An Act to amend the Criminal Code (injuring (Negatived) [-2: Voted against recognising harm to a preborn child as a separate offence.]",Liberal,Newfoundland and Labrador
Guy Caron (NDP) - Rimouski-Neigette—Témiscouata—Les Basques [FORMER],,,,,1,,"a vote, 10 years ago","strong (recorded vote, human-confirmed reading)",4,,"VOTE NAY: 2016-10-19 2nd reading of Bill C-225, An Act to amend the Criminal Code (injuring (Negatived) [-2: Voted against recognising harm to a preborn child as a separate offence.] | 2014-06-17 SPEECH Respect for Communities Act: ""There is another paradox here. In the abortion rights debate, I am pro-choice. I have noticed that, "" [activity, not direction] | 2013-11-18 SPEECH Respect for Communities Act: ""The Conservatives have managed to inflate statistics on crime, repeat offenders and abortion, and ar"" [activity, not direction] | VOTE NAY: 2012-09-26 Private Members' Business M-312 (Special committee on subsection 223(1 (Negatived) [-1: Voted against studying when a child becomes a human being in law (-1: some opposed reopening the question, not the quest]",NDP,Quebec
John Aldag (Liberal) - Cloverdale—Langley City [FORMER],,,,,1,,"a vote, 3 years ago","strong (recorded vote, human-confirmed reading)",4,,"VOTE NAY: 2023-06-14 2nd reading of Bill C-311, An Act to amend the Criminal Code (violence (Negatived) [-2: Voted to stop, at second reading, a bill recognising a victim's pregnancy as an aggravating factor at sentencing.] | VOTE NAY: 2016-10-19 2nd reading of Bill C-225, An Act to amend the Criminal Code (injuring (Negatived) [-2: Voted against recognising harm to a preborn child as a separate offence.] | 2016-05-02 SPEECH Criminal Code: ""Mr. Speaker, I rise in the House today in support of Bill C-14, an act to amend the Criminal Code an"" [activity, not direction] | 2016-05-02 SPEECH Criminal Code: ""Mr. Speaker, as was stated by one of my colleagues earlier, the comment is that the provinces and te"" [activity, not direction]",Liberal,British Columbia
Joyce Murray (Liberal) - Vancouver Quadra [FORMER],,,,,1,,"a vote, 3 years ago","strong (recorded vote, human-confirmed reading)",4,,"VOTE NAY: 2023-06-14 2nd reading of Bill C-311, An Act to amend the Criminal Code (violence (Negatived) [-2: Voted to stop, at second reading, a bill recognising a victim's pregnancy as an aggravating factor at sentencing.] | VOTE NAY: 2021-06-02 2nd reading of Bill C-233, An Act to amend the Criminal Code (sex-sele (Negatived) [no reading -- not placed] | VOTE NAY: 2016-10-19 2nd reading of Bill C-225, An Act to amend the Criminal Code (injuring (Negatived) [-2: Voted against recognising harm to a preborn child as a separate offence.] | VOTE NAY: 2012-09-26 Private Members' Business M-312 (Special committee on subsection 223(1 (Negatived) [-1: Voted against studying when a child becomes a human being in law (-1: some opposed reopening the question, not the quest]",Liberal,British Columbia
Ken Hardie (Liberal) - Fleetwood—Port Kells [FORMER],,,,,1,,"a vote, 3 years ago","strong (recorded vote, human-confirmed reading)",4,,"VOTE NAY: 2023-06-14 2nd reading of Bill C-311, An Act to amend the Criminal Code (violence (Negatived) [-2: Voted to stop, at second reading, a bill recognising a victim's pregnancy as an aggravating factor at sentencing.] | VOTE NAY: 2021-06-02 2nd reading of Bill C-233, An Act to amend the Criminal Code (sex-sele (Negatived) [no reading -- not placed] | 2018-03-01 SPEECH Business of Supply — Opposition Motion—Canada Summ: ""Mr. Speaker, it is really distressing to hear the hon. member across the way continue to confuse and"" [activity, not direction] | VOTE NAY: 2016-10-19 2nd reading of Bill C-225, An Act to amend the Criminal Code (injuring (Negatived) [-2: Voted against recognising harm to a preborn child as a separate offence.]",Liberal,British Columbia
Ken McDonald (Liberal) - Avalon [FORMER],,,,,1,,"a vote, 3 years ago","strong (recorded vote, human-confirmed reading)",4,,"2024-12-05 SPEECH Committees of the House — Resumption of Debate on : ""Has she got any ideas on how Canada should be helping other countries in the world catch up to where"" [activity, not direction] | VOTE NAY: 2023-06-14 2nd reading of Bill C-311, An Act to amend the Criminal Code (violence (Negatived) [-2: Voted to stop, at second reading, a bill recognising a victim's pregnancy as an aggravating factor at sentencing.] | VOTE NAY: 2021-06-02 2nd reading of Bill C-233, An Act to amend the Criminal Code (sex-sele (Negatived) [no reading -- not placed] | VOTE NAY: 2016-10-19 2nd reading of Bill C-225, An Act to amend the Criminal Code (injuring (Negatived) [-2: Voted against recognising harm to a preborn child as a separate offence.]",Liberal,Newfoundland and Labrador
Leah Taylor Roy (Liberal) - Aurora—Oak Ridges—Richmond Hill [FORMER],,,,,1,,"a vote, 3 years ago","strong (recorded vote, human-confirmed reading)",4,,"2024-12-10 SPEECH Human Rights Day: ""Canada's commitment to human rights extends beyond our borders. At the UN this year, we announced in"" [activity, not direction] | 2024-05-30 SPEECH Women and Gender Equality: ""Mr. Speaker, if I believe in something, I defend it. Our government firmly believes in a woman's rig"" [activity, not direction] | 2024-05-29 SPEECH Women and Gender Equality: ""Recently, we saw the chairperson on the Standing Committee on the Status of Women summarily removed "" [activity, not direction] | VOTE NAY: 2023-06-14 2nd reading of Bill C-311, An Act to amend the Criminal Code (violence (Negatived) [-2: Voted to stop, at second reading, a bill recognising a victim's pregnancy as an aggravating factor at sentencing.]",Liberal,Ontario
Marc Garneau (Liberal) - Notre-Dame-de-Grâce—Westmount [FORMER],,,,,1,,"a vote, 10 years ago","strong (recorded vote, human-confirmed reading)",4,,"2023-06-14 NO RECORDED VOTE: 2nd reading of Bill C-311, An Act to amend the Criminal Code (violence | VOTE NAY: 2021-06-02 2nd reading of Bill C-233, An Act to amend the Criminal Code (sex-sele (Negatived) [no reading -- not placed] | VOTE NAY: 2016-10-19 2nd reading of Bill C-225, An Act to amend the Criminal Code (injuring (Negatived) [-2: Voted against recognising harm to a preborn child as a separate offence.] | VOTE NAY: 2012-09-26 Private Members' Business M-312 (Special committee on subsection 223(1 (Negatived) [-1: Voted against studying when a child becomes a human being in law (-1: some opposed reopening the question, not the quest]",Liberal,Quebec
Marc Serré (Liberal) - Nickel Belt [FORMER],,,,,1,,"a vote, 3 years ago","strong (recorded vote, human-confirmed reading)",4,,"VOTE NAY: 2023-06-14 2nd reading of Bill C-311, An Act to amend the Criminal Code (violence (Negatived) [-2: Voted to stop, at second reading, a bill recognising a victim's pregnancy as an aggravating factor at sentencing.] | 2021-12-06 SPEECH Criminal Code: ""I would like to touch on another matter that is important to me and many in our country. We cannot f"" [activity, not direction] | VOTE NAY: 2021-06-02 2nd reading of Bill C-233, An Act to amend the Criminal Code (sex-sele (Negatived) [no reading -- not placed] | VOTE NAY: 2016-10-19 2nd reading of Bill C-225, An Act to amend the Criminal Code (injuring (Negatived) [-2: Voted against recognising harm to a preborn child as a separate offence.]",Liberal,Ontario
Marco Mendicino (Liberal) - Eglinton—Lawrence [FORMER],,,,,1,,"a vote, 3 years ago","strong (recorded vote, human-confirmed reading)",4,,"VOTE NAY: 2023-06-14 2nd reading of Bill C-311, An Act to amend the Criminal Code (violence (Negatived) [-2: Voted to stop, at second reading, a bill recognising a victim's pregnancy as an aggravating factor at sentencing.] | 2023-03-07 SPEECH Justice: ""We need to recognize the historic injustices that wrongly targeted vulnerable communities. That is w"" [activity, not direction] | VOTE NAY: 2021-06-02 2nd reading of Bill C-233, An Act to amend the Criminal Code (sex-sele (Negatived) [no reading -- not placed] | 2016-10-19 NO RECORDED VOTE: 2nd reading of Bill C-225, An Act to amend the Criminal Code (injuring",Liberal,Ontario
Marjolaine Boutin-Sweet (NDP) - Hochelaga [FORMER],,,,,1,,"a vote, 10 years ago","strong (recorded vote, human-confirmed reading)",4,,"VOTE NAY: 2016-10-19 2nd reading of Bill C-225, An Act to amend the Criminal Code (injuring (Negatived) [-2: Voted against recognising harm to a preborn child as a separate offence.] | VOTE NAY: 2012-09-26 Private Members' Business M-312 (Special committee on subsection 223(1 (Negatived) [-1: Voted against studying when a child becomes a human being in law (-1: some opposed reopening the question, not the quest] | 2012-09-24 SPEECH Petitions — Abortion: ""Petitions — Abortion"" [activity, not direction] | 2012-09-17 SPEECH Petitions — Abortion: ""Petitions — Abortion"" [activity, not direction]",NDP,Quebec
Maryam Monsef (Liberal) - Peterborough—Kawartha [FORMER],,,,,1,,"a vote, 10 years ago","strong (recorded vote, human-confirmed reading)",4,,"VOTE NAY: 2021-06-02 2nd reading of Bill C-233, An Act to amend the Criminal Code (sex-sele (Negatived) [no reading -- not placed] | 2020-10-02 SPEECH Judges Act: ""Fifty-plus years ago, a woman could not apply for a mortgage loan without her husband's signature. F"" [activity, not direction] | 2019-06-10 SPEECH Status of Women: ""Mr. Speaker, sadly, the attack on women's rights is very much a domestic issue fostered by Conservat"" [activity, not direction] | VOTE NAY: 2016-10-19 2nd reading of Bill C-225, An Act to amend the Criminal Code (injuring (Negatived) [-2: Voted against recognising harm to a preborn child as a separate offence.]",Liberal,Ontario
Murray Rankin (NDP) - Victoria [FORMER],,,,,1,,"a vote, 10 years ago","strong (recorded vote, human-confirmed reading)",4,,"VOTE NAY: 2016-10-19 2nd reading of Bill C-225, An Act to amend the Criminal Code (injuring (Negatived) [-2: Voted against recognising harm to a preborn child as a separate offence.] | 2016-05-02 SPEECH Protection of Pregnant Women and Their Preborn Chi: ""The member for Yorkton—Melville has said that it will not reopen the debate on the reproductive righ"" [activity, not direction] | 2016-04-22 SPEECH Criminal Code: ""The question I have is with respect to the rule of law. Had we listened to other Canadians in the co"" [activity, not direction] | 2012-09-26 NO RECORDED VOTE: Private Members' Business M-312 (Special committee on subsection 223(1",NDP,British Columbia
Nathaniel Erskine-Smith (Liberal) - Beaches—East York [FORMER],,,,,1,,"a vote, 3 years ago","strong (recorded vote, human-confirmed reading)",4,,"VOTE NAY: 2023-06-14 2nd reading of Bill C-311, An Act to amend the Criminal Code (violence (Negatived) [-2: Voted to stop, at second reading, a bill recognising a victim's pregnancy as an aggravating factor at sentencing.] | 2023-03-28 SPEECH World Down Syndrome Day: ""World Down Syndrome Day"" [activity, not direction] | VOTE NAY: 2021-06-02 2nd reading of Bill C-233, An Act to amend the Criminal Code (sex-sele (Negatived) [no reading -- not placed] | 2016-10-19 NO RECORDED VOTE: 2nd reading of Bill C-225, An Act to amend the Criminal Code (injuring",Liberal,Ontario
Pierre Nantel (NDP) - Longueuil—Saint-Hubert [FORMER],,,,,1,,"a vote, 10 years ago","strong (recorded vote, human-confirmed reading)",4,,"2017-10-03 SPEECH Canadian Jewish Heritage Month Act: ""The motion we are discussing today is about the Jewish contribution to Canada's growth and prosperit"" [activity, not direction] | VOTE NAY: 2016-10-19 2nd reading of Bill C-225, An Act to amend the Criminal Code (injuring (Negatived) [-2: Voted against recognising harm to a preborn child as a separate offence.] | VOTE NAY: 2012-09-26 Private Members' Business M-312 (Special committee on subsection 223(1 (Negatived) [-1: Voted against studying when a child becomes a human being in law (-1: some opposed reopening the question, not the quest] | 2012-09-26 SPEECH Petitions — Abortion: ""Petitions — Abortion"" [activity, not direction]",NDP,Quebec
René Arseneault (Liberal) - Madawaska—Restigouche [FORMER],,,,,1,,"a vote, 3 years ago","strong (recorded vote, human-confirmed reading)",4,,"VOTE NAY: 2023-06-14 2nd reading of Bill C-311, An Act to amend the Criminal Code (violence (Negatived) [-2: Voted to stop, at second reading, a bill recognising a victim's pregnancy as an aggravating factor at sentencing.] | VOTE NAY: 2021-06-02 2nd reading of Bill C-233, An Act to amend the Criminal Code (sex-sele (Negatived) [no reading -- not placed] | 2020-12-04 SPEECH Criminal Code: ""Could my esteemed colleague tell us where in Bill C-14 or in Bill C-7, which we are debating today, "" [activity, not direction] | VOTE NAY: 2016-10-19 2nd reading of Bill C-225, An Act to amend the Criminal Code (injuring (Negatived) [-2: Voted against recognising harm to a preborn child as a separate offence.]",Liberal,New Brunswick
Sylvie Bérubé (Bloc Québécois) - Abitibi—Baie-James—Nunavik—Eeyou [FORMER],,,,,1,,"a vote, 3 years ago","strong (recorded vote, human-confirmed reading)",4,,"2024-05-09 SPEECH Fall Economic Statement Implementation Act, 2023 —: ""Mr. Speaker, I feel it is unacceptable that we are discussing abortion rights today. Women have the "" [activity, not direction] | 2024-02-01 SPEECH Business of Supply — Opposition Motion—Carbon Tax: ""Third, the Conservatives talk about the carbon tax and only the carbon tax. We are not getting anywh"" [activity, not direction] | VOTE NAY: 2023-06-14 2nd reading of Bill C-311, An Act to amend the Criminal Code (violence (Negatived) [-2: Voted to stop, at second reading, a bill recognising a victim's pregnancy as an aggravating factor at sentencing.] | VOTE NAY: 2021-06-02 2nd reading of Bill C-233, An Act to amend the Criminal Code (sex-sele (Negatived) [no reading -- not placed]",Bloc Québécois,Quebec
Thomas Mulcair (NDP) - Outremont [FORMER],,,,,1,,"a vote, 10 years ago","strong (recorded vote, human-confirmed reading)",4,,"VOTE NAY: 2016-10-19 2nd reading of Bill C-225, An Act to amend the Criminal Code (injuring (Negatived) [-2: Voted against recognising harm to a preborn child as a separate offence.] | VOTE NAY: 2012-09-26 Private Members' Business M-312 (Special committee on subsection 223(1 (Negatived) [-1: Voted against studying when a child becomes a human being in law (-1: some opposed reopening the question, not the quest] | 2012-04-26 SPEECH Justice: ""Could the Prime Minister tell Canadians why he allowed his Conservative MPs to reopen the debate on "" [activity, not direction] | 2012-04-26 SPEECH Justice: ""Why has the Prime Minister allowed the abortion debate to be reopened?"" [activity, not direction]",NDP,Quebec
Alain Therrien (Bloc Québécois) - La Prairie [FORMER],,,,,1,,"a vote, 3 years ago","strong (recorded vote, human-confirmed reading)",3,,"2024-09-24 SPEECH Business of Supply — Opposition Motion—Confidence : ""Madam Speaker, we learned this week that a Conservative member attended an event where people were a"" [activity, not direction] | VOTE NAY: 2023-06-14 2nd reading of Bill C-311, An Act to amend the Criminal Code (violence (Negatived) [-2: Voted to stop, at second reading, a bill recognising a victim's pregnancy as an aggravating factor at sentencing.] | VOTE NAY: 2021-06-02 2nd reading of Bill C-233, An Act to amend the Criminal Code (sex-sele (Negatived) [no reading -- not placed]",Bloc Québécois,Quebec
Andy Fillmore (Liberal) - Halifax [FORMER],,,,,1,,"a vote, 3 years ago","strong (recorded vote, human-confirmed reading)",3,,"VOTE NAY: 2023-06-14 2nd reading of Bill C-311, An Act to amend the Criminal Code (violence (Negatived) [-2: Voted to stop, at second reading, a bill recognising a victim's pregnancy as an aggravating factor at sentencing.] | VOTE NAY: 2021-06-02 2nd reading of Bill C-233, An Act to amend the Criminal Code (sex-sele (Negatived) [no reading -- not placed] | VOTE NAY: 2016-10-19 2nd reading of Bill C-225, An Act to amend the Criminal Code (injuring (Negatived) [-2: Voted against recognising harm to a preborn child as a separate offence.]",Liberal,Nova Scotia
Brenda Shanahan (Liberal) - Châteauguay—Lacolle [FORMER],,,,,1,,"a vote, 3 years ago","strong (recorded vote, human-confirmed reading)",3,,"VOTE NAY: 2023-06-14 2nd reading of Bill C-311, An Act to amend the Criminal Code (violence (Negatived) [-2: Voted to stop, at second reading, a bill recognising a victim's pregnancy as an aggravating factor at sentencing.] | VOTE NAY: 2021-06-02 2nd reading of Bill C-233, An Act to amend the Criminal Code (sex-sele (Negatived) [no reading -- not placed] | 2016-10-19 NO RECORDED VOTE: 2nd reading of Bill C-225, An Act to amend the Criminal Code (injuring",Liberal,Quebec
Carla Qualtrough (Liberal) - Delta [FORMER],,,,,1,,"a vote, 3 years ago","strong (recorded vote, human-confirmed reading)",3,,"VOTE NAY: 2023-06-14 2nd reading of Bill C-311, An Act to amend the Criminal Code (violence (Negatived) [-2: Voted to stop, at second reading, a bill recognising a victim's pregnancy as an aggravating factor at sentencing.] | VOTE NAY: 2021-06-02 2nd reading of Bill C-233, An Act to amend the Criminal Code (sex-sele (Negatived) [no reading -- not placed] | 2016-10-19 NO RECORDED VOTE: 2nd reading of Bill C-225, An Act to amend the Criminal Code (injuring",Liberal,British Columbia
Chandra Arya (Liberal) - Nepean [FORMER],,,,,1,,"a vote, 3 years ago","strong (recorded vote, human-confirmed reading)",3,,"VOTE NAY: 2023-06-14 2nd reading of Bill C-311, An Act to amend the Criminal Code (violence (Negatived) [-2: Voted to stop, at second reading, a bill recognising a victim's pregnancy as an aggravating factor at sentencing.] | VOTE NAY: 2021-06-02 2nd reading of Bill C-233, An Act to amend the Criminal Code (sex-sele (Negatived) [no reading -- not placed] | VOTE NAY: 2016-10-19 2nd reading of Bill C-225, An Act to amend the Criminal Code (injuring (Negatived) [-2: Voted against recognising harm to a preborn child as a separate offence.]",Liberal,Ontario
Churence Rogers (Liberal) - Bonavista—Burin—Trinity [FORMER],,,,,1,,"a vote, 3 years ago","strong (recorded vote, human-confirmed reading)",3,,"VOTE NAY: 2023-06-14 2nd reading of Bill C-311, An Act to amend the Criminal Code (violence (Negatived) [-2: Voted to stop, at second reading, a bill recognising a victim's pregnancy as an aggravating factor at sentencing.] | VOTE NAY: 2021-06-02 2nd reading of Bill C-233, An Act to amend the Criminal Code (sex-sele (Negatived) [no reading -- not placed] | 2016-10-19 NO RECORDED VOTE: 2nd reading of Bill C-225, An Act to amend the Criminal Code (injuring",Liberal,Newfoundland and Labrador
Daniel Blaikie (NDP) - Elmwood—Transcona [FORMER],,,,,1,,"a vote, 3 years ago","strong (recorded vote, human-confirmed reading)",3,,"VOTE NAY: 2023-06-14 2nd reading of Bill C-311, An Act to amend the Criminal Code (violence (Negatived) [-2: Voted to stop, at second reading, a bill recognising a victim's pregnancy as an aggravating factor at sentencing.] | VOTE NAY: 2021-06-02 2nd reading of Bill C-233, An Act to amend the Criminal Code (sex-sele (Negatived) [no reading -- not placed] | VOTE NAY: 2016-10-19 2nd reading of Bill C-225, An Act to amend the Criminal Code (injuring (Negatived) [-2: Voted against recognising harm to a preborn child as a separate offence.]",NDP,Manitoba
David de Burgh Graham (Liberal) - Laurentides—Labelle [FORMER],,,,,1,,"a vote, 10 years ago","strong (recorded vote, human-confirmed reading)",3,,"VOTE NAY: 2016-10-19 2nd reading of Bill C-225, An Act to amend the Criminal Code (injuring (Negatived) [-2: Voted against recognising harm to a preborn child as a separate offence.] | 2016-05-02 SPEECH Protection of Pregnant Women and Their Preborn Chi: ""Mr. Speaker, I congratulate the member on her work on this file, which is clearly deeply important t"" [activity, not direction] | 2016-05-02 SPEECH Protection of Pregnant Women and Their Preborn Chi: ""Ever since the Supreme Court of Canada struck down the Criminal Code's abortion provision in 1988, a"" [activity, not direction]",Liberal,Quebec
Emmanuel Dubourg (Liberal) - Bourassa [FORMER],,,,,1,,"a vote, 3 years ago","strong (recorded vote, human-confirmed reading)",3,,"VOTE NAY: 2023-06-14 2nd reading of Bill C-311, An Act to amend the Criminal Code (violence (Negatived) [-2: Voted to stop, at second reading, a bill recognising a victim's pregnancy as an aggravating factor at sentencing.] | VOTE NAY: 2021-06-02 2nd reading of Bill C-233, An Act to amend the Criminal Code (sex-sele (Negatived) [no reading -- not placed] | VOTE NAY: 2016-10-19 2nd reading of Bill C-225, An Act to amend the Criminal Code (injuring (Negatived) [-2: Voted against recognising harm to a preborn child as a separate offence.]",Liberal,Quebec
Francis Drouin (Liberal) - Glengarry—Prescott—Russell [FORMER],,,,,1,,"a vote, 3 years ago","strong (recorded vote, human-confirmed reading)",3,,"VOTE NAY: 2023-06-14 2nd reading of Bill C-311, An Act to amend the Criminal Code (violence (Negatived) [-2: Voted to stop, at second reading, a bill recognising a victim's pregnancy as an aggravating factor at sentencing.] | VOTE NAY: 2021-06-02 2nd reading of Bill C-233, An Act to amend the Criminal Code (sex-sele (Negatived) [no reading -- not placed] | VOTE NAY: 2016-10-19 2nd reading of Bill C-225, An Act to amend the Criminal Code (injuring (Negatived) [-2: Voted against recognising harm to a preborn child as a separate offence.]",Liberal,Ontario
Harjit S. Sajjan (Liberal) - Vancouver South [FORMER],,,,,1,,"a vote, 3 years ago","strong (recorded vote, human-confirmed reading)",3,,"VOTE NAY: 2023-06-14 2nd reading of Bill C-311, An Act to amend the Criminal Code (violence (Negatived) [-2: Voted to stop, at second reading, a bill recognising a victim's pregnancy as an aggravating factor at sentencing.] | VOTE NAY: 2021-06-02 2nd reading of Bill C-233, An Act to amend the Criminal Code (sex-sele (Negatived) [no reading -- not placed] | VOTE NAY: 2016-10-19 2nd reading of Bill C-225, An Act to amend the Criminal Code (injuring (Negatived) [-2: Voted against recognising harm to a preborn child as a separate offence.]",Liberal,British Columbia
Jim Carr (Liberal) - Winnipeg South Centre [FORMER],,,,,1,,"a vote, 10 years ago","strong (recorded vote, human-confirmed reading)",3,,"2023-06-14 NO RECORDED VOTE: 2nd reading of Bill C-311, An Act to amend the Criminal Code (violence | VOTE NAY: 2021-06-02 2nd reading of Bill C-233, An Act to amend the Criminal Code (sex-sele (Negatived) [no reading -- not placed] | VOTE NAY: 2016-10-19 2nd reading of Bill C-225, An Act to amend the Criminal Code (injuring (Negatived) [-2: Voted against recognising harm to a preborn child as a separate offence.]",Liberal,Manitoba
Jonathan Wilkinson (Liberal) - North Vancouver—Capilano [FORMER],,,,,1,,"a vote, 3 years ago","strong (recorded vote, human-confirmed reading)",3,,"VOTE NAY: 2023-06-14 2nd reading of Bill C-311, An Act to amend the Criminal Code (violence (Negatived) [-2: Voted to stop, at second reading, a bill recognising a victim's pregnancy as an aggravating factor at sentencing.] | VOTE NAY: 2021-06-02 2nd reading of Bill C-233, An Act to amend the Criminal Code (sex-sele (Negatived) [no reading -- not placed] | VOTE NAY: 2016-10-19 2nd reading of Bill C-225, An Act to amend the Criminal Code (injuring (Negatived) [-2: Voted against recognising harm to a preborn child as a separate offence.]",Liberal,British Columbia
Kennedy Stewart (NDP) - Burnaby South [FORMER],,,,,1,,"a vote, 10 years ago","strong (recorded vote, human-confirmed reading)",3,,"VOTE NAY: 2016-10-19 2nd reading of Bill C-225, An Act to amend the Criminal Code (injuring (Negatived) [-2: Voted against recognising harm to a preborn child as a separate offence.] | 2013-02-25 SPEECH Petitions — Abortion: ""Petitions — Abortion"" [activity, not direction] | VOTE NAY: 2012-09-26 Private Members' Business M-312 (Special committee on subsection 223(1 (Negatived) [-1: Voted against studying when a child becomes a human being in law (-1: some opposed reopening the question, not the quest]",NDP,British Columbia
Kristina Michaud (Bloc Québécois) - Avignon—La Mitis—Matane—Matapédia [FORMER],,,,,1,,"a vote, 3 years ago","strong (recorded vote, human-confirmed reading)",3,,"VOTE NAY: 2023-06-14 2nd reading of Bill C-311, An Act to amend the Criminal Code (violence (Negatived) [-2: Voted to stop, at second reading, a bill recognising a victim's pregnancy as an aggravating factor at sentencing.] | VOTE NAY: 2021-06-02 2nd reading of Bill C-233, An Act to amend the Criminal Code (sex-sele (Negatived) [no reading -- not placed] | 2021-05-28 SPEECH Sex-Selective Abortion Act: ""Sex-Selective Abortion Act"" [activity, not direction]",Bloc Québécois,Quebec
Linda Duncan (NDP) - Edmonton Strathcona [FORMER],,,,,1,,"a vote, 10 years ago","strong (recorded vote, human-confirmed reading)",3,,"VOTE NAY: 2016-10-19 2nd reading of Bill C-225, An Act to amend the Criminal Code (injuring (Negatived) [-2: Voted against recognising harm to a preborn child as a separate offence.] | 2015-03-31 SPEECH Safe and Accountable Rail Act: ""Deep and widespread concern continues to be expressed about the risks that exponentially increasing "" [activity, not direction] | VOTE NAY: 2012-09-26 Private Members' Business M-312 (Special committee on subsection 223(1 (Negatived) [-1: Voted against studying when a child becomes a human being in law (-1: some opposed reopening the question, not the quest]",NDP,Alberta
Lloyd Longfield (Liberal) - Guelph [FORMER],,,,,1,,"a vote, 3 years ago","strong (recorded vote, human-confirmed reading)",3,,"VOTE NAY: 2023-06-14 2nd reading of Bill C-311, An Act to amend the Criminal Code (violence (Negatived) [-2: Voted to stop, at second reading, a bill recognising a victim's pregnancy as an aggravating factor at sentencing.] | VOTE NAY: 2021-06-02 2nd reading of Bill C-233, An Act to amend the Criminal Code (sex-sele (Negatived) [no reading -- not placed] | VOTE NAY: 2016-10-19 2nd reading of Bill C-225, An Act to amend the Criminal Code (injuring (Negatived) [-2: Voted against recognising harm to a preborn child as a separate offence.]",Liberal,Ontario
Majid Jowhari (Liberal) - Richmond Hill [FORMER],,,,,1,,"a vote, 3 years ago","strong (recorded vote, human-confirmed reading)",3,,"VOTE NAY: 2023-06-14 2nd reading of Bill C-311, An Act to amend the Criminal Code (violence (Negatived) [-2: Voted to stop, at second reading, a bill recognising a victim's pregnancy as an aggravating factor at sentencing.] | VOTE NAY: 2021-06-02 2nd reading of Bill C-233, An Act to amend the Criminal Code (sex-sele (Negatived) [no reading -- not placed] | VOTE NAY: 2016-10-19 2nd reading of Bill C-225, An Act to amend the Criminal Code (injuring (Negatived) [-2: Voted against recognising harm to a preborn child as a separate offence.]",Liberal,Ontario
Mary Ng (Liberal) - Markham—Thornhill [FORMER],,,,,1,,"a vote, 3 years ago","strong (recorded vote, human-confirmed reading)",3,,"VOTE NAY: 2023-06-14 2nd reading of Bill C-311, An Act to amend the Criminal Code (violence (Negatived) [-2: Voted to stop, at second reading, a bill recognising a victim's pregnancy as an aggravating factor at sentencing.] | VOTE NAY: 2021-06-02 2nd reading of Bill C-233, An Act to amend the Criminal Code (sex-sele (Negatived) [no reading -- not placed] | 2016-10-19 NO RECORDED VOTE: 2nd reading of Bill C-225, An Act to amend the Criminal Code (injuring",Liberal,Ontario
Michael McLeod (Liberal) - Northwest Territories [FORMER],,,,,1,,"a vote, 3 years ago","strong (recorded vote, human-confirmed reading)",3,,"VOTE NAY: 2023-06-14 2nd reading of Bill C-311, An Act to amend the Criminal Code (violence (Negatived) [-2: Voted to stop, at second reading, a bill recognising a victim's pregnancy as an aggravating factor at sentencing.] | VOTE NAY: 2021-06-02 2nd reading of Bill C-233, An Act to amend the Criminal Code (sex-sele (Negatived) [no reading -- not placed] | VOTE NAY: 2016-10-19 2nd reading of Bill C-225, An Act to amend the Criminal Code (injuring (Negatived) [-2: Voted against recognising harm to a preborn child as a separate offence.]",Liberal,Northwest Territories
Omar Alghabra (Liberal) - Mississauga Centre [FORMER],,,,,1,,"a vote, 10 years ago","strong (recorded vote, human-confirmed reading)",3,,"2023-06-14 NO RECORDED VOTE: 2nd reading of Bill C-311, An Act to amend the Criminal Code (violence | VOTE NAY: 2021-06-02 2nd reading of Bill C-233, An Act to amend the Criminal Code (sex-sele (Negatived) [no reading -- not placed] | VOTE NAY: 2016-10-19 2nd reading of Bill C-225, An Act to amend the Criminal Code (injuring (Negatived) [-2: Voted against recognising harm to a preborn child as a separate offence.]",Liberal,Ontario
Pablo Rodriguez (Independent) - Honoré-Mercier [FORMER],,,,,1,,"a vote, 3 years ago","strong (recorded vote, human-confirmed reading)",3,,"VOTE NAY: 2023-06-14 2nd reading of Bill C-311, An Act to amend the Criminal Code (violence (Negatived) [-2: Voted to stop, at second reading, a bill recognising a victim's pregnancy as an aggravating factor at sentencing.] | VOTE NAY: 2021-06-02 2nd reading of Bill C-233, An Act to amend the Criminal Code (sex-sele (Negatived) [no reading -- not placed] | VOTE NAY: 2016-10-19 2nd reading of Bill C-225, An Act to amend the Criminal Code (injuring (Negatived) [-2: Voted against recognising harm to a preborn child as a separate offence.]",Independent,Quebec
Randy Boissonnault (Liberal) - Edmonton Centre [FORMER],,,,,1,,"a vote, 3 years ago","strong (recorded vote, human-confirmed reading)",3,,"VOTE NAY: 2023-06-14 2nd reading of Bill C-311, An Act to amend the Criminal Code (violence (Negatived) [-2: Voted to stop, at second reading, a bill recognising a victim's pregnancy as an aggravating factor at sentencing.] | 2018-03-01 SPEECH Business of Supply — Opposition Motion—Canada Summ: ""Who is supporting us in this matter? Abortion Support Services Atlantic, Alberta Pro-Choice Coalitio"" [activity, not direction] | VOTE NAY: 2016-10-19 2nd reading of Bill C-225, An Act to amend the Criminal Code (injuring (Negatived) [-2: Voted against recognising harm to a preborn child as a separate offence.]",Liberal,Alberta
Richard Cannings (NDP) - South Okanagan—West Kootenay [FORMER],,,,,1,,"a vote, 3 years ago","strong (recorded vote, human-confirmed reading)",3,,"VOTE NAY: 2023-06-14 2nd reading of Bill C-311, An Act to amend the Criminal Code (violence (Negatived) [-2: Voted to stop, at second reading, a bill recognising a victim's pregnancy as an aggravating factor at sentencing.] | VOTE NAY: 2021-06-02 2nd reading of Bill C-233, An Act to amend the Criminal Code (sex-sele (Negatived) [no reading -- not placed] | VOTE NAY: 2016-10-19 2nd reading of Bill C-225, An Act to amend the Criminal Code (injuring (Negatived) [-2: Voted against recognising harm to a preborn child as a separate offence.]",NDP,British Columbia
Robert Aubin (NDP) - Trois-Rivières [FORMER],,,,,1,,"a vote, 10 years ago","strong (recorded vote, human-confirmed reading)",3,,"VOTE NAY: 2016-10-19 2nd reading of Bill C-225, An Act to amend the Criminal Code (injuring (Negatived) [-2: Voted against recognising harm to a preborn child as a separate offence.] | 2016-05-03 SPEECH Criminal Code: ""That is why I am also concerned about the fact that in this bill, the government did not use the wor"" [activity, not direction] | VOTE NAY: 2012-09-26 Private Members' Business M-312 (Special committee on subsection 223(1 (Negatived) [-1: Voted against studying when a child becomes a human being in law (-1: some opposed reopening the question, not the quest]",NDP,Quebec
Rodger Cuzner (Liberal) - Cape Breton—Canso [FORMER],,,,,1,,"a vote, 10 years ago","strong (recorded vote, human-confirmed reading)",3,,"2018-03-01 SPEECH Business of Supply — Opposition Motion—Canada Summ: ""Significant misinformation has been widely circulated in the media about the nature of the attestati"" [activity, not direction] | VOTE NAY: 2016-10-19 2nd reading of Bill C-225, An Act to amend the Criminal Code (injuring (Negatived) [-2: Voted against recognising harm to a preborn child as a separate offence.] | VOTE NAY: 2012-09-26 Private Members' Business M-312 (Special committee on subsection 223(1 (Negatived) [-1: Voted against studying when a child becomes a human being in law (-1: some opposed reopening the question, not the quest]",Liberal,Nova Scotia
Seamus O'Regan (Liberal) - St. John's South—Mount Pearl [FORMER],,,,,1,,"a vote, 3 years ago","strong (recorded vote, human-confirmed reading)",3,,"VOTE NAY: 2023-06-14 2nd reading of Bill C-311, An Act to amend the Criminal Code (violence (Negatived) [-2: Voted to stop, at second reading, a bill recognising a victim's pregnancy as an aggravating factor at sentencing.] | VOTE NAY: 2021-06-02 2nd reading of Bill C-233, An Act to amend the Criminal Code (sex-sele (Negatived) [no reading -- not placed] | VOTE NAY: 2016-10-19 2nd reading of Bill C-225, An Act to amend the Criminal Code (injuring (Negatived) [-2: Voted against recognising harm to a preborn child as a separate offence.]",Liberal,Newfoundland and Labrador
Shaun Chen (Liberal) - Scarborough North [FORMER],,,,,1,,"a vote, 3 years ago","strong (recorded vote, human-confirmed reading)",3,,"VOTE NAY: 2023-06-14 2nd reading of Bill C-311, An Act to amend the Criminal Code (violence (Negatived) [-2: Voted to stop, at second reading, a bill recognising a victim's pregnancy as an aggravating factor at sentencing.] | VOTE NAY: 2021-06-02 2nd reading of Bill C-233, An Act to amend the Criminal Code (sex-sele (Negatived) [no reading -- not placed] | VOTE NAY: 2016-10-19 2nd reading of Bill C-225, An Act to amend the Criminal Code (injuring (Negatived) [-2: Voted against recognising harm to a preborn child as a separate offence.]",Liberal,Ontario
Sven Spengemann (Liberal) - Mississauga—Lakeshore [FORMER],,,,,1,,"a vote, 10 years ago","strong (recorded vote, human-confirmed reading)",3,,"2023-06-14 NO RECORDED VOTE: 2nd reading of Bill C-311, An Act to amend the Criminal Code (violence | VOTE NAY: 2021-06-02 2nd reading of Bill C-233, An Act to amend the Criminal Code (sex-sele (Negatived) [no reading -- not placed] | VOTE NAY: 2016-10-19 2nd reading of Bill C-225, An Act to amend the Criminal Code (injuring (Negatived) [-2: Voted against recognising harm to a preborn child as a separate offence.]",Liberal,Ontario
Ya'ara Saks (Liberal) - York Centre [FORMER],,,,,1,,"a vote, 3 years ago","strong (recorded vote, human-confirmed reading)",3,,"2024-09-26 SPEECH Women and Gender Equality: ""Mr. Speaker, we will always defend the freedom of a woman's right to choose. Conservatives time and "" [activity, not direction] | VOTE NAY: 2023-06-14 2nd reading of Bill C-311, An Act to amend the Criminal Code (violence (Negatived) [-2: Voted to stop, at second reading, a bill recognising a victim's pregnancy as an aggravating factor at sentencing.] | VOTE NAY: 2021-06-02 2nd reading of Bill C-233, An Act to amend the Criminal Code (sex-sele (Negatived) [no reading -- not placed]",Liberal,Ontario
Yves Robillard (Liberal) - Marc-Aurèle-Fortin [FORMER],,,,,1,,"a vote, 3 years ago","strong (recorded vote, human-confirmed reading)",3,,"VOTE NAY: 2023-06-14 2nd reading of Bill C-311, An Act to amend the Criminal Code (violence (Negatived) [-2: Voted to stop, at second reading, a bill recognising a victim's pregnancy as an aggravating factor at sentencing.] | VOTE NAY: 2021-06-02 2nd reading of Bill C-233, An Act to amend the Criminal Code (sex-sele (Negatived) [no reading -- not placed] | VOTE NAY: 2016-10-19 2nd reading of Bill C-225, An Act to amend the Criminal Code (injuring (Negatived) [-2: Voted against recognising harm to a preborn child as a separate offence.]",Liberal,Quebec
Yvonne Jones (Liberal) - Labrador [FORMER],,,,,1,,"a vote, 3 years ago","strong (recorded vote, human-confirmed reading)",3,,"VOTE NAY: 2023-06-14 2nd reading of Bill C-311, An Act to amend the Criminal Code (violence (Negatived) [-2: Voted to stop, at second reading, a bill recognising a victim's pregnancy as an aggravating factor at sentencing.] | VOTE NAY: 2021-06-02 2nd reading of Bill C-233, An Act to amend the Criminal Code (sex-sele (Negatived) [no reading -- not placed] | VOTE NAY: 2016-10-19 2nd reading of Bill C-225, An Act to amend the Criminal Code (injuring (Negatived) [-2: Voted against recognising harm to a preborn child as a separate offence.]",Liberal,Newfoundland and Labrador
Alaina Lockhart (Liberal) - Fundy Royal [FORMER],,,,,1,,"a vote, 10 years ago","strong (recorded vote, human-confirmed reading)",2,,"2018-03-01 SPEECH Business of Supply — Opposition Motion—Canada Summ: ""There is now a great concern in Canada that if same sex marriage is legalized, it will have a profou"" [activity, not direction] | VOTE NAY: 2016-10-19 2nd reading of Bill C-225, An Act to amend the Criminal Code (injuring (Negatived) [-2: Voted against recognising harm to a preborn child as a separate offence.]",Liberal,New Brunswick
Anthony Rota (Liberal) - Nipissing—Timiskaming [FORMER],,,,,1,,"a vote, 10 years ago","strong (recorded vote, human-confirmed reading)",2,,"2023-06-14 NO RECORDED VOTE: 2nd reading of Bill C-311, An Act to amend the Criminal Code (violence | VOTE NAY: 2016-10-19 2nd reading of Bill C-225, An Act to amend the Criminal Code (injuring (Negatived) [-2: Voted against recognising harm to a preborn child as a separate offence.]",Liberal,Ontario
Bernadette Jordan (Liberal) - South Shore—St. Margarets [FORMER],,,,,1,,"a vote, 10 years ago","strong (recorded vote, human-confirmed reading)",2,,"VOTE NAY: 2021-06-02 2nd reading of Bill C-233, An Act to amend the Criminal Code (sex-sele (Negatived) [no reading -- not placed] | VOTE NAY: 2016-10-19 2nd reading of Bill C-225, An Act to amend the Criminal Code (injuring (Negatived) [-2: Voted against recognising harm to a preborn child as a separate offence.]",Liberal,Nova Scotia
Bob Bratina (Liberal) - Hamilton East—Stoney Creek [FORMER],,,,,1,,"a vote, 10 years ago","strong (recorded vote, human-confirmed reading)",2,,"VOTE NAY: 2021-06-02 2nd reading of Bill C-233, An Act to amend the Criminal Code (sex-sele (Negatived) [no reading -- not placed] | VOTE NAY: 2016-10-19 2nd reading of Bill C-225, An Act to amend the Criminal Code (injuring (Negatived) [-2: Voted against recognising harm to a preborn child as a separate offence.]",Liberal,Ontario
Caroline Desbiens (Bloc Québécois) - Beauport—Côte-de-Beaupré—Île d'Orléans—Charlevoix [FORMER],,,,,1,,"a vote, 3 years ago","strong (recorded vote, human-confirmed reading)",2,,"VOTE NAY: 2023-06-14 2nd reading of Bill C-311, An Act to amend the Criminal Code (violence (Negatived) [-2: Voted to stop, at second reading, a bill recognising a victim's pregnancy as an aggravating factor at sentencing.] | VOTE NAY: 2021-06-02 2nd reading of Bill C-233, An Act to amend the Criminal Code (sex-sele (Negatived) [no reading -- not placed]",Bloc Québécois,Quebec
Catherine McKenna (Liberal) - Ottawa Centre [FORMER],,,,,1,,"a vote, 10 years ago","strong (recorded vote, human-confirmed reading)",2,,"VOTE NAY: 2021-06-02 2nd reading of Bill C-233, An Act to amend the Criminal Code (sex-sele (Negatived) [no reading -- not placed] | VOTE NAY: 2016-10-19 2nd reading of Bill C-225, An Act to amend the Criminal Code (injuring (Negatived) [-2: Voted against recognising harm to a preborn child as a separate offence.]",Liberal,Ontario
Christine Moore (NDP) - Abitibi—Témiscamingue [FORMER],,,,,1,,"a vote, 10 years ago","strong (recorded vote, human-confirmed reading)",2,,"VOTE NAY: 2016-10-19 2nd reading of Bill C-225, An Act to amend the Criminal Code (injuring (Negatived) [-2: Voted against recognising harm to a preborn child as a separate offence.] | VOTE NAY: 2012-09-26 Private Members' Business M-312 (Special committee on subsection 223(1 (Negatived) [-1: Voted against studying when a child becomes a human being in law (-1: some opposed reopening the question, not the quest]",NDP,Quebec
Colin Fraser (Liberal) - West Nova [FORMER],,,,,1,,"a vote, 10 years ago","strong (recorded vote, human-confirmed reading)",2,,"2018-06-07 SPEECH Criminal Code: ""What are these specific changes in Bill C-75? The bill would repeal provisions related to the offenc"" [activity, not direction] | VOTE NAY: 2016-10-19 2nd reading of Bill C-225, An Act to amend the Criminal Code (injuring (Negatived) [-2: Voted against recognising harm to a preborn child as a separate offence.]",Liberal,Nova Scotia
David Christopherson (NDP) - Hamilton Centre [FORMER],,,,,1,,"a vote, 10 years ago","strong (recorded vote, human-confirmed reading)",2,,"VOTE NAY: 2016-10-19 2nd reading of Bill C-225, An Act to amend the Criminal Code (injuring (Negatived) [-2: Voted against recognising harm to a preborn child as a separate offence.] | VOTE NAY: 2012-09-26 Private Members' Business M-312 (Special committee on subsection 223(1 (Negatived) [-1: Voted against studying when a child becomes a human being in law (-1: some opposed reopening the question, not the quest]",NDP,Ontario
Deb Schulte (Liberal) - King—Vaughan [FORMER],,,,,1,,"a vote, 10 years ago","strong (recorded vote, human-confirmed reading)",2,,"VOTE NAY: 2021-06-02 2nd reading of Bill C-233, An Act to amend the Criminal Code (sex-sele (Negatived) [no reading -- not placed] | VOTE NAY: 2016-10-19 2nd reading of Bill C-225, An Act to amend the Criminal Code (injuring (Negatived) [-2: Voted against recognising harm to a preborn child as a separate offence.]",Liberal,Ontario
Eva Nassif (Liberal) - Vimy [FORMER],,,,,1,,"a vote, 10 years ago","strong (recorded vote, human-confirmed reading)",2,,"2019-05-09 SPEECH Status of Women: ""We know that members of the Conservative Party do not believe that safe access to abortion services "" [activity, not direction] | VOTE NAY: 2016-10-19 2nd reading of Bill C-225, An Act to amend the Criminal Code (injuring (Negatived) [-2: Voted against recognising harm to a preborn child as a separate offence.]",Liberal,Quebec
Fin Donnelly (NDP) - Port Moody—Coquitlam [FORMER],,,,,1,,"a vote, 10 years ago","strong (recorded vote, human-confirmed reading)",2,,"VOTE NAY: 2016-10-19 2nd reading of Bill C-225, An Act to amend the Criminal Code (injuring (Negatived) [-2: Voted against recognising harm to a preborn child as a separate offence.] | 2012-09-26 NO RECORDED VOTE: Private Members' Business M-312 (Special committee on subsection 223(1",NDP,British Columbia
François Choquette (NDP) - Drummond [FORMER],,,,,1,,"a vote, 10 years ago","strong (recorded vote, human-confirmed reading)",2,,"VOTE NAY: 2016-10-19 2nd reading of Bill C-225, An Act to amend the Criminal Code (injuring (Negatived) [-2: Voted against recognising harm to a preborn child as a separate offence.] | VOTE NAY: 2012-09-26 Private Members' Business M-312 (Special committee on subsection 223(1 (Negatived) [-1: Voted against studying when a child becomes a human being in law (-1: some opposed reopening the question, not the quest]",NDP,Quebec
Gagan Sikand (Liberal) - Mississauga—Streetsville [FORMER],,,,,1,,"a vote, 10 years ago","strong (recorded vote, human-confirmed reading)",2,,"2021-06-02 NO RECORDED VOTE: 2nd reading of Bill C-233, An Act to amend the Criminal Code (sex-sele | VOTE NAY: 2016-10-19 2nd reading of Bill C-225, An Act to amend the Criminal Code (injuring (Negatived) [-2: Voted against recognising harm to a preborn child as a separate offence.]",Liberal,Ontario
George Chahal (Liberal) - Calgary Skyview [FORMER],,,,,1,,"a vote, 3 years ago","strong (recorded vote, human-confirmed reading)",2,,"2024-02-27 PETITION 441-02222 (Health, 12897 signatures) judge 1: Petition seeks universal federal contraception coverage, framed as reproductive rights policy. Background rele [presenting a petition does not imply endorsement] | VOTE NAY: 2023-06-14 2nd reading of Bill C-311, An Act to amend the Criminal Code (violence (Negatived) [-2: Voted to stop, at second reading, a bill recognising a victim's pregnancy as an aggravating factor at sentencing.]",Liberal,Alberta
Han Dong (Independent) - Don Valley North [FORMER],,,,,1,,"a vote, 3 years ago","strong (recorded vote, human-confirmed reading)",2,,"VOTE NAY: 2023-06-14 2nd reading of Bill C-311, An Act to amend the Criminal Code (violence (Negatived) [-2: Voted to stop, at second reading, a bill recognising a victim's pregnancy as an aggravating factor at sentencing.] | VOTE NAY: 2021-06-02 2nd reading of Bill C-233, An Act to amend the Criminal Code (sex-sele (Negatived) [no reading -- not placed]",Independent,Ontario
Irek Kusmierczyk (Liberal) - Windsor—Tecumseh [FORMER],,,,,1,,"a vote, 3 years ago","strong (recorded vote, human-confirmed reading)",2,,"VOTE NAY: 2023-06-14 2nd reading of Bill C-311, An Act to amend the Criminal Code (violence (Negatived) [-2: Voted to stop, at second reading, a bill recognising a victim's pregnancy as an aggravating factor at sentencing.] | VOTE NAY: 2021-06-02 2nd reading of Bill C-233, An Act to amend the Criminal Code (sex-sele (Negatived) [no reading -- not placed]",Liberal,Ontario
Jane Philpott (Liberal) - Markham—Stouffville [FORMER],,,,,1,,"a vote, 10 years ago","strong (recorded vote, human-confirmed reading)",2,,"VOTE NAY: 2016-10-19 2nd reading of Bill C-225, An Act to amend the Criminal Code (injuring (Negatived) [-2: Voted against recognising harm to a preborn child as a separate offence.] | 2016-03-08 SPEECH Health: ""Mr. Speaker, I will remind the hon. member that our government fully supports a woman's right to cho"" [activity, not direction]",Liberal,Ontario
Jody Wilson-Raybould (Independent) - Vancouver Granville [FORMER],,,,,1,,"a vote, 10 years ago","strong (recorded vote, human-confirmed reading)",2,,"VOTE NAY: 2021-06-02 2nd reading of Bill C-233, An Act to amend the Criminal Code (sex-sele (Negatived) [no reading -- not placed] | VOTE NAY: 2016-10-19 2nd reading of Bill C-225, An Act to amend the Criminal Code (injuring (Negatived) [-2: Voted against recognising harm to a preborn child as a separate offence.]",Independent,British Columbia
John McCallum (Liberal) - Markham—Thornhill [FORMER],,,,,1,,"a vote, 10 years ago","strong (recorded vote, human-confirmed reading)",2,,"VOTE NAY: 2016-10-19 2nd reading of Bill C-225, An Act to amend the Criminal Code (injuring (Negatived) [-2: Voted against recognising harm to a preborn child as a separate offence.] | VOTE NAY: 2012-09-26 Private Members' Business M-312 (Special committee on subsection 223(1 (Negatived) [-1: Voted against studying when a child becomes a human being in law (-1: some opposed reopening the question, not the quest]",Liberal,Ontario
Judy Foote (Liberal) - Bonavista—Burin—Trinity [FORMER],,,,,1,,"a vote, 10 years ago","strong (recorded vote, human-confirmed reading)",2,,"VOTE NAY: 2016-10-19 2nd reading of Bill C-225, An Act to amend the Criminal Code (injuring (Negatived) [-2: Voted against recognising harm to a preborn child as a separate offence.] | VOTE NAY: 2012-09-26 Private Members' Business M-312 (Special committee on subsection 223(1 (Negatived) [-1: Voted against studying when a child becomes a human being in law (-1: some opposed reopening the question, not the quest]",Liberal,Newfoundland and Labrador
Julie Vignola (Bloc Québécois) - Beauport—Limoilou [FORMER],,,,,1,,"a vote, 3 years ago","strong (recorded vote, human-confirmed reading)",2,,"VOTE NAY: 2023-06-14 2nd reading of Bill C-311, An Act to amend the Criminal Code (violence (Negatived) [-2: Voted to stop, at second reading, a bill recognising a victim's pregnancy as an aggravating factor at sentencing.] | VOTE NAY: 2021-06-02 2nd reading of Bill C-233, An Act to amend the Criminal Code (sex-sele (Negatived) [no reading -- not placed]",Bloc Québécois,Quebec
Karen McCrimmon (Liberal) - Kanata—Carleton [FORMER],,,,,1,,"a vote, 10 years ago","strong (recorded vote, human-confirmed reading)",2,,"VOTE NAY: 2021-06-02 2nd reading of Bill C-233, An Act to amend the Criminal Code (sex-sele (Negatived) [no reading -- not placed] | VOTE NAY: 2016-10-19 2nd reading of Bill C-225, An Act to amend the Criminal Code (injuring (Negatived) [-2: Voted against recognising harm to a preborn child as a separate offence.]",Liberal,Ontario
Kate Young (Liberal) - London West [FORMER],,,,,1,,"a vote, 10 years ago","strong (recorded vote, human-confirmed reading)",2,,"VOTE NAY: 2021-06-02 2nd reading of Bill C-233, An Act to amend the Criminal Code (sex-sele (Negatived) [no reading -- not placed] | VOTE NAY: 2016-10-19 2nd reading of Bill C-225, An Act to amend the Criminal Code (injuring (Negatived) [-2: Voted against recognising harm to a preborn child as a separate offence.]",Liberal,Ontario
Kim Rudd (Liberal) - Northumberland—Peterborough South [FORMER],,,,,1,,"a vote, 10 years ago","strong (recorded vote, human-confirmed reading)",2,,"2018-04-27 SPEECH Natural Resources: ""Madam Speaker, we are the party that stands up for Canadians and the Charter of Rights and Freedoms."" [activity, not direction] | VOTE NAY: 2016-10-19 2nd reading of Bill C-225, An Act to amend the Criminal Code (injuring (Negatived) [-2: Voted against recognising harm to a preborn child as a separate offence.]",Liberal,Ontario
Larry Bagnell (Liberal) - Yukon [FORMER],,,,,1,,"a vote, 10 years ago","strong (recorded vote, human-confirmed reading)",2,,"VOTE NAY: 2021-06-02 2nd reading of Bill C-233, An Act to amend the Criminal Code (sex-sele (Negatived) [no reading -- not placed] | VOTE NAY: 2016-10-19 2nd reading of Bill C-225, An Act to amend the Criminal Code (injuring (Negatived) [-2: Voted against recognising harm to a preborn child as a separate offence.]",Liberal,Yukon
Leona Alleslev (Conservative) - Aurora—Oak Ridges—Richmond Hill [FORMER],,,,,1,,"a vote, 10 years ago","strong (recorded vote, human-confirmed reading)",2,,"VOTE NAY: 2021-06-02 2nd reading of Bill C-233, An Act to amend the Criminal Code (sex-sele (Negatived) [no reading -- not placed] | VOTE NAY: 2016-10-19 2nd reading of Bill C-225, An Act to amend the Criminal Code (injuring (Negatived) [-2: Voted against recognising harm to a preborn child as a separate offence.]",Conservative,Ontario
Lisa Marie Barron (NDP) - Nanaimo—Ladysmith [FORMER],,,,,1,,"a vote, 3 years ago","strong (recorded vote, human-confirmed reading)",2,,"2024-10-25 SPEECH Health: ""Access to abortion is access to health care, so will the Liberals enforce the Canada Health Act to e"" [activity, not direction] | VOTE NAY: 2023-06-14 2nd reading of Bill C-311, An Act to amend the Criminal Code (violence (Negatived) [-2: Voted to stop, at second reading, a bill recognising a victim's pregnancy as an aggravating factor at sentencing.]",NDP,British Columbia
Louise Chabot (Bloc Québécois) - Thérèse-De Blainville [FORMER],,,,,1,,"a vote, 3 years ago","strong (recorded vote, human-confirmed reading)",2,,"VOTE NAY: 2023-06-14 2nd reading of Bill C-311, An Act to amend the Criminal Code (violence (Negatived) [-2: Voted to stop, at second reading, a bill recognising a victim's pregnancy as an aggravating factor at sentencing.] | VOTE NAY: 2021-06-02 2nd reading of Bill C-233, An Act to amend the Criminal Code (sex-sele (Negatived) [no reading -- not placed]",Bloc Québécois,Quebec
Luc Desilets (Bloc Québécois) - Rivière-des-Mille-Îles [FORMER],,,,,1,,"a vote, 3 years ago","strong (recorded vote, human-confirmed reading)",2,,"VOTE NAY: 2023-06-14 2nd reading of Bill C-311, An Act to amend the Criminal Code (violence (Negatived) [-2: Voted to stop, at second reading, a bill recognising a victim's pregnancy as an aggravating factor at sentencing.] | VOTE NAY: 2021-06-02 2nd reading of Bill C-233, An Act to amend the Criminal Code (sex-sele (Negatived) [no reading -- not placed]",Bloc Québécois,Quebec
Marwan Tabbara (Independent) - Kitchener South—Hespeler [FORMER],,,,,1,,"a vote, 10 years ago","strong (recorded vote, human-confirmed reading)",2,,"VOTE NAY: 2021-06-02 2nd reading of Bill C-233, An Act to amend the Criminal Code (sex-sele (Negatived) [no reading -- not placed] | VOTE NAY: 2016-10-19 2nd reading of Bill C-225, An Act to amend the Criminal Code (injuring (Negatived) [-2: Voted against recognising harm to a preborn child as a separate offence.]",Independent,Ontario
Matthew Green (NDP) - Hamilton Centre [FORMER],,,,,1,,"a vote, 3 years ago","strong (recorded vote, human-confirmed reading)",2,,"VOTE NAY: 2023-06-14 2nd reading of Bill C-311, An Act to amend the Criminal Code (violence (Negatived) [-2: Voted to stop, at second reading, a bill recognising a victim's pregnancy as an aggravating factor at sentencing.] | VOTE NAY: 2021-06-02 2nd reading of Bill C-233, An Act to amend the Criminal Code (sex-sele (Negatived) [no reading -- not placed]",NDP,Ontario
Michel Boudrias (Bloc Québécois) - Terrebonne [FORMER],,,,,1,,"a vote, 10 years ago","strong (recorded vote, human-confirmed reading)",2,,"VOTE NAY: 2021-06-02 2nd reading of Bill C-233, An Act to amend the Criminal Code (sex-sele (Negatived) [no reading -- not placed] | VOTE NAY: 2016-10-19 2nd reading of Bill C-225, An Act to amend the Criminal Code (injuring (Negatived) [-2: Voted against recognising harm to a preborn child as a separate offence.]",Bloc Québécois,Quebec
Mike Morrice (Green Party) - Kitchener Centre [FORMER],,,,,1,,"a vote, 3 years ago","strong (recorded vote, human-confirmed reading)",2,,"2024-12-05 SPEECH Committees of the House — Resumption of Debate on : ""Mr. Speaker, I want to start by thanking the member for Edmonton Strathcona, and the member for Vict"" [activity, not direction] | VOTE NAY: 2023-06-14 2nd reading of Bill C-311, An Act to amend the Criminal Code (violence (Negatived) [-2: Voted to stop, at second reading, a bill recognising a victim's pregnancy as an aggravating factor at sentencing.]",Green Party,Ontario
Navdeep Bains (Liberal) - Mississauga—Malton [FORMER],,,,,1,,"a vote, 10 years ago","strong (recorded vote, human-confirmed reading)",2,,"VOTE NAY: 2021-06-02 2nd reading of Bill C-233, An Act to amend the Criminal Code (sex-sele (Negatived) [no reading -- not placed] | VOTE NAY: 2016-10-19 2nd reading of Bill C-225, An Act to amend the Criminal Code (injuring (Negatived) [-2: Voted against recognising harm to a preborn child as a separate offence.]",Liberal,Ontario
Neil Ellis (Liberal) - Bay of Quinte [FORMER],,,,,1,,"a vote, 10 years ago","strong (recorded vote, human-confirmed reading)",2,,"VOTE NAY: 2021-06-02 2nd reading of Bill C-233, An Act to amend the Criminal Code (sex-sele (Negatived) [no reading -- not placed] | VOTE NAY: 2016-10-19 2nd reading of Bill C-225, An Act to amend the Criminal Code (injuring (Negatived) [-2: Voted against recognising harm to a preborn child as a separate offence.]",Liberal,Ontario
Pascale St-Onge (Liberal) - Brome—Missisquoi [FORMER],,,,,1,,"a vote, 3 years ago","strong (recorded vote, human-confirmed reading)",2,,"VOTE NAY: 2023-06-14 2nd reading of Bill C-311, An Act to amend the Criminal Code (violence (Negatived) [-2: Voted to stop, at second reading, a bill recognising a victim's pregnancy as an aggravating factor at sentencing.] | 2023-06-14 SPEECH Women and Gender Equality: ""The Conservative leader is trying to win votes by attempting to reopen the abortion debate. In Canad"" [activity, not direction]",Liberal,Quebec
Pat Finnigan (Liberal) - Miramichi—Grand Lake [FORMER],,,,,1,,"a vote, 10 years ago","strong (recorded vote, human-confirmed reading)",2,,"VOTE NAY: 2021-06-02 2nd reading of Bill C-233, An Act to amend the Criminal Code (sex-sele (Negatived) [no reading -- not placed] | VOTE NAY: 2016-10-19 2nd reading of Bill C-225, An Act to amend the Criminal Code (injuring (Negatived) [-2: Voted against recognising harm to a preborn child as a separate offence.]",Liberal,New Brunswick
Paul Lefebvre (Liberal) - Sudbury [FORMER],,,,,1,,"a vote, 10 years ago","strong (recorded vote, human-confirmed reading)",2,,"VOTE NAY: 2021-06-02 2nd reading of Bill C-233, An Act to amend the Criminal Code (sex-sele (Negatived) [no reading -- not placed] | VOTE NAY: 2016-10-19 2nd reading of Bill C-225, An Act to amend the Criminal Code (injuring (Negatived) [-2: Voted against recognising harm to a preborn child as a separate offence.]",Liberal,Ontario
Raj Saini (Liberal) - Kitchener Centre [FORMER],,,,,1,,"a vote, 10 years ago","strong (recorded vote, human-confirmed reading)",2,,"VOTE NAY: 2021-06-02 2nd reading of Bill C-233, An Act to amend the Criminal Code (sex-sele (Negatived) [no reading -- not placed] | VOTE NAY: 2016-10-19 2nd reading of Bill C-225, An Act to amend the Criminal Code (injuring (Negatived) [-2: Voted against recognising harm to a preborn child as a separate offence.]",Liberal,Ontario
Ralph Goodale (Liberal) - Regina—Wascana [FORMER],,,,,1,,"a vote, 10 years ago","strong (recorded vote, human-confirmed reading)",2,,"VOTE NAY: 2016-10-19 2nd reading of Bill C-225, An Act to amend the Criminal Code (injuring (Negatived) [-2: Voted against recognising harm to a preborn child as a separate offence.] | VOTE NAY: 2012-09-26 Private Members' Business M-312 (Special committee on subsection 223(1 (Negatived) [-1: Voted against studying when a child becomes a human being in law (-1: some opposed reopening the question, not the quest]",Liberal,Saskatchewan
Ramesh Sangha (Independent) - Brampton Centre [FORMER],,,,,1,,"a vote, 10 years ago","strong (recorded vote, human-confirmed reading)",2,,"VOTE NAY: 2021-06-02 2nd reading of Bill C-233, An Act to amend the Criminal Code (sex-sele (Negatived) [no reading -- not placed] | VOTE NAY: 2016-10-19 2nd reading of Bill C-225, An Act to amend the Criminal Code (injuring (Negatived) [-2: Voted against recognising harm to a preborn child as a separate offence.]",Independent,Ontario
Robert-Falcon Ouellette (Liberal) - Winnipeg Centre [FORMER],,,,,1,,"a vote, 10 years ago","strong (recorded vote, human-confirmed reading)",2,,"VOTE NAY: 2016-10-19 2nd reading of Bill C-225, An Act to amend the Criminal Code (injuring (Negatived) [-2: Voted against recognising harm to a preborn child as a separate offence.] | 2016-04-21 SPEECH Petitions — Physician-Assisted Dying: ""The petitioners bring attention to the House that vulnerable people and people with disabilities, su"" [activity, not direction]",Liberal,Manitoba
Romeo Saganash (NDP) - Abitibi—Baie-James—Nunavik—Eeyou [FORMER],,,,,1,,"a vote, 10 years ago","strong (recorded vote, human-confirmed reading)",2,,"VOTE NAY: 2016-10-19 2nd reading of Bill C-225, An Act to amend the Criminal Code (injuring (Negatived) [-2: Voted against recognising harm to a preborn child as a separate offence.] | 2012-09-26 NO RECORDED VOTE: Private Members' Business M-312 (Special committee on subsection 223(1",NDP,Quebec
Ruth Ellen Brosseau (NDP) - Berthier—Maskinongé [FORMER],,,,,1,,"a vote, 10 years ago","strong (recorded vote, human-confirmed reading)",2,,"VOTE NAY: 2016-10-19 2nd reading of Bill C-225, An Act to amend the Criminal Code (injuring (Negatived) [-2: Voted against recognising harm to a preborn child as a separate offence.] | VOTE NAY: 2012-09-26 Private Members' Business M-312 (Special committee on subsection 223(1 (Negatived) [-1: Voted against studying when a child becomes a human being in law (-1: some opposed reopening the question, not the quest]",NDP,Quebec
Scott Brison (Liberal) - Kings—Hants [FORMER],,,,,1,,"a vote, 10 years ago","strong (recorded vote, human-confirmed reading)",2,,"VOTE NAY: 2016-10-19 2nd reading of Bill C-225, An Act to amend the Criminal Code (injuring (Negatived) [-2: Voted against recognising harm to a preborn child as a separate offence.] | VOTE NAY: 2012-09-26 Private Members' Business M-312 (Special committee on subsection 223(1 (Negatived) [-1: Voted against studying when a child becomes a human being in law (-1: some opposed reopening the question, not the quest]",Liberal,Nova Scotia
Scott Duvall (NDP) - Hamilton Mountain [FORMER],,,,,1,,"a vote, 10 years ago","strong (recorded vote, human-confirmed reading)",2,,"VOTE NAY: 2021-06-02 2nd reading of Bill C-233, An Act to amend the Criminal Code (sex-sele (Negatived) [no reading -- not placed] | VOTE NAY: 2016-10-19 2nd reading of Bill C-225, An Act to amend the Criminal Code (injuring (Negatived) [-2: Voted against recognising harm to a preborn child as a separate offence.]",NDP,Ontario
Steven Guilbeault (Liberal) - Laurier—Sainte-Marie [FORMER],,,,,1,,"a vote, 3 years ago","strong (recorded vote, human-confirmed reading)",2,,"VOTE NAY: 2023-06-14 2nd reading of Bill C-311, An Act to amend the Criminal Code (violence (Negatived) [-2: Voted to stop, at second reading, a bill recognising a victim's pregnancy as an aggravating factor at sentencing.] | VOTE NAY: 2021-06-02 2nd reading of Bill C-233, An Act to amend the Criminal Code (sex-sele (Negatived) [no reading -- not placed]",Liberal,Quebec
Stéphane Dion (Liberal) - Saint-Laurent [FORMER],,,,,1,,"a vote, 10 years ago","strong (recorded vote, human-confirmed reading)",2,,"VOTE NAY: 2016-10-19 2nd reading of Bill C-225, An Act to amend the Criminal Code (injuring (Negatived) [-2: Voted against recognising harm to a preborn child as a separate offence.] | 2012-09-26 NO RECORDED VOTE: Private Members' Business M-312 (Special committee on subsection 223(1",Liberal,Quebec
Taylor Bachrach (NDP) - Skeena—Bulkley Valley [FORMER],,,,,1,,"a vote, 3 years ago","strong (recorded vote, human-confirmed reading)",2,,"VOTE NAY: 2023-06-14 2nd reading of Bill C-311, An Act to amend the Criminal Code (violence (Negatived) [-2: Voted to stop, at second reading, a bill recognising a victim's pregnancy as an aggravating factor at sentencing.] | VOTE NAY: 2021-06-02 2nd reading of Bill C-233, An Act to amend the Criminal Code (sex-sele (Negatived) [no reading -- not placed]",NDP,British Columbia
Tony Van Bynen (Liberal) - Newmarket—Aurora [FORMER],,,,,1,,"a vote, 3 years ago","strong (recorded vote, human-confirmed reading)",2,,"VOTE NAY: 2023-06-14 2nd reading of Bill C-311, An Act to amend the Criminal Code (violence (Negatived) [-2: Voted to stop, at second reading, a bill recognising a victim's pregnancy as an aggravating factor at sentencing.] | VOTE NAY: 2021-06-02 2nd reading of Bill C-233, An Act to amend the Criminal Code (sex-sele (Negatived) [no reading -- not placed]",Liberal,Ontario
William Amos (Liberal) - Pontiac [FORMER],,,,,1,,"a vote, 10 years ago","strong (recorded vote, human-confirmed reading)",2,,"2021-06-02 NO RECORDED VOTE: 2nd reading of Bill C-233, An Act to amend the Criminal Code (sex-sele | VOTE NAY: 2016-10-19 2nd reading of Bill C-225, An Act to amend the Criminal Code (injuring (Negatived) [-2: Voted against recognising harm to a preborn child as a separate offence.]",Liberal,Quebec
Amarjeet Sohi (Liberal) - Edmonton Mill Woods [FORMER],,,,,1,,"a vote, 10 years ago","strong (recorded vote, human-confirmed reading)",1,,"VOTE NAY: 2016-10-19 2nd reading of Bill C-225, An Act to amend the Criminal Code (injuring (Negatived) [-2: Voted against recognising harm to a preborn child as a separate offence.]",Liberal,Alberta
Andrew Leslie (Liberal) - Orléans [FORMER],,,,,1,,"a vote, 10 years ago","strong (recorded vote, human-confirmed reading)",1,,"VOTE NAY: 2016-10-19 2nd reading of Bill C-225, An Act to amend the Criminal Code (injuring (Negatived) [-2: Voted against recognising harm to a preborn child as a separate offence.]",Liberal,Ontario
Arnold Chan (Liberal) - Scarborough—Agincourt [FORMER],,,,,1,,"a vote, 10 years ago","strong (recorded vote, human-confirmed reading)",1,,"VOTE NAY: 2016-10-19 2nd reading of Bill C-225, An Act to amend the Criminal Code (injuring (Negatived) [-2: Voted against recognising harm to a preborn child as a separate offence.]",Liberal,Ontario
Bill Casey (Liberal) - Cumberland—Colchester [FORMER],,,,,1,,"a vote, 10 years ago","strong (recorded vote, human-confirmed reading)",1,,"VOTE NAY: 2016-10-19 2nd reading of Bill C-225, An Act to amend the Criminal Code (injuring (Negatived) [-2: Voted against recognising harm to a preborn child as a separate offence.]",Liberal,Nova Scotia
Bill Morneau (Liberal) - Toronto Centre [FORMER],,,,,1,,"a vote, 10 years ago","strong (recorded vote, human-confirmed reading)",1,,"VOTE NAY: 2016-10-19 2nd reading of Bill C-225, An Act to amend the Criminal Code (injuring (Negatived) [-2: Voted against recognising harm to a preborn child as a separate offence.]",Liberal,Ontario
Blake Desjarlais (NDP) - Edmonton Griesbach [FORMER],,,,,1,,"a vote, 3 years ago","strong (recorded vote, human-confirmed reading)",1,,"VOTE NAY: 2023-06-14 2nd reading of Bill C-311, An Act to amend the Criminal Code (violence (Negatived) [-2: Voted to stop, at second reading, a bill recognising a victim's pregnancy as an aggravating factor at sentencing.]",NDP,Alberta
Borys Wrzesnewskyj (Liberal) - Etobicoke Centre [FORMER],,,,,1,,"a vote, 10 years ago","strong (recorded vote, human-confirmed reading)",1,,"VOTE NAY: 2016-10-19 2nd reading of Bill C-225, An Act to amend the Criminal Code (injuring (Negatived) [-2: Voted against recognising harm to a preborn child as a separate offence.]",Liberal,Ontario
Chad Collins (Liberal) - Hamilton East—Stoney Creek [FORMER],,,,,1,,"a vote, 3 years ago","strong (recorded vote, human-confirmed reading)",1,,"VOTE NAY: 2023-06-14 2nd reading of Bill C-311, An Act to amend the Criminal Code (violence (Negatived) [-2: Voted to stop, at second reading, a bill recognising a victim's pregnancy as an aggravating factor at sentencing.]",Liberal,Ontario
Cheryl Hardcastle (NDP) - Windsor—Tecumseh [FORMER],,,,,1,,"a vote, 10 years ago","strong (recorded vote, human-confirmed reading)",1,,"VOTE NAY: 2016-10-19 2nd reading of Bill C-225, An Act to amend the Criminal Code (injuring (Negatived) [-2: Voted against recognising harm to a preborn child as a separate offence.]",NDP,Ontario
Dan Ruimy (Liberal) - Pitt Meadows—Maple Ridge [FORMER],,,,,1,,"a vote, 10 years ago","strong (recorded vote, human-confirmed reading)",1,,"VOTE NAY: 2016-10-19 2nd reading of Bill C-225, An Act to amend the Criminal Code (injuring (Negatived) [-2: Voted against recognising harm to a preborn child as a separate offence.]",Liberal,British Columbia
Darshan Singh Kang (Independent) - Calgary Skyview [FORMER],,,,,1,,"a vote, 10 years ago","strong (recorded vote, human-confirmed reading)",1,,"VOTE NAY: 2016-10-19 2nd reading of Bill C-225, An Act to amend the Criminal Code (injuring (Negatived) [-2: Voted against recognising harm to a preborn child as a separate offence.]",Independent,Alberta
Denis Lemieux (Liberal) - Chicoutimi—Le Fjord [FORMER],,,,,1,,"a vote, 10 years ago","strong (recorded vote, human-confirmed reading)",1,,"VOTE NAY: 2016-10-19 2nd reading of Bill C-225, An Act to amend the Criminal Code (injuring (Negatived) [-2: Voted against recognising harm to a preborn child as a separate offence.]",Liberal,Quebec
Denis Paradis (Liberal) - Brome—Missisquoi [FORMER],,,,,1,,"a vote, 10 years ago","strong (recorded vote, human-confirmed reading)",1,,"VOTE NAY: 2016-10-19 2nd reading of Bill C-225, An Act to amend the Criminal Code (injuring (Negatived) [-2: Voted against recognising harm to a preborn child as a separate offence.]",Liberal,Quebec
Don Rusnak (Liberal) - Thunder Bay—Rainy River [FORMER],,,,,1,,"a vote, 10 years ago","strong (recorded vote, human-confirmed reading)",1,,"VOTE NAY: 2016-10-19 2nd reading of Bill C-225, An Act to amend the Criminal Code (injuring (Negatived) [-2: Voted against recognising harm to a preborn child as a separate offence.]",Liberal,Ontario
Frank Baylis (Liberal) - Pierrefonds—Dollard [FORMER],,,,,1,,"a vote, 10 years ago","strong (recorded vote, human-confirmed reading)",1,,"VOTE NAY: 2016-10-19 2nd reading of Bill C-225, An Act to amend the Criminal Code (injuring (Negatived) [-2: Voted against recognising harm to a preborn child as a separate offence.]",Liberal,Quebec
Geng Tan (Liberal) - Don Valley North [FORMER],,,,,1,,"a vote, 10 years ago","strong (recorded vote, human-confirmed reading)",1,,"VOTE NAY: 2016-10-19 2nd reading of Bill C-225, An Act to amend the Criminal Code (injuring (Negatived) [-2: Voted against recognising harm to a preborn child as a separate offence.]",Liberal,Ontario
Georgina Jolibois (NDP) - Desnethé—Missinippi—Churchill River [FORMER],,,,,1,,"a vote, 10 years ago","strong (recorded vote, human-confirmed reading)",1,,"VOTE NAY: 2016-10-19 2nd reading of Bill C-225, An Act to amend the Criminal Code (injuring (Negatived) [-2: Voted against recognising harm to a preborn child as a separate offence.]",NDP,Saskatchewan
Jati Sidhu (Liberal) - Mission—Matsqui—Fraser Canyon [FORMER],,,,,1,,"a vote, 10 years ago","strong (recorded vote, human-confirmed reading)",1,,"VOTE NAY: 2016-10-19 2nd reading of Bill C-225, An Act to amend the Criminal Code (injuring (Negatived) [-2: Voted against recognising harm to a preborn child as a separate offence.]",Liberal,British Columbia
Jean Rioux (Liberal) - Saint-Jean [FORMER],,,,,1,,"a vote, 10 years ago","strong (recorded vote, human-confirmed reading)",1,,"VOTE NAY: 2016-10-19 2nd reading of Bill C-225, An Act to amend the Criminal Code (injuring (Negatived) [-2: Voted against recognising harm to a preborn child as a separate offence.]",Liberal,Quebec
Jean-Claude Poissant (Liberal) - La Prairie [FORMER],,,,,1,,"a vote, 10 years ago","strong (recorded vote, human-confirmed reading)",1,,"VOTE NAY: 2016-10-19 2nd reading of Bill C-225, An Act to amend the Criminal Code (injuring (Negatived) [-2: Voted against recognising harm to a preborn child as a separate offence.]",Liberal,Quebec
John Oliver (Liberal) - Oakville [FORMER],,,,,1,,"a vote, 10 years ago","strong (recorded vote, human-confirmed reading)",1,,"VOTE NAY: 2016-10-19 2nd reading of Bill C-225, An Act to amend the Criminal Code (injuring (Negatived) [-2: Voted against recognising harm to a preborn child as a separate offence.]",Liberal,Ontario
Karen Ludwig (Liberal) - New Brunswick Southwest [FORMER],,,,,1,,"a vote, 10 years ago","strong (recorded vote, human-confirmed reading)",1,,"VOTE NAY: 2016-10-19 2nd reading of Bill C-225, An Act to amend the Criminal Code (injuring (Negatived) [-2: Voted against recognising harm to a preborn child as a separate offence.]",Liberal,New Brunswick
Karine Trudel (NDP) - Jonquière [FORMER],,,,,1,,"a vote, 10 years ago","strong (recorded vote, human-confirmed reading)",1,,"VOTE NAY: 2016-10-19 2nd reading of Bill C-225, An Act to amend the Criminal Code (injuring (Negatived) [-2: Voted against recognising harm to a preborn child as a separate offence.]",NDP,Quebec
Kent Hehr (Liberal) - Calgary Centre [FORMER],,,,,1,,"a vote, 10 years ago","strong (recorded vote, human-confirmed reading)",1,,"VOTE NAY: 2016-10-19 2nd reading of Bill C-225, An Act to amend the Criminal Code (injuring (Negatived) [-2: Voted against recognising harm to a preborn child as a separate offence.]",Liberal,Alberta
Kyle Peterson (Liberal) - Newmarket—Aurora [FORMER],,,,,1,,"a vote, 10 years ago","strong (recorded vote, human-confirmed reading)",1,,"VOTE NAY: 2016-10-19 2nd reading of Bill C-225, An Act to amend the Criminal Code (injuring (Negatived) [-2: Voted against recognising harm to a preborn child as a separate offence.]",Liberal,Ontario
MaryAnn Mihychuk (Liberal) - Kildonan—St. Paul [FORMER],,,,,1,,"a vote, 10 years ago","strong (recorded vote, human-confirmed reading)",1,,"VOTE NAY: 2016-10-19 2nd reading of Bill C-225, An Act to amend the Criminal Code (injuring (Negatived) [-2: Voted against recognising harm to a preborn child as a separate offence.]",Liberal,Manitoba
Matt DeCourcey (Liberal) - Fredericton [FORMER],,,,,1,,"a vote, 10 years ago","strong (recorded vote, human-confirmed reading)",1,,"VOTE NAY: 2016-10-19 2nd reading of Bill C-225, An Act to amend the Criminal Code (injuring (Negatived) [-2: Voted against recognising harm to a preborn child as a separate offence.]",Liberal,New Brunswick
Michael Levitt (Liberal) - York Centre [FORMER],,,,,1,,"a vote, 10 years ago","strong (recorded vote, human-confirmed reading)",1,,"VOTE NAY: 2016-10-19 2nd reading of Bill C-225, An Act to amend the Criminal Code (injuring (Negatived) [-2: Voted against recognising harm to a preborn child as a separate offence.]",Liberal,Ontario
Michel Picard (Liberal) - Montarville [FORMER],,,,,1,,"a vote, 10 years ago","strong (recorded vote, human-confirmed reading)",1,,"VOTE NAY: 2016-10-19 2nd reading of Bill C-225, An Act to amend the Criminal Code (injuring (Negatived) [-2: Voted against recognising harm to a preborn child as a separate offence.]",Liberal,Quebec
Mike Bossio (Liberal) - Hastings—Lennox and Addington [FORMER],,,,,1,,"a vote, 10 years ago","strong (recorded vote, human-confirmed reading)",1,,"VOTE NAY: 2016-10-19 2nd reading of Bill C-225, An Act to amend the Criminal Code (injuring (Negatived) [-2: Voted against recognising harm to a preborn child as a separate offence.]",Liberal,Ontario
Nathalie Sinclair-Desgagné (Bloc Québécois) - Terrebonne [FORMER],,,,,1,,"a vote, 3 years ago","strong (recorded vote, human-confirmed reading)",1,,"VOTE NAY: 2023-06-14 2nd reading of Bill C-311, An Act to amend the Criminal Code (violence (Negatived) [-2: Voted to stop, at second reading, a bill recognising a victim's pregnancy as an aggravating factor at sentencing.]",Bloc Québécois,Quebec
Nicola Di Iorio (Liberal) - Saint-Léonard—Saint-Michel [FORMER],,,,,1,,"a vote, 10 years ago","strong (recorded vote, human-confirmed reading)",1,,"VOTE NAY: 2016-10-19 2nd reading of Bill C-225, An Act to amend the Criminal Code (injuring (Negatived) [-2: Voted against recognising harm to a preborn child as a separate offence.]",Liberal,Quebec
Pamela Goldsmith-Jones (Liberal) - West Vancouver—Sunshine Coast—Sea to Sky Country [FORMER],,,,,1,,"a vote, 10 years ago","strong (recorded vote, human-confirmed reading)",1,,"VOTE NAY: 2016-10-19 2nd reading of Bill C-225, An Act to amend the Criminal Code (injuring (Negatived) [-2: Voted against recognising harm to a preborn child as a separate offence.]",Liberal,British Columbia
Paul Chiang (Liberal) - Markham—Unionville [FORMER],,,,,1,,"a vote, 3 years ago","strong (recorded vote, human-confirmed reading)",1,,"VOTE NAY: 2023-06-14 2nd reading of Bill C-311, An Act to amend the Criminal Code (violence (Negatived) [-2: Voted to stop, at second reading, a bill recognising a victim's pregnancy as an aggravating factor at sentencing.]",Liberal,Ontario
Pierre Breton (Liberal) - Shefford [FORMER],,,,,1,,"a vote, 10 years ago","strong (recorded vote, human-confirmed reading)",1,,"VOTE NAY: 2016-10-19 2nd reading of Bill C-225, An Act to amend the Criminal Code (injuring (Negatived) [-2: Voted against recognising harm to a preborn child as a separate offence.]",Liberal,Quebec
Ramez Ayoub (Liberal) - Thérèse-De Blainville [FORMER],,,,,1,,"a vote, 10 years ago","strong (recorded vote, human-confirmed reading)",1,,"VOTE NAY: 2016-10-19 2nd reading of Bill C-225, An Act to amend the Criminal Code (injuring (Negatived) [-2: Voted against recognising harm to a preborn child as a separate offence.]",Liberal,Quebec
René Villemure (Bloc Québécois) - Trois-Rivières [FORMER],,,,,1,,"a vote, 3 years ago","strong (recorded vote, human-confirmed reading)",1,,"VOTE NAY: 2023-06-14 2nd reading of Bill C-311, An Act to amend the Criminal Code (violence (Negatived) [-2: Voted to stop, at second reading, a bill recognising a victim's pregnancy as an aggravating factor at sentencing.]",Bloc Québécois,Quebec
Robert Nault (Liberal) - Kenora [FORMER],,,,,1,,"a vote, 10 years ago","strong (recorded vote, human-confirmed reading)",1,,"VOTE NAY: 2016-10-19 2nd reading of Bill C-225, An Act to amend the Criminal Code (injuring (Negatived) [-2: Voted against recognising harm to a preborn child as a separate offence.]",Liberal,Ontario
Rémi Massé (Liberal) - Avignon—La Mitis—Matane—Matapédia [FORMER],,,,,1,,"a vote, 10 years ago","strong (recorded vote, human-confirmed reading)",1,,"VOTE NAY: 2016-10-19 2nd reading of Bill C-225, An Act to amend the Criminal Code (injuring (Negatived) [-2: Voted against recognising harm to a preborn child as a separate offence.]",Liberal,Quebec
Sheri Benson (NDP) - Saskatoon West [FORMER],,,,,1,,"a vote, 10 years ago","strong (recorded vote, human-confirmed reading)",1,,"VOTE NAY: 2016-10-19 2nd reading of Bill C-225, An Act to amend the Criminal Code (injuring (Negatived) [-2: Voted against recognising harm to a preborn child as a separate offence.]",NDP,Saskatchewan
Sylvie Boucher (Conservative) - Beauport—Côte-de-Beaupré—Île d'Orléans—Charlevoix [FORMER],,,,,1,,"a vote, 10 years ago","strong (recorded vote, human-confirmed reading)",1,,"VOTE NAY: 2016-10-19 2nd reading of Bill C-225, An Act to amend the Criminal Code (injuring (Negatived) [-2: Voted against recognising harm to a preborn child as a separate offence.]",Conservative,Quebec
T.J. Harvey (Liberal) - Tobique—Mactaquac [FORMER],,,,,1,,"a vote, 10 years ago","strong (recorded vote, human-confirmed reading)",1,,"VOTE NAY: 2016-10-19 2nd reading of Bill C-225, An Act to amend the Criminal Code (injuring (Negatived) [-2: Voted against recognising harm to a preborn child as a separate offence.]",Liberal,New Brunswick
Tracey Ramsey (NDP) - Essex [FORMER],,,,,1,,"a vote, 10 years ago","strong (recorded vote, human-confirmed reading)",1,,"VOTE NAY: 2016-10-19 2nd reading of Bill C-225, An Act to amend the Criminal Code (injuring (Negatived) [-2: Voted against recognising harm to a preborn child as a separate offence.]",NDP,Ontario
Valerie Bradford (Liberal) - Kitchener South—Hespeler [FORMER],,,,,1,,"a vote, 3 years ago","strong (recorded vote, human-confirmed reading)",1,,"VOTE NAY: 2023-06-14 2nd reading of Bill C-311, An Act to amend the Criminal Code (violence (Negatived) [-2: Voted to stop, at second reading, a bill recognising a victim's pregnancy as an aggravating factor at sentencing.]",Liberal,Ontario
Wayne Stetski (NDP) - Kootenay—Columbia [FORMER],,,,,1,,"a vote, 10 years ago","strong (recorded vote, human-confirmed reading)",1,,"VOTE NAY: 2016-10-19 2nd reading of Bill C-225, An Act to amend the Criminal Code (injuring (Negatived) [-2: Voted against recognising harm to a preborn child as a separate offence.]",NDP,British Columbia
Wilson Miao (Liberal) - Richmond Centre [FORMER],,,,,1,,"a vote, 3 years ago","strong (recorded vote, human-confirmed reading)",1,,"VOTE NAY: 2023-06-14 2nd reading of Bill C-311, An Act to amend the Criminal Code (violence (Negatived) [-2: Voted to stop, at second reading, a bill recognising a victim's pregnancy as an aggravating factor at sentencing.]",Liberal,British Columbia
"Totals - 337 sitting decision-makers (463 former listed, not counted)",89,0,128,1,119,,,,,,,,
