Decision-Maker,++,+,0,-,--,Target (Y/N),Based on,Confidence,Evidence items,Profile,Comments,Party,Seat
"Susanne Hierl (CDU/CSU, 231 - Amberg)",1,,,,,,"a speech, 3 months ago",consistent (7 items),9,https://www.abgeordnetenwatch.de/profile/susanne-hierl,"2026-06-26 DEBATE: Rede ""Auch die Neuregelung des Menschenhandelstatbestandes ist im Grundsatz richtig. Künftig werden weitere Formen der Ausbeutung, etwa die Zwangsheirat, illegale Adoption oder missbräuchliche Leihmutterschaft, ausdrücklich er..."" [+: Notes new law explicitly criminalises abusive surrogacy alongside trafficking offences, aligning against commercial surrogacy.] | 2026-06-26 DEBATE: Rede ""Also, Leihmutterschaft ist bei uns nicht erlaubt und darf auch in keiner Form durchgeführt werden. Und sollte jemand jemanden für eine Leihmutterschaft benutzen, die illegal bei uns ist, so fällt das – das ist hier noch ..."" [++: Confirms surrogacy is fully illegal in Germany and treated as human trafficking, clear anti-surrogacy stance.] | 2026-02-27 DEBATE: Rede ""Der Antrag der Grünen beschäftigt sich mit der aus ihrer Sicht unzureichenden Versorgungslage für Frauen, die einen Schwangerschaftsabbruch vornehmen lassen wollen, und wie sie verbessert werden soll. Der Antrag der Link..."" [++: Defends unborn child's constitutional rights against claim that pregnancy duty objectifies women.] | 2026-01-28 ANTRAG: Kassenzulassung des nicht-invasiven Pränataltests - Monitoring der Konsequenzen und Einrichtung eines Gremiums (Drucksache 21/3873) [+: Re-tabled cross-party NIPT motion (Rüffer/Brand et al.): monitoring and an expert body against de facto screening.] | 2024-12-05 DEBATE: Rede ""Der Bericht der Kommission, auf den Sie sich in Ihrem Gesetzentwurf auch beziehen, hat sich noch mit anderen Themen beschäftigt, nämlich der Eizellenspende und auch der Leihmutterschaft. Jetzt frage ich mich: Ist der Ges..."" [+: Defends existing law against 'fake news', cites doctors' letter opposing liberalisation; sceptical of extending to egg donation/surrogacy.] | 2024-07-05 DEBATE: Rede ""Die Beratungspflicht ist schließlich der unabdingbare Kern des Lebensschutzkonzeptes der bestehenden Regelungen zum Schwangerschaftsabbruch. Das beinhaltet auch, dass die Mitarbeiterinnen und Mitarbeiter der Schwangersch..."" [0: Defends counselling staff protection without clear pro-life or pro-choice framing; procedural in tone.] | 2024-06-12 DEBATE: Rede ""Herr Lenders, das Stichwort „Beteiligung der Bürger“ – über Themen sprechen und die Leute mitnehmen – passt gut zum Selbstbestimmungsgesetz; denn vor den großen gesellschaftspolitischen Reformen, wie zum Beispiel der Ehe..."" [+: Questions rushed implementation of self-determination law and unnecessary 'Verantwortungsgemeinschaft', a mildly conservative critique.] | 2024-04-10 DEBATE: Rede ""Für uns als Union ist klar: Das Problem muss zügig und effizient durch das Justizministerium gelöst werden, und zwar vor einer Änderung des Abstammungsrechts durch die Bundesregierung...."" [+: CDU speaker voices concern about expanding co-motherhood recognition enabling parentage fraud, cautious on family law change.]",CDU/CSU,231 - Amberg
"Dorothee Bär (CDU/CSU, 247 - Bad Kissingen)",1,,,,,,"a speech, 4 years ago",consistent (3 items),7,https://www.abgeordnetenwatch.de/profile/dorothee-baer,"2026-04-22 DEBATE: Rede ""Wir haben über all die Jahre zum Beispiel für Endometriose-Forschung überhaupt keine Gelder zur Verfügung gestellt. Den Missstand haben wir jetzt beseitigt. Es geht um reproduktive Medizin. Sie werden mir zustimmen, dass..."" [0: Discusses funding for women's and reproductive health research, not surrogacy specifically.] | 2023-12-08 SCHRIFTLICHE FRAGE: Unabhängigkeit der Mitglieder der Kommission zur reproduktiven Selbstbestimmung und Fortpflanzungsmedizin (Drucksache 20/9662) [never places: Questions the independence of two commission members (abortion working group); scrutiny, no area-10 side.] | 2023-09-29 SCHRIFTLICHE FRAGE: Treffen der Arbeitsgruppe einer Sachverständigenkommission zur reproduktiven Selbstbestimmung und Fortpflanzungsmedizin (Drucksache 20/8575) [never places: Asks how often the working group on legalising egg donation/altruistic surrogacy met and how MPs will be consulted; scrutiny without a stated side.] | 2022-09-23 SCHRIFTLICHE FRAGE: Zeitplan für die Umsetzung des Vorhabens ""Reproduktive Selbstbestimmung"" (Drucksache 20/3621) [never places: Timeline question on the coalition's 'reproductive self-determination' commission; no side shown.] | 2022-05-13 DEBATE: Rede ""Wir müssen uns doch immer wieder klarmachen, wer uns heute zuschaut. Uns schauen heute vielleicht Frauen mit drei Kindern zu, von denen wir nicht wissen, ob sie, um diese drei Kinder zu bekommen, schon sechs Schwangersch..."" [+: Criticises SPD colleague's celebratory tone, stresses seriousness and unborn life's importance.] | 2011-07-07 VOTE (Bundestag): Voted Nein: Eingeschränkte Zulassung der Präimplantationsdiagnostik [++: Voted against permitting embryo selection by PGD.] | 2011-07-07 DEBATE: Rede ""die PID zu stimmen und einfach zu akzeptieren, dass..."" [++: Appeals to vote against PID, stressing every life is worthy and not all is controllable.]",CDU/CSU,247 - Bad Kissingen
"Elisabeth Winkelmeier-Becker (CDU/CSU, 96 - Rhein-Sieg-Kreis I)",1,,,,,,"a vote, 15 years ago",moderate (whipped vote),5,https://www.abgeordnetenwatch.de/profile/elisabeth-winkelmeier-becker,"2026-01-28 ANTRAG: Kassenzulassung des nicht-invasiven Pränataltests - Monitoring der Konsequenzen und Einrichtung eines Gremiums (Drucksache 21/3873) [+: Re-tabled cross-party NIPT motion (Rüffer/Brand et al.): monitoring and an expert body against de facto screening.] | 2024-02-28 ANTRAG: Kassenzulassung des nichtinvasiven Pränataltests - Monitoring der Konsequenzen und Einrichtung eines Gremiums (Drucksache 20/10515) [+: Cross-party group motion (Rüffer/Hüppe/Pilsinger et al.): monitor NIPT reimbursement and set up an ethics body against de facto trisomy screening; monitoring, not restriction.] | 2023-03-24 SCHRIFTLICHE FRAGE: Aufgaben der Kommission zur reproduktiven Selbstbestimmung und Fortpflanzungsmedizin (Drucksache 20/6142) [never places: Asks what questions the commission will address; neutral.] | 2023-03-10 SCHRIFTLICHE FRAGE: Mitglieder der Kommission zur reproduktiven Selbstbestimmung und Fortpflanzungsmedizin (Drucksache 20/5942) [never places: Asks who will sit on the commission; neutral scrutiny.] | 2011-07-07 VOTE (Bundestag): Voted Nein: Eingeschränkte Zulassung der Präimplantationsdiagnostik [++: Voted against permitting embryo selection by PGD.]",CDU/CSU,96 - Rhein-Sieg-Kreis I
"Gereon Bollmann (AfD, Landesliste Schleswig-Holstein)",1,,,,,,"a motion signed, 3 years ago",consistent (3 items),4,https://www.abgeordnetenwatch.de/profile/gereon-bollmann,"2025-12-08 KLEINE ANFRAGE: Möglichkeiten und Grenzen der Reproduktionsmedizin (Drucksache 21/3164) [never places: AfD inquiry on the scope of reproductive medicine; broadly pro-IVF (asks about widening funded eligibility, links AI embryo selection) but no clear side on embryo destruction or surrogacy.] | 2025-09-29 KLEINE ANFRAGE: Umgang der Bundesregierung mit dem Abschlussbericht der Kommission zur reproduktiven Selbstbestimmung und Fortpflanzungs (Drucksache 21/1874) [+: AfD inquiry probing whether the government will implement the commission's call to legalise altruistic surrogacy/egg donation, stressing human dignity and child protection.] | 2024-09-16 KLEINE ANFRAGE: Neuregelung der Leihmutterschaft in Deutschland (Drucksache 20/12882) [+: AfD inquiry on plans to legalise surrogacy; preamble criticises courts eroding the ban.] | 2023-09-01 ANTRAG: Eindeutigkeit der Mutterschaft und Identität von Kindern schützen (Drucksache 20/8189) [++: AfD motion: affirm the ban on surrogacy in every form and on egg donation, refuse recognition of foreign surrogacy parentage, ban surrogacy advertising.]",AfD,Landesliste Schleswig-Holstein
"Günter Krings (CDU/CSU, 108 - Mönchengladbach)",1,,,,,,"a speech, 4 years ago",consistent (4 items),4,https://www.abgeordnetenwatch.de/profile/guenter-krings,"2022-11-24 DEBATE: Rede ""dazu ermuntert die Familienministerin Kinder schon heute, Pubertätsblocker einzunehmen. Auch mit der geplanten Abstammungsrechtsreform ist ein familien- und..."" [++: Criticises Selbstbestimmungsgesetz and ministerial encouragement of puberty blockers for children, opposing youth gender medicine.] | 2011-07-07 VOTE (Bundestag): Voted Nein: Eingeschränkte Zulassung der Präimplantationsdiagnostik [++: Voted against permitting embryo selection by PGD.] | 2011-04-14 DEBATE: Rede ""Das Embryonenschutzgesetz sieht aus gutem Grund vor,..."" [++: Defends embryo's right to life, opposes PID as commodifying life via lab selection.] | 2011-04-14 DEBATE: Rede ""Unterstützen Sie unseren Antrag auf ein Verbot der PID...."" [++: Explicitly calls for banning PID to prevent judging which life is worth living.]",CDU/CSU,108 - Mönchengladbach
"Michael Meister (CDU/CSU, 187 - Bergstraße)",1,,,,,,"a vote, 15 years ago",moderate (whipped vote),4,https://www.abgeordnetenwatch.de/profile/michael-meister,"2024-02-28 ANTRAG: Kassenzulassung des nichtinvasiven Pränataltests - Monitoring der Konsequenzen und Einrichtung eines Gremiums (Drucksache 20/10515) [+: Cross-party group motion (Rüffer/Hüppe/Pilsinger et al.): monitor NIPT reimbursement and set up an ethics body against de facto trisomy screening; monitoring, not restriction.] | 2019-05-15 DEBATE: Rede ""Zum jetzigen Zeitpunkt kann ich nur eine erste, vorläufige Einschätzung der Bundesregierung übermitteln. Die Empfehlung des Ethikrates für ein internationales Moratorium für die klinische Anwendung der Keimbahntherapie e..."" [0: Factual government answer on embryo/germline research moratorium, no clear direction.] | 2019-05-15 DEBATE: Rede ""Wir haben in Deutschland das Embryonenschutzgesetz; das ist nationales Recht. Damit haben wir auf nationaler Ebene die Anforderungen im Hinblick auf ein Moratorium erfüllt. Ich habe Ihnen eben dargestellt, dass wir uns i..."" [0: Factual reiteration of existing embryo protection law, no new stance.] | 2011-07-07 VOTE (Bundestag): Voted Nein: Eingeschränkte Zulassung der Präimplantationsdiagnostik [++: Voted against permitting embryo selection by PGD.]",CDU/CSU,187 - Bergstraße
"Nicole Höchst (AfD, Landesliste Rheinland-Pfalz)",1,,,,,,"a motion signed, 3 years ago",consistent (3 items),4,https://www.abgeordnetenwatch.de/profile/nicole-hoechst,"2025-09-29 KLEINE ANFRAGE: Umgang der Bundesregierung mit dem Abschlussbericht der Kommission zur reproduktiven Selbstbestimmung und Fortpflanzungs (Drucksache 21/1874) [+: AfD inquiry probing whether the government will implement the commission's call to legalise altruistic surrogacy/egg donation, stressing human dignity and child protection.] | 2023-09-01 ANTRAG: Eindeutigkeit der Mutterschaft und Identität von Kindern schützen (Drucksache 20/8189) [++: AfD motion: affirm the ban on surrogacy in every form and on egg donation, refuse recognition of foreign surrogacy parentage, ban surrogacy advertising.] | 2023-03-30 KLEINE ANFRAGE: Keimbahneingriffe am Menschen (Drucksache 20/6257) [+: AfD inquiry pressing for Embryo Protection Act gaps to be closed to prevent germline interventions and for an international moratorium.] | 2022-10-21 SCHRIFTLICHE FRAGE: Förderung der Stammzellforschung durch den Bund (Drucksache 20/4141) [never places: Asks whether federal money funds stem-cell research aimed at synthetic embryos; information question.]",AfD,Landesliste Rheinland-Pfalz
"Stephan Stracke (CDU/CSU, 257 - Ostallgäu)",1,,,,,,"a vote, 15 years ago",moderate (whipped vote),4,https://www.abgeordnetenwatch.de/profile/stephan-stracke,"2026-01-28 ANTRAG: Kassenzulassung des nicht-invasiven Pränataltests - Monitoring der Konsequenzen und Einrichtung eines Gremiums (Drucksache 21/3873) [+: Re-tabled cross-party NIPT motion (Rüffer/Brand et al.): monitoring and an expert body against de facto screening.] | 2024-02-28 ANTRAG: Kassenzulassung des nichtinvasiven Pränataltests - Monitoring der Konsequenzen und Einrichtung eines Gremiums (Drucksache 20/10515) [+: Cross-party group motion (Rüffer/Hüppe/Pilsinger et al.): monitor NIPT reimbursement and set up an ethics body against de facto trisomy screening; monitoring, not restriction.] | 2011-07-07 VOTE (Bundestag): Voted Nein: Eingeschränkte Zulassung der Präimplantationsdiagnostik [++: Voted against permitting embryo selection by PGD.] | 2011-02-24 DEBATE: Rede ""die Präimplantationsdiagnostik zu nennen...."" [0: Discusses cross-border healthcare directive and PID exemptions, unrelated to organ donation stance.]",CDU/CSU,257 - Ostallgäu
"Beatrix von Storch (AfD, Landesliste Berlin)",1,,,,,,"a speech, 2 years ago",consistent (3 items),3,https://www.abgeordnetenwatch.de/profile/beatrix-von-storch,"2025-09-29 KLEINE ANFRAGE: Umgang der Bundesregierung mit dem Abschlussbericht der Kommission zur reproduktiven Selbstbestimmung und Fortpflanzungs (Drucksache 21/1874) [+: AfD inquiry probing whether the government will implement the commission's call to legalise altruistic surrogacy/egg donation, stressing human dignity and child protection.] | 2024-09-12 DEBATE: Rede ""Das neue Abstammungsrecht soll die natürliche Verbindung zwischen den biologischen Eltern und ihren Kindern kappen. Dann kommt die Legalisierung der Leihmutterschaft. Sie machen aus Kindern eine Handelsware und aus Fraue..."" [++: Explicitly opposes surrogacy ('Handelsware', 'Brutkästen'), gender self-ID law, and polyamorous marriage redefinition; defends traditional family.] | 2023-09-01 ANTRAG: Eindeutigkeit der Mutterschaft und Identität von Kindern schützen (Drucksache 20/8189) [++: AfD motion: affirm the ban on surrogacy in every form and on egg donation, refuse recognition of foreign surrogacy parentage, ban surrogacy advertising.]",AfD,Landesliste Berlin
"Christian Hirte (CDU/CSU, Landesliste Thüringen)",1,,,,,,"a vote, 15 years ago",moderate (whipped vote),3,https://www.abgeordnetenwatch.de/profile/christian-hirte,"2026-01-28 ANTRAG: Kassenzulassung des nicht-invasiven Pränataltests - Monitoring der Konsequenzen und Einrichtung eines Gremiums (Drucksache 21/3873) [+: Re-tabled cross-party NIPT motion (Rüffer/Brand et al.): monitoring and an expert body against de facto screening.] | 2024-02-28 ANTRAG: Kassenzulassung des nichtinvasiven Pränataltests - Monitoring der Konsequenzen und Einrichtung eines Gremiums (Drucksache 20/10515) [+: Cross-party group motion (Rüffer/Hüppe/Pilsinger et al.): monitor NIPT reimbursement and set up an ethics body against de facto trisomy screening; monitoring, not restriction.] | 2011-07-07 VOTE (Bundestag): Voted Nein: Eingeschränkte Zulassung der Präimplantationsdiagnostik [++: Voted against permitting embryo selection by PGD.]",CDU/CSU,Landesliste Thüringen
"Christina Baum (AfD, 68 - Harz)",1,,,,,,"a motion signed, 3 years ago",consistent (2 items),3,https://www.abgeordnetenwatch.de/profile/christina-baum,"2025-12-08 KLEINE ANFRAGE: Möglichkeiten und Grenzen der Reproduktionsmedizin (Drucksache 21/3164) [never places: AfD inquiry on the scope of reproductive medicine; broadly pro-IVF (asks about widening funded eligibility, links AI embryo selection) but no clear side on embryo destruction or surrogacy.] | 2024-09-16 KLEINE ANFRAGE: Neuregelung der Leihmutterschaft in Deutschland (Drucksache 20/12882) [+: AfD inquiry on plans to legalise surrogacy; preamble criticises courts eroding the ban.] | 2023-09-01 ANTRAG: Eindeutigkeit der Mutterschaft und Identität von Kindern schützen (Drucksache 20/8189) [++: AfD motion: affirm the ban on surrogacy in every form and on egg donation, refuse recognition of foreign surrogacy parentage, ban surrogacy advertising.]",AfD,68 - Harz
"Katrin Göring-Eckardt (BÜNDNIS 90/DIE GRÜNEN, Landesliste Thüringen)",1,,,,,,"a vote, 15 years ago",moderate (whipped vote),3,https://www.abgeordnetenwatch.de/profile/katrin-goering-eckardt,"2026-01-28 ANTRAG: Kassenzulassung des nicht-invasiven Pränataltests - Monitoring der Konsequenzen und Einrichtung eines Gremiums (Drucksache 21/3873) [+: Re-tabled cross-party NIPT motion (Rüffer/Brand et al.): monitoring and an expert body against de facto screening.] | 2024-02-28 ANTRAG: Kassenzulassung des nichtinvasiven Pränataltests - Monitoring der Konsequenzen und Einrichtung eines Gremiums (Drucksache 20/10515) [+: Cross-party group motion (Rüffer/Hüppe/Pilsinger et al.): monitor NIPT reimbursement and set up an ethics body against de facto trisomy screening; monitoring, not restriction.] | 2011-07-07 VOTE (Bundestag): Voted Nein: Eingeschränkte Zulassung der Präimplantationsdiagnostik [++: Voted against permitting embryo selection by PGD.]",BÜNDNIS 90/DIE GRÜNEN,Landesliste Thüringen
"Martin Reichardt (AfD, 72 - Burgenland – Saalekreis)",1,,,,,,"a motion signed, 3 years ago",consistent (3 items),3,https://www.abgeordnetenwatch.de/profile/martin-reichardt,"2025-09-29 KLEINE ANFRAGE: Umgang der Bundesregierung mit dem Abschlussbericht der Kommission zur reproduktiven Selbstbestimmung und Fortpflanzungs (Drucksache 21/1874) [+: AfD inquiry probing whether the government will implement the commission's call to legalise altruistic surrogacy/egg donation, stressing human dignity and child protection.] | 2024-09-16 KLEINE ANFRAGE: Neuregelung der Leihmutterschaft in Deutschland (Drucksache 20/12882) [+: AfD inquiry on plans to legalise surrogacy; preamble criticises courts eroding the ban.] | 2023-09-01 ANTRAG: Eindeutigkeit der Mutterschaft und Identität von Kindern schützen (Drucksache 20/8189) [++: AfD motion: affirm the ban on surrogacy in every form and on egg donation, refuse recognition of foreign surrogacy parentage, ban surrogacy advertising.]",AfD,72 - Burgenland – Saalekreis
"Michael Brand (CDU/CSU, 173 - Fulda)",1,,,,,,"a vote, 15 years ago",moderate (whipped vote),3,https://www.abgeordnetenwatch.de/profile/michael-brand,"2026-01-28 ANTRAG: Kassenzulassung des nicht-invasiven Pränataltests - Monitoring der Konsequenzen und Einrichtung eines Gremiums (Drucksache 21/3873) [+: Re-tabled cross-party NIPT motion (Rüffer/Brand et al.): monitoring and an expert body against de facto screening.] | 2024-02-28 ANTRAG: Kassenzulassung des nichtinvasiven Pränataltests - Monitoring der Konsequenzen und Einrichtung eines Gremiums (Drucksache 20/10515) [+: Cross-party group motion (Rüffer/Hüppe/Pilsinger et al.): monitor NIPT reimbursement and set up an ethics body against de facto trisomy screening; monitoring, not restriction.] | 2011-07-07 VOTE (Bundestag): Voted Nein: Eingeschränkte Zulassung der Präimplantationsdiagnostik [++: Voted against permitting embryo selection by PGD.]",CDU/CSU,173 - Fulda
"Michael Frieser (CDU/CSU, 244 - Nürnberg-Süd)",1,,,,,,"a vote, 15 years ago",moderate (whipped vote),3,https://www.abgeordnetenwatch.de/profile/michael-frieser,"2026-01-28 ANTRAG: Kassenzulassung des nicht-invasiven Pränataltests - Monitoring der Konsequenzen und Einrichtung eines Gremiums (Drucksache 21/3873) [+: Re-tabled cross-party NIPT motion (Rüffer/Brand et al.): monitoring and an expert body against de facto screening.] | 2024-02-28 ANTRAG: Kassenzulassung des nichtinvasiven Pränataltests - Monitoring der Konsequenzen und Einrichtung eines Gremiums (Drucksache 20/10515) [+: Cross-party group motion (Rüffer/Hüppe/Pilsinger et al.): monitor NIPT reimbursement and set up an ethics body against de facto trisomy screening; monitoring, not restriction.] | 2011-07-07 VOTE (Bundestag): Voted Nein: Eingeschränkte Zulassung der Präimplantationsdiagnostik [++: Voted against permitting embryo selection by PGD.]",CDU/CSU,244 - Nürnberg-Süd
"Thomas Dietz (AfD, 163 - Erzgebirgskreis I)",1,,,,,,"a motion signed, 3 years ago",consistent (2 items),3,https://www.abgeordnetenwatch.de/profile/thomas-dietz,"2025-12-08 KLEINE ANFRAGE: Möglichkeiten und Grenzen der Reproduktionsmedizin (Drucksache 21/3164) [never places: AfD inquiry on the scope of reproductive medicine; broadly pro-IVF (asks about widening funded eligibility, links AI embryo selection) but no clear side on embryo destruction or surrogacy.] | 2024-09-16 KLEINE ANFRAGE: Neuregelung der Leihmutterschaft in Deutschland (Drucksache 20/12882) [+: AfD inquiry on plans to legalise surrogacy; preamble criticises courts eroding the ban.] | 2023-09-01 ANTRAG: Eindeutigkeit der Mutterschaft und Identität von Kindern schützen (Drucksache 20/8189) [++: AfD motion: affirm the ban on surrogacy in every form and on egg donation, refuse recognition of foreign surrogacy parentage, ban surrogacy advertising.]",AfD,163 - Erzgebirgskreis I
"Tobias Matthias Peterka (AfD, Landesliste Bayern)",1,,,,,,"a motion signed, 3 years ago",consistent (2 items),3,https://www.abgeordnetenwatch.de/profile/tobias-matthias-peterka,"2026-05-06 DEBATE: Rede ""Die Frage wird dahin gehend verstanden, dass mit dem Begriff der „Familienförderung“ gesundheitspolitische Maßnahmen gemeint sind, die Frauen und Männer bei der Erfüllung bestehender Kinderwünsche unterstützen und den Zu..."" [0: Neutral factual answer describing existing fertility treatment subsidies, no explicit stance on family/surrogacy policy direction.] | 2024-09-16 KLEINE ANFRAGE: Neuregelung der Leihmutterschaft in Deutschland (Drucksache 20/12882) [+: AfD inquiry on plans to legalise surrogacy; preamble criticises courts eroding the ban.] | 2023-09-01 ANTRAG: Eindeutigkeit der Mutterschaft und Identität von Kindern schützen (Drucksache 20/8189) [++: AfD motion: affirm the ban on surrogacy in every form and on egg donation, refuse recognition of foreign surrogacy parentage, ban surrogacy advertising.]",AfD,Landesliste Bayern
"Axel Knoerig (CDU/CSU, 33 - Diepholz – Nienburg I)",1,,,,,,"a vote, 15 years ago",moderate (whipped vote),2,https://www.abgeordnetenwatch.de/profile/axel-knoerig,2026-01-28 ANTRAG: Kassenzulassung des nicht-invasiven Pränataltests - Monitoring der Konsequenzen und Einrichtung eines Gremiums (Drucksache 21/3873) [+: Re-tabled cross-party NIPT motion (Rüffer/Brand et al.): monitoring and an expert body against de facto screening.] | 2011-07-07 VOTE (Bundestag): Voted Nein: Eingeschränkte Zulassung der Präimplantationsdiagnostik [++: Voted against permitting embryo selection by PGD.],CDU/CSU,33 - Diepholz – Nienburg I
"Claudia Roth (BÜNDNIS 90/DIE GRÜNEN, Landesliste Bayern)",1,,,,,,"a vote, 15 years ago",moderate (whipped vote),2,https://www.abgeordnetenwatch.de/profile/claudia-roth,2026-01-28 ANTRAG: Kassenzulassung des nicht-invasiven Pränataltests - Monitoring der Konsequenzen und Einrichtung eines Gremiums (Drucksache 21/3873) [+: Re-tabled cross-party NIPT motion (Rüffer/Brand et al.): monitoring and an expert body against de facto screening.] | 2011-07-07 VOTE (Bundestag): Voted Nein: Eingeschränkte Zulassung der Präimplantationsdiagnostik [++: Voted against permitting embryo selection by PGD.],BÜNDNIS 90/DIE GRÜNEN,Landesliste Bayern
"Florian Hahn (CDU/CSU, 220 - München-Land)",1,,,,,,"a vote, 15 years ago",moderate (whipped vote),2,https://www.abgeordnetenwatch.de/profile/florian-hahn,"2024-02-28 ANTRAG: Kassenzulassung des nichtinvasiven Pränataltests - Monitoring der Konsequenzen und Einrichtung eines Gremiums (Drucksache 20/10515) [+: Cross-party group motion (Rüffer/Hüppe/Pilsinger et al.): monitor NIPT reimbursement and set up an ethics body against de facto trisomy screening; monitoring, not restriction.] | 2011-07-07 VOTE (Bundestag): Voted Nein: Eingeschränkte Zulassung der Präimplantationsdiagnostik [++: Voted against permitting embryo selection by PGD.]",CDU/CSU,220 - München-Land
"Gitta Connemann (CDU/CSU, 25 - Unterems)",1,,,,,,"a vote, 15 years ago",moderate (whipped vote),2,https://www.abgeordnetenwatch.de/profile/gitta-connemann,"2015-05-08 DEBATE: Rede ""Frau Präsidentin! Meine Damen und Herren! Kennen Sie den Film The 6th Day? Es geht um das Klonen von Menschen wie auch Tieren, und es gibt dort einen bemerkenswerten Dialog, den ich Ihnen gerne vortragen würde:..."" [0: Speech about animal cloning ethics, mismapped to surrogacy area; no direct relevance.] | 2011-07-07 VOTE (Bundestag): Voted Nein: Eingeschränkte Zulassung der Präimplantationsdiagnostik [++: Voted against permitting embryo selection by PGD.]",CDU/CSU,25 - Unterems
"Harald Ebner (BÜNDNIS 90/DIE GRÜNEN, Landesliste Baden-Württemberg)",1,,,,,,"a vote, 15 years ago",moderate (whipped vote),2,https://www.abgeordnetenwatch.de/profile/harald-ebner,"2011-12-15 DEBATE: Rede ""traditionell in gemischten Rebsätzen und in Klonen mit..."" [0: Purely about vine variety conservation, unrelated to surrogacy despite area tag.] | 2011-07-07 VOTE (Bundestag): Voted Nein: Eingeschränkte Zulassung der Präimplantationsdiagnostik [++: Voted against permitting embryo selection by PGD.]",BÜNDNIS 90/DIE GRÜNEN,Landesliste Baden-Württemberg
"Jens Spahn (CDU/CSU, 123 - Steinfurt I – Borken I)",1,,,,,,"a vote, 15 years ago",moderate (whipped vote),2,https://www.abgeordnetenwatch.de/profile/jens-spahn,"2011-07-07 VOTE (Bundestag): Voted Nein: Eingeschränkte Zulassung der Präimplantationsdiagnostik [++: Voted against permitting embryo selection by PGD.] | 2011-07-07 DEBATE: Rede ""Pränataldiagnostik und PID einen Unterschied gibt, was die..."" [+: Voices caution over expanding embryo selection, protective of embryonic life; no surrogacy link.]",CDU/CSU,123 - Steinfurt I – Borken I
"Julia Klöckner (CDU/CSU, 200 - Kreuznach)",1,,,,,,"a speech, 15 years ago",consistent (2 items),2,https://www.abgeordnetenwatch.de/profile/julia-kloeckner,"2024-02-28 ANTRAG: Kassenzulassung des nichtinvasiven Pränataltests - Monitoring der Konsequenzen und Einrichtung eines Gremiums (Drucksache 20/10515) [+: Cross-party group motion (Rüffer/Hüppe/Pilsinger et al.): monitor NIPT reimbursement and set up an ethics body against de facto trisomy screening; monitoring, not restriction.] | 2011-04-14 DEBATE: Rede ""wenn es zu unseren Anfängen schon die PID gegeben..."" [++: Explicitly opposes opening the door to PID, citing disability rights and life protection, aligning with pro-life stance.]",CDU/CSU,200 - Kreuznach
"Klaus-Peter Willsch (CDU/CSU, 177 - Rheingau-Taunus – Limburg)",1,,,,,,"a vote, 15 years ago",moderate (whipped vote),2,https://www.abgeordnetenwatch.de/profile/klaus-peter-willsch,"2024-02-28 ANTRAG: Kassenzulassung des nichtinvasiven Pränataltests - Monitoring der Konsequenzen und Einrichtung eines Gremiums (Drucksache 20/10515) [+: Cross-party group motion (Rüffer/Hüppe/Pilsinger et al.): monitor NIPT reimbursement and set up an ethics body against de facto trisomy screening; monitoring, not restriction.] | 2011-07-07 VOTE (Bundestag): Voted Nein: Eingeschränkte Zulassung der Präimplantationsdiagnostik [++: Voted against permitting embryo selection by PGD.]",CDU/CSU,177 - Rheingau-Taunus – Limburg
"Mechthild Heil (CDU/CSU, 197 - Ahrweiler)",1,,,,,,"a vote, 15 years ago",moderate (whipped vote),2,https://www.abgeordnetenwatch.de/profile/mechthild-heil,"2018-06-14 DEBATE: Rede ""Im Hinblick auf die zunehmenden Möglichkeiten der Reproduktionsmedizin und Veränderungen in der Gesellschaft werden wir Anpassungen des Abstammungsrechts … prüfen...."" [0: Procedural discussion of adapting descent law to reproductive medicine, no clear direction on surrogacy.] | 2011-07-07 VOTE (Bundestag): Voted Nein: Eingeschränkte Zulassung der Präimplantationsdiagnostik [++: Voted against permitting embryo selection by PGD.]",CDU/CSU,197 - Ahrweiler
"Patricia Lips (CDU/CSU, 186 - Odenwald)",1,,,,,,"a vote, 15 years ago",moderate (whipped vote),2,https://www.abgeordnetenwatch.de/profile/patricia-lips,2026-01-28 ANTRAG: Kassenzulassung des nicht-invasiven Pränataltests - Monitoring der Konsequenzen und Einrichtung eines Gremiums (Drucksache 21/3873) [+: Re-tabled cross-party NIPT motion (Rüffer/Brand et al.): monitoring and an expert body against de facto screening.] | 2011-07-07 VOTE (Bundestag): Voted Nein: Eingeschränkte Zulassung der Präimplantationsdiagnostik [++: Voted against permitting embryo selection by PGD.],CDU/CSU,186 - Odenwald
"Patrick Schnieder (CDU/CSU, 201 - Bitburg)",1,,,,,,"a vote, 15 years ago",moderate (whipped vote),2,https://www.abgeordnetenwatch.de/profile/patrick-schnieder,"2024-02-28 ANTRAG: Kassenzulassung des nichtinvasiven Pränataltests - Monitoring der Konsequenzen und Einrichtung eines Gremiums (Drucksache 20/10515) [+: Cross-party group motion (Rüffer/Hüppe/Pilsinger et al.): monitor NIPT reimbursement and set up an ethics body against de facto trisomy screening; monitoring, not restriction.] | 2011-07-07 VOTE (Bundestag): Voted Nein: Eingeschränkte Zulassung der Präimplantationsdiagnostik [++: Voted against permitting embryo selection by PGD.]",CDU/CSU,201 - Bitburg
"Peter Aumer (CDU/CSU, 232 - Regensburg)",1,,,,,,"a vote, 15 years ago",moderate (whipped vote),2,https://www.abgeordnetenwatch.de/profile/peter-aumer,"2024-02-28 ANTRAG: Kassenzulassung des nichtinvasiven Pränataltests - Monitoring der Konsequenzen und Einrichtung eines Gremiums (Drucksache 20/10515) [+: Cross-party group motion (Rüffer/Hüppe/Pilsinger et al.): monitor NIPT reimbursement and set up an ethics body against de facto trisomy screening; monitoring, not restriction.] | 2011-07-07 VOTE (Bundestag): Voted Nein: Eingeschränkte Zulassung der Präimplantationsdiagnostik [++: Voted against permitting embryo selection by PGD.]",CDU/CSU,232 - Regensburg
"Ralph Brinkhaus (CDU/CSU, 130 - Gütersloh I)",1,,,,,,"a vote, 15 years ago",moderate (whipped vote),2,https://www.abgeordnetenwatch.de/profile/ralph-brinkhaus,2026-01-28 ANTRAG: Kassenzulassung des nicht-invasiven Pränataltests - Monitoring der Konsequenzen und Einrichtung eines Gremiums (Drucksache 21/3873) [+: Re-tabled cross-party NIPT motion (Rüffer/Brand et al.): monitoring and an expert body against de facto screening.] | 2011-07-07 VOTE (Bundestag): Voted Nein: Eingeschränkte Zulassung der Präimplantationsdiagnostik [++: Voted against permitting embryo selection by PGD.],CDU/CSU,130 - Gütersloh I
"Steffen Bilger (CDU/CSU, 265 - Ludwigsburg)",1,,,,,,"a vote, 15 years ago",moderate (whipped vote),2,https://www.abgeordnetenwatch.de/profile/steffen-bilger,2026-01-28 ANTRAG: Kassenzulassung des nicht-invasiven Pränataltests - Monitoring der Konsequenzen und Einrichtung eines Gremiums (Drucksache 21/3873) [+: Re-tabled cross-party NIPT motion (Rüffer/Brand et al.): monitoring and an expert body against de facto screening.] | 2011-07-07 VOTE (Bundestag): Voted Nein: Eingeschränkte Zulassung der Präimplantationsdiagnostik [++: Voted against permitting embryo selection by PGD.],CDU/CSU,265 - Ludwigsburg
"Thomas Bareiß (CDU/CSU, 295 - Zollernalb – Sigmaringen)",1,,,,,,"a vote, 15 years ago",moderate (whipped vote),2,https://www.abgeordnetenwatch.de/profile/thomas-bareiss,"2024-02-28 ANTRAG: Kassenzulassung des nichtinvasiven Pränataltests - Monitoring der Konsequenzen und Einrichtung eines Gremiums (Drucksache 20/10515) [+: Cross-party group motion (Rüffer/Hüppe/Pilsinger et al.): monitor NIPT reimbursement and set up an ethics body against de facto trisomy screening; monitoring, not restriction.] | 2011-07-07 VOTE (Bundestag): Voted Nein: Eingeschränkte Zulassung der Präimplantationsdiagnostik [++: Voted against permitting embryo selection by PGD.]",CDU/CSU,295 - Zollernalb – Sigmaringen
"Agnieszka Brugger (BÜNDNIS 90/DIE GRÜNEN, Landesliste Baden-Württemberg)",1,,,,,,"a vote, 15 years ago",moderate (whipped vote),1,https://www.abgeordnetenwatch.de/profile/agnieszka-brugger,2011-07-07 VOTE (Bundestag): Voted Nein: Eingeschränkte Zulassung der Präimplantationsdiagnostik [++: Voted against permitting embryo selection by PGD.],BÜNDNIS 90/DIE GRÜNEN,Landesliste Baden-Württemberg
"Albert Rupprecht (CDU/CSU, 234 - Weiden)",1,,,,,,"a vote, 15 years ago",moderate (whipped vote),1,https://www.abgeordnetenwatch.de/profile/albert-rupprecht,2011-07-07 VOTE (Bundestag): Voted Nein: Eingeschränkte Zulassung der Präimplantationsdiagnostik [++: Voted against permitting embryo selection by PGD.],CDU/CSU,234 - Weiden
"Alexander Dobrindt (CDU/CSU, 225 - Weilheim)",1,,,,,,"a vote, 15 years ago",moderate (whipped vote),1,https://www.abgeordnetenwatch.de/profile/alexander-dobrindt,2011-07-07 VOTE (Bundestag): Voted Nein: Eingeschränkte Zulassung der Präimplantationsdiagnostik [++: Voted against permitting embryo selection by PGD.],CDU/CSU,225 - Weilheim
"Britta Haßelmann (BÜNDNIS 90/DIE GRÜNEN, Landesliste Nordrhein-Westfalen)",1,,,,,,"a vote, 15 years ago",moderate (whipped vote),1,https://www.abgeordnetenwatch.de/profile/britta-hasselmann,2011-07-07 VOTE (Bundestag): Voted Nein: Eingeschränkte Zulassung der Präimplantationsdiagnostik [++: Voted against permitting embryo selection by PGD.],BÜNDNIS 90/DIE GRÜNEN,Landesliste Nordrhein-Westfalen
"Carsten Linnemann (CDU/CSU, 136 - Paderborn)",1,,,,,,"a vote, 15 years ago",moderate (whipped vote),1,https://www.abgeordnetenwatch.de/profile/carsten-linnemann,2011-07-07 VOTE (Bundestag): Voted Nein: Eingeschränkte Zulassung der Präimplantationsdiagnostik [++: Voted against permitting embryo selection by PGD.],CDU/CSU,136 - Paderborn
Christian Wirth (AfD),1,,,,,,"a motion signed, 3 years ago",thin (only 1 evidence item on record),1,https://www.abgeordnetenwatch.de/profile/christian-wirth,"2023-09-01 ANTRAG: Eindeutigkeit der Mutterschaft und Identität von Kindern schützen (Drucksache 20/8189) [++: AfD motion: affirm the ban on surrogacy in every form and on egg donation, refuse recognition of foreign surrogacy parentage, ban surrogacy advertising.]",AfD,
"Christian von Stetten (CDU/CSU, 268 - Schwäbisch Hall – Hohenlohe)",1,,,,,,"a vote, 15 years ago",moderate (whipped vote),1,https://www.abgeordnetenwatch.de/profile/christian-von-stetten,2011-07-07 VOTE (Bundestag): Voted Nein: Eingeschränkte Zulassung der Präimplantationsdiagnostik [++: Voted against permitting embryo selection by PGD.],CDU/CSU,268 - Schwäbisch Hall – Hohenlohe
"Dirk Brandes (AfD, Landesliste Niedersachsen)",1,,,,,,"a motion signed, 3 years ago",thin (only 1 evidence item on record),1,https://www.abgeordnetenwatch.de/profile/dirk-brandes,"2023-09-01 ANTRAG: Eindeutigkeit der Mutterschaft und Identität von Kindern schützen (Drucksache 20/8189) [++: AfD motion: affirm the ban on surrogacy in every form and on egg donation, refuse recognition of foreign surrogacy parentage, ban surrogacy advertising.]",AfD,Landesliste Niedersachsen
"Edgar Naujok (AfD, 153 - Leipzig-Land)",1,,,,,,"a motion signed, 3 years ago",thin (only 1 evidence item on record),1,https://www.abgeordnetenwatch.de/profile/edgar-naujok,"2023-09-01 ANTRAG: Eindeutigkeit der Mutterschaft und Identität von Kindern schützen (Drucksache 20/8189) [++: AfD motion: affirm the ban on surrogacy in every form and on egg donation, refuse recognition of foreign surrogacy parentage, ban surrogacy advertising.]",AfD,153 - Leipzig-Land
"Fabian Jacobi (AfD, Landesliste Nordrhein-Westfalen)",1,,,,,,"a speech, 3 months ago",thin (only 1 evidence item on record),1,https://www.abgeordnetenwatch.de/profile/fabian-jacobi,"2026-06-26 DEBATE: Rede ""Wenn Sie das Abstammungsrecht ansprechen in Ihrem Antrag, dann darf ich Ihnen gerne auch ein weiteres Mal erklären: Ein Mensch stammt von zwei anderen Menschen ab, und das sind die beiden Menschen, denen er seinen Chromo..."" [++: Defends biological mother/father basis of parentage law against reform, aligning with family position.]",AfD,Landesliste Nordrhein-Westfalen
Gerrit Huy (AfD),1,,,,,,"a motion signed, 3 years ago",thin (only 1 evidence item on record),1,https://www.abgeordnetenwatch.de/profile/gerrit-huy,"2023-09-01 ANTRAG: Eindeutigkeit der Mutterschaft und Identität von Kindern schützen (Drucksache 20/8189) [++: AfD motion: affirm the ban on surrogacy in every form and on egg donation, refuse recognition of foreign surrogacy parentage, ban surrogacy advertising.]",AfD,
"Jan van Aken (Die Linke, Landesliste Hamburg)",1,,,,,,"a vote, 15 years ago",moderate (whipped vote),1,https://www.abgeordnetenwatch.de/profile/jan-van-aken,2011-07-07 VOTE (Bundestag): Voted Nein: Eingeschränkte Zulassung der Präimplantationsdiagnostik [++: Voted against permitting embryo selection by PGD.],Die Linke,Landesliste Hamburg
"Johann Wadephul (CDU/CSU, 4 - Rendsburg-Eckernförde)",1,,,,,,"a vote, 15 years ago",moderate (whipped vote),1,https://www.abgeordnetenwatch.de/profile/johann-wadephul,2011-07-07 VOTE (Bundestag): Voted Nein: Eingeschränkte Zulassung der Präimplantationsdiagnostik [++: Voted against permitting embryo selection by PGD.],CDU/CSU,4 - Rendsburg-Eckernförde
"Karsten Hilse (AfD, 155 - Bautzen I)",1,,,,,,"a motion signed, 3 years ago",thin (only 1 evidence item on record),1,https://www.abgeordnetenwatch.de/profile/karsten-hilse,"2023-09-01 ANTRAG: Eindeutigkeit der Mutterschaft und Identität von Kindern schützen (Drucksache 20/8189) [++: AfD motion: affirm the ban on surrogacy in every form and on egg donation, refuse recognition of foreign surrogacy parentage, ban surrogacy advertising.]",AfD,155 - Bautzen I
"Kay Gottschalk (AfD, Landesliste Nordrhein-Westfalen)",1,,,,,,"a motion signed, 3 years ago",thin (only 1 evidence item on record),1,https://www.abgeordnetenwatch.de/profile/kay-gottschalk,"2023-09-01 ANTRAG: Eindeutigkeit der Mutterschaft und Identität von Kindern schützen (Drucksache 20/8189) [++: AfD motion: affirm the ban on surrogacy in every form and on egg donation, refuse recognition of foreign surrogacy parentage, ban surrogacy advertising.]",AfD,Landesliste Nordrhein-Westfalen
"Konstantin von Notz (BÜNDNIS 90/DIE GRÜNEN, Landesliste Schleswig-Holstein)",1,,,,,,"a vote, 15 years ago",moderate (whipped vote),1,https://www.abgeordnetenwatch.de/profile/konstantin-von-notz,2011-07-07 VOTE (Bundestag): Voted Nein: Eingeschränkte Zulassung der Präimplantationsdiagnostik [++: Voted against permitting embryo selection by PGD.],BÜNDNIS 90/DIE GRÜNEN,Landesliste Schleswig-Holstein
"Malte Kaufmann (AfD, Landesliste Baden-Württemberg)",1,,,,,,"a motion signed, 3 years ago",thin (only 1 evidence item on record),1,https://www.abgeordnetenwatch.de/profile/malte-kaufmann,"2023-09-01 ANTRAG: Eindeutigkeit der Mutterschaft und Identität von Kindern schützen (Drucksache 20/8189) [++: AfD motion: affirm the ban on surrogacy in every form and on egg donation, refuse recognition of foreign surrogacy parentage, ban surrogacy advertising.]",AfD,Landesliste Baden-Württemberg
"Marc Bernhard (AfD, Landesliste Baden-Württemberg)",1,,,,,,"a motion signed, 3 years ago",thin (only 1 evidence item on record),1,https://www.abgeordnetenwatch.de/profile/marc-bernhard,"2023-09-01 ANTRAG: Eindeutigkeit der Mutterschaft und Identität von Kindern schützen (Drucksache 20/8189) [++: AfD motion: affirm the ban on surrogacy in every form and on egg donation, refuse recognition of foreign surrogacy parentage, ban surrogacy advertising.]",AfD,Landesliste Baden-Württemberg
"Norbert Röttgen (CDU/CSU, 97 - Rhein-Sieg-Kreis II)",1,,,,,,"a vote, 15 years ago",moderate (whipped vote),1,https://www.abgeordnetenwatch.de/profile/norbert-roettgen,2011-07-07 VOTE (Bundestag): Voted Nein: Eingeschränkte Zulassung der Präimplantationsdiagnostik [++: Voted against permitting embryo selection by PGD.],CDU/CSU,97 - Rhein-Sieg-Kreis II
Peter Felser (AfD),1,,,,,,"a motion signed, 3 years ago",thin (only 1 evidence item on record),1,https://www.abgeordnetenwatch.de/profile/peter-felser,"2023-09-01 ANTRAG: Eindeutigkeit der Mutterschaft und Identität von Kindern schützen (Drucksache 20/8189) [++: AfD motion: affirm the ban on surrogacy in every form and on egg donation, refuse recognition of foreign surrogacy parentage, ban surrogacy advertising.]",AfD,
"Reinhard Brandl (CDU/CSU, 215 - Ingolstadt)",1,,,,,,"a vote, 15 years ago",moderate (whipped vote),1,https://www.abgeordnetenwatch.de/profile/reinhard-brandl,2011-07-07 VOTE (Bundestag): Voted Nein: Eingeschränkte Zulassung der Präimplantationsdiagnostik [++: Voted against permitting embryo selection by PGD.],CDU/CSU,215 - Ingolstadt
"Roderich Kiesewetter (CDU/CSU, 270 - Aalen – Heidenheim)",1,,,,,,"a vote, 15 years ago",moderate (whipped vote),1,https://www.abgeordnetenwatch.de/profile/roderich-kiesewetter,2011-07-07 VOTE (Bundestag): Voted Nein: Eingeschränkte Zulassung der Präimplantationsdiagnostik [++: Voted against permitting embryo selection by PGD.],CDU/CSU,270 - Aalen – Heidenheim
"Rolf Mützenich (SPD, Landesliste Nordrhein-Westfalen)",1,,,,,,"a vote, 15 years ago",moderate (whipped vote),1,https://www.abgeordnetenwatch.de/profile/rolf-muetzenich,2011-07-07 VOTE (Bundestag): Voted Nein: Eingeschränkte Zulassung der Präimplantationsdiagnostik [++: Voted against permitting embryo selection by PGD.],SPD,Landesliste Nordrhein-Westfalen
"Stephan Mayer (CDU/CSU, 211 - Altötting)",1,,,,,,"a vote, 15 years ago",moderate (whipped vote),1,https://www.abgeordnetenwatch.de/profile/stephan-mayer,2011-07-07 VOTE (Bundestag): Voted Nein: Eingeschränkte Zulassung der Präimplantationsdiagnostik [++: Voted against permitting embryo selection by PGD.],CDU/CSU,211 - Altötting
"Thomas Gebhart (CDU/CSU, 210 - Südpfalz)",1,,,,,,"a vote, 15 years ago",moderate (whipped vote),1,https://www.abgeordnetenwatch.de/profile/thomas-gebhart,2011-07-07 VOTE (Bundestag): Voted Nein: Eingeschränkte Zulassung der Präimplantationsdiagnostik [++: Voted against permitting embryo selection by PGD.],CDU/CSU,210 - Südpfalz
"Thomas Rachel (CDU/CSU, 89 - Düren)",1,,,,,,"a vote, 15 years ago",moderate (whipped vote),1,https://www.abgeordnetenwatch.de/profile/thomas-rachel,2011-07-07 VOTE (Bundestag): Voted Nein: Eingeschränkte Zulassung der Präimplantationsdiagnostik [++: Voted against permitting embryo selection by PGD.],CDU/CSU,89 - Düren
"Thomas Silberhorn (CDU/CSU, 235 - Bamberg)",1,,,,,,"a vote, 15 years ago",moderate (whipped vote),1,https://www.abgeordnetenwatch.de/profile/thomas-silberhorn,2011-07-07 VOTE (Bundestag): Voted Nein: Eingeschränkte Zulassung der Präimplantationsdiagnostik [++: Voted against permitting embryo selection by PGD.],CDU/CSU,235 - Bamberg
"Ulrich Lange (CDU/CSU, 253 - Donau-Ries)",1,,,,,,"a vote, 15 years ago",moderate (whipped vote),1,https://www.abgeordnetenwatch.de/profile/ulrich-lange,2011-07-07 VOTE (Bundestag): Voted Nein: Eingeschränkte Zulassung der Präimplantationsdiagnostik [++: Voted against permitting embryo selection by PGD.],CDU/CSU,253 - Donau-Ries
Uwe Schulz (AfD),1,,,,,,"a motion signed, 3 years ago",thin (only 1 evidence item on record),1,https://www.abgeordnetenwatch.de/profile/uwe-schulz-0,"2023-09-01 ANTRAG: Eindeutigkeit der Mutterschaft und Identität von Kindern schützen (Drucksache 20/8189) [++: AfD motion: affirm the ban on surrogacy in every form and on egg donation, refuse recognition of foreign surrogacy parentage, ban surrogacy advertising.]",AfD,
"Axel Müller (CDU/CSU, 294 - Ravensburg)",,1,,,,,"a speech, 2 years ago",conflicting (1 item point the other way),5,https://www.abgeordnetenwatch.de/profile/axel-mueller,"2026-01-28 ANTRAG: Kassenzulassung des nicht-invasiven Pränataltests - Monitoring der Konsequenzen und Einrichtung eines Gremiums (Drucksache 21/3873) [+: Re-tabled cross-party NIPT motion (Rüffer/Brand et al.): monitoring and an expert body against de facto screening.] | 2024-06-07 DEBATE: Rede ""Die Bundesregierung hat nun einen Gesetzentwurf vorgelegt, der diese Unterhaltsansprüche regelt. Auf weitere aus dieser Eheunwirksamkeit folgende Rechtsfragen wie beispielsweise das Erbrecht oder das Abstammungsrecht von..."" [+: Affirms constitutional protection of marriage and free spousal choice under Grundgesetz Article 6.] | 2024-02-28 ANTRAG: Kassenzulassung des nichtinvasiven Pränataltests - Monitoring der Konsequenzen und Einrichtung eines Gremiums (Drucksache 20/10515) [+: Cross-party group motion (Rüffer/Hüppe/Pilsinger et al.): monitor NIPT reimbursement and set up an ethics body against de facto trisomy screening; monitoring, not restriction.] | 2020-02-13 DEBATE: Rede ""Es liegen zwei Gesetzentwürfe vor – ein Gesetzentwurf der Bundesregierung und ein Gesetzentwurf der Grünen –, ein Antrag der Fraktion der FDP und ein Entschließungsantrag der Fraktion der Linken. Die Vorlagen befassen si..."" [0: Procedural introduction to adoption law debate, no personal stance shown.] | 2019-05-17 DEBATE: Rede ""Die Regeln, die wir machen, werden den Besonderheiten dieser Menschen, denke ich, ausreichend gerecht. Wir haben das Personenstandsgesetz um ein drittes Geschlecht entsprechend ergänzt und erweitert. Wir beseitigen damit..."" [-: Supports statutory third-gender recognition, blurring sex-based categories relevant to single-sex spaces.]",CDU/CSU,294 - Ravensburg
"Katrin Staffler (CDU/CSU, 214 - Fürstenfeldbruck)",,1,,,,,"a motion signed, 3 years ago",thin (only 1 evidence item on record),5,https://www.abgeordnetenwatch.de/profile/katrin-staffler,"2024-02-28 ANTRAG: Kassenzulassung des nichtinvasiven Pränataltests - Monitoring der Konsequenzen und Einrichtung eines Gremiums (Drucksache 20/10515) [+: Cross-party group motion (Rüffer/Hüppe/Pilsinger et al.): monitor NIPT reimbursement and set up an ethics body against de facto trisomy screening; monitoring, not restriction.] | 2023-02-03 SCHRIFTLICHE FRAGE: Einsetzung der Kommission zur reproduktiven Selbstbestimmung und Fortpflanzungsmedizin (Drucksache 20/5490) [never places: Asks when the reproductive-medicine commission will be set up; neutral.] | 2023-02-03 SCHRIFTLICHE FRAGE: Übernahme eines Teils der Kosten bei einer künstlichen Befruchtung (Drucksache 20/5490) [never places: Asks when the coalition's IVF cost subsidy will be implemented; IVF funding is not a stated CitizenGO line.] | 2023-02-03 SCHRIFTLICHE FRAGE: Änderung des Embryonenschutzgesetzes (Drucksache 20/5490) [never places: Asks whether the Embryo Protection Act will be amended and why; neutral.] | 2023-02-03 SCHRIFTLICHE FRAGE: Förderung von Maßnahmen im Bereich der reproduktionsmedizinischen Forschung (Drucksache 20/5490) [never places: Information on federal reproductive-medicine research funding.]",CDU/CSU,214 - Fürstenfeldbruck
"Stephan Pilsinger (CDU/CSU, 219 - München-West/Mitte)",,1,,,,,"a motion signed, 8 months ago",consistent (5 items),5,https://www.abgeordnetenwatch.de/profile/stephan-pilsinger,"2026-01-28 ANTRAG: Kassenzulassung des nicht-invasiven Pränataltests - Monitoring der Konsequenzen und Einrichtung eines Gremiums (Drucksache 21/3873) [+: Re-tabled cross-party NIPT motion (Rüffer/Brand et al.): monitoring and an expert body against de facto screening.] | 2024-02-28 ANTRAG: Kassenzulassung des nichtinvasiven Pränataltests - Monitoring der Konsequenzen und Einrichtung eines Gremiums (Drucksache 20/10515) [+: Cross-party group motion (Rüffer/Hüppe/Pilsinger et al.): monitor NIPT reimbursement and set up an ethics body against de facto trisomy screening; monitoring, not restriction.] | 2023-03-15 MÜNDLICHE FRAGE: Gesetzlicher Regelungsbedarf bzgl. der Kostenübernahme pränataler Bluttests auf Trisomien durch die Krankenkassen   (Drucksache 20/90) [+: Presses for Parliament, not self-administration, to set rules for NIPT.] | 2023-03-15 MÜNDLICHE FRAGE: Auswirkungen der Kostenübernahme pränataler Bluttests durch die Krankenkassen auf die Anzahl der Schwangerschaftsabbrüch (Drucksache 20/90) [+: Asks whether funded prenatal blood tests make abortion after a positive result the norm (Denmark comparison).] | 2022-10-19 MÜNDLICHE FRAGE: Anzahl ukrainischer Leihmütter für deutsche Paare seit 2014 (Drucksache 20/62) [+: Asks about Ukrainian surrogates for German couples and whether the government will act against the business model.]",CDU/CSU,219 - München-West/Mitte
"Alexander Hoffmann (CDU/CSU, 248 - Main-Spessart)",,1,,,,,"a speech, 10 years ago",consistent (3 items),4,https://www.abgeordnetenwatch.de/profile/alexander-hoffmann,"2026-01-28 ANTRAG: Kassenzulassung des nicht-invasiven Pränataltests - Monitoring der Konsequenzen und Einrichtung eines Gremiums (Drucksache 21/3873) [+: Re-tabled cross-party NIPT motion (Rüffer/Brand et al.): monitoring and an expert body against de facto screening.] | 2024-02-28 ANTRAG: Kassenzulassung des nichtinvasiven Pränataltests - Monitoring der Konsequenzen und Einrichtung eines Gremiums (Drucksache 20/10515) [+: Cross-party group motion (Rüffer/Hüppe/Pilsinger et al.): monitor NIPT reimbursement and set up an ethics body against de facto trisomy screening; monitoring, not restriction.] | 2017-03-08 DEBATE: Rede ""(Beifall bei der CDU/CSU – Zurufe von der SPD und dem BÜNDNIS 90/DIE GRÜNEN – Mechthild Rawert [SPD]: Samenspende!)..."" [+: CDU speaker defends party's cautious position and criticises opponents' rhetoric, implicitly upholding traditional line.] | 2016-06-02 DEBATE: Rede ""Jetzt kann man natürlich sagen: Das dauert zu lange. Wir haben so viel Zeit zugebracht. – Aber ich warne vor dieser vorschnellen Beurteilung. Denn dieser Arbeitskreis hat ja noch andere Themenfelder als nur die Samenspen..."" [0: Informational overview of sperm donation legal gaps, no clear surrogacy stance.]",CDU/CSU,248 - Main-Spessart
"Emmi Zeulner (CDU/CSU, 239 - Kulmbach)",,1,,,,,"a motion signed, 8 months ago",consistent (2 items),4,https://www.abgeordnetenwatch.de/profile/emmi-zeulner,"2026-01-28 ANTRAG: Kassenzulassung des nicht-invasiven Pränataltests - Monitoring der Konsequenzen und Einrichtung eines Gremiums (Drucksache 21/3873) [+: Re-tabled cross-party NIPT motion (Rüffer/Brand et al.): monitoring and an expert body against de facto screening.] | 2024-09-27 SCHRIFTLICHE FRAGE: Finanzielle Unterstützung von Kinderwunsch-Paaren (Drucksache 20/13047) [never places: Financial support for couples wanting children (IVF); no side on our ground.] | 2024-02-28 ANTRAG: Kassenzulassung des nichtinvasiven Pränataltests - Monitoring der Konsequenzen und Einrichtung eines Gremiums (Drucksache 20/10515) [+: Cross-party group motion (Rüffer/Hüppe/Pilsinger et al.): monitor NIPT reimbursement and set up an ethics body against de facto trisomy screening; monitoring, not restriction.] | 2022-10-14 SCHRIFTLICHE FRAGE: Durchsetzung des gesetzlichen Anspruchs auf Kryokonservierung von Ei- und Samenzellen (Drucksache 20/3987) [never places: Statutory entitlement to egg/sperm cryopreservation; technical, no side on our ground.]",CDU/CSU,239 - Kulmbach
"Sonja Eichwede (SPD, Landesliste Brandenburg)",,1,,,,,"a speech, 7 months ago",consistent (2 items),4,https://www.abgeordnetenwatch.de/profile/sonja-eichwede,"2026-02-25 DEBATE: Rede ""Wichtig ist mir, zu betonen, dass wir in diesem Gesetzentwurf auch eine sachgerechte Lösung für vorgeburtliche Vaterschaftsanerkennungen gefunden haben. Denn zum einen müssen die Behörden innerhalb von vier Monaten entsc..."" [+: Supports preventing abusive paternity claims while protecting genuine family bonds, pro-family framing.] | 2024-06-07 DEBATE: Rede ""Intensiv diskutiert haben wir auch abstammungsrechtliche Regelungen. Diese lassen sich jedoch über eine Anerkennung oder eine gerichtliche Feststellung der Vaterschaft erreichen. Wenn wir hier eine Gleichsetzung mit der ..."" [0: Discusses legal consequences of child marriage nullity, unrelated to abortion or surrogacy stance.] | 2024-02-28 ANTRAG: Kassenzulassung des nichtinvasiven Pränataltests - Monitoring der Konsequenzen und Einrichtung eines Gremiums (Drucksache 20/10515) [+: Cross-party group motion (Rüffer/Hüppe/Pilsinger et al.): monitor NIPT reimbursement and set up an ethics body against de facto trisomy screening; monitoring, not restriction.] | 2024-02-01 DEBATE: Rede ""Zudem bringen wir den Rechtsstaat auf die Höhe der Zeit, indem wir die Familien stärken. Wir machen das mit Reformen im Kindschafts- und Unterhaltsrecht, in denen die vielfältigen Lebensverhältnisse des 21. Jahrhunderts ..."" [0: General praise of family law modernisation for 'diverse life forms', no clear direction on marriage itself.]",SPD,Landesliste Brandenburg
"Andrea Lindholz (CDU/CSU, 246 - Aschaffenburg)",,1,,,,,"a motion signed, 8 months ago",consistent (2 items),3,https://www.abgeordnetenwatch.de/profile/andrea-lindholz,"2026-01-28 ANTRAG: Kassenzulassung des nicht-invasiven Pränataltests - Monitoring der Konsequenzen und Einrichtung eines Gremiums (Drucksache 21/3873) [+: Re-tabled cross-party NIPT motion (Rüffer/Brand et al.): monitoring and an expert body against de facto screening.] | 2024-02-28 ANTRAG: Kassenzulassung des nichtinvasiven Pränataltests - Monitoring der Konsequenzen und Einrichtung eines Gremiums (Drucksache 20/10515) [+: Cross-party group motion (Rüffer/Hüppe/Pilsinger et al.): monitor NIPT reimbursement and set up an ethics body against de facto trisomy screening; monitoring, not restriction.] | 2022-05-11 DEBATE: Rede ""Sehr geehrter Herr Buschmann, ich habe dazu eine Nachfrage. Der Eingangsfall, auf den Sie Bezug genommen haben, hat sich auf die anonyme Samenspende bezogen. Sie haben gesagt, man wolle das Adoptionsverfahren aufheben un..."" [0: Factual follow-up question on parental rights law for known sperm donors, no clear direction.]",CDU/CSU,246 - Aschaffenburg
"Anna Leonore Labitzke Rathert (AfD, Landesliste Nordrhein-Westfalen)",,1,,,,,"a question, 7 weeks ago",consistent (3 items),3,https://www.abgeordnetenwatch.de/profile/anna-leonore-labitzke-rathert,"2026-08-07 SCHRIFTLICHE FRAGE: Verbot der Inanspruchnahme von Leihmutterschaften im Ausland (Drucksache 21/7509) [+: Asks about banning use of surrogacy abroad.] | 2026-07-31 SCHRIFTLICHE FRAGE: Position der Bundesregierung zu einem internationalen Abkommen zum Verbot der Leihmutterschaft (Drucksache 21/7434) [+: Asks government position on an international convention banning surrogacy.] | 2025-09-29 KLEINE ANFRAGE: Umgang der Bundesregierung mit dem Abschlussbericht der Kommission zur reproduktiven Selbstbestimmung und Fortpflanzungs (Drucksache 21/1874) [+: AfD inquiry probing whether the government will implement the commission's call to legalise altruistic surrogacy/egg donation, stressing human dignity and child protection.]",AfD,Landesliste Nordrhein-Westfalen
"Kirsten Kappert-Gonther (BÜNDNIS 90/DIE GRÜNEN, Landesliste Bremen)",,1,,,,,"a motion signed, 8 months ago",consistent (2 items),3,https://www.abgeordnetenwatch.de/profile/kirsten-kappert-gonther,"2026-01-28 ANTRAG: Kassenzulassung des nicht-invasiven Pränataltests - Monitoring der Konsequenzen und Einrichtung eines Gremiums (Drucksache 21/3873) [+: Re-tabled cross-party NIPT motion (Rüffer/Brand et al.): monitoring and an expert body against de facto screening.] | 2024-02-28 ANTRAG: Kassenzulassung des nichtinvasiven Pränataltests - Monitoring der Konsequenzen und Einrichtung eines Gremiums (Drucksache 20/10515) [+: Cross-party group motion (Rüffer/Hüppe/Pilsinger et al.): monitor NIPT reimbursement and set up an ethics body against de facto trisomy screening; monitoring, not restriction.] | 2018-02-01 DEBATE: Rede ""Darum finden wir auch die Entscheidung falsch, die hier heute Morgen zum Familiennachzug getroffen wurde. Jetzt reden wir über die Menschen, die sich sehnlichst ein Kind wünschen, und über den bohrenden Schmerz, den es b..."" [0: Discusses IVF and family reunification emotionally; no clear surrogacy stance.]",BÜNDNIS 90/DIE GRÜNEN,Landesliste Bremen
"Markus Reichel (CDU/CSU, Landesliste Sachsen)",,1,,,,,"a motion signed, 8 months ago",thin (only 1 evidence item on record),3,https://www.abgeordnetenwatch.de/profile/markus-reichel,"2026-01-28 ANTRAG: Kassenzulassung des nicht-invasiven Pränataltests - Monitoring der Konsequenzen und Einrichtung eines Gremiums (Drucksache 21/3873) [+: Re-tabled cross-party NIPT motion (Rüffer/Brand et al.): monitoring and an expert body against de facto screening.] | 2024-07-03 DEBATE: Rede ""Die eIDAS schreibt vor, dass EUDI-Wallets dem in der eIDAS definierten Vertrauensniveau „hoch“ genügen müssen. Daher muss die initiale Aktivierung („Onboarding“) der PID auf eine Art und Weise geschehen, die ebenfalls de..."" [0: Technical answer on digital identity wallet, unrelated to listed policy areas.] | 2024-06-05 DEBATE: Rede ""Werden Privatunternehmen (oder nur der Staat oder vom Staat beauftragte Unternehmen) künftig die Möglichkeit haben, die Personal Identifiable Data (PID), welche für die European Digital Identity Wallet (EUDIW) notwendig ..."" [0: Technical question on digital ID wallet issuance, unrelated to listed topics.]",CDU/CSU,Landesliste Sachsen
"Tobias Ebenberger (AfD, Landesliste Nordrhein-Westfalen)",,1,,,,,"a question, 10 months ago",consistent (2 items),3,https://www.abgeordnetenwatch.de/profile/tobias-ebenberger,"2025-12-08 KLEINE ANFRAGE: Möglichkeiten und Grenzen der Reproduktionsmedizin (Drucksache 21/3164) [never places: AfD inquiry on the scope of reproductive medicine; broadly pro-IVF (asks about widening funded eligibility, links AI embryo selection) but no clear side on embryo destruction or surrogacy.] | 2025-11-21 SCHRIFTLICHE FRAGE: Prüfung der Notwendigkeit einer Anpassung des Verbots der Ersatzmuttervermittlung im Adoptionsvermittlungsgesetz (Drucksache 21/2876) [+: Asks whether the surrogacy-advertising ban (§ 13d AdVermiG) must be tightened given 'Wish for a Baby' fairs.] | 2025-09-29 KLEINE ANFRAGE: Umgang der Bundesregierung mit dem Abschlussbericht der Kommission zur reproduktiven Selbstbestimmung und Fortpflanzungs (Drucksache 21/1874) [+: AfD inquiry probing whether the government will implement the commission's call to legalise altruistic surrogacy/egg donation, stressing human dignity and child protection.]",AfD,Landesliste Nordrhein-Westfalen
"Andreas Lenz (CDU/CSU, 212 - Erding – Ebersberg)",,1,,,,,"a motion signed, 8 months ago",consistent (2 items),2,https://www.abgeordnetenwatch.de/profile/andreas-lenz,"2026-01-28 ANTRAG: Kassenzulassung des nicht-invasiven Pränataltests - Monitoring der Konsequenzen und Einrichtung eines Gremiums (Drucksache 21/3873) [+: Re-tabled cross-party NIPT motion (Rüffer/Brand et al.): monitoring and an expert body against de facto screening.] | 2024-02-28 ANTRAG: Kassenzulassung des nichtinvasiven Pränataltests - Monitoring der Konsequenzen und Einrichtung eines Gremiums (Drucksache 20/10515) [+: Cross-party group motion (Rüffer/Hüppe/Pilsinger et al.): monitor NIPT reimbursement and set up an ethics body against de facto trisomy screening; monitoring, not restriction.]",CDU/CSU,212 - Erding – Ebersberg
"Angela Rudzka (AfD, Landesliste Niedersachsen)",,1,,,,,"a question, 12 months ago",thin (only 1 evidence item on record),2,https://www.abgeordnetenwatch.de/profile/angela-rudzka,"2025-12-08 KLEINE ANFRAGE: Möglichkeiten und Grenzen der Reproduktionsmedizin (Drucksache 21/3164) [never places: AfD inquiry on the scope of reproductive medicine; broadly pro-IVF (asks about widening funded eligibility, links AI embryo selection) but no clear side on embryo destruction or surrogacy.] | 2025-09-29 KLEINE ANFRAGE: Umgang der Bundesregierung mit dem Abschlussbericht der Kommission zur reproduktiven Selbstbestimmung und Fortpflanzungs (Drucksache 21/1874) [+: AfD inquiry probing whether the government will implement the commission's call to legalise altruistic surrogacy/egg donation, stressing human dignity and child protection.]",AfD,Landesliste Niedersachsen
"Armin Grau (BÜNDNIS 90/DIE GRÜNEN, Landesliste Rheinland-Pfalz)",,1,,,,,"a motion signed, 8 months ago",consistent (2 items),2,https://www.abgeordnetenwatch.de/profile/armin-grau,"2026-01-28 ANTRAG: Kassenzulassung des nicht-invasiven Pränataltests - Monitoring der Konsequenzen und Einrichtung eines Gremiums (Drucksache 21/3873) [+: Re-tabled cross-party NIPT motion (Rüffer/Brand et al.): monitoring and an expert body against de facto screening.] | 2024-02-28 ANTRAG: Kassenzulassung des nichtinvasiven Pränataltests - Monitoring der Konsequenzen und Einrichtung eines Gremiums (Drucksache 20/10515) [+: Cross-party group motion (Rüffer/Hüppe/Pilsinger et al.): monitor NIPT reimbursement and set up an ethics body against de facto trisomy screening; monitoring, not restriction.]",BÜNDNIS 90/DIE GRÜNEN,Landesliste Rheinland-Pfalz
"Birgit Bessin (AfD, 65 - Elbe-Elster – Oberspreewald-Lausitz)",,1,,,,,"a question, 12 months ago",thin (only 1 evidence item on record),2,https://www.abgeordnetenwatch.de/profile/birgit-bessin,"2025-12-08 KLEINE ANFRAGE: Möglichkeiten und Grenzen der Reproduktionsmedizin (Drucksache 21/3164) [never places: AfD inquiry on the scope of reproductive medicine; broadly pro-IVF (asks about widening funded eligibility, links AI embryo selection) but no clear side on embryo destruction or surrogacy.] | 2025-09-29 KLEINE ANFRAGE: Umgang der Bundesregierung mit dem Abschlussbericht der Kommission zur reproduktiven Selbstbestimmung und Fortpflanzungs (Drucksache 21/1874) [+: AfD inquiry probing whether the government will implement the commission's call to legalise altruistic surrogacy/egg donation, stressing human dignity and child protection.]",AfD,65 - Elbe-Elster – Oberspreewald-Lausitz
"Christos Pantazis (SPD, 50 - Braunschweig)",,1,,,,,"a motion signed, 8 months ago",consistent (2 items),2,https://www.abgeordnetenwatch.de/profile/christos-pantazis,"2026-01-28 ANTRAG: Kassenzulassung des nicht-invasiven Pränataltests - Monitoring der Konsequenzen und Einrichtung eines Gremiums (Drucksache 21/3873) [+: Re-tabled cross-party NIPT motion (Rüffer/Brand et al.): monitoring and an expert body against de facto screening.] | 2024-02-28 ANTRAG: Kassenzulassung des nichtinvasiven Pränataltests - Monitoring der Konsequenzen und Einrichtung eines Gremiums (Drucksache 20/10515) [+: Cross-party group motion (Rüffer/Hüppe/Pilsinger et al.): monitor NIPT reimbursement and set up an ethics body against de facto trisomy screening; monitoring, not restriction.]",SPD,50 - Braunschweig
"Claudia Moll (SPD, Landesliste Nordrhein-Westfalen)",,1,,,,,"a motion signed, 8 months ago",consistent (2 items),2,https://www.abgeordnetenwatch.de/profile/claudia-moll,"2026-01-28 ANTRAG: Kassenzulassung des nicht-invasiven Pränataltests - Monitoring der Konsequenzen und Einrichtung eines Gremiums (Drucksache 21/3873) [+: Re-tabled cross-party NIPT motion (Rüffer/Brand et al.): monitoring and an expert body against de facto screening.] | 2024-02-28 ANTRAG: Kassenzulassung des nichtinvasiven Pränataltests - Monitoring der Konsequenzen und Einrichtung eines Gremiums (Drucksache 20/10515) [+: Cross-party group motion (Rüffer/Hüppe/Pilsinger et al.): monitor NIPT reimbursement and set up an ethics body against de facto trisomy screening; monitoring, not restriction.]",SPD,Landesliste Nordrhein-Westfalen
"Claudia Weiss (AfD, 69 - Magdeburg)",,1,,,,,"a question, 12 months ago",thin (only 1 evidence item on record),2,https://www.abgeordnetenwatch.de/profile/claudia-weiss,"2025-12-08 KLEINE ANFRAGE: Möglichkeiten und Grenzen der Reproduktionsmedizin (Drucksache 21/3164) [never places: AfD inquiry on the scope of reproductive medicine; broadly pro-IVF (asks about widening funded eligibility, links AI embryo selection) but no clear side on embryo destruction or surrogacy.] | 2025-09-29 KLEINE ANFRAGE: Umgang der Bundesregierung mit dem Abschlussbericht der Kommission zur reproduktiven Selbstbestimmung und Fortpflanzungs (Drucksache 21/1874) [+: AfD inquiry probing whether the government will implement the commission's call to legalise altruistic surrogacy/egg donation, stressing human dignity and child protection.]",AfD,69 - Magdeburg
"Corinna Rüffer (BÜNDNIS 90/DIE GRÜNEN, Landesliste Rheinland-Pfalz)",,1,,,,,"a motion signed, 8 months ago",consistent (2 items),2,https://www.abgeordnetenwatch.de/profile/corinna-rueffer,"2026-01-28 ANTRAG: Kassenzulassung des nicht-invasiven Pränataltests - Monitoring der Konsequenzen und Einrichtung eines Gremiums (Drucksache 21/3873) [+: Re-tabled cross-party NIPT motion (Rüffer/Brand et al.): monitoring and an expert body against de facto screening.] | 2024-02-28 ANTRAG: Kassenzulassung des nichtinvasiven Pränataltests - Monitoring der Konsequenzen und Einrichtung eines Gremiums (Drucksache 20/10515) [+: Cross-party group motion (Rüffer/Hüppe/Pilsinger et al.): monitor NIPT reimbursement and set up an ethics body against de facto trisomy screening; monitoring, not restriction.]",BÜNDNIS 90/DIE GRÜNEN,Landesliste Rheinland-Pfalz
"Dagmar Schmidt (SPD, Landesliste Hessen)",,1,,,,,"a motion signed, 8 months ago",consistent (2 items),2,https://www.abgeordnetenwatch.de/profile/dagmar-schmidt,"2026-01-28 ANTRAG: Kassenzulassung des nicht-invasiven Pränataltests - Monitoring der Konsequenzen und Einrichtung eines Gremiums (Drucksache 21/3873) [+: Re-tabled cross-party NIPT motion (Rüffer/Brand et al.): monitoring and an expert body against de facto screening.] | 2024-02-28 ANTRAG: Kassenzulassung des nichtinvasiven Pränataltests - Monitoring der Konsequenzen und Einrichtung eines Gremiums (Drucksache 20/10515) [+: Cross-party group motion (Rüffer/Hüppe/Pilsinger et al.): monitor NIPT reimbursement and set up an ethics body against de facto trisomy screening; monitoring, not restriction.]",SPD,Landesliste Hessen
"Daniela Ludwig (CDU/CSU, 221 - Rosenheim)",,1,,,,,"a motion signed, 8 months ago",consistent (2 items),2,https://www.abgeordnetenwatch.de/profile/daniela-ludwig,"2026-01-28 ANTRAG: Kassenzulassung des nicht-invasiven Pränataltests - Monitoring der Konsequenzen und Einrichtung eines Gremiums (Drucksache 21/3873) [+: Re-tabled cross-party NIPT motion (Rüffer/Brand et al.): monitoring and an expert body against de facto screening.] | 2024-02-28 ANTRAG: Kassenzulassung des nichtinvasiven Pränataltests - Monitoring der Konsequenzen und Einrichtung eines Gremiums (Drucksache 20/10515) [+: Cross-party group motion (Rüffer/Hüppe/Pilsinger et al.): monitor NIPT reimbursement and set up an ethics body against de facto trisomy screening; monitoring, not restriction.]",CDU/CSU,221 - Rosenheim
"Esther Dilcher (SPD, Landesliste Hessen)",,1,,,,,"a motion signed, 3 years ago",thin (only 1 evidence item on record),2,https://www.abgeordnetenwatch.de/profile/esther-dilcher,"2024-02-28 ANTRAG: Kassenzulassung des nichtinvasiven Pränataltests - Monitoring der Konsequenzen und Einrichtung eines Gremiums (Drucksache 20/10515) [+: Cross-party group motion (Rüffer/Hüppe/Pilsinger et al.): monitor NIPT reimbursement and set up an ethics body against de facto trisomy screening; monitoring, not restriction.] | 2018-06-14 DEBATE: Rede ""Mit der Ehe für alle wurde die Ungleichbehandlung lesbischer und schwuler Paare im Eherecht beseitigt. Unstrittig ist – da gebe ich Ihnen vollkommen recht –, dass weitere Ungleichbehandlungen, die noch vorhanden sind, zu..."" [0: Neutral procedural discussion of descent law gaps post marriage-for-all reform.]",SPD,Landesliste Hessen
"Franziska Kersten (SPD, Landesliste Sachsen-Anhalt)",,1,,,,,"a motion signed, 8 months ago",consistent (2 items),2,https://www.abgeordnetenwatch.de/profile/franziska-kersten,"2026-01-28 ANTRAG: Kassenzulassung des nicht-invasiven Pränataltests - Monitoring der Konsequenzen und Einrichtung eines Gremiums (Drucksache 21/3873) [+: Re-tabled cross-party NIPT motion (Rüffer/Brand et al.): monitoring and an expert body against de facto screening.] | 2024-02-28 ANTRAG: Kassenzulassung des nichtinvasiven Pränataltests - Monitoring der Konsequenzen und Einrichtung eines Gremiums (Drucksache 20/10515) [+: Cross-party group motion (Rüffer/Hüppe/Pilsinger et al.): monitor NIPT reimbursement and set up an ethics body against de facto trisomy screening; monitoring, not restriction.]",SPD,Landesliste Sachsen-Anhalt
"Frauke Heiligenstadt (SPD, 52 - Goslar – Northeim – Göttingen II)",,1,,,,,"a motion signed, 8 months ago",consistent (2 items),2,https://www.abgeordnetenwatch.de/profile/frauke-heiligenstadt,"2026-01-28 ANTRAG: Kassenzulassung des nicht-invasiven Pränataltests - Monitoring der Konsequenzen und Einrichtung eines Gremiums (Drucksache 21/3873) [+: Re-tabled cross-party NIPT motion (Rüffer/Brand et al.): monitoring and an expert body against de facto screening.] | 2024-02-28 ANTRAG: Kassenzulassung des nichtinvasiven Pränataltests - Monitoring der Konsequenzen und Einrichtung eines Gremiums (Drucksache 20/10515) [+: Cross-party group motion (Rüffer/Hüppe/Pilsinger et al.): monitor NIPT reimbursement and set up an ethics body against de facto trisomy screening; monitoring, not restriction.]",SPD,52 - Goslar – Northeim – Göttingen II
"Gottfried Curio (AfD, 84 - Berlin-Marzahn-Hellersdorf)",,1,,,,,"a speech, 3 years ago",consistent (2 items),2,https://www.abgeordnetenwatch.de/profile/gottfried-curio,"2023-11-30 DEBATE: Rede ""Das jahrzehntelang gültige Abstammungsrecht sah die bestmögliche Gestaltungsoption eines über Jahrhunderte gewachsenen Gemeinwesens durch ein Wahlrecht für Staatsbürger in kontinuierlichem Herkommen – der Goldstandard an..."" [+: Opposes weakened citizenship and integration standards for foreigners, favouring stricter migration control.] | 2023-09-01 ANTRAG: Eindeutigkeit der Mutterschaft und Identität von Kindern schützen (Drucksache 20/8189) [++: AfD motion: affirm the ban on surrogacy in every form and on egg donation, refuse recognition of foreign surrogacy parentage, ban surrogacy advertising.]",AfD,84 - Berlin-Marzahn-Hellersdorf
"Götz Frömming (AfD, 56 - Prignitz – Ostprignitz-Ruppin – Havelland I)",,1,,,,,"a question, 12 months ago",thin (only 1 evidence item on record),2,https://www.abgeordnetenwatch.de/profile/goetz-froemming,"2025-09-29 KLEINE ANFRAGE: Umgang der Bundesregierung mit dem Abschlussbericht der Kommission zur reproduktiven Selbstbestimmung und Fortpflanzungs (Drucksache 21/1874) [+: AfD inquiry probing whether the government will implement the commission's call to legalise altruistic surrogacy/egg donation, stressing human dignity and child protection.] | 2018-11-29 DEBATE: Rede ""Noch ein Wort zu Ihrem Antrag, werte Kollegen von der FDP. Es ist ein bisschen schade, dass Sie den Forderungskatalog aus meiner Sicht etwas überladen haben mit 22 Einzelforderungen, die nicht alle zum Wesentlichen hinfü..."" [0: General welcome of gene therapy debate, no clear stance on abortion or paediatric transition.]",AfD,56 - Prignitz – Ostprignitz-Ruppin – Havelland I
"Hendrik Hoppenstedt (CDU/CSU, 43 - Hannover-Land I)",,1,,,,,"a motion signed, 8 months ago",consistent (2 items),2,https://www.abgeordnetenwatch.de/profile/hendrik-hoppenstedt,"2026-01-28 ANTRAG: Kassenzulassung des nicht-invasiven Pränataltests - Monitoring der Konsequenzen und Einrichtung eines Gremiums (Drucksache 21/3873) [+: Re-tabled cross-party NIPT motion (Rüffer/Brand et al.): monitoring and an expert body against de facto screening.] | 2024-02-28 ANTRAG: Kassenzulassung des nichtinvasiven Pränataltests - Monitoring der Konsequenzen und Einrichtung eines Gremiums (Drucksache 20/10515) [+: Cross-party group motion (Rüffer/Hüppe/Pilsinger et al.): monitor NIPT reimbursement and set up an ethics body against de facto trisomy screening; monitoring, not restriction.]",CDU/CSU,43 - Hannover-Land I
"Jens Lehmann (CDU/CSU, Landesliste Sachsen)",,1,,,,,"a motion signed, 8 months ago",consistent (2 items),2,https://www.abgeordnetenwatch.de/profile/jens-lehmann,"2026-01-28 ANTRAG: Kassenzulassung des nicht-invasiven Pränataltests - Monitoring der Konsequenzen und Einrichtung eines Gremiums (Drucksache 21/3873) [+: Re-tabled cross-party NIPT motion (Rüffer/Brand et al.): monitoring and an expert body against de facto screening.] | 2024-02-28 ANTRAG: Kassenzulassung des nichtinvasiven Pränataltests - Monitoring der Konsequenzen und Einrichtung eines Gremiums (Drucksache 20/10515) [+: Cross-party group motion (Rüffer/Hüppe/Pilsinger et al.): monitor NIPT reimbursement and set up an ethics body against de facto trisomy screening; monitoring, not restriction.]",CDU/CSU,Landesliste Sachsen
"Johann Saathoff (SPD, 24 - Aurich – Emden)",,1,,,,,"a motion signed, 8 months ago",consistent (2 items),2,https://www.abgeordnetenwatch.de/profile/johann-saathoff,"2026-01-28 ANTRAG: Kassenzulassung des nicht-invasiven Pränataltests - Monitoring der Konsequenzen und Einrichtung eines Gremiums (Drucksache 21/3873) [+: Re-tabled cross-party NIPT motion (Rüffer/Brand et al.): monitoring and an expert body against de facto screening.] | 2024-02-28 ANTRAG: Kassenzulassung des nichtinvasiven Pränataltests - Monitoring der Konsequenzen und Einrichtung eines Gremiums (Drucksache 20/10515) [+: Cross-party group motion (Rüffer/Hüppe/Pilsinger et al.): monitor NIPT reimbursement and set up an ethics body against de facto trisomy screening; monitoring, not restriction.]",SPD,24 - Aurich – Emden
"Jonas Geissler (CDU/CSU, 237 - Coburg)",,1,,,,,"a motion signed, 8 months ago",consistent (2 items),2,https://www.abgeordnetenwatch.de/profile/jonas-geissler,"2026-01-28 ANTRAG: Kassenzulassung des nicht-invasiven Pränataltests - Monitoring der Konsequenzen und Einrichtung eines Gremiums (Drucksache 21/3873) [+: Re-tabled cross-party NIPT motion (Rüffer/Brand et al.): monitoring and an expert body against de facto screening.] | 2024-02-28 ANTRAG: Kassenzulassung des nichtinvasiven Pränataltests - Monitoring der Konsequenzen und Einrichtung eines Gremiums (Drucksache 20/10515) [+: Cross-party group motion (Rüffer/Hüppe/Pilsinger et al.): monitor NIPT reimbursement and set up an ethics body against de facto trisomy screening; monitoring, not restriction.]",CDU/CSU,237 - Coburg
"Kay-Uwe Ziegler (AfD, 73 - Mansfeld)",,1,,,,,"a question, 2 years ago",thin (only 1 evidence item on record),2,https://www.abgeordnetenwatch.de/profile/kay-uwe-ziegler,"2025-12-08 KLEINE ANFRAGE: Möglichkeiten und Grenzen der Reproduktionsmedizin (Drucksache 21/3164) [never places: AfD inquiry on the scope of reproductive medicine; broadly pro-IVF (asks about widening funded eligibility, links AI embryo selection) but no clear side on embryo destruction or surrogacy.] | 2024-09-16 KLEINE ANFRAGE: Neuregelung der Leihmutterschaft in Deutschland (Drucksache 20/12882) [+: AfD inquiry on plans to legalise surrogacy; preamble criticises courts eroding the ban.]",AfD,73 - Mansfeld
"Kerstin Przygodda (AfD, Landesliste Schleswig-Holstein)",,1,,,,,"a question, 12 months ago",thin (only 1 evidence item on record),2,https://www.abgeordnetenwatch.de/profile/kerstin-przygodda,"2025-12-08 KLEINE ANFRAGE: Möglichkeiten und Grenzen der Reproduktionsmedizin (Drucksache 21/3164) [never places: AfD inquiry on the scope of reproductive medicine; broadly pro-IVF (asks about widening funded eligibility, links AI embryo selection) but no clear side on embryo destruction or surrogacy.] | 2025-09-29 KLEINE ANFRAGE: Umgang der Bundesregierung mit dem Abschlussbericht der Kommission zur reproduktiven Selbstbestimmung und Fortpflanzungs (Drucksache 21/1874) [+: AfD inquiry probing whether the government will implement the commission's call to legalise altruistic surrogacy/egg donation, stressing human dignity and child protection.]",AfD,Landesliste Schleswig-Holstein
"Kerstin Vieregge (CDU/CSU, 134 - Lippe I)",,1,,,,,"a motion signed, 8 months ago",consistent (2 items),2,https://www.abgeordnetenwatch.de/profile/kerstin-vieregge,"2026-01-28 ANTRAG: Kassenzulassung des nicht-invasiven Pränataltests - Monitoring der Konsequenzen und Einrichtung eines Gremiums (Drucksache 21/3873) [+: Re-tabled cross-party NIPT motion (Rüffer/Brand et al.): monitoring and an expert body against de facto screening.] | 2024-02-28 ANTRAG: Kassenzulassung des nichtinvasiven Pränataltests - Monitoring der Konsequenzen und Einrichtung eines Gremiums (Drucksache 20/10515) [+: Cross-party group motion (Rüffer/Hüppe/Pilsinger et al.): monitor NIPT reimbursement and set up an ethics body against de facto trisomy screening; monitoring, not restriction.]",CDU/CSU,134 - Lippe I
"Lina Seitzl (SPD, Landesliste Baden-Württemberg)",,1,,,,,"a motion signed, 8 months ago",consistent (2 items),2,https://www.abgeordnetenwatch.de/profile/lina-seitzl,"2026-01-28 ANTRAG: Kassenzulassung des nicht-invasiven Pränataltests - Monitoring der Konsequenzen und Einrichtung eines Gremiums (Drucksache 21/3873) [+: Re-tabled cross-party NIPT motion (Rüffer/Brand et al.): monitoring and an expert body against de facto screening.] | 2024-02-28 ANTRAG: Kassenzulassung des nichtinvasiven Pränataltests - Monitoring der Konsequenzen und Einrichtung eines Gremiums (Drucksache 20/10515) [+: Cross-party group motion (Rüffer/Hüppe/Pilsinger et al.): monitor NIPT reimbursement and set up an ethics body against de facto trisomy screening; monitoring, not restriction.]",SPD,Landesliste Baden-Württemberg
"Linda Heitmann (BÜNDNIS 90/DIE GRÜNEN, 19 - Hamburg-Altona)",,1,,,,,"a motion signed, 8 months ago",consistent (2 items),2,https://www.abgeordnetenwatch.de/profile/linda-heitmann,"2026-01-28 ANTRAG: Kassenzulassung des nicht-invasiven Pränataltests - Monitoring der Konsequenzen und Einrichtung eines Gremiums (Drucksache 21/3873) [+: Re-tabled cross-party NIPT motion (Rüffer/Brand et al.): monitoring and an expert body against de facto screening.] | 2024-02-28 ANTRAG: Kassenzulassung des nichtinvasiven Pränataltests - Monitoring der Konsequenzen und Einrichtung eines Gremiums (Drucksache 20/10515) [+: Cross-party group motion (Rüffer/Hüppe/Pilsinger et al.): monitor NIPT reimbursement and set up an ethics body against de facto trisomy screening; monitoring, not restriction.]",BÜNDNIS 90/DIE GRÜNEN,19 - Hamburg-Altona
"Lisa Badum (BÜNDNIS 90/DIE GRÜNEN, Landesliste Bayern)",,1,,,,,"a motion signed, 8 months ago",consistent (2 items),2,https://www.abgeordnetenwatch.de/profile/lisa-badum,"2026-01-28 ANTRAG: Kassenzulassung des nicht-invasiven Pränataltests - Monitoring der Konsequenzen und Einrichtung eines Gremiums (Drucksache 21/3873) [+: Re-tabled cross-party NIPT motion (Rüffer/Brand et al.): monitoring and an expert body against de facto screening.] | 2024-02-28 ANTRAG: Kassenzulassung des nichtinvasiven Pränataltests - Monitoring der Konsequenzen und Einrichtung eines Gremiums (Drucksache 20/10515) [+: Cross-party group motion (Rüffer/Hüppe/Pilsinger et al.): monitor NIPT reimbursement and set up an ethics body against de facto trisomy screening; monitoring, not restriction.]",BÜNDNIS 90/DIE GRÜNEN,Landesliste Bayern
"Martin Plum (CDU/CSU, 110 - Viersen)",,1,,,,,"a motion signed, 8 months ago",consistent (2 items),2,https://www.abgeordnetenwatch.de/profile/martin-plum,"2026-01-28 ANTRAG: Kassenzulassung des nicht-invasiven Pränataltests - Monitoring der Konsequenzen und Einrichtung eines Gremiums (Drucksache 21/3873) [+: Re-tabled cross-party NIPT motion (Rüffer/Brand et al.): monitoring and an expert body against de facto screening.] | 2024-02-28 ANTRAG: Kassenzulassung des nichtinvasiven Pränataltests - Monitoring der Konsequenzen und Einrichtung eines Gremiums (Drucksache 20/10515) [+: Cross-party group motion (Rüffer/Hüppe/Pilsinger et al.): monitor NIPT reimbursement and set up an ethics body against de facto trisomy screening; monitoring, not restriction.]",CDU/CSU,110 - Viersen
Martin Sichert (AfD),,1,,,,,"a question, 2 years ago",thin (only 1 evidence item on record),2,https://www.abgeordnetenwatch.de/profile/martin-sichert,"2025-12-08 KLEINE ANFRAGE: Möglichkeiten und Grenzen der Reproduktionsmedizin (Drucksache 21/3164) [never places: AfD inquiry on the scope of reproductive medicine; broadly pro-IVF (asks about widening funded eligibility, links AI embryo selection) but no clear side on embryo destruction or surrogacy.] | 2024-09-16 KLEINE ANFRAGE: Neuregelung der Leihmutterschaft in Deutschland (Drucksache 20/12882) [+: AfD inquiry on plans to legalise surrogacy; preamble criticises courts eroding the ban.]",AfD,
"Mechthilde Wittmann (CDU/CSU, 256 - Oberallgäu)",,1,,,,,"a motion signed, 8 months ago",consistent (2 items),2,https://www.abgeordnetenwatch.de/profile/mechthilde-wittmann,"2026-01-28 ANTRAG: Kassenzulassung des nicht-invasiven Pränataltests - Monitoring der Konsequenzen und Einrichtung eines Gremiums (Drucksache 21/3873) [+: Re-tabled cross-party NIPT motion (Rüffer/Brand et al.): monitoring and an expert body against de facto screening.] | 2024-02-28 ANTRAG: Kassenzulassung des nichtinvasiven Pränataltests - Monitoring der Konsequenzen und Einrichtung eines Gremiums (Drucksache 20/10515) [+: Cross-party group motion (Rüffer/Hüppe/Pilsinger et al.): monitor NIPT reimbursement and set up an ethics body against de facto trisomy screening; monitoring, not restriction.]",CDU/CSU,256 - Oberallgäu
"Melanie Bernstein (CDU/CSU, 8 - Segeberg – Stormarn-Mitte)",,1,,,,,"a motion signed, 8 months ago",consistent (2 items),2,https://www.abgeordnetenwatch.de/profile/melanie-bernstein,"2026-01-28 ANTRAG: Kassenzulassung des nicht-invasiven Pränataltests - Monitoring der Konsequenzen und Einrichtung eines Gremiums (Drucksache 21/3873) [+: Re-tabled cross-party NIPT motion (Rüffer/Brand et al.): monitoring and an expert body against de facto screening.] | 2024-02-28 ANTRAG: Kassenzulassung des nichtinvasiven Pränataltests - Monitoring der Konsequenzen und Einrichtung eines Gremiums (Drucksache 20/10515) [+: Cross-party group motion (Rüffer/Hüppe/Pilsinger et al.): monitor NIPT reimbursement and set up an ethics body against de facto trisomy screening; monitoring, not restriction.]",CDU/CSU,8 - Segeberg – Stormarn-Mitte
"Michael Donth (CDU/CSU, 289 - Reutlingen)",,1,,,,,"a motion signed, 8 months ago",consistent (2 items),2,https://www.abgeordnetenwatch.de/profile/michael-donth,"2026-01-28 ANTRAG: Kassenzulassung des nicht-invasiven Pränataltests - Monitoring der Konsequenzen und Einrichtung eines Gremiums (Drucksache 21/3873) [+: Re-tabled cross-party NIPT motion (Rüffer/Brand et al.): monitoring and an expert body against de facto screening.] | 2024-02-28 ANTRAG: Kassenzulassung des nichtinvasiven Pränataltests - Monitoring der Konsequenzen und Einrichtung eines Gremiums (Drucksache 20/10515) [+: Cross-party group motion (Rüffer/Hüppe/Pilsinger et al.): monitor NIPT reimbursement and set up an ethics body against de facto trisomy screening; monitoring, not restriction.]",CDU/CSU,289 - Reutlingen
"Nils Schmid (SPD, Landesliste Baden-Württemberg)",,1,,,,,"a motion signed, 8 months ago",consistent (2 items),2,https://www.abgeordnetenwatch.de/profile/nils-schmid,"2026-01-28 ANTRAG: Kassenzulassung des nicht-invasiven Pränataltests - Monitoring der Konsequenzen und Einrichtung eines Gremiums (Drucksache 21/3873) [+: Re-tabled cross-party NIPT motion (Rüffer/Brand et al.): monitoring and an expert body against de facto screening.] | 2024-02-28 ANTRAG: Kassenzulassung des nichtinvasiven Pränataltests - Monitoring der Konsequenzen und Einrichtung eines Gremiums (Drucksache 20/10515) [+: Cross-party group motion (Rüffer/Hüppe/Pilsinger et al.): monitor NIPT reimbursement and set up an ethics body against de facto trisomy screening; monitoring, not restriction.]",SPD,Landesliste Baden-Württemberg
"Norbert Maria Altenkamp (CDU/CSU, 180 - Main-Taunus)",,1,,,,,"a motion signed, 8 months ago",consistent (2 items),2,https://www.abgeordnetenwatch.de/profile/norbert-maria-altenkamp,"2026-01-28 ANTRAG: Kassenzulassung des nicht-invasiven Pränataltests - Monitoring der Konsequenzen und Einrichtung eines Gremiums (Drucksache 21/3873) [+: Re-tabled cross-party NIPT motion (Rüffer/Brand et al.): monitoring and an expert body against de facto screening.] | 2024-02-28 ANTRAG: Kassenzulassung des nichtinvasiven Pränataltests - Monitoring der Konsequenzen und Einrichtung eines Gremiums (Drucksache 20/10515) [+: Cross-party group motion (Rüffer/Hüppe/Pilsinger et al.): monitor NIPT reimbursement and set up an ethics body against de facto trisomy screening; monitoring, not restriction.]",CDU/CSU,180 - Main-Taunus
Otto Strauß (AfD),,1,,,,,"a question, 12 months ago",thin (only 1 evidence item on record),2,https://www.abgeordnetenwatch.de/profile/otto-strauss,"2025-12-08 KLEINE ANFRAGE: Möglichkeiten und Grenzen der Reproduktionsmedizin (Drucksache 21/3164) [never places: AfD inquiry on the scope of reproductive medicine; broadly pro-IVF (asks about widening funded eligibility, links AI embryo selection) but no clear side on embryo destruction or surrogacy.] | 2025-09-29 KLEINE ANFRAGE: Umgang der Bundesregierung mit dem Abschlussbericht der Kommission zur reproduktiven Selbstbestimmung und Fortpflanzungs (Drucksache 21/1874) [+: AfD inquiry probing whether the government will implement the commission's call to legalise altruistic surrogacy/egg donation, stressing human dignity and child protection.]",AfD,
"Philipp Amthor (CDU/CSU, Landesliste Mecklenburg-Vorpommern)",,1,,,,,"a motion signed, 8 months ago",consistent (2 items),2,https://www.abgeordnetenwatch.de/profile/philipp-amthor,"2026-01-28 ANTRAG: Kassenzulassung des nicht-invasiven Pränataltests - Monitoring der Konsequenzen und Einrichtung eines Gremiums (Drucksache 21/3873) [+: Re-tabled cross-party NIPT motion (Rüffer/Brand et al.): monitoring and an expert body against de facto screening.] | 2024-02-28 ANTRAG: Kassenzulassung des nichtinvasiven Pränataltests - Monitoring der Konsequenzen und Einrichtung eines Gremiums (Drucksache 20/10515) [+: Cross-party group motion (Rüffer/Hüppe/Pilsinger et al.): monitor NIPT reimbursement and set up an ethics body against de facto trisomy screening; monitoring, not restriction.]",CDU/CSU,Landesliste Mecklenburg-Vorpommern
"Siemtje Möller (SPD, 26 - Friesland – Wilhelmshaven – Wittmund)",,1,,,,,"a motion signed, 8 months ago",consistent (2 items),2,https://www.abgeordnetenwatch.de/profile/siemtje-moeller,"2026-01-28 ANTRAG: Kassenzulassung des nicht-invasiven Pränataltests - Monitoring der Konsequenzen und Einrichtung eines Gremiums (Drucksache 21/3873) [+: Re-tabled cross-party NIPT motion (Rüffer/Brand et al.): monitoring and an expert body against de facto screening.] | 2024-02-28 ANTRAG: Kassenzulassung des nichtinvasiven Pränataltests - Monitoring der Konsequenzen und Einrichtung eines Gremiums (Drucksache 20/10515) [+: Cross-party group motion (Rüffer/Hüppe/Pilsinger et al.): monitor NIPT reimbursement and set up an ethics body against de facto trisomy screening; monitoring, not restriction.]",SPD,26 - Friesland – Wilhelmshaven – Wittmund
"Sören Pellmann (Die Linke, 152 - Leipzig II)",,1,,,,,"a motion signed, 8 months ago",consistent (2 items),2,https://www.abgeordnetenwatch.de/profile/soeren-pellmann,"2026-01-28 ANTRAG: Kassenzulassung des nicht-invasiven Pränataltests - Monitoring der Konsequenzen und Einrichtung eines Gremiums (Drucksache 21/3873) [+: Re-tabled cross-party NIPT motion (Rüffer/Brand et al.): monitoring and an expert body against de facto screening.] | 2024-02-28 ANTRAG: Kassenzulassung des nichtinvasiven Pränataltests - Monitoring der Konsequenzen und Einrichtung eines Gremiums (Drucksache 20/10515) [+: Cross-party group motion (Rüffer/Hüppe/Pilsinger et al.): monitor NIPT reimbursement and set up an ethics body against de facto trisomy screening; monitoring, not restriction.]",Die Linke,152 - Leipzig II
"Tanja Machalet (SPD, Landesliste Rheinland-Pfalz)",,1,,,,,"a motion signed, 8 months ago",consistent (2 items),2,https://www.abgeordnetenwatch.de/profile/tanja-machalet,"2026-01-28 ANTRAG: Kassenzulassung des nicht-invasiven Pränataltests - Monitoring der Konsequenzen und Einrichtung eines Gremiums (Drucksache 21/3873) [+: Re-tabled cross-party NIPT motion (Rüffer/Brand et al.): monitoring and an expert body against de facto screening.] | 2024-02-28 ANTRAG: Kassenzulassung des nichtinvasiven Pränataltests - Monitoring der Konsequenzen und Einrichtung eines Gremiums (Drucksache 20/10515) [+: Cross-party group motion (Rüffer/Hüppe/Pilsinger et al.): monitor NIPT reimbursement and set up an ethics body against de facto trisomy screening; monitoring, not restriction.]",SPD,Landesliste Rheinland-Pfalz
"Wilfried Oellers (CDU/CSU, 88 - Heinsberg)",,1,,,,,"a motion signed, 8 months ago",consistent (2 items),2,https://www.abgeordnetenwatch.de/profile/wilfried-oellers,"2026-01-28 ANTRAG: Kassenzulassung des nicht-invasiven Pränataltests - Monitoring der Konsequenzen und Einrichtung eines Gremiums (Drucksache 21/3873) [+: Re-tabled cross-party NIPT motion (Rüffer/Brand et al.): monitoring and an expert body against de facto screening.] | 2024-02-28 ANTRAG: Kassenzulassung des nichtinvasiven Pränataltests - Monitoring der Konsequenzen und Einrichtung eines Gremiums (Drucksache 20/10515) [+: Cross-party group motion (Rüffer/Hüppe/Pilsinger et al.): monitor NIPT reimbursement and set up an ethics body against de facto trisomy screening; monitoring, not restriction.]",CDU/CSU,88 - Heinsberg
Andreas Mayer (AfD),,1,,,,,"a question, 9 months ago",thin (only 1 evidence item on record),1,https://www.abgeordnetenwatch.de/profile/andreas-mayer-0,"2026-01-12 SCHRIFTLICHE FRAGE: Forderung des Verbots der Leihmutterschaft im UNO-Bericht ""Violence against women and girls, its causes and consequences (Drucksache 21/3685) [+: Asks government position on the UN rapporteur's call to ban surrogacy on a Nordic-model basis.]",AfD,
"Anja Karliczek (CDU/CSU, 127 - Steinfurt III)",,1,,,,,"a speech, 8 years ago",thin (only 1 evidence item on record),1,https://www.abgeordnetenwatch.de/profile/anja-karliczek,"2019-01-30 DEBATE: Rede ""Das Zweite ist, dass wir in Deutschland ein sehr strenges Embryonenschutzgesetz haben. Wir glauben, dass dieses Embryonenschutzgesetz die Dinge, die da gelaufen sein sollen, nicht zulässt. Das halten wir weiterhin für ri..."" [+: Defends Germany's strict Embryonenschutzgesetz as preventing questionable practices, aligning with surrogacy caution.]",CDU/CSU,127 - Steinfurt III
"Anja Weisgerber (CDU/CSU, 249 - Schweinfurt)",,1,,,,,"a motion signed, 8 months ago",thin (only 1 evidence item on record),1,https://www.abgeordnetenwatch.de/profile/anja-weisgerber,2026-01-28 ANTRAG: Kassenzulassung des nicht-invasiven Pränataltests - Monitoring der Konsequenzen und Einrichtung eines Gremiums (Drucksache 21/3873) [+: Re-tabled cross-party NIPT motion (Rüffer/Brand et al.): monitoring and an expert body against de facto screening.],CDU/CSU,249 - Schweinfurt
"Anne Janssen (CDU/CSU, Landesliste Niedersachsen)",,1,,,,,"a motion signed, 8 months ago",thin (only 1 evidence item on record),1,https://www.abgeordnetenwatch.de/profile/anne-janssen,2026-01-28 ANTRAG: Kassenzulassung des nicht-invasiven Pränataltests - Monitoring der Konsequenzen und Einrichtung eines Gremiums (Drucksache 21/3873) [+: Re-tabled cross-party NIPT motion (Rüffer/Brand et al.): monitoring and an expert body against de facto screening.],CDU/CSU,Landesliste Niedersachsen
"Anne König (CDU/CSU, 125 - Borken II)",,1,,,,,"a motion signed, 8 months ago",thin (only 1 evidence item on record),1,https://www.abgeordnetenwatch.de/profile/anne-koenig,2026-01-28 ANTRAG: Kassenzulassung des nicht-invasiven Pränataltests - Monitoring der Konsequenzen und Einrichtung eines Gremiums (Drucksache 21/3873) [+: Re-tabled cross-party NIPT motion (Rüffer/Brand et al.): monitoring and an expert body against de facto screening.],CDU/CSU,125 - Borken II
"Astrid Timmermann-Fechter (CDU/CSU, Landesliste Nordrhein-Westfalen)",,1,,,,,"a motion signed, 3 years ago",thin (only 1 evidence item on record),1,https://www.abgeordnetenwatch.de/profile/astrid-timmermann-fechter,"2024-02-28 ANTRAG: Kassenzulassung des nichtinvasiven Pränataltests - Monitoring der Konsequenzen und Einrichtung eines Gremiums (Drucksache 20/10515) [+: Cross-party group motion (Rüffer/Hüppe/Pilsinger et al.): monitor NIPT reimbursement and set up an ethics body against de facto trisomy screening; monitoring, not restriction.]",CDU/CSU,Landesliste Nordrhein-Westfalen
"Ayse Asar (BÜNDNIS 90/DIE GRÜNEN, Landesliste Hessen)",,1,,,,,"a motion signed, 8 months ago",thin (only 1 evidence item on record),1,https://www.abgeordnetenwatch.de/profile/ayse-asar,2026-01-28 ANTRAG: Kassenzulassung des nicht-invasiven Pränataltests - Monitoring der Konsequenzen und Einrichtung eines Gremiums (Drucksache 21/3873) [+: Re-tabled cross-party NIPT motion (Rüffer/Brand et al.): monitoring and an expert body against de facto screening.],BÜNDNIS 90/DIE GRÜNEN,Landesliste Hessen
"Benedikt Büdenbender (CDU/CSU, 147 - Siegen-Wittgenstein)",,1,,,,,"a motion signed, 8 months ago",thin (only 1 evidence item on record),1,https://www.abgeordnetenwatch.de/profile/benedikt-buedenbender,2026-01-28 ANTRAG: Kassenzulassung des nicht-invasiven Pränataltests - Monitoring der Konsequenzen und Einrichtung eines Gremiums (Drucksache 21/3873) [+: Re-tabled cross-party NIPT motion (Rüffer/Brand et al.): monitoring and an expert body against de facto screening.],CDU/CSU,147 - Siegen-Wittgenstein
"Carolin Bachmann (AfD, 160 - Mittelsachsen)",,1,,,,,"a question, 2 years ago",thin (only 1 evidence item on record),1,https://www.abgeordnetenwatch.de/profile/carolin-bachmann,2024-09-16 KLEINE ANFRAGE: Neuregelung der Leihmutterschaft in Deutschland (Drucksache 20/12882) [+: AfD inquiry on plans to legalise surrogacy; preamble criticises courts eroding the ban.],AfD,160 - Mittelsachsen
"Carolin Wagner (SPD, Landesliste Bayern)",,1,,,,,"a motion signed, 3 years ago",thin (only 1 evidence item on record),1,https://www.abgeordnetenwatch.de/profile/carolin-wagner,"2024-02-28 ANTRAG: Kassenzulassung des nichtinvasiven Pränataltests - Monitoring der Konsequenzen und Einrichtung eines Gremiums (Drucksache 20/10515) [+: Cross-party group motion (Rüffer/Hüppe/Pilsinger et al.): monitor NIPT reimbursement and set up an ethics body against de facto trisomy screening; monitoring, not restriction.]",SPD,Landesliste Bayern
"Carsten Brodesser (CDU/CSU, 98 - Oberbergischer Kreis)",,1,,,,,"a motion signed, 8 months ago",thin (only 1 evidence item on record),1,https://www.abgeordnetenwatch.de/profile/carsten-brodesser,2026-01-28 ANTRAG: Kassenzulassung des nicht-invasiven Pränataltests - Monitoring der Konsequenzen und Einrichtung eines Gremiums (Drucksache 21/3873) [+: Re-tabled cross-party NIPT motion (Rüffer/Brand et al.): monitoring and an expert body against de facto screening.],CDU/CSU,98 - Oberbergischer Kreis
"Charlotte Neuhäuser (Die Linke, Landesliste Nordrhein-Westfalen)",,1,,,,,"a motion signed, 8 months ago",thin (only 1 evidence item on record),1,https://www.abgeordnetenwatch.de/profile/charlotte-neuhaeuser,2026-01-28 ANTRAG: Kassenzulassung des nicht-invasiven Pränataltests - Monitoring der Konsequenzen und Einrichtung eines Gremiums (Drucksache 21/3873) [+: Re-tabled cross-party NIPT motion (Rüffer/Brand et al.): monitoring and an expert body against de facto screening.],Die Linke,Landesliste Nordrhein-Westfalen
"Christian Haase (CDU/CSU, 135 - Höxter – Gütersloh III – Lippe II)",,1,,,,,"a motion signed, 8 months ago",thin (only 1 evidence item on record),1,https://www.abgeordnetenwatch.de/profile/christian-haase,2026-01-28 ANTRAG: Kassenzulassung des nicht-invasiven Pränataltests - Monitoring der Konsequenzen und Einrichtung eines Gremiums (Drucksache 21/3873) [+: Re-tabled cross-party NIPT motion (Rüffer/Brand et al.): monitoring and an expert body against de facto screening.],CDU/CSU,135 - Höxter – Gütersloh III – Lippe II
"Christian Moser (CDU/CSU, 213 - Freising)",,1,,,,,"a motion signed, 8 months ago",thin (only 1 evidence item on record),1,https://www.abgeordnetenwatch.de/profile/christian-moser,2026-01-28 ANTRAG: Kassenzulassung des nicht-invasiven Pränataltests - Monitoring der Konsequenzen und Einrichtung eines Gremiums (Drucksache 21/3873) [+: Re-tabled cross-party NIPT motion (Rüffer/Brand et al.): monitoring and an expert body against de facto screening.],CDU/CSU,213 - Freising
"Christian Zaum (AfD, Landesliste Nordrhein-Westfalen)",,1,,,,,"a question, 12 months ago",thin (only 1 evidence item on record),1,https://www.abgeordnetenwatch.de/profile/christian-zaum,"2025-09-29 KLEINE ANFRAGE: Umgang der Bundesregierung mit dem Abschlussbericht der Kommission zur reproduktiven Selbstbestimmung und Fortpflanzungs (Drucksache 21/1874) [+: AfD inquiry probing whether the government will implement the commission's call to legalise altruistic surrogacy/egg donation, stressing human dignity and child protection.]",AfD,Landesliste Nordrhein-Westfalen
"Christina Stumpp (CDU/CSU, 264 - Waiblingen)",,1,,,,,"a motion signed, 3 years ago",thin (only 1 evidence item on record),1,https://www.abgeordnetenwatch.de/profile/christina-stumpp,"2024-02-28 ANTRAG: Kassenzulassung des nichtinvasiven Pränataltests - Monitoring der Konsequenzen und Einrichtung eines Gremiums (Drucksache 20/10515) [+: Cross-party group motion (Rüffer/Hüppe/Pilsinger et al.): monitor NIPT reimbursement and set up an ethics body against de facto trisomy screening; monitoring, not restriction.]",CDU/CSU,264 - Waiblingen
"Christoph Schmid (SPD, Landesliste Bayern)",,1,,,,,"a motion signed, 3 years ago",thin (only 1 evidence item on record),1,https://www.abgeordnetenwatch.de/profile/christoph-schmid-0,"2024-02-28 ANTRAG: Kassenzulassung des nichtinvasiven Pränataltests - Monitoring der Konsequenzen und Einrichtung eines Gremiums (Drucksache 20/10515) [+: Cross-party group motion (Rüffer/Hüppe/Pilsinger et al.): monitor NIPT reimbursement and set up an ethics body against de facto trisomy screening; monitoring, not restriction.]",SPD,Landesliste Bayern
"Christoph de Vries (CDU/CSU, Landesliste Hamburg)",,1,,,,,"a motion signed, 8 months ago",thin (only 1 evidence item on record),1,https://www.abgeordnetenwatch.de/profile/christoph-de-vries,2026-01-28 ANTRAG: Kassenzulassung des nicht-invasiven Pränataltests - Monitoring der Konsequenzen und Einrichtung eines Gremiums (Drucksache 21/3873) [+: Re-tabled cross-party NIPT motion (Rüffer/Brand et al.): monitoring and an expert body against de facto screening.],CDU/CSU,Landesliste Hamburg
"Cornell-Anette Babendererde (CDU/CSU, 36 - Harburg)",,1,,,,,"a motion signed, 8 months ago",thin (only 1 evidence item on record),1,https://www.abgeordnetenwatch.de/profile/cornell-anette-babendererde,2026-01-28 ANTRAG: Kassenzulassung des nicht-invasiven Pränataltests - Monitoring der Konsequenzen und Einrichtung eines Gremiums (Drucksache 21/3873) [+: Re-tabled cross-party NIPT motion (Rüffer/Brand et al.): monitoring and an expert body against de facto screening.],CDU/CSU,36 - Harburg
"Daniel Baldy (SPD, Landesliste Rheinland-Pfalz)",,1,,,,,"a speech, 3 years ago",thin (only 1 evidence item on record),1,https://www.abgeordnetenwatch.de/profile/daniel-baldy,"2023-11-16 DEBATE: Rede ""Aber wo werden Menschen, zum Beispiel in Regenbogenfamilien, denn noch Steine in den Weg gelegt? Es gibt in Deutschland immer noch nicht die Möglichkeit, dass gleichgeschlechtliche Eltern ab Geburt des Kindes beide als V..."" [+: Defends monogamous marriage against polygamy, aligning with traditional marriage support.]",SPD,Landesliste Rheinland-Pfalz
"Daniel Rinkert (SPD, Landesliste Nordrhein-Westfalen)",,1,,,,,"a motion signed, 8 months ago",thin (only 1 evidence item on record),1,https://www.abgeordnetenwatch.de/profile/daniel-rinkert,2026-01-28 ANTRAG: Kassenzulassung des nicht-invasiven Pränataltests - Monitoring der Konsequenzen und Einrichtung eines Gremiums (Drucksache 21/3873) [+: Re-tabled cross-party NIPT motion (Rüffer/Brand et al.): monitoring and an expert body against de facto screening.],SPD,Landesliste Nordrhein-Westfalen
"David Gregosz (CDU/CSU, Landesliste Thüringen)",,1,,,,,"a motion signed, 8 months ago",thin (only 1 evidence item on record),1,https://www.abgeordnetenwatch.de/profile/david-gregosz,2026-01-28 ANTRAG: Kassenzulassung des nicht-invasiven Pränataltests - Monitoring der Konsequenzen und Einrichtung eines Gremiums (Drucksache 21/3873) [+: Re-tabled cross-party NIPT motion (Rüffer/Brand et al.): monitoring and an expert body against de facto screening.],CDU/CSU,Landesliste Thüringen
"David Preisendanz (CDU/CSU, 261 - Esslingen)",,1,,,,,"a motion signed, 8 months ago",thin (only 1 evidence item on record),1,https://www.abgeordnetenwatch.de/profile/david-preisendanz,2026-01-28 ANTRAG: Kassenzulassung des nicht-invasiven Pränataltests - Monitoring der Konsequenzen und Einrichtung eines Gremiums (Drucksache 21/3873) [+: Re-tabled cross-party NIPT motion (Rüffer/Brand et al.): monitoring and an expert body against de facto screening.],CDU/CSU,261 - Esslingen
"Derya Türk-Nachbaur (SPD, Landesliste Baden-Württemberg)",,1,,,,,"a motion signed, 8 months ago",thin (only 1 evidence item on record),1,https://www.abgeordnetenwatch.de/profile/derya-tuerk-nachbaur,2026-01-28 ANTRAG: Kassenzulassung des nicht-invasiven Pränataltests - Monitoring der Konsequenzen und Einrichtung eines Gremiums (Drucksache 21/3873) [+: Re-tabled cross-party NIPT motion (Rüffer/Brand et al.): monitoring and an expert body against de facto screening.],SPD,Landesliste Baden-Württemberg
"Dunja Kreiser (SPD, 49 - Salzgitter – Wolfenbüttel)",,1,,,,,"a motion signed, 3 years ago",thin (only 1 evidence item on record),1,https://www.abgeordnetenwatch.de/profile/dunja-kreiser,"2024-02-28 ANTRAG: Kassenzulassung des nichtinvasiven Pränataltests - Monitoring der Konsequenzen und Einrichtung eines Gremiums (Drucksache 20/10515) [+: Cross-party group motion (Rüffer/Hüppe/Pilsinger et al.): monitor NIPT reimbursement and set up an ethics body against de facto trisomy screening; monitoring, not restriction.]",SPD,49 - Salzgitter – Wolfenbüttel
"Felix Döring (SPD, Landesliste Hessen)",,1,,,,,"a motion signed, 8 months ago",thin (only 1 evidence item on record),1,https://www.abgeordnetenwatch.de/profile/felix-doering,2026-01-28 ANTRAG: Kassenzulassung des nicht-invasiven Pränataltests - Monitoring der Konsequenzen und Einrichtung eines Gremiums (Drucksache 21/3873) [+: Re-tabled cross-party NIPT motion (Rüffer/Brand et al.): monitoring and an expert body against de facto screening.],SPD,Landesliste Hessen
"Filiz Polat (BÜNDNIS 90/DIE GRÜNEN, Landesliste Niedersachsen)",,1,,,,,"a motion signed, 8 months ago",thin (only 1 evidence item on record),1,https://www.abgeordnetenwatch.de/profile/filiz-polat,2026-01-28 ANTRAG: Kassenzulassung des nicht-invasiven Pränataltests - Monitoring der Konsequenzen und Einrichtung eines Gremiums (Drucksache 21/3873) [+: Re-tabled cross-party NIPT motion (Rüffer/Brand et al.): monitoring and an expert body against de facto screening.],BÜNDNIS 90/DIE GRÜNEN,Landesliste Niedersachsen
"Florian Oßner (CDU/CSU, 227 - Landshut)",,1,,,,,"a motion signed, 3 years ago",thin (only 1 evidence item on record),1,https://www.abgeordnetenwatch.de/profile/florian-ossner,"2024-02-28 ANTRAG: Kassenzulassung des nichtinvasiven Pränataltests - Monitoring der Konsequenzen und Einrichtung eines Gremiums (Drucksache 20/10515) [+: Cross-party group motion (Rüffer/Hüppe/Pilsinger et al.): monitor NIPT reimbursement and set up an ethics body against de facto trisomy screening; monitoring, not restriction.]",CDU/CSU,227 - Landshut
"Franziska Hoppermann (CDU/CSU, Landesliste Hamburg)",,1,,,,,"a motion signed, 8 months ago",thin (only 1 evidence item on record),1,https://www.abgeordnetenwatch.de/profile/franziska-hoppermann,2026-01-28 ANTRAG: Kassenzulassung des nicht-invasiven Pränataltests - Monitoring der Konsequenzen und Einrichtung eines Gremiums (Drucksache 21/3873) [+: Re-tabled cross-party NIPT motion (Rüffer/Brand et al.): monitoring and an expert body against de facto screening.],CDU/CSU,Landesliste Hamburg
"Georg Kippels (CDU/CSU, 90 - Rhein-Erft-Kreis I)",,1,,,,,"a motion signed, 3 years ago",thin (only 1 evidence item on record),1,https://www.abgeordnetenwatch.de/profile/georg-kippels,"2024-02-28 ANTRAG: Kassenzulassung des nichtinvasiven Pränataltests - Monitoring der Konsequenzen und Einrichtung eines Gremiums (Drucksache 20/10515) [+: Cross-party group motion (Rüffer/Hüppe/Pilsinger et al.): monitor NIPT reimbursement and set up an ethics body against de facto trisomy screening; monitoring, not restriction.]",CDU/CSU,90 - Rhein-Erft-Kreis I
"Hans Koller (CDU/CSU, 228 - Passau)",,1,,,,,"a motion signed, 8 months ago",thin (only 1 evidence item on record),1,https://www.abgeordnetenwatch.de/profile/hans-koller,2026-01-28 ANTRAG: Kassenzulassung des nicht-invasiven Pränataltests - Monitoring der Konsequenzen und Einrichtung eines Gremiums (Drucksache 21/3873) [+: Re-tabled cross-party NIPT motion (Rüffer/Brand et al.): monitoring and an expert body against de facto screening.],CDU/CSU,228 - Passau
"Hans Theiss (CDU/CSU, 216 - München-Nord)",,1,,,,,"a motion signed, 8 months ago",thin (only 1 evidence item on record),1,https://www.abgeordnetenwatch.de/profile/hans-theiss,2026-01-28 ANTRAG: Kassenzulassung des nicht-invasiven Pränataltests - Monitoring der Konsequenzen und Einrichtung eines Gremiums (Drucksache 21/3873) [+: Re-tabled cross-party NIPT motion (Rüffer/Brand et al.): monitoring and an expert body against de facto screening.],CDU/CSU,216 - München-Nord
"Heike Heubach (SPD, Landesliste Bayern)",,1,,,,,"a motion signed, 8 months ago",thin (only 1 evidence item on record),1,https://www.abgeordnetenwatch.de/profile/heike-heubach,2026-01-28 ANTRAG: Kassenzulassung des nicht-invasiven Pränataltests - Monitoring der Konsequenzen und Einrichtung eines Gremiums (Drucksache 21/3873) [+: Re-tabled cross-party NIPT motion (Rüffer/Brand et al.): monitoring and an expert body against de facto screening.],SPD,Landesliste Bayern
"Helmut Kleebank (SPD, 77 - Berlin-Spandau – Charlottenburg Nord)",,1,,,,,"a motion signed, 8 months ago",thin (only 1 evidence item on record),1,https://www.abgeordnetenwatch.de/profile/helmut-kleebank,2026-01-28 ANTRAG: Kassenzulassung des nicht-invasiven Pränataltests - Monitoring der Konsequenzen und Einrichtung eines Gremiums (Drucksache 21/3873) [+: Re-tabled cross-party NIPT motion (Rüffer/Brand et al.): monitoring and an expert body against de facto screening.],SPD,77 - Berlin-Spandau – Charlottenburg Nord
"Hendrik Bollmann (SPD, 140 - Herne – Bochum II)",,1,,,,,"a motion signed, 8 months ago",thin (only 1 evidence item on record),1,https://www.abgeordnetenwatch.de/profile/hendrik-bollmann,2026-01-28 ANTRAG: Kassenzulassung des nicht-invasiven Pränataltests - Monitoring der Konsequenzen und Einrichtung eines Gremiums (Drucksache 21/3873) [+: Re-tabled cross-party NIPT motion (Rüffer/Brand et al.): monitoring and an expert body against de facto screening.],SPD,140 - Herne – Bochum II
Holger Mann (SPD),,1,,,,,"a motion signed, 3 years ago",thin (only 1 evidence item on record),1,https://www.abgeordnetenwatch.de/profile/holger-mann,"2024-02-28 ANTRAG: Kassenzulassung des nichtinvasiven Pränataltests - Monitoring der Konsequenzen und Einrichtung eines Gremiums (Drucksache 20/10515) [+: Cross-party group motion (Rüffer/Hüppe/Pilsinger et al.): monitor NIPT reimbursement and set up an ethics body against de facto trisomy screening; monitoring, not restriction.]",SPD,
"Ina Latendorf (Die Linke, Landesliste Mecklenburg-Vorpommern)",,1,,,,,"a motion signed, 3 years ago",thin (only 1 evidence item on record),1,https://www.abgeordnetenwatch.de/profile/ina-latendorf,"2024-02-28 ANTRAG: Kassenzulassung des nichtinvasiven Pränataltests - Monitoring der Konsequenzen und Einrichtung eines Gremiums (Drucksache 20/10515) [+: Cross-party group motion (Rüffer/Hüppe/Pilsinger et al.): monitor NIPT reimbursement and set up an ethics body against de facto trisomy screening; monitoring, not restriction.]",Die Linke,Landesliste Mecklenburg-Vorpommern
"Isabel Mackensen-Geis (SPD, Landesliste Rheinland-Pfalz)",,1,,,,,"a motion signed, 8 months ago",thin (only 1 evidence item on record),1,https://www.abgeordnetenwatch.de/profile/isabel-mackensen-geis,2026-01-28 ANTRAG: Kassenzulassung des nicht-invasiven Pränataltests - Monitoring der Konsequenzen und Einrichtung eines Gremiums (Drucksache 21/3873) [+: Re-tabled cross-party NIPT motion (Rüffer/Brand et al.): monitoring and an expert body against de facto screening.],SPD,Landesliste Rheinland-Pfalz
"Jan Dieren (SPD, Landesliste Nordrhein-Westfalen)",,1,,,,,"a motion signed, 8 months ago",thin (only 1 evidence item on record),1,https://www.abgeordnetenwatch.de/profile/jan-dieren,2026-01-28 ANTRAG: Kassenzulassung des nicht-invasiven Pränataltests - Monitoring der Konsequenzen und Einrichtung eines Gremiums (Drucksache 21/3873) [+: Re-tabled cross-party NIPT motion (Rüffer/Brand et al.): monitoring and an expert body against de facto screening.],SPD,Landesliste Nordrhein-Westfalen
"Jan Feser (AfD, Landesliste Hessen)",,1,,,,,"a question, 12 months ago",thin (only 1 evidence item on record),1,https://www.abgeordnetenwatch.de/profile/jan-feser,"2025-09-29 KLEINE ANFRAGE: Umgang der Bundesregierung mit dem Abschlussbericht der Kommission zur reproduktiven Selbstbestimmung und Fortpflanzungs (Drucksache 21/1874) [+: AfD inquiry probing whether the government will implement the commission's call to legalise altruistic surrogacy/egg donation, stressing human dignity and child protection.]",AfD,Landesliste Hessen
"Jan-Wilhelm Pohlmann (CDU/CSU, 166 - Waldeck)",,1,,,,,"a motion signed, 8 months ago",thin (only 1 evidence item on record),1,https://www.abgeordnetenwatch.de/profile/jan-wilhelm-pohlmann,2026-01-28 ANTRAG: Kassenzulassung des nicht-invasiven Pränataltests - Monitoring der Konsequenzen und Einrichtung eines Gremiums (Drucksache 21/3873) [+: Re-tabled cross-party NIPT motion (Rüffer/Brand et al.): monitoring and an expert body against de facto screening.],CDU/CSU,166 - Waldeck
"Johann Martel (AfD, Landesliste Baden-Württemberg)",,1,,,,,"a question, 12 months ago",thin (only 1 evidence item on record),1,https://www.abgeordnetenwatch.de/profile/johann-martel,"2025-09-29 KLEINE ANFRAGE: Umgang der Bundesregierung mit dem Abschlussbericht der Kommission zur reproduktiven Selbstbestimmung und Fortpflanzungs (Drucksache 21/1874) [+: AfD inquiry probing whether the government will implement the commission's call to legalise altruistic surrogacy/egg donation, stressing human dignity and child protection.]",AfD,Landesliste Baden-Württemberg
"Johannes Volkmann (CDU/CSU, 171 - Lahn-Dill)",,1,,,,,"a motion signed, 8 months ago",thin (only 1 evidence item on record),1,https://www.abgeordnetenwatch.de/profile/johannes-volkmann-0,2026-01-28 ANTRAG: Kassenzulassung des nicht-invasiven Pränataltests - Monitoring der Konsequenzen und Einrichtung eines Gremiums (Drucksache 21/3873) [+: Re-tabled cross-party NIPT motion (Rüffer/Brand et al.): monitoring and an expert body against de facto screening.],CDU/CSU,171 - Lahn-Dill
"Johannes Wiegelmann (CDU/CSU, 174 - Main-Kinzig – Wetterau II – Schotten)",,1,,,,,"a motion signed, 8 months ago",thin (only 1 evidence item on record),1,https://www.abgeordnetenwatch.de/profile/johannes-wiegelmann,2026-01-28 ANTRAG: Kassenzulassung des nicht-invasiven Pränataltests - Monitoring der Konsequenzen und Einrichtung eines Gremiums (Drucksache 21/3873) [+: Re-tabled cross-party NIPT motion (Rüffer/Brand et al.): monitoring and an expert body against de facto screening.],CDU/CSU,174 - Main-Kinzig – Wetterau II – Schotten
"Julia Schneider (BÜNDNIS 90/DIE GRÜNEN, 75 - Berlin-Pankow)",,1,,,,,"a motion signed, 8 months ago",thin (only 1 evidence item on record),1,https://www.abgeordnetenwatch.de/profile/julia-schneider,2026-01-28 ANTRAG: Kassenzulassung des nicht-invasiven Pränataltests - Monitoring der Konsequenzen und Einrichtung eines Gremiums (Drucksache 21/3873) [+: Re-tabled cross-party NIPT motion (Rüffer/Brand et al.): monitoring and an expert body against de facto screening.],BÜNDNIS 90/DIE GRÜNEN,75 - Berlin-Pankow
"Karoline Otte (BÜNDNIS 90/DIE GRÜNEN, Landesliste Niedersachsen)",,1,,,,,"a motion signed, 3 years ago",thin (only 1 evidence item on record),1,https://www.abgeordnetenwatch.de/profile/karoline-otte,"2024-02-28 ANTRAG: Kassenzulassung des nichtinvasiven Pränataltests - Monitoring der Konsequenzen und Einrichtung eines Gremiums (Drucksache 20/10515) [+: Cross-party group motion (Rüffer/Hüppe/Pilsinger et al.): monitor NIPT reimbursement and set up an ethics body against de facto trisomy screening; monitoring, not restriction.]",BÜNDNIS 90/DIE GRÜNEN,Landesliste Niedersachsen
"Kathrin Michel (SPD, Landesliste Sachsen)",,1,,,,,"a motion signed, 8 months ago",thin (only 1 evidence item on record),1,https://www.abgeordnetenwatch.de/profile/kathrin-michel,2026-01-28 ANTRAG: Kassenzulassung des nicht-invasiven Pränataltests - Monitoring der Konsequenzen und Einrichtung eines Gremiums (Drucksache 21/3873) [+: Re-tabled cross-party NIPT motion (Rüffer/Brand et al.): monitoring and an expert body against de facto screening.],SPD,Landesliste Sachsen
"Knut Abraham (CDU/CSU, Landesliste Brandenburg)",,1,,,,,"a motion signed, 8 months ago",thin (only 1 evidence item on record),1,https://www.abgeordnetenwatch.de/profile/knut-abraham,2026-01-28 ANTRAG: Kassenzulassung des nicht-invasiven Pränataltests - Monitoring der Konsequenzen und Einrichtung eines Gremiums (Drucksache 21/3873) [+: Re-tabled cross-party NIPT motion (Rüffer/Brand et al.): monitoring and an expert body against de facto screening.],CDU/CSU,Landesliste Brandenburg
"Lars Ehm (CDU/CSU, 121 - Recklinghausen II)",,1,,,,,"a motion signed, 8 months ago",thin (only 1 evidence item on record),1,https://www.abgeordnetenwatch.de/profile/lars-ehm,2026-01-28 ANTRAG: Kassenzulassung des nicht-invasiven Pränataltests - Monitoring der Konsequenzen und Einrichtung eines Gremiums (Drucksache 21/3873) [+: Re-tabled cross-party NIPT motion (Rüffer/Brand et al.): monitoring and an expert body against de facto screening.],CDU/CSU,121 - Recklinghausen II
"Leon Eckert (BÜNDNIS 90/DIE GRÜNEN, Landesliste Bayern)",,1,,,,,"a motion signed, 3 years ago",thin (only 1 evidence item on record),1,https://www.abgeordnetenwatch.de/profile/leon-eckert,"2024-02-28 ANTRAG: Kassenzulassung des nichtinvasiven Pränataltests - Monitoring der Konsequenzen und Einrichtung eines Gremiums (Drucksache 20/10515) [+: Cross-party group motion (Rüffer/Hüppe/Pilsinger et al.): monitor NIPT reimbursement and set up an ethics body against de facto trisomy screening; monitoring, not restriction.]",BÜNDNIS 90/DIE GRÜNEN,Landesliste Bayern
Lukas Rehm (AfD),,1,,,,,"a question, 12 months ago",thin (only 1 evidence item on record),1,https://www.abgeordnetenwatch.de/profile/lukas-rehm,"2025-09-29 KLEINE ANFRAGE: Umgang der Bundesregierung mit dem Abschlussbericht der Kommission zur reproduktiven Selbstbestimmung und Fortpflanzungs (Drucksache 21/1874) [+: AfD inquiry probing whether the government will implement the commission's call to legalise altruistic surrogacy/egg donation, stressing human dignity and child protection.]",AfD,
"Mahmut Özdemir (SPD, 115 - Duisburg II)",,1,,,,,"a motion signed, 3 years ago",thin (only 1 evidence item on record),1,https://www.abgeordnetenwatch.de/profile/mahmut-oezdemir,"2024-02-28 ANTRAG: Kassenzulassung des nichtinvasiven Pränataltests - Monitoring der Konsequenzen und Einrichtung eines Gremiums (Drucksache 20/10515) [+: Cross-party group motion (Rüffer/Hüppe/Pilsinger et al.): monitor NIPT reimbursement and set up an ethics body against de facto trisomy screening; monitoring, not restriction.]",SPD,115 - Duisburg II
"Marc Biadacz (CDU/CSU, 260 - Böblingen)",,1,,,,,"a motion signed, 8 months ago",thin (only 1 evidence item on record),1,https://www.abgeordnetenwatch.de/profile/marc-biadacz,2026-01-28 ANTRAG: Kassenzulassung des nicht-invasiven Pränataltests - Monitoring der Konsequenzen und Einrichtung eines Gremiums (Drucksache 21/3873) [+: Re-tabled cross-party NIPT motion (Rüffer/Brand et al.): monitoring and an expert body against de facto screening.],CDU/CSU,260 - Böblingen
"Mareike Lotte Wulf (CDU/CSU, Landesliste Niedersachsen)",,1,,,,,"a motion signed, 3 years ago",thin (only 1 evidence item on record),1,https://www.abgeordnetenwatch.de/profile/mareike-lotte-wulf,"2024-02-28 ANTRAG: Kassenzulassung des nichtinvasiven Pränataltests - Monitoring der Konsequenzen und Einrichtung eines Gremiums (Drucksache 20/10515) [+: Cross-party group motion (Rüffer/Hüppe/Pilsinger et al.): monitor NIPT reimbursement and set up an ethics body against de facto trisomy screening; monitoring, not restriction.]",CDU/CSU,Landesliste Niedersachsen
"Marlon Bröhr (CDU/CSU, 199 - Mosel/Rhein-Hunsrück)",,1,,,,,"a motion signed, 3 years ago",thin (only 1 evidence item on record),1,https://www.abgeordnetenwatch.de/profile/marlon-broehr,"2024-02-28 ANTRAG: Kassenzulassung des nichtinvasiven Pränataltests - Monitoring der Konsequenzen und Einrichtung eines Gremiums (Drucksache 20/10515) [+: Cross-party group motion (Rüffer/Hüppe/Pilsinger et al.): monitor NIPT reimbursement and set up an ethics body against de facto trisomy screening; monitoring, not restriction.]",CDU/CSU,199 - Mosel/Rhein-Hunsrück
"Martina Kempf (AfD, Landesliste Baden-Württemberg)",,1,,,,,"a question, 12 months ago",thin (only 1 evidence item on record),1,https://www.abgeordnetenwatch.de/profile/martina-kempf,"2025-09-29 KLEINE ANFRAGE: Umgang der Bundesregierung mit dem Abschlussbericht der Kommission zur reproduktiven Selbstbestimmung und Fortpflanzungs (Drucksache 21/1874) [+: AfD inquiry probing whether the government will implement the commission's call to legalise altruistic surrogacy/egg donation, stressing human dignity and child protection.]",AfD,Landesliste Baden-Württemberg
"Matthias Hauer (CDU/CSU, 119 - Essen III)",,1,,,,,"a motion signed, 3 years ago",thin (only 1 evidence item on record),1,https://www.abgeordnetenwatch.de/profile/matthias-hauer,"2024-02-28 ANTRAG: Kassenzulassung des nichtinvasiven Pränataltests - Monitoring der Konsequenzen und Einrichtung eines Gremiums (Drucksache 20/10515) [+: Cross-party group motion (Rüffer/Hüppe/Pilsinger et al.): monitor NIPT reimbursement and set up an ethics body against de facto trisomy screening; monitoring, not restriction.]",CDU/CSU,119 - Essen III
"Max Lucks (BÜNDNIS 90/DIE GRÜNEN, Landesliste Nordrhein-Westfalen)",,1,,,,,"a motion signed, 8 months ago",thin (only 1 evidence item on record),1,https://www.abgeordnetenwatch.de/profile/max-lucks,2026-01-28 ANTRAG: Kassenzulassung des nicht-invasiven Pränataltests - Monitoring der Konsequenzen und Einrichtung eines Gremiums (Drucksache 21/3873) [+: Re-tabled cross-party NIPT motion (Rüffer/Brand et al.): monitoring and an expert body against de facto screening.],BÜNDNIS 90/DIE GRÜNEN,Landesliste Nordrhein-Westfalen
"Michael Kaufmann (AfD, 194 - Saalfeld-Rudolstadt – Saale-Holzland-Kreis – Saale-Orla-Kreis)",,1,,,,,"a question, 4 years ago",thin (only 1 evidence item on record),1,https://www.abgeordnetenwatch.de/profile/michael-kaufmann,2023-03-30 KLEINE ANFRAGE: Keimbahneingriffe am Menschen (Drucksache 20/6257) [+: AfD inquiry pressing for Embryo Protection Act gaps to be closed to prevent germline interventions and for an international moratorium.],AfD,194 - Saalfeld-Rudolstadt – Saale-Holzland-Kreis – Saale-Orla-Kreis
"Michael Kellner (BÜNDNIS 90/DIE GRÜNEN, Landesliste Brandenburg)",,1,,,,,"a motion signed, 8 months ago",thin (only 1 evidence item on record),1,https://www.abgeordnetenwatch.de/profile/michael-kellner,2026-01-28 ANTRAG: Kassenzulassung des nicht-invasiven Pränataltests - Monitoring der Konsequenzen und Einrichtung eines Gremiums (Drucksache 21/3873) [+: Re-tabled cross-party NIPT motion (Rüffer/Brand et al.): monitoring and an expert body against de facto screening.],BÜNDNIS 90/DIE GRÜNEN,Landesliste Brandenburg
"Michael Kießling (CDU/CSU, 223 - Starnberg – Landsberg am Lech)",,1,,,,,"a motion signed, 3 years ago",thin (only 1 evidence item on record),1,https://www.abgeordnetenwatch.de/profile/michael-kiessling,"2024-02-28 ANTRAG: Kassenzulassung des nichtinvasiven Pränataltests - Monitoring der Konsequenzen und Einrichtung eines Gremiums (Drucksache 20/10515) [+: Cross-party group motion (Rüffer/Hüppe/Pilsinger et al.): monitor NIPT reimbursement and set up an ethics body against de facto trisomy screening; monitoring, not restriction.]",CDU/CSU,223 - Starnberg – Landsberg am Lech
"Nadine Heselhaus (SPD, Landesliste Nordrhein-Westfalen)",,1,,,,,"a motion signed, 8 months ago",thin (only 1 evidence item on record),1,https://www.abgeordnetenwatch.de/profile/nadine-heselhaus,2026-01-28 ANTRAG: Kassenzulassung des nicht-invasiven Pränataltests - Monitoring der Konsequenzen und Einrichtung eines Gremiums (Drucksache 21/3873) [+: Re-tabled cross-party NIPT motion (Rüffer/Brand et al.): monitoring and an expert body against de facto screening.],SPD,Landesliste Nordrhein-Westfalen
"Natalie Pawlik (SPD, Landesliste Hessen)",,1,,,,,"a motion signed, 8 months ago",thin (only 1 evidence item on record),1,https://www.abgeordnetenwatch.de/profile/natalie-pawlik,2026-01-28 ANTRAG: Kassenzulassung des nicht-invasiven Pränataltests - Monitoring der Konsequenzen und Einrichtung eines Gremiums (Drucksache 21/3873) [+: Re-tabled cross-party NIPT motion (Rüffer/Brand et al.): monitoring and an expert body against de facto screening.],SPD,Landesliste Hessen
"Nora Seitz (CDU/CSU, Landesliste Sachsen)",,1,,,,,"a motion signed, 8 months ago",thin (only 1 evidence item on record),1,https://www.abgeordnetenwatch.de/profile/nora-seitz,2026-01-28 ANTRAG: Kassenzulassung des nicht-invasiven Pränataltests - Monitoring der Konsequenzen und Einrichtung eines Gremiums (Drucksache 21/3873) [+: Re-tabled cross-party NIPT motion (Rüffer/Brand et al.): monitoring and an expert body against de facto screening.],CDU/CSU,Landesliste Sachsen
"Oliver Vogt (CDU/CSU, 133 - Minden-Lübbecke I)",,1,,,,,"a motion signed, 3 years ago",thin (only 1 evidence item on record),1,https://www.abgeordnetenwatch.de/profile/oliver-vogt,"2024-02-28 ANTRAG: Kassenzulassung des nichtinvasiven Pränataltests - Monitoring der Konsequenzen und Einrichtung eines Gremiums (Drucksache 20/10515) [+: Cross-party group motion (Rüffer/Hüppe/Pilsinger et al.): monitor NIPT reimbursement and set up an ethics body against de facto trisomy screening; monitoring, not restriction.]",CDU/CSU,133 - Minden-Lübbecke I
"Ophelia Nick (BÜNDNIS 90/DIE GRÜNEN, Landesliste Nordrhein-Westfalen)",,1,,,,,"a motion signed, 3 years ago",thin (only 1 evidence item on record),1,https://www.abgeordnetenwatch.de/profile/ophelia-nick,"2024-02-28 ANTRAG: Kassenzulassung des nichtinvasiven Pränataltests - Monitoring der Konsequenzen und Einrichtung eines Gremiums (Drucksache 20/10515) [+: Cross-party group motion (Rüffer/Hüppe/Pilsinger et al.): monitor NIPT reimbursement and set up an ethics body against de facto trisomy screening; monitoring, not restriction.]",BÜNDNIS 90/DIE GRÜNEN,Landesliste Nordrhein-Westfalen
"Parsa Marvi (SPD, Landesliste Baden-Württemberg)",,1,,,,,"a motion signed, 8 months ago",thin (only 1 evidence item on record),1,https://www.abgeordnetenwatch.de/profile/parsa-marvi,2026-01-28 ANTRAG: Kassenzulassung des nicht-invasiven Pränataltests - Monitoring der Konsequenzen und Einrichtung eines Gremiums (Drucksache 21/3873) [+: Re-tabled cross-party NIPT motion (Rüffer/Brand et al.): monitoring and an expert body against de facto screening.],SPD,Landesliste Baden-Württemberg
"Pascal Reddig (CDU/CSU, 179 - Hanau)",,1,,,,,"a motion signed, 8 months ago",thin (only 1 evidence item on record),1,https://www.abgeordnetenwatch.de/profile/pascal-reddig,2026-01-28 ANTRAG: Kassenzulassung des nicht-invasiven Pränataltests - Monitoring der Konsequenzen und Einrichtung eines Gremiums (Drucksache 21/3873) [+: Re-tabled cross-party NIPT motion (Rüffer/Brand et al.): monitoring and an expert body against de facto screening.],CDU/CSU,179 - Hanau
"Ralph Edelhäußer (CDU/CSU, 245 - Roth)",,1,,,,,"a motion signed, 3 years ago",thin (only 1 evidence item on record),1,https://www.abgeordnetenwatch.de/profile/ralph-edelhaeusser,"2024-02-28 ANTRAG: Kassenzulassung des nichtinvasiven Pränataltests - Monitoring der Konsequenzen und Einrichtung eines Gremiums (Drucksache 20/10515) [+: Cross-party group motion (Rüffer/Hüppe/Pilsinger et al.): monitor NIPT reimbursement and set up an ethics body against de facto trisomy screening; monitoring, not restriction.]",CDU/CSU,245 - Roth
"Sandra Carstensen (CDU/CSU, 6 - Plön – Neumünster)",,1,,,,,"a motion signed, 8 months ago",thin (only 1 evidence item on record),1,https://www.abgeordnetenwatch.de/profile/sandra-carstensen,2026-01-28 ANTRAG: Kassenzulassung des nicht-invasiven Pränataltests - Monitoring der Konsequenzen und Einrichtung eines Gremiums (Drucksache 21/3873) [+: Re-tabled cross-party NIPT motion (Rüffer/Brand et al.): monitoring and an expert body against de facto screening.],CDU/CSU,6 - Plön – Neumünster
"Sascha Wagner (Die Linke, Landesliste Nordrhein-Westfalen)",,1,,,,,"a motion signed, 8 months ago",thin (only 1 evidence item on record),1,https://www.abgeordnetenwatch.de/profile/sascha-wagner-0,2026-01-28 ANTRAG: Kassenzulassung des nicht-invasiven Pränataltests - Monitoring der Konsequenzen und Einrichtung eines Gremiums (Drucksache 21/3873) [+: Re-tabled cross-party NIPT motion (Rüffer/Brand et al.): monitoring and an expert body against de facto screening.],Die Linke,Landesliste Nordrhein-Westfalen
"Sascha van Beek (CDU/CSU, 112 - Wesel I)",,1,,,,,"a motion signed, 8 months ago",thin (only 1 evidence item on record),1,https://www.abgeordnetenwatch.de/profile/sascha-van-beek,2026-01-28 ANTRAG: Kassenzulassung des nicht-invasiven Pränataltests - Monitoring der Konsequenzen und Einrichtung eines Gremiums (Drucksache 21/3873) [+: Re-tabled cross-party NIPT motion (Rüffer/Brand et al.): monitoring and an expert body against de facto screening.],CDU/CSU,112 - Wesel I
"Sebastian Schmidt (CDU/CSU, 9 - Ostholstein – Stormarn-Nord)",,1,,,,,"a motion signed, 8 months ago",thin (only 1 evidence item on record),1,https://www.abgeordnetenwatch.de/profile/sebastian-schmidt-0,2026-01-28 ANTRAG: Kassenzulassung des nicht-invasiven Pränataltests - Monitoring der Konsequenzen und Einrichtung eines Gremiums (Drucksache 21/3873) [+: Re-tabled cross-party NIPT motion (Rüffer/Brand et al.): monitoring and an expert body against de facto screening.],CDU/CSU,9 - Ostholstein – Stormarn-Nord
"Serap Güler (CDU/CSU, Landesliste Nordrhein-Westfalen)",,1,,,,,"a motion signed, 3 years ago",thin (only 1 evidence item on record),1,https://www.abgeordnetenwatch.de/profile/serap-gueler,"2024-02-28 ANTRAG: Kassenzulassung des nichtinvasiven Pränataltests - Monitoring der Konsequenzen und Einrichtung eines Gremiums (Drucksache 20/10515) [+: Cross-party group motion (Rüffer/Hüppe/Pilsinger et al.): monitor NIPT reimbursement and set up an ethics body against de facto trisomy screening; monitoring, not restriction.]",CDU/CSU,Landesliste Nordrhein-Westfalen
"Siegfried Walch (CDU/CSU, 224 - Traunstein)",,1,,,,,"a motion signed, 8 months ago",thin (only 1 evidence item on record),1,https://www.abgeordnetenwatch.de/profile/siegfried-walch,2026-01-28 ANTRAG: Kassenzulassung des nicht-invasiven Pränataltests - Monitoring der Konsequenzen und Einrichtung eines Gremiums (Drucksache 21/3873) [+: Re-tabled cross-party NIPT motion (Rüffer/Brand et al.): monitoring and an expert body against de facto screening.],CDU/CSU,224 - Traunstein
"Simone Borchardt (CDU/CSU, Landesliste Mecklenburg-Vorpommern)",,1,,,,,"a motion signed, 8 months ago",thin (only 1 evidence item on record),1,https://www.abgeordnetenwatch.de/profile/simone-borchardt,2026-01-28 ANTRAG: Kassenzulassung des nicht-invasiven Pränataltests - Monitoring der Konsequenzen und Einrichtung eines Gremiums (Drucksache 21/3873) [+: Re-tabled cross-party NIPT motion (Rüffer/Brand et al.): monitoring and an expert body against de facto screening.],CDU/CSU,Landesliste Mecklenburg-Vorpommern
"Simone Fischer (BÜNDNIS 90/DIE GRÜNEN, 258 - Stuttgart I)",,1,,,,,"a motion signed, 8 months ago",thin (only 1 evidence item on record),1,https://www.abgeordnetenwatch.de/profile/simone-fischer,2026-01-28 ANTRAG: Kassenzulassung des nicht-invasiven Pränataltests - Monitoring der Konsequenzen und Einrichtung eines Gremiums (Drucksache 21/3873) [+: Re-tabled cross-party NIPT motion (Rüffer/Brand et al.): monitoring and an expert body against de facto screening.],BÜNDNIS 90/DIE GRÜNEN,258 - Stuttgart I
"Stefan Nacke (CDU/CSU, Landesliste Nordrhein-Westfalen)",,1,,,,,"a motion signed, 8 months ago",thin (only 1 evidence item on record),1,https://www.abgeordnetenwatch.de/profile/stefan-nacke,2026-01-28 ANTRAG: Kassenzulassung des nicht-invasiven Pränataltests - Monitoring der Konsequenzen und Einrichtung eines Gremiums (Drucksache 21/3873) [+: Re-tabled cross-party NIPT motion (Rüffer/Brand et al.): monitoring and an expert body against de facto screening.],CDU/CSU,Landesliste Nordrhein-Westfalen
"Stefan Schmidt (BÜNDNIS 90/DIE GRÜNEN, Landesliste Bayern)",,1,,,,,"a motion signed, 8 months ago",thin (only 1 evidence item on record),1,https://www.abgeordnetenwatch.de/profile/stefan-schmidt,2026-01-28 ANTRAG: Kassenzulassung des nicht-invasiven Pränataltests - Monitoring der Konsequenzen und Einrichtung eines Gremiums (Drucksache 21/3873) [+: Re-tabled cross-party NIPT motion (Rüffer/Brand et al.): monitoring and an expert body against de facto screening.],BÜNDNIS 90/DIE GRÜNEN,Landesliste Bayern
"Swantje Michaelsen (BÜNDNIS 90/DIE GRÜNEN, Landesliste Niedersachsen)",,1,,,,,"a motion signed, 8 months ago",thin (only 1 evidence item on record),1,https://www.abgeordnetenwatch.de/profile/swantje-michaelsen,2026-01-28 ANTRAG: Kassenzulassung des nicht-invasiven Pränataltests - Monitoring der Konsequenzen und Einrichtung eines Gremiums (Drucksache 21/3873) [+: Re-tabled cross-party NIPT motion (Rüffer/Brand et al.): monitoring and an expert body against de facto screening.],BÜNDNIS 90/DIE GRÜNEN,Landesliste Niedersachsen
"Sylvia Rietenberg (BÜNDNIS 90/DIE GRÜNEN, 128 - Münster)",,1,,,,,"a motion signed, 8 months ago",thin (only 1 evidence item on record),1,https://www.abgeordnetenwatch.de/profile/sylvia-rietenberg,2026-01-28 ANTRAG: Kassenzulassung des nicht-invasiven Pränataltests - Monitoring der Konsequenzen und Einrichtung eines Gremiums (Drucksache 21/3873) [+: Re-tabled cross-party NIPT motion (Rüffer/Brand et al.): monitoring and an expert body against de facto screening.],BÜNDNIS 90/DIE GRÜNEN,128 - Münster
"Tobias Winkler (CDU/CSU, 242 - Fürth)",,1,,,,,"a motion signed, 8 months ago",thin (only 1 evidence item on record),1,https://www.abgeordnetenwatch.de/profile/tobias-winkler,2026-01-28 ANTRAG: Kassenzulassung des nicht-invasiven Pränataltests - Monitoring der Konsequenzen und Einrichtung eines Gremiums (Drucksache 21/3873) [+: Re-tabled cross-party NIPT motion (Rüffer/Brand et al.): monitoring and an expert body against de facto screening.],CDU/CSU,242 - Fürth
"Wiebke Esdar (SPD, 131 - Bielefeld – Gütersloh II)",,1,,,,,"a motion signed, 8 months ago",thin (only 1 evidence item on record),1,https://www.abgeordnetenwatch.de/profile/wiebke-esdar,2026-01-28 ANTRAG: Kassenzulassung des nicht-invasiven Pränataltests - Monitoring der Konsequenzen und Einrichtung eines Gremiums (Drucksache 21/3873) [+: Re-tabled cross-party NIPT motion (Rüffer/Brand et al.): monitoring and an expert body against de facto screening.],SPD,131 - Bielefeld – Gütersloh II
Zada Salihović (Die Linke),,1,,,,,"a motion signed, 8 months ago",thin (only 1 evidence item on record),1,https://www.abgeordnetenwatch.de/profile/zada-salihovic,2026-01-28 ANTRAG: Kassenzulassung des nicht-invasiven Pränataltests - Monitoring der Konsequenzen und Einrichtung eines Gremiums (Drucksache 21/3873) [+: Re-tabled cross-party NIPT motion (Rüffer/Brand et al.): monitoring and an expert body against de facto screening.],Die Linke,
"Stephan Brandner (AfD, 193 - Gera – Greiz – Altenburger Land)",,,1,,,,"a speech, 20 months ago","neutral (spoke, no stance)",2,https://www.abgeordnetenwatch.de/profile/stephan-brandner,"2025-01-29 DEBATE: Rede ""Frau Präsidentin! Herr Brandner, ich nehme Ihnen bei der Frage nicht ab, dass Sie wirklich Interesse daran haben, von mir zu hören, wie wir zum Beispiel das Abstammungsrecht ändern oder andere rechtliche Vorgaben verände..."" [0: Off-topic banter about international rainbow ranking, not addressing surrogacy directly.] | 2023-03-01 DEBATE: Rede ""In Deutschland ist es leider so, dass, wenn ein Kind in eine Ehe mit zwei Frauen hineingeboren wird, es rechtlich nur einen Elternteil hat – übrigens auch dann, wenn der Samenspender bei einer Samenbank gespendet hat und..."" [0: Discusses sperm donor parentage law, tangential to surrogacy and no clear directional stance given.]",AfD,193 - Gera – Greiz – Altenburger Land
"Aaron Valent (Die Linke, Landesliste Bayern)",,,1,,,,"a speech, 7 months ago","neutral (spoke, no stance)",1,https://www.abgeordnetenwatch.de/profile/aaron-valent,"2026-02-26 DEBATE: Rede ""Wieso ist diese Forderung nicht Teil des Gesetzentwurfs? Weil der Entwurf lückenhaft ist und weil er die Interessen des leiblichen Vaters vor die von Mutter und Kind stellt. Vor allem ist er aber eines: eine verpasste Ch..."" [0: Discusses paternity dispute law reform, no direct surrogacy content.]",Die Linke,Landesliste Bayern
"Artur Auernhammer (CDU/CSU, 240 - Ansbach)",,,1,,,,"a speech, 11 years ago","neutral (spoke, no stance)",1,https://www.abgeordnetenwatch.de/profile/artur-auernhammer,"2015-05-08 DEBATE: Rede ""Wir fordern deshalb ein klares Verbot des Klonens von Tieren zur Nahrungsmittelproduktion. Wenn wir die Nahrungsmittelproduktion bei uns im Land ernst nehmen und wertschätzen, kann es nur dieses Verbot geben...."" [0: Calls for EU-wide ban on animal cloning for food, no surrogacy relevance.]",CDU/CSU,240 - Ansbach
"Carsten Müller (CDU/CSU, Landesliste Niedersachsen)",,,1,,,,"a speech, 7 months ago","neutral (spoke, no stance)",1,https://www.abgeordnetenwatch.de/profile/carsten-mueller,"2026-02-26 DEBATE: Rede ""Frau Präsidentin! Meine sehr geehrten Damen und Herren! Die beiden unmittelbar vorangehenden Redebeiträge haben eines gezeigt: Es liegt offensichtlich in Teilen der Opposition wenigstens eine gewisse Verwechslung des Suj..."" [0: Procedural clarification on custody law balancing biological father and child welfare, no clear direction.]",CDU/CSU,Landesliste Niedersachsen
"Hakan Demir (SPD, Landesliste Berlin)",,,1,,,,"a speech, 7 months ago","neutral (spoke, no stance)",1,https://www.abgeordnetenwatch.de/profile/hakan-demir,"2026-02-26 DEBATE: Rede ""Wichtig zu betonen ist auch, dass wir uns im Ausschuss darauf verständigen konnten, die Thematik bei privaten Samenspendern weiter zu beraten. Denn: Private Samenspender können – anders als solche über Samendatenbanken –..."" [0: Neutral technical explanation of paternity/sperm donor law reform.]",SPD,Landesliste Berlin
"Silvia Breher (CDU/CSU, 32 - Cloppenburg – Vechta)",,,1,,,,"a speech, 6 years ago","neutral (spoke, no stance)",1,https://www.abgeordnetenwatch.de/profile/silvia-breher,"2020-05-28 DEBATE: Rede ""Diese Diskussion gehört ins Abstammungsrecht, und wir werden diese Diskussion im Rechtsausschuss weiterführen und dort intensiv diskutieren...."" [0: Procedural comment deferring lesbian-couple adoption issue to separate Abstammungsrecht debate.]",CDU/CSU,32 - Cloppenburg – Vechta
"Sebastian Maack (AfD, Landesliste Berlin)",,,,1,,,"a speech, 3 months ago",conflicting (2 items point the other way),4,https://www.abgeordnetenwatch.de/profile/sebastian-maack,"2026-06-26 DEBATE: Rede ""Hohes Präsidium, vielen Dank für erhaltenes Wort. – Liebe Kollegin Hierl, vielen Dank, dass Sie die Zwischenfrage zulassen. Sie haben gerade in Ihrer Rede von einer „missbräuchlichen Leihmutterschaft“ gesprochen. Das imp..."" [-: Questions whether a legitimate, non-abusive form of surrogacy could exist, softening opposition to surrogacy.] | 2026-05-07 DEBATE: Rede ""Und wenn man wissen will, wer den Körper kontrollieren will, muss man sich einfach einmal Ihre Position zur Leihmutterschaft anschauen; ich glaube, dann ergibt sich ein anderes Bild. Wir sehen also: Wer sich so äußert, h..."" [++: Criticises surrogacy support of opponents, frames demographic decline as crisis, implicitly pro-family and anti-surrogacy.] | 2025-12-08 KLEINE ANFRAGE: Möglichkeiten und Grenzen der Reproduktionsmedizin (Drucksache 21/3164) [never places: AfD inquiry on the scope of reproductive medicine; broadly pro-IVF (asks about widening funded eligibility, links AI embryo selection) but no clear side on embryo destruction or surrogacy.] | 2025-09-29 KLEINE ANFRAGE: Umgang der Bundesregierung mit dem Abschlussbericht der Kommission zur reproduktiven Selbstbestimmung und Fortpflanzungs (Drucksache 21/1874) [+: AfD inquiry probing whether the government will implement the commission's call to legalise altruistic surrogacy/egg donation, stressing human dignity and child protection.]",AfD,Landesliste Berlin
"Aydan Özoğuz (SPD, 22 - Hamburg-Wandsbek)",,,,1,,,"a speech, 15 years ago",conflicting (2 items point the other way),3,https://www.abgeordnetenwatch.de/profile/aydan-oezoguz,"2026-01-28 ANTRAG: Kassenzulassung des nicht-invasiven Pränataltests - Monitoring der Konsequenzen und Einrichtung eines Gremiums (Drucksache 21/3873) [+: Re-tabled cross-party NIPT motion (Rüffer/Brand et al.): monitoring and an expert body against de facto screening.] | 2011-11-10 DEBATE: Rede ""Abstammungsrecht abschaffen wollen, muss Ihrer..."" [-: Advocates easing naturalisation and shorter residency requirements, loosening migration controls.] | 2011-07-07 VOTE (Bundestag): Voted Nein: Eingeschränkte Zulassung der Präimplantationsdiagnostik [++: Voted against permitting embryo selection by PGD.]",SPD,22 - Hamburg-Wandsbek
"Carmen Wegge (SPD, Landesliste Bayern)",,,,1,,,"a speech, 15 months ago",thin (only 1 evidence item on record),2,https://www.abgeordnetenwatch.de/profile/carmen-wegge,"2026-06-12 DEBATE: Rede ""Das Gesetz soll genau dort greifen, wo Vaterschaft als aufenthaltsrechtliches Instrument eingesetzt wird, nicht mehr und nicht weniger. Daran muss es sich auch messen lassen...."" [0: Procedural explanation of residence law amendments on paternity fraud, no clear direction.] | 2025-06-26 DEBATE: Rede ""Wir werden uns für eine Reform des Abstammungsrechts einsetzen und auch für eine Reform des Artikel 3 des Grundgesetzes...."" [-: Calls for reform of parentage law (Abstammungsrecht), which could ease surrogacy-related legal recognition.]",SPD,Landesliste Bayern
"Denise Loop (BÜNDNIS 90/DIE GRÜNEN, Landesliste Schleswig-Holstein)",,,,1,,,"a speech, 3 years ago",thin (only 1 evidence item on record),2,https://www.abgeordnetenwatch.de/profile/denise-loop,"2025-11-18 KLEINE ANFRAGE: Umsetzung der EU-Menschenhandelsrichtlinie (2024/1712) (Drucksache 21/2849) [never places: Green inquiry on implementing the EU trafficking directive (incl. surrogacy exploitation); information on implementation, not surrogacy itself.] | 2024-03-15 DEBATE: Rede ""Wir sorgen endlich für eine rechtliche Gleichstellung von lesbischen Eltern durch ein reformiertes Abstammungsrecht...."" [-: Criticises anti-gender-ideology backlash and pushes reformed parentage law for lesbian parents, against sex-based framing.]",BÜNDNIS 90/DIE GRÜNEN,Landesliste Schleswig-Holstein
"Maik Brückner (Die Linke, Landesliste Niedersachsen)",,,,1,,,"a speech, 5 months ago",thin (only 1 evidence item on record),2,https://www.abgeordnetenwatch.de/profile/maik-brueckner,"2026-05-07 DEBATE: Rede ""Es gibt Menschen in Deutschland, die Kinder wollen, denen Sie das aber nicht ermöglichen wollen. Wir wollen auch queere Paare und Alleinstehende bei der Kinderwunschbehandlung unterstützen. Wir wollen das Abstammungsrech..."" [-: Supports fertility treatment access for queer and single people, opposes AfD's traditional-family stance.] | 2025-11-12 DEBATE: Rede ""Welche konkreten Maßnahmen zur Reform des Abstammungsrechts ergreift die Bundesregierung, nachdem die Bundesministerin der Justiz und für Verbraucherschutz, Dr. Stefanie Hubig, im Juli 2025 erklärt hat, sie wolle den Ado..."" [0: Factual written question on adoption law reform for lesbian mothers, no clear surrogacy stance.]",Die Linke,Landesliste Niedersachsen
"Mandy Eißing (Die Linke, Landesliste Thüringen)",,,,1,,,"a speech, 12 months ago",thin (only 1 evidence item on record),1,https://www.abgeordnetenwatch.de/profile/mandy-eissing,"2025-10-09 DEBATE: Rede ""Wir wollen eine Reform beim Unterhaltsvorschuss und auch, dass Alleinerziehende wirklich abgesichert werden. Arbeitgeber müssen verpflichtet werden, Vereinbarkeit ernst zu nehmen. Wir wollen ein Elterngeld, das automatis..."" [-: Linke MP frames traditional family push as control over women, defending diverse family forms instead.]",Die Linke,Landesliste Thüringen
"Ulle Schauws (BÜNDNIS 90/DIE GRÜNEN, Landesliste Nordrhein-Westfalen)",,,,,1,,"a speech, 15 months ago",consistent (8 items),10,https://www.abgeordnetenwatch.de/profile/ulle-schauws,"2026-02-26 DEBATE: Rede ""Unser Entschließungsantrag sieht eine gesetzliche Regelung vor, die dem Urteil des Bundesverfassungsgerichts, dem Kindeswohl und einer gerechten Reform des Abstammungsrechts entspricht, und dem können Sie heute zustimmen..."" [0: Focuses on parentage/custody law reform for rainbow families, not clearly on surrogacy.] | 2025-06-26 DEBATE: Rede ""Ein zweiter Punkt – und das muss ich Herrn Moser jetzt noch einmal sagen –: Wenn Sie hier von Symbolpolitik sprechen, dann bitte ich Sie, zur Kenntnis zu nehmen, was jeden Tag hier passiert und sich im Abstammungsrecht t..."" [-: Pushes for parentage law reform recognising diverse sexual identities, favouring surrogacy-adjacent legal change.] | 2025-01-29 DEBATE: Rede ""Können Sie noch mal sagen, was bei dem Abstammungsrecht zur Verbesserung beitragen könnte und wie wir das lösen können, Frau Deligöz?..."" [-: Pushes for legal reform granting two legal parents to lesbian couples' children, expanding non-traditional parentage law.] | 2023-04-26 DEBATE: Rede ""Vielen Dank, Frau Präsidentin. – Ich habe zu der erweiterten Frage zum Abstammungsrecht noch eine Nachfrage an Sie, Herr Minister. Sie haben gerade ausgeführt, dass es ein großes Paket zur Gleichstellung, auch von lesbis..."" [-: Pushes to extend legal parenthood equally to lesbian couples, reforming traditional family/parentage law.] | 2023-03-17 DEBATE: Rede ""Wir wollen die Selbstbestimmung von Frauen in allen Lebensbereichen stärken. Dazu gehört, über den eigenen Körper, die eigene Reproduktion selbst zu entscheiden. Aber nach wie vor werden Frauen bei einer ungewollten Schw..."" [--: Explicitly frames §218 as denying women self-determination over pregnancy, clear pro-choice advocacy.] | 2023-01-26 DEBATE: Rede ""Aber unabhängig von der damaligen staatlichen Verfolgung erleben wir bis heute die Kontinuitäten, die eine queerfeindliche Haltung in Gesellschaft und Politik hinterlassen haben. Bis heute wird zwei Müttern die rechtlich..."" [0: Discusses parental recognition for lesbian couples historically; no clear stance on youth medicine, spaces, speech or surrogacy.] | 2022-01-13 DEBATE: Rede ""Mir liegt am Herzen, dass wir den Gewaltschutz für Frauen echt verbessern, Frauenhäuser endlich mit aus dem Bund finanzieren und die vorbehaltlose Umsetzung der Istanbul-Konvention voranbringen. Ein Selbstbestimmungsgese..."" [--: Champions self-ID 'Selbstbestimmungsgesetz' and broad family/queer redefinition, opposing traditional single-sex and family norms.] | 2020-05-28 DEBATE: Rede ""Ich sage Ihnen: Wir sind viel von Ihnen gewöhnt. Aber dass Sie in so einem Maße in Familien eingreifen wie jetzt und das den Regenbogenfamilien aufbürden wollen, damit verlieren Sie, finde ich, an Glaubwürdigkeit. Das is..."" [--: Strongly attacks government for not fully equalising rainbow family adoption rights.]",BÜNDNIS 90/DIE GRÜNEN,Landesliste Nordrhein-Westfalen
"Helge Limburg (BÜNDNIS 90/DIE GRÜNEN, Landesliste Niedersachsen)",,,,,1,,"a speech, 8 months ago",conflicting (2 items point the other way),9,https://www.abgeordnetenwatch.de/profile/helge-limburg,"2026-01-14 DEBATE: Rede ""Der deutsche Gesetzgeber hat sich für ein umfassendes Verbot von Leihmutterschaft entschieden. Nach § 13c des Adoptionsvermittlungsgesetzes (AdVermiG) ist die Ersatzmuttervermittlung untersagt. Wer eine Ersatzmuttervermi..."" [-: Question frames current surrogacy ban as problematic, implying pressure for reform/loosening.] | 2026-01-14 MÜNDLICHE FRAGE: Reformbedarf bei der Rechtslage zur Leihmutterschaft (Drucksache 21/52) [-: Argues the German ban merely displaces surrogacy abroad and asks about reform need; leans to liberalisation.] | 2025-12-17 DEBATE: Rede ""Zur Annäherung kann auf vom Statistischen Bundesamt vorgenommene Schätzungen verwiesen werden, die im Diskussionsentwurf des Bundesministeriums der Justiz zur Reform des Abstammungsrechts aus dem Dezember 2024 zur Ermitt..."" [-: Questions adoption costs for female co-parents, implicitly favouring expanding parenthood recognition beyond traditional marriage.] | 2025-09-18 DEBATE: Rede ""Sie lassen die Kinder dort im Stich, wo es darauf ankommt, weil Sie sich einer Reform des Abstammungsrechts verweigern...."" [+: Opposes blanket telecom surveillance of children, a free-speech/privacy concern; family-law point unrelated to surrogacy.] | 2025-05-16 DEBATE: Rede ""Meine Damen und Herren, der Koalitionsvertrag ist eine Überwachungsorgie, wie sie leider immer ins Haus steht, wenn Union und SPD gemeinsam regieren: Vorratsdatenspeicherung von IP-Adressen und Ausweitung der Telefonüber..."" [+: Criticises coalition's 'surveillance orgy' including data retention and phone tapping expansion.] | 2024-06-07 DEBATE: Rede ""Mir ist an der Stelle wichtig, noch mal klarzustellen: Auch nach der alten Aufhebungslösung war natürlich der absolute Regelfall, dass Ehen von Minderjährigen, die im Ausland geschlossen worden sind, hier nicht anerkannt..."" [0: Critiques previous coalition's child marriage law drafting, procedural not marriage/family advocacy.] | 2023-09-07 DEBATE: Rede ""Meine Damen und Herren, nicht die Streichung von § 219a Strafgesetzbuch war ein Fehler. Nein, es war ein Fehler, dass der Rechtsstaat es jemals unter Strafe gestellt hat, dass Ärztinnen und Ärzte über ihre eigenen Method..."" [--: Calls criminalisation of doctors advertising abortion services 'a mistake', clearly anti-pro-life stance.] | 2022-05-11 DEBATE: Rede ""Wie Sie wissen, hat der Deutsche Bundestag im Jahr 2017 endlich die sogenannte Ehe für alle eingeführt, also die Möglichkeit geschaffen, dass auch gleichgeschlechtliche Paare heiraten. Was damals unterblieben ist, ist, a..."" [-: Advocates extending automatic parentage rights to same-sex couples, challenging traditional marriage-based family law.]",BÜNDNIS 90/DIE GRÜNEN,Landesliste Niedersachsen
"Nyke Slawik (BÜNDNIS 90/DIE GRÜNEN, Landesliste Nordrhein-Westfalen)",,,,,1,,"a speech, 3 months ago",conflicting (2 items point the other way),5,https://www.abgeordnetenwatch.de/profile/nyke-slawik,"2026-06-26 DEBATE: Rede ""Als Grüne haben wir in dieser Wahlperiode drei Debatten zur Queerpolitik aufgesetzt: zwei zum Schutz von CSDs, eine zum Grundgesetz Artikel 3. Aber von Ihnen, rechts im Hause, kommt jede Woche ein neuer Antrag. Sie wolle..."" [--: Advocates expanding queer rights, rainbow families and rewriting parentage law against traditional family model.] | 2026-05-07 DEBATE: Rede ""Aber dieser Staat legt queeren Menschen bei der Familiengründung ständig Steine in den Weg. Letztes Jahr hat der Bundesrat die Bundesregierung aufgefordert: Bitte stellt queere Paare im Abstammungsrecht endlich gleich! B..."" [-: Advocates expanding fertility/family-formation rights to queer couples and singles, against traditional family/marriage framing.] | 2026-01-28 ANTRAG: Kassenzulassung des nicht-invasiven Pränataltests - Monitoring der Konsequenzen und Einrichtung eines Gremiums (Drucksache 21/3873) [+: Re-tabled cross-party NIPT motion (Rüffer/Brand et al.): monitoring and an expert body against de facto screening.] | 2024-06-12 DEBATE: Rede ""Wir haben noch viele weitere Punkte vor uns wie einen Entschädigungsfonds für Transpersonen und die Verbesserung der Gesundheitsversorgung. Deutschland ist kürzlich, nach Beschluss des Selbstbestimmungsgesetzes, endlich ..."" [--: Celebrates self-determination law, seeks compensation fund for trans people and expanded action plan.] | 2024-02-28 ANTRAG: Kassenzulassung des nichtinvasiven Pränataltests - Monitoring der Konsequenzen und Einrichtung eines Gremiums (Drucksache 20/10515) [+: Cross-party group motion (Rüffer/Hüppe/Pilsinger et al.): monitor NIPT reimbursement and set up an ethics body against de facto trisomy screening; monitoring, not restriction.]",BÜNDNIS 90/DIE GRÜNEN,Landesliste Nordrhein-Westfalen
"Gökay Akbulut (Die Linke, Landesliste Baden-Württemberg)",,,,,1,,"a speech, 2 years ago",consistent (3 items),4,https://www.abgeordnetenwatch.de/profile/goekay-akbulut,"2024-06-12 DEBATE: Rede ""Wird die Bundesregierung jetzt, nachdem sie bereits mehrfach sowohl vom UN-Frauenrechtsausschuss (CEDAW) als auch vom Menschenrechtskommissariat der Vereinten Nationen dazu aufgefordert wurde, Schwangerschaftsabbrüche zu..."" [--: Urges government to legalise abortion citing UN bodies, clearly opposing pro-life stance.] | 2020-02-13 DEBATE: Rede ""Zum Abstammungsrecht gibt es sogar progressive Vorschläge des BMJV. Diese sollten jedoch auch umgesetzt werden. Insgesamt ist das Adoptionsrecht auch mit den neuen Änderungen immer noch ehezentriert, und das muss sich gr..."" [-: Advocates expanding parentage recognition for same-sex couples, against traditional marriage-centred family law.] | 2019-05-16 DEBATE: Rede ""Ich weiß ja, Herr Seehofer: Sie schieben gerne ab, besonders an Ihrem Geburtstag. Aber diese Angelegenheit kann man nicht einfach so abschieben. Hier darf sich Deutschland der Verantwortung nicht entziehen. Dieser populi..."" [0: Speech concerns citizenship revocation for IS fighters and migration, not surrogacy.] | 2018-06-14 DEBATE: Rede ""Wir fordern deshalb die Abschaffung des Ehegattensplittings und die rechtliche Gleichstellung der vielfältigen Formen der Lebenspartnerschaften, die nun mal Realität in unserer Gesellschaft sind...."" [--: Explicitly calls for abolishing marriage privileges and equalising all partnership forms.]",Die Linke,Landesliste Baden-Württemberg
"Lisa Paus (BÜNDNIS 90/DIE GRÜNEN, Landesliste Berlin)",,,,,1,,"a speech, 4 years ago",consistent (2 items),4,https://www.abgeordnetenwatch.de/profile/lisa-paus,"2023-06-14 DEBATE: Rede ""Sehr geehrte Abgeordnete, wie Sie wissen, hat die Bundesregierung eben nicht einfach entschieden, einen Gesetzentwurf zur Neuregelung vorzulegen, sondern wir haben dieses Thema, eben auch aufgrund der Geschichte in Deuts..."" [0: Describes ongoing government commission process on abortion law and surrogacy; procedural, no clear stance.] | 2022-09-28 DEBATE: Rede ""Zur Expertenkommission. Wir haben im Koalitionsvertrag die Einsetzung einer solchen Kommission miteinander vereinbart; darauf haben Sie richtigerweise hingewiesen. Wir sind da auch schon sehr, sehr weit. Wir sind uns übe..."" [-: Describes commission work toward removing abortion from criminal code and reviewing surrogacy/egg donation.] | 2022-09-28 DEBATE: Rede ""Herr Brandner, ich habe gerade schon darauf hingewiesen, dass diese Bundesregierung sich darauf verständigt hat, eine Sachverständigenkommission einzuberufen; das wird auch in Kürze erfolgen. Die ist in der Federführung ..."" [0: Neutral explanation of expert commission reviewing abortion law and surrogacy, no personal stance given.] | 2011-07-07 VOTE (Bundestag): Voted Ja: Eingeschränkte Zulassung der Präimplantationsdiagnostik [--: Voted to permit embryo selection by PGD.]",BÜNDNIS 90/DIE GRÜNEN,Landesliste Berlin
"Doris Achelwilm (Die Linke, Landesliste Bremen)",,,,,1,,"a speech, 7 years ago",conflicting (1 item point the other way),3,https://www.abgeordnetenwatch.de/profile/doris-achelwilm,"2026-01-28 ANTRAG: Kassenzulassung des nicht-invasiven Pränataltests - Monitoring der Konsequenzen und Einrichtung eines Gremiums (Drucksache 21/3873) [+: Re-tabled cross-party NIPT motion (Rüffer/Brand et al.): monitoring and an expert body against de facto screening.] | 2020-01-29 DEBATE: Rede ""Liebe Kolleginnen und Kollegen, wenn vielfältige Familienkonstellationen längst gesellschaftliche Realität sind, müssen die Rechte für Familien jenseits traditioneller Normen schneller mitwachsen. Die Ehe für alle ist se..."" [-: Frames traditional family norms as outdated, calling for faster expansion beyond them.] | 2018-11-29 DEBATE: Rede ""In dieser Debatte behandeln wir einen Gesetzentwurf, der rechtliche Ergänzungen oder Anpassungen im Zuge der Eheöffnung vornimmt, es geht also um das Kleingedruckte zur Ehe für alle. Es ist gut, dass wir an dieser Stelle..."" [--: Celebrates marriage equality reforms and criticises past traditional marriage-only laws.]",Die Linke,Landesliste Bremen
"Hubertus Heil (SPD, 45 - Gifhorn – Peine)",,,,,1,,"a vote, 15 years ago",moderate (whipped vote),3,https://www.abgeordnetenwatch.de/profile/hubertus-heil,"2011-07-07 VOTE (Bundestag): Voted Ja: Eingeschränkte Zulassung der Präimplantationsdiagnostik [--: Voted to permit embryo selection by PGD.] | 2011-04-14 DEBATE: Rede ""Zulassung der Präimplantationsdiagnostik genau aus..."" [-: Supports limited PID legalisation as pragmatic response to real-life reproductive dilemmas.] | 2011-04-14 DEBATE: Rede ""Verbot der PID in Deutschland kommt, bitte ich, dass..."" [0: States he voted for the other draft but asks for more discussion before an absolute ban; direction unclear.]",SPD,45 - Gifhorn – Peine
"Kerstin Griese (SPD, Landesliste Nordrhein-Westfalen)",,,,,1,,"a vote, 15 years ago",conflicting (2 items point the other way),3,https://www.abgeordnetenwatch.de/profile/kerstin-griese,"2026-01-28 ANTRAG: Kassenzulassung des nicht-invasiven Pränataltests - Monitoring der Konsequenzen und Einrichtung eines Gremiums (Drucksache 21/3873) [+: Re-tabled cross-party NIPT motion (Rüffer/Brand et al.): monitoring and an expert body against de facto screening.] | 2024-02-28 ANTRAG: Kassenzulassung des nichtinvasiven Pränataltests - Monitoring der Konsequenzen und Einrichtung eines Gremiums (Drucksache 20/10515) [+: Cross-party group motion (Rüffer/Hüppe/Pilsinger et al.): monitor NIPT reimbursement and set up an ethics body against de facto trisomy screening; monitoring, not restriction.] | 2011-07-07 VOTE (Bundestag): Voted Ja: Eingeschränkte Zulassung der Präimplantationsdiagnostik [--: Voted to permit embryo selection by PGD.]",SPD,Landesliste Nordrhein-Westfalen
"Stefan Schwartze (SPD, Landesliste Nordrhein-Westfalen)",,,,,1,,"a vote, 15 years ago",conflicting (2 items point the other way),3,https://www.abgeordnetenwatch.de/profile/stefan-schwartze,"2026-01-28 ANTRAG: Kassenzulassung des nicht-invasiven Pränataltests - Monitoring der Konsequenzen und Einrichtung eines Gremiums (Drucksache 21/3873) [+: Re-tabled cross-party NIPT motion (Rüffer/Brand et al.): monitoring and an expert body against de facto screening.] | 2024-02-28 ANTRAG: Kassenzulassung des nichtinvasiven Pränataltests - Monitoring der Konsequenzen und Einrichtung eines Gremiums (Drucksache 20/10515) [+: Cross-party group motion (Rüffer/Hüppe/Pilsinger et al.): monitor NIPT reimbursement and set up an ethics body against de facto trisomy screening; monitoring, not restriction.] | 2011-07-07 VOTE (Bundestag): Voted Ja: Eingeschränkte Zulassung der Präimplantationsdiagnostik [--: Voted to permit embryo selection by PGD.]",SPD,Landesliste Nordrhein-Westfalen
"Dieter Stier (CDU/CSU, Landesliste Sachsen-Anhalt)",,,,,1,,"a vote, 15 years ago",moderate (whipped vote),2,https://www.abgeordnetenwatch.de/profile/dieter-stier,"2011-07-07 VOTE (Bundestag): Voted Ja: Eingeschränkte Zulassung der Präimplantationsdiagnostik [--: Voted to permit embryo selection by PGD.] | 2011-04-06 DEBATE: Rede ""Meine Damen und Herren, das Klonen zu..."" [0: Animal cloning welfare debate, no surrogacy relevance.]",CDU/CSU,Landesliste Sachsen-Anhalt
"Dietmar Bartsch (Die Linke, Landesliste Mecklenburg-Vorpommern)",,,,,1,,"a vote, 15 years ago",conflicting (1 item point the other way),2,https://www.abgeordnetenwatch.de/profile/dietmar-bartsch,2026-01-28 ANTRAG: Kassenzulassung des nicht-invasiven Pränataltests - Monitoring der Konsequenzen und Einrichtung eines Gremiums (Drucksache 21/3873) [+: Re-tabled cross-party NIPT motion (Rüffer/Brand et al.): monitoring and an expert body against de facto screening.] | 2011-07-07 VOTE (Bundestag): Voted Ja: Eingeschränkte Zulassung der Präimplantationsdiagnostik [--: Voted to permit embryo selection by PGD.],Die Linke,Landesliste Mecklenburg-Vorpommern
"Jürgen Hardt (CDU/CSU, 102 - Solingen – Remscheid – Wuppertal II)",,,,,1,,"a vote, 15 years ago",conflicting (1 item point the other way),2,https://www.abgeordnetenwatch.de/profile/juergen-hardt,"2024-02-28 ANTRAG: Kassenzulassung des nichtinvasiven Pränataltests - Monitoring der Konsequenzen und Einrichtung eines Gremiums (Drucksache 20/10515) [+: Cross-party group motion (Rüffer/Hüppe/Pilsinger et al.): monitor NIPT reimbursement and set up an ethics body against de facto trisomy screening; monitoring, not restriction.] | 2011-07-07 VOTE (Bundestag): Voted Ja: Eingeschränkte Zulassung der Präimplantationsdiagnostik [--: Voted to permit embryo selection by PGD.]",CDU/CSU,102 - Solingen – Remscheid – Wuppertal II
"Karl Lauterbach (SPD, 100 - Leverkusen – Köln IV)",,,,,1,,"a vote, 15 years ago",conflicting (1 item point the other way),2,https://www.abgeordnetenwatch.de/profile/karl-lauterbach,"2011-07-07 VOTE (Bundestag): Voted Ja: Eingeschränkte Zulassung der Präimplantationsdiagnostik [--: Voted to permit embryo selection by PGD.] | 2011-07-07 DEBATE: Rede ""PID möglich ist, die Zahl von Spätabtreibungen auch nur..."" [+: Frames reducing late-term abortions via PID as praiseworthy, leaning toward limiting abortion; surrogacy irrelevant.]",SPD,100 - Leverkusen – Köln IV
"Katja Mast (SPD, Landesliste Baden-Württemberg)",,,,,1,,"a vote, 15 years ago",conflicting (1 item point the other way),2,https://www.abgeordnetenwatch.de/profile/katja-mast,2026-01-28 ANTRAG: Kassenzulassung des nicht-invasiven Pränataltests - Monitoring der Konsequenzen und Einrichtung eines Gremiums (Drucksache 21/3873) [+: Re-tabled cross-party NIPT motion (Rüffer/Brand et al.): monitoring and an expert body against de facto screening.] | 2011-07-07 VOTE (Bundestag): Voted Ja: Eingeschränkte Zulassung der Präimplantationsdiagnostik [--: Voted to permit embryo selection by PGD.],SPD,Landesliste Baden-Württemberg
"Martin Gerster (SPD, Landesliste Baden-Württemberg)",,,,,1,,"a vote, 15 years ago",conflicting (1 item point the other way),2,https://www.abgeordnetenwatch.de/profile/martin-gerster,2026-01-28 ANTRAG: Kassenzulassung des nicht-invasiven Pränataltests - Monitoring der Konsequenzen und Einrichtung eines Gremiums (Drucksache 21/3873) [+: Re-tabled cross-party NIPT motion (Rüffer/Brand et al.): monitoring and an expert body against de facto screening.] | 2011-07-07 VOTE (Bundestag): Voted Ja: Eingeschränkte Zulassung der Präimplantationsdiagnostik [--: Voted to permit embryo selection by PGD.],SPD,Landesliste Baden-Württemberg
"Matthias Miersch (SPD, 47 - Hannover-Land II)",,,,,1,,"a vote, 15 years ago",moderate (whipped vote),2,https://www.abgeordnetenwatch.de/profile/matthias-miersch,"2014-02-20 DEBATE: Rede ""Ich lade alle ein, die Entscheidung des Bundesverfassungsgerichts zum Gentechnikgesetz einmal zu lesen. Ich bin mir sehr sicher: Uns allen wird bewusst, dass es ähnlich wie in der Debatte über Stammzellen oder über das K..."" [0: Debate on genetic engineering law, not surrogacy specifically.] | 2011-07-07 VOTE (Bundestag): Voted Ja: Eingeschränkte Zulassung der Präimplantationsdiagnostik [--: Voted to permit embryo selection by PGD.]",SPD,47 - Hannover-Land II
"Sören Bartol (SPD, 170 - Marburg)",,,,,1,,"a vote, 15 years ago",moderate (whipped vote),2,https://www.abgeordnetenwatch.de/profile/soeren-bartol,"2011-07-07 VOTE (Bundestag): Voted Ja: Eingeschränkte Zulassung der Präimplantationsdiagnostik [--: Voted to permit embryo selection by PGD.] | 2011-07-07 DEBATE: Rede ""Schutz von ungeborenem Leben und die Stellung von..."" [0: Balances views on PID for severe hereditary illness, no clear abortion stance; surrogacy not mentioned.]",SPD,170 - Marburg
"Andreas Mattfeldt (CDU/CSU, 34 - Osterholz – Verden)",,,,,1,,"a vote, 15 years ago",moderate (whipped vote),1,https://www.abgeordnetenwatch.de/profile/andreas-mattfeldt,2011-07-07 VOTE (Bundestag): Voted Ja: Eingeschränkte Zulassung der Präimplantationsdiagnostik [--: Voted to permit embryo selection by PGD.],CDU/CSU,34 - Osterholz – Verden
"Anette Kramme (SPD, Landesliste Bayern)",,,,,1,,"a vote, 15 years ago",moderate (whipped vote),1,https://www.abgeordnetenwatch.de/profile/anette-kramme,2011-07-07 VOTE (Bundestag): Voted Ja: Eingeschränkte Zulassung der Präimplantationsdiagnostik [--: Voted to permit embryo selection by PGD.],SPD,Landesliste Bayern
"Anton Hofreiter (BÜNDNIS 90/DIE GRÜNEN, Landesliste Bayern)",,,,,1,,"a vote, 15 years ago",moderate (whipped vote),1,https://www.abgeordnetenwatch.de/profile/anton-hofreiter,2011-07-07 VOTE (Bundestag): Voted Ja: Eingeschränkte Zulassung der Präimplantationsdiagnostik [--: Voted to permit embryo selection by PGD.],BÜNDNIS 90/DIE GRÜNEN,Landesliste Bayern
"Bettina Hagedorn (SPD, Landesliste Schleswig-Holstein)",,,,,1,,"a vote, 15 years ago",moderate (whipped vote),1,https://www.abgeordnetenwatch.de/profile/bettina-hagedorn,2011-07-07 VOTE (Bundestag): Voted Ja: Eingeschränkte Zulassung der Präimplantationsdiagnostik [--: Voted to permit embryo selection by PGD.],SPD,Landesliste Schleswig-Holstein
"Bärbel Bas (SPD, 114 - Duisburg I)",,,,,1,,"a vote, 15 years ago",moderate (whipped vote),1,https://www.abgeordnetenwatch.de/profile/baerbel-bas,2011-07-07 VOTE (Bundestag): Voted Ja: Eingeschränkte Zulassung der Präimplantationsdiagnostik [--: Voted to permit embryo selection by PGD.],SPD,114 - Duisburg I
"Bärbel Kofler (SPD, Landesliste Bayern)",,,,,1,,"a vote, 15 years ago",moderate (whipped vote),1,https://www.abgeordnetenwatch.de/profile/baerbel-kofler,2011-07-07 VOTE (Bundestag): Voted Ja: Eingeschränkte Zulassung der Präimplantationsdiagnostik [--: Voted to permit embryo selection by PGD.],SPD,Landesliste Bayern
"Caren Lay (Die Linke, Landesliste Sachsen)",,,,,1,,"a vote, 15 years ago",moderate (whipped vote),1,https://www.abgeordnetenwatch.de/profile/caren-lay,2011-07-07 VOTE (Bundestag): Voted Ja: Eingeschränkte Zulassung der Präimplantationsdiagnostik [--: Voted to permit embryo selection by PGD.],Die Linke,Landesliste Sachsen
"Carsten Schneider (SPD, Landesliste Thüringen)",,,,,1,,"a vote, 15 years ago",moderate (whipped vote),1,https://www.abgeordnetenwatch.de/profile/carsten-schneider,2011-07-07 VOTE (Bundestag): Voted Ja: Eingeschränkte Zulassung der Präimplantationsdiagnostik [--: Voted to permit embryo selection by PGD.],SPD,Landesliste Thüringen
"Detlef Seif (CDU/CSU, 91 - Euskirchen – Rhein-Erft-Kreis II)",,,,,1,,"a vote, 15 years ago",moderate (whipped vote),1,https://www.abgeordnetenwatch.de/profile/detlef-seif,2011-07-07 VOTE (Bundestag): Voted Ja: Eingeschränkte Zulassung der Präimplantationsdiagnostik [--: Voted to permit embryo selection by PGD.],CDU/CSU,91 - Euskirchen – Rhein-Erft-Kreis II
"Gregor Gysi (Die Linke, 83 - Berlin-Treptow-Köpenick)",,,,,1,,"a vote, 15 years ago",moderate (whipped vote),1,https://www.abgeordnetenwatch.de/profile/gregor-gysi,2011-07-07 VOTE (Bundestag): Voted Ja: Eingeschränkte Zulassung der Präimplantationsdiagnostik [--: Voted to permit embryo selection by PGD.],Die Linke,83 - Berlin-Treptow-Köpenick
"Gunther Krichbaum (CDU/CSU, 279 - Pforzheim)",,,,,1,,"a vote, 15 years ago",moderate (whipped vote),1,https://www.abgeordnetenwatch.de/profile/gunther-krichbaum,2011-07-07 VOTE (Bundestag): Voted Ja: Eingeschränkte Zulassung der Präimplantationsdiagnostik [--: Voted to permit embryo selection by PGD.],CDU/CSU,279 - Pforzheim
"Heidi Reichinnek (Die Linke, Landesliste Niedersachsen)",,,,,1,,"a speech, 2 years ago",thin (only 1 evidence item on record),1,https://www.abgeordnetenwatch.de/profile/heidi-reichinnek,"2024-05-15 DEBATE: Rede ""Wird die Bundesregierung, nachdem bereits mehrfach sowohl vom UN-Frauenrechtsausschuss als auch vom Menschenrechtskommissariat der Vereinten Nationen dazu aufgefordert wurde, Schwangerschaftsabbrüche zu legalisieren, und..."" [--: Explicitly pushes for legalising abortion beyond current law, opposing pro-life stance.]",Die Linke,Landesliste Niedersachsen
"Helge Lindh (SPD, 101 - Wuppertal I)",,,,,1,,"a speech, 3 months ago",thin (only 1 evidence item on record),1,https://www.abgeordnetenwatch.de/profile/helge-lindh,"2026-06-26 DEBATE: Rede ""Queere Familien müssen im Sinne des Kindeswohls frei leben. Auch dafür finden wir über Fraktionsgrenzen hinweg immer mehr Zustimmung und Stimmen, die sagen: Ja, dafür müssen wir etwas tun. Wir müssen ran ans Abstammungsr..."" [--: Champions queer family life and attacks opponents of reforming parentage law for LGBT families.]",SPD,101 - Wuppertal I
"Jan-Marco Luczak (CDU/CSU, Landesliste Berlin)",,,,,1,,"a vote, 15 years ago",moderate (whipped vote),1,https://www.abgeordnetenwatch.de/profile/jan-marco-luczak,2011-07-07 VOTE (Bundestag): Voted Ja: Eingeschränkte Zulassung der Präimplantationsdiagnostik [--: Voted to permit embryo selection by PGD.],CDU/CSU,Landesliste Berlin
"Lars Klingbeil (SPD, 35 - Rotenburg I – Heidekreis)",,,,,1,,"a vote, 15 years ago",moderate (whipped vote),1,https://www.abgeordnetenwatch.de/profile/lars-klingbeil,2011-07-07 VOTE (Bundestag): Voted Ja: Eingeschränkte Zulassung der Präimplantationsdiagnostik [--: Voted to permit embryo selection by PGD.],SPD,35 - Rotenburg I – Heidekreis
"Nicole Gohlke (Die Linke, Landesliste Bayern)",,,,,1,,"a vote, 15 years ago",moderate (whipped vote),1,https://www.abgeordnetenwatch.de/profile/nicole-gohlke,2011-07-07 VOTE (Bundestag): Voted Ja: Eingeschränkte Zulassung der Präimplantationsdiagnostik [--: Voted to permit embryo selection by PGD.],Die Linke,Landesliste Bayern
"Olav Gutting (CDU/CSU, 278 - Bruchsal – Schwetzingen)",,,,,1,,"a vote, 15 years ago",moderate (whipped vote),1,https://www.abgeordnetenwatch.de/profile/olav-gutting,2011-07-07 VOTE (Bundestag): Voted Ja: Eingeschränkte Zulassung der Präimplantationsdiagnostik [--: Voted to permit embryo selection by PGD.],CDU/CSU,278 - Bruchsal – Schwetzingen
"Oliver Kaczmarek (SPD, 143 - Unna I)",,,,,1,,"a vote, 15 years ago",moderate (whipped vote),1,https://www.abgeordnetenwatch.de/profile/oliver-kaczmarek,2011-07-07 VOTE (Bundestag): Voted Ja: Eingeschränkte Zulassung der Präimplantationsdiagnostik [--: Voted to permit embryo selection by PGD.],SPD,143 - Unna I
"Omid Nouripour (BÜNDNIS 90/DIE GRÜNEN, Landesliste Hessen)",,,,,1,,"a vote, 15 years ago",moderate (whipped vote),1,https://www.abgeordnetenwatch.de/profile/omid-nouripour,2011-07-07 VOTE (Bundestag): Voted Ja: Eingeschränkte Zulassung der Präimplantationsdiagnostik [--: Voted to permit embryo selection by PGD.],BÜNDNIS 90/DIE GRÜNEN,Landesliste Hessen
"Peter Beyer (CDU/CSU, 104 - Mettmann II)",,,,,1,,"a vote, 15 years ago",moderate (whipped vote),1,https://www.abgeordnetenwatch.de/profile/peter-beyer,2011-07-07 VOTE (Bundestag): Voted Ja: Eingeschränkte Zulassung der Präimplantationsdiagnostik [--: Voted to permit embryo selection by PGD.],CDU/CSU,104 - Mettmann II
"Rita Schwarzelühr-Sutter (SPD, Landesliste Baden-Württemberg)",,,,,1,,"a vote, 15 years ago",moderate (whipped vote),1,https://www.abgeordnetenwatch.de/profile/rita-schwarzeluehr-sutter,2011-07-07 VOTE (Bundestag): Voted Ja: Eingeschränkte Zulassung der Präimplantationsdiagnostik [--: Voted to permit embryo selection by PGD.],SPD,Landesliste Baden-Württemberg
"Thomas Jarzombek (CDU/CSU, 105 - Düsseldorf I)",,,,,1,,"a vote, 15 years ago",moderate (whipped vote),1,https://www.abgeordnetenwatch.de/profile/thomas-jarzombek,2011-07-07 VOTE (Bundestag): Voted Ja: Eingeschränkte Zulassung der Präimplantationsdiagnostik [--: Voted to permit embryo selection by PGD.],CDU/CSU,105 - Düsseldorf I
"Alexis Giersch (AfD, Landesliste Schleswig-Holstein)",,,,,,,no placement,"on record, side not placed",1,https://www.abgeordnetenwatch.de/profile/alexis-giersch,"2025-12-08 KLEINE ANFRAGE: Möglichkeiten und Grenzen der Reproduktionsmedizin (Drucksache 21/3164) [never places: AfD inquiry on the scope of reproductive medicine; broadly pro-IVF (asks about widening funded eligibility, links AI embryo selection) but no clear side on embryo destruction or surrogacy.]",AfD,Landesliste Schleswig-Holstein
"Carina Schießl (AfD, Landesliste Bayern)",,,,,,,no placement,"on record, side not placed",1,https://www.abgeordnetenwatch.de/profile/carina-schiessl,"2025-12-08 KLEINE ANFRAGE: Möglichkeiten und Grenzen der Reproduktionsmedizin (Drucksache 21/3164) [never places: AfD inquiry on the scope of reproductive medicine; broadly pro-IVF (asks about widening funded eligibility, links AI embryo selection) but no clear side on embryo destruction or surrogacy.]",AfD,Landesliste Bayern
"Christoph Birghan (AfD, Landesliste Bayern)",,,,,,,no placement,"on record, side not placed",1,https://www.abgeordnetenwatch.de/profile/christoph-birghan,"2025-12-08 KLEINE ANFRAGE: Möglichkeiten und Grenzen der Reproduktionsmedizin (Drucksache 21/3164) [never places: AfD inquiry on the scope of reproductive medicine; broadly pro-IVF (asks about widening funded eligibility, links AI embryo selection) but no clear side on embryo destruction or surrogacy.]",AfD,Landesliste Bayern
"Joachim Bloch (AfD, Landesliste Baden-Württemberg)",,,,,,,no placement,"on record, side not placed",1,https://www.abgeordnetenwatch.de/profile/joachim-bloch,"2025-12-08 KLEINE ANFRAGE: Möglichkeiten und Grenzen der Reproduktionsmedizin (Drucksache 21/3164) [never places: AfD inquiry on the scope of reproductive medicine; broadly pro-IVF (asks about widening funded eligibility, links AI embryo selection) but no clear side on embryo destruction or surrogacy.]",AfD,Landesliste Baden-Württemberg
"Marlene Schönberger (BÜNDNIS 90/DIE GRÜNEN, Landesliste Bayern)",,,,,,,no placement,"on record, side not placed",1,https://www.abgeordnetenwatch.de/profile/marlene-schoenberger,"2025-11-18 KLEINE ANFRAGE: Umsetzung der EU-Menschenhandelsrichtlinie (2024/1712) (Drucksache 21/2849) [never places: Green inquiry on implementing the EU trafficking directive (incl. surrogacy exploitation); information on implementation, not surrogacy itself.]",BÜNDNIS 90/DIE GRÜNEN,Landesliste Bayern
Nicole Hess (AfD),,,,,,,no placement,"on record, side not placed",1,https://www.abgeordnetenwatch.de/profile/nicole-hess,"2025-12-08 KLEINE ANFRAGE: Möglichkeiten und Grenzen der Reproduktionsmedizin (Drucksache 21/3164) [never places: AfD inquiry on the scope of reproductive medicine; broadly pro-IVF (asks about widening funded eligibility, links AI embryo selection) but no clear side on embryo destruction or surrogacy.]",AfD,
Paul Schmidt (AfD),,,,,,,no placement,"on record, side not placed",1,https://www.abgeordnetenwatch.de/profile/paul-schmidt,"2025-12-08 KLEINE ANFRAGE: Möglichkeiten und Grenzen der Reproduktionsmedizin (Drucksache 21/3164) [never places: AfD inquiry on the scope of reproductive medicine; broadly pro-IVF (asks about widening funded eligibility, links AI embryo selection) but no clear side on embryo destruction or surrogacy.]",AfD,
"Paula Piechotta (BÜNDNIS 90/DIE GRÜNEN, Landesliste Sachsen)",,,,,,,no placement,"on record, side not placed",1,https://www.abgeordnetenwatch.de/profile/paula-piechotta,"2026-07-31 SCHRIFTLICHE FRAGE: Initiativen des ehemaligen Bundesministers Jens Spahn zur Verhinderung bzw. Einschränkung von Leihmutterschaft (Drucksache 21/7434) [never places: Asks what a former minister did to prevent surrogacy; a hypocrisy probe, no policy side.]",BÜNDNIS 90/DIE GRÜNEN,Landesliste Sachsen
"Stefan Möller (AfD, 189 - Eisenach – Wartburgkreis – Unstrut-Hainich-Kreis)",,,,,,,no placement,"on record, side not placed",1,https://www.abgeordnetenwatch.de/profile/stefan-moeller,"2025-12-08 KLEINE ANFRAGE: Möglichkeiten und Grenzen der Reproduktionsmedizin (Drucksache 21/3164) [never places: AfD inquiry on the scope of reproductive medicine; broadly pro-IVF (asks about widening funded eligibility, links AI embryo selection) but no clear side on embryo destruction or surrogacy.]",AfD,189 - Eisenach – Wartburgkreis – Unstrut-Hainich-Kreis
"Thomas Fetsch (AfD, Landesliste Hessen)",,,,,,,no placement,"on record, side not placed",1,https://www.abgeordnetenwatch.de/profile/thomas-fetsch,"2025-12-08 KLEINE ANFRAGE: Möglichkeiten und Grenzen der Reproduktionsmedizin (Drucksache 21/3164) [never places: AfD inquiry on the scope of reproductive medicine; broadly pro-IVF (asks about widening funded eligibility, links AI embryo selection) but no clear side on embryo destruction or surrogacy.]",AfD,Landesliste Hessen
Torben Braga (AfD),,,,,,,no placement,"on record, side not placed",1,https://www.abgeordnetenwatch.de/profile/torben-braga,2026-07-24 SCHRIFTLICHE FRAGE: Kenntnis des Bundeskanzlers Friedrich Merz über die Inanspruchnahme einer ausländischen Leihmutterschaft durch den Abgeo (Drucksache 21/7311) [never places: Political question about the Chancellor's knowledge of an MP's use of surrogacy abroad; no policy side.],AfD,
"Achim Köhler (AfD, Landesliste Baden-Württemberg)",,,,,,,no evidence,,0,https://www.abgeordnetenwatch.de/profile/achim-koehler,,AfD,Landesliste Baden-Württemberg
"Adam Balten (AfD, Landesliste Nordrhein-Westfalen)",,,,,,,no evidence,,0,https://www.abgeordnetenwatch.de/profile/adam-balten,,AfD,Landesliste Nordrhein-Westfalen
"Adis Ahmetović (SPD, 41 - Stadt Hannover I)",,,,,,,no evidence,,0,https://www.abgeordnetenwatch.de/profile/adis-ahmetovic,,SPD,41 - Stadt Hannover I
"Adrian Grasse (CDU/CSU, 78 - Berlin-Steglitz-Zehlendorf)",,,,,,,no evidence,,0,https://www.abgeordnetenwatch.de/profile/adrian-grasse,,CDU/CSU,78 - Berlin-Steglitz-Zehlendorf
"Agnes Maria Conrad (Die Linke, Landesliste Bayern)",,,,,,,no evidence,,0,https://www.abgeordnetenwatch.de/profile/agnes-maria-conrad,,Die Linke,Landesliste Bayern
"Alaa Alhamwi (BÜNDNIS 90/DIE GRÜNEN, Landesliste Niedersachsen)",,,,,,,no evidence,,0,https://www.abgeordnetenwatch.de/profile/alaa-alhamwi,,BÜNDNIS 90/DIE GRÜNEN,Landesliste Niedersachsen
"Albert Stegemann (CDU/CSU, 31 - Mittelems)",,,,,,,no evidence,,0,https://www.abgeordnetenwatch.de/profile/albert-stegemann,,CDU/CSU,31 - Mittelems
"Alexander Arpaschi (AfD, Landesliste Baden-Württemberg)",,,,,,,no evidence,,0,https://www.abgeordnetenwatch.de/profile/alexander-arpaschi,,AfD,Landesliste Baden-Württemberg
"Alexander Engelhard (CDU/CSU, 254 - Neu-Ulm)",,,,,,,no evidence,,0,https://www.abgeordnetenwatch.de/profile/alexander-engelhard,,CDU/CSU,254 - Neu-Ulm
"Alexander Gauland (AfD, 161 - Chemnitz)",,,,,,,no evidence,,0,https://www.abgeordnetenwatch.de/profile/alexander-gauland,,AfD,161 - Chemnitz
"Alexander Jordan (CDU/CSU, 51 - Helmstedt – Wolfsburg)",,,,,,,no evidence,,0,https://www.abgeordnetenwatch.de/profile/alexander-jordan,,CDU/CSU,51 - Helmstedt – Wolfsburg
"Alexander Radwan (CDU/CSU, 222 - Bad Tölz-Wolfratshausen – Miesbach)",,,,,,,no evidence,,0,https://www.abgeordnetenwatch.de/profile/alexander-radwan,,CDU/CSU,222 - Bad Tölz-Wolfratshausen – Miesbach
"Alexander Throm (CDU/CSU, 267 - Heilbronn)",,,,,,,no evidence,,0,https://www.abgeordnetenwatch.de/profile/alexander-throm,,CDU/CSU,267 - Heilbronn
"Alexander Wolf (AfD, Landesliste Hamburg)",,,,,,,no evidence,,0,https://www.abgeordnetenwatch.de/profile/alexander-wolf-0,,AfD,Landesliste Hamburg
"Alice Weidel (AfD, Landesliste Baden-Württemberg)",,,,,,,no evidence,,0,https://www.abgeordnetenwatch.de/profile/alice-weidel,,AfD,Landesliste Baden-Württemberg
"Alois Rainer (CDU/CSU, 230 - Straubing)",,,,,,,no evidence,,0,https://www.abgeordnetenwatch.de/profile/alois-rainer,,CDU/CSU,230 - Straubing
"Andrea Lübcke (BÜNDNIS 90/DIE GRÜNEN, Landesliste Brandenburg)",,,,,,,no evidence,,0,https://www.abgeordnetenwatch.de/profile/andrea-luebcke,,BÜNDNIS 90/DIE GRÜNEN,Landesliste Brandenburg
"Andreas Audretsch (BÜNDNIS 90/DIE GRÜNEN, Landesliste Berlin)",,,,,,,no evidence,,0,https://www.abgeordnetenwatch.de/profile/andreas-audretsch,,BÜNDNIS 90/DIE GRÜNEN,Landesliste Berlin
"Andreas Bleck (AfD, Landesliste Rheinland-Pfalz)",,,,,,,no evidence,,0,https://www.abgeordnetenwatch.de/profile/andreas-bleck,,AfD,Landesliste Rheinland-Pfalz
"Andreas Paul (AfD, Landesliste Niedersachsen)",,,,,,,no evidence,,0,https://www.abgeordnetenwatch.de/profile/andreas-paul,,AfD,Landesliste Niedersachsen
"Andreas Schwarz (SPD, Landesliste Bayern)",,,,,,,no evidence,,0,https://www.abgeordnetenwatch.de/profile/andreas-schwarz,,SPD,Landesliste Bayern
"Angelika Glöckner (SPD, Landesliste Rheinland-Pfalz)",,,,,,,no evidence,,0,https://www.abgeordnetenwatch.de/profile/angelika-gloeckner,,SPD,Landesliste Rheinland-Pfalz
"Anja Reinalter (BÜNDNIS 90/DIE GRÜNEN, Landesliste Baden-Württemberg)",,,,,,,no evidence,,0,https://www.abgeordnetenwatch.de/profile/anja-reinalter,,BÜNDNIS 90/DIE GRÜNEN,Landesliste Baden-Württemberg
"Anja Troff-Schaffarzyk (SPD, Landesliste Niedersachsen)",,,,,,,no evidence,,0,https://www.abgeordnetenwatch.de/profile/anja-troff-schaffarzyk,,SPD,Landesliste Niedersachsen
"Anna Aeikens (CDU/CSU, Landesliste Sachsen-Anhalt)",,,,,,,no evidence,,0,https://www.abgeordnetenwatch.de/profile/anna-aeikens,,CDU/CSU,Landesliste Sachsen-Anhalt
"Anna Lührmann (BÜNDNIS 90/DIE GRÜNEN, Landesliste Hessen)",,,,,,,no evidence,,0,https://www.abgeordnetenwatch.de/profile/anna-luehrmann,,BÜNDNIS 90/DIE GRÜNEN,Landesliste Hessen
"Anne Zerr (Die Linke, Landesliste Baden-Württemberg)",,,,,,,no evidence,,0,https://www.abgeordnetenwatch.de/profile/anne-zerr,,Die Linke,Landesliste Baden-Württemberg
"Anne-Mieke Bremer (Die Linke, Landesliste Niedersachsen)",,,,,,,no evidence,,0,https://www.abgeordnetenwatch.de/profile/anne-mieke-bremer,,Die Linke,Landesliste Niedersachsen
"Annika Klose (SPD, Landesliste Berlin)",,,,,,,no evidence,,0,https://www.abgeordnetenwatch.de/profile/annika-klose,,SPD,Landesliste Berlin
"Armand Zorn (SPD, Landesliste Hessen)",,,,,,,no evidence,,0,https://www.abgeordnetenwatch.de/profile/armand-zorn,,SPD,Landesliste Hessen
"Armin Laschet (CDU/CSU, 86 - Aachen I)",,,,,,,no evidence,,0,https://www.abgeordnetenwatch.de/profile/armin-laschet,,CDU/CSU,86 - Aachen I
"Arne Onni Raue (AfD, 60 - Brandenburg an der Havel – Potsdam-Mittelmark I – Havelland III – Teltow-Fläming I)",,,,,,,no evidence,,0,https://www.abgeordnetenwatch.de/profile/arne-onni-raue,,AfD,60 - Brandenburg an der Havel – Potsdam-Mittelmark I – Havelland III – Teltow-Fläming I
"Ates Gürpinar (Die Linke, Landesliste Bayern)",,,,,,,no evidence,,0,https://www.abgeordnetenwatch.de/profile/ates-guerpinar,,Die Linke,Landesliste Bayern
"Awet Tesfaiesus (BÜNDNIS 90/DIE GRÜNEN, Landesliste Hessen)",,,,,,,no evidence,,0,https://www.abgeordnetenwatch.de/profile/awet-tesfaiesus,,BÜNDNIS 90/DIE GRÜNEN,Landesliste Hessen
"Bastian Alfons Ernst (CDU/CSU, 28 - Delmenhorst – Wesermarsch – Oldenburg-Land)",,,,,,,no evidence,,0,https://www.abgeordnetenwatch.de/profile/bastian-alfons-ernst,,CDU/CSU,28 - Delmenhorst – Wesermarsch – Oldenburg-Land
Bastian Treuheit (AfD),,,,,,,no evidence,,0,https://www.abgeordnetenwatch.de/profile/bastian-treuheit,,AfD,
"Bernd Baumann (AfD, Landesliste Hamburg)",,,,,,,no evidence,,0,https://www.abgeordnetenwatch.de/profile/bernd-baumann,,AfD,Landesliste Hamburg
"Bernd Rützel (SPD, Landesliste Bayern)",,,,,,,no evidence,,0,https://www.abgeordnetenwatch.de/profile/bernd-ruetzel,,SPD,Landesliste Bayern
"Bernd Schattner (AfD, Landesliste Rheinland-Pfalz)",,,,,,,no evidence,,0,https://www.abgeordnetenwatch.de/profile/bernd-schattner,,AfD,Landesliste Rheinland-Pfalz
Bernd Schuhmann (AfD),,,,,,,no evidence,,0,https://www.abgeordnetenwatch.de/profile/bernd-schuhmann,,AfD,
"Bettina Lugk (SPD, Landesliste Nordrhein-Westfalen)",,,,,,,no evidence,,0,https://www.abgeordnetenwatch.de/profile/bettina-lugk,,SPD,Landesliste Nordrhein-Westfalen
"Björn Simon (CDU/CSU, 184 - Offenbach)",,,,,,,no evidence,,0,https://www.abgeordnetenwatch.de/profile/bjoern-simon,,CDU/CSU,184 - Offenbach
"Bodo Ramelow (Die Linke, 192 - Erfurt – Weimar – Weimarer Land II)",,,,,,,no evidence,,0,https://www.abgeordnetenwatch.de/profile/bodo-ramelow,,Die Linke,192 - Erfurt – Weimar – Weimarer Land II
Boris Gamanov (AfD),,,,,,,no evidence,,0,https://www.abgeordnetenwatch.de/profile/boris-gamanov,,AfD,
"Boris Mijatović (BÜNDNIS 90/DIE GRÜNEN, Landesliste Hessen)",,,,,,,no evidence,,0,https://www.abgeordnetenwatch.de/profile/boris-mijatovic,,BÜNDNIS 90/DIE GRÜNEN,Landesliste Hessen
"Boris Pistorius (SPD, 42 - Stadt Hannover II)",,,,,,,no evidence,,0,https://www.abgeordnetenwatch.de/profile/boris-pistorius,,SPD,42 - Stadt Hannover II
Cansu Özdemir (Die Linke),,,,,,,no evidence,,0,https://www.abgeordnetenwatch.de/profile/cansu-oezdemir,,Die Linke,
"Cansın Köktürk (Die Linke, Landesliste Nordrhein-Westfalen)",,,,,,,no evidence,,0,https://www.abgeordnetenwatch.de/profile/cansin-koektuerk,,Die Linke,Landesliste Nordrhein-Westfalen
"Carl-Philipp Sassenrath (CDU/CSU, 107 - Neuss I)",,,,,,,no evidence,,0,https://www.abgeordnetenwatch.de/profile/carl-philipp-sassenrath,,CDU/CSU,107 - Neuss I
"Caroline Bosbach (CDU/CSU, 99 - Rheinisch-Bergischer Kreis)",,,,,,,no evidence,,0,https://www.abgeordnetenwatch.de/profile/caroline-bosbach,,CDU/CSU,99 - Rheinisch-Bergischer Kreis
"Carsten Becker (AfD, Landesliste Saarland)",,,,,,,no evidence,,0,https://www.abgeordnetenwatch.de/profile/carsten-becker,,AfD,Landesliste Saarland
"Carsten Körber (CDU/CSU, Landesliste Sachsen)",,,,,,,no evidence,,0,https://www.abgeordnetenwatch.de/profile/carsten-koerber,,CDU/CSU,Landesliste Sachsen
"Catarina dos Santos-Wintz (CDU/CSU, 87 - Aachen II)",,,,,,,no evidence,,0,https://www.abgeordnetenwatch.de/profile/catarina-dos-santos-wintz,,CDU/CSU,87 - Aachen II
"Cem Ince (Die Linke, Landesliste Niedersachsen)",,,,,,,no evidence,,0,https://www.abgeordnetenwatch.de/profile/cem-ince,,Die Linke,Landesliste Niedersachsen
"Chantal Kopf (BÜNDNIS 90/DIE GRÜNEN, 281 - Freiburg)",,,,,,,no evidence,,0,https://www.abgeordnetenwatch.de/profile/chantal-kopf,,BÜNDNIS 90/DIE GRÜNEN,281 - Freiburg
"Christian Douglas (AfD, Landesliste Hessen)",,,,,,,no evidence,,0,https://www.abgeordnetenwatch.de/profile/christian-douglas,,AfD,Landesliste Hessen
"Christian Görke (Die Linke, Landesliste Brandenburg)",,,,,,,no evidence,,0,https://www.abgeordnetenwatch.de/profile/christian-goerke,,Die Linke,Landesliste Brandenburg
"Christian Reck (AfD, 154 - Meißen)",,,,,,,no evidence,,0,https://www.abgeordnetenwatch.de/profile/christian-reck,,AfD,154 - Meißen
"Christiane Schenderlein (CDU/CSU, Landesliste Sachsen)",,,,,,,no evidence,,0,https://www.abgeordnetenwatch.de/profile/christiane-schenderlein,,CDU/CSU,Landesliste Sachsen
"Christin Willnat (Die Linke, Landesliste Brandenburg)",,,,,,,no evidence,,0,https://www.abgeordnetenwatch.de/profile/christin-willnat,,Die Linke,Landesliste Brandenburg
"Christoph Frauenpreiß (CDU/CSU, 29 - Cuxhaven – Stade II)",,,,,,,no evidence,,0,https://www.abgeordnetenwatch.de/profile/christoph-frauenpreiss,,CDU/CSU,29 - Cuxhaven – Stade II
"Christoph Grimm (AfD, 13 - Ludwigslust-Parchim II – Nordwestmecklenburg II – Landkreis Rostock I)",,,,,,,no evidence,,0,https://www.abgeordnetenwatch.de/profile/christoph-grimm,,AfD,13 - Ludwigslust-Parchim II – Nordwestmecklenburg II – Landkreis Rostock I
Christoph Naser (CDU/CSU),,,,,,,no evidence,,0,https://www.abgeordnetenwatch.de/profile/christoph-naser,,CDU/CSU,
"Christoph Ploß (CDU/CSU, 21 - Hamburg-Nord)",,,,,,,no evidence,,0,https://www.abgeordnetenwatch.de/profile/christoph-ploss,,CDU/CSU,21 - Hamburg-Nord
"Christopher Drößler (AfD, 188 - Eichsfeld – Nordhausen – Kyffhäuserkreis)",,,,,,,no evidence,,0,https://www.abgeordnetenwatch.de/profile/christopher-droessler,,AfD,188 - Eichsfeld – Nordhausen – Kyffhäuserkreis
"Clara Bünger (Die Linke, Landesliste Sachsen)",,,,,,,no evidence,,0,https://www.abgeordnetenwatch.de/profile/clara-buenger,,Die Linke,Landesliste Sachsen
"Claudia Müller (BÜNDNIS 90/DIE GRÜNEN, Landesliste Mecklenburg-Vorpommern)",,,,,,,no evidence,,0,https://www.abgeordnetenwatch.de/profile/claudia-mueller,,BÜNDNIS 90/DIE GRÜNEN,Landesliste Mecklenburg-Vorpommern
"Daniel Bettermann (SPD, 167 - Kassel)",,,,,,,no evidence,,0,https://www.abgeordnetenwatch.de/profile/daniel-bettermann,,SPD,167 - Kassel
"Daniel Kölbl (CDU/CSU, 7 - Pinneberg)",,,,,,,no evidence,,0,https://www.abgeordnetenwatch.de/profile/daniel-koelbl,,CDU/CSU,7 - Pinneberg
"Daniel Walter (SPD, Landesliste Nordrhein-Westfalen)",,,,,,,no evidence,,0,https://www.abgeordnetenwatch.de/profile/daniel-walter,,SPD,Landesliste Nordrhein-Westfalen
"Daniel Zerbin (AfD, Landesliste Nordrhein-Westfalen)",,,,,,,no evidence,,0,https://www.abgeordnetenwatch.de/profile/daniel-zerbin,,AfD,Landesliste Nordrhein-Westfalen
"Daniela Rump (SPD, 48 - Hildesheim)",,,,,,,no evidence,,0,https://www.abgeordnetenwatch.de/profile/daniela-rump,,SPD,48 - Hildesheim
"Danny Meiners (AfD, Landesliste Niedersachsen)",,,,,,,no evidence,,0,https://www.abgeordnetenwatch.de/profile/danny-meiners,,AfD,Landesliste Niedersachsen
"Dario Seifert (AfD, 15 - Vorpommern-Rügen – Vorpommern-Greifswald I)",,,,,,,no evidence,,0,https://www.abgeordnetenwatch.de/profile/dario-seifert,,AfD,15 - Vorpommern-Rügen – Vorpommern-Greifswald I
"David Mandrella (SPD, Landesliste Bayern)",,,,,,,no evidence,,0,https://www.abgeordnetenwatch.de/profile/david-mandrella,,SPD,Landesliste Bayern
"David Schliesing (Die Linke, Landesliste Sachsen-Anhalt)",,,,,,,no evidence,,0,https://www.abgeordnetenwatch.de/profile/david-schliesing,,Die Linke,Landesliste Sachsen-Anhalt
"Deborah Düring (BÜNDNIS 90/DIE GRÜNEN, Landesliste Hessen)",,,,,,,no evidence,,0,https://www.abgeordnetenwatch.de/profile/deborah-duering,,BÜNDNIS 90/DIE GRÜNEN,Landesliste Hessen
Denis Pauli (AfD),,,,,,,no evidence,,0,https://www.abgeordnetenwatch.de/profile/denis-pauli,,AfD,
"Dennis Rohde (SPD, 27 - Oldenburg – Ammerland)",,,,,,,no evidence,,0,https://www.abgeordnetenwatch.de/profile/dennis-rohde,,SPD,27 - Oldenburg – Ammerland
"Desiree Becker (Die Linke, Landesliste Hessen)",,,,,,,no evidence,,0,https://www.abgeordnetenwatch.de/profile/desiree-becker,,Die Linke,Landesliste Hessen
"Diana Herbstreuth (CDU/CSU, Landesliste Thüringen)",,,,,,,no evidence,,0,https://www.abgeordnetenwatch.de/profile/diana-herbstreuth,,CDU/CSU,Landesliste Thüringen
"Diana Zimmer (AfD, Landesliste Baden-Württemberg)",,,,,,,no evidence,,0,https://www.abgeordnetenwatch.de/profile/diana-zimmer,,AfD,Landesliste Baden-Württemberg
"Dirk Vöpel (SPD, 116 - Oberhausen – Wesel III)",,,,,,,no evidence,,0,https://www.abgeordnetenwatch.de/profile/dirk-voepel,,SPD,116 - Oberhausen – Wesel III
"Dirk Wiese (SPD, Landesliste Nordrhein-Westfalen)",,,,,,,no evidence,,0,https://www.abgeordnetenwatch.de/profile/dirk-wiese,,SPD,Landesliste Nordrhein-Westfalen
"Donata Vogtschmidt (Die Linke, Landesliste Thüringen)",,,,,,,no evidence,,0,https://www.abgeordnetenwatch.de/profile/donata-vogtschmidt,,Die Linke,Landesliste Thüringen
"Elisabeth Kaiser (SPD, Landesliste Thüringen)",,,,,,,no evidence,,0,https://www.abgeordnetenwatch.de/profile/elisabeth-kaiser,,SPD,Landesliste Thüringen
"Ellen Demuth (CDU/CSU, 196 - Neuwied)",,,,,,,no evidence,,0,https://www.abgeordnetenwatch.de/profile/ellen-demuth,,CDU/CSU,196 - Neuwied
"Enrico Komning (AfD, 16 - Mecklenburgische Seenplatte I – Vorpommern-Greifswald II)",,,,,,,no evidence,,0,https://www.abgeordnetenwatch.de/profile/enrico-komning,,AfD,16 - Mecklenburgische Seenplatte I – Vorpommern-Greifswald II
Erhard Brucker (AfD),,,,,,,no evidence,,0,https://www.abgeordnetenwatch.de/profile/erhard-brucker,,AfD,
"Esra Limbacher (SPD, 299 - Homburg)",,,,,,,no evidence,,0,https://www.abgeordnetenwatch.de/profile/esra-limbacher,,SPD,299 - Homburg
"Evelyn Schötz (Die Linke, Landesliste Bayern)",,,,,,,no evidence,,0,https://www.abgeordnetenwatch.de/profile/evelyn-schoetz,,Die Linke,Landesliste Bayern
"Fabian Fahl (Die Linke, Landesliste Nordrhein-Westfalen)",,,,,,,no evidence,,0,https://www.abgeordnetenwatch.de/profile/fabian-fahl,,Die Linke,Landesliste Nordrhein-Westfalen
"Fabian Gramling (CDU/CSU, 266 - Neckar-Zaber)",,,,,,,no evidence,,0,https://www.abgeordnetenwatch.de/profile/fabian-gramling,,CDU/CSU,266 - Neckar-Zaber
"Falko Droßmann (SPD, 18 - Hamburg-Mitte)",,,,,,,no evidence,,0,https://www.abgeordnetenwatch.de/profile/falko-drossmann,,SPD,18 - Hamburg-Mitte
"Felix Banaszak (BÜNDNIS 90/DIE GRÜNEN, Landesliste Nordrhein-Westfalen)",,,,,,,no evidence,,0,https://www.abgeordnetenwatch.de/profile/felix-banaszak,,BÜNDNIS 90/DIE GRÜNEN,Landesliste Nordrhein-Westfalen
"Felix Schreiner (CDU/CSU, 288 - Waldshut)",,,,,,,no evidence,,0,https://www.abgeordnetenwatch.de/profile/felix-schreiner,,CDU/CSU,288 - Waldshut
"Ferat Koçak (Die Linke, 81 - Berlin-Neukölln)",,,,,,,no evidence,,0,https://www.abgeordnetenwatch.de/profile/ferat-kocak,,Die Linke,81 - Berlin-Neukölln
"Florian Bilic (CDU/CSU, 209 - Pirmasens)",,,,,,,no evidence,,0,https://www.abgeordnetenwatch.de/profile/florian-bilic,,CDU/CSU,209 - Pirmasens
"Florian Dorn (CDU/CSU, 255 - Memmingen – Unterallgäu)",,,,,,,no evidence,,0,https://www.abgeordnetenwatch.de/profile/florian-dorn,,CDU/CSU,255 - Memmingen – Unterallgäu
"Florian Müller (CDU/CSU, 148 - Olpe – Märkischer Kreis I)",,,,,,,no evidence,,0,https://www.abgeordnetenwatch.de/profile/florian-mueller-0,,CDU/CSU,148 - Olpe – Märkischer Kreis I
"Florian Oest (CDU/CSU, Landesliste Sachsen)",,,,,,,no evidence,,0,https://www.abgeordnetenwatch.de/profile/florian-oest,,CDU/CSU,Landesliste Sachsen
"Frank Schwabe (SPD, 120 - Recklinghausen I)",,,,,,,no evidence,,0,https://www.abgeordnetenwatch.de/profile/frank-schwabe,,SPD,120 - Recklinghausen I
"Franziska Brantner (BÜNDNIS 90/DIE GRÜNEN, Landesliste Baden-Württemberg)",,,,,,,no evidence,,0,https://www.abgeordnetenwatch.de/profile/franziska-brantner,,BÜNDNIS 90/DIE GRÜNEN,Landesliste Baden-Württemberg
"Frederik Bouffier (CDU/CSU, 172 - Gießen)",,,,,,,no evidence,,0,https://www.abgeordnetenwatch.de/profile/frederik-bouffier,,CDU/CSU,172 - Gießen
"Friedrich Merz (CDU/CSU, 146 - Hochsauerlandkreis)",,,,,,,no evidence,,0,https://www.abgeordnetenwatch.de/profile/friedrich-merz,,CDU/CSU,146 - Hochsauerlandkreis
"Fritz Güntzler (CDU/CSU, 53 - Göttingen I)",,,,,,,no evidence,,0,https://www.abgeordnetenwatch.de/profile/fritz-guentzler,,CDU/CSU,53 - Göttingen I
"Gabriela Heinrich (SPD, Landesliste Bayern)",,,,,,,no evidence,,0,https://www.abgeordnetenwatch.de/profile/gabriela-heinrich,,SPD,Landesliste Bayern
"Georg Günther (CDU/CSU, Landesliste Mecklenburg-Vorpommern)",,,,,,,no evidence,,0,https://www.abgeordnetenwatch.de/profile/georg-guenther,,CDU/CSU,Landesliste Mecklenburg-Vorpommern
"Georg Schroeter (AfD, Landesliste Nordrhein-Westfalen)",,,,,,,no evidence,,0,https://www.abgeordnetenwatch.de/profile/georg-schroeter,,AfD,Landesliste Nordrhein-Westfalen
"Gerhard Trabert (Die Linke, Landesliste Rheinland-Pfalz)",,,,,,,no evidence,,0,https://www.abgeordnetenwatch.de/profile/gerhard-trabert,,Die Linke,Landesliste Rheinland-Pfalz
Gerold Otten (AfD),,,,,,,no evidence,,0,https://www.abgeordnetenwatch.de/profile/gerold-otten,,AfD,
"Günter Baumgartner (CDU/CSU, 229 - Rottal-Inn)",,,,,,,no evidence,,0,https://www.abgeordnetenwatch.de/profile/guenter-baumgartner,,CDU/CSU,229 - Rottal-Inn
"Hanna Steinmüller (BÜNDNIS 90/DIE GRÜNEN, 74 - Berlin-Mitte)",,,,,,,no evidence,,0,https://www.abgeordnetenwatch.de/profile/hanna-steinmueller,,BÜNDNIS 90/DIE GRÜNEN,74 - Berlin-Mitte
"Hannes Gnauck (AfD, 57 - Uckermark – Barnim I)",,,,,,,no evidence,,0,https://www.abgeordnetenwatch.de/profile/hannes-gnauck,,AfD,57 - Uckermark – Barnim I
"Hans-Jürgen Goßner (AfD, Landesliste Baden-Württemberg)",,,,,,,no evidence,,0,https://www.abgeordnetenwatch.de/profile/hans-juergen-gossner,,AfD,Landesliste Baden-Württemberg
"Hansjörg Durz (CDU/CSU, 252 - Augsburg-Land)",,,,,,,no evidence,,0,https://www.abgeordnetenwatch.de/profile/hansjoerg-durz,,CDU/CSU,252 - Augsburg-Land
"Harald Orthey (CDU/CSU, 203 - Montabaur)",,,,,,,no evidence,,0,https://www.abgeordnetenwatch.de/profile/harald-orthey,,CDU/CSU,203 - Montabaur
"Hauke Finger (AfD, Landesliste Nordrhein-Westfalen)",,,,,,,no evidence,,0,https://www.abgeordnetenwatch.de/profile/hauke-finger,,AfD,Landesliste Nordrhein-Westfalen
"Heiko Hain (CDU/CSU, 238 - Hof)",,,,,,,no evidence,,0,https://www.abgeordnetenwatch.de/profile/heiko-hain,,CDU/CSU,238 - Hof
"Heinrich Koch (AfD, Landesliste Baden-Württemberg)",,,,,,,no evidence,,0,https://www.abgeordnetenwatch.de/profile/heinrich-koch,,AfD,Landesliste Baden-Württemberg
"Hendrik Streeck (CDU/CSU, 95 - Bonn)",,,,,,,no evidence,,0,https://www.abgeordnetenwatch.de/profile/hendrik-streeck,,CDU/CSU,95 - Bonn
"Henning Rehbaum (CDU/CSU, 129 - Warendorf)",,,,,,,no evidence,,0,https://www.abgeordnetenwatch.de/profile/henning-rehbaum,,CDU/CSU,129 - Warendorf
"Henri Schmidt (CDU/CSU, 10 - Herzogtum Lauenburg – Stormarn-Süd)",,,,,,,no evidence,,0,https://www.abgeordnetenwatch.de/profile/henri-schmidt,,CDU/CSU,10 - Herzogtum Lauenburg – Stormarn-Süd
"Hermann Färber (CDU/CSU, 263 - Göppingen)",,,,,,,no evidence,,0,https://www.abgeordnetenwatch.de/profile/hermann-faerber,,CDU/CSU,263 - Göppingen
"Hülya Düber (CDU/CSU, 250 - Würzburg)",,,,,,,no evidence,,0,https://www.abgeordnetenwatch.de/profile/huelya-dueber,,CDU/CSU,250 - Würzburg
"Ines Schwerdtner (Die Linke, 85 - Berlin-Lichtenberg)",,,,,,,no evidence,,0,https://www.abgeordnetenwatch.de/profile/ines-schwerdtner,,Die Linke,85 - Berlin-Lichtenberg
"Inge Gräßle (CDU/CSU, 269 - Backnang – Schwäbisch Gmünd)",,,,,,,no evidence,,0,https://www.abgeordnetenwatch.de/profile/inge-graessle,,CDU/CSU,269 - Backnang – Schwäbisch Gmünd
Ingo Hahn (AfD),,,,,,,no evidence,,0,https://www.abgeordnetenwatch.de/profile/ingo-hahn,,AfD,
"Ingo Vogel (SPD, 118 - Essen II)",,,,,,,no evidence,,0,https://www.abgeordnetenwatch.de/profile/ingo-vogel,,SPD,118 - Essen II
"Irene Mihalic (BÜNDNIS 90/DIE GRÜNEN, Landesliste Nordrhein-Westfalen)",,,,,,,no evidence,,0,https://www.abgeordnetenwatch.de/profile/irene-mihalic,,BÜNDNIS 90/DIE GRÜNEN,Landesliste Nordrhein-Westfalen
"Iris Nieland (AfD, Landesliste Rheinland-Pfalz)",,,,,,,no evidence,,0,https://www.abgeordnetenwatch.de/profile/iris-nieland,,AfD,Landesliste Rheinland-Pfalz
"Isabel Cademartori (SPD, Landesliste Baden-Württemberg)",,,,,,,no evidence,,0,https://www.abgeordnetenwatch.de/profile/isabel-cademartori,,SPD,Landesliste Baden-Württemberg
"Isabelle Vandre (Die Linke, Landesliste Brandenburg)",,,,,,,no evidence,,0,https://www.abgeordnetenwatch.de/profile/isabelle-vandre,,Die Linke,Landesliste Brandenburg
"Jakob Blankenburg (SPD, 37 - Lüchow-Dannenberg – Lüneburg)",,,,,,,no evidence,,0,https://www.abgeordnetenwatch.de/profile/jakob-blankenburg,,SPD,37 - Lüchow-Dannenberg – Lüneburg
"Jamila Anna Schäfer (BÜNDNIS 90/DIE GRÜNEN, Landesliste Bayern)",,,,,,,no evidence,,0,https://www.abgeordnetenwatch.de/profile/jamila-anna-schaefer,,BÜNDNIS 90/DIE GRÜNEN,Landesliste Bayern
"Jan Köstering (Die Linke, Landesliste Nordrhein-Westfalen)",,,,,,,no evidence,,0,https://www.abgeordnetenwatch.de/profile/jan-koestering,,Die Linke,Landesliste Nordrhein-Westfalen
"Jan Metzler (CDU/CSU, 205 - Worms)",,,,,,,no evidence,,0,https://www.abgeordnetenwatch.de/profile/jan-metzler,,CDU/CSU,205 - Worms
"Jan Ralf Nolte (AfD, Landesliste Hessen)",,,,,,,no evidence,,0,https://www.abgeordnetenwatch.de/profile/jan-ralf-nolte,,AfD,Landesliste Hessen
"Jan Wenzel Schmidt (fraktionslos, 67 - Börde – Salzlandkreis)",,,,,,,no evidence,,0,https://www.abgeordnetenwatch.de/profile/jan-wenzel-schmidt,,fraktionslos,67 - Börde – Salzlandkreis
"Jan-Niclas Gesenhues (BÜNDNIS 90/DIE GRÜNEN, Landesliste Nordrhein-Westfalen)",,,,,,,no evidence,,0,https://www.abgeordnetenwatch.de/profile/jan-niclas-gesenhues,,BÜNDNIS 90/DIE GRÜNEN,Landesliste Nordrhein-Westfalen
"Janina Böttger (Die Linke, Landesliste Sachsen-Anhalt)",,,,,,,no evidence,,0,https://www.abgeordnetenwatch.de/profile/janina-boettger,,Die Linke,Landesliste Sachsen-Anhalt
"Janine Wissler (Die Linke, Landesliste Hessen)",,,,,,,no evidence,,0,https://www.abgeordnetenwatch.de/profile/janine-wissler,,Die Linke,Landesliste Hessen
"Janosch Dahmen (BÜNDNIS 90/DIE GRÜNEN, Landesliste Nordrhein-Westfalen)",,,,,,,no evidence,,0,https://www.abgeordnetenwatch.de/profile/janosch-dahmen,,BÜNDNIS 90/DIE GRÜNEN,Landesliste Nordrhein-Westfalen
"Jasmina Hostert (SPD, Landesliste Baden-Württemberg)",,,,,,,no evidence,,0,https://www.abgeordnetenwatch.de/profile/jasmina-hostert,,SPD,Landesliste Baden-Württemberg
"Jeanne Dillschneider (BÜNDNIS 90/DIE GRÜNEN, Landesliste Saarland)",,,,,,,no evidence,,0,https://www.abgeordnetenwatch.de/profile/jeanne-dillschneider,,BÜNDNIS 90/DIE GRÜNEN,Landesliste Saarland
"Jens Behrens (SPD, Landesliste Nordrhein-Westfalen)",,,,,,,no evidence,,0,https://www.abgeordnetenwatch.de/profile/jens-behrens,,SPD,Landesliste Nordrhein-Westfalen
"Jens Peick (SPD, 141 - Dortmund I)",,,,,,,no evidence,,0,https://www.abgeordnetenwatch.de/profile/jens-peick,,SPD,141 - Dortmund I
"Joachim Ebmeyer (CDU/CSU, 132 - Herford – Minden-Lübbecke II)",,,,,,,no evidence,,0,https://www.abgeordnetenwatch.de/profile/joachim-ebmeyer,,CDU/CSU,132 - Herford – Minden-Lübbecke II
"Jochen Haug (AfD, Landesliste Nordrhein-Westfalen)",,,,,,,no evidence,,0,https://www.abgeordnetenwatch.de/profile/jochen-haug,,AfD,Landesliste Nordrhein-Westfalen
"Johannes Fechner (SPD, Landesliste Baden-Württemberg)",,,,,,,no evidence,,0,https://www.abgeordnetenwatch.de/profile/johannes-fechner,,SPD,Landesliste Baden-Württemberg
"Johannes Rothenberger (CDU/CSU, 284 - Offenburg)",,,,,,,no evidence,,0,https://www.abgeordnetenwatch.de/profile/johannes-rothenberger,,CDU/CSU,284 - Offenburg
"Johannes Schraps (SPD, 46 - Hameln-Pyrmont – Holzminden)",,,,,,,no evidence,,0,https://www.abgeordnetenwatch.de/profile/johannes-schraps,,SPD,46 - Hameln-Pyrmont – Holzminden
"Johannes Schätzl (SPD, Landesliste Bayern)",,,,,,,no evidence,,0,https://www.abgeordnetenwatch.de/profile/johannes-schaetzl,,SPD,Landesliste Bayern
"Johannes Steiniger (CDU/CSU, 207 - Neustadt – Speyer)",,,,,,,no evidence,,0,https://www.abgeordnetenwatch.de/profile/johannes-steiniger,,CDU/CSU,207 - Neustadt – Speyer
"Johannes Wagner (BÜNDNIS 90/DIE GRÜNEN, Landesliste Bayern)",,,,,,,no evidence,,0,https://www.abgeordnetenwatch.de/profile/johannes-wagner,,BÜNDNIS 90/DIE GRÜNEN,Landesliste Bayern
"Johannes Winkel (CDU/CSU, 106 - Düsseldorf II)",,,,,,,no evidence,,0,https://www.abgeordnetenwatch.de/profile/johannes-winkel,,CDU/CSU,106 - Düsseldorf II
Jorrit Bosch (Die Linke),,,,,,,no evidence,,0,https://www.abgeordnetenwatch.de/profile/jorrit-bosch,,Die Linke,
"Josef Oster (CDU/CSU, 198 - Koblenz)",,,,,,,no evidence,,0,https://www.abgeordnetenwatch.de/profile/josef-oster,,CDU/CSU,198 - Koblenz
"Josephine Ortleb (SPD, 296 - Saarbrücken)",,,,,,,no evidence,,0,https://www.abgeordnetenwatch.de/profile/josephine-ortleb,,SPD,296 - Saarbrücken
"Julia Verlinden (BÜNDNIS 90/DIE GRÜNEN, Landesliste Niedersachsen)",,,,,,,no evidence,,0,https://www.abgeordnetenwatch.de/profile/julia-verlinden,,BÜNDNIS 90/DIE GRÜNEN,Landesliste Niedersachsen
"Julia-Christina Stange (Die Linke, Landesliste Rheinland-Pfalz)",,,,,,,no evidence,,0,https://www.abgeordnetenwatch.de/profile/julia-christina-stange,,Die Linke,Landesliste Rheinland-Pfalz
"Julian Joswig (BÜNDNIS 90/DIE GRÜNEN, Landesliste Rheinland-Pfalz)",,,,,,,no evidence,,0,https://www.abgeordnetenwatch.de/profile/julian-joswig,,BÜNDNIS 90/DIE GRÜNEN,Landesliste Rheinland-Pfalz
"Julian Schmidt (AfD, Landesliste Hessen)",,,,,,,no evidence,,0,https://www.abgeordnetenwatch.de/profile/julian-schmidt,,AfD,Landesliste Hessen
"Jörg Cezanne (Die Linke, Landesliste Hessen)",,,,,,,no evidence,,0,https://www.abgeordnetenwatch.de/profile/joerg-cezanne,,Die Linke,Landesliste Hessen
"Jörg Zirwes (AfD, Landesliste Rheinland-Pfalz)",,,,,,,no evidence,,0,https://www.abgeordnetenwatch.de/profile/joerg-zirwes,,AfD,Landesliste Rheinland-Pfalz
"Jörn König (AfD, Landesliste Niedersachsen)",,,,,,,no evidence,,0,https://www.abgeordnetenwatch.de/profile/joern-koenig,,AfD,Landesliste Niedersachsen
"Jürgen Coße (SPD, Landesliste Nordrhein-Westfalen)",,,,,,,no evidence,,0,https://www.abgeordnetenwatch.de/profile/juergen-cosse,,SPD,Landesliste Nordrhein-Westfalen
"Jürgen Kögel (AfD, Landesliste Baden-Württemberg)",,,,,,,no evidence,,0,https://www.abgeordnetenwatch.de/profile/juergen-koegel,,AfD,Landesliste Baden-Württemberg
"Kai Whittaker (CDU/CSU, 273 - Rastatt)",,,,,,,no evidence,,0,https://www.abgeordnetenwatch.de/profile/kai-whittaker,,CDU/CSU,273 - Rastatt
"Karl Bär (BÜNDNIS 90/DIE GRÜNEN, Landesliste Bayern)",,,,,,,no evidence,,0,https://www.abgeordnetenwatch.de/profile/karl-baer,,BÜNDNIS 90/DIE GRÜNEN,Landesliste Bayern
"Kassem Taher Saleh (BÜNDNIS 90/DIE GRÜNEN, Landesliste Sachsen)",,,,,,,no evidence,,0,https://www.abgeordnetenwatch.de/profile/kassem-taher-saleh,,BÜNDNIS 90/DIE GRÜNEN,Landesliste Sachsen
"Katalin Gennburg (Die Linke, Landesliste Berlin)",,,,,,,no evidence,,0,https://www.abgeordnetenwatch.de/profile/katalin-gennburg,,Die Linke,Landesliste Berlin
"Katharina Beck (BÜNDNIS 90/DIE GRÜNEN, Landesliste Hamburg)",,,,,,,no evidence,,0,https://www.abgeordnetenwatch.de/profile/katharina-beck,,BÜNDNIS 90/DIE GRÜNEN,Landesliste Hamburg
"Katharina Dröge (BÜNDNIS 90/DIE GRÜNEN, 94 - Köln III)",,,,,,,no evidence,,0,https://www.abgeordnetenwatch.de/profile/katharina-droege,,BÜNDNIS 90/DIE GRÜNEN,94 - Köln III
"Kathrin Gebel (Die Linke, Landesliste Nordrhein-Westfalen)",,,,,,,no evidence,,0,https://www.abgeordnetenwatch.de/profile/kathrin-gebel,,Die Linke,Landesliste Nordrhein-Westfalen
"Katja Strauss-Köster (CDU/CSU, 138 - Ennepe-Ruhr-Kreis II)",,,,,,,no evidence,,0,https://www.abgeordnetenwatch.de/profile/katja-strauss-koester,,CDU/CSU,138 - Ennepe-Ruhr-Kreis II
"Katrin Fey (Die Linke, Landesliste Nordrhein-Westfalen)",,,,,,,no evidence,,0,https://www.abgeordnetenwatch.de/profile/katrin-fey,,Die Linke,Landesliste Nordrhein-Westfalen
"Katrin Uhlig (BÜNDNIS 90/DIE GRÜNEN, Landesliste Nordrhein-Westfalen)",,,,,,,no evidence,,0,https://www.abgeordnetenwatch.de/profile/katrin-uhlig,,BÜNDNIS 90/DIE GRÜNEN,Landesliste Nordrhein-Westfalen
Katrin Zschau (SPD),,,,,,,no evidence,,0,https://www.abgeordnetenwatch.de/profile/katrin-zschau,,SPD,
"Kerstin Radomski (CDU/CSU, 113 - Krefeld II – Wesel II)",,,,,,,no evidence,,0,https://www.abgeordnetenwatch.de/profile/kerstin-radomski,,CDU/CSU,113 - Krefeld II – Wesel II
"Klaus Mack (CDU/CSU, 280 - Calw)",,,,,,,no evidence,,0,https://www.abgeordnetenwatch.de/profile/klaus-mack,,CDU/CSU,280 - Calw
"Klaus Wiener (CDU/CSU, 103 - Mettmann I)",,,,,,,no evidence,,0,https://www.abgeordnetenwatch.de/profile/klaus-wiener,,CDU/CSU,103 - Mettmann I
"Knuth Meyer-Soltau (AfD, Landesliste Nordrhein-Westfalen)",,,,,,,no evidence,,0,https://www.abgeordnetenwatch.de/profile/knuth-meyer-soltau,,AfD,Landesliste Nordrhein-Westfalen
"Konrad Körner (CDU/CSU, 241 - Erlangen)",,,,,,,no evidence,,0,https://www.abgeordnetenwatch.de/profile/konrad-koerner,,CDU/CSU,241 - Erlangen
"Kurt Klaus Kleinschmidt (AfD, Landesliste Schleswig-Holstein)",,,,,,,no evidence,,0,https://www.abgeordnetenwatch.de/profile/kurt-klaus-kleinschmidt,,AfD,Landesliste Schleswig-Holstein
"Lamya Kaddor (BÜNDNIS 90/DIE GRÜNEN, Landesliste Nordrhein-Westfalen)",,,,,,,no evidence,,0,https://www.abgeordnetenwatch.de/profile/lamya-kaddor,,BÜNDNIS 90/DIE GRÜNEN,Landesliste Nordrhein-Westfalen
"Lars Castellucci (SPD, Landesliste Baden-Württemberg)",,,,,,,no evidence,,0,https://www.abgeordnetenwatch.de/profile/lars-castellucci,,SPD,Landesliste Baden-Württemberg
"Lars Haise (AfD, Landesliste Baden-Württemberg)",,,,,,,no evidence,,0,https://www.abgeordnetenwatch.de/profile/lars-haise,,AfD,Landesliste Baden-Württemberg
"Lars Rohwer (CDU/CSU, Landesliste Sachsen)",,,,,,,no evidence,,0,https://www.abgeordnetenwatch.de/profile/lars-rohwer,,CDU/CSU,Landesliste Sachsen
"Lars Schieske (AfD, 64 - Cottbus – Spree-Neiße)",,,,,,,no evidence,,0,https://www.abgeordnetenwatch.de/profile/lars-schieske,,AfD,64 - Cottbus – Spree-Neiße
"Lea Reisner (Die Linke, Landesliste Nordrhein-Westfalen)",,,,,,,no evidence,,0,https://www.abgeordnetenwatch.de/profile/lea-reisner,,Die Linke,Landesliste Nordrhein-Westfalen
"Leif Bodin (CDU/CSU, 2 - Nordfriesland – Dithmarschen Nord)",,,,,,,no evidence,,0,https://www.abgeordnetenwatch.de/profile/leif-bodin,,CDU/CSU,2 - Nordfriesland – Dithmarschen Nord
"Leif-Erik Holm (AfD, 12 - Schwerin – Ludwigslust-Parchim I – Nordwestmecklenburg I)",,,,,,,no evidence,,0,https://www.abgeordnetenwatch.de/profile/leif-erik-holm,,AfD,12 - Schwerin – Ludwigslust-Parchim I – Nordwestmecklenburg I
"Lena Gumnior (BÜNDNIS 90/DIE GRÜNEN, Landesliste Niedersachsen)",,,,,,,no evidence,,0,https://www.abgeordnetenwatch.de/profile/lena-gumnior,,BÜNDNIS 90/DIE GRÜNEN,Landesliste Niedersachsen
"Lisa Schubert (Die Linke, Landesliste Nordrhein-Westfalen)",,,,,,,no evidence,,0,https://www.abgeordnetenwatch.de/profile/lisa-schubert,,Die Linke,Landesliste Nordrhein-Westfalen
"Lorenz Gösta Beutin (Die Linke, Landesliste Schleswig-Holstein)",,,,,,,no evidence,,0,https://www.abgeordnetenwatch.de/profile/lorenz-goesta-beutin,,Die Linke,Landesliste Schleswig-Holstein
"Luigi Pantisano (Die Linke, Landesliste Baden-Württemberg)",,,,,,,no evidence,,0,https://www.abgeordnetenwatch.de/profile/luigi-pantisano,,Die Linke,Landesliste Baden-Württemberg
"Luise Amtsberg (BÜNDNIS 90/DIE GRÜNEN, 5 - Kiel)",,,,,,,no evidence,,0,https://www.abgeordnetenwatch.de/profile/luise-amtsberg,,BÜNDNIS 90/DIE GRÜNEN,5 - Kiel
"Lukas Benner (BÜNDNIS 90/DIE GRÜNEN, Landesliste Nordrhein-Westfalen)",,,,,,,no evidence,,0,https://www.abgeordnetenwatch.de/profile/lukas-benner,,BÜNDNIS 90/DIE GRÜNEN,Landesliste Nordrhein-Westfalen
"Lukas Krieger (CDU/CSU, 79 - Berlin-Charlottenburg-Wilmersdorf)",,,,,,,no evidence,,0,https://www.abgeordnetenwatch.de/profile/lukas-krieger,,CDU/CSU,79 - Berlin-Charlottenburg-Wilmersdorf
"Luke Hoß (Die Linke, Landesliste Bayern)",,,,,,,no evidence,,0,https://www.abgeordnetenwatch.de/profile/luke-hoss,,Die Linke,Landesliste Bayern
"Lutz Brinkmann (CDU/CSU, 38 - Osnabrück-Land)",,,,,,,no evidence,,0,https://www.abgeordnetenwatch.de/profile/lutz-brinkmann,,CDU/CSU,38 - Osnabrück-Land
"Macit Karaahmetoğlu (SPD, Landesliste Baden-Württemberg)",,,,,,,no evidence,,0,https://www.abgeordnetenwatch.de/profile/macit-karaahmetoglu,,SPD,Landesliste Baden-Württemberg
"Maja Wallstein (SPD, Landesliste Brandenburg)",,,,,,,no evidence,,0,https://www.abgeordnetenwatch.de/profile/maja-wallstein,,SPD,Landesliste Brandenburg
Manfred Schiller (AfD),,,,,,,no evidence,,0,https://www.abgeordnetenwatch.de/profile/manfred-schiller,,AfD,
Manuel Johannes Krauthausen (AfD),,,,,,,no evidence,,0,https://www.abgeordnetenwatch.de/profile/manuel-johannes-krauthausen,,AfD,
"Marc Henrichmann (CDU/CSU, 126 - Coesfeld – Steinfurt II)",,,,,,,no evidence,,0,https://www.abgeordnetenwatch.de/profile/marc-henrichmann,,CDU/CSU,126 - Coesfeld – Steinfurt II
"Marcel Bauer (Die Linke, Landesliste Baden-Württemberg)",,,,,,,no evidence,,0,https://www.abgeordnetenwatch.de/profile/marcel-bauer,,Die Linke,Landesliste Baden-Württemberg
"Marcel Emmerich (BÜNDNIS 90/DIE GRÜNEN, Landesliste Baden-Württemberg)",,,,,,,no evidence,,0,https://www.abgeordnetenwatch.de/profile/marcel-emmerich,,BÜNDNIS 90/DIE GRÜNEN,Landesliste Baden-Württemberg
"Marcel Queckemeyer (AfD, Landesliste Niedersachsen)",,,,,,,no evidence,,0,https://www.abgeordnetenwatch.de/profile/marcel-queckemeyer,,AfD,Landesliste Niedersachsen
"Marcus Bühl (AfD, 191 - Gotha – Ilm-Kreis)",,,,,,,no evidence,,0,https://www.abgeordnetenwatch.de/profile/marcus-buehl,,AfD,191 - Gotha – Ilm-Kreis
"Mareike Hermeier (Die Linke, Landesliste Nordrhein-Westfalen)",,,,,,,no evidence,,0,https://www.abgeordnetenwatch.de/profile/mareike-hermeier,,Die Linke,Landesliste Nordrhein-Westfalen
"Maren Kaminski (Die Linke, Landesliste Niedersachsen)",,,,,,,no evidence,,0,https://www.abgeordnetenwatch.de/profile/maren-kaminski,,Die Linke,Landesliste Niedersachsen
"Maria-Lena Weiss (CDU/CSU, 285 - Rottweil – Tuttlingen)",,,,,,,no evidence,,0,https://www.abgeordnetenwatch.de/profile/maria-lena-weiss,,CDU/CSU,285 - Rottweil – Tuttlingen
"Marja-Liisa Völlers (SPD, 40 - Nienburg II – Schaumburg)",,,,,,,no evidence,,0,https://www.abgeordnetenwatch.de/profile/marja-liisa-voellers,,SPD,40 - Nienburg II – Schaumburg
"Mark Helfrich (CDU/CSU, 3 - Steinburg – Dithmarschen Süd)",,,,,,,no evidence,,0,https://www.abgeordnetenwatch.de/profile/mark-helfrich,,CDU/CSU,3 - Steinburg – Dithmarschen Süd
"Markus Frohnmaier (AfD, Landesliste Baden-Württemberg)",,,,,,,no evidence,,0,https://www.abgeordnetenwatch.de/profile/markus-frohnmaier,,AfD,Landesliste Baden-Württemberg
"Markus Koob (CDU/CSU, 175 - Hochtaunus)",,,,,,,no evidence,,0,https://www.abgeordnetenwatch.de/profile/markus-koob,,CDU/CSU,175 - Hochtaunus
Markus Matzerath (AfD),,,,,,,no evidence,,0,https://www.abgeordnetenwatch.de/profile/markus-matzerath,,AfD,
"Markus Töns (SPD, 122 - Gelsenkirchen)",,,,,,,no evidence,,0,https://www.abgeordnetenwatch.de/profile/markus-toens,,SPD,122 - Gelsenkirchen
"Martin Erwin Renner (AfD, Landesliste Nordrhein-Westfalen)",,,,,,,no evidence,,0,https://www.abgeordnetenwatch.de/profile/martin-erwin-renner,,AfD,Landesliste Nordrhein-Westfalen
"Martin Hess (AfD, Landesliste Baden-Württemberg)",,,,,,,no evidence,,0,https://www.abgeordnetenwatch.de/profile/martin-hess,,AfD,Landesliste Baden-Württemberg
"Martin Kröber (SPD, Landesliste Sachsen-Anhalt)",,,,,,,no evidence,,0,https://www.abgeordnetenwatch.de/profile/martin-kroeber,,SPD,Landesliste Sachsen-Anhalt
"Martin Rabanus (SPD, Landesliste Hessen)",,,,,,,no evidence,,0,https://www.abgeordnetenwatch.de/profile/martin-rabanus,,SPD,Landesliste Hessen
"Martina Englhardt-Kopf (CDU/CSU, 233 - Schwandorf)",,,,,,,no evidence,,0,https://www.abgeordnetenwatch.de/profile/martina-englhardt-kopf,,CDU/CSU,233 - Schwandorf
"Martina Uhr (AfD, Landesliste Niedersachsen)",,,,,,,no evidence,,0,https://www.abgeordnetenwatch.de/profile/martina-uhr,,AfD,Landesliste Niedersachsen
"Marvin Schulz (CDU/CSU, 76 - Berlin-Reinickendorf)",,,,,,,no evidence,,0,https://www.abgeordnetenwatch.de/profile/marvin-schulz,,CDU/CSU,76 - Berlin-Reinickendorf
"Mathias Middelberg (CDU/CSU, 39 - Stadt Osnabrück)",,,,,,,no evidence,,0,https://www.abgeordnetenwatch.de/profile/mathias-middelberg,,CDU/CSU,39 - Stadt Osnabrück
"Mathias Weiser (AfD, 165 - Vogtlandkreis)",,,,,,,no evidence,,0,https://www.abgeordnetenwatch.de/profile/mathias-weiser,,AfD,165 - Vogtlandkreis
"Matthias Gastel (BÜNDNIS 90/DIE GRÜNEN, Landesliste Baden-Württemberg)",,,,,,,no evidence,,0,https://www.abgeordnetenwatch.de/profile/matthias-gastel,,BÜNDNIS 90/DIE GRÜNEN,Landesliste Baden-Württemberg
"Matthias Helferich (AfD, Landesliste Nordrhein-Westfalen)",,,,,,,no evidence,,0,https://www.abgeordnetenwatch.de/profile/matthias-helferich,,AfD,Landesliste Nordrhein-Westfalen
"Matthias Hiller (CDU/CSU, 262 - Nürtingen)",,,,,,,no evidence,,0,https://www.abgeordnetenwatch.de/profile/matthias-hiller,,CDU/CSU,262 - Nürtingen
"Matthias Mieves (SPD, 208 - Kaiserslautern)",,,,,,,no evidence,,0,https://www.abgeordnetenwatch.de/profile/matthias-mieves,,SPD,208 - Kaiserslautern
"Matthias Moosdorf (AfD, 164 - Zwickau)",,,,,,,no evidence,,0,https://www.abgeordnetenwatch.de/profile/matthias-moosdorf,,AfD,164 - Zwickau
"Matthias Rentzsch (AfD, 159 - Dresden II – Bautzen II)",,,,,,,no evidence,,0,https://www.abgeordnetenwatch.de/profile/matthias-rentzsch,,AfD,159 - Dresden II – Bautzen II
"Maximilian Kneller (AfD, Landesliste Nordrhein-Westfalen)",,,,,,,no evidence,,0,https://www.abgeordnetenwatch.de/profile/maximilian-kneller,,AfD,Landesliste Nordrhein-Westfalen
"Maximilian Krah (AfD, 162 - Chemnitzer Umland – Erzgebirgskreis II)",,,,,,,no evidence,,0,https://www.abgeordnetenwatch.de/profile/maximilian-krah,,AfD,162 - Chemnitzer Umland – Erzgebirgskreis II
"Mayra Vriesema (BÜNDNIS 90/DIE GRÜNEN, Landesliste Schleswig-Holstein)",,,,,,,no evidence,,0,https://www.abgeordnetenwatch.de/profile/mayra-vriesema,,BÜNDNIS 90/DIE GRÜNEN,Landesliste Schleswig-Holstein
"Metin Hakverdi (SPD, 23 - Hamburg-Bergedorf – Harburg)",,,,,,,no evidence,,0,https://www.abgeordnetenwatch.de/profile/metin-hakverdi,,SPD,23 - Hamburg-Bergedorf – Harburg
"Micha Fehre (AfD, Landesliste Niedersachsen)",,,,,,,no evidence,,0,https://www.abgeordnetenwatch.de/profile/micha-fehre,,AfD,Landesliste Niedersachsen
"Michael Blos (AfD, Landesliste Baden-Württemberg)",,,,,,,no evidence,,0,https://www.abgeordnetenwatch.de/profile/michael-blos,,AfD,Landesliste Baden-Württemberg
"Michael Breilmann (CDU/CSU, Landesliste Nordrhein-Westfalen)",,,,,,,no evidence,,0,https://www.abgeordnetenwatch.de/profile/michael-breilmann,,CDU/CSU,Landesliste Nordrhein-Westfalen
"Michael Espendiller (AfD, Landesliste Nordrhein-Westfalen)",,,,,,,no evidence,,0,https://www.abgeordnetenwatch.de/profile/michael-espendiller,,AfD,Landesliste Nordrhein-Westfalen
"Michael Hose (CDU/CSU, Landesliste Thüringen)",,,,,,,no evidence,,0,https://www.abgeordnetenwatch.de/profile/michael-hose,,CDU/CSU,Landesliste Thüringen
"Michael Schrodi (SPD, Landesliste Bayern)",,,,,,,no evidence,,0,https://www.abgeordnetenwatch.de/profile/michael-schrodi,,SPD,Landesliste Bayern
"Michael Thews (SPD, 144 - Hamm – Unna II)",,,,,,,no evidence,,0,https://www.abgeordnetenwatch.de/profile/michael-thews,,SPD,144 - Hamm – Unna II
"Michael „Moses“ Arndt (Die Linke, Landesliste Saarland)",,,,,,,no evidence,,0,https://www.abgeordnetenwatch.de/profile/michael-moses-arndt,,Die Linke,Landesliste Saarland
"Mirco Hanker (AfD, Landesliste Niedersachsen)",,,,,,,no evidence,,0,https://www.abgeordnetenwatch.de/profile/mirco-hanker,,AfD,Landesliste Niedersachsen
"Mirze Edis (Die Linke, Landesliste Nordrhein-Westfalen)",,,,,,,no evidence,,0,https://www.abgeordnetenwatch.de/profile/mirze-edis,,Die Linke,Landesliste Nordrhein-Westfalen
"Misbah Khan (BÜNDNIS 90/DIE GRÜNEN, Landesliste Rheinland-Pfalz)",,,,,,,no evidence,,0,https://www.abgeordnetenwatch.de/profile/misbah-khan,,BÜNDNIS 90/DIE GRÜNEN,Landesliste Rheinland-Pfalz
"Moritz Heuberger (BÜNDNIS 90/DIE GRÜNEN, 80 - Berlin-Tempelhof-Schöneberg)",,,,,,,no evidence,,0,https://www.abgeordnetenwatch.de/profile/moritz-heuberger,,BÜNDNIS 90/DIE GRÜNEN,80 - Berlin-Tempelhof-Schöneberg
"Nancy Faeser (SPD, Landesliste Hessen)",,,,,,,no evidence,,0,https://www.abgeordnetenwatch.de/profile/nancy-faeser,,SPD,Landesliste Hessen
"Nicklas Kappe (CDU/CSU, 124 - Bottrop – Recklinghausen III)",,,,,,,no evidence,,0,https://www.abgeordnetenwatch.de/profile/nicklas-kappe,,CDU/CSU,124 - Bottrop – Recklinghausen III
"Nicolas Zippelius (CDU/CSU, 272 - Karlsruhe-Land)",,,,,,,no evidence,,0,https://www.abgeordnetenwatch.de/profile/nicolas-zippelius,,CDU/CSU,272 - Karlsruhe-Land
"Niklas Wagener (BÜNDNIS 90/DIE GRÜNEN, Landesliste Bayern)",,,,,,,no evidence,,0,https://www.abgeordnetenwatch.de/profile/niklas-wagener,,BÜNDNIS 90/DIE GRÜNEN,Landesliste Bayern
"Nina Scheer (SPD, Landesliste Schleswig-Holstein)",,,,,,,no evidence,,0,https://www.abgeordnetenwatch.de/profile/nina-scheer,,SPD,Landesliste Schleswig-Holstein
"Nina Warken (CDU/CSU, 276 - Odenwald – Tauber)",,,,,,,no evidence,,0,https://www.abgeordnetenwatch.de/profile/nina-warken,,CDU/CSU,276 - Odenwald – Tauber
Olaf Hilmer (AfD),,,,,,,no evidence,,0,https://www.abgeordnetenwatch.de/profile/olaf-hilmer,,AfD,
"Olaf Scholz (SPD, 61 - Potsdam – Potsdam-Mittelmark II – Teltow-Fläming II)",,,,,,,no evidence,,0,https://www.abgeordnetenwatch.de/profile/olaf-scholz,,SPD,61 - Potsdam – Potsdam-Mittelmark II – Teltow-Fläming II
"Oliver Pöpsel (CDU/CSU, 145 - Soest)",,,,,,,no evidence,,0,https://www.abgeordnetenwatch.de/profile/oliver-poepsel,,CDU/CSU,145 - Soest
"Ottilie Klein (CDU/CSU, Landesliste Berlin)",,,,,,,no evidence,,0,https://www.abgeordnetenwatch.de/profile/ottilie-klein,,CDU/CSU,Landesliste Berlin
"Pascal Meiser (Die Linke, 82 - Berlin-Friedrichshain-Kreuzberg – Prenzlauer Berg Ost)",,,,,,,no evidence,,0,https://www.abgeordnetenwatch.de/profile/pascal-meiser,,Die Linke,82 - Berlin-Friedrichshain-Kreuzberg – Prenzlauer Berg Ost
"Paul Ziemiak (CDU/CSU, 149 - Märkischer Kreis II)",,,,,,,no evidence,,0,https://www.abgeordnetenwatch.de/profile/paul-ziemiak,,CDU/CSU,149 - Märkischer Kreis II
"Peter Boehringer (AfD, Landesliste Bayern)",,,,,,,no evidence,,0,https://www.abgeordnetenwatch.de/profile/peter-boehringer,,AfD,Landesliste Bayern
Peter Bohnhof (AfD),,,,,,,no evidence,,0,https://www.abgeordnetenwatch.de/profile/peter-bohnhof,,AfD,
"Philip Hoffmann (CDU/CSU, 297 - Saarlouis)",,,,,,,no evidence,,0,https://www.abgeordnetenwatch.de/profile/philip-hoffmann,,CDU/CSU,297 - Saarlouis
"Philipp Rottwilm (SPD, Landesliste Hessen)",,,,,,,no evidence,,0,https://www.abgeordnetenwatch.de/profile/philipp-rottwilm,,SPD,Landesliste Hessen
"Pierre Lamely (AfD, Landesliste Hessen)",,,,,,,no evidence,,0,https://www.abgeordnetenwatch.de/profile/pierre-lamely,,AfD,Landesliste Hessen
"Raimond Scheirich (AfD, Landesliste Bayern)",,,,,,,no evidence,,0,https://www.abgeordnetenwatch.de/profile/raimond-scheirich,,AfD,Landesliste Bayern
"Rainer Galla (AfD, 63 - Frankfurt (Oder) – Oder-Spree)",,,,,,,no evidence,,0,https://www.abgeordnetenwatch.de/profile/rainer-galla,,AfD,63 - Frankfurt (Oder) – Oder-Spree
Rainer Gross (AfD),,,,,,,no evidence,,0,https://www.abgeordnetenwatch.de/profile/rainer-gross-0,,AfD,
Rainer Kraft (AfD),,,,,,,no evidence,,0,https://www.abgeordnetenwatch.de/profile/rainer-kraft,,AfD,
"Rainer Rothfuß (AfD, Landesliste Bayern)",,,,,,,no evidence,,0,https://www.abgeordnetenwatch.de/profile/rainer-rothfuss,,AfD,Landesliste Bayern
"Ralf Stegner (SPD, Landesliste Schleswig-Holstein)",,,,,,,no evidence,,0,https://www.abgeordnetenwatch.de/profile/ralf-stegner,,SPD,Landesliste Schleswig-Holstein
"Rasha Nasr (SPD, Landesliste Sachsen)",,,,,,,no evidence,,0,https://www.abgeordnetenwatch.de/profile/rasha-nasr,,SPD,Landesliste Sachsen
"Rebecca Lenhard (BÜNDNIS 90/DIE GRÜNEN, Landesliste Bayern)",,,,,,,no evidence,,0,https://www.abgeordnetenwatch.de/profile/rebecca-lenhard,,BÜNDNIS 90/DIE GRÜNEN,Landesliste Bayern
Reem Alabali Radovan (SPD),,,,,,,no evidence,,0,https://www.abgeordnetenwatch.de/profile/reem-alabali-radovan,,SPD,
Reinhard Mixl (AfD),,,,,,,no evidence,,0,https://www.abgeordnetenwatch.de/profile/reinhard-mixl,,AfD,
"René Bochmann (AfD, 150 - Nordsachsen)",,,,,,,no evidence,,0,https://www.abgeordnetenwatch.de/profile/rene-bochmann,,AfD,150 - Nordsachsen
"René Springer (AfD, 59 - Märkisch-Oderland – Barnim II)",,,,,,,no evidence,,0,https://www.abgeordnetenwatch.de/profile/rene-springer,,AfD,59 - Märkisch-Oderland – Barnim II
"Reza Asghari (CDU/CSU, Landesliste Niedersachsen)",,,,,,,no evidence,,0,https://www.abgeordnetenwatch.de/profile/reza-asghari,,CDU/CSU,Landesliste Niedersachsen
"Ricarda Lang (BÜNDNIS 90/DIE GRÜNEN, Landesliste Baden-Württemberg)",,,,,,,no evidence,,0,https://www.abgeordnetenwatch.de/profile/ricarda-lang,,BÜNDNIS 90/DIE GRÜNEN,Landesliste Baden-Württemberg
"Robert Teske (AfD, 195 - Suhl – Schmalkalden-Meiningen – Hildburghausen – Sonneberg)",,,,,,,no evidence,,0,https://www.abgeordnetenwatch.de/profile/robert-teske,,AfD,195 - Suhl – Schmalkalden-Meiningen – Hildburghausen – Sonneberg
"Robin Jünger (AfD, Landesliste Hessen)",,,,,,,no evidence,,0,https://www.abgeordnetenwatch.de/profile/robin-juenger,,AfD,Landesliste Hessen
"Robin Wagener (BÜNDNIS 90/DIE GRÜNEN, Landesliste Nordrhein-Westfalen)",,,,,,,no evidence,,0,https://www.abgeordnetenwatch.de/profile/robin-wagener,,BÜNDNIS 90/DIE GRÜNEN,Landesliste Nordrhein-Westfalen
"Rocco Kever (AfD, Landesliste Niedersachsen)",,,,,,,no evidence,,0,https://www.abgeordnetenwatch.de/profile/rocco-kever,,AfD,Landesliste Niedersachsen
"Roland Theis (CDU/CSU, 298 - St. Wendel)",,,,,,,no evidence,,0,https://www.abgeordnetenwatch.de/profile/roland-theis,,CDU/CSU,298 - St. Wendel
"Ronald Gläser (AfD, Landesliste Berlin)",,,,,,,no evidence,,0,https://www.abgeordnetenwatch.de/profile/ronald-glaeser,,AfD,Landesliste Berlin
"Ruben Rupp (AfD, Landesliste Baden-Württemberg)",,,,,,,no evidence,,0,https://www.abgeordnetenwatch.de/profile/ruben-rupp,,AfD,Landesliste Baden-Württemberg
"Ruppert Stüwe (SPD, Landesliste Berlin)",,,,,,,no evidence,,0,https://www.abgeordnetenwatch.de/profile/ruppert-stuewe,,SPD,Landesliste Berlin
"Rüdiger Lucassen (AfD, Landesliste Nordrhein-Westfalen)",,,,,,,no evidence,,0,https://www.abgeordnetenwatch.de/profile/ruediger-lucassen,,AfD,Landesliste Nordrhein-Westfalen
"Sabine Dittmar (SPD, Landesliste Bayern)",,,,,,,no evidence,,0,https://www.abgeordnetenwatch.de/profile/sabine-dittmar,,SPD,Landesliste Bayern
"Sabine Poschmann (SPD, 142 - Dortmund II)",,,,,,,no evidence,,0,https://www.abgeordnetenwatch.de/profile/sabine-poschmann,,SPD,142 - Dortmund II
"Sahra Mirow (Die Linke, Landesliste Baden-Württemberg)",,,,,,,no evidence,,0,https://www.abgeordnetenwatch.de/profile/sahra-mirow,,Die Linke,Landesliste Baden-Württemberg
"Sanae Abdi (SPD, 92 - Köln I)",,,,,,,no evidence,,0,https://www.abgeordnetenwatch.de/profile/sanae-abdi,,SPD,92 - Köln I
"Sandra Detzer (BÜNDNIS 90/DIE GRÜNEN, Landesliste Baden-Württemberg)",,,,,,,no evidence,,0,https://www.abgeordnetenwatch.de/profile/sandra-detzer,,BÜNDNIS 90/DIE GRÜNEN,Landesliste Baden-Württemberg
"Sandra Stein (BÜNDNIS 90/DIE GRÜNEN, Landesliste Nordrhein-Westfalen)",,,,,,,no evidence,,0,https://www.abgeordnetenwatch.de/profile/sandra-stein,,BÜNDNIS 90/DIE GRÜNEN,Landesliste Nordrhein-Westfalen
"Sara Nanni (BÜNDNIS 90/DIE GRÜNEN, Landesliste Nordrhein-Westfalen)",,,,,,,no evidence,,0,https://www.abgeordnetenwatch.de/profile/sara-nanni,,BÜNDNIS 90/DIE GRÜNEN,Landesliste Nordrhein-Westfalen
"Sarah Vollath (Die Linke, Landesliste Bayern)",,,,,,,no evidence,,0,https://www.abgeordnetenwatch.de/profile/sarah-vollath,,Die Linke,Landesliste Bayern
"Sascha Lensing (AfD, Landesliste Nordrhein-Westfalen)",,,,,,,no evidence,,0,https://www.abgeordnetenwatch.de/profile/sascha-lensing,,AfD,Landesliste Nordrhein-Westfalen
"Sascha Müller (BÜNDNIS 90/DIE GRÜNEN, Landesliste Bayern)",,,,,,,no evidence,,0,https://www.abgeordnetenwatch.de/profile/sascha-mueller-0,,BÜNDNIS 90/DIE GRÜNEN,Landesliste Bayern
"Saskia Esken (SPD, Landesliste Baden-Württemberg)",,,,,,,no evidence,,0,https://www.abgeordnetenwatch.de/profile/saskia-esken,,SPD,Landesliste Baden-Württemberg
"Saskia Ludwig (CDU/CSU, Landesliste Brandenburg)",,,,,,,no evidence,,0,https://www.abgeordnetenwatch.de/profile/saskia-ludwig,,CDU/CSU,Landesliste Brandenburg
"Schahina Gambir (BÜNDNIS 90/DIE GRÜNEN, Landesliste Nordrhein-Westfalen)",,,,,,,no evidence,,0,https://www.abgeordnetenwatch.de/profile/schahina-gambir,,BÜNDNIS 90/DIE GRÜNEN,Landesliste Nordrhein-Westfalen
"Sebastian Fiedler (SPD, 117 - Mülheim – Essen I)",,,,,,,no evidence,,0,https://www.abgeordnetenwatch.de/profile/sebastian-fiedler,,SPD,117 - Mülheim – Essen I
"Sebastian Hartmann (SPD, Landesliste Nordrhein-Westfalen)",,,,,,,no evidence,,0,https://www.abgeordnetenwatch.de/profile/sebastian-hartmann,,SPD,Landesliste Nordrhein-Westfalen
"Sebastian Münzenmaier (AfD, Landesliste Rheinland-Pfalz)",,,,,,,no evidence,,0,https://www.abgeordnetenwatch.de/profile/sebastian-muenzenmaier,,AfD,Landesliste Rheinland-Pfalz
"Sebastian Roloff (SPD, Landesliste Bayern)",,,,,,,no evidence,,0,https://www.abgeordnetenwatch.de/profile/sebastian-roloff,,SPD,Landesliste Bayern
"Sebastian Schäfer (BÜNDNIS 90/DIE GRÜNEN, Landesliste Baden-Württemberg)",,,,,,,no evidence,,0,https://www.abgeordnetenwatch.de/profile/sebastian-schaefer-0,,BÜNDNIS 90/DIE GRÜNEN,Landesliste Baden-Württemberg
"Sebastian Steineke (CDU/CSU, Landesliste Brandenburg)",,,,,,,no evidence,,0,https://www.abgeordnetenwatch.de/profile/sebastian-steineke,,CDU/CSU,Landesliste Brandenburg
"Sepp Müller (CDU/CSU, Landesliste Sachsen-Anhalt)",,,,,,,no evidence,,0,https://www.abgeordnetenwatch.de/profile/sepp-mueller,,CDU/CSU,Landesliste Sachsen-Anhalt
"Serdar Yüksel (SPD, 139 - Bochum I)",,,,,,,no evidence,,0,https://www.abgeordnetenwatch.de/profile/serdar-yueksel,,SPD,139 - Bochum I
"Sergej Minich (AfD, Landesliste Bremen)",,,,,,,no evidence,,0,https://www.abgeordnetenwatch.de/profile/sergej-minich,,AfD,Landesliste Bremen
Sieghard Knodel (fraktionslos),,,,,,,no evidence,,0,https://www.abgeordnetenwatch.de/profile/sieghard-knodel,,fraktionslos,
"Silke Launert (CDU/CSU, 236 - Bayreuth)",,,,,,,no evidence,,0,https://www.abgeordnetenwatch.de/profile/silke-launert,,CDU/CSU,236 - Bayreuth
Sonja Lemke (Die Linke),,,,,,,no evidence,,0,https://www.abgeordnetenwatch.de/profile/sonja-lemke,,Die Linke,
Stefan Glaser (CDU/CSU),,,,,,,no evidence,,0,https://www.abgeordnetenwatch.de/profile/stefan-glaser,,CDU/CSU,
"Stefan Henze (AfD, Landesliste Niedersachsen)",,,,,,,no evidence,,0,https://www.abgeordnetenwatch.de/profile/stefan-henze,,AfD,Landesliste Niedersachsen
"Stefan Keuter (AfD, Landesliste Nordrhein-Westfalen)",,,,,,,no evidence,,0,https://www.abgeordnetenwatch.de/profile/stefan-keuter,,AfD,Landesliste Nordrhein-Westfalen
"Stefan Korbach (CDU/CSU, 178 - Wiesbaden)",,,,,,,no evidence,,0,https://www.abgeordnetenwatch.de/profile/stefan-korbach,,CDU/CSU,178 - Wiesbaden
"Stefan Rouenhoff (CDU/CSU, 111 - Kleve)",,,,,,,no evidence,,0,https://www.abgeordnetenwatch.de/profile/stefan-rouenhoff,,CDU/CSU,111 - Kleve
"Stefan Schröder (AfD, 190 - Jena – Sömmerda – Weimarer Land I)",,,,,,,no evidence,,0,https://www.abgeordnetenwatch.de/profile/stefan-schroeder,,AfD,190 - Jena – Sömmerda – Weimarer Land I
"Stefan Seidler (fraktionslos, Landesliste Schleswig-Holstein)",,,,,,,no evidence,,0,https://www.abgeordnetenwatch.de/profile/stefan-seidler,,fraktionslos,Landesliste Schleswig-Holstein
"Stefan Zierke (SPD, Landesliste Brandenburg)",,,,,,,no evidence,,0,https://www.abgeordnetenwatch.de/profile/stefan-zierke,,SPD,Landesliste Brandenburg
"Steffen Janich (AfD, 157 - Sächsische Schweiz-Osterzgebirge)",,,,,,,no evidence,,0,https://www.abgeordnetenwatch.de/profile/steffen-janich,,AfD,157 - Sächsische Schweiz-Osterzgebirge
"Steffen Kotré (AfD, 62 - Dahme-Spreewald – Teltow-Fläming III)",,,,,,,no evidence,,0,https://www.abgeordnetenwatch.de/profile/steffen-kotre,,AfD,62 - Dahme-Spreewald – Teltow-Fläming III
"Steffi Lemke (BÜNDNIS 90/DIE GRÜNEN, Landesliste Sachsen-Anhalt)",,,,,,,no evidence,,0,https://www.abgeordnetenwatch.de/profile/steffi-lemke,,BÜNDNIS 90/DIE GRÜNEN,Landesliste Sachsen-Anhalt
"Stella Merendino (Die Linke, Landesliste Berlin)",,,,,,,no evidence,,0,https://www.abgeordnetenwatch.de/profile/stella-merendino,,Die Linke,Landesliste Berlin
"Stephan Albani (CDU/CSU, Landesliste Niedersachsen)",,,,,,,no evidence,,0,https://www.abgeordnetenwatch.de/profile/stephan-albani,,CDU/CSU,Landesliste Niedersachsen
"Stephan Protschka (AfD, Landesliste Bayern)",,,,,,,no evidence,,0,https://www.abgeordnetenwatch.de/profile/stephan-protschka,,AfD,Landesliste Bayern
"Sven Lehmann (BÜNDNIS 90/DIE GRÜNEN, 93 - Köln II)",,,,,,,no evidence,,0,https://www.abgeordnetenwatch.de/profile/sven-lehmann,,BÜNDNIS 90/DIE GRÜNEN,93 - Köln II
"Sven Wendorf (AfD, Landesliste Schleswig-Holstein)",,,,,,,no evidence,,0,https://www.abgeordnetenwatch.de/profile/sven-wendorf,,AfD,Landesliste Schleswig-Holstein
"Svenja Schulze (SPD, Landesliste Nordrhein-Westfalen)",,,,,,,no evidence,,0,https://www.abgeordnetenwatch.de/profile/svenja-schulze,,SPD,Landesliste Nordrhein-Westfalen
"Svenja Stadler (SPD, Landesliste Niedersachsen)",,,,,,,no evidence,,0,https://www.abgeordnetenwatch.de/profile/svenja-stadler,,SPD,Landesliste Niedersachsen
"Tamara Mazzi (Die Linke, Landesliste Schleswig-Holstein)",,,,,,,no evidence,,0,https://www.abgeordnetenwatch.de/profile/tamara-mazzi,,Die Linke,Landesliste Schleswig-Holstein
"Tarek Al-Wazir (BÜNDNIS 90/DIE GRÜNEN, Landesliste Hessen)",,,,,,,no evidence,,0,https://www.abgeordnetenwatch.de/profile/tarek-al-wazir,,BÜNDNIS 90/DIE GRÜNEN,Landesliste Hessen
"Thomas Erndl (CDU/CSU, 226 - Deggendorf)",,,,,,,no evidence,,0,https://www.abgeordnetenwatch.de/profile/thomas-erndl,,CDU/CSU,226 - Deggendorf
"Thomas Korell (AfD, 66 - Altmark – Jerichower Land)",,,,,,,no evidence,,0,https://www.abgeordnetenwatch.de/profile/thomas-korell,,AfD,66 - Altmark – Jerichower Land
"Thomas Ladzinski (AfD, 158 - Dresden I)",,,,,,,no evidence,,0,https://www.abgeordnetenwatch.de/profile/thomas-ladzinski,,AfD,158 - Dresden I
"Thomas Pauls (CDU/CSU, 176 - Wetterau I)",,,,,,,no evidence,,0,https://www.abgeordnetenwatch.de/profile/thomas-pauls,,CDU/CSU,176 - Wetterau I
"Thomas Röwekamp (CDU/CSU, Landesliste Bremen)",,,,,,,no evidence,,0,https://www.abgeordnetenwatch.de/profile/thomas-roewekamp,,CDU/CSU,Landesliste Bremen
"Thomas Stephan (AfD, Landesliste Rheinland-Pfalz)",,,,,,,no evidence,,0,https://www.abgeordnetenwatch.de/profile/thomas-stephan,,AfD,Landesliste Rheinland-Pfalz
"Thorsten Frei (CDU/CSU, 286 - Schwarzwald-Baar)",,,,,,,no evidence,,0,https://www.abgeordnetenwatch.de/profile/thorsten-frei,,CDU/CSU,286 - Schwarzwald-Baar
"Thorsten Rudolph (SPD, Landesliste Rheinland-Pfalz)",,,,,,,no evidence,,0,https://www.abgeordnetenwatch.de/profile/thorsten-rudolph,,SPD,Landesliste Rheinland-Pfalz
"Tijen Ataoğlu (CDU/CSU, 137 - Hagen – Ennepe-Ruhr-Kreis I)",,,,,,,no evidence,,0,https://www.abgeordnetenwatch.de/profile/tijen-ataoglu,,CDU/CSU,137 - Hagen – Ennepe-Ruhr-Kreis I
"Till Steffen (BÜNDNIS 90/DIE GRÜNEN, 20 - Hamburg-Eimsbüttel)",,,,,,,no evidence,,0,https://www.abgeordnetenwatch.de/profile/till-steffen,,BÜNDNIS 90/DIE GRÜNEN,20 - Hamburg-Eimsbüttel
"Tilman Kuban (CDU/CSU, Landesliste Niedersachsen)",,,,,,,no evidence,,0,https://www.abgeordnetenwatch.de/profile/tilman-kuban,,CDU/CSU,Landesliste Niedersachsen
"Tim Klüssendorf (SPD, 11 - Lübeck)",,,,,,,no evidence,,0,https://www.abgeordnetenwatch.de/profile/tim-kluessendorf,,SPD,11 - Lübeck
"Timon Dzienus (BÜNDNIS 90/DIE GRÜNEN, Landesliste Niedersachsen)",,,,,,,no evidence,,0,https://www.abgeordnetenwatch.de/profile/timon-dzienus,,BÜNDNIS 90/DIE GRÜNEN,Landesliste Niedersachsen
"Tina Winklmann (BÜNDNIS 90/DIE GRÜNEN, Landesliste Bayern)",,,,,,,no evidence,,0,https://www.abgeordnetenwatch.de/profile/tina-winklmann,,BÜNDNIS 90/DIE GRÜNEN,Landesliste Bayern
"Tino Chrupalla (AfD, 156 - Görlitz)",,,,,,,no evidence,,0,https://www.abgeordnetenwatch.de/profile/tino-chrupalla,,AfD,156 - Görlitz
"Tino Sorge (CDU/CSU, Landesliste Sachsen-Anhalt)",,,,,,,no evidence,,0,https://www.abgeordnetenwatch.de/profile/tino-sorge,,CDU/CSU,Landesliste Sachsen-Anhalt
"Tobias Teich (AfD, Landesliste Bayern)",,,,,,,no evidence,,0,https://www.abgeordnetenwatch.de/profile/tobias-teich,,AfD,Landesliste Bayern
"Truels Reichardt (SPD, Landesliste Schleswig-Holstein)",,,,,,,no evidence,,0,https://www.abgeordnetenwatch.de/profile/truels-reichardt,,SPD,Landesliste Schleswig-Holstein
"Udo Hemmelgarn (AfD, Landesliste Nordrhein-Westfalen)",,,,,,,no evidence,,0,https://www.abgeordnetenwatch.de/profile/udo-hemmelgarn,,AfD,Landesliste Nordrhein-Westfalen
"Ulrich Thoden (Die Linke, Landesliste Nordrhein-Westfalen)",,,,,,,no evidence,,0,https://www.abgeordnetenwatch.de/profile/ulrich-thoden,,Die Linke,Landesliste Nordrhein-Westfalen
"Ulrich von Zons (AfD, Landesliste Nordrhein-Westfalen)",,,,,,,no evidence,,0,https://www.abgeordnetenwatch.de/profile/ulrich-von-zons,,AfD,Landesliste Nordrhein-Westfalen
"Ulrike Schielke-Ziesing (AfD, 17 - Mecklenburgische Seenplatte II – Landkreis Rostock III)",,,,,,,no evidence,,0,https://www.abgeordnetenwatch.de/profile/ulrike-schielke-ziesing,,AfD,17 - Mecklenburgische Seenplatte II – Landkreis Rostock III
"Uwe Feiler (CDU/CSU, Landesliste Brandenburg)",,,,,,,no evidence,,0,https://www.abgeordnetenwatch.de/profile/uwe-feiler,,CDU/CSU,Landesliste Brandenburg
"Uwe Schmidt (SPD, 55 - Bremen II – Bremerhaven)",,,,,,,no evidence,,0,https://www.abgeordnetenwatch.de/profile/uwe-schmidt-1,,SPD,55 - Bremen II – Bremerhaven
"Vanessa-Kim Zobel (CDU/CSU, 30 - Stade I – Rotenburg II)",,,,,,,no evidence,,0,https://www.abgeordnetenwatch.de/profile/vanessa-kim-zobel,,CDU/CSU,30 - Stade I – Rotenburg II
"Verena Hubertz (SPD, Landesliste Rheinland-Pfalz)",,,,,,,no evidence,,0,https://www.abgeordnetenwatch.de/profile/verena-hubertz,,SPD,Landesliste Rheinland-Pfalz
"Victoria Broßart (BÜNDNIS 90/DIE GRÜNEN, Landesliste Bayern)",,,,,,,no evidence,,0,https://www.abgeordnetenwatch.de/profile/victoria-brossart,,BÜNDNIS 90/DIE GRÜNEN,Landesliste Bayern
"Vinzenz Glaser (Die Linke, Landesliste Baden-Württemberg)",,,,,,,no evidence,,0,https://www.abgeordnetenwatch.de/profile/vinzenz-glaser,,Die Linke,Landesliste Baden-Württemberg
"Violetta Bock (Die Linke, Landesliste Hessen)",,,,,,,no evidence,,0,https://www.abgeordnetenwatch.de/profile/violetta-bock,,Die Linke,Landesliste Hessen
"Vivian Tauschwitz (CDU/CSU, Landesliste Niedersachsen)",,,,,,,no evidence,,0,https://www.abgeordnetenwatch.de/profile/vivian-tauschwitz,,CDU/CSU,Landesliste Niedersachsen
"Volker Mayer-Lay (CDU/CSU, 293 - Bodensee)",,,,,,,no evidence,,0,https://www.abgeordnetenwatch.de/profile/volker-mayer-lay,,CDU/CSU,293 - Bodensee
"Volker Scheurell (AfD, 70 - Anhalt – Dessau – Wittenberg)",,,,,,,no evidence,,0,https://www.abgeordnetenwatch.de/profile/volker-scheurell,,AfD,70 - Anhalt – Dessau – Wittenberg
"Wilhelm Gebhard (CDU/CSU, 168 - Werra-Meißner – Hersfeld-Rotenburg)",,,,,,,no evidence,,0,https://www.abgeordnetenwatch.de/profile/wilhelm-gebhard,,CDU/CSU,168 - Werra-Meißner – Hersfeld-Rotenburg
"Wolfgang Dahler (CDU/CSU, 292 - Biberach)",,,,,,,no evidence,,0,https://www.abgeordnetenwatch.de/profile/wolfgang-dahler,,CDU/CSU,292 - Biberach
"Wolfgang Stefinger (CDU/CSU, 217 - München-Ost)",,,,,,,no evidence,,0,https://www.abgeordnetenwatch.de/profile/wolfgang-stefinger,,CDU/CSU,217 - München-Ost
Wolfgang Wiehle (AfD),,,,,,,no evidence,,0,https://www.abgeordnetenwatch.de/profile/wolfgang-wiehle,,AfD,
"Yannick Bury (CDU/CSU, 283 - Emmendingen – Lahr)",,,,,,,no evidence,,0,https://www.abgeordnetenwatch.de/profile/yannick-bury,,CDU/CSU,283 - Emmendingen – Lahr
"Zoe Mayer (BÜNDNIS 90/DIE GRÜNEN, 271 - Karlsruhe-Stadt)",,,,,,,no evidence,,0,https://www.abgeordnetenwatch.de/profile/zoe-mayer,,BÜNDNIS 90/DIE GRÜNEN,271 - Karlsruhe-Stadt
Totals - 630 sitting decision-makers,61,133,6,6,39,,"no evidence: 374; on record, not placed: 11",,,,,,
