Decision-Maker,++,+,0,-,--,Target (Y/N),Based on,Confidence,Evidence items,Profile,Comments,Party,Seat
"Michael Brand (CDU/CSU, 173 - Fulda)",1,,,,,,"a speech, 5 years ago",consistent (19 items),25,https://www.abgeordnetenwatch.de/profile/michael-brand,"2025-03-21 SCHRIFTLICHE FRAGE: Fortsetzung des sogenannten kleinen Versorgungsvertrages für Ordensgemeinschaften (Drucksache 20/15135) [never places: information question; the title asks for facts and does not show which side the author is on] | 2024-12-20 SCHRIFTLICHE FRAGE: Projekte von Nichtregierungsorganisationen im Zusammenhang mit der Unterstützung von Jesiden im Nordirak (Drucksache 20/14338) [never places: information question; the title asks for facts and does not show which side the author is on] | 2023-07-21 SCHRIFTLICHE FRAGE: Veröffentlichung des Berichts der Bundesregierung zur weltweiten Lage der Religions- und Weltanschauungsfreiheit (Drucksache 20/7828) [never places: information question; the title asks for facts and does not show which side the author is on] | 2023-03-10 SCHRIFTLICHE FRAGE: Verweigerung Chinas der Anerkennung des Statuts des Internationalen Strafgerichtshofes in Den Haag bzgl. des Genozids-Vo (Drucksache 20/5942) [+: SF: China and the Uyghur genocide allegation] | 2022-02-04 SCHRIFTLICHE FRAGE: Positionierung bezüglich der Menschenrechtsverletzungen gegen die Uiguren in der chinesischen Provinz Xinjiang (Drucksache 20/602) [+: SF: government position on abuses against the Uyghurs] | 2021-12-16 DEBATE: Rede ""Wenn wir heute über die Fortführung einer jungen, aber sehr wirkungsvollen Institution sprechen, nämlich des Beauftragten der Bundesregierung für weltweite Religionsfreiheit, dann reden wir über einen wichtigen deutschen..."" [++: Strongly supports continuing the Religious Freedom Commissioner role, aligning with defence of religious liberty.] | 2021-05-06 VOTE (Bundestag): Voted Nein: Ab­lösung der Staats­leistun­gen an die Kirchen [+: Voted to keep the churches' state payments.] | 2021-04-23 DEBATE: Rede ""Abschließend möchte ich meinem Kollegen Markus Grübel für seinen starken Einsatz für die Religionsfreiheit – bei uns und weltweit – der Bundesregierung, den zahlreichen Verteidigern von Menschenrechten und Religionsfreih..."" [++: Strongly frames religious freedom as measure of a society's overall liberty and tolerance.]",CDU/CSU,173 - Fulda
"Rainer Rothfuß (AfD, Landesliste Bayern)",1,,,,,,"a speech, 10 months ago",consistent (19 items),21,https://www.abgeordnetenwatch.de/profile/rainer-rothfuss,"2026-08-04 KLEINE ANFRAGE: Lage der christlichen Minderheit im Iran - Systematische Unterdrückung, staatliche Repressionsmaßnahmen und die Auswirku (Drucksache 21/7469) [+: AfD KA: systematic repression of the Christian minority in Iran] | 2026-08-03 KLEINE ANFRAGE: Lage der christlichen Minderheit in Somalia und die anhaltende Existenzbedrohung durch dschihadistischen Terror und gese (Drucksache 21/7456) [+: AfD KA: Christian minority in Somalia under jihadist threat and persecution] | 2026-07-31 KLEINE ANFRAGE: Lage der christlichen Minderheit im Irak - Bedrohung durch Milizengewalt, demografischer Niedergang und institutionelle  (Drucksache 21/7440) [+: AfD KA: Christian minority in Iraq, militia violence and discrimination] | 2026-07-24 KLEINE ANFRAGE: Lage der christlichen Gemeinden im Libanon im Kontext von Staatskrise, bewaffneten Konflikten und demografischen Verände (Drucksache 21/7318) [+: AfD KA: Christian communities in Lebanon] | 2026-07-21 KLEINE ANFRAGE: Lage der christlichen Minderheit in Israel und den Palästinensischen Gebieten im Kontext zunehmender Übergriffe auf reli (Drucksache 21/7224) [+: AfD KA: Christians in Israel/Palestinian territories amid attacks on religious sites] | 2026-07-17 KLEINE ANFRAGE: Lage der christlichen Minderheit im Sudan im Kontext des Bürgerkriegs seit April 2023 (Drucksache 21/7186) [+: AfD KA: Christian minority in Sudan during the civil war] | 2026-07-17 KLEINE ANFRAGE: Lage der christlichen Minderheit in Nigeria im Kontext anhaltender Gewalt durch Terrorgruppen, Milizen und organisierte  (Drucksache 21/7189) [+: AfD KA: Christian minority in Nigeria amid terrorist violence] | 2026-05-05 ANTRAG: Kein Geld für das syrische Übergangsregime - Menschenrechte schützen, religiöse Minderheiten in Syrien vor Verfolgung be (Drucksache 21/5765) [+: AfD motion: suspend aid to Syria's transitional regime to protect religious minorities from persecution]",AfD,Landesliste Bayern
"Martin Hess (AfD, Landesliste Baden-Württemberg)",1,,,,,,"a speech, 20 months ago",conflicting (1 item point the other way),15,https://www.abgeordnetenwatch.de/profile/martin-hess,"2026-02-12 KLEINE ANFRAGE: Kirchenasyl in Deutschland - Stand: 31. Dezember 2025 (Drucksache 21/4136) [never places: information question; the title asks for facts and does not show which side the author is on] | 2025-04-08 KLEINE ANFRAGE: Kirchenasyl in Deutschland - Stand: 31. März 2025 (Drucksache 21/22) [never places: information question; the title asks for facts and does not show which side the author is on] | 2025-01-30 DEBATE: Rede ""Wir setzen mit unseren Anträgen endlich wieder die richtigen Prioritäten in der Migrations- und Sicherheitspolitik. Neben effektivem Grenzschutz und der Abschiebung aller straffälliger und illegal aufhältiger Ausländer m..."" [++: Strongly demands stricter border control and deportation of illegal migrants, aligning with CitizenGO's migration stance.] | 2024-12-11 KLEINE ANFRAGE: Medienberichte über massiven Anstieg von Angriffen gegen christliche Kirchen (Drucksache 20/14137) [+: AfD KA: reported sharp rise in attacks on Christian churches] | 2024-11-14 GESETZENTWURF: Gesetz zur Änderung des Grundgesetzes (Erweiterung der Verwirkungsregelung des Artikels 18 um die ungestörte Religionsau (Drucksache 20/13796) [-: AfD Basic Law bill: make freedom of religious practice (Art. 4(2)) forfeitable under Art. 18, a new limit on FoRB] | 2024-10-09 DEBATE: Rede ""Ich komme jetzt zum Thema Abschiebungen. – Wann steuern Sie dem endlich effektiv entgegen? Wann schieben Sie eine große Zahl dieser widerwärtigen islamistischen Antisemiten ab? Und wann sorgen Sie vor allem dafür, dass n..."" [++: Demands mass deportations and strict border rejections, strongly favours migration control.] | 2023-11-13 KLEINE ANFRAGE: Kirchenasyl in Deutschland - Stand: 31. Oktober 2023 (Drucksache 20/9276) [never places: information question; the title asks for facts and does not show which side the author is on] | 2023-11-09 DEBATE: Rede ""Das gilt im Übrigen auch für alle islamistischen Hassprediger und Gefährder. Unser Land, unsere Regeln! Und wer sich nicht daran hält, der hat hier nichts zu suchen. Wo Abschiebungen nicht möglich sind, dort hat die Just..."" [+: AfD speaker demands deportations of Islamist agitators, aligning with strict migration/border control stance.]",AfD,Landesliste Baden-Württemberg
"Günter Krings (CDU/CSU, 108 - Mönchengladbach)",1,,,,,,"a speech, 9 years ago",consistent (6 items),14,https://www.abgeordnetenwatch.de/profile/guenter-krings,"2024-04-10 DEBATE: Rede ""Beispiel „Antisemitismusbekämpfung“: Strafbarkeitslücken bei Volksverhetzung und Landfriedensbruch werden einfach nicht geschlossen...."" [0: Criticises coalition's justice policy generally; no clear stance on free speech or religion.] | 2020-10-28 DEBATE: Rede ""Ich will noch, weil Sie diese Frage im Zusammenhang mit Ihrer ersten Frage stellen, darauf hinweisen, dass sich die genannten Zahlen auf Gefährder im islamistischen Bereich insgesamt plus relevante Personen beziehen. Dam..."" [0: Security/surveillance discussion on extremists, no religion-freedom framing.] | 2019-01-30 DEBATE: Rede ""Insofern kann man das nur abstrakt beantworten und nicht weiter konkretisieren. Ich kann umgekehrt sagen: Nicht jede Vorgabe moderner Inhalte und Rahmenbedingungen für einen Religionsunterricht ist zugleich verfassungswi..."" [0: Government minister giving neutral legal explanation, no personal directional stance.] | 2017-06-28 DEBATE: Rede ""Deutschland ist ein Staat, der weltanschaulich und religiös neutral ist und in dem das Grundrecht der individuellen und kollektiven Religionsfreiheit gilt. Religiöse Gemeinschaften haben das Recht, ihre Angelegenheiten s..."" [+: Defends religious freedom against attempts to deny it, upholding freedom of belief.] | 2017-06-28 DEBATE: Rede ""Zum Thema Diyanet will ich ganz klar sagen: Der Äußerung, die die Grundlage Ihrer Frage bildet, liegt offenbar ein vollkommen anderes Verständnis von Religionsfreiheit und Rechtsstaatlichkeit zugrunde. Man darf dieses Ve..."" [+: Firmly defends European understanding of religious freedom and rule of law against foreign interference.] | 2017-04-26 DEBATE: Rede ""Ich nenne ein Beispiel, um es praktisch zu machen: Sie befürworten – das weiß ich; dafür habe ich eine gewisse Grundsympathie, auch wenn ich ein paar Bedenken habe – Beiratsmodelle beim islamischen Religionsunterricht, u..."" [0: Mixed remarks on Islamic religious education models and child marriage ban; no clear single direction.] | 2017-02-15 DEBATE: Rede ""Frau Präsidentin! Lieber Herr Ströbele, ich habe Ihnen gerade dargelegt, dass wir nicht nur das Ermittlungsverfahren der Generalbundesanwaltschaft haben, sondern dass auch zwischen dem BMI und DITIB Gespräche stattgefund..."" [0: Discusses state oversight of DITIB and Turkish influence; direction on religious freedom unclear.] | 2015-02-25 DEBATE: Rede ""Ich bin jetzt auch sprechfähig; das Mikrofon ist an. – Frau Kollegin, der Bundesinnenminister hat auf die bestehende Rechtslage hingewiesen; ein Kirchenasyl ist in der Rechtsordnung nicht vorgesehen. Insofern gibt es kei..."" [0: Procedural clarification that church asylum has no legal basis; no direction on religious freedom itself.]",CDU/CSU,108 - Mönchengladbach
"Beatrix von Storch (AfD, Landesliste Berlin)",1,,,,,,"a speech, 3 years ago",conflicting (1 item point the other way),13,https://www.abgeordnetenwatch.de/profile/beatrix-von-storch,"2026-03-24 ANTRAG: Schutz von Kindern und Jugendlichen vor religiösem Zwang, Mobbing und gruppendynamischem Druck stärken - Auch Konversion (Drucksache 21/4941) [+: AfD motion: protect children from religious coercion and conversion pressure in schools, explicitly without blanket limits on religious freedom] | 2026-02-26 DEBATE: Rede ""Oder die Blaue Moschee: Das Verbot ging natürlich gar nicht – wegen Religionsfreiheit, Respekt vor den Schiiten, unklarer Rechtslage. Dann hat die AfD den Verbotsantrag eingebracht in Hamburg...."" [0: Dismisses religious-freedom argument as excuse blocking a security ban; not a clear stance on religious freedom itself.] | 2023-11-09 DEBATE: Rede ""Das Post-Merkel-Deutschland zeigt kein freundliches Gesicht mehr, sondern eine hässliche judenfeindliche islamistische Fratze. Und für diese Leistung behängen Steinmeier und Söder Merkel mit Orden; das kann man sich nich..."" [+: Blames lax migration policy for rising antisemitism, implicitly supporting stricter migration control.] | 2022-11-09 DEBATE: Rede ""Die Antisemitismusresolution fordert ausländerrechtliche Konsequenzen, also Abschiebung bei Antisemitismus. Das ist nicht ein einziges Mal passiert...."" [0: Attacks antisemitism/BDS linked to Islamism, not clearly framed around religious freedom itself.] | 2022-05-25 KLEINE ANFRAGE: Fragen zum gegenwärtigen Stand der Planungen für ein Grundsätzegesetz zur Ablösung der Staatsleistungen an Kirchen (Drucksache 20/1967) [never places: asks about planning for redeeming the Staatsleistungen; timing question, no side shown] | 2021-05-06 VOTE (Bundestag): Voted Nein: Ab­lösung der Staats­leistun­gen an die Kirchen [+: Voted to keep the churches' state payments.] | 2020-05-07 DEBATE: Rede ""Die Grundrechte sind der Schutzschirm der Bürger gegen den Staat und stehen deswegen nicht im Belieben der Regierung. Was passiert, wenn der Schutzschirm reißt, haben wir in den letzten Wochen gesehen: das Ende der Versa..."" [++: Strongly criticises suspension of assembly and religious freedoms as unconstitutional overreach.] | 2019-05-17 VOTE (Bundestag): Voted Ja: BDS-Bewegung entgegentreten - Antisemitismus bekämpfen [never places: an antisemitism motion, not our religious-freedom ground]",AfD,Landesliste Berlin
"Frank Schwabe (SPD, 120 - Recklinghausen I)",1,,,,,,"a speech, 23 months ago",consistent (8 items),11,https://www.abgeordnetenwatch.de/profile/frank-schwabe,"2024-10-17 DEBATE: Rede ""Das ist übrigens auch die Bedingung dafür, dass religiöse Minderheiten dort weiterleben können. Als ich jetzt vor Kurzem da war, war ich auch in Mossul und habe gesehen, wie die Stadt wieder aufgebaut wird, wie jedenfall..."" [+: Highlights protection and remembrance of Yazidi religious minority against genocide, supporting religious freedom.] | 2022-09-07 DEBATE: Rede ""Ich will das Beispiel Indien nennen, ein Land, mit dem wir eine gute Partnerschaft haben wollen und haben müssen – in der Klimapolitik, in der Wirtschaftspolitik, bei der Frage des Multilateralismus –, wobei es aber eben..."" [0: Foreign and energy policy speech; no religion or freedom of belief content despite tag.] | 2021-12-16 DEBATE: Rede ""Ich will noch mal deutlich machen: Es geht nicht darum, Obrigkeiten zu unterstützen, die definieren wollen, was Religion ist, wie Religion ausgeübt werden soll, sondern immer darum, Menschen die Freiheit zu geben, ihren ..."" [++: Affirms universal freedom of belief and religion, supporting the commissioner's mandate.] | 2021-05-06 VOTE (Bundestag): Voted Nein: Ab­lösung der Staats­leistun­gen an die Kirchen [+: Voted to keep the churches' state payments.] | 2019-05-17 VOTE (Bundestag): Voted Nein: BDS-Bewegung entgegentreten - Antisemitismus bekämpfen [never places: an antisemitism motion, not our religious-freedom ground] | 2018-11-08 DEBATE: Rede ""Wir erleben weltweit leider einen Wettbewerb der perfidesten Menschenrechtsverletzungen. Es gibt zahlreiche Beispiele, und in der Tat: China ist einer der Paradestaaten – das muss man leider sagen –, und zwar in negative..."" [+: Condemns China's human rights abuses including organ trafficking as part of broader critique.] | 2018-10-19 VOTE (Bundestag): Voted Ja: Stärkung des Menschenrechts auf Religionsfreiheit [+: Voted to strengthen Germany's international work for freedom of religion.] | 2018-10-19 DEBATE: Rede ""Für Sozialdemokratinnen und Sozialdemokraten geht es in der Tat um die Universalität der Menschenrechte. Das Recht auf Religionsfreiheit ist eines dieser Rechte neben vielen anderen Rechten, die im Deutschen Bundestag en..."" [+: Emphasises universality of human rights including religious freedom, criticising politicisation of the issue.]",SPD,120 - Recklinghausen I
"Kerstin Griese (SPD, Landesliste Nordrhein-Westfalen)",1,,,,,,"a vote, 5 years ago",moderate (whipped vote),10,https://www.abgeordnetenwatch.de/profile/kerstin-griese,"2021-05-19 DEBATE: Rede ""Wir dulden keine Angriffe auf jüdische Einrichtungen und Gedenkstätten. Wir dulden keinen Antisemitismus, auch keinen, der unter dem Deckmantel der Israelkritik daherkommt, der Israel das Recht auf Selbstverteidigung abs..."" [0: Condemns antisemitism and Hamas terror; no clear stance on CitizenGO's listed policy areas.] | 2021-05-06 VOTE (Bundestag): Voted Nein: Ab­lösung der Staats­leistun­gen an die Kirchen [+: Voted to keep the churches' state payments.] | 2019-05-17 VOTE (Bundestag): Voted Nein: BDS-Bewegung entgegentreten - Antisemitismus bekämpfen [never places: an antisemitism motion, not our religious-freedom ground] | 2018-10-19 VOTE (Bundestag): Voted Ja: Stärkung des Menschenrechts auf Religionsfreiheit [+: Voted to strengthen Germany's international work for freedom of religion.] | 2016-06-08 DEBATE: Rede ""Wir haben in unserem Antrag darauf hingewiesen, dass die Religions- und Glaubensfreiheit ein elementares Menschenrecht ist. Die Glaubens- und Gewissensfreiheit ist ja auch in Artikel 4 unseres Grundgesetzes eindeutig fes..."" [++: Griese explicitly calls religious and belief freedom an elementary human right, strong endorsement.] | 2015-06-18 DEBATE: Rede ""Zum Dritten geht es um die negative Religionsfreiheit. Auch das Nichtglauben muss selbstverständlich geschützt und erlaubt sein. Gleichzeitig umfasst die Religions- und Glaubensfreiheit zwei Dimensionen: die individuelle..."" [+: Supports cross-party initiative for a global religious freedom report, framing it as elementary right.] | 2013-03-14 DEBATE: Rede ""und die Religionsfreiheit verletzt. Das hat schon zu viel..."" [++: Strongly criticises Hungary's church law as violating religious freedom and church-state separation.] | 2013-02-28 DEBATE: Rede ""seinen religionsfreiheitlichen Komponenten..."" [0: Discusses church state-payment negotiations, not restricting religious freedom itself.]",SPD,Landesliste Nordrhein-Westfalen
"Lamya Kaddor (BÜNDNIS 90/DIE GRÜNEN, Landesliste Nordrhein-Westfalen)",1,,,,,,"a speech, 6 months ago",conflicting (1 item point the other way),10,https://www.abgeordnetenwatch.de/profile/lamya-kaddor,"2026-05-29 KLEINE ANFRAGE: Mögliche Verbindungen zwischen christlichem Fundamentalismus und Rechtsextremismus in Deutschland (Drucksache 21/6166) [-: Greens KA: links between 'Christian fundamentalism' and right-wing extremism; casts believing Christians as an extremism risk] | 2026-03-26 DEBATE: Rede ""Deutsche Schüler muslimischen Glaubens können nicht überall in Deutschland in einem deutschsprachigen islamischen Religionsunterricht sitzen; von 1 Million Schülerinnen und Schüler erhalten etwa 80 000 junge Menschen die..."" [++: Advocates for expanded Muslim religious education and worship rights, defending freedom of religion.] | 2025-10-29 KLEINE ANFRAGE: Ein Jahr nach dem Sturz des Assad-Regimes - Ethnische und religiöse Vielfalt Syriens weiterhin unter Druck - Schutz der  (Drucksache 21/2476) [+: Greens KA: protection of Alawites, Christians, Druze in post-Assad Syria] | 2025-05-23 SCHRIFTLICHE FRAGE: Aufklärung von Gewalt gegen Minderheiten in Syrien (Drucksache 21/237) [+: SF: investigation of violence against minorities in Syria] | 2024-06-13 DEBATE: Rede ""Als Politik ist es dann auch unsere Aufgabe, zu handeln. Ich verstehe alle, die nach Abschiebungen rufen. Für mich als muslimische Abgeordnete ist es besonders schwer erträglich, mit Islamisten in einem Land zu leben; de..."" [+: Distinguishes Islam from Islamism, defends peaceful Muslims' religious standing while backing deportations.] | 2024-06-13 DEBATE: Rede ""Es ist klar, dass hier im Hohen Hause niemand Islamisten in Deutschland haben will und dass Verbote geprüft und durchgesetzt werden müssen. Aber Frau von Storch – schade, dass sie nicht da ist – sagte bereits 2016, dass ..."" [+: Defends distinction between Islam as religion and Islamism, protecting religious freedom framing.] | 2024-06-06 DEBATE: Rede ""Ich habe 15 Jahre lang islamischen Religionsunterricht in deutscher Sprache unterrichtet, den übrigens auch die schwarz geführten Bundesländer alle wollten. Ich habe schwarz geführte Bundesländer – eigentlich alle – in F..."" [0: Personal defence of her moderate Islamic teaching record, no direct stance on religious freedom policy.] | 2023-11-16 DEBATE: Rede ""Außerdem polarisiert man damit unsere Gesellschaft. Mit einem Kopftuchverbot für Kinder zwingt man Kinder ferner dazu – zu Ende gedacht –, sich zwischen Elternhaus und Schule zu entscheiden. Das können wir keinem Kind an..."" [+: Opposes a blanket headscarf ban, defending religious freedom against state prohibition.]",BÜNDNIS 90/DIE GRÜNEN,Landesliste Nordrhein-Westfalen
"Thomas Rachel (CDU/CSU, 89 - Düren)",1,,,,,,"a speech, 9 months ago",consistent (6 items),10,https://www.abgeordnetenwatch.de/profile/thomas-rachel,"2025-12-19 DEBATE: Rede ""Syrien ist die Heimat von vielen religiösen Gemeinschaften. Neben Sunniten, Alawiten und weiteren islamischen Minderheiten sind auch Christen, Drusen und Jesiden sowie andere Religionsgemeinschaften ein kleiner, aber wic..."" [++: Explicitly highlights protection of religious minorities in Syria as vital, defending religious freedom.] | 2024-06-28 SCHRIFTLICHE FRAGE: Vorlage des angekündigten Grundsätzegesetzes zur Ablösung der Staatsleistungen (Drucksache 20/12029) [never places: information question; the title asks for facts and does not show which side the author is on] | 2024-05-17 SCHRIFTLICHE FRAGE: Benachteiligungsschutz für jüdische Studierende im Hinblick auf schriftliche Prüfungen an jüdischen Feiertagen (Drucksache 20/11462) [+: SF: exam protections for Jewish students on holy days (religious accommodation)] | 2023-07-21 SCHRIFTLICHE FRAGE: Veröffentlichungsdatum des Berichts zur weltweiten Lage der Religions- und Weltanschauungsfreiheit (Drucksache 20/7828) [never places: information question; the title asks for facts and does not show which side the author is on] | 2023-01-27 DEBATE: Rede ""Drei Viertel aller Menschen leben in Ländern, in denen die Religionsfreiheit eingeschränkt ist. Zu dieser alarmierenden Feststellung kommt auch der 2. Bericht der Bundesregierung zur weltweiten Lage der Religionsfreiheit..."" [+: Affirms religious freedom for Christians and all faiths, condemns persecution broadly.] | 2022-11-25 SCHRIFTLICHE FRAGE: Ausweisung von Mitgliedern einer christlichen Missionsgruppe während eines Indien-Besuchs (Drucksache 20/4631) [+: SF: expulsion of a Christian mission group from India] | 2022-09-09 SCHRIFTLICHE FRAGE: Erfassung der Asylgründe von iranischen Asylbewerbern (Drucksache 20/3356) [never places: information question; the title asks for facts and does not show which side the author is on] | 2021-05-06 VOTE (Bundestag): Voted Nein: Ab­lösung der Staats­leistun­gen an die Kirchen [+: Voted to keep the churches' state payments.]",CDU/CSU,89 - Düren
"Philipp Amthor (CDU/CSU, Landesliste Mecklenburg-Vorpommern)",1,,,,,,"a speech, 4 years ago",conflicting (1 item point the other way),8,https://www.abgeordnetenwatch.de/profile/philipp-amthor,"2023-04-20 DEBATE: Rede ""(Julian Pahlke [BÜNDNIS 90/DIE GRÜNEN]: Wie stehen Sie eigentlich zum Kirchenasyl?)..."" [0: Migration debate rhetoric; no substantive comment on freedom of religion by the speaker himself.] | 2022-09-29 DEBATE: Rede ""Ich will Ihnen auch sagen: Es ist auch ein Affront gegenüber einer großen Bevölkerungsgruppe. Sie tun hier so, als würde das Personenstandsregister niemand nutzen. Wir müssen uns nur mal die Zahlen vor Augen führen: 50 P..."" [+: Defends keeping religion in civil registry, opposing removal, supporting state-church relationship.] | 2021-05-06 VOTE (Bundestag): Voted Nein: Ab­lösung der Staats­leistun­gen an die Kirchen [+: Voted to keep the churches' state payments.] | 2020-05-07 DEBATE: Rede ""So funktioniert die Verfassung nicht. Es geht nicht um Gesundheit oder Wirtschaft, Gesundheit oder Religionsfreiheit. Es geht immer um Gesundheit und Wirtschaft, Gesundheit und Religionsfreiheit, Gesundheit und andere Gr..."" [0: Argues for balancing rights case-by-case, no clear stance for or against religious freedom protection.] | 2019-05-17 VOTE (Bundestag): Voted Nein: BDS-Bewegung entgegentreten - Antisemitismus bekämpfen [never places: an antisemitism motion, not our religious-freedom ground] | 2018-10-19 VOTE (Bundestag): Voted Ja: Stärkung des Menschenrechts auf Religionsfreiheit [+: Voted to strengthen Germany's international work for freedom of religion.] | 2018-02-22 DEBATE: Rede ""Ich sage hier ausdrücklich: Die Religionsfreiheit gehört zu Deutschland, aber der politische Islam gehört nicht zu Deutschland, und gegen ihn werden wir uns wenden...."" [-: Pledges to oppose veiling wherever legally possible, favouring restriction despite nominal religious freedom rhetoric.] | 2018-02-22 DEBATE: Rede ""Ich sage Ihnen zum Abschluss eines: Sie stellen sich hier hin und wollen die Retter des christlichen Abendlandes sein. Wir müssten für Ihr Anliegen aber die Verfassung ändern. Wenn man das machen würde, würden Sie die Ax..."" [++: Strongly defends religious freedom, calls a veiling ban unconstitutional and dangerous to minority rights.]",CDU/CSU,Landesliste Mecklenburg-Vorpommern
"Alexander Throm (CDU/CSU, 267 - Heilbronn)",1,,,,,,"a speech, 3 years ago",consistent (5 items),7,https://www.abgeordnetenwatch.de/profile/alexander-throm,"2024-05-17 DEBATE: Rede ""Wir brauchen einen Aktionsplan Islamismus. Den haben wir Ihnen schon mehrfach vorgelegt, nicht erst heute. Es muss strafbar sein, wenn jemand zur Abschaffung der freiheitlich-demokratischen Grundordnung aufruft, insbeson..."" [0: Calls for tougher action against Islamism generally, not clearly about religious freedom or speech rights.] | 2023-11-17 DEBATE: Rede ""Ja, um auch das noch zu sagen: Nicht jede Ausweisung wird dann auch zu einer Abschiebung führen, weil es beispielsweise noch Abschiebeverbote in gewisse Regionen gibt. Aber der Aufenthalt hier ist dann zukünftig rechtswi..."" [+: Supports expulsion and unlawful-stay consequences for antisemitic non-citizens, favouring stricter migration enforcement.] | 2021-05-06 VOTE (Bundestag): Voted Nein: Ab­lösung der Staats­leistun­gen an die Kirchen [+: Voted to keep the churches' state payments.] | 2020-11-05 DEBATE: Rede ""Der islamistische Terror war nie weg, auch wenn er die letzten Monate etwas in den Hintergrund getreten ist. Er ist nach wie vor sehr real, und gerade jetzt droht auch die Gefahr von Nachahmertaten. Aber wir werden nicht..."" [++: Explicitly calls for stronger commitment to religious freedom for all and press/speech freedom.] | 2020-10-30 DEBATE: Rede ""Das bedeutet: Unsere gemeinsamen Werte sind unverrückbar. Wir haben Religionsfreiheit für alle. Das bedeutet aber auch den Respekt und die Anerkennung der Religion des jeweils anderen. Wir haben Meinungs- und Pressefreih..."" [+: Affirms religious freedom for all as core shared value while condemning exploitation of terror attacks.] | 2019-05-17 VOTE (Bundestag): Voted Nein: BDS-Bewegung entgegentreten - Antisemitismus bekämpfen [never places: an antisemitism motion, not our religious-freedom ground] | 2018-10-19 VOTE (Bundestag): Voted Ja: Stärkung des Menschenrechts auf Religionsfreiheit [+: Voted to strengthen Germany's international work for freedom of religion.]",CDU/CSU,267 - Heilbronn
Martin Sichert (AfD),1,,,,,,"a vote, 5 years ago",moderate (whipped vote),7,https://www.abgeordnetenwatch.de/profile/martin-sichert,"2026-05-05 ANTRAG: Kein Geld für das syrische Übergangsregime - Menschenrechte schützen, religiöse Minderheiten in Syrien vor Verfolgung be (Drucksache 21/5765) [+: AfD motion: suspend aid to Syria's transitional regime to protect religious minorities from persecution] | 2024-09-30 ANTRAG: Fortgesetzte Christenverfolgung in Nigeria beim Namen nennen und ächten (Drucksache 20/13119) [++: AfD motion: name and condemn continuing persecution of Christians in Nigeria] | 2024-07-02 ANTRAG: Christenverfolgung in Afghanistan ächten - Druck auf das Talibanregime erhöhen (Drucksache 20/12097) [++: AfD motion: condemn persecution of Christians in Afghanistan and press the Taliban] | 2023-03-10 KLEINE ANFRAGE: Schutz von Asylbewerbern christlichen Glaubens in Deutschland (Drucksache 20/5951) [+: AfD KA: protection of Christian asylum seekers in Germany] | 2023-01-24 ANTRAG: Einführung eines Internationalen Tages gegen die Christenverfolgung (Drucksache 20/5368) [++: AfD motion: international day against the persecution of Christians] | 2021-05-06 VOTE (Bundestag): Voted Nein: Ab­lösung der Staats­leistun­gen an die Kirchen [+: Voted to keep the churches' state payments.] | 2018-01-19 DEBATE: Rede ""Wir sprechen heute über subsidiär Schutzberechtigte, also über jene, die weder persönlich verfolgt sind noch Flüchtlinge sind, sondern die nur temporär nicht in ihr Heimatland zurückgeschickt werden können. Diese Mensche..."" [++: Strongly criticises asylum system abuse and calls for stricter migration control.]",AfD,
"Thomas Bareiß (CDU/CSU, 295 - Zollernalb – Sigmaringen)",1,,,,,,"a vote, 5 years ago",moderate (whipped vote),5,https://www.abgeordnetenwatch.de/profile/thomas-bareiss,"2021-05-06 VOTE (Bundestag): Voted Nein: Ab­lösung der Staats­leistun­gen an die Kirchen [+: Voted to keep the churches' state payments.] | 2019-05-17 VOTE (Bundestag): Voted Nein: BDS-Bewegung entgegentreten - Antisemitismus bekämpfen [never places: an antisemitism motion, not our religious-freedom ground] | 2018-10-19 VOTE (Bundestag): Voted Ja: Stärkung des Menschenrechts auf Religionsfreiheit [+: Voted to strengthen Germany's international work for freedom of religion.] | 2012-12-12 VOTE (Bundestag): Voted Ja: Beschneidung von Jungen aus religiösen Gründen [+: Voted to keep religious circumcision lawful for Jewish and Muslim families.] | 2011-03-17 DEBATE: Rede ""seiner Mahnung, Religionsfreiheit auch für Christen..."" [++: Strongly condemns Turkish expropriation of Christian monastery, demands religious freedom for Christians be upheld.]",CDU/CSU,295 - Zollernalb – Sigmaringen
"Thomas Jarzombek (CDU/CSU, 105 - Düsseldorf I)",1,,,,,,"a speech, 2 years ago",consistent (4 items),5,https://www.abgeordnetenwatch.de/profile/thomas-jarzombek,"2024-06-13 DEBATE: Rede ""Wir würden auch gerne über das Thema „Antisemitismus an den Hochschulen“ reden und über die Frage der Meinungsfreiheit...."" [++: Strongly defends free speech and academic freedom, criticises minister for penalising dissenting letter-writers.] | 2021-05-06 VOTE (Bundestag): Voted Nein: Ab­lösung der Staats­leistun­gen an die Kirchen [+: Voted to keep the churches' state payments.] | 2019-05-17 VOTE (Bundestag): Voted Nein: BDS-Bewegung entgegentreten - Antisemitismus bekämpfen [never places: an antisemitism motion, not our religious-freedom ground] | 2018-10-19 VOTE (Bundestag): Voted Ja: Stärkung des Menschenrechts auf Religionsfreiheit [+: Voted to strengthen Germany's international work for freedom of religion.] | 2012-12-12 VOTE (Bundestag): Voted Ja: Beschneidung von Jungen aus religiösen Gründen [+: Voted to keep religious circumcision lawful for Jewish and Muslim families.]",CDU/CSU,105 - Düsseldorf I
"Jonas Geissler (CDU/CSU, 237 - Coburg)",1,,,,,,"a speech, 4 years ago",consistent (3 items),4,https://www.abgeordnetenwatch.de/profile/jonas-geissler,"2023-01-27 DEBATE: Rede ""Ich sage Ihnen das ganz offen: Ich kann nicht verstehen, wie man in einen Antrag, in dem es am Ende um Religionsfreiheit geht, so viel Hetze hineinpacken kann, wie Sie das getan haben...."" [+: Defends freedom of religion for Christians and all faiths, rejects instrumentalisation.] | 2022-09-22 DEBATE: Rede ""Kuba ist kein Rechtsstaat. Kuba ist keine Demokratie. Kuba schützt nicht die körperliche Unversehrtheit. Kuba tut nichts für die Religionsfreiheit, nichts für die Meinungsfreiheit und nichts für die Versammlungsfreiheit...."" [+: Condemns Cuba's denial of religious and expressive freedoms, implicitly defending these rights.] | 2022-01-27 DEBATE: Rede ""Wir haben gestern im Ausschuss für Menschenrechte und humanitäre Hilfe eine gemeinsame Erklärung gegen die Menschenrechtsverletzungen in China verabschiedet, bei der wir uns mit Tibet, mit den Christenverfolgungen, mit d..."" [0: Speech focuses on Guantanamo human rights criticism, not on religious freedom substantively.] | 2021-12-16 DEBATE: Rede ""Als gläubiger Christ weiß ich, dass das Recht auf freie Religionsausübung eines der heiligsten dieser Rechte ist. Ich habe viel darüber nachgedacht, was ich heute sage. Ich möchte mich gleich am Anfang dafür bedanken, da..."" [++: Strongly affirms right to religious practice and welcomes retention of religious freedom commissioner.]",CDU/CSU,237 - Coburg
"Martin Erwin Renner (AfD, Landesliste Nordrhein-Westfalen)",1,,,,,,"a motion signed, 24 months ago",consistent (2 items),4,https://www.abgeordnetenwatch.de/profile/martin-erwin-renner,"2024-09-30 ANTRAG: Fortgesetzte Christenverfolgung in Nigeria beim Namen nennen und ächten (Drucksache 20/13119) [++: AfD motion: name and condemn continuing persecution of Christians in Nigeria] | 2023-03-10 KLEINE ANFRAGE: Schutz von Asylbewerbern christlichen Glaubens in Deutschland (Drucksache 20/5951) [+: AfD KA: protection of Christian asylum seekers in Germany] | 2019-05-17 VOTE (Bundestag): Voted Ja: BDS-Bewegung entgegentreten - Antisemitismus bekämpfen [never places: an antisemitism motion, not our religious-freedom ground] | 2018-10-19 VOTE (Bundestag): Voted Nein: Stärkung des Menschenrechts auf Religionsfreiheit [this side carries no value -- its lobby tells no member apart]",AfD,Landesliste Nordrhein-Westfalen
"Michael Frieser (CDU/CSU, 244 - Nürnberg-Süd)",1,,,,,,"a speech, 3 years ago",consistent (3 items),3,https://www.abgeordnetenwatch.de/profile/michael-frieser,"2023-06-22 DEBATE: Rede ""Angehöriger und kein Anhänger sein. Aber eine Demokratie basiert in ihren Grundfesten gerade darauf, dass sie Religionsfreiheit, Glaubensfreiheit nicht nur..."" [++: Strongly champions religious freedom and honours Jehovah's Witnesses' faith-based resistance.] | 2012-12-12 VOTE (Bundestag): Voted Ja: Beschneidung von Jungen aus religiösen Gründen [+: Voted to keep religious circumcision lawful for Jewish and Muslim families.] | 2010-11-11 DEBATE: Rede ""sicherlich auch zur Glaubensfreiheit, sich zu den..."" [+: Affirms belief in religious freedom as part of human rights heritage.]",CDU/CSU,244 - Nürnberg-Süd
"Elisabeth Kaiser (SPD, Landesliste Thüringen)",1,,,,,,"a speech, 5 years ago",consistent (2 items),2,https://www.abgeordnetenwatch.de/profile/elisabeth-kaiser,"2022-03-17 DEBATE: Rede ""Sehr geehrte Frau Präsidentin! Liebe Kolleginnen und Kollegen! Ja, religiöser Fundamentalismus ist mit unseren Grundwerten von Pluralität und Religionsfreiheit unvereinbar. Auch klar ist, dass keine Gelder an Organisatio..."" [++: Explicitly defends religious freedom as core right and criticises generalised suspicion against Muslims.] | 2018-10-19 VOTE (Bundestag): Voted Ja: Stärkung des Menschenrechts auf Religionsfreiheit [+: Voted to strengthen Germany's international work for freedom of religion.]",SPD,Landesliste Thüringen
"Christina Stumpp (CDU/CSU, 264 - Waiblingen)",1,,,,,,"a speech, 2 years ago",thin (only 1 evidence item on record),1,https://www.abgeordnetenwatch.de/profile/christina-stumpp,"2024-06-12 DEBATE: Rede ""Ich habe noch eine Nachfrage dazu. – Eine Vorbemerkung vorneweg. Ich glaube, Sie haben den Landtagswahlkampf eröffnet, Herr Özdemir; Sie haben das Thema Abschiebung angesprochen. Sie kommen genauso wie ich aus Baden-Würt..."" [++: Pushes for deportation of convicted foreign criminals, aligning with border control and migration enforcement.]",CDU/CSU,264 - Waiblingen
"Nicole Höchst (AfD, Landesliste Rheinland-Pfalz)",,1,,,,,"a speech, 5 months ago",conflicting (2 items point the other way),20,https://www.abgeordnetenwatch.de/profile/nicole-hoechst,"2026-09-01 KLEINE ANFRAGE: Lage der christlichen Minderheit im Jemen im Kontext des langjährigen Bürgerkriegs und der dschihadistischen Bedrohung (Drucksache 21/7796) [+: AfD KA: Christian minority in Yemen under jihadist threat] | 2026-08-04 KLEINE ANFRAGE: Lage der christlichen Minderheit im Iran - Systematische Unterdrückung, staatliche Repressionsmaßnahmen und die Auswirku (Drucksache 21/7469) [+: AfD KA: systematic repression of the Christian minority in Iran] | 2026-08-03 KLEINE ANFRAGE: Lage der christlichen Minderheit in Somalia und die anhaltende Existenzbedrohung durch dschihadistischen Terror und gese (Drucksache 21/7456) [+: AfD KA: Christian minority in Somalia under jihadist threat and persecution] | 2026-07-31 KLEINE ANFRAGE: Lage der christlichen Minderheit im Irak - Bedrohung durch Milizengewalt, demografischer Niedergang und institutionelle  (Drucksache 21/7440) [+: AfD KA: Christian minority in Iraq, militia violence and discrimination] | 2026-07-24 KLEINE ANFRAGE: Lage der christlichen Gemeinden im Libanon im Kontext von Staatskrise, bewaffneten Konflikten und demografischen Verände (Drucksache 21/7318) [+: AfD KA: Christian communities in Lebanon] | 2026-07-21 KLEINE ANFRAGE: Lage der christlichen Minderheit in Israel und den Palästinensischen Gebieten im Kontext zunehmender Übergriffe auf reli (Drucksache 21/7224) [+: AfD KA: Christians in Israel/Palestinian territories amid attacks on religious sites] | 2026-07-17 KLEINE ANFRAGE: Lage der christlichen Minderheit im Sudan im Kontext des Bürgerkriegs seit April 2023 (Drucksache 21/7186) [+: AfD KA: Christian minority in Sudan during the civil war] | 2026-07-17 KLEINE ANFRAGE: Lage der christlichen Minderheit in Nigeria im Kontext anhaltender Gewalt durch Terrorgruppen, Milizen und organisierte  (Drucksache 21/7189) [+: AfD KA: Christian minority in Nigeria amid terrorist violence]",AfD,Landesliste Rheinland-Pfalz
"Stephan Brandner (AfD, 193 - Gera – Greiz – Altenburger Land)",,1,,,,,"a speech, 20 months ago",conflicting (2 items point the other way),18,https://www.abgeordnetenwatch.de/profile/stephan-brandner,"2026-06-23 KLEINE ANFRAGE: Bilanz des ersten Jahres der Tätigkeit des Beauftragten der Bundesregierung für Religions- und Weltanschauungsfreiheit (Drucksache 21/6620) [never places: information question; the title asks for facts and does not show which side the author is on] | 2026-02-12 KLEINE ANFRAGE: Kirchenasyl in Deutschland - Stand: 31. Dezember 2025 (Drucksache 21/4136) [never places: information question; the title asks for facts and does not show which side the author is on] | 2025-05-23 SCHRIFTLICHE FRAGE: Beantragung öffentlicher Mittel für Kirchentage seit 2020 (Drucksache 21/237) [never places: information question; the title asks for facts and does not show which side the author is on] | 2025-04-08 KLEINE ANFRAGE: Kirchenasyl in Deutschland - Stand: 31. März 2025 (Drucksache 21/22) [never places: information question; the title asks for facts and does not show which side the author is on] | 2025-01-29 DEBATE: Rede ""Es gibt ja Berichte, dass nach der Machtergreifung dieser Al-Qaida-Truppe oder des Ablegers der Al-Qaida jetzt andere Religionen in Syrien verfolgt werden, unter anderem die Christen. Es gibt Berichte über geschändete un..."" [+: Raises concern over persecution of Christians in Syria, aligning with religious freedom defence.] | 2024-11-22 KLEINE ANFRAGE: Finanzierung von Religionsgemeinschaften - Stand 30. September 2024 (Drucksache 20/13884) [never places: AfD question on funding of religious communities; likely sceptical but the title does not show a side] | 2024-11-14 ANTRAG: Beendigung der Vereinbarung zwischen dem Bundesamt für Migration und Flüchtlinge und den Kirchenvertretern zum Kirchenas (Drucksache 20/13769) [never places: church asylum is where two CitizenGO positions pull apart (churches' rights, border control): neither side is clearly ours] | 2024-11-14 GESETZENTWURF: Gesetz zur Änderung des Grundgesetzes (Erweiterung der Verwirkungsregelung des Artikels 18 um die ungestörte Religionsau (Drucksache 20/13796) [-: AfD Basic Law bill: make freedom of religious practice (Art. 4(2)) forfeitable under Art. 18, a new limit on FoRB]",AfD,193 - Gera – Greiz – Altenburger Land
"Stefan Keuter (AfD, Landesliste Nordrhein-Westfalen)",,1,,,,,"a speech, 4 months ago",conflicting (1 item point the other way),17,https://www.abgeordnetenwatch.de/profile/stefan-keuter,"2026-08-17 KLEINE ANFRAGE: Abschiebekriterien, der Schutz religiöser Minderheiten, Christenverfolgung und Abschiebung syrischer Christen (Drucksache 21/7597) [+: AfD KA: protection of religious minorities, persecution of Christians, deportation of Syrian Christians] | 2026-08-04 KLEINE ANFRAGE: Lage der christlichen Minderheit im Iran - Systematische Unterdrückung, staatliche Repressionsmaßnahmen und die Auswirku (Drucksache 21/7469) [+: AfD KA: systematic repression of the Christian minority in Iran] | 2026-07-31 KLEINE ANFRAGE: Lage der christlichen Minderheit im Irak - Bedrohung durch Milizengewalt, demografischer Niedergang und institutionelle  (Drucksache 21/7440) [+: AfD KA: Christian minority in Iraq, militia violence and discrimination] | 2026-07-24 KLEINE ANFRAGE: Lage der christlichen Gemeinden im Libanon im Kontext von Staatskrise, bewaffneten Konflikten und demografischen Verände (Drucksache 21/7318) [+: AfD KA: Christian communities in Lebanon] | 2026-07-21 KLEINE ANFRAGE: Lage der christlichen Minderheit in Israel und den Palästinensischen Gebieten im Kontext zunehmender Übergriffe auf reli (Drucksache 21/7224) [+: AfD KA: Christians in Israel/Palestinian territories amid attacks on religious sites] | 2026-07-17 KLEINE ANFRAGE: Lage der christlichen Minderheit im Sudan im Kontext des Bürgerkriegs seit April 2023 (Drucksache 21/7186) [+: AfD KA: Christian minority in Sudan during the civil war] | 2026-07-17 KLEINE ANFRAGE: Lage der christlichen Minderheit in Nigeria im Kontext anhaltender Gewalt durch Terrorgruppen, Milizen und organisierte  (Drucksache 21/7189) [+: AfD KA: Christian minority in Nigeria amid terrorist violence] | 2026-05-20 DEBATE: Rede ""während Sie gleichzeitig das Schicksal der dort lebenden christlichen Minderheiten völlig ignorieren. Dabei weigern Sie sich schlicht, der Wahrheit ins Auge zu blicken: Was wir im Sudan sehen, ist längst kein reiner Bürg..."" [+: Highlights neglect of persecuted Christian minorities in Sudan, aligning with defending religious freedom.]",AfD,Landesliste Nordrhein-Westfalen
"Helge Lindh (SPD, 101 - Wuppertal I)",,1,,,,,"a speech, 5 years ago",consistent (6 items),13,https://www.abgeordnetenwatch.de/profile/helge-lindh,"2025-12-18 DEBATE: Rede ""Viel über eine Partei sagt aber auch aus, was sie als Feindbilder benennt. Zum einen HateAid, also eine Organisation, die sich vor Opfer von Hassrede stellt, dann der letzte Feldzug gegen die Amadeu Antonio Stiftung, die..."" [0: Defends NGOs against AfD attacks, no clear position on free speech or migration policy.] | 2025-06-04 DEBATE: Rede ""Und Sie erwähnen auch nicht – selbstverständlich nicht –, was es anrichtet, wenn man in der Weise, wie Sie es tun, über Abschiebung und Kriminalität spricht, nämlich indem man sagt: Kriminalität ist ein Migrationsphänome..."" [0: Attacks AfD's distrust of state institutions; doesn't address free speech or religion directly.] | 2023-05-11 DEBATE: Rede ""riesiges Defizit hatte, aber die Prinzipien Versammlungsfreiheit, Religionsfreiheit, Meinungsfreiheit, Redefreiheit beinhaltete, also all das, was gegenwärtig..."" [0: Historical/ideological speech on freedoms, no clear current stance on free speech or religion policy.] | 2022-10-20 DEBATE: Rede ""Frau Präsidentin! Liebe Kolleginnen und Kollegen! Ich kann es Ihnen nicht ersparen: Wenn man einige Beiträge aus der gestrigen Debatte zum Aufenthaltsrecht noch im Kopf hat und auch das Agenda-Setting von einigen, nicht ..."" [0: Political sparring over Islamism debate framing, no clear religious-freedom direction.] | 2022-02-17 DEBATE: Rede ""Dritte Frage, die ich aufwerfe: Josef Schuster, Präsident des Zentralrats der Juden in Deutschland, hat sehr deutlich seine Irritation zum Ausdruck gebracht, als zeitweilig dem VVN-BdA die Gemeinnützigkeit entzogen war. ..."" [0: Defends anti-fascist group's nonprofit status; not clearly about free speech or religion policy.] | 2021-06-10 DEBATE: Rede ""Dann noch ein Drittes. Sie – wieder die Sprache – sprechen von Verhaltenskultur, kulturellen Prägungen und verhaltenskulturellem Agieren. Das Interessante an Ihrem Antrag ist: Was Sie als Muster beschreiben – Parallelges..."" [+: Criticises stigmatising framing of Muslims, implicitly defending religious freedom.] | 2021-05-06 VOTE (Bundestag): Voted Nein: Ab­lösung der Staats­leistun­gen an die Kirchen [+: Voted to keep the churches' state payments.] | 2020-12-17 DEBATE: Rede ""Christentum bedeutet – heutzutage erst recht – Anerkennung von Religionsfreiheit. Was Sie tun, ist Missachtung von Religionsfreiheit. Christentum steht für Milde und Gelassenheit...."" [+: Affirms Christianity means recognising religious freedom while attacking AfD hypocrisy.]",SPD,101 - Wuppertal I
"Udo Hemmelgarn (AfD, Landesliste Nordrhein-Westfalen)",,1,,,,,"a vote, 5 years ago",moderate (whipped vote),13,https://www.abgeordnetenwatch.de/profile/udo-hemmelgarn,"2026-08-17 KLEINE ANFRAGE: Abschiebekriterien, der Schutz religiöser Minderheiten, Christenverfolgung und Abschiebung syrischer Christen (Drucksache 21/7597) [+: AfD KA: protection of religious minorities, persecution of Christians, deportation of Syrian Christians] | 2026-08-04 KLEINE ANFRAGE: Lage der christlichen Minderheit im Iran - Systematische Unterdrückung, staatliche Repressionsmaßnahmen und die Auswirku (Drucksache 21/7469) [+: AfD KA: systematic repression of the Christian minority in Iran] | 2026-07-31 KLEINE ANFRAGE: Lage der christlichen Minderheit im Irak - Bedrohung durch Milizengewalt, demografischer Niedergang und institutionelle  (Drucksache 21/7440) [+: AfD KA: Christian minority in Iraq, militia violence and discrimination] | 2026-07-24 KLEINE ANFRAGE: Lage der christlichen Gemeinden im Libanon im Kontext von Staatskrise, bewaffneten Konflikten und demografischen Verände (Drucksache 21/7318) [+: AfD KA: Christian communities in Lebanon] | 2026-07-21 KLEINE ANFRAGE: Lage der christlichen Minderheit in Israel und den Palästinensischen Gebieten im Kontext zunehmender Übergriffe auf reli (Drucksache 21/7224) [+: AfD KA: Christians in Israel/Palestinian territories amid attacks on religious sites] | 2026-07-17 KLEINE ANFRAGE: Lage der christlichen Minderheit im Sudan im Kontext des Bürgerkriegs seit April 2023 (Drucksache 21/7186) [+: AfD KA: Christian minority in Sudan during the civil war] | 2026-07-17 KLEINE ANFRAGE: Lage der christlichen Minderheit in Nigeria im Kontext anhaltender Gewalt durch Terrorgruppen, Milizen und organisierte  (Drucksache 21/7189) [+: AfD KA: Christian minority in Nigeria amid terrorist violence] | 2026-05-05 ANTRAG: Kein Geld für das syrische Übergangsregime - Menschenrechte schützen, religiöse Minderheiten in Syrien vor Verfolgung be (Drucksache 21/5765) [+: AfD motion: suspend aid to Syria's transitional regime to protect religious minorities from persecution]",AfD,Landesliste Nordrhein-Westfalen
"Gökay Akbulut (Die Linke, Landesliste Baden-Württemberg)",,1,,,,,"a speech, 2 years ago",conflicting (2 items point the other way),11,https://www.abgeordnetenwatch.de/profile/goekay-akbulut,"2026-04-15 MÜNDLICHE FRAGE: Lage von Alevitin und Kurden in der Türkei (Drucksache 21/70) [never places: information question; the title asks for facts and does not show which side the author is on] | 2025-12-16 ANTRAG: Für ein friedliches Syrien - Keine Zusammenarbeit mit islamistischen Akteuren - Humanitäre Hilfe ausbauen und demokratis (Drucksache 21/3304) [+: Linke Syria motion: press the regime to stop attacks on Alawites and Druze; sanctions for crimes against minorities] | 2025-06-04 MÜNDLICHE FRAGE: Menschenrechtssituation in den überwiegend alawitisch bewohnten Regionen Syriens (Drucksache 21/9) [never places: information question; the title asks for facts and does not show which side the author is on] | 2024-06-06 DEBATE: Rede ""Die Union aber sieht in ihrem Antrag die Ursache für den islamistischen Fundamentalismus in der Zuwanderung und den angeblich unzureichenden Abschiebungen. Mit dieser Fokussierung wird sie der Komplexität des globalen Is..."" [+: Defends Muslims against stigmatisation and criticises anti-Muslim populism, supporting freedom of religion.] | 2023-12-14 DEBATE: Rede ""da gibt es eine Reihe von Listen; die kann ich Ihnen gerne zuschicken –, und CDU-geführte Länder kooperieren beim islamischen Religionsunterricht weiterhin auch mit DITIB. Der vorliegende Antrag ist daher nur scheinheili..."" [+: Argues CDU motion attacks religious freedom, defending the right itself.] | 2023-11-16 DEBATE: Rede ""Und drittens richtet sich ein solches Verbot gezielt gegen muslimische Kinder; denn Kruzifix oder Kippa sollen ja weiterhin erlaubt sein. Kopftuch verbieten, Kruzifix und Kippa aber erlauben, das ist eine völlig unzuläss..."" [+: Condemns the AfD's headscarf ban proposal as discriminatory, defending religious freedom.] | 2023-01-27 DEBATE: Rede ""Meine Damen und Herren, auch die Kirchen stellen sich gegen diese Vereinnahmung durch die AfD. Die Deutsche Kommission Justitia et Pax und das katholische Hilfswerk missio Aachen warnen davor, dass rechtspopulistische Kr..."" [+: Explicitly defends religious freedom as universal right for all faiths.] | 2022-05-10 ANTRAG: Arbeitsbedingungen in der Langzeitpflege nachhaltig verbessern - Faktisches Veto-Recht der kirchlichen Kommissionen stre (Drucksache 20/1729) [-: Linke motion: strike church commissions' veto in care-sector wage extension, curbing church self-governance (Art. 137 WRV)]",Die Linke,Landesliste Baden-Württemberg
"Konstantin von Notz (BÜNDNIS 90/DIE GRÜNEN, Landesliste Schleswig-Holstein)",,1,,,,,"a speech, 7 years ago",conflicting (3 items point the other way),11,https://www.abgeordnetenwatch.de/profile/konstantin-von-notz,"2026-05-29 KLEINE ANFRAGE: Mögliche Verbindungen zwischen christlichem Fundamentalismus und Rechtsextremismus in Deutschland (Drucksache 21/6166) [-: Greens KA: links between 'Christian fundamentalism' and right-wing extremism; casts believing Christians as an extremism risk] | 2025-10-29 KLEINE ANFRAGE: Ein Jahr nach dem Sturz des Assad-Regimes - Ethnische und religiöse Vielfalt Syriens weiterhin unter Druck - Schutz der  (Drucksache 21/2476) [+: Greens KA: protection of Alawites, Christians, Druze in post-Assad Syria] | 2021-05-19 DEBATE: Rede ""Ich sage es in aller Klarheit: Es gibt relevanten Antisemitismus, auch bei Zugezogenen in unserem Land. Den muss man klipp und klar benennen; das tun wir. Wir sagen in aller Deutlichkeit: Die Versammlungs- und Meinungsfr..."" [0: States free speech ends where antisemitism begins, a narrow limitation not general overreach.] | 2021-05-06 VOTE (Bundestag): Voted Ja: Ab­lösung der Staats­leistun­gen an die Kirchen [-: Voted to end the state payments owed to the churches since 1803.] | 2019-11-28 DEBATE: Rede ""Vieles davon liefern Sie leider nicht. Die 440 Stellen – sie wurden hier angesprochen –, mit denen Sie sich, Herr Seehofer, von Pressekonferenz zu Pressekonferenz gehangelt haben, schrumpfen in ihrer Anzahl um ein Dritte..."" [+: Criticises expanding surveillance powers (data retention, facial recognition) as overreach against civil liberties.] | 2019-06-27 DEBATE: Rede ""Um es völlig klar zu sagen: Demokratie braucht Streit, auch den harten Diskurs. Die Meinungsfreiheit ist hierfür konstituierend. Aber Volksverhetzung, Verleumdung, Rassismus, Antisemitismus, Menschenfeindlichkeit – all d..."" [-: Frames hate speech and incitement as threats needing combating, leaning toward speech restriction rather than free speech defence.] | 2019-05-17 VOTE (Bundestag): Voted Nein: BDS-Bewegung entgegentreten - Antisemitismus bekämpfen [never places: an antisemitism motion, not our religious-freedom ground] | 2019-04-05 DEBATE: Rede ""und hierüber regelmäßig – das dürfte Sie freuen, Herr Gauland – öffentlich berichtet. Dabei ist völlig klar: In einer pluralen Gesellschaft gilt die Meinungsfreiheit und ein hoher Toleranzbereich, auch für scharfe, für z..."" [+: Affirms broad tolerance for free speech, including sharp and controversial opinions.]",BÜNDNIS 90/DIE GRÜNEN,Landesliste Schleswig-Holstein
"Lars Castellucci (SPD, Landesliste Baden-Württemberg)",,1,,,,,"a speech, 5 years ago",consistent (9 items),11,https://www.abgeordnetenwatch.de/profile/lars-castellucci,"2021-12-16 DEBATE: Rede ""Dazu müssen wir diejenigen unterstützen, die für interreligiösen Dialog und Religionsfreiheit aktiv eintreten...."" [+: Highlights need to protect religious practice and support dialogue initiatives for religious freedom.] | 2021-05-06 VOTE (Bundestag): Voted Nein: Ab­lösung der Staats­leistun­gen an die Kirchen [+: Voted to keep the churches' state payments.] | 2021-05-06 DEBATE: Rede ""Insofern kann das hier einfach zu den Akten genommen werden. Und wenn es noch eines Beweises bedurft hätte, kann man sich Ihre Rede noch mal zu Gemüte führen, Herr Münz. Wenn man für die Trennung von Staat und Kirche ist..."" [0: Debate on church state funding law, not about religious freedom protections directly.] | 2020-11-06 DEBATE: Rede ""Wir haben einen Bericht vorliegen, der bedrückend ist, der uns aufzeigt, dass die Religionsfreiheit weltweit immer stärker unter Druck gerät. Und wir wissen, dass auch die Demokratie weltweit auf dem Rückzug ist. Das ist..."" [+: Endorses religious freedom as democratic principle, thanks colleague on protecting converts.] | 2020-05-29 DEBATE: Rede ""Es geht Ihnen also nicht um die Kinder, sondern es geht Ihnen um den Hass gegen Muslime. Es geht Ihnen nicht um Religionsfreiheit, es geht Ihnen nicht um Integration, es geht Ihnen nicht um Wissenschaft, es geht Ihnen ni..."" [+: Criticises selective (Christian-only) religious freedom advocacy, implicitly supporting broader religious freedom protection.] | 2019-05-17 VOTE (Bundestag): Voted Nein: BDS-Bewegung entgegentreten - Antisemitismus bekämpfen [never places: an antisemitism motion, not our religious-freedom ground] | 2018-10-19 VOTE (Bundestag): Voted Ja: Stärkung des Menschenrechts auf Religionsfreiheit [+: Voted to strengthen Germany's international work for freedom of religion.] | 2018-10-11 DEBATE: Rede ""Sie schüren hier den Islamhass aus politischem Kalkül. Sie haben sogar eine Debatte über Gelder für den Zentralrat der Juden in der letzten Sitzungswoche dazu missbraucht, hier die Religionsfreiheit anzugreifen und Islam..."" [+: Criticises AfD for using religion debate to stoke hatred, implicitly defending religious freedom.]",SPD,Landesliste Baden-Württemberg
"Aydan Özoğuz (SPD, 22 - Hamburg-Wandsbek)",,1,,,,,"a speech, 5 years ago",consistent (8 items),10,https://www.abgeordnetenwatch.de/profile/aydan-oezoguz,"2021-06-25 DEBATE: Rede ""In diesem Zusammenhang muss ich noch einige Worte zu China sagen. Die Entwicklungen sind dramatisch. Ich hatte bereits bei der Debatte zur Religionsfreiheit angemerkt, dass es um mannigfaltige Formen religiöser Diskrimin..."" [+: Highlights religious persecution abroad, implicitly defending freedom of religion or belief.] | 2021-05-06 VOTE (Bundestag): Voted Nein: Ab­lösung der Staats­leistun­gen an die Kirchen [+: Voted to keep the churches' state payments.] | 2021-04-23 DEBATE: Rede ""Gesetze, die eine Abkehr von Religion unter Strafe stellen, bewirken ja hauptsächlich eins: dass Menschen so tun müssen, als wären sie Teil einer Religionsgemeinschaft, der sie sich faktisch aber gar nicht zugehörig fühl..."" [+: Defends right to leave religion without persecution, supportive of freedom of religion or belief.] | 2019-12-12 DEBATE: Rede ""Zudem darf die Religionsfreiheit nicht gegen andere Menschenrechte wie etwa das der Meinungsfreiheit ausgespielt werden – und umgekehrt...."" [0: Balanced statement that religious freedom and free speech should not be played off against each other; neutral.] | 2019-05-17 VOTE (Bundestag): Voted Nein: BDS-Bewegung entgegentreten - Antisemitismus bekämpfen [never places: an antisemitism motion, not our religious-freedom ground] | 2018-10-19 VOTE (Bundestag): Voted Ja: Stärkung des Menschenrechts auf Religionsfreiheit [+: Voted to strengthen Germany's international work for freedom of religion.] | 2018-10-19 DEBATE: Rede ""Überall dort, wo Weltanschauungsfreiheit, also sowohl die Freiheit, keiner Religionsgemeinschaft angehören zu wollen, als auch die Religionsfreiheit, also die Freiheit, sich seine jeweilige Religion selbst aussuchen zu d..."" [+: Strongly defends universal religious and belief freedom, including for persecuted groups.] | 2018-04-27 DEBATE: Rede ""Herr Grübel, ich möchte Ihnen gratulieren und sagen, dass ich mir sicher bin, dass Sie Ihre Sache gut machen werden. Aber ich möchte noch einen Punkt im Besonderen hervorheben, von dem ich glaube, dass er einen guten Ans..."" [+: Affirms religious freedom as a fundamental human right requiring consistent protection for all groups.]",SPD,22 - Hamburg-Wandsbek
"Alexander Wolf (AfD, Landesliste Hamburg)",,1,,,,,"a question, 6 weeks ago",consistent (8 items),9,https://www.abgeordnetenwatch.de/profile/alexander-wolf-0,"2026-08-14 SCHRIFTLICHE FRAGE: Umgang mit durch den Kosovo-Krieg beschädigten christlichen Stätten und Friedhöfen (Drucksache 21/7573) [+: SF: Christian sites and cemeteries damaged in the Kosovo war] | 2026-08-14 SCHRIFTLICHE FRAGE: Auffassung zur Lage der christlichen Minderheit im Kosovo (Drucksache 21/7573) [+: SF: situation of the Christian minority in Kosovo] | 2026-08-04 KLEINE ANFRAGE: Lage der christlichen Minderheit im Iran - Systematische Unterdrückung, staatliche Repressionsmaßnahmen und die Auswirku (Drucksache 21/7469) [+: AfD KA: systematic repression of the Christian minority in Iran] | 2026-07-31 KLEINE ANFRAGE: Lage der christlichen Minderheit im Irak - Bedrohung durch Milizengewalt, demografischer Niedergang und institutionelle  (Drucksache 21/7440) [+: AfD KA: Christian minority in Iraq, militia violence and discrimination] | 2026-07-24 KLEINE ANFRAGE: Lage der christlichen Gemeinden im Libanon im Kontext von Staatskrise, bewaffneten Konflikten und demografischen Verände (Drucksache 21/7318) [+: AfD KA: Christian communities in Lebanon] | 2026-07-21 KLEINE ANFRAGE: Lage der christlichen Minderheit in Israel und den Palästinensischen Gebieten im Kontext zunehmender Übergriffe auf reli (Drucksache 21/7224) [+: AfD KA: Christians in Israel/Palestinian territories amid attacks on religious sites] | 2026-07-17 KLEINE ANFRAGE: Lage der christlichen Minderheit im Sudan im Kontext des Bürgerkriegs seit April 2023 (Drucksache 21/7186) [+: AfD KA: Christian minority in Sudan during the civil war] | 2026-07-17 KLEINE ANFRAGE: Lage der christlichen Minderheit in Nigeria im Kontext anhaltender Gewalt durch Terrorgruppen, Milizen und organisierte  (Drucksache 21/7189) [+: AfD KA: Christian minority in Nigeria amid terrorist violence]",AfD,Landesliste Hamburg
"Clara Bünger (Die Linke, Landesliste Sachsen)",,1,,,,,"a question, 8 months ago",thin (only 1 evidence item on record),8,https://www.abgeordnetenwatch.de/profile/clara-buenger,"2026-07-08 DEBATE: Rede ""Nach Beendigung des Kirchenasylverfahrens kann die jeweils zuständige Ausländerbehörde die antragstellende Person in eigener Zuständigkeit im Rahmen der gesetzlichen Möglichkeiten zur persönlichen Meldung laden. Dies obl..."" [0: Factual question on church asylum procedure and deportation rules, no clear stance.] | 2026-07-08 MÜNDLICHE FRAGE: Vorgaben des BAMF zum Kirchenasylverfahren und Folgen einer Nichtmeldung (Drucksache 21/88) [never places: information question; the title asks for facts and does not show which side the author is on] | 2026-01-26 KLEINE ANFRAGE: Asylrechtlicher Umgang mit pakistanischen Asylsuchenden bzw. mit Ahmadiyya aus Pakistan (Drucksache 21/3801) [+: Linke KA: asylum treatment of persecuted Ahmadiyya from Pakistan] | 2024-12-13 SCHRIFTLICHE FRAGE: Entscheidungen des BAMF über Härtefalldossiers zu Kirchenasylfällen aus Bremen im Jahr 2024 (Drucksache 20/14188) [never places: asks about BAMF hardship decisions in Kirchenasyl cases; side on church asylum not shown] | 2024-06-05 DEBATE: Rede ""Werden ukrainische Männer im wehrfähigen Alter in der Praxis wegen der Straftat des Fahrens ohne Fahrerlaubnis in Deutschland verfolgt, wenn sie zwar eine ukrainische Fahrerlaubnis erworben haben, ihnen diese aber infolg..."" [0: Factual question on Ukrainian conscripts' driving licences and asylum law, no clear directional stance.] | 2024-05-24 SCHRIFTLICHE FRAGE: Einflussnahme des BAMF auf die Bundesländer bei Kirchenasylverfahren (Drucksache 20/11501) [never places: asks about BAMF pressure on the Länder in Kirchenasyl cases; side not shown] | 2024-04-25 DEBATE: Rede ""Herr Hardt, es ist schön, dass Sie Ihre Solidarität mit der Revolution im Iran entdeckt haben. Allerdings frage ich mich, wie ernst Sie diese Unterstützung meinen, wenn Sie gleichzeitig in einem anderen Antrag, den ich h..."" [0: Solidarity with Iranian women protesters and criticism of deportation policy, not on religious freedom directly.] | 2022-01-26 DEBATE: Rede ""Ja. – Vielen Dank für die Beantwortung der Frage. – Ich entnehme Ihrer Antwort, dass Herr Sommer vorerst im Amt bleiben wird. Ich möchte noch mal daran erinnern, dass Herr Sommer schon vor seiner Berufung zum BAMF-Chef i..."" [0: Question about BAMF leadership and asylum policy shift; tagged area does not match content, no clear religion stance.]",Die Linke,Landesliste Sachsen
"Johannes Fechner (SPD, Landesliste Baden-Württemberg)",,1,,,,,"a speech, 3 years ago",conflicting (1 item point the other way),8,https://www.abgeordnetenwatch.de/profile/johannes-fechner,"2023-11-17 DEBATE: Rede ""Ihre Vorschläge zur Verschärfung der Volksverhetzung, § 130 StGB, müssen wir uns anschauen. Wir haben hier auch aus meiner Sicht tatsächlich Reformbedarf. Das beginnt schon mit der Frage, ob das Tatbestandsmerkmal „Gefäh..."" [0: Calls for reforming incitement law against antisemitism, not clearly a free speech overreach stance.] | 2023-11-10 DEBATE: Rede ""wenn man Deutsche mit Migrationshintergrund ausschließt, wenn man die Religionsfreiheit ablehnt oder die Menschenwürde missachtet. Das akzeptieren wir nicht, und schon gar nicht fördern wir das mit Steuermitteln, liebe K..."" [0: Discusses foundation funding criteria including religious freedom in passing; not directly on CitizenGO issues.] | 2023-10-13 DEBATE: Rede ""das Vertreten eines völkischen Volksbegriffs, der Deutsche mit Migrationshintergrund ausschließt, die Ablehnung der Religionsfreiheit, die Missachtung der Menschenwürde, all das können wir nicht akzeptieren...."" [+: Argues foundations rejecting religious freedom should lose funding, implicitly defending religious freedom as a value.] | 2021-05-06 VOTE (Bundestag): Voted Nein: Ab­lösung der Staats­leistun­gen an die Kirchen [+: Voted to keep the churches' state payments.] | 2019-11-28 DEBATE: Rede ""Und wir werden Kriminalität effektiv bekämpfen. Oft gehen Hass und Hetze ja mit Worten im Netz los und enden, wie die schlimmen Mordfälle in den letzten Monaten gezeigt haben, in der Tat. Deswegen ist es wichtig, dass wi..."" [-: Endorses stronger action against online hate speech as a justice priority, leaning toward speech restriction.] | 2019-05-17 VOTE (Bundestag): Voted Nein: BDS-Bewegung entgegentreten - Antisemitismus bekämpfen [never places: an antisemitism motion, not our religious-freedom ground] | 2018-10-19 VOTE (Bundestag): Voted Ja: Stärkung des Menschenrechts auf Religionsfreiheit [+: Voted to strengthen Germany's international work for freedom of religion.] | 2018-10-11 DEBATE: Rede ""Wir haben in der letzten Wahlperiode eine Menge Gesetze gemacht. Wir haben die Kinderehen verboten. Wir haben die Gesetze gegen islamistischen Terrorismus verschärft. Wir haben beim Generalbundesanwalt neue Stellen zur B..."" [+: Defends religious freedom for Muslims against AfD's anti-Islam motion, favouring freedom of religion.]",SPD,Landesliste Baden-Württemberg
"Alexander Dobrindt (CDU/CSU, 225 - Weilheim)",,1,,,,,"a speech, 3 years ago",conflicting (1 item point the other way),7,https://www.abgeordnetenwatch.de/profile/alexander-dobrindt,"2024-10-10 DEBATE: Rede ""Stufen Sie den Antisemitismus als besonders schweren Fall der Volksverhetzung ein, und verhängen Sie Mindestfreiheitsstrafen von sechs Monaten für diejenigen, die gegen Israel hetzen! Schreiben Sie ins Aufenthaltsgesetz,..."" [-: Calls for mandatory minimum prison sentences for antisemitic speech, favouring speech restriction.] | 2023-11-09 DEBATE: Rede ""Ich sage Ihnen, wie die ausschauen sollten: Stufen Sie Antisemitismus als besonders schweren Fall der Volksverhetzung ein, und verhängen Sie eine Mindestfreiheitsstrafe von sechs Monaten für diejenigen, die gegen Israel ..."" [+: Calls for harsher deportation and residency penalties for antisemitic offenders, aligning with border/migration integrity.] | 2021-05-06 VOTE (Bundestag): Voted Nein: Ab­lösung der Staats­leistun­gen an die Kirchen [+: Voted to keep the churches' state payments.] | 2019-05-17 VOTE (Bundestag): Voted Nein: BDS-Bewegung entgegentreten - Antisemitismus bekämpfen [never places: an antisemitism motion, not our religious-freedom ground] | 2019-05-16 DEBATE: Rede ""Liebe Kolleginnen und Kollegen, wer die Religionsfreiheit abschaffen will und wer den Nationalsozialismus relativiert, der kann sich hier nicht hinstellen und sagen, er sei ein Freund des Grundgesetzes. Er ist das Gegent..."" [+: Defends free speech while noting limits at attacks on constitutional order, a measured pro-speech stance.] | 2018-10-19 VOTE (Bundestag): Voted Ja: Stärkung des Menschenrechts auf Religionsfreiheit [+: Voted to strengthen Germany's international work for freedom of religion.] | 2012-12-12 VOTE (Bundestag): Voted Ja: Beschneidung von Jungen aus religiösen Gründen [+: Voted to keep religious circumcision lawful for Jewish and Muslim families.]",CDU/CSU,225 - Weilheim
"Christoph de Vries (CDU/CSU, Landesliste Hamburg)",,1,,,,,"a vote, 5 years ago",conflicting (1 item point the other way),7,https://www.abgeordnetenwatch.de/profile/christoph-de-vries,"2023-12-14 DEBATE: Rede ""All dies geschieht unter dem Deckmantel der Religionsfreiheit und bedroht auch das friedliche Zusammenleben in unserem Land. Liebe Kolleginnen und Kollegen, diese ausländische Einflussnahme, dieser Missbrauch der Religio..."" [0: Criticises political abuse of religious freedom by foreign actors, not opposing the right itself.] | 2022-03-17 DEBATE: Rede ""Der politische Islamismus oder „legalistische Islamismus“, wie ihn die Sicherheitsbehörden nennen, agiert vordergründig zwar gewaltfrei, er vertritt aber ein Weltbild, in dem es weder Gleichberechtigung, Meinungsfreiheit..."" [0: Discusses political Islamism as security threat; touches religious freedom only tangentially.] | 2021-05-06 VOTE (Bundestag): Voted Nein: Ab­lösung der Staats­leistun­gen an die Kirchen [+: Voted to keep the churches' state payments.] | 2020-11-18 DEBATE: Rede ""Deswegen will ich den Antrag als Anlass zur Mahnung nehmen. Wir dürfen nicht zulassen, dass ausländische Regierungen unter dem Deckmantel der Religionsfreiheit unheilvollen Einfluss auf Hunderttausende Muslime in Deutsch..."" [0: Warns against foreign misuse of religious freedom rhetoric, ambiguous on core right itself.] | 2020-05-29 DEBATE: Rede ""Es ist angesprochen worden: Namhafte Frauenrechtsorganisationen wie Terre des Femmes, Frauenrechtlerinnen wie Alice Schwarzer und Migrantenverbände befürworten das Kopftuchverbot in Bildungseinrichtungen. Außerdem kritis..."" [-: Supports headscarf ban in schools, subordinates religious freedom and parental rights to state 'Wächteramt'.] | 2019-05-17 VOTE (Bundestag): Voted Nein: BDS-Bewegung entgegentreten - Antisemitismus bekämpfen [never places: an antisemitism motion, not our religious-freedom ground] | 2018-10-19 VOTE (Bundestag): Voted Ja: Stärkung des Menschenrechts auf Religionsfreiheit [+: Voted to strengthen Germany's international work for freedom of religion.]",CDU/CSU,Landesliste Hamburg
"Florian Hahn (CDU/CSU, 220 - München-Land)",,1,,,,,"a vote, 5 years ago",moderate (whipped vote),7,https://www.abgeordnetenwatch.de/profile/florian-hahn,"2022-01-27 DEBATE: Rede ""Meine Damen und Herren, wir fragen uns in diesen Tagen und auch bei dieser Debatte immer wieder: Warum kommt es zu dieser Krise? Was ist der Grund für den Konflikt, den die Ukraine und der Westen auf der einen Seite und ..."" [0: Criticises government performance generally, no stance on free speech or religion.] | 2021-05-19 DEBATE: Rede ""Wir müssen mit allen Mitteln des Rechtsstaats – auch hier – dagegen vorgehen. Wir müssen den Worten nun endlich auch Taten folgen lassen: mit noch mehr Anstrengungen in den Schulen – das hat Mathias Middelberg sehr gut b..."" [0: Personal family history narrative on antisemitism, no direct policy stance on listed areas.] | 2021-05-06 VOTE (Bundestag): Voted Nein: Ab­lösung der Staats­leistun­gen an die Kirchen [+: Voted to keep the churches' state payments.] | 2019-05-17 VOTE (Bundestag): Voted Nein: BDS-Bewegung entgegentreten - Antisemitismus bekämpfen [never places: an antisemitism motion, not our religious-freedom ground] | 2018-10-19 VOTE (Bundestag): Voted Ja: Stärkung des Menschenrechts auf Religionsfreiheit [+: Voted to strengthen Germany's international work for freedom of religion.] | 2012-12-12 VOTE (Bundestag): Voted Ja: Beschneidung von Jungen aus religiösen Gründen [+: Voted to keep religious circumcision lawful for Jewish and Muslim families.] | 2010-06-10 DEBATE: Rede ""beispielsweise für die Religionsfreiheit und den Schutz auch von..."" [+: Explicitly calls for protection of religious freedom and minority churches in Kosovo.]",CDU/CSU,220 - München-Land
"Marcus Bühl (AfD, 191 - Gotha – Ilm-Kreis)",,1,,,,,"a vote, 5 years ago",moderate (whipped vote),7,https://www.abgeordnetenwatch.de/profile/marcus-buehl,"2026-07-03 KLEINE ANFRAGE: Haushaltsmittel des Bundes für Kirchen, kirchliche Träger und kirchennahe Einrichtungen in den Haushaltsjahren 2020 bis  (Drucksache 21/6849) [never places: asks about federal money to churches and church bodies; no side shown] | 2026-05-05 ANTRAG: Kein Geld für das syrische Übergangsregime - Menschenrechte schützen, religiöse Minderheiten in Syrien vor Verfolgung be (Drucksache 21/5765) [+: AfD motion: suspend aid to Syria's transitional regime to protect religious minorities from persecution] | 2024-11-14 ANTRAG: Beendigung der Vereinbarung zwischen dem Bundesamt für Migration und Flüchtlinge und den Kirchenvertretern zum Kirchenas (Drucksache 20/13769) [never places: church asylum is where two CitizenGO positions pull apart (churches' rights, border control): neither side is clearly ours] | 2023-01-24 ANTRAG: Einführung eines Internationalen Tages gegen die Christenverfolgung (Drucksache 20/5368) [++: AfD motion: international day against the persecution of Christians] | 2021-05-06 VOTE (Bundestag): Voted Nein: Ab­lösung der Staats­leistun­gen an die Kirchen [+: Voted to keep the churches' state payments.] | 2019-05-17 VOTE (Bundestag): Voted Ja: BDS-Bewegung entgegentreten - Antisemitismus bekämpfen [never places: an antisemitism motion, not our religious-freedom ground] | 2018-10-19 VOTE (Bundestag): Voted Nein: Stärkung des Menschenrechts auf Religionsfreiheit [this side carries no value -- its lobby tells no member apart]",AfD,191 - Gotha – Ilm-Kreis
"Omid Nouripour (BÜNDNIS 90/DIE GRÜNEN, Landesliste Hessen)",,1,,,,,"a vote, 14 years ago",conflicting (1 item point the other way),7,https://www.abgeordnetenwatch.de/profile/omid-nouripour,"2025-11-06 DEBATE: Rede ""Es hat zu tun mit rechtsextremem Terror in Halle oder in Hanau, mit islamistischem Terror etwa auf dem Breitscheidplatz, mit Femiziden, mit häuslicher Gewalt gegen Frauen, mit russischen Drohnen, damit, dass es Reiseführ..."" [0: Discusses domestic security and extremism generally, no clear link to single-sex spaces or religious freedom.] | 2021-05-06 VOTE (Bundestag): Voted Ja: Ab­lösung der Staats­leistun­gen an die Kirchen [-: Voted to end the state payments owed to the churches since 1803.] | 2019-05-17 VOTE (Bundestag): Voted Nein: BDS-Bewegung entgegentreten - Antisemitismus bekämpfen [never places: an antisemitism motion, not our religious-freedom ground] | 2019-05-17 DEBATE: Rede ""Deshalb bin ich froh, dass wir als Deutscher Bundestag mit großer Mehrheit ein Zeichen gegen solche Aktionen und gegen diese Art von Antisemitismus setzen und dass wir mit Israel solidarisch sind, nicht nur aufgrund unse..."" [0: Condemns BDS antisemitism but does not address free speech regulation directly.] | 2012-12-12 VOTE (Bundestag): Voted Ja: Beschneidung von Jungen aus religiösen Gründen [+: Voted to keep religious circumcision lawful for Jewish and Muslim families.] | 2012-12-12 DEBATE: Rede ""Schwangerschaftskonfliktberatung beteiligen...."" [+: Argues banning circumcision would harm religious identity and push practice underground, favouring religious freedom continuation.] | 2012-07-19 DEBATE: Rede ""Schwangerschaftskonfliktberatung beteiligen...."" [+: Leans toward preserving religious practice and parental rights on circumcision, favouring accommodation.]",BÜNDNIS 90/DIE GRÜNEN,Landesliste Hessen
"Stephan Mayer (CDU/CSU, 211 - Altötting)",,1,,,,,"a vote, 5 years ago",conflicting (1 item point the other way),7,https://www.abgeordnetenwatch.de/profile/stephan-mayer,"2021-05-06 VOTE (Bundestag): Voted Nein: Ab­lösung der Staats­leistun­gen an die Kirchen [+: Voted to keep the churches' state payments.] | 2019-05-17 VOTE (Bundestag): Voted Nein: BDS-Bewegung entgegentreten - Antisemitismus bekämpfen [never places: an antisemitism motion, not our religious-freedom ground] | 2018-10-19 VOTE (Bundestag): Voted Ja: Stärkung des Menschenrechts auf Religionsfreiheit [+: Voted to strengthen Germany's international work for freedom of religion.] | 2018-02-22 DEBATE: Rede ""Es ist nun einmal so, dass die Religionsfreiheit nach Artikel 4 Grundgesetz ein Kernpfeiler unserer Verfassung und unserer Freiheitsrechte ist, die auch entsprechend zu achten sind. Wir werden deshalb – um dies klar zu s..."" [-: Argues for restricting full veiling, framing religious dress as incompatible with values, leans against religious freedom.] | 2016-05-12 DEBATE: Rede ""Wenn es um Religionsfreiheit, Meinungsfreiheit oder den Umgang mit Minderheiten – insbesondere mit der kurdischen Minderheit – geht, dann muss natürlich in aller Deutlichkeit gesagt werden, dass die türkische Regierung i..."" [+: Condemns Turkish government's violations of religious and speech freedoms of minorities.] | 2014-04-08 DEBATE: Rede ""Das heutige Urteil des EuGH in Luxemburg zur Vorratsdatenspeicherung ist schon hinlänglich erwähnt worden. Ich sage aber an die Adresse derjenigen, die jetzt jubilieren, deutlich: Ich bin der festen Überzeugung, dass dur..."" [0: Statement on EuGH ruling cut off/unclear; rest of speech is budget detail, no clear direction.] | 2012-12-12 VOTE (Bundestag): Voted Ja: Beschneidung von Jungen aus religiösen Gründen [+: Voted to keep religious circumcision lawful for Jewish and Muslim families.]",CDU/CSU,211 - Altötting
"Angelika Glöckner (SPD, Landesliste Rheinland-Pfalz)",,1,,,,,"a vote, 5 years ago",moderate (whipped vote),6,https://www.abgeordnetenwatch.de/profile/angelika-gloeckner,"2021-05-06 VOTE (Bundestag): Voted Nein: Ab­lösung der Staats­leistun­gen an die Kirchen [+: Voted to keep the churches' state payments.] | 2019-05-17 VOTE (Bundestag): Voted Nein: BDS-Bewegung entgegentreten - Antisemitismus bekämpfen [never places: an antisemitism motion, not our religious-freedom ground] | 2018-10-19 VOTE (Bundestag): Voted Ja: Stärkung des Menschenrechts auf Religionsfreiheit [+: Voted to strengthen Germany's international work for freedom of religion.] | 2016-12-16 DEBATE: Rede ""Sehr geehrter Herr Präsident! Liebe Kolleginnen und Kollegen! Warum reden wir heute hier über Menschenrechte? Menschenrechtsverletzungen bewirken bei Betroffenen großes Leid, das müssen wir uns immer vor Augen halten. In..."" [+: Emphasises importance of preserving freedom of religion and speech as core human rights.] | 2016-09-23 DEBATE: Rede ""Gemein ist all diesen Verbrechen aber auch, dass sie fast immer in Staaten vorkommen, in denen auch weitere Menschen- und Freiheitsrechte nicht garantiert sind. Deshalb darf Religionsfreiheit nicht losgelöst von anderen ..."" [+: Defends universality of religious freedom as core human right, aligning with freedom of religion position.] | 2015-10-01 DEBATE: Rede ""Gerade anhand der derzeitigen Flüchtlingssituation – es wurde mehrfach angesprochen – in Deutschland und Europa wird deutlich, was passiert, wenn Menschen nicht sicher sind vor Tod, Folter, Vertreibung oder religiös und ..."" [0: General human rights report debate, no specific religion-freedom policy stance.]",SPD,Landesliste Rheinland-Pfalz
"Axel Müller (CDU/CSU, 294 - Ravensburg)",,1,,,,,"a vote, 5 years ago",moderate (whipped vote),6,https://www.abgeordnetenwatch.de/profile/axel-mueller,"2021-05-06 VOTE (Bundestag): Voted Nein: Ab­lösung der Staats­leistun­gen an die Kirchen [+: Voted to keep the churches' state payments.] | 2020-05-07 DEBATE: Rede ""Das gilt insbesondere auch für Einschränkungen von bürgerlichen Freiheiten, die auf dem Fundament der Grundrechte stehen. Der Wert der Freiheit, so steht es im Antrag der Grünen, wird in der Krise besonders deutlich. – D..."" [+: CDU MP stresses need for parliamentary legitimacy before restricting civil liberties and fundamental rights during Corona.] | 2020-03-05 DEBATE: Rede ""Der zweite Punkt erscheint mir noch bedenkenswerter. Andere Strafrechtsnormen, wie beispielsweise § 166 StGB – von Ihnen als Gotteslästerung bezeichnet –, der dem Schutz von Religion und Weltanschauung dient, wollen Sie ..."" [+: Defends retaining blasphemy law protecting religion and worldview against abolition proposal.] | 2020-02-13 DEBATE: Rede ""Soll denn der Mehrgewinn etwa sein, dass Sie, wie Sie es gerade wieder tun, versuchen, hier Stimmungsmache zu bringen? Soll das der Mehrgewinn sein? Es dürfte dem Hause doch allgemein bekannt und auch weitestgehend, so h..."" [0: Procedural summary of an Islamism motion without personal stance on religious freedom.] | 2019-05-17 VOTE (Bundestag): Voted Nein: BDS-Bewegung entgegentreten - Antisemitismus bekämpfen [never places: an antisemitism motion, not our religious-freedom ground] | 2018-10-19 VOTE (Bundestag): Voted Ja: Stärkung des Menschenrechts auf Religionsfreiheit [+: Voted to strengthen Germany's international work for freedom of religion.]",CDU/CSU,294 - Ravensburg
"Elisabeth Winkelmeier-Becker (CDU/CSU, 96 - Rhein-Sieg-Kreis I)",,1,,,,,"a vote, 5 years ago",moderate (whipped vote),6,https://www.abgeordnetenwatch.de/profile/elisabeth-winkelmeier-becker,"2021-05-06 VOTE (Bundestag): Voted Nein: Ab­lösung der Staats­leistun­gen an die Kirchen [+: Voted to keep the churches' state payments.] | 2019-11-28 DEBATE: Rede ""Ganz kurz möchte ich noch das Thema Antisemitismus aufgreifen. Wir hatten Herrn Dr. Schuster in unserer Fraktion zu Gast. Ich war früher Richterin, deshalb liegt mir Justizschelte fern, und ich weiß die Unabhängigkeit de..."" [0: Technical discussion of judicial recording and e-files, no free speech/religion direction.] | 2019-05-17 VOTE (Bundestag): Voted Nein: BDS-Bewegung entgegentreten - Antisemitismus bekämpfen [never places: an antisemitism motion, not our religious-freedom ground] | 2018-10-19 VOTE (Bundestag): Voted Ja: Stärkung des Menschenrechts auf Religionsfreiheit [+: Voted to strengthen Germany's international work for freedom of religion.] | 2015-11-24 DEBATE: Rede ""Das beginnt bei dem sogenannten Urgrundrecht der Religionsfreiheit, wie Georg Jellinek es einst nannte, und gilt auch für andere Freiheitsrechte und vor allem für das Gleichheitsgrundrecht, der Gleichbehandlung von Mann ..."" [+: Praises religious freedom as a foundational right within a budget speech.] | 2012-12-12 VOTE (Bundestag): Voted Ja: Beschneidung von Jungen aus religiösen Gründen [+: Voted to keep religious circumcision lawful for Jewish and Muslim families.]",CDU/CSU,96 - Rhein-Sieg-Kreis I
"Gabriela Heinrich (SPD, Landesliste Bayern)",,1,,,,,"a vote, 5 years ago",moderate (whipped vote),6,https://www.abgeordnetenwatch.de/profile/gabriela-heinrich,"2021-05-06 VOTE (Bundestag): Voted Nein: Ab­lösung der Staats­leistun­gen an die Kirchen [+: Voted to keep the churches' state payments.] | 2019-05-17 VOTE (Bundestag): Voted Nein: BDS-Bewegung entgegentreten - Antisemitismus bekämpfen [never places: an antisemitism motion, not our religious-freedom ground] | 2018-12-13 DEBATE: Rede ""Beispiel China. Dort gingen Hunger und Armut massiv zurück. Immer mehr Menschen geht es dort wirtschaftlich besser. Das ist ein Fortschritt. Aber warum müssen Religionsfreiheit, Meinungsfreiheit und Rechtsstaatlichkeit d..."" [0: Descriptive account of global human rights issues; no clear personal advocacy on free speech or religion policy.] | 2018-10-19 VOTE (Bundestag): Voted Ja: Stärkung des Menschenrechts auf Religionsfreiheit [+: Voted to strengthen Germany's international work for freedom of religion.] | 2018-04-19 DEBATE: Rede ""Ich beobachte in den letzten Jahren zwei Tendenzen: Einerseits wird Religionsfreiheit besonders betont. Es entsteht dann der Eindruck, dieses Menschenrecht sei wichtiger als alle anderen Freiheitsrechte. Ja, es ist zentr..."" [+: Defends universal human rights including religious freedom, though critical of AfD framing.] | 2014-10-10 DEBATE: Rede ""Unser Antrag enthält genau diese Botschaft. Er beschreibt den Prozess, wie wir uns diesem Ziel annähern und gegenüber welchen Ländern wir besonders aktiv werden müssen. Darüber hinaus ist unser Antrag realistisch. Denn w..."" [0: Focuses on death penalty abolition, not religious freedom specifically.]",SPD,Landesliste Bayern
"Götz Frömming (AfD, 56 - Prignitz – Ostprignitz-Ruppin – Havelland I)",,1,,,,,"a vote, 5 years ago",moderate (whipped vote),6,https://www.abgeordnetenwatch.de/profile/goetz-froemming,"2026-03-24 ANTRAG: Schutz von Kindern und Jugendlichen vor religiösem Zwang, Mobbing und gruppendynamischem Druck stärken - Auch Konversion (Drucksache 21/4941) [+: AfD motion: protect children from religious coercion and conversion pressure in schools, explicitly without blanket limits on religious freedom] | 2024-11-14 ANTRAG: Beendigung der Vereinbarung zwischen dem Bundesamt für Migration und Flüchtlinge und den Kirchenvertretern zum Kirchenas (Drucksache 20/13769) [never places: church asylum is where two CitizenGO positions pull apart (churches' rights, border control): neither side is clearly ours] | 2024-09-30 ANTRAG: Fortgesetzte Christenverfolgung in Nigeria beim Namen nennen und ächten (Drucksache 20/13119) [++: AfD motion: name and condemn continuing persecution of Christians in Nigeria] | 2021-05-06 VOTE (Bundestag): Voted Nein: Ab­lösung der Staats­leistun­gen an die Kirchen [+: Voted to keep the churches' state payments.] | 2019-05-17 VOTE (Bundestag): Voted Ja: BDS-Bewegung entgegentreten - Antisemitismus bekämpfen [never places: an antisemitism motion, not our religious-freedom ground] | 2018-10-19 VOTE (Bundestag): Voted Nein: Stärkung des Menschenrechts auf Religionsfreiheit [this side carries no value -- its lobby tells no member apart]",AfD,56 - Prignitz – Ostprignitz-Ruppin – Havelland I
"Katrin Göring-Eckardt (BÜNDNIS 90/DIE GRÜNEN, Landesliste Thüringen)",,1,,,,,"a speech, 9 years ago",conflicting (1 item point the other way),6,https://www.abgeordnetenwatch.de/profile/katrin-goering-eckardt,"2021-05-06 VOTE (Bundestag): Voted Ja: Ab­lösung der Staats­leistun­gen an die Kirchen [-: Voted to end the state payments owed to the churches since 1803.] | 2017-06-01 DEBATE: Rede ""– Ja. – Wir stehen an der Seite von vielen Menschen in diesem Land, die dafür sorgen, dass Menschen aus Afghanistan hier integriert werden. Wir stehen auch an der Seite derer, die durch Gewährung von Kirchenasyl dafür so..."" [+: Defends church asylum practice protecting migrants from deportation, aligning with religious freedom.] | 2016-06-23 DEBATE: Rede ""Sehr geehrte Frau Präsidentin! Liebe Kolleginnen! Liebe Kollegen! Herr Bundesinnenminister, am Wochenende haben Sie gesagt, 70 Prozent der abschiebepflichtigen Flüchtlinge unter 40 Jahren würden sich Gefälligkeitsatteste..."" [0: Attacks minister's claims about refugee medical certificates; not about religious freedom, direction unclear for that area.] | 2015-07-02 DEBATE: Rede ""Das ist der Automatismus nach jedem Anschlag: Zuerst kommt die Vorratsdatenspeicherung, Sie erweitern den gigantischen Heuhaufen und versuchen, eine Nadel zu finden, die immer weniger zu sehen ist, und am Schluss – das i..."" [+: Criticises expansion of mass data retention as automatic overreach after terror attacks.] | 2014-09-10 DEBATE: Rede ""Es reicht jetzt offensichtlich, dass sich ein paar junge Männer Warnwesten anziehen, durch die Wuppertaler Innenstadt ziehen und sich gerade noch so verhalten, dass es keine Volksverhetzung oder Nötigung ist, und schon i..."" [0: Speech on Ukraine sanctions, no reference to religion or free speech positions.] | 2012-12-12 VOTE (Bundestag): Voted Ja: Beschneidung von Jungen aus religiösen Gründen [+: Voted to keep religious circumcision lawful for Jewish and Muslim families.]",BÜNDNIS 90/DIE GRÜNEN,Landesliste Thüringen
"Marcel Emmerich (BÜNDNIS 90/DIE GRÜNEN, Landesliste Baden-Württemberg)",,1,,,,,"a speech, 6 months ago",conflicting (1 item point the other way),6,https://www.abgeordnetenwatch.de/profile/marcel-emmerich,"2026-05-29 KLEINE ANFRAGE: Mögliche Verbindungen zwischen christlichem Fundamentalismus und Rechtsextremismus in Deutschland (Drucksache 21/6166) [-: Greens KA: links between 'Christian fundamentalism' and right-wing extremism; casts believing Christians as an extremism risk] | 2026-03-26 DEBATE: Rede ""Das ist doch Teil der Religionsfreiheit in unserem Land, die uns das Grundgesetz zusichert...."" [+: Defends religious freedom for Muslims and prayer rooms, invoking Grundgesetz protections.] | 2025-10-29 KLEINE ANFRAGE: Ein Jahr nach dem Sturz des Assad-Regimes - Ethnische und religiöse Vielfalt Syriens weiterhin unter Druck - Schutz der  (Drucksache 21/2476) [+: Greens KA: protection of Alawites, Christians, Druze in post-Assad Syria] | 2024-06-13 DEBATE: Rede ""Liebe Kolleginnen und Kollegen, auch das Thema „Einflussnahme von außen“ ist sehr zentral, und dabei ist das Thema Religionsunterricht sehr entscheidend. Wir müssen davon wegkommen, dass wir irgendwelche Abhängigkeiten v..."" [0: Defensive rebuttal of AfD accusation, no clear stance on religion or migration policy.] | 2024-06-06 DEBATE: Rede ""Konkret heißt das: Wir müssen gegen den Hass im Netz vorgehen. Wer hierzulande Grundrechte, Meinungsfreiheit, Pressefreiheit attackiert, wer ein Kalifat ausrufen möchte, dem sei gesagt: Es gibt auch Reisefreiheit. Wer hi..."" [+: Explicitly defends Meinungsfreiheit and Pressefreiheit against Islamist attacks on these rights.] | 2024-05-15 DEBATE: Rede ""Sehr geehrte Frau Präsidentin! Liebe Kolleginnen und Kollegen! Meine Damen und Herren! Auf deutschen Straßen werden Plakate mit der Aufschrift „Kalifat ist die Lösung“ herumgetragen; ein islamischer Gottesstaat wird gefo..."" [+: Defends freedom of speech, press and religion as under attack from Islamist extremism.]",BÜNDNIS 90/DIE GRÜNEN,Landesliste Baden-Württemberg
"Alexander Gauland (AfD, 161 - Chemnitz)",,1,,,,,"a vote, 5 years ago",moderate (whipped vote),5,https://www.abgeordnetenwatch.de/profile/alexander-gauland,"2023-01-25 KLEINE ANFRAGE: Kenntnisse und Position der Bundesregierung zum Vorgehen gegen Oppositionspolitiker und Oppositionsparteien sowie die Uk (Drucksache 20/5369) [never places: asks about treatment of opposition and the Ukrainian Orthodox Church; mixed subject, no clear FoRB side] | 2021-05-06 VOTE (Bundestag): Voted Nein: Ab­lösung der Staats­leistun­gen an die Kirchen [+: Voted to keep the churches' state payments.] | 2019-05-17 VOTE (Bundestag): Voted Ja: BDS-Bewegung entgegentreten - Antisemitismus bekämpfen [never places: an antisemitism motion, not our religious-freedom ground] | 2019-05-16 DEBATE: Rede ""(Britta Haßelmann [BÜNDNIS 90/DIE GRÜNEN]: Mit Infragestellung der Religionsfreiheit, oder was?)..."" [0: Own remarks focus on constitutional history, not substantively addressing religious freedom threat claims (interjection is from another member).] | 2018-10-19 VOTE (Bundestag): Voted Nein: Stärkung des Menschenrechts auf Religionsfreiheit [this side carries no value -- its lobby tells no member apart]",AfD,161 - Chemnitz
"Alexander Hoffmann (CDU/CSU, 248 - Main-Spessart)",,1,,,,,"a speech, 3 years ago",conflicting (1 item point the other way),5,https://www.abgeordnetenwatch.de/profile/alexander-hoffmann,"2023-11-16 DEBATE: Rede ""Heute in der Rückschau müssen wir sagen, dass der Ansatz eigentlich genau der Richtige war. Was soll denn eine deutsche Leitkultur anderes beinhalten als zum Beispiel das Existenzrecht Israels, kein Antisemitismus auf un..."" [+: Rejects multiple marriages as part of core values, supporting traditional marriage norms.] | 2023-10-18 DEBATE: Rede ""Die zweite Konsequenz, wenn wir „Nie wieder!“ mit Leben füllen wollen, ist, dass Antisemitismus im Bereich der Volksverhetzung ein besonders schwerer Fall sein muss und mit einer Mindestfreiheitsstrafe von sechs Monaten ..."" [-: Calls for mandatory minimum sentences for antisemitic incitement, expanding criminal speech restrictions.] | 2021-05-06 VOTE (Bundestag): Voted Nein: Ab­lösung der Staats­leistun­gen an die Kirchen [+: Voted to keep the churches' state payments.] | 2020-03-05 DEBATE: Rede ""Ihr Antrag ist am Ende allein deswegen zu weit reichend – auch das will ich Ihnen vor Augen führen –, weil Sie schreiben, § 166 StGB – Strafbarkeit von Gotteslästerung – sei altbacken. Sie nehmen den Begriff „Gottesläste..."" [+: Defends retaining s219a and argues against decriminalising abortion advertising, a pro-life leaning stance.] | 2018-09-27 DEBATE: Rede ""Kollege Brandner, Sie haben gesagt, Sie heben keine Religion heraus. Wenn man aber Ihre Redebeiträge in diesem Haus in der Vergangenheit anschaut, wenn man Ihr Wahlprogramm liest, dann weiß man, dass es Ihnen ganz konkre..."" [+: Criticises AfD's anti-Islam motive behind bill while broadly defending religious freedom.]",CDU/CSU,248 - Main-Spessart
"Andreas Lenz (CDU/CSU, 212 - Erding – Ebersberg)",,1,,,,,"a vote, 5 years ago",moderate (whipped vote),5,https://www.abgeordnetenwatch.de/profile/andreas-lenz,"2022-11-25 SCHRIFTLICHE FRAGE: Äußerungen von Religionsgemeinschaftsvertretern bzgl. des Schriftzugs auf der Kuppel des Humboldt Forums (Drucksache 20/4631) [never places: information question; the title asks for facts and does not show which side the author is on] | 2022-11-11 SCHRIFTLICHE FRAGE: Mögliche Kritik am Bibel-Schriftzug an der Kuppel des Humboldt Forums durch Religionsgemeinschaften (Drucksache 20/4434) [never places: information question; the title asks for facts and does not show which side the author is on] | 2021-05-06 VOTE (Bundestag): Voted Nein: Ab­lösung der Staats­leistun­gen an die Kirchen [+: Voted to keep the churches' state payments.] | 2019-05-17 VOTE (Bundestag): Voted Nein: BDS-Bewegung entgegentreten - Antisemitismus bekämpfen [never places: an antisemitism motion, not our religious-freedom ground] | 2018-10-19 VOTE (Bundestag): Voted Ja: Stärkung des Menschenrechts auf Religionsfreiheit [+: Voted to strengthen Germany's international work for freedom of religion.]",CDU/CSU,212 - Erding – Ebersberg
Christian Wirth (AfD),,1,,,,,"a vote, 5 years ago",moderate (whipped vote),5,https://www.abgeordnetenwatch.de/profile/christian-wirth,"2021-12-20 KLEINE ANFRAGE: Kirchenasyl in Deutschland, Stand: 30. September 2021 (Drucksache 20/305) [never places: information question; the title asks for facts and does not show which side the author is on] | 2021-05-06 VOTE (Bundestag): Voted Nein: Ab­lösung der Staats­leistun­gen an die Kirchen [+: Voted to keep the churches' state payments.] | 2019-05-17 VOTE (Bundestag): Voted Ja: BDS-Bewegung entgegentreten - Antisemitismus bekämpfen [never places: an antisemitism motion, not our religious-freedom ground] | 2019-04-04 DEBATE: Rede ""Die gebotene Zurückhaltung des Staates bei der Erfassung seiner Bürger und Einwohner treibt die Bundesregierung allerdings mit ihrem Gesetzentwurf auf eine ungewöhnliche Spitze, und zwar beim Thema der Religion. Wo man s..."" [+: Criticises state collection of religious data, defending privacy and religious freedom.] | 2018-10-19 VOTE (Bundestag): Voted Nein: Stärkung des Menschenrechts auf Religionsfreiheit [this side carries no value -- its lobby tells no member apart]",AfD,
"Gunther Krichbaum (CDU/CSU, 279 - Pforzheim)",,1,,,,,"a vote, 5 years ago",moderate (whipped vote),5,https://www.abgeordnetenwatch.de/profile/gunther-krichbaum,"2021-05-06 VOTE (Bundestag): Voted Nein: Ab­lösung der Staats­leistun­gen an die Kirchen [+: Voted to keep the churches' state payments.] | 2019-05-17 VOTE (Bundestag): Voted Nein: BDS-Bewegung entgegentreten - Antisemitismus bekämpfen [never places: an antisemitism motion, not our religious-freedom ground] | 2018-10-19 VOTE (Bundestag): Voted Ja: Stärkung des Menschenrechts auf Religionsfreiheit [+: Voted to strengthen Germany's international work for freedom of religion.] | 2012-12-12 VOTE (Bundestag): Voted Ja: Beschneidung von Jungen aus religiösen Gründen [+: Voted to keep religious circumcision lawful for Jewish and Muslim families.] | 2010-01-20 DEBATE: Rede ""natürlich die Frage der religiösen Minderheiten. Wir..."" [+: Calls for tolerance toward Christian churches and religious minorities in Turkey, supporting religious freedom.]",CDU/CSU,279 - Pforzheim
"Jürgen Hardt (CDU/CSU, 102 - Solingen – Remscheid – Wuppertal II)",,1,,,,,"a vote, 5 years ago",moderate (whipped vote),5,https://www.abgeordnetenwatch.de/profile/juergen-hardt,"2021-05-06 VOTE (Bundestag): Voted Nein: Ab­lösung der Staats­leistun­gen an die Kirchen [+: Voted to keep the churches' state payments.] | 2019-05-17 VOTE (Bundestag): Voted Nein: BDS-Bewegung entgegentreten - Antisemitismus bekämpfen [never places: an antisemitism motion, not our religious-freedom ground] | 2018-10-19 VOTE (Bundestag): Voted Ja: Stärkung des Menschenrechts auf Religionsfreiheit [+: Voted to strengthen Germany's international work for freedom of religion.] | 2016-12-14 DEBATE: Rede ""Frau Präsidentin! Liebe Kolleginnen und Kollegen! Ich verweise auf die schrecklichen Bilder der Terroranschläge der letzten Tage: In Nigeria rissen Grundschulkinder 17 Menschen in den Tod, weil sie als Selbstmord­attentä..."" [+: Condemns terrorist attacks on churches, implicitly defending religious freedom against extremist violence.] | 2012-12-12 VOTE (Bundestag): Voted Ja: Beschneidung von Jungen aus religiösen Gründen [+: Voted to keep religious circumcision lawful for Jewish and Muslim families.]",CDU/CSU,102 - Solingen – Remscheid – Wuppertal II
"Kerstin Przygodda (AfD, Landesliste Schleswig-Holstein)",,1,,,,,"a speech, 7 months ago",consistent (4 items),5,https://www.abgeordnetenwatch.de/profile/kerstin-przygodda,"2026-05-05 ANTRAG: Kein Geld für das syrische Übergangsregime - Menschenrechte schützen, religiöse Minderheiten in Syrien vor Verfolgung be (Drucksache 21/5765) [+: AfD motion: suspend aid to Syria's transitional regime to protect religious minorities from persecution] | 2026-04-16 DEBATE: Rede ""In dieser Debatte werden Sie alle – ich betätige mich hier mal als Hellseherin – auf fehlende Zahlen verweisen wie bereits in den Debatten 2020 und 2023 und juristische Spitzfindigkeiten anführen von „Verfassungsmäßigkei..."" [0: Mixed appeal citing forced hijab-wearing harming girls, blends parental rights and religious freedom concerns without clear single direction.] | 2026-03-24 ANTRAG: Schutz von Kindern und Jugendlichen vor religiösem Zwang, Mobbing und gruppendynamischem Druck stärken - Auch Konversion (Drucksache 21/4941) [+: AfD motion: protect children from religious coercion and conversion pressure in schools, explicitly without blanket limits on religious freedom] | 2026-02-27 DEBATE: Rede ""Jahrzehntelang haben Sie zur Problematik der Zwangsverheiratung, Ehrenmorde, Beschneidungen in Deutschland geschwiegen...."" [+: Criticises migration-linked patriarchal violence and mocks headscarf policing, leaning toward migration control and against religious accommodation.] | 2026-02-06 SCHRIFTLICHE FRAGE: Tötungsdelikte von Islamisten aufgrund von Hass gegen Christen und Apostaten   (Drucksache 21/4006) [+: SF: Islamist killings motivated by hatred of Christians and apostates]",AfD,Landesliste Schleswig-Holstein
"Michael Espendiller (AfD, Landesliste Nordrhein-Westfalen)",,1,,,,,"a vote, 5 years ago",moderate (whipped vote),5,https://www.abgeordnetenwatch.de/profile/michael-espendiller,"2026-07-03 KLEINE ANFRAGE: Haushaltsmittel des Bundes für Kirchen, kirchliche Träger und kirchennahe Einrichtungen in den Haushaltsjahren 2020 bis  (Drucksache 21/6849) [never places: asks about federal money to churches and church bodies; no side shown] | 2026-06-12 KLEINE ANFRAGE: Staatliche Förderung kirchlicher Entwicklungsorganisationen (Drucksache 21/6456) [never places: asks about state funding of church development agencies; no side shown] | 2021-05-06 VOTE (Bundestag): Voted Nein: Ab­lösung der Staats­leistun­gen an die Kirchen [+: Voted to keep the churches' state payments.] | 2019-05-17 VOTE (Bundestag): Voted Ja: BDS-Bewegung entgegentreten - Antisemitismus bekämpfen [never places: an antisemitism motion, not our religious-freedom ground] | 2018-10-19 VOTE (Bundestag): Voted Nein: Stärkung des Menschenrechts auf Religionsfreiheit [this side carries no value -- its lobby tells no member apart]",AfD,Landesliste Nordrhein-Westfalen
Peter Felser (AfD),,1,,,,,"a vote, 5 years ago",moderate (whipped vote),5,https://www.abgeordnetenwatch.de/profile/peter-felser,"2024-11-14 ANTRAG: Beendigung der Vereinbarung zwischen dem Bundesamt für Migration und Flüchtlinge und den Kirchenvertretern zum Kirchenas (Drucksache 20/13769) [never places: church asylum is where two CitizenGO positions pull apart (churches' rights, border control): neither side is clearly ours] | 2024-09-30 ANTRAG: Fortgesetzte Christenverfolgung in Nigeria beim Namen nennen und ächten (Drucksache 20/13119) [++: AfD motion: name and condemn continuing persecution of Christians in Nigeria] | 2021-05-06 VOTE (Bundestag): Voted Nein: Ab­lösung der Staats­leistun­gen an die Kirchen [+: Voted to keep the churches' state payments.] | 2019-05-17 VOTE (Bundestag): Voted Ja: BDS-Bewegung entgegentreten - Antisemitismus bekämpfen [never places: an antisemitism motion, not our religious-freedom ground] | 2018-10-19 VOTE (Bundestag): Voted Nein: Stärkung des Menschenrechts auf Religionsfreiheit [this side carries no value -- its lobby tells no member apart]",AfD,
"Reinhard Brandl (CDU/CSU, 215 - Ingolstadt)",,1,,,,,"a vote, 5 years ago",moderate (whipped vote),5,https://www.abgeordnetenwatch.de/profile/reinhard-brandl,"2021-05-06 VOTE (Bundestag): Voted Nein: Ab­lösung der Staats­leistun­gen an die Kirchen [+: Voted to keep the churches' state payments.] | 2019-05-17 VOTE (Bundestag): Voted Nein: BDS-Bewegung entgegentreten - Antisemitismus bekämpfen [never places: an antisemitism motion, not our religious-freedom ground] | 2018-10-19 VOTE (Bundestag): Voted Ja: Stärkung des Menschenrechts auf Religionsfreiheit [+: Voted to strengthen Germany's international work for freedom of religion.] | 2013-02-28 DEBATE: Rede ""jedoch nicht zur Durchführung von Abschiebungen..."" [0: Discusses Syrian refugee support and deportation policy, not religion freedom directly.] | 2012-12-12 VOTE (Bundestag): Voted Ja: Beschneidung von Jungen aus religiösen Gründen [+: Voted to keep religious circumcision lawful for Jewish and Muslim families.]",CDU/CSU,215 - Ingolstadt
"Silke Launert (CDU/CSU, 236 - Bayreuth)",,1,,,,,"a speech, 2 years ago",consistent (3 items),5,https://www.abgeordnetenwatch.de/profile/silke-launert,"2024-06-27 DEBATE: Rede ""Es ist nicht entscheidend, woher jemand kommt, welche Hautfarbe er hat, an wen oder was er glaubt. Entscheidend ist, dass er sich zu unseren Werten bekennt, und dazu gehören unser demokratischer Rechtsstaat und natürlich..."" [+: Defends religious freedom and equal rights as integration requirements, supportive of religious liberty.] | 2024-06-13 DEBATE: Rede ""Ebenso wollen wir im Aufenthaltsrecht neue Regeln, nämlich dass entweder ein besonders schwerwiegendes Ausweisungsinteresse bejaht oder eine neue Regelung zu einer zwingenden Regelausweisung eingeführt wird. Für jemanden..."" [0: Abstract reflection on democracy and dependency, no concrete stance on speech or religion.] | 2021-05-06 VOTE (Bundestag): Voted Nein: Ab­lösung der Staats­leistun­gen an die Kirchen [+: Voted to keep the churches' state payments.] | 2019-05-17 VOTE (Bundestag): Voted Nein: BDS-Bewegung entgegentreten - Antisemitismus bekämpfen [never places: an antisemitism motion, not our religious-freedom ground] | 2018-10-19 VOTE (Bundestag): Voted Ja: Stärkung des Menschenrechts auf Religionsfreiheit [+: Voted to strengthen Germany's international work for freedom of religion.]",CDU/CSU,236 - Bayreuth
"Thomas Silberhorn (CDU/CSU, 235 - Bamberg)",,1,,,,,"a vote, 5 years ago",moderate (whipped vote),5,https://www.abgeordnetenwatch.de/profile/thomas-silberhorn,"2021-05-06 VOTE (Bundestag): Voted Nein: Ab­lösung der Staats­leistun­gen an die Kirchen [+: Voted to keep the churches' state payments.] | 2019-05-17 VOTE (Bundestag): Voted Nein: BDS-Bewegung entgegentreten - Antisemitismus bekämpfen [never places: an antisemitism motion, not our religious-freedom ground] | 2018-10-19 VOTE (Bundestag): Voted Ja: Stärkung des Menschenrechts auf Religionsfreiheit [+: Voted to strengthen Germany's international work for freedom of religion.] | 2013-06-12 DEBATE: Rede ""für Religionsfreiheit...."" [+: Defends press, speech, assembly and religious freedom against Turkish crackdown.] | 2012-12-12 VOTE (Bundestag): Voted Ja: Beschneidung von Jungen aus religiösen Gründen [+: Voted to keep religious circumcision lawful for Jewish and Muslim families.]",CDU/CSU,235 - Bamberg
"Thorsten Frei (CDU/CSU, 286 - Schwarzwald-Baar)",,1,,,,,"a vote, 5 years ago",moderate (whipped vote),5,https://www.abgeordnetenwatch.de/profile/thorsten-frei,"2021-05-06 VOTE (Bundestag): Voted Nein: Ab­lösung der Staats­leistun­gen an die Kirchen [+: Voted to keep the churches' state payments.] | 2021-01-27 DEBATE: Rede ""Meine sehr verehrten Damen und Herren, es muss alles getan werden, um die Bevölkerung zu schützen. Dabei gilt es insbesondere, einzelne Maßnahmen in den Blick zu nehmen, sie gegeneinander abzuwägen und zu schauen, wo bes..."" [0: General remarks on balancing fundamental rights against COVID measures, not specific to religion or belief.] | 2019-10-23 DEBATE: Rede ""der als Verfassungsminister mehr als andere jeden Tag für den Schutz unserer Grundrechte und auch der Meinungsfreiheit eingestanden ist, wenn ein Kollege aus diesem Hause eine Veranstaltung zu Antisemitismus macht und an..."" [+: Praises Germany's strong free speech protections and rule of law safeguards.] | 2019-05-17 VOTE (Bundestag): Voted Nein: BDS-Bewegung entgegentreten - Antisemitismus bekämpfen [never places: an antisemitism motion, not our religious-freedom ground] | 2018-10-19 VOTE (Bundestag): Voted Ja: Stärkung des Menschenrechts auf Religionsfreiheit [+: Voted to strengthen Germany's international work for freedom of religion.]",CDU/CSU,286 - Schwarzwald-Baar
"Tino Chrupalla (AfD, 156 - Görlitz)",,1,,,,,"a vote, 5 years ago",moderate (whipped vote),5,https://www.abgeordnetenwatch.de/profile/tino-chrupalla,"2025-06-24 DEBATE: Rede ""Das sind unsere Leitlinien, mit denen wir auch die innere Sicherheit und die wirtschaftliche Kraft Deutschlands erhalten und vor allem voranbringen wollen. Dabei sind uns die größten Hindernisse durchaus bewusst. Eines d..."" [0: Foreign policy remarks on Middle East conflicts and intelligence reliability, not on religious freedom domestically.] | 2023-01-25 KLEINE ANFRAGE: Kenntnisse und Position der Bundesregierung zum Vorgehen gegen Oppositionspolitiker und Oppositionsparteien sowie die Uk (Drucksache 20/5369) [never places: asks about treatment of opposition and the Ukrainian Orthodox Church; mixed subject, no clear FoRB side] | 2021-05-06 VOTE (Bundestag): Voted Nein: Ab­lösung der Staats­leistun­gen an die Kirchen [+: Voted to keep the churches' state payments.] | 2020-11-05 DEBATE: Rede ""Meine Damen und Herren, lassen Sie mich mit einem Satz von Ahmad Mansour enden, dem in dieser Situation nichts hinzuzufügen ist – ich zitiere –: Die Antwort auf den Terror liegt im vertieften, gefestigten Bekenntnis zum ..."" [0: Describes terror attacks and secularism quote, no clear direction on free speech or religion freedom.] | 2018-10-19 VOTE (Bundestag): Voted Nein: Stärkung des Menschenrechts auf Religionsfreiheit [this side carries no value -- its lobby tells no member apart]",AfD,156 - Görlitz
"Ulrich Lange (CDU/CSU, 253 - Donau-Ries)",,1,,,,,"a vote, 5 years ago",moderate (whipped vote),5,https://www.abgeordnetenwatch.de/profile/ulrich-lange,"2021-05-06 VOTE (Bundestag): Voted Nein: Ab­lösung der Staats­leistun­gen an die Kirchen [+: Voted to keep the churches' state payments.] | 2019-05-17 VOTE (Bundestag): Voted Nein: BDS-Bewegung entgegentreten - Antisemitismus bekämpfen [never places: an antisemitism motion, not our religious-freedom ground] | 2018-10-19 VOTE (Bundestag): Voted Ja: Stärkung des Menschenrechts auf Religionsfreiheit [+: Voted to strengthen Germany's international work for freedom of religion.] | 2012-12-12 VOTE (Bundestag): Voted Ja: Beschneidung von Jungen aus religiösen Gründen [+: Voted to keep religious circumcision lawful for Jewish and Muslim families.] | 2011-05-12 DEBATE: Rede ""genau mit dem Argument, dass die Religionsfreiheit der..."" [+: Defends church labour law as compatible with human rights, supporting religious freedom of institutions.]",CDU/CSU,253 - Donau-Ries
Wolfgang Wiehle (AfD),,1,,,,,"a vote, 5 years ago",moderate (whipped vote),5,https://www.abgeordnetenwatch.de/profile/wolfgang-wiehle,"2026-07-03 KLEINE ANFRAGE: Haushaltsmittel des Bundes für Kirchen, kirchliche Träger und kirchennahe Einrichtungen in den Haushaltsjahren 2020 bis  (Drucksache 21/6849) [never places: asks about federal money to churches and church bodies; no side shown] | 2024-12-11 KLEINE ANFRAGE: Medienberichte über massiven Anstieg von Angriffen gegen christliche Kirchen (Drucksache 20/14137) [+: AfD KA: reported sharp rise in attacks on Christian churches] | 2021-05-06 VOTE (Bundestag): Voted Nein: Ab­lösung der Staats­leistun­gen an die Kirchen [+: Voted to keep the churches' state payments.] | 2019-05-17 VOTE (Bundestag): Voted Ja: BDS-Bewegung entgegentreten - Antisemitismus bekämpfen [never places: an antisemitism motion, not our religious-freedom ground] | 2018-10-19 VOTE (Bundestag): Voted Nein: Stärkung des Menschenrechts auf Religionsfreiheit [this side carries no value -- its lobby tells no member apart]",AfD,
"Alice Weidel (AfD, Landesliste Baden-Württemberg)",,1,,,,,"a vote, 5 years ago",moderate (whipped vote),4,https://www.abgeordnetenwatch.de/profile/alice-weidel,"2021-05-06 VOTE (Bundestag): Voted Nein: Ab­lösung der Staats­leistun­gen an die Kirchen [+: Voted to keep the churches' state payments.] | 2019-05-17 VOTE (Bundestag): Voted Ja: BDS-Bewegung entgegentreten - Antisemitismus bekämpfen [never places: an antisemitism motion, not our religious-freedom ground] | 2019-05-16 DEBATE: Rede ""(Beifall bei der CDU/CSU – Britta Haßelmann [BÜNDNIS 90/DIE GRÜNEN]: Wer stellt denn die Religionsfreiheit infrage?)..."" [0: Interjection questioning religious freedom threats is from another member, not her own substantive claim.] | 2018-10-19 VOTE (Bundestag): Voted Nein: Stärkung des Menschenrechts auf Religionsfreiheit [this side carries no value -- its lobby tells no member apart]",AfD,Landesliste Baden-Württemberg
"Andrea Lindholz (CDU/CSU, 246 - Aschaffenburg)",,1,,,,,"a vote, 5 years ago",conflicting (1 item point the other way),4,https://www.abgeordnetenwatch.de/profile/andrea-lindholz,"2022-02-16 DEBATE: Rede ""Der frühere Bundesinnenminister Horst Seehofer hat dem Rechtsextremismus bereits 2019 den Krieg erklärt. Die Innenministerkonferenz hat in der letzten Wahlperiode Beschlüsse gefasst. Ein Kabinettsausschuss hat 89 Maßnahm..."" [-: Calls for expanded authority powers to combat online hate, leaning against free speech latitude.] | 2021-05-06 VOTE (Bundestag): Voted Nein: Ab­lösung der Staats­leistun­gen an die Kirchen [+: Voted to keep the churches' state payments.] | 2018-10-19 VOTE (Bundestag): Voted Ja: Stärkung des Menschenrechts auf Religionsfreiheit [+: Voted to strengthen Germany's international work for freedom of religion.] | 2016-02-19 DEBATE: Rede ""Wir müssen aber auch unsere demokratischen Grundwerte wie die Religionsfreiheit, die Meinungsfreiheit, aber auch die Gleichberechtigung von Mann und Frau kompromisslos vertreten und einfordern...."" [+: Insists migrants uphold religious freedom and free speech as non-negotiable German values.]",CDU/CSU,246 - Aschaffenburg
"Andreas Bleck (AfD, Landesliste Rheinland-Pfalz)",,1,,,,,"a vote, 5 years ago",moderate (whipped vote),4,https://www.abgeordnetenwatch.de/profile/andreas-bleck,"2025-07-11 SCHRIFTLICHE FRAGE: Vereinbarung zum Kirchenasyl zwischen dem BAMF und Kirchenvertretern vom 24. Februar 2015 (Drucksache 21/848) [never places: information question; the title asks for facts and does not show which side the author is on] | 2021-05-06 VOTE (Bundestag): Voted Nein: Ab­lösung der Staats­leistun­gen an die Kirchen [+: Voted to keep the churches' state payments.] | 2019-05-17 VOTE (Bundestag): Voted Ja: BDS-Bewegung entgegentreten - Antisemitismus bekämpfen [never places: an antisemitism motion, not our religious-freedom ground] | 2018-10-19 VOTE (Bundestag): Voted Nein: Stärkung des Menschenrechts auf Religionsfreiheit [this side carries no value -- its lobby tells no member apart]",AfD,Landesliste Rheinland-Pfalz
"Andreas Mattfeldt (CDU/CSU, 34 - Osterholz – Verden)",,1,,,,,"a vote, 5 years ago",conflicting (1 item point the other way),4,https://www.abgeordnetenwatch.de/profile/andreas-mattfeldt,"2021-05-06 VOTE (Bundestag): Voted Nein: Ab­lösung der Staats­leistun­gen an die Kirchen [+: Voted to keep the churches' state payments.] | 2019-05-17 VOTE (Bundestag): Voted Nein: BDS-Bewegung entgegentreten - Antisemitismus bekämpfen [never places: an antisemitism motion, not our religious-freedom ground] | 2018-10-19 VOTE (Bundestag): Voted Ja: Stärkung des Menschenrechts auf Religionsfreiheit [+: Voted to strengthen Germany's international work for freedom of religion.] | 2012-12-12 VOTE (Bundestag): Voted Nein: Beschneidung von Jungen aus religiösen Gründen [-: Voted against keeping religious circumcision lawful.]",CDU/CSU,34 - Osterholz – Verden
"Axel Knoerig (CDU/CSU, 33 - Diepholz – Nienburg I)",,1,,,,,"a vote, 5 years ago",moderate (whipped vote),4,https://www.abgeordnetenwatch.de/profile/axel-knoerig,"2021-05-06 VOTE (Bundestag): Voted Nein: Ab­lösung der Staats­leistun­gen an die Kirchen [+: Voted to keep the churches' state payments.] | 2019-05-17 VOTE (Bundestag): Voted Nein: BDS-Bewegung entgegentreten - Antisemitismus bekämpfen [never places: an antisemitism motion, not our religious-freedom ground] | 2018-10-19 VOTE (Bundestag): Voted Ja: Stärkung des Menschenrechts auf Religionsfreiheit [+: Voted to strengthen Germany's international work for freedom of religion.] | 2012-12-12 VOTE (Bundestag): Voted Ja: Beschneidung von Jungen aus religiösen Gründen [+: Voted to keep religious circumcision lawful for Jewish and Muslim families.]",CDU/CSU,33 - Diepholz – Nienburg I
"Bernd Baumann (AfD, Landesliste Hamburg)",,1,,,,,"a vote, 5 years ago",moderate (whipped vote),4,https://www.abgeordnetenwatch.de/profile/bernd-baumann,"2022-06-10 SCHRIFTLICHE FRAGE: Umgang mit islamischen Gemeinschaften im Kontext der Weiterentwicklung des Religionsverfassungsrechts (Drucksache 20/2170) [never places: information question; the title asks for facts and does not show which side the author is on] | 2021-05-06 VOTE (Bundestag): Voted Nein: Ab­lösung der Staats­leistun­gen an die Kirchen [+: Voted to keep the churches' state payments.] | 2019-05-17 VOTE (Bundestag): Voted Ja: BDS-Bewegung entgegentreten - Antisemitismus bekämpfen [never places: an antisemitism motion, not our religious-freedom ground] | 2018-10-19 VOTE (Bundestag): Voted Nein: Stärkung des Menschenrechts auf Religionsfreiheit [this side carries no value -- its lobby tells no member apart]",AfD,Landesliste Hamburg
"Bärbel Bas (SPD, 114 - Duisburg I)",,1,,,,,"a vote, 5 years ago",conflicting (1 item point the other way),4,https://www.abgeordnetenwatch.de/profile/baerbel-bas,"2021-05-06 VOTE (Bundestag): Voted Nein: Ab­lösung der Staats­leistun­gen an die Kirchen [+: Voted to keep the churches' state payments.] | 2019-05-17 VOTE (Bundestag): Voted Nein: BDS-Bewegung entgegentreten - Antisemitismus bekämpfen [never places: an antisemitism motion, not our religious-freedom ground] | 2018-10-19 VOTE (Bundestag): Voted Ja: Stärkung des Menschenrechts auf Religionsfreiheit [+: Voted to strengthen Germany's international work for freedom of religion.] | 2012-12-12 VOTE (Bundestag): Voted Nein: Beschneidung von Jungen aus religiösen Gründen [-: Voted against keeping religious circumcision lawful.]",SPD,114 - Duisburg I
"Bärbel Kofler (SPD, Landesliste Bayern)",,1,,,,,"a vote, 5 years ago",moderate (whipped vote),4,https://www.abgeordnetenwatch.de/profile/baerbel-kofler,"2021-05-06 VOTE (Bundestag): Voted Nein: Ab­lösung der Staats­leistun­gen an die Kirchen [+: Voted to keep the churches' state payments.] | 2020-11-06 DEBATE: Rede ""Die Religionsfreiheit in den unterschiedlichen Ländern wurde angesprochen. Es gibt Länder wie China, in denen alle Religionen gleichermaßen angegriffen werden. Es gibt Theokratien wie Saudi-Arabien, die es nicht zulassen..."" [+: Highlights global erosion of religious freedom, supportive of protecting it.] | 2018-10-19 VOTE (Bundestag): Voted Ja: Stärkung des Menschenrechts auf Religionsfreiheit [+: Voted to strengthen Germany's international work for freedom of religion.] | 2012-12-12 VOTE (Bundestag): Voted Ja: Beschneidung von Jungen aus religiösen Gründen [+: Voted to keep religious circumcision lawful for Jewish and Muslim families.]",SPD,Landesliste Bayern
"Carsten Linnemann (CDU/CSU, 136 - Paderborn)",,1,,,,,"a vote, 5 years ago",moderate (whipped vote),4,https://www.abgeordnetenwatch.de/profile/carsten-linnemann,"2021-05-06 VOTE (Bundestag): Voted Nein: Ab­lösung der Staats­leistun­gen an die Kirchen [+: Voted to keep the churches' state payments.] | 2019-05-17 VOTE (Bundestag): Voted Nein: BDS-Bewegung entgegentreten - Antisemitismus bekämpfen [never places: an antisemitism motion, not our religious-freedom ground] | 2018-10-19 VOTE (Bundestag): Voted Ja: Stärkung des Menschenrechts auf Religionsfreiheit [+: Voted to strengthen Germany's international work for freedom of religion.] | 2012-12-12 VOTE (Bundestag): Voted Ja: Beschneidung von Jungen aus religiösen Gründen [+: Voted to keep religious circumcision lawful for Jewish and Muslim families.]",CDU/CSU,136 - Paderborn
"Carsten Müller (CDU/CSU, Landesliste Niedersachsen)",,1,,,,,"a vote, 5 years ago",moderate (whipped vote),4,https://www.abgeordnetenwatch.de/profile/carsten-mueller,"2021-05-06 VOTE (Bundestag): Voted Nein: Ab­lösung der Staats­leistun­gen an die Kirchen [+: Voted to keep the churches' state payments.] | 2019-12-12 DEBATE: Rede ""Aber Sie müssen sich den Geist vergegenwärtigen, der auch in Ihrer Rede ein bisschen durchgeschienen ist. Ich zitiere gerne Ihren Fraktionskollegen von Notz, der bei der Einführung des Netzwerkdurchsetzungsgesetzes von m..."" [0: Procedural defence of NetzDG committee process, no substantive free speech stance.] | 2019-05-17 VOTE (Bundestag): Voted Nein: BDS-Bewegung entgegentreten - Antisemitismus bekämpfen [never places: an antisemitism motion, not our religious-freedom ground] | 2018-10-19 VOTE (Bundestag): Voted Ja: Stärkung des Menschenrechts auf Religionsfreiheit [+: Voted to strengthen Germany's international work for freedom of religion.]",CDU/CSU,Landesliste Niedersachsen
"Daniela Ludwig (CDU/CSU, 221 - Rosenheim)",,1,,,,,"a vote, 5 years ago",moderate (whipped vote),4,https://www.abgeordnetenwatch.de/profile/daniela-ludwig,"2021-05-06 VOTE (Bundestag): Voted Nein: Ab­lösung der Staats­leistun­gen an die Kirchen [+: Voted to keep the churches' state payments.] | 2019-05-17 VOTE (Bundestag): Voted Nein: BDS-Bewegung entgegentreten - Antisemitismus bekämpfen [never places: an antisemitism motion, not our religious-freedom ground] | 2018-10-19 VOTE (Bundestag): Voted Ja: Stärkung des Menschenrechts auf Religionsfreiheit [+: Voted to strengthen Germany's international work for freedom of religion.] | 2012-12-12 VOTE (Bundestag): Voted Ja: Beschneidung von Jungen aus religiösen Gründen [+: Voted to keep religious circumcision lawful for Jewish and Muslim families.]",CDU/CSU,221 - Rosenheim
"Dieter Stier (CDU/CSU, Landesliste Sachsen-Anhalt)",,1,,,,,"a vote, 5 years ago",moderate (whipped vote),4,https://www.abgeordnetenwatch.de/profile/dieter-stier,"2021-05-06 VOTE (Bundestag): Voted Nein: Ab­lösung der Staats­leistun­gen an die Kirchen [+: Voted to keep the churches' state payments.] | 2019-05-17 VOTE (Bundestag): Voted Nein: BDS-Bewegung entgegentreten - Antisemitismus bekämpfen [never places: an antisemitism motion, not our religious-freedom ground] | 2018-10-19 VOTE (Bundestag): Voted Ja: Stärkung des Menschenrechts auf Religionsfreiheit [+: Voted to strengthen Germany's international work for freedom of religion.] | 2012-12-12 VOTE (Bundestag): Voted Ja: Beschneidung von Jungen aus religiösen Gründen [+: Voted to keep religious circumcision lawful for Jewish and Muslim families.]",CDU/CSU,Landesliste Sachsen-Anhalt
"Enrico Komning (AfD, 16 - Mecklenburgische Seenplatte I – Vorpommern-Greifswald II)",,1,,,,,"a vote, 5 years ago",moderate (whipped vote),4,https://www.abgeordnetenwatch.de/profile/enrico-komning,"2023-03-10 KLEINE ANFRAGE: Schutz von Asylbewerbern christlichen Glaubens in Deutschland (Drucksache 20/5951) [+: AfD KA: protection of Christian asylum seekers in Germany] | 2021-05-06 VOTE (Bundestag): Voted Nein: Ab­lösung der Staats­leistun­gen an die Kirchen [+: Voted to keep the churches' state payments.] | 2019-05-17 VOTE (Bundestag): Voted Ja: BDS-Bewegung entgegentreten - Antisemitismus bekämpfen [never places: an antisemitism motion, not our religious-freedom ground] | 2018-10-19 VOTE (Bundestag): Voted Nein: Stärkung des Menschenrechts auf Religionsfreiheit [this side carries no value -- its lobby tells no member apart]",AfD,16 - Mecklenburgische Seenplatte I – Vorpommern-Greifswald II
"Fabian Jacobi (AfD, Landesliste Nordrhein-Westfalen)",,1,,,,,"a vote, 5 years ago",conflicting (1 item point the other way),4,https://www.abgeordnetenwatch.de/profile/fabian-jacobi,"2021-05-06 VOTE (Bundestag): Voted Nein: Ab­lösung der Staats­leistun­gen an die Kirchen [+: Voted to keep the churches' state payments.] | 2019-05-17 VOTE (Bundestag): Voted Ja: BDS-Bewegung entgegentreten - Antisemitismus bekämpfen [never places: an antisemitism motion, not our religious-freedom ground] | 2018-10-19 VOTE (Bundestag): Voted Nein: Stärkung des Menschenrechts auf Religionsfreiheit [this side carries no value -- its lobby tells no member apart] | 2018-09-27 DEBATE: Rede ""Herr Kollege Jung, Sie haben eingangs gesagt, dass alle nötigen Maßnahmen gegen einen Missbrauch der Religionsfreiheit auch nach der geltenden Rechtslage schon getroffen werden können; das sei alles völlig überflüssig, w..."" [-: AfD member pushes for easing forfeiture of religious freedom, weakening its protection.]",AfD,Landesliste Nordrhein-Westfalen
Gerold Otten (AfD),,1,,,,,"a vote, 5 years ago",moderate (whipped vote),4,https://www.abgeordnetenwatch.de/profile/gerold-otten,"2026-08-17 KLEINE ANFRAGE: Abschiebekriterien, der Schutz religiöser Minderheiten, Christenverfolgung und Abschiebung syrischer Christen (Drucksache 21/7597) [+: AfD KA: protection of religious minorities, persecution of Christians, deportation of Syrian Christians] | 2021-05-06 VOTE (Bundestag): Voted Nein: Ab­lösung der Staats­leistun­gen an die Kirchen [+: Voted to keep the churches' state payments.] | 2019-05-17 VOTE (Bundestag): Voted Ja: BDS-Bewegung entgegentreten - Antisemitismus bekämpfen [never places: an antisemitism motion, not our religious-freedom ground] | 2018-10-19 VOTE (Bundestag): Voted Nein: Stärkung des Menschenrechts auf Religionsfreiheit [this side carries no value -- its lobby tells no member apart]",AfD,
"Gitta Connemann (CDU/CSU, 25 - Unterems)",,1,,,,,"a vote, 5 years ago",moderate (whipped vote),4,https://www.abgeordnetenwatch.de/profile/gitta-connemann,"2021-05-06 VOTE (Bundestag): Voted Nein: Ab­lösung der Staats­leistun­gen an die Kirchen [+: Voted to keep the churches' state payments.] | 2019-05-17 VOTE (Bundestag): Voted Nein: BDS-Bewegung entgegentreten - Antisemitismus bekämpfen [never places: an antisemitism motion, not our religious-freedom ground] | 2018-10-19 VOTE (Bundestag): Voted Ja: Stärkung des Menschenrechts auf Religionsfreiheit [+: Voted to strengthen Germany's international work for freedom of religion.] | 2012-12-12 VOTE (Bundestag): Voted Ja: Beschneidung von Jungen aus religiösen Gründen [+: Voted to keep religious circumcision lawful for Jewish and Muslim families.]",CDU/CSU,25 - Unterems
"Jan-Marco Luczak (CDU/CSU, Landesliste Berlin)",,1,,,,,"a vote, 5 years ago",moderate (whipped vote),4,https://www.abgeordnetenwatch.de/profile/jan-marco-luczak,"2021-05-06 VOTE (Bundestag): Voted Nein: Ab­lösung der Staats­leistun­gen an die Kirchen [+: Voted to keep the churches' state payments.] | 2019-05-17 VOTE (Bundestag): Voted Nein: BDS-Bewegung entgegentreten - Antisemitismus bekämpfen [never places: an antisemitism motion, not our religious-freedom ground] | 2018-10-19 VOTE (Bundestag): Voted Ja: Stärkung des Menschenrechts auf Religionsfreiheit [+: Voted to strengthen Germany's international work for freedom of religion.] | 2012-12-12 VOTE (Bundestag): Voted Ja: Beschneidung von Jungen aus religiösen Gründen [+: Voted to keep religious circumcision lawful for Jewish and Muslim families.]",CDU/CSU,Landesliste Berlin
"Karl Lauterbach (SPD, 100 - Leverkusen – Köln IV)",,1,,,,,"a vote, 5 years ago",moderate (whipped vote),4,https://www.abgeordnetenwatch.de/profile/karl-lauterbach,"2021-05-06 VOTE (Bundestag): Voted Nein: Ab­lösung der Staats­leistun­gen an die Kirchen [+: Voted to keep the churches' state payments.] | 2019-05-17 VOTE (Bundestag): Voted Nein: BDS-Bewegung entgegentreten - Antisemitismus bekämpfen [never places: an antisemitism motion, not our religious-freedom ground] | 2018-10-19 VOTE (Bundestag): Voted Ja: Stärkung des Menschenrechts auf Religionsfreiheit [+: Voted to strengthen Germany's international work for freedom of religion.] | 2012-12-12 VOTE (Bundestag): Voted Ja: Beschneidung von Jungen aus religiösen Gründen [+: Voted to keep religious circumcision lawful for Jewish and Muslim families.]",SPD,100 - Leverkusen – Köln IV
"Katja Mast (SPD, Landesliste Baden-Württemberg)",,1,,,,,"a vote, 5 years ago",moderate (whipped vote),4,https://www.abgeordnetenwatch.de/profile/katja-mast,"2021-05-06 VOTE (Bundestag): Voted Nein: Ab­lösung der Staats­leistun­gen an die Kirchen [+: Voted to keep the churches' state payments.] | 2019-05-17 VOTE (Bundestag): Voted Nein: BDS-Bewegung entgegentreten - Antisemitismus bekämpfen [never places: an antisemitism motion, not our religious-freedom ground] | 2018-10-19 VOTE (Bundestag): Voted Ja: Stärkung des Menschenrechts auf Religionsfreiheit [+: Voted to strengthen Germany's international work for freedom of religion.] | 2012-12-12 VOTE (Bundestag): Voted Ja: Beschneidung von Jungen aus religiösen Gründen [+: Voted to keep religious circumcision lawful for Jewish and Muslim families.]",SPD,Landesliste Baden-Württemberg
"Klaus-Peter Willsch (CDU/CSU, 177 - Rheingau-Taunus – Limburg)",,1,,,,,"a vote, 5 years ago",moderate (whipped vote),4,https://www.abgeordnetenwatch.de/profile/klaus-peter-willsch,"2021-05-06 VOTE (Bundestag): Voted Nein: Ab­lösung der Staats­leistun­gen an die Kirchen [+: Voted to keep the churches' state payments.] | 2019-05-17 VOTE (Bundestag): Voted Nein: BDS-Bewegung entgegentreten - Antisemitismus bekämpfen [never places: an antisemitism motion, not our religious-freedom ground] | 2018-10-19 VOTE (Bundestag): Voted Ja: Stärkung des Menschenrechts auf Religionsfreiheit [+: Voted to strengthen Germany's international work for freedom of religion.] | 2012-12-12 VOTE (Bundestag): Voted Ja: Beschneidung von Jungen aus religiösen Gründen [+: Voted to keep religious circumcision lawful for Jewish and Muslim families.]",CDU/CSU,177 - Rheingau-Taunus – Limburg
"Mahmut Özdemir (SPD, 115 - Duisburg II)",,1,,,,,"a vote, 5 years ago",conflicting (1 item point the other way),4,https://www.abgeordnetenwatch.de/profile/mahmut-oezdemir,"2021-05-06 VOTE (Bundestag): Voted Nein: Ab­lösung der Staats­leistun­gen an die Kirchen [+: Voted to keep the churches' state payments.] | 2020-05-07 DEBATE: Rede ""Die Versammlungsfreiheit und die Religionsfreiheit werden hier einfach zusammengewürfelt. Dabei verkennt die AfD-Fraktion, dass die Versammlungsfreiheit schon durch das Versammlungsgesetz beschränkt wird und die Religion..."" [-: Mocks AfD's religious freedom motion, downplays concerns as poorly argued and unserious.] | 2019-05-17 VOTE (Bundestag): Voted Nein: BDS-Bewegung entgegentreten - Antisemitismus bekämpfen [never places: an antisemitism motion, not our religious-freedom ground] | 2018-10-19 VOTE (Bundestag): Voted Ja: Stärkung des Menschenrechts auf Religionsfreiheit [+: Voted to strengthen Germany's international work for freedom of religion.]",SPD,115 - Duisburg II
"Marc Bernhard (AfD, Landesliste Baden-Württemberg)",,1,,,,,"a vote, 5 years ago",moderate (whipped vote),4,https://www.abgeordnetenwatch.de/profile/marc-bernhard,"2024-11-14 ANTRAG: Beendigung der Vereinbarung zwischen dem Bundesamt für Migration und Flüchtlinge und den Kirchenvertretern zum Kirchenas (Drucksache 20/13769) [never places: church asylum is where two CitizenGO positions pull apart (churches' rights, border control): neither side is clearly ours] | 2024-09-30 ANTRAG: Fortgesetzte Christenverfolgung in Nigeria beim Namen nennen und ächten (Drucksache 20/13119) [++: AfD motion: name and condemn continuing persecution of Christians in Nigeria] | 2021-05-06 VOTE (Bundestag): Voted Nein: Ab­lösung der Staats­leistun­gen an die Kirchen [+: Voted to keep the churches' state payments.] | 2018-10-19 VOTE (Bundestag): Voted Nein: Stärkung des Menschenrechts auf Religionsfreiheit [this side carries no value -- its lobby tells no member apart]",AfD,Landesliste Baden-Württemberg
"Marc Henrichmann (CDU/CSU, 126 - Coesfeld – Steinfurt II)",,1,,,,,"a speech, 3 years ago",consistent (3 items),4,https://www.abgeordnetenwatch.de/profile/marc-henrichmann,"2024-03-20 DEBATE: Rede ""Deswegen die Frage: Wann und inwiefern konzentrieren Sie sich auf die gesamte Bandbreite, auch aus dem islamistischen und dem linken Spektrum? Ich möchte Sie weiter fragen: Warum fällt es Ihnen als Verfassungsministerin ..."" [+: Questions government's speech-restricting measures, warns curbing free speech empowers populists.] | 2021-05-06 VOTE (Bundestag): Voted Nein: Ab­lösung der Staats­leistun­gen an die Kirchen [+: Voted to keep the churches' state payments.] | 2019-05-17 VOTE (Bundestag): Voted Nein: BDS-Bewegung entgegentreten - Antisemitismus bekämpfen [never places: an antisemitism motion, not our religious-freedom ground] | 2018-10-19 VOTE (Bundestag): Voted Ja: Stärkung des Menschenrechts auf Religionsfreiheit [+: Voted to strengthen Germany's international work for freedom of religion.]",CDU/CSU,126 - Coesfeld – Steinfurt II
"Mathias Middelberg (CDU/CSU, 39 - Stadt Osnabrück)",,1,,,,,"a vote, 5 years ago",moderate (whipped vote),4,https://www.abgeordnetenwatch.de/profile/mathias-middelberg,"2021-05-06 VOTE (Bundestag): Voted Nein: Ab­lösung der Staats­leistun­gen an die Kirchen [+: Voted to keep the churches' state payments.] | 2020-11-05 DEBATE: Rede ""Das Thema müssen wir grundlegend angehen. Hierzu ist schon viel Richtiges gesagt worden – gerade auch zum Thema Integration –, an welchen Punkten der Blick zu schärfen ist. Ich schließe mich hier ausdrücklich den Ausführ..."" [0: Statistical overview of extremism threats, no direct stance on free speech or religious freedom.] | 2019-05-17 VOTE (Bundestag): Voted Nein: BDS-Bewegung entgegentreten - Antisemitismus bekämpfen [never places: an antisemitism motion, not our religious-freedom ground] | 2012-12-12 VOTE (Bundestag): Voted Ja: Beschneidung von Jungen aus religiösen Gründen [+: Voted to keep religious circumcision lawful for Jewish and Muslim families.]",CDU/CSU,39 - Stadt Osnabrück
"Michael Meister (CDU/CSU, 187 - Bergstraße)",,1,,,,,"a vote, 5 years ago",moderate (whipped vote),4,https://www.abgeordnetenwatch.de/profile/michael-meister,"2021-05-06 VOTE (Bundestag): Voted Nein: Ab­lösung der Staats­leistun­gen an die Kirchen [+: Voted to keep the churches' state payments.] | 2019-05-17 VOTE (Bundestag): Voted Nein: BDS-Bewegung entgegentreten - Antisemitismus bekämpfen [never places: an antisemitism motion, not our religious-freedom ground] | 2018-10-19 VOTE (Bundestag): Voted Ja: Stärkung des Menschenrechts auf Religionsfreiheit [+: Voted to strengthen Germany's international work for freedom of religion.] | 2012-12-12 VOTE (Bundestag): Voted Ja: Beschneidung von Jungen aus religiösen Gründen [+: Voted to keep religious circumcision lawful for Jewish and Muslim families.]",CDU/CSU,187 - Bergstraße
"Norbert Röttgen (CDU/CSU, 97 - Rhein-Sieg-Kreis II)",,1,,,,,"a vote, 5 years ago",moderate (whipped vote),4,https://www.abgeordnetenwatch.de/profile/norbert-roettgen,"2021-05-06 VOTE (Bundestag): Voted Nein: Ab­lösung der Staats­leistun­gen an die Kirchen [+: Voted to keep the churches' state payments.] | 2019-11-27 DEBATE: Rede ""Dieses Thema ist heute mehrfach angesprochen und auch von der Bundeskanzlerin völlig zu Recht mit ins Zentrum ihrer Rede gestellt worden. Gerade seitdem Xi Jinping die Macht in China übernommen hat, erleben wir eine dram..."" [0: General China geopolitics commentary, no specific reference to forced organ harvesting or listed issues.] | 2018-10-19 VOTE (Bundestag): Voted Ja: Stärkung des Menschenrechts auf Religionsfreiheit [+: Voted to strengthen Germany's international work for freedom of religion.] | 2012-12-12 VOTE (Bundestag): Voted Ja: Beschneidung von Jungen aus religiösen Gründen [+: Voted to keep religious circumcision lawful for Jewish and Muslim families.]",CDU/CSU,97 - Rhein-Sieg-Kreis II
"Olav Gutting (CDU/CSU, 278 - Bruchsal – Schwetzingen)",,1,,,,,"a vote, 5 years ago",conflicting (1 item point the other way),4,https://www.abgeordnetenwatch.de/profile/olav-gutting,"2021-05-06 VOTE (Bundestag): Voted Nein: Ab­lösung der Staats­leistun­gen an die Kirchen [+: Voted to keep the churches' state payments.] | 2019-05-17 VOTE (Bundestag): Voted Nein: BDS-Bewegung entgegentreten - Antisemitismus bekämpfen [never places: an antisemitism motion, not our religious-freedom ground] | 2018-10-19 VOTE (Bundestag): Voted Ja: Stärkung des Menschenrechts auf Religionsfreiheit [+: Voted to strengthen Germany's international work for freedom of religion.] | 2012-12-12 VOTE (Bundestag): Voted Nein: Beschneidung von Jungen aus religiösen Gründen [-: Voted against keeping religious circumcision lawful.]",CDU/CSU,278 - Bruchsal – Schwetzingen
"Oliver Kaczmarek (SPD, 143 - Unna I)",,1,,,,,"a vote, 5 years ago",moderate (whipped vote),4,https://www.abgeordnetenwatch.de/profile/oliver-kaczmarek,"2021-05-06 VOTE (Bundestag): Voted Nein: Ab­lösung der Staats­leistun­gen an die Kirchen [+: Voted to keep the churches' state payments.] | 2019-05-17 VOTE (Bundestag): Voted Nein: BDS-Bewegung entgegentreten - Antisemitismus bekämpfen [never places: an antisemitism motion, not our religious-freedom ground] | 2018-10-19 VOTE (Bundestag): Voted Ja: Stärkung des Menschenrechts auf Religionsfreiheit [+: Voted to strengthen Germany's international work for freedom of religion.] | 2012-12-12 VOTE (Bundestag): Voted Ja: Beschneidung von Jungen aus religiösen Gründen [+: Voted to keep religious circumcision lawful for Jewish and Muslim families.]",SPD,143 - Unna I
"Patricia Lips (CDU/CSU, 186 - Odenwald)",,1,,,,,"a vote, 5 years ago",moderate (whipped vote),4,https://www.abgeordnetenwatch.de/profile/patricia-lips,"2021-05-06 VOTE (Bundestag): Voted Nein: Ab­lösung der Staats­leistun­gen an die Kirchen [+: Voted to keep the churches' state payments.] | 2019-05-17 VOTE (Bundestag): Voted Nein: BDS-Bewegung entgegentreten - Antisemitismus bekämpfen [never places: an antisemitism motion, not our religious-freedom ground] | 2018-10-19 VOTE (Bundestag): Voted Ja: Stärkung des Menschenrechts auf Religionsfreiheit [+: Voted to strengthen Germany's international work for freedom of religion.] | 2012-12-12 VOTE (Bundestag): Voted Ja: Beschneidung von Jungen aus religiösen Gründen [+: Voted to keep religious circumcision lawful for Jewish and Muslim families.]",CDU/CSU,186 - Odenwald
"Patrick Schnieder (CDU/CSU, 201 - Bitburg)",,1,,,,,"a vote, 5 years ago",moderate (whipped vote),4,https://www.abgeordnetenwatch.de/profile/patrick-schnieder,"2021-05-06 VOTE (Bundestag): Voted Nein: Ab­lösung der Staats­leistun­gen an die Kirchen [+: Voted to keep the churches' state payments.] | 2019-05-17 VOTE (Bundestag): Voted Nein: BDS-Bewegung entgegentreten - Antisemitismus bekämpfen [never places: an antisemitism motion, not our religious-freedom ground] | 2018-10-19 VOTE (Bundestag): Voted Ja: Stärkung des Menschenrechts auf Religionsfreiheit [+: Voted to strengthen Germany's international work for freedom of religion.] | 2012-12-12 VOTE (Bundestag): Voted Ja: Beschneidung von Jungen aus religiösen Gründen [+: Voted to keep religious circumcision lawful for Jewish and Muslim families.]",CDU/CSU,201 - Bitburg
"Peter Aumer (CDU/CSU, 232 - Regensburg)",,1,,,,,"a vote, 5 years ago",moderate (whipped vote),4,https://www.abgeordnetenwatch.de/profile/peter-aumer,"2021-05-06 VOTE (Bundestag): Voted Nein: Ab­lösung der Staats­leistun­gen an die Kirchen [+: Voted to keep the churches' state payments.] | 2019-05-17 VOTE (Bundestag): Voted Nein: BDS-Bewegung entgegentreten - Antisemitismus bekämpfen [never places: an antisemitism motion, not our religious-freedom ground] | 2018-10-19 VOTE (Bundestag): Voted Ja: Stärkung des Menschenrechts auf Religionsfreiheit [+: Voted to strengthen Germany's international work for freedom of religion.] | 2012-12-12 VOTE (Bundestag): Voted Ja: Beschneidung von Jungen aus religiösen Gründen [+: Voted to keep religious circumcision lawful for Jewish and Muslim families.]",CDU/CSU,232 - Regensburg
"Peter Beyer (CDU/CSU, 104 - Mettmann II)",,1,,,,,"a vote, 5 years ago",moderate (whipped vote),4,https://www.abgeordnetenwatch.de/profile/peter-beyer,"2021-05-06 VOTE (Bundestag): Voted Nein: Ab­lösung der Staats­leistun­gen an die Kirchen [+: Voted to keep the churches' state payments.] | 2019-05-17 VOTE (Bundestag): Voted Nein: BDS-Bewegung entgegentreten - Antisemitismus bekämpfen [never places: an antisemitism motion, not our religious-freedom ground] | 2018-10-19 VOTE (Bundestag): Voted Ja: Stärkung des Menschenrechts auf Religionsfreiheit [+: Voted to strengthen Germany's international work for freedom of religion.] | 2012-12-12 VOTE (Bundestag): Voted Ja: Beschneidung von Jungen aus religiösen Gründen [+: Voted to keep religious circumcision lawful for Jewish and Muslim families.]",CDU/CSU,104 - Mettmann II
"Ralph Brinkhaus (CDU/CSU, 130 - Gütersloh I)",,1,,,,,"a vote, 5 years ago",moderate (whipped vote),4,https://www.abgeordnetenwatch.de/profile/ralph-brinkhaus,"2021-05-06 VOTE (Bundestag): Voted Nein: Ab­lösung der Staats­leistun­gen an die Kirchen [+: Voted to keep the churches' state payments.] | 2019-05-17 VOTE (Bundestag): Voted Nein: BDS-Bewegung entgegentreten - Antisemitismus bekämpfen [never places: an antisemitism motion, not our religious-freedom ground] | 2018-10-19 VOTE (Bundestag): Voted Ja: Stärkung des Menschenrechts auf Religionsfreiheit [+: Voted to strengthen Germany's international work for freedom of religion.] | 2012-12-12 VOTE (Bundestag): Voted Ja: Beschneidung von Jungen aus religiösen Gründen [+: Voted to keep religious circumcision lawful for Jewish and Muslim families.]",CDU/CSU,130 - Gütersloh I
"René Springer (AfD, 59 - Märkisch-Oderland – Barnim II)",,1,,,,,"a vote, 5 years ago",moderate (whipped vote),4,https://www.abgeordnetenwatch.de/profile/rene-springer,"2023-01-25 KLEINE ANFRAGE: Kenntnisse und Position der Bundesregierung zum Vorgehen gegen Oppositionspolitiker und Oppositionsparteien sowie die Uk (Drucksache 20/5369) [never places: asks about treatment of opposition and the Ukrainian Orthodox Church; mixed subject, no clear FoRB side] | 2021-05-06 VOTE (Bundestag): Voted Nein: Ab­lösung der Staats­leistun­gen an die Kirchen [+: Voted to keep the churches' state payments.] | 2019-05-17 VOTE (Bundestag): Voted Ja: BDS-Bewegung entgegentreten - Antisemitismus bekämpfen [never places: an antisemitism motion, not our religious-freedom ground] | 2018-10-19 VOTE (Bundestag): Voted Nein: Stärkung des Menschenrechts auf Religionsfreiheit [this side carries no value -- its lobby tells no member apart]",AfD,59 - Märkisch-Oderland – Barnim II
"Roderich Kiesewetter (CDU/CSU, 270 - Aalen – Heidenheim)",,1,,,,,"a vote, 5 years ago",moderate (whipped vote),4,https://www.abgeordnetenwatch.de/profile/roderich-kiesewetter,"2021-05-06 VOTE (Bundestag): Voted Nein: Ab­lösung der Staats­leistun­gen an die Kirchen [+: Voted to keep the churches' state payments.] | 2019-05-17 VOTE (Bundestag): Voted Nein: BDS-Bewegung entgegentreten - Antisemitismus bekämpfen [never places: an antisemitism motion, not our religious-freedom ground] | 2018-10-19 VOTE (Bundestag): Voted Ja: Stärkung des Menschenrechts auf Religionsfreiheit [+: Voted to strengthen Germany's international work for freedom of religion.] | 2012-12-12 VOTE (Bundestag): Voted Ja: Beschneidung von Jungen aus religiösen Gründen [+: Voted to keep religious circumcision lawful for Jewish and Muslim families.]",CDU/CSU,270 - Aalen – Heidenheim
"Rolf Mützenich (SPD, Landesliste Nordrhein-Westfalen)",,1,,,,,"a vote, 5 years ago",moderate (whipped vote),4,https://www.abgeordnetenwatch.de/profile/rolf-muetzenich,"2021-05-06 VOTE (Bundestag): Voted Nein: Ab­lösung der Staats­leistun­gen an die Kirchen [+: Voted to keep the churches' state payments.] | 2018-10-19 VOTE (Bundestag): Voted Ja: Stärkung des Menschenrechts auf Religionsfreiheit [+: Voted to strengthen Germany's international work for freedom of religion.] | 2014-06-25 DEBATE: Rede ""Liebe Kolleginnen und Kollegen, in der Tat: Der Libanon ist in einer sehr schwierigen Situation, im Sog des syrischen Bürgerkrieges. Der syrische Bürgerkrieg ist ein Brandbeschleuniger für die inneren Verhältnisse im Lib..."" [0: About UNIFIL Lebanon mission, unrelated to freedom of religion.] | 2012-12-12 VOTE (Bundestag): Voted Ja: Beschneidung von Jungen aus religiösen Gründen [+: Voted to keep religious circumcision lawful for Jewish and Muslim families.]",SPD,Landesliste Nordrhein-Westfalen
"Saskia Esken (SPD, Landesliste Baden-Württemberg)",,1,,,,,"a speech, 5 months ago",consistent (3 items),4,https://www.abgeordnetenwatch.de/profile/saskia-esken,"2026-04-16 DEBATE: Rede ""Auch ein erhebliches und wachsendes Problem an unseren Schulen ist es, dass Konflikte oft eskalieren. Zu oft greifen Kinder und Jugendliche dann zu verbaler und auch körperlicher Gewalt. Und was ist die Antwort der AfD? ..."" [+: Mocks AfD's proposed headscarf ban, implicitly defending religious freedom of expression.] | 2026-04-16 DEBATE: Rede ""Und was ist die Antwort der AfD? Ein Kopftuchverbot. Das wird den Kindern keine Sicherheit geben...."" [0: General political sparring over AfD headscarf ban; not a clear personal stance on religious freedom itself.] | 2021-05-06 VOTE (Bundestag): Voted Nein: Ab­lösung der Staats­leistun­gen an die Kirchen [+: Voted to keep the churches' state payments.] | 2018-10-19 VOTE (Bundestag): Voted Ja: Stärkung des Menschenrechts auf Religionsfreiheit [+: Voted to strengthen Germany's international work for freedom of religion.]",SPD,Landesliste Baden-Württemberg
"Schahina Gambir (BÜNDNIS 90/DIE GRÜNEN, Landesliste Nordrhein-Westfalen)",,1,,,,,"a speech, 3 years ago",conflicting (1 item point the other way),4,https://www.abgeordnetenwatch.de/profile/schahina-gambir,"2026-06-10 DEBATE: Rede ""Danke, Frau Präsidentin. – Laut „Tagesschau“ drängen Sie, Herr Minister, das Auswärtige Amt dazu, die Taliban – Zitat – „nicht allzu hart anzupacken“, um die Abschiebungen nach Afghanistan nicht zu gefährden. Gleichzeiti..."" [0: Attacks minister over Taliban policy and deportations; not addressing religious freedom protection itself.] | 2026-05-29 KLEINE ANFRAGE: Mögliche Verbindungen zwischen christlichem Fundamentalismus und Rechtsextremismus in Deutschland (Drucksache 21/6166) [-: Greens KA: links between 'Christian fundamentalism' and right-wing extremism; casts believing Christians as an extremism risk] | 2025-10-29 KLEINE ANFRAGE: Ein Jahr nach dem Sturz des Assad-Regimes - Ethnische und religiöse Vielfalt Syriens weiterhin unter Druck - Schutz der  (Drucksache 21/2476) [+: Greens KA: protection of Alawites, Christians, Druze in post-Assad Syria] | 2023-11-16 DEBATE: Rede ""Hierfür haben wir bereits entsprechende Gesetzgebung. Doch klar ist: Generelle Kopftuchverbote an Schulen verletzen die Grund- und Menschenrechte. Religionsfreiheit gilt auch für Kinder und Jugendliche...."" [+: Opposes forced headscarves but firmly rejects state bans, upholding religious freedom for minors.]",BÜNDNIS 90/DIE GRÜNEN,Landesliste Nordrhein-Westfalen
"Silvia Breher (CDU/CSU, 32 - Cloppenburg – Vechta)",,1,,,,,"a speech, 2 years ago",consistent (3 items),4,https://www.abgeordnetenwatch.de/profile/silvia-breher,"2024-04-10 DEBATE: Rede ""dann gäbe es andere Wege. Stärken Sie die Beratungsstellen! Erhöhen Sie ihre Anzahl! Stärken Sie die Hilfsangebote für die Schwangeren in diesen schwierigen Zeiten! Kündigen Sie vor allem den gesellschaftlichen Konsens z..."" [+: CDU speaker questions necessity of new restriction and defends societal consensus on abortion, sympathetic to counsellors' concerns.] | 2021-05-06 VOTE (Bundestag): Voted Nein: Ab­lösung der Staats­leistun­gen an die Kirchen [+: Voted to keep the churches' state payments.] | 2019-05-17 VOTE (Bundestag): Voted Nein: BDS-Bewegung entgegentreten - Antisemitismus bekämpfen [never places: an antisemitism motion, not our religious-freedom ground] | 2018-10-19 VOTE (Bundestag): Voted Ja: Stärkung des Menschenrechts auf Religionsfreiheit [+: Voted to strengthen Germany's international work for freedom of religion.]",CDU/CSU,32 - Cloppenburg – Vechta
"Stefan Schwartze (SPD, Landesliste Nordrhein-Westfalen)",,1,,,,,"a vote, 5 years ago",moderate (whipped vote),4,https://www.abgeordnetenwatch.de/profile/stefan-schwartze,"2021-05-06 VOTE (Bundestag): Voted Nein: Ab­lösung der Staats­leistun­gen an die Kirchen [+: Voted to keep the churches' state payments.] | 2019-05-17 VOTE (Bundestag): Voted Nein: BDS-Bewegung entgegentreten - Antisemitismus bekämpfen [never places: an antisemitism motion, not our religious-freedom ground] | 2018-10-19 VOTE (Bundestag): Voted Ja: Stärkung des Menschenrechts auf Religionsfreiheit [+: Voted to strengthen Germany's international work for freedom of religion.] | 2012-12-12 VOTE (Bundestag): Voted Ja: Beschneidung von Jungen aus religiösen Gründen [+: Voted to keep religious circumcision lawful for Jewish and Muslim families.]",SPD,Landesliste Nordrhein-Westfalen
"Sören Bartol (SPD, 170 - Marburg)",,1,,,,,"a vote, 5 years ago",moderate (whipped vote),4,https://www.abgeordnetenwatch.de/profile/soeren-bartol,"2021-05-06 VOTE (Bundestag): Voted Nein: Ab­lösung der Staats­leistun­gen an die Kirchen [+: Voted to keep the churches' state payments.] | 2019-05-17 VOTE (Bundestag): Voted Nein: BDS-Bewegung entgegentreten - Antisemitismus bekämpfen [never places: an antisemitism motion, not our religious-freedom ground] | 2018-10-19 VOTE (Bundestag): Voted Ja: Stärkung des Menschenrechts auf Religionsfreiheit [+: Voted to strengthen Germany's international work for freedom of religion.] | 2012-12-12 VOTE (Bundestag): Voted Ja: Beschneidung von Jungen aus religiösen Gründen [+: Voted to keep religious circumcision lawful for Jewish and Muslim families.]",SPD,170 - Marburg
"Thomas Gebhart (CDU/CSU, 210 - Südpfalz)",,1,,,,,"a vote, 5 years ago",moderate (whipped vote),4,https://www.abgeordnetenwatch.de/profile/thomas-gebhart,"2021-05-06 VOTE (Bundestag): Voted Nein: Ab­lösung der Staats­leistun­gen an die Kirchen [+: Voted to keep the churches' state payments.] | 2019-05-17 VOTE (Bundestag): Voted Nein: BDS-Bewegung entgegentreten - Antisemitismus bekämpfen [never places: an antisemitism motion, not our religious-freedom ground] | 2018-10-19 VOTE (Bundestag): Voted Ja: Stärkung des Menschenrechts auf Religionsfreiheit [+: Voted to strengthen Germany's international work for freedom of religion.] | 2012-12-12 VOTE (Bundestag): Voted Ja: Beschneidung von Jungen aus religiösen Gründen [+: Voted to keep religious circumcision lawful for Jewish and Muslim families.]",CDU/CSU,210 - Südpfalz
"Achim Köhler (AfD, Landesliste Baden-Württemberg)",,1,,,,,"a motion signed, 5 months ago",consistent (3 items),3,https://www.abgeordnetenwatch.de/profile/achim-koehler,"2026-09-01 KLEINE ANFRAGE: Lage der christlichen Minderheit im Jemen im Kontext des langjährigen Bürgerkriegs und der dschihadistischen Bedrohung (Drucksache 21/7796) [+: AfD KA: Christian minority in Yemen under jihadist threat] | 2026-05-05 ANTRAG: Kein Geld für das syrische Übergangsregime - Menschenrechte schützen, religiöse Minderheiten in Syrien vor Verfolgung be (Drucksache 21/5765) [+: AfD motion: suspend aid to Syria's transitional regime to protect religious minorities from persecution] | 2026-03-24 ANTRAG: Schutz von Kindern und Jugendlichen vor religiösem Zwang, Mobbing und gruppendynamischem Druck stärken - Auch Konversion (Drucksache 21/4941) [+: AfD motion: protect children from religious coercion and conversion pressure in schools, explicitly without blanket limits on religious freedom]",AfD,Landesliste Baden-Württemberg
"Albert Rupprecht (CDU/CSU, 234 - Weiden)",,1,,,,,"a vote, 5 years ago",moderate (whipped vote),3,https://www.abgeordnetenwatch.de/profile/albert-rupprecht,2021-05-06 VOTE (Bundestag): Voted Nein: Ab­lösung der Staats­leistun­gen an die Kirchen [+: Voted to keep the churches' state payments.] | 2018-10-19 VOTE (Bundestag): Voted Ja: Stärkung des Menschenrechts auf Religionsfreiheit [+: Voted to strengthen Germany's international work for freedom of religion.] | 2012-12-12 VOTE (Bundestag): Voted Ja: Beschneidung von Jungen aus religiösen Gründen [+: Voted to keep religious circumcision lawful for Jewish and Muslim families.],CDU/CSU,234 - Weiden
"Albert Stegemann (CDU/CSU, 31 - Mittelems)",,1,,,,,"a vote, 5 years ago",moderate (whipped vote),3,https://www.abgeordnetenwatch.de/profile/albert-stegemann,"2021-05-06 VOTE (Bundestag): Voted Nein: Ab­lösung der Staats­leistun­gen an die Kirchen [+: Voted to keep the churches' state payments.] | 2019-05-17 VOTE (Bundestag): Voted Nein: BDS-Bewegung entgegentreten - Antisemitismus bekämpfen [never places: an antisemitism motion, not our religious-freedom ground] | 2018-10-19 VOTE (Bundestag): Voted Ja: Stärkung des Menschenrechts auf Religionsfreiheit [+: Voted to strengthen Germany's international work for freedom of religion.]",CDU/CSU,31 - Mittelems
"Alexander Radwan (CDU/CSU, 222 - Bad Tölz-Wolfratshausen – Miesbach)",,1,,,,,"a vote, 5 years ago",moderate (whipped vote),3,https://www.abgeordnetenwatch.de/profile/alexander-radwan,"2021-05-06 VOTE (Bundestag): Voted Nein: Ab­lösung der Staats­leistun­gen an die Kirchen [+: Voted to keep the churches' state payments.] | 2019-05-17 VOTE (Bundestag): Voted Nein: BDS-Bewegung entgegentreten - Antisemitismus bekämpfen [never places: an antisemitism motion, not our religious-freedom ground] | 2018-10-19 VOTE (Bundestag): Voted Ja: Stärkung des Menschenrechts auf Religionsfreiheit [+: Voted to strengthen Germany's international work for freedom of religion.]",CDU/CSU,222 - Bad Tölz-Wolfratshausen – Miesbach
"Alois Rainer (CDU/CSU, 230 - Straubing)",,1,,,,,"a vote, 5 years ago",moderate (whipped vote),3,https://www.abgeordnetenwatch.de/profile/alois-rainer,"2021-05-06 VOTE (Bundestag): Voted Nein: Ab­lösung der Staats­leistun­gen an die Kirchen [+: Voted to keep the churches' state payments.] | 2019-05-17 VOTE (Bundestag): Voted Nein: BDS-Bewegung entgegentreten - Antisemitismus bekämpfen [never places: an antisemitism motion, not our religious-freedom ground] | 2018-10-19 VOTE (Bundestag): Voted Ja: Stärkung des Menschenrechts auf Religionsfreiheit [+: Voted to strengthen Germany's international work for freedom of religion.]",CDU/CSU,230 - Straubing
"Andreas Schwarz (SPD, Landesliste Bayern)",,1,,,,,"a vote, 5 years ago",moderate (whipped vote),3,https://www.abgeordnetenwatch.de/profile/andreas-schwarz,"2021-05-06 VOTE (Bundestag): Voted Nein: Ab­lösung der Staats­leistun­gen an die Kirchen [+: Voted to keep the churches' state payments.] | 2019-05-17 VOTE (Bundestag): Voted Nein: BDS-Bewegung entgegentreten - Antisemitismus bekämpfen [never places: an antisemitism motion, not our religious-freedom ground] | 2018-10-19 VOTE (Bundestag): Voted Ja: Stärkung des Menschenrechts auf Religionsfreiheit [+: Voted to strengthen Germany's international work for freedom of religion.]",SPD,Landesliste Bayern
"Anja Weisgerber (CDU/CSU, 249 - Schweinfurt)",,1,,,,,"a vote, 5 years ago",moderate (whipped vote),3,https://www.abgeordnetenwatch.de/profile/anja-weisgerber,"2021-05-06 VOTE (Bundestag): Voted Nein: Ab­lösung der Staats­leistun­gen an die Kirchen [+: Voted to keep the churches' state payments.] | 2019-05-17 VOTE (Bundestag): Voted Nein: BDS-Bewegung entgegentreten - Antisemitismus bekämpfen [never places: an antisemitism motion, not our religious-freedom ground] | 2018-10-19 VOTE (Bundestag): Voted Ja: Stärkung des Menschenrechts auf Religionsfreiheit [+: Voted to strengthen Germany's international work for freedom of religion.]",CDU/CSU,249 - Schweinfurt
"Bernd Rützel (SPD, Landesliste Bayern)",,1,,,,,"a vote, 5 years ago",moderate (whipped vote),3,https://www.abgeordnetenwatch.de/profile/bernd-ruetzel,"2021-05-06 VOTE (Bundestag): Voted Nein: Ab­lösung der Staats­leistun­gen an die Kirchen [+: Voted to keep the churches' state payments.] | 2019-05-17 VOTE (Bundestag): Voted Nein: BDS-Bewegung entgegentreten - Antisemitismus bekämpfen [never places: an antisemitism motion, not our religious-freedom ground] | 2018-10-19 VOTE (Bundestag): Voted Ja: Stärkung des Menschenrechts auf Religionsfreiheit [+: Voted to strengthen Germany's international work for freedom of religion.]",SPD,Landesliste Bayern
"Bettina Hagedorn (SPD, Landesliste Schleswig-Holstein)",,1,,,,,"a vote, 5 years ago",moderate (whipped vote),3,https://www.abgeordnetenwatch.de/profile/bettina-hagedorn,"2021-05-06 VOTE (Bundestag): Voted Nein: Ab­lösung der Staats­leistun­gen an die Kirchen [+: Voted to keep the churches' state payments.] | 2019-05-17 VOTE (Bundestag): Voted Nein: BDS-Bewegung entgegentreten - Antisemitismus bekämpfen [never places: an antisemitism motion, not our religious-freedom ground] | 2012-12-12 VOTE (Bundestag): Voted Ja: Beschneidung von Jungen aus religiösen Gründen [+: Voted to keep religious circumcision lawful for Jewish and Muslim families.]",SPD,Landesliste Schleswig-Holstein
"Björn Simon (CDU/CSU, 184 - Offenbach)",,1,,,,,"a vote, 5 years ago",moderate (whipped vote),3,https://www.abgeordnetenwatch.de/profile/bjoern-simon,"2021-05-06 VOTE (Bundestag): Voted Nein: Ab­lösung der Staats­leistun­gen an die Kirchen [+: Voted to keep the churches' state payments.] | 2019-05-17 VOTE (Bundestag): Voted Nein: BDS-Bewegung entgegentreten - Antisemitismus bekämpfen [never places: an antisemitism motion, not our religious-freedom ground] | 2018-10-19 VOTE (Bundestag): Voted Ja: Stärkung des Menschenrechts auf Religionsfreiheit [+: Voted to strengthen Germany's international work for freedom of religion.]",CDU/CSU,184 - Offenbach
Boris Gamanov (AfD),,1,,,,,"a motion signed, 5 months ago",consistent (2 items),3,https://www.abgeordnetenwatch.de/profile/boris-gamanov,"2026-08-17 KLEINE ANFRAGE: Abschiebekriterien, der Schutz religiöser Minderheiten, Christenverfolgung und Abschiebung syrischer Christen (Drucksache 21/7597) [+: AfD KA: protection of religious minorities, persecution of Christians, deportation of Syrian Christians] | 2026-06-05 SCHRIFTLICHE FRAGE: Bedrohungslage für Rückkehrer nach Syrien (Drucksache 21/6244) [never places: information question; the title asks for facts and does not show which side the author is on] | 2026-05-05 ANTRAG: Kein Geld für das syrische Übergangsregime - Menschenrechte schützen, religiöse Minderheiten in Syrien vor Verfolgung be (Drucksache 21/5765) [+: AfD motion: suspend aid to Syria's transitional regime to protect religious minorities from persecution]",AfD,
"Carsten Körber (CDU/CSU, Landesliste Sachsen)",,1,,,,,"a vote, 5 years ago",moderate (whipped vote),3,https://www.abgeordnetenwatch.de/profile/carsten-koerber,"2021-05-06 VOTE (Bundestag): Voted Nein: Ab­lösung der Staats­leistun­gen an die Kirchen [+: Voted to keep the churches' state payments.] | 2019-05-17 VOTE (Bundestag): Voted Nein: BDS-Bewegung entgegentreten - Antisemitismus bekämpfen [never places: an antisemitism motion, not our religious-freedom ground] | 2018-10-19 VOTE (Bundestag): Voted Ja: Stärkung des Menschenrechts auf Religionsfreiheit [+: Voted to strengthen Germany's international work for freedom of religion.]",CDU/CSU,Landesliste Sachsen
"Christian Haase (CDU/CSU, 135 - Höxter – Gütersloh III – Lippe II)",,1,,,,,"a vote, 5 years ago",moderate (whipped vote),3,https://www.abgeordnetenwatch.de/profile/christian-haase,"2021-05-06 VOTE (Bundestag): Voted Nein: Ab­lösung der Staats­leistun­gen an die Kirchen [+: Voted to keep the churches' state payments.] | 2019-05-17 VOTE (Bundestag): Voted Nein: BDS-Bewegung entgegentreten - Antisemitismus bekämpfen [never places: an antisemitism motion, not our religious-freedom ground] | 2018-10-19 VOTE (Bundestag): Voted Ja: Stärkung des Menschenrechts auf Religionsfreiheit [+: Voted to strengthen Germany's international work for freedom of religion.]",CDU/CSU,135 - Höxter – Gütersloh III – Lippe II
"Christian Hirte (CDU/CSU, Landesliste Thüringen)",,1,,,,,"a vote, 5 years ago",moderate (whipped vote),3,https://www.abgeordnetenwatch.de/profile/christian-hirte,2021-05-06 VOTE (Bundestag): Voted Nein: Ab­lösung der Staats­leistun­gen an die Kirchen [+: Voted to keep the churches' state payments.] | 2018-10-19 VOTE (Bundestag): Voted Ja: Stärkung des Menschenrechts auf Religionsfreiheit [+: Voted to strengthen Germany's international work for freedom of religion.] | 2012-12-12 VOTE (Bundestag): Voted Ja: Beschneidung von Jungen aus religiösen Gründen [+: Voted to keep religious circumcision lawful for Jewish and Muslim families.],CDU/CSU,Landesliste Thüringen
"Christian von Stetten (CDU/CSU, 268 - Schwäbisch Hall – Hohenlohe)",,1,,,,,"a vote, 5 years ago",moderate (whipped vote),3,https://www.abgeordnetenwatch.de/profile/christian-von-stetten,2021-05-06 VOTE (Bundestag): Voted Nein: Ab­lösung der Staats­leistun­gen an die Kirchen [+: Voted to keep the churches' state payments.] | 2018-10-19 VOTE (Bundestag): Voted Ja: Stärkung des Menschenrechts auf Religionsfreiheit [+: Voted to strengthen Germany's international work for freedom of religion.] | 2012-12-12 VOTE (Bundestag): Voted Ja: Beschneidung von Jungen aus religiösen Gründen [+: Voted to keep religious circumcision lawful for Jewish and Muslim families.],CDU/CSU,268 - Schwäbisch Hall – Hohenlohe
"Christoph Ploß (CDU/CSU, 21 - Hamburg-Nord)",,1,,,,,"a vote, 5 years ago",moderate (whipped vote),3,https://www.abgeordnetenwatch.de/profile/christoph-ploss,"2021-05-06 VOTE (Bundestag): Voted Nein: Ab­lösung der Staats­leistun­gen an die Kirchen [+: Voted to keep the churches' state payments.] | 2019-05-17 VOTE (Bundestag): Voted Nein: BDS-Bewegung entgegentreten - Antisemitismus bekämpfen [never places: an antisemitism motion, not our religious-freedom ground] | 2018-10-19 VOTE (Bundestag): Voted Ja: Stärkung des Menschenrechts auf Religionsfreiheit [+: Voted to strengthen Germany's international work for freedom of religion.]",CDU/CSU,21 - Hamburg-Nord
"Dennis Rohde (SPD, 27 - Oldenburg – Ammerland)",,1,,,,,"a vote, 5 years ago",moderate (whipped vote),3,https://www.abgeordnetenwatch.de/profile/dennis-rohde,"2021-05-06 VOTE (Bundestag): Voted Nein: Ab­lösung der Staats­leistun­gen an die Kirchen [+: Voted to keep the churches' state payments.] | 2019-05-17 VOTE (Bundestag): Voted Nein: BDS-Bewegung entgegentreten - Antisemitismus bekämpfen [never places: an antisemitism motion, not our religious-freedom ground] | 2018-10-19 VOTE (Bundestag): Voted Ja: Stärkung des Menschenrechts auf Religionsfreiheit [+: Voted to strengthen Germany's international work for freedom of religion.]",SPD,27 - Oldenburg – Ammerland
"Detlef Seif (CDU/CSU, 91 - Euskirchen – Rhein-Erft-Kreis II)",,1,,,,,"a vote, 5 years ago",moderate (whipped vote),3,https://www.abgeordnetenwatch.de/profile/detlef-seif,"2021-05-06 VOTE (Bundestag): Voted Nein: Ab­lösung der Staats­leistun­gen an die Kirchen [+: Voted to keep the churches' state payments.] | 2019-05-17 VOTE (Bundestag): Voted Nein: BDS-Bewegung entgegentreten - Antisemitismus bekämpfen [never places: an antisemitism motion, not our religious-freedom ground] | 2012-12-12 VOTE (Bundestag): Voted Ja: Beschneidung von Jungen aus religiösen Gründen [+: Voted to keep religious circumcision lawful for Jewish and Muslim families.]",CDU/CSU,91 - Euskirchen – Rhein-Erft-Kreis II
"Dirk Vöpel (SPD, 116 - Oberhausen – Wesel III)",,1,,,,,"a vote, 5 years ago",moderate (whipped vote),3,https://www.abgeordnetenwatch.de/profile/dirk-voepel,"2021-05-06 VOTE (Bundestag): Voted Nein: Ab­lösung der Staats­leistun­gen an die Kirchen [+: Voted to keep the churches' state payments.] | 2019-05-17 VOTE (Bundestag): Voted Nein: BDS-Bewegung entgegentreten - Antisemitismus bekämpfen [never places: an antisemitism motion, not our religious-freedom ground] | 2018-10-19 VOTE (Bundestag): Voted Ja: Stärkung des Menschenrechts auf Religionsfreiheit [+: Voted to strengthen Germany's international work for freedom of religion.]",SPD,116 - Oberhausen – Wesel III
"Dirk Wiese (SPD, Landesliste Nordrhein-Westfalen)",,1,,,,,"a vote, 5 years ago",moderate (whipped vote),3,https://www.abgeordnetenwatch.de/profile/dirk-wiese,"2021-05-06 VOTE (Bundestag): Voted Nein: Ab­lösung der Staats­leistun­gen an die Kirchen [+: Voted to keep the churches' state payments.] | 2019-05-17 VOTE (Bundestag): Voted Nein: BDS-Bewegung entgegentreten - Antisemitismus bekämpfen [never places: an antisemitism motion, not our religious-freedom ground] | 2018-10-19 VOTE (Bundestag): Voted Ja: Stärkung des Menschenrechts auf Religionsfreiheit [+: Voted to strengthen Germany's international work for freedom of religion.]",SPD,Landesliste Nordrhein-Westfalen
"Emmi Zeulner (CDU/CSU, 239 - Kulmbach)",,1,,,,,"a vote, 5 years ago",moderate (whipped vote),3,https://www.abgeordnetenwatch.de/profile/emmi-zeulner,"2021-05-06 VOTE (Bundestag): Voted Nein: Ab­lösung der Staats­leistun­gen an die Kirchen [+: Voted to keep the churches' state payments.] | 2019-05-17 VOTE (Bundestag): Voted Nein: BDS-Bewegung entgegentreten - Antisemitismus bekämpfen [never places: an antisemitism motion, not our religious-freedom ground] | 2018-10-19 VOTE (Bundestag): Voted Ja: Stärkung des Menschenrechts auf Religionsfreiheit [+: Voted to strengthen Germany's international work for freedom of religion.]",CDU/CSU,239 - Kulmbach
"Esther Dilcher (SPD, Landesliste Hessen)",,1,,,,,"a vote, 5 years ago",moderate (whipped vote),3,https://www.abgeordnetenwatch.de/profile/esther-dilcher,"2021-05-06 VOTE (Bundestag): Voted Nein: Ab­lösung der Staats­leistun­gen an die Kirchen [+: Voted to keep the churches' state payments.] | 2019-05-17 VOTE (Bundestag): Voted Nein: BDS-Bewegung entgegentreten - Antisemitismus bekämpfen [never places: an antisemitism motion, not our religious-freedom ground] | 2018-10-19 VOTE (Bundestag): Voted Ja: Stärkung des Menschenrechts auf Religionsfreiheit [+: Voted to strengthen Germany's international work for freedom of religion.]",SPD,Landesliste Hessen
"Friedrich Merz (CDU/CSU, 146 - Hochsauerlandkreis)",,1,,,,,"a speech, 3 years ago",thin (only 1 evidence item on record),3,https://www.abgeordnetenwatch.de/profile/friedrich-merz,"2024-10-10 DEBATE: Rede ""In einer wachsenden Anzahl von Städten in unserem Land gibt es faktisch No-go-Areas für Jüdinnen und Juden. Wer mit einer Kippa durch die Turmstraße in Berlin-Moabit läuft, der begibt sich in ernsthafte Gefahr für Leib u..."" [0: Speech on antisemitism and Israel solidarity, not addressing free speech or religion policy directly.] | 2024-01-31 DEBATE: Rede ""Freiheit und vor allem Meinungsfreiheit und Religionsfreiheit sind auch die Voraussetzungen für den inneren Frieden in unserem Land. Dafür gehen die Menschen in diesen Wochen in vielen Hundert Städten in Deutschland zu T..."" [+: Merz frames free speech and religious freedom as essential to inner peace, a general supportive statement.] | 2023-10-12 DEBATE: Rede ""Doch damit ist es nicht getan. Ich biete für die Unionsfraktion an, dass wir gemeinsam aus der Mitte dieses Hauses den Kampf gegen Antisemitismus in unserem Land noch entschlossener fortsetzen. Dazu zählt, dass Vereine u..."" [0: No engagement with religious freedom policy beyond general solidarity remarks.]",CDU/CSU,146 - Hochsauerlandkreis
"Fritz Güntzler (CDU/CSU, 53 - Göttingen I)",,1,,,,,"a vote, 5 years ago",moderate (whipped vote),3,https://www.abgeordnetenwatch.de/profile/fritz-guentzler,"2021-05-06 VOTE (Bundestag): Voted Nein: Ab­lösung der Staats­leistun­gen an die Kirchen [+: Voted to keep the churches' state payments.] | 2019-05-17 VOTE (Bundestag): Voted Nein: BDS-Bewegung entgegentreten - Antisemitismus bekämpfen [never places: an antisemitism motion, not our religious-freedom ground] | 2018-10-19 VOTE (Bundestag): Voted Ja: Stärkung des Menschenrechts auf Religionsfreiheit [+: Voted to strengthen Germany's international work for freedom of religion.]",CDU/CSU,53 - Göttingen I
"Georg Kippels (CDU/CSU, 90 - Rhein-Erft-Kreis I)",,1,,,,,"a vote, 5 years ago",moderate (whipped vote),3,https://www.abgeordnetenwatch.de/profile/georg-kippels,"2021-05-06 VOTE (Bundestag): Voted Nein: Ab­lösung der Staats­leistun­gen an die Kirchen [+: Voted to keep the churches' state payments.] | 2019-05-17 VOTE (Bundestag): Voted Nein: BDS-Bewegung entgegentreten - Antisemitismus bekämpfen [never places: an antisemitism motion, not our religious-freedom ground] | 2018-10-19 VOTE (Bundestag): Voted Ja: Stärkung des Menschenrechts auf Religionsfreiheit [+: Voted to strengthen Germany's international work for freedom of religion.]",CDU/CSU,90 - Rhein-Erft-Kreis I
"Hansjörg Durz (CDU/CSU, 252 - Augsburg-Land)",,1,,,,,"a vote, 5 years ago",moderate (whipped vote),3,https://www.abgeordnetenwatch.de/profile/hansjoerg-durz,"2021-05-06 VOTE (Bundestag): Voted Nein: Ab­lösung der Staats­leistun­gen an die Kirchen [+: Voted to keep the churches' state payments.] | 2019-05-17 VOTE (Bundestag): Voted Nein: BDS-Bewegung entgegentreten - Antisemitismus bekämpfen [never places: an antisemitism motion, not our religious-freedom ground] | 2018-10-19 VOTE (Bundestag): Voted Ja: Stärkung des Menschenrechts auf Religionsfreiheit [+: Voted to strengthen Germany's international work for freedom of religion.]",CDU/CSU,252 - Augsburg-Land
"Heinrich Koch (AfD, Landesliste Baden-Württemberg)",,1,,,,,"a motion signed, 5 months ago",consistent (3 items),3,https://www.abgeordnetenwatch.de/profile/heinrich-koch,"2026-09-01 KLEINE ANFRAGE: Lage der christlichen Minderheit im Jemen im Kontext des langjährigen Bürgerkriegs und der dschihadistischen Bedrohung (Drucksache 21/7796) [+: AfD KA: Christian minority in Yemen under jihadist threat] | 2026-05-05 ANTRAG: Kein Geld für das syrische Übergangsregime - Menschenrechte schützen, religiöse Minderheiten in Syrien vor Verfolgung be (Drucksache 21/5765) [+: AfD motion: suspend aid to Syria's transitional regime to protect religious minorities from persecution] | 2026-03-24 ANTRAG: Schutz von Kindern und Jugendlichen vor religiösem Zwang, Mobbing und gruppendynamischem Druck stärken - Auch Konversion (Drucksache 21/4941) [+: AfD motion: protect children from religious coercion and conversion pressure in schools, explicitly without blanket limits on religious freedom]",AfD,Landesliste Baden-Württemberg
"Hermann Färber (CDU/CSU, 263 - Göppingen)",,1,,,,,"a vote, 5 years ago",moderate (whipped vote),3,https://www.abgeordnetenwatch.de/profile/hermann-faerber,"2021-05-06 VOTE (Bundestag): Voted Nein: Ab­lösung der Staats­leistun­gen an die Kirchen [+: Voted to keep the churches' state payments.] | 2019-05-17 VOTE (Bundestag): Voted Nein: BDS-Bewegung entgegentreten - Antisemitismus bekämpfen [never places: an antisemitism motion, not our religious-freedom ground] | 2018-10-19 VOTE (Bundestag): Voted Ja: Stärkung des Menschenrechts auf Religionsfreiheit [+: Voted to strengthen Germany's international work for freedom of religion.]",CDU/CSU,263 - Göppingen
"Jan Metzler (CDU/CSU, 205 - Worms)",,1,,,,,"a vote, 5 years ago",moderate (whipped vote),3,https://www.abgeordnetenwatch.de/profile/jan-metzler,"2021-05-06 VOTE (Bundestag): Voted Nein: Ab­lösung der Staats­leistun­gen an die Kirchen [+: Voted to keep the churches' state payments.] | 2019-05-17 VOTE (Bundestag): Voted Nein: BDS-Bewegung entgegentreten - Antisemitismus bekämpfen [never places: an antisemitism motion, not our religious-freedom ground] | 2018-10-19 VOTE (Bundestag): Voted Ja: Stärkung des Menschenrechts auf Religionsfreiheit [+: Voted to strengthen Germany's international work for freedom of religion.]",CDU/CSU,205 - Worms
"Jan Ralf Nolte (AfD, Landesliste Hessen)",,1,,,,,"a vote, 5 years ago",moderate (whipped vote),3,https://www.abgeordnetenwatch.de/profile/jan-ralf-nolte,"2021-05-06 VOTE (Bundestag): Voted Nein: Ab­lösung der Staats­leistun­gen an die Kirchen [+: Voted to keep the churches' state payments.] | 2019-05-17 VOTE (Bundestag): Voted Ja: BDS-Bewegung entgegentreten - Antisemitismus bekämpfen [never places: an antisemitism motion, not our religious-freedom ground] | 2018-10-19 VOTE (Bundestag): Voted Nein: Stärkung des Menschenrechts auf Religionsfreiheit [this side carries no value -- its lobby tells no member apart]",AfD,Landesliste Hessen
"Jens Lehmann (CDU/CSU, Landesliste Sachsen)",,1,,,,,"a vote, 5 years ago",moderate (whipped vote),3,https://www.abgeordnetenwatch.de/profile/jens-lehmann,"2021-05-06 VOTE (Bundestag): Voted Nein: Ab­lösung der Staats­leistun­gen an die Kirchen [+: Voted to keep the churches' state payments.] | 2019-05-17 VOTE (Bundestag): Voted Nein: BDS-Bewegung entgegentreten - Antisemitismus bekämpfen [never places: an antisemitism motion, not our religious-freedom ground] | 2018-10-19 VOTE (Bundestag): Voted Ja: Stärkung des Menschenrechts auf Religionsfreiheit [+: Voted to strengthen Germany's international work for freedom of religion.]",CDU/CSU,Landesliste Sachsen
"Jens Spahn (CDU/CSU, 123 - Steinfurt I – Borken I)",,1,,,,,"a vote, 5 years ago",moderate (whipped vote),3,https://www.abgeordnetenwatch.de/profile/jens-spahn,2021-05-06 VOTE (Bundestag): Voted Nein: Ab­lösung der Staats­leistun­gen an die Kirchen [+: Voted to keep the churches' state payments.] | 2018-10-19 VOTE (Bundestag): Voted Ja: Stärkung des Menschenrechts auf Religionsfreiheit [+: Voted to strengthen Germany's international work for freedom of religion.] | 2012-12-12 VOTE (Bundestag): Voted Ja: Beschneidung von Jungen aus religiösen Gründen [+: Voted to keep religious circumcision lawful for Jewish and Muslim families.],CDU/CSU,123 - Steinfurt I – Borken I
"Jochen Haug (AfD, Landesliste Nordrhein-Westfalen)",,1,,,,,"a vote, 5 years ago",moderate (whipped vote),3,https://www.abgeordnetenwatch.de/profile/jochen-haug,"2021-05-06 VOTE (Bundestag): Voted Nein: Ab­lösung der Staats­leistun­gen an die Kirchen [+: Voted to keep the churches' state payments.] | 2019-05-17 VOTE (Bundestag): Voted Ja: BDS-Bewegung entgegentreten - Antisemitismus bekämpfen [never places: an antisemitism motion, not our religious-freedom ground] | 2018-10-19 VOTE (Bundestag): Voted Nein: Stärkung des Menschenrechts auf Religionsfreiheit [this side carries no value -- its lobby tells no member apart]",AfD,Landesliste Nordrhein-Westfalen
"Johannes Steiniger (CDU/CSU, 207 - Neustadt – Speyer)",,1,,,,,"a vote, 5 years ago",moderate (whipped vote),3,https://www.abgeordnetenwatch.de/profile/johannes-steiniger,"2021-05-06 VOTE (Bundestag): Voted Nein: Ab­lösung der Staats­leistun­gen an die Kirchen [+: Voted to keep the churches' state payments.] | 2019-05-17 VOTE (Bundestag): Voted Nein: BDS-Bewegung entgegentreten - Antisemitismus bekämpfen [never places: an antisemitism motion, not our religious-freedom ground] | 2018-10-19 VOTE (Bundestag): Voted Ja: Stärkung des Menschenrechts auf Religionsfreiheit [+: Voted to strengthen Germany's international work for freedom of religion.]",CDU/CSU,207 - Neustadt – Speyer
"Josef Oster (CDU/CSU, 198 - Koblenz)",,1,,,,,"a vote, 5 years ago",moderate (whipped vote),3,https://www.abgeordnetenwatch.de/profile/josef-oster,"2021-05-06 VOTE (Bundestag): Voted Nein: Ab­lösung der Staats­leistun­gen an die Kirchen [+: Voted to keep the churches' state payments.] | 2019-05-17 VOTE (Bundestag): Voted Nein: BDS-Bewegung entgegentreten - Antisemitismus bekämpfen [never places: an antisemitism motion, not our religious-freedom ground] | 2018-10-19 VOTE (Bundestag): Voted Ja: Stärkung des Menschenrechts auf Religionsfreiheit [+: Voted to strengthen Germany's international work for freedom of religion.]",CDU/CSU,198 - Koblenz
"Josephine Ortleb (SPD, 296 - Saarbrücken)",,1,,,,,"a vote, 5 years ago",moderate (whipped vote),3,https://www.abgeordnetenwatch.de/profile/josephine-ortleb,"2021-05-06 VOTE (Bundestag): Voted Nein: Ab­lösung der Staats­leistun­gen an die Kirchen [+: Voted to keep the churches' state payments.] | 2018-10-19 VOTE (Bundestag): Voted Ja: Stärkung des Menschenrechts auf Religionsfreiheit [+: Voted to strengthen Germany's international work for freedom of religion.] | 2018-04-27 DEBATE: Rede ""Religionsfreiheit wird jedoch nicht überall und nicht von allen akzeptiert. Die Verfolgung der muslimischen Minderheit der Rohingya in Myanmar, die unerträgliche humanitäre Situation von Christen und Jesiden in Syrien un..."" [+: Affirms religious freedom includes choosing no religion, supportive of broad freedom of belief.]",SPD,296 - Saarbrücken
"Kai Whittaker (CDU/CSU, 273 - Rastatt)",,1,,,,,"a vote, 5 years ago",moderate (whipped vote),3,https://www.abgeordnetenwatch.de/profile/kai-whittaker,"2021-05-06 VOTE (Bundestag): Voted Nein: Ab­lösung der Staats­leistun­gen an die Kirchen [+: Voted to keep the churches' state payments.] | 2019-05-17 VOTE (Bundestag): Voted Nein: BDS-Bewegung entgegentreten - Antisemitismus bekämpfen [never places: an antisemitism motion, not our religious-freedom ground] | 2018-10-19 VOTE (Bundestag): Voted Ja: Stärkung des Menschenrechts auf Religionsfreiheit [+: Voted to strengthen Germany's international work for freedom of religion.]",CDU/CSU,273 - Rastatt
"Katrin Staffler (CDU/CSU, 214 - Fürstenfeldbruck)",,1,,,,,"a vote, 5 years ago",moderate (whipped vote),3,https://www.abgeordnetenwatch.de/profile/katrin-staffler,"2021-05-06 VOTE (Bundestag): Voted Nein: Ab­lösung der Staats­leistun­gen an die Kirchen [+: Voted to keep the churches' state payments.] | 2019-05-17 VOTE (Bundestag): Voted Nein: BDS-Bewegung entgegentreten - Antisemitismus bekämpfen [never places: an antisemitism motion, not our religious-freedom ground] | 2018-10-19 VOTE (Bundestag): Voted Ja: Stärkung des Menschenrechts auf Religionsfreiheit [+: Voted to strengthen Germany's international work for freedom of religion.]",CDU/CSU,214 - Fürstenfeldbruck
"Kerstin Radomski (CDU/CSU, 113 - Krefeld II – Wesel II)",,1,,,,,"a vote, 5 years ago",moderate (whipped vote),3,https://www.abgeordnetenwatch.de/profile/kerstin-radomski,"2021-05-06 VOTE (Bundestag): Voted Nein: Ab­lösung der Staats­leistun­gen an die Kirchen [+: Voted to keep the churches' state payments.] | 2019-05-17 VOTE (Bundestag): Voted Nein: BDS-Bewegung entgegentreten - Antisemitismus bekämpfen [never places: an antisemitism motion, not our religious-freedom ground] | 2018-10-19 VOTE (Bundestag): Voted Ja: Stärkung des Menschenrechts auf Religionsfreiheit [+: Voted to strengthen Germany's international work for freedom of religion.]",CDU/CSU,113 - Krefeld II – Wesel II
"Lars Klingbeil (SPD, 35 - Rotenburg I – Heidekreis)",,1,,,,,"a vote, 5 years ago",moderate (whipped vote),3,https://www.abgeordnetenwatch.de/profile/lars-klingbeil,2021-05-06 VOTE (Bundestag): Voted Nein: Ab­lösung der Staats­leistun­gen an die Kirchen [+: Voted to keep the churches' state payments.] | 2018-10-19 VOTE (Bundestag): Voted Ja: Stärkung des Menschenrechts auf Religionsfreiheit [+: Voted to strengthen Germany's international work for freedom of religion.] | 2012-12-12 VOTE (Bundestag): Voted Ja: Beschneidung von Jungen aus religiösen Gründen [+: Voted to keep religious circumcision lawful for Jewish and Muslim families.],SPD,35 - Rotenburg I – Heidekreis
"Leif-Erik Holm (AfD, 12 - Schwerin – Ludwigslust-Parchim I – Nordwestmecklenburg I)",,1,,,,,"a vote, 5 years ago",moderate (whipped vote),3,https://www.abgeordnetenwatch.de/profile/leif-erik-holm,"2021-05-06 VOTE (Bundestag): Voted Nein: Ab­lösung der Staats­leistun­gen an die Kirchen [+: Voted to keep the churches' state payments.] | 2019-05-17 VOTE (Bundestag): Voted Ja: BDS-Bewegung entgegentreten - Antisemitismus bekämpfen [never places: an antisemitism motion, not our religious-freedom ground] | 2018-10-19 VOTE (Bundestag): Voted Nein: Stärkung des Menschenrechts auf Religionsfreiheit [this side carries no value -- its lobby tells no member apart]",AfD,12 - Schwerin – Ludwigslust-Parchim I – Nordwestmecklenburg I
"Marc Biadacz (CDU/CSU, 260 - Böblingen)",,1,,,,,"a vote, 5 years ago",moderate (whipped vote),3,https://www.abgeordnetenwatch.de/profile/marc-biadacz,"2021-05-06 VOTE (Bundestag): Voted Nein: Ab­lösung der Staats­leistun­gen an die Kirchen [+: Voted to keep the churches' state payments.] | 2019-05-17 VOTE (Bundestag): Voted Nein: BDS-Bewegung entgegentreten - Antisemitismus bekämpfen [never places: an antisemitism motion, not our religious-freedom ground] | 2018-10-19 VOTE (Bundestag): Voted Ja: Stärkung des Menschenrechts auf Religionsfreiheit [+: Voted to strengthen Germany's international work for freedom of religion.]",CDU/CSU,260 - Böblingen
"Marja-Liisa Völlers (SPD, 40 - Nienburg II – Schaumburg)",,1,,,,,"a vote, 5 years ago",moderate (whipped vote),3,https://www.abgeordnetenwatch.de/profile/marja-liisa-voellers,"2021-05-06 VOTE (Bundestag): Voted Nein: Ab­lösung der Staats­leistun­gen an die Kirchen [+: Voted to keep the churches' state payments.] | 2019-05-17 VOTE (Bundestag): Voted Nein: BDS-Bewegung entgegentreten - Antisemitismus bekämpfen [never places: an antisemitism motion, not our religious-freedom ground] | 2018-10-19 VOTE (Bundestag): Voted Ja: Stärkung des Menschenrechts auf Religionsfreiheit [+: Voted to strengthen Germany's international work for freedom of religion.]",SPD,40 - Nienburg II – Schaumburg
"Markus Koob (CDU/CSU, 175 - Hochtaunus)",,1,,,,,"a vote, 5 years ago",moderate (whipped vote),3,https://www.abgeordnetenwatch.de/profile/markus-koob,"2021-05-06 VOTE (Bundestag): Voted Nein: Ab­lösung der Staats­leistun­gen an die Kirchen [+: Voted to keep the churches' state payments.] | 2019-05-17 VOTE (Bundestag): Voted Nein: BDS-Bewegung entgegentreten - Antisemitismus bekämpfen [never places: an antisemitism motion, not our religious-freedom ground] | 2018-10-19 VOTE (Bundestag): Voted Ja: Stärkung des Menschenrechts auf Religionsfreiheit [+: Voted to strengthen Germany's international work for freedom of religion.]",CDU/CSU,175 - Hochtaunus
"Martin Gerster (SPD, Landesliste Baden-Württemberg)",,1,,,,,"a vote, 5 years ago",moderate (whipped vote),3,https://www.abgeordnetenwatch.de/profile/martin-gerster,"2021-05-06 VOTE (Bundestag): Voted Nein: Ab­lösung der Staats­leistun­gen an die Kirchen [+: Voted to keep the churches' state payments.] | 2019-05-17 VOTE (Bundestag): Voted Nein: BDS-Bewegung entgegentreten - Antisemitismus bekämpfen [never places: an antisemitism motion, not our religious-freedom ground] | 2012-12-12 VOTE (Bundestag): Voted Ja: Beschneidung von Jungen aus religiösen Gründen [+: Voted to keep religious circumcision lawful for Jewish and Muslim families.]",SPD,Landesliste Baden-Württemberg
"Martin Reichardt (AfD, 72 - Burgenland – Saalekreis)",,1,,,,,"a speech, 7 years ago",consistent (2 items),3,https://www.abgeordnetenwatch.de/profile/martin-reichardt,"2026-03-24 ANTRAG: Schutz von Kindern und Jugendlichen vor religiösem Zwang, Mobbing und gruppendynamischem Druck stärken - Auch Konversion (Drucksache 21/4941) [+: AfD motion: protect children from religious coercion and conversion pressure in schools, explicitly without blanket limits on religious freedom] | 2019-06-07 DEBATE: Rede ""die durch den Import extrem homophober religiöser Minderheiten nach Deutschland die Bedrohung für die Menschen herbeiführt, die Sie hier überall schützen wollen...."" [+: Promotes traditional family values and a pro-family motion ('Babys willkommen heißen').] | 2018-10-19 VOTE (Bundestag): Voted Nein: Stärkung des Menschenrechts auf Religionsfreiheit [this side carries no value -- its lobby tells no member apart]",AfD,72 - Burgenland – Saalekreis
"Martina Uhr (AfD, Landesliste Niedersachsen)",,1,,,,,"a motion signed, 5 months ago",consistent (2 items),3,https://www.abgeordnetenwatch.de/profile/martina-uhr,"2026-06-12 KLEINE ANFRAGE: Staatliche Förderung kirchlicher Entwicklungsorganisationen (Drucksache 21/6456) [never places: asks about state funding of church development agencies; no side shown] | 2026-05-05 ANTRAG: Kein Geld für das syrische Übergangsregime - Menschenrechte schützen, religiöse Minderheiten in Syrien vor Verfolgung be (Drucksache 21/5765) [+: AfD motion: suspend aid to Syria's transitional regime to protect religious minorities from persecution] | 2026-03-24 ANTRAG: Schutz von Kindern und Jugendlichen vor religiösem Zwang, Mobbing und gruppendynamischem Druck stärken - Auch Konversion (Drucksache 21/4941) [+: AfD motion: protect children from religious coercion and conversion pressure in schools, explicitly without blanket limits on religious freedom]",AfD,Landesliste Niedersachsen
"Matthias Hauer (CDU/CSU, 119 - Essen III)",,1,,,,,"a vote, 5 years ago",moderate (whipped vote),3,https://www.abgeordnetenwatch.de/profile/matthias-hauer,"2021-05-06 VOTE (Bundestag): Voted Nein: Ab­lösung der Staats­leistun­gen an die Kirchen [+: Voted to keep the churches' state payments.] | 2019-05-17 VOTE (Bundestag): Voted Nein: BDS-Bewegung entgegentreten - Antisemitismus bekämpfen [never places: an antisemitism motion, not our religious-freedom ground] | 2018-10-19 VOTE (Bundestag): Voted Ja: Stärkung des Menschenrechts auf Religionsfreiheit [+: Voted to strengthen Germany's international work for freedom of religion.]",CDU/CSU,119 - Essen III
"Matthias Miersch (SPD, 47 - Hannover-Land II)",,1,,,,,"a vote, 5 years ago",moderate (whipped vote),3,https://www.abgeordnetenwatch.de/profile/matthias-miersch,"2021-05-06 VOTE (Bundestag): Voted Nein: Ab­lösung der Staats­leistun­gen an die Kirchen [+: Voted to keep the churches' state payments.] | 2019-05-17 VOTE (Bundestag): Voted Nein: BDS-Bewegung entgegentreten - Antisemitismus bekämpfen [never places: an antisemitism motion, not our religious-freedom ground] | 2018-10-19 VOTE (Bundestag): Voted Ja: Stärkung des Menschenrechts auf Religionsfreiheit [+: Voted to strengthen Germany's international work for freedom of religion.]",SPD,47 - Hannover-Land II
"Matthias Moosdorf (AfD, 164 - Zwickau)",,1,,,,,"a question, 15 months ago",consistent (2 items),3,https://www.abgeordnetenwatch.de/profile/matthias-moosdorf,"2025-07-14 KLEINE ANFRAGE: Zur aktuellen Lage der Religionsfreiheit in der Ukraine und den russisch besetzten Gebieten sowie im Baltikum und der Re (Drucksache 21/861) [+: AfD KA: state of religious freedom in Ukraine, occupied areas, Baltics, Moldova] | 2023-11-23 KLEINE ANFRAGE: Religionsfreiheit in Bezug auf die russisch-orthodoxe Kirche in der Ukraine sowie der EU (Drucksache 20/9459) [+: AfD KA: religious freedom and the Russian Orthodox Church in Ukraine/EU] | 2023-01-25 KLEINE ANFRAGE: Kenntnisse und Position der Bundesregierung zum Vorgehen gegen Oppositionspolitiker und Oppositionsparteien sowie die Uk (Drucksache 20/5369) [never places: asks about treatment of opposition and the Ukrainian Orthodox Church; mixed subject, no clear FoRB side]",AfD,164 - Zwickau
"Max Lucks (BÜNDNIS 90/DIE GRÜNEN, Landesliste Nordrhein-Westfalen)",,1,,,,,"a speech, 5 years ago",consistent (3 items),3,https://www.abgeordnetenwatch.de/profile/max-lucks,"2025-10-29 KLEINE ANFRAGE: Ein Jahr nach dem Sturz des Assad-Regimes - Ethnische und religiöse Vielfalt Syriens weiterhin unter Druck - Schutz der  (Drucksache 21/2476) [+: Greens KA: protection of Alawites, Christians, Druze in post-Assad Syria] | 2025-08-01 SCHRIFTLICHE FRAGE: Schutz der drusischen Minderheit in Syrien (Drucksache 21/1089) [+: SF: protection of the Druze minority in Syria] | 2021-12-16 DEBATE: Rede ""Liebe Kolleginnen und Kollegen, seinen Glauben öffentlich und sichtbar zu leben, ist für die alevitische Gemeinde bei mir im Wahlkreis in Bochum keine Selbstverständlichkeit. Bei meinem Besuch erzählten sie mir, dass sie..."" [+: Speaks in favour of religious freedom protections for minorities, supportive but less forceful tone.]",BÜNDNIS 90/DIE GRÜNEN,Landesliste Nordrhein-Westfalen
"Melanie Bernstein (CDU/CSU, 8 - Segeberg – Stormarn-Mitte)",,1,,,,,"a vote, 5 years ago",moderate (whipped vote),3,https://www.abgeordnetenwatch.de/profile/melanie-bernstein,"2021-05-06 VOTE (Bundestag): Voted Nein: Ab­lösung der Staats­leistun­gen an die Kirchen [+: Voted to keep the churches' state payments.] | 2019-05-17 VOTE (Bundestag): Voted Nein: BDS-Bewegung entgegentreten - Antisemitismus bekämpfen [never places: an antisemitism motion, not our religious-freedom ground] | 2018-10-19 VOTE (Bundestag): Voted Ja: Stärkung des Menschenrechts auf Religionsfreiheit [+: Voted to strengthen Germany's international work for freedom of religion.]",CDU/CSU,8 - Segeberg – Stormarn-Mitte
"Metin Hakverdi (SPD, 23 - Hamburg-Bergedorf – Harburg)",,1,,,,,"a vote, 5 years ago",moderate (whipped vote),3,https://www.abgeordnetenwatch.de/profile/metin-hakverdi,"2021-05-06 VOTE (Bundestag): Voted Nein: Ab­lösung der Staats­leistun­gen an die Kirchen [+: Voted to keep the churches' state payments.] | 2019-05-17 VOTE (Bundestag): Voted Nein: BDS-Bewegung entgegentreten - Antisemitismus bekämpfen [never places: an antisemitism motion, not our religious-freedom ground] | 2018-10-19 VOTE (Bundestag): Voted Ja: Stärkung des Menschenrechts auf Religionsfreiheit [+: Voted to strengthen Germany's international work for freedom of religion.]",SPD,23 - Hamburg-Bergedorf – Harburg
"Michael Kießling (CDU/CSU, 223 - Starnberg – Landsberg am Lech)",,1,,,,,"a vote, 5 years ago",moderate (whipped vote),3,https://www.abgeordnetenwatch.de/profile/michael-kiessling,"2021-05-06 VOTE (Bundestag): Voted Nein: Ab­lösung der Staats­leistun­gen an die Kirchen [+: Voted to keep the churches' state payments.] | 2019-05-17 VOTE (Bundestag): Voted Nein: BDS-Bewegung entgegentreten - Antisemitismus bekämpfen [never places: an antisemitism motion, not our religious-freedom ground] | 2018-10-19 VOTE (Bundestag): Voted Ja: Stärkung des Menschenrechts auf Religionsfreiheit [+: Voted to strengthen Germany's international work for freedom of religion.]",CDU/CSU,223 - Starnberg – Landsberg am Lech
"Michael Schrodi (SPD, Landesliste Bayern)",,1,,,,,"a vote, 5 years ago",moderate (whipped vote),3,https://www.abgeordnetenwatch.de/profile/michael-schrodi,"2021-05-06 VOTE (Bundestag): Voted Nein: Ab­lösung der Staats­leistun­gen an die Kirchen [+: Voted to keep the churches' state payments.] | 2019-05-17 VOTE (Bundestag): Voted Nein: BDS-Bewegung entgegentreten - Antisemitismus bekämpfen [never places: an antisemitism motion, not our religious-freedom ground] | 2018-10-19 VOTE (Bundestag): Voted Ja: Stärkung des Menschenrechts auf Religionsfreiheit [+: Voted to strengthen Germany's international work for freedom of religion.]",SPD,Landesliste Bayern
"Michael Thews (SPD, 144 - Hamm – Unna II)",,1,,,,,"a vote, 5 years ago",moderate (whipped vote),3,https://www.abgeordnetenwatch.de/profile/michael-thews,"2021-05-06 VOTE (Bundestag): Voted Nein: Ab­lösung der Staats­leistun­gen an die Kirchen [+: Voted to keep the churches' state payments.] | 2019-05-17 VOTE (Bundestag): Voted Nein: BDS-Bewegung entgegentreten - Antisemitismus bekämpfen [never places: an antisemitism motion, not our religious-freedom ground] | 2018-10-19 VOTE (Bundestag): Voted Ja: Stärkung des Menschenrechts auf Religionsfreiheit [+: Voted to strengthen Germany's international work for freedom of religion.]",SPD,144 - Hamm – Unna II
"Nils Schmid (SPD, Landesliste Baden-Württemberg)",,1,,,,,"a vote, 5 years ago",moderate (whipped vote),3,https://www.abgeordnetenwatch.de/profile/nils-schmid,"2024-09-27 DEBATE: Rede ""Die irakische Regierung hat eine wichtige eigene Aufgabe, um zu dieser Versöhnung beizutragen. Denn es waren gerade die religiösen Minderheiten im Irak – die Jesiden, die Christen –, die Opfer dieser brutalen Terrorakte ..."" [0: Discusses Iraq counter-terrorism mandate and minority victims, not migration control policy itself.] | 2021-05-06 VOTE (Bundestag): Voted Nein: Ab­lösung der Staats­leistun­gen an die Kirchen [+: Voted to keep the churches' state payments.] | 2018-10-19 VOTE (Bundestag): Voted Ja: Stärkung des Menschenrechts auf Religionsfreiheit [+: Voted to strengthen Germany's international work for freedom of religion.]",SPD,Landesliste Baden-Württemberg
"Nina Scheer (SPD, Landesliste Schleswig-Holstein)",,1,,,,,"a vote, 5 years ago",moderate (whipped vote),3,https://www.abgeordnetenwatch.de/profile/nina-scheer,"2021-05-06 VOTE (Bundestag): Voted Nein: Ab­lösung der Staats­leistun­gen an die Kirchen [+: Voted to keep the churches' state payments.] | 2019-05-17 VOTE (Bundestag): Voted Nein: BDS-Bewegung entgegentreten - Antisemitismus bekämpfen [never places: an antisemitism motion, not our religious-freedom ground] | 2018-10-19 VOTE (Bundestag): Voted Ja: Stärkung des Menschenrechts auf Religionsfreiheit [+: Voted to strengthen Germany's international work for freedom of religion.]",SPD,Landesliste Schleswig-Holstein
"Nina Warken (CDU/CSU, 276 - Odenwald – Tauber)",,1,,,,,"a vote, 5 years ago",moderate (whipped vote),3,https://www.abgeordnetenwatch.de/profile/nina-warken,"2021-05-06 VOTE (Bundestag): Voted Nein: Ab­lösung der Staats­leistun­gen an die Kirchen [+: Voted to keep the churches' state payments.] | 2020-05-29 DEBATE: Rede ""Das tun wir hier doch gleich mal. Es gibt verschiedene Gutachten – das wurde bereits erwähnt –, die geprüft haben, ob ein Kopftuchverbot bei Mädchen unter 14 Jahren mit unserem Grundgesetz vereinbar ist. Die muss ich im ..."" [0: Neutral legal analysis of headscarf ban feasibility, no clear personal stance taken.] | 2019-05-17 VOTE (Bundestag): Voted Nein: BDS-Bewegung entgegentreten - Antisemitismus bekämpfen [never places: an antisemitism motion, not our religious-freedom ground]",CDU/CSU,276 - Odenwald – Tauber
Rainer Kraft (AfD),,1,,,,,"a question, 22 months ago",thin (only 1 evidence item on record),3,https://www.abgeordnetenwatch.de/profile/rainer-kraft,"2024-12-11 KLEINE ANFRAGE: Medienberichte über massiven Anstieg von Angriffen gegen christliche Kirchen (Drucksache 20/14137) [+: AfD KA: reported sharp rise in attacks on Christian churches] | 2019-05-17 VOTE (Bundestag): Voted Ja: BDS-Bewegung entgegentreten - Antisemitismus bekämpfen [never places: an antisemitism motion, not our religious-freedom ground] | 2018-10-19 VOTE (Bundestag): Voted Nein: Stärkung des Menschenrechts auf Religionsfreiheit [this side carries no value -- its lobby tells no member apart]",AfD,
"Rita Schwarzelühr-Sutter (SPD, Landesliste Baden-Württemberg)",,1,,,,,"a vote, 5 years ago",moderate (whipped vote),3,https://www.abgeordnetenwatch.de/profile/rita-schwarzeluehr-sutter,"2021-05-06 VOTE (Bundestag): Voted Nein: Ab­lösung der Staats­leistun­gen an die Kirchen [+: Voted to keep the churches' state payments.] | 2019-05-17 VOTE (Bundestag): Voted Nein: BDS-Bewegung entgegentreten - Antisemitismus bekämpfen [never places: an antisemitism motion, not our religious-freedom ground] | 2012-12-12 VOTE (Bundestag): Voted Ja: Beschneidung von Jungen aus religiösen Gründen [+: Voted to keep religious circumcision lawful for Jewish and Muslim families.]",SPD,Landesliste Baden-Württemberg
"Rocco Kever (AfD, Landesliste Niedersachsen)",,1,,,,,"a motion signed, 5 months ago",consistent (2 items),3,https://www.abgeordnetenwatch.de/profile/rocco-kever,"2026-06-12 KLEINE ANFRAGE: Staatliche Förderung kirchlicher Entwicklungsorganisationen (Drucksache 21/6456) [never places: asks about state funding of church development agencies; no side shown] | 2026-05-05 ANTRAG: Kein Geld für das syrische Übergangsregime - Menschenrechte schützen, religiöse Minderheiten in Syrien vor Verfolgung be (Drucksache 21/5765) [+: AfD motion: suspend aid to Syria's transitional regime to protect religious minorities from persecution] | 2026-03-24 ANTRAG: Schutz von Kindern und Jugendlichen vor religiösem Zwang, Mobbing und gruppendynamischem Druck stärken - Auch Konversion (Drucksache 21/4941) [+: AfD motion: protect children from religious coercion and conversion pressure in schools, explicitly without blanket limits on religious freedom]",AfD,Landesliste Niedersachsen
"Rüdiger Lucassen (AfD, Landesliste Nordrhein-Westfalen)",,1,,,,,"a vote, 5 years ago",moderate (whipped vote),3,https://www.abgeordnetenwatch.de/profile/ruediger-lucassen,"2021-05-06 VOTE (Bundestag): Voted Nein: Ab­lösung der Staats­leistun­gen an die Kirchen [+: Voted to keep the churches' state payments.] | 2019-05-17 VOTE (Bundestag): Voted Ja: BDS-Bewegung entgegentreten - Antisemitismus bekämpfen [never places: an antisemitism motion, not our religious-freedom ground] | 2018-10-19 VOTE (Bundestag): Voted Nein: Stärkung des Menschenrechts auf Religionsfreiheit [this side carries no value -- its lobby tells no member apart]",AfD,Landesliste Nordrhein-Westfalen
"Sabine Poschmann (SPD, 142 - Dortmund II)",,1,,,,,"a vote, 5 years ago",moderate (whipped vote),3,https://www.abgeordnetenwatch.de/profile/sabine-poschmann,"2021-05-06 VOTE (Bundestag): Voted Nein: Ab­lösung der Staats­leistun­gen an die Kirchen [+: Voted to keep the churches' state payments.] | 2019-05-17 VOTE (Bundestag): Voted Nein: BDS-Bewegung entgegentreten - Antisemitismus bekämpfen [never places: an antisemitism motion, not our religious-freedom ground] | 2018-10-19 VOTE (Bundestag): Voted Ja: Stärkung des Menschenrechts auf Religionsfreiheit [+: Voted to strengthen Germany's international work for freedom of religion.]",SPD,142 - Dortmund II
"Sebastian Münzenmaier (AfD, Landesliste Rheinland-Pfalz)",,1,,,,,"a vote, 5 years ago",moderate (whipped vote),3,https://www.abgeordnetenwatch.de/profile/sebastian-muenzenmaier,"2021-05-06 VOTE (Bundestag): Voted Nein: Ab­lösung der Staats­leistun­gen an die Kirchen [+: Voted to keep the churches' state payments.] | 2019-05-17 VOTE (Bundestag): Voted Ja: BDS-Bewegung entgegentreten - Antisemitismus bekämpfen [never places: an antisemitism motion, not our religious-freedom ground] | 2018-10-19 VOTE (Bundestag): Voted Nein: Stärkung des Menschenrechts auf Religionsfreiheit [this side carries no value -- its lobby tells no member apart]",AfD,Landesliste Rheinland-Pfalz
"Sebastian Steineke (CDU/CSU, Landesliste Brandenburg)",,1,,,,,"a vote, 5 years ago",moderate (whipped vote),3,https://www.abgeordnetenwatch.de/profile/sebastian-steineke,"2021-05-06 VOTE (Bundestag): Voted Nein: Ab­lösung der Staats­leistun­gen an die Kirchen [+: Voted to keep the churches' state payments.] | 2019-05-17 VOTE (Bundestag): Voted Nein: BDS-Bewegung entgegentreten - Antisemitismus bekämpfen [never places: an antisemitism motion, not our religious-freedom ground] | 2018-10-19 VOTE (Bundestag): Voted Ja: Stärkung des Menschenrechts auf Religionsfreiheit [+: Voted to strengthen Germany's international work for freedom of religion.]",CDU/CSU,Landesliste Brandenburg
"Sepp Müller (CDU/CSU, Landesliste Sachsen-Anhalt)",,1,,,,,"a vote, 5 years ago",moderate (whipped vote),3,https://www.abgeordnetenwatch.de/profile/sepp-mueller,"2021-05-06 VOTE (Bundestag): Voted Nein: Ab­lösung der Staats­leistun­gen an die Kirchen [+: Voted to keep the churches' state payments.] | 2019-05-17 VOTE (Bundestag): Voted Nein: BDS-Bewegung entgegentreten - Antisemitismus bekämpfen [never places: an antisemitism motion, not our religious-freedom ground] | 2018-10-19 VOTE (Bundestag): Voted Ja: Stärkung des Menschenrechts auf Religionsfreiheit [+: Voted to strengthen Germany's international work for freedom of religion.]",CDU/CSU,Landesliste Sachsen-Anhalt
"Siemtje Möller (SPD, 26 - Friesland – Wilhelmshaven – Wittmund)",,1,,,,,"a vote, 5 years ago",moderate (whipped vote),3,https://www.abgeordnetenwatch.de/profile/siemtje-moeller,"2021-05-06 VOTE (Bundestag): Voted Nein: Ab­lösung der Staats­leistun­gen an die Kirchen [+: Voted to keep the churches' state payments.] | 2019-05-17 VOTE (Bundestag): Voted Nein: BDS-Bewegung entgegentreten - Antisemitismus bekämpfen [never places: an antisemitism motion, not our religious-freedom ground] | 2018-10-19 VOTE (Bundestag): Voted Ja: Stärkung des Menschenrechts auf Religionsfreiheit [+: Voted to strengthen Germany's international work for freedom of religion.]",SPD,26 - Friesland – Wilhelmshaven – Wittmund
"Stefan Rouenhoff (CDU/CSU, 111 - Kleve)",,1,,,,,"a vote, 5 years ago",moderate (whipped vote),3,https://www.abgeordnetenwatch.de/profile/stefan-rouenhoff,"2021-05-06 VOTE (Bundestag): Voted Nein: Ab­lösung der Staats­leistun­gen an die Kirchen [+: Voted to keep the churches' state payments.] | 2019-05-17 VOTE (Bundestag): Voted Nein: BDS-Bewegung entgegentreten - Antisemitismus bekämpfen [never places: an antisemitism motion, not our religious-freedom ground] | 2018-10-19 VOTE (Bundestag): Voted Ja: Stärkung des Menschenrechts auf Religionsfreiheit [+: Voted to strengthen Germany's international work for freedom of religion.]",CDU/CSU,111 - Kleve
"Stefan Zierke (SPD, Landesliste Brandenburg)",,1,,,,,"a vote, 5 years ago",moderate (whipped vote),3,https://www.abgeordnetenwatch.de/profile/stefan-zierke,"2021-05-06 VOTE (Bundestag): Voted Nein: Ab­lösung der Staats­leistun­gen an die Kirchen [+: Voted to keep the churches' state payments.] | 2019-05-17 VOTE (Bundestag): Voted Nein: BDS-Bewegung entgegentreten - Antisemitismus bekämpfen [never places: an antisemitism motion, not our religious-freedom ground] | 2018-10-19 VOTE (Bundestag): Voted Ja: Stärkung des Menschenrechts auf Religionsfreiheit [+: Voted to strengthen Germany's international work for freedom of religion.]",SPD,Landesliste Brandenburg
"Steffen Bilger (CDU/CSU, 265 - Ludwigsburg)",,1,,,,,"a vote, 5 years ago",moderate (whipped vote),3,https://www.abgeordnetenwatch.de/profile/steffen-bilger,2021-05-06 VOTE (Bundestag): Voted Nein: Ab­lösung der Staats­leistun­gen an die Kirchen [+: Voted to keep the churches' state payments.] | 2018-10-19 VOTE (Bundestag): Voted Ja: Stärkung des Menschenrechts auf Religionsfreiheit [+: Voted to strengthen Germany's international work for freedom of religion.] | 2012-12-12 VOTE (Bundestag): Voted Ja: Beschneidung von Jungen aus religiösen Gründen [+: Voted to keep religious circumcision lawful for Jewish and Muslim families.],CDU/CSU,265 - Ludwigsburg
"Stephan Albani (CDU/CSU, Landesliste Niedersachsen)",,1,,,,,"a vote, 5 years ago",moderate (whipped vote),3,https://www.abgeordnetenwatch.de/profile/stephan-albani,"2021-05-06 VOTE (Bundestag): Voted Nein: Ab­lösung der Staats­leistun­gen an die Kirchen [+: Voted to keep the churches' state payments.] | 2019-05-17 VOTE (Bundestag): Voted Nein: BDS-Bewegung entgegentreten - Antisemitismus bekämpfen [never places: an antisemitism motion, not our religious-freedom ground] | 2018-10-19 VOTE (Bundestag): Voted Ja: Stärkung des Menschenrechts auf Religionsfreiheit [+: Voted to strengthen Germany's international work for freedom of religion.]",CDU/CSU,Landesliste Niedersachsen
"Stephan Pilsinger (CDU/CSU, 219 - München-West/Mitte)",,1,,,,,"a vote, 5 years ago",moderate (whipped vote),3,https://www.abgeordnetenwatch.de/profile/stephan-pilsinger,2022-03-25 SCHRIFTLICHE FRAGE: Berücksichtigung der spirituellen Orientierung kranker Menschen bei der Novellierung der Approbationsordnung für Ärzte (Drucksache 20/1184) [+: SF: take patients' spiritual orientation into account in the medical licensing rules] | 2021-05-06 VOTE (Bundestag): Voted Nein: Ab­lösung der Staats­leistun­gen an die Kirchen [+: Voted to keep the churches' state payments.] | 2018-10-19 VOTE (Bundestag): Voted Ja: Stärkung des Menschenrechts auf Religionsfreiheit [+: Voted to strengthen Germany's international work for freedom of religion.],CDU/CSU,219 - München-West/Mitte
"Stephan Stracke (CDU/CSU, 257 - Ostallgäu)",,1,,,,,"a vote, 5 years ago",moderate (whipped vote),3,https://www.abgeordnetenwatch.de/profile/stephan-stracke,"2021-05-06 VOTE (Bundestag): Voted Nein: Ab­lösung der Staats­leistun­gen an die Kirchen [+: Voted to keep the churches' state payments.] | 2019-05-17 VOTE (Bundestag): Voted Nein: BDS-Bewegung entgegentreten - Antisemitismus bekämpfen [never places: an antisemitism motion, not our religious-freedom ground] | 2012-12-12 VOTE (Bundestag): Voted Ja: Beschneidung von Jungen aus religiösen Gründen [+: Voted to keep religious circumcision lawful for Jewish and Muslim families.]",CDU/CSU,257 - Ostallgäu
"Svenja Stadler (SPD, Landesliste Niedersachsen)",,1,,,,,"a vote, 5 years ago",moderate (whipped vote),3,https://www.abgeordnetenwatch.de/profile/svenja-stadler,"2021-05-06 VOTE (Bundestag): Voted Nein: Ab­lösung der Staats­leistun­gen an die Kirchen [+: Voted to keep the churches' state payments.] | 2019-05-17 VOTE (Bundestag): Voted Nein: BDS-Bewegung entgegentreten - Antisemitismus bekämpfen [never places: an antisemitism motion, not our religious-freedom ground] | 2018-10-19 VOTE (Bundestag): Voted Ja: Stärkung des Menschenrechts auf Religionsfreiheit [+: Voted to strengthen Germany's international work for freedom of religion.]",SPD,Landesliste Niedersachsen
"Thomas Erndl (CDU/CSU, 226 - Deggendorf)",,1,,,,,"a vote, 5 years ago",moderate (whipped vote),3,https://www.abgeordnetenwatch.de/profile/thomas-erndl,"2021-05-06 VOTE (Bundestag): Voted Nein: Ab­lösung der Staats­leistun­gen an die Kirchen [+: Voted to keep the churches' state payments.] | 2019-05-17 VOTE (Bundestag): Voted Nein: BDS-Bewegung entgegentreten - Antisemitismus bekämpfen [never places: an antisemitism motion, not our religious-freedom ground] | 2018-10-19 VOTE (Bundestag): Voted Ja: Stärkung des Menschenrechts auf Religionsfreiheit [+: Voted to strengthen Germany's international work for freedom of religion.]",CDU/CSU,226 - Deggendorf
"Tino Sorge (CDU/CSU, Landesliste Sachsen-Anhalt)",,1,,,,,"a vote, 5 years ago",moderate (whipped vote),3,https://www.abgeordnetenwatch.de/profile/tino-sorge,"2021-05-06 VOTE (Bundestag): Voted Nein: Ab­lösung der Staats­leistun­gen an die Kirchen [+: Voted to keep the churches' state payments.] | 2019-05-17 VOTE (Bundestag): Voted Nein: BDS-Bewegung entgegentreten - Antisemitismus bekämpfen [never places: an antisemitism motion, not our religious-freedom ground] | 2018-10-19 VOTE (Bundestag): Voted Ja: Stärkung des Menschenrechts auf Religionsfreiheit [+: Voted to strengthen Germany's international work for freedom of religion.]",CDU/CSU,Landesliste Sachsen-Anhalt
"Uwe Feiler (CDU/CSU, Landesliste Brandenburg)",,1,,,,,"a vote, 5 years ago",moderate (whipped vote),3,https://www.abgeordnetenwatch.de/profile/uwe-feiler,"2021-05-06 VOTE (Bundestag): Voted Nein: Ab­lösung der Staats­leistun­gen an die Kirchen [+: Voted to keep the churches' state payments.] | 2019-05-17 VOTE (Bundestag): Voted Nein: BDS-Bewegung entgegentreten - Antisemitismus bekämpfen [never places: an antisemitism motion, not our religious-freedom ground] | 2018-10-19 VOTE (Bundestag): Voted Ja: Stärkung des Menschenrechts auf Religionsfreiheit [+: Voted to strengthen Germany's international work for freedom of religion.]",CDU/CSU,Landesliste Brandenburg
"Wiebke Esdar (SPD, 131 - Bielefeld – Gütersloh II)",,1,,,,,"a vote, 5 years ago",moderate (whipped vote),3,https://www.abgeordnetenwatch.de/profile/wiebke-esdar,"2021-05-06 VOTE (Bundestag): Voted Nein: Ab­lösung der Staats­leistun­gen an die Kirchen [+: Voted to keep the churches' state payments.] | 2019-05-17 VOTE (Bundestag): Voted Nein: BDS-Bewegung entgegentreten - Antisemitismus bekämpfen [never places: an antisemitism motion, not our religious-freedom ground] | 2018-10-19 VOTE (Bundestag): Voted Ja: Stärkung des Menschenrechts auf Religionsfreiheit [+: Voted to strengthen Germany's international work for freedom of religion.]",SPD,131 - Bielefeld – Gütersloh II
"Wilfried Oellers (CDU/CSU, 88 - Heinsberg)",,1,,,,,"a vote, 5 years ago",moderate (whipped vote),3,https://www.abgeordnetenwatch.de/profile/wilfried-oellers,"2021-05-06 VOTE (Bundestag): Voted Nein: Ab­lösung der Staats­leistun­gen an die Kirchen [+: Voted to keep the churches' state payments.] | 2019-05-17 VOTE (Bundestag): Voted Nein: BDS-Bewegung entgegentreten - Antisemitismus bekämpfen [never places: an antisemitism motion, not our religious-freedom ground] | 2018-10-19 VOTE (Bundestag): Voted Ja: Stärkung des Menschenrechts auf Religionsfreiheit [+: Voted to strengthen Germany's international work for freedom of religion.]",CDU/CSU,88 - Heinsberg
"Wolfgang Stefinger (CDU/CSU, 217 - München-Ost)",,1,,,,,"a vote, 5 years ago",moderate (whipped vote),3,https://www.abgeordnetenwatch.de/profile/wolfgang-stefinger,"2021-05-06 VOTE (Bundestag): Voted Nein: Ab­lösung der Staats­leistun­gen an die Kirchen [+: Voted to keep the churches' state payments.] | 2019-05-17 VOTE (Bundestag): Voted Nein: BDS-Bewegung entgegentreten - Antisemitismus bekämpfen [never places: an antisemitism motion, not our religious-freedom ground] | 2018-10-19 VOTE (Bundestag): Voted Ja: Stärkung des Menschenrechts auf Religionsfreiheit [+: Voted to strengthen Germany's international work for freedom of religion.]",CDU/CSU,217 - München-Ost
"Anja Karliczek (CDU/CSU, 127 - Steinfurt III)",,1,,,,,"a vote, 5 years ago",moderate (whipped vote),2,https://www.abgeordnetenwatch.de/profile/anja-karliczek,"2021-05-06 VOTE (Bundestag): Voted Nein: Ab­lösung der Staats­leistun­gen an die Kirchen [+: Voted to keep the churches' state payments.] | 2019-05-17 VOTE (Bundestag): Voted Nein: BDS-Bewegung entgegentreten - Antisemitismus bekämpfen [never places: an antisemitism motion, not our religious-freedom ground]",CDU/CSU,127 - Steinfurt III
"Anna Leonore Labitzke Rathert (AfD, Landesliste Nordrhein-Westfalen)",,1,,,,,"a motion signed, 5 months ago",consistent (2 items),2,https://www.abgeordnetenwatch.de/profile/anna-leonore-labitzke-rathert,"2026-05-05 ANTRAG: Kein Geld für das syrische Übergangsregime - Menschenrechte schützen, religiöse Minderheiten in Syrien vor Verfolgung be (Drucksache 21/5765) [+: AfD motion: suspend aid to Syria's transitional regime to protect religious minorities from persecution] | 2026-03-24 ANTRAG: Schutz von Kindern und Jugendlichen vor religiösem Zwang, Mobbing und gruppendynamischem Druck stärken - Auch Konversion (Drucksache 21/4941) [+: AfD motion: protect children from religious coercion and conversion pressure in schools, explicitly without blanket limits on religious freedom]",AfD,Landesliste Nordrhein-Westfalen
"Arne Onni Raue (AfD, 60 - Brandenburg an der Havel – Potsdam-Mittelmark I – Havelland III – Teltow-Fläming I)",,1,,,,,"a motion signed, 5 months ago",thin (only 1 evidence item on record),2,https://www.abgeordnetenwatch.de/profile/arne-onni-raue,"2026-06-12 KLEINE ANFRAGE: Staatliche Förderung kirchlicher Entwicklungsorganisationen (Drucksache 21/6456) [never places: asks about state funding of church development agencies; no side shown] | 2026-05-05 ANTRAG: Kein Geld für das syrische Übergangsregime - Menschenrechte schützen, religiöse Minderheiten in Syrien vor Verfolgung be (Drucksache 21/5765) [+: AfD motion: suspend aid to Syria's transitional regime to protect religious minorities from persecution]",AfD,60 - Brandenburg an der Havel – Potsdam-Mittelmark I – Havelland III – Teltow-Fläming I
"Artur Auernhammer (CDU/CSU, 240 - Ansbach)",,1,,,,,"a vote, 8 years ago",moderate (whipped vote),2,https://www.abgeordnetenwatch.de/profile/artur-auernhammer,"2019-05-17 VOTE (Bundestag): Voted Nein: BDS-Bewegung entgegentreten - Antisemitismus bekämpfen [never places: an antisemitism motion, not our religious-freedom ground] | 2018-10-19 VOTE (Bundestag): Voted Ja: Stärkung des Menschenrechts auf Religionsfreiheit [+: Voted to strengthen Germany's international work for freedom of religion.]",CDU/CSU,240 - Ansbach
"Ates Gürpinar (Die Linke, Landesliste Bayern)",,1,,,,,"a motion signed, 9 months ago",conflicting (1 item point the other way),2,https://www.abgeordnetenwatch.de/profile/ates-guerpinar,"2025-12-16 ANTRAG: Für ein friedliches Syrien - Keine Zusammenarbeit mit islamistischen Akteuren - Humanitäre Hilfe ausbauen und demokratis (Drucksache 21/3304) [+: Linke Syria motion: press the regime to stop attacks on Alawites and Druze; sanctions for crimes against minorities] | 2022-05-10 ANTRAG: Arbeitsbedingungen in der Langzeitpflege nachhaltig verbessern - Faktisches Veto-Recht der kirchlichen Kommissionen stre (Drucksache 20/1729) [-: Linke motion: strike church commissions' veto in care-sector wage extension, curbing church self-governance (Art. 137 WRV)]",Die Linke,Landesliste Bayern
"Boris Mijatović (BÜNDNIS 90/DIE GRÜNEN, Landesliste Hessen)",,1,,,,,"a speech, 23 months ago",thin (only 1 evidence item on record),2,https://www.abgeordnetenwatch.de/profile/boris-mijatovic,"2024-11-07 DEBATE: Rede ""Diese Einschätzung teilen 15 israelische Menschenrechtsorganisationen, die in einem offenen Brief an die Mitglieder des Deutschen Bundestages dazu aufriefen, alternative Definitionen wie beispielsweise die „Jerusalem Dec..."" [+: Voices concern for protecting Jews' ability to practice faith freely, supportive of religious freedom.] | 2023-01-27 DEBATE: Rede ""Nicht vergessen, nicht vergeben, daran erinnern: Das ist und bleibt wichtig. Verfolgung löst Schrecken aus. – Die einzige Fraktion in diesem Haus, die in Teilen sitzen geblieben ist, ist diese Seite des Hauses hier, die ..."" [0: Mainly criticises AfD's conduct, limited direct stance on religious freedom policy.]",BÜNDNIS 90/DIE GRÜNEN,Landesliste Hessen
Cansu Özdemir (Die Linke),,1,,,,,"a motion signed, 9 months ago",thin (only 1 evidence item on record),2,https://www.abgeordnetenwatch.de/profile/cansu-oezdemir,"2026-01-16 DEBATE: Rede ""Die Bundesregierung kritisiert das iranische Regime zu Recht. Aber Sie schweigen gleichzeitig zu den Verbrechen des Julani-Regimes in Syrien. Das HTS-Regime hat in der vergangenen Woche in Aleppo schwere Verbrechen began..."" [0: Condemns Iran repression broadly; mentions minorities generically, not focused on religious freedom.] | 2025-12-16 ANTRAG: Für ein friedliches Syrien - Keine Zusammenarbeit mit islamistischen Akteuren - Humanitäre Hilfe ausbauen und demokratis (Drucksache 21/3304) [+: Linke Syria motion: press the regime to stop attacks on Alawites and Druze; sanctions for crimes against minorities]",Die Linke,
"Carsten Brodesser (CDU/CSU, 98 - Oberbergischer Kreis)",,1,,,,,"a vote, 5 years ago",moderate (whipped vote),2,https://www.abgeordnetenwatch.de/profile/carsten-brodesser,2021-05-06 VOTE (Bundestag): Voted Nein: Ab­lösung der Staats­leistun­gen an die Kirchen [+: Voted to keep the churches' state payments.] | 2018-10-19 VOTE (Bundestag): Voted Ja: Stärkung des Menschenrechts auf Religionsfreiheit [+: Voted to strengthen Germany's international work for freedom of religion.],CDU/CSU,98 - Oberbergischer Kreis
"Carsten Schneider (SPD, Landesliste Thüringen)",,1,,,,,"a vote, 5 years ago",moderate (whipped vote),2,https://www.abgeordnetenwatch.de/profile/carsten-schneider,"2021-05-06 VOTE (Bundestag): Voted Nein: Ab­lösung der Staats­leistun­gen an die Kirchen [+: Voted to keep the churches' state payments.] | 2019-05-17 VOTE (Bundestag): Voted Nein: BDS-Bewegung entgegentreten - Antisemitismus bekämpfen [never places: an antisemitism motion, not our religious-freedom ground]",SPD,Landesliste Thüringen
"Claudia Moll (SPD, Landesliste Nordrhein-Westfalen)",,1,,,,,"a vote, 5 years ago",moderate (whipped vote),2,https://www.abgeordnetenwatch.de/profile/claudia-moll,"2021-05-06 VOTE (Bundestag): Voted Nein: Ab­lösung der Staats­leistun­gen an die Kirchen [+: Voted to keep the churches' state payments.] | 2019-05-17 VOTE (Bundestag): Voted Nein: BDS-Bewegung entgegentreten - Antisemitismus bekämpfen [never places: an antisemitism motion, not our religious-freedom ground]",SPD,Landesliste Nordrhein-Westfalen
"Dagmar Schmidt (SPD, Landesliste Hessen)",,1,,,,,"a vote, 5 years ago",moderate (whipped vote),2,https://www.abgeordnetenwatch.de/profile/dagmar-schmidt,"2021-05-06 VOTE (Bundestag): Voted Nein: Ab­lösung der Staats­leistun­gen an die Kirchen [+: Voted to keep the churches' state payments.] | 2021-05-06 DEBATE: Rede ""Aber die Richtung, die China in Fragen Freiheitsrechte, in Fragen Menschenrechte insgesamt einschlägt, zeigt sich nicht allein in Hongkong. Reporter ohne Grenzen sieht China im Ranking der Pressefreiheit unverändert auf ..."" [0: Concerns Hong Kong freedoms and China, not directly about religion or belief freedom.]",SPD,Landesliste Hessen
"Dorothee Bär (CDU/CSU, 247 - Bad Kissingen)",,1,,,,,"a vote, 5 years ago",moderate (whipped vote),2,https://www.abgeordnetenwatch.de/profile/dorothee-baer,"2023-05-11 DEBATE: Rede ""Meinungsfreiheit, Versammlungsfreiheit, Glaubensfreiheit: Das waren auch die Forderungen der Frauen. Es waren die Forderungen eines Volkes. Ich denke,..."" [0: Historical retrospective on freedoms, no current legislative stance.] | 2021-05-06 VOTE (Bundestag): Voted Nein: Ab­lösung der Staats­leistun­gen an die Kirchen [+: Voted to keep the churches' state payments.]",CDU/CSU,247 - Bad Kissingen
"Ellen Demuth (CDU/CSU, 196 - Neuwied)",,1,,,,,"a speech, 11 months ago",thin (only 1 evidence item on record),2,https://www.abgeordnetenwatch.de/profile/ellen-demuth,"2026-01-16 DEBATE: Rede ""Die Gewalt richtet sich dabei gegen alle: gegen Frauen wie Männer, gegen junge wie alte Menschen, gegen Kinder, gegen ethnische und religiöse Minderheiten. – Aktuelle Berichte sprechen von Tausenden Toten und Zehntausend..."" [0: General condemnation of Iranian regime violence, only incidental mention of religious minorities.] | 2025-11-13 DEBATE: Rede ""Sehr geehrte Grünenfraktion, sehr geehrte Frau Polat, Ihr Gesetzentwurf folgt einem humanitären Impuls, den ich sehr gut nachvollziehen kann. Jedoch: Ein spezielles Aufenthaltsrecht für nur eine Religionsgemeinschaft wär..."" [+: Supports recognising Yazidi genocide and religious persecution, aligning with defending religious freedom.]",CDU/CSU,196 - Neuwied
"Felix Schreiner (CDU/CSU, 288 - Waldshut)",,1,,,,,"a vote, 5 years ago",moderate (whipped vote),2,https://www.abgeordnetenwatch.de/profile/felix-schreiner,2021-05-06 VOTE (Bundestag): Voted Nein: Ab­lösung der Staats­leistun­gen an die Kirchen [+: Voted to keep the churches' state payments.] | 2018-10-19 VOTE (Bundestag): Voted Ja: Stärkung des Menschenrechts auf Religionsfreiheit [+: Voted to strengthen Germany's international work for freedom of religion.],CDU/CSU,288 - Waldshut
"Florian Oßner (CDU/CSU, 227 - Landshut)",,1,,,,,"a vote, 5 years ago",moderate (whipped vote),2,https://www.abgeordnetenwatch.de/profile/florian-ossner,2021-05-06 VOTE (Bundestag): Voted Nein: Ab­lösung der Staats­leistun­gen an die Kirchen [+: Voted to keep the churches' state payments.] | 2018-10-19 VOTE (Bundestag): Voted Ja: Stärkung des Menschenrechts auf Religionsfreiheit [+: Voted to strengthen Germany's international work for freedom of religion.],CDU/CSU,227 - Landshut
"Gereon Bollmann (AfD, Landesliste Schleswig-Holstein)",,1,,,,,"a motion signed, 6 months ago",thin (only 1 evidence item on record),2,https://www.abgeordnetenwatch.de/profile/gereon-bollmann,"2026-03-24 ANTRAG: Schutz von Kindern und Jugendlichen vor religiösem Zwang, Mobbing und gruppendynamischem Druck stärken - Auch Konversion (Drucksache 21/4941) [+: AfD motion: protect children from religious coercion and conversion pressure in schools, explicitly without blanket limits on religious freedom] | 2024-11-14 ANTRAG: Beendigung der Vereinbarung zwischen dem Bundesamt für Migration und Flüchtlinge und den Kirchenvertretern zum Kirchenas (Drucksache 20/13769) [never places: church asylum is where two CitizenGO positions pull apart (churches' rights, border control): neither side is clearly ours]",AfD,Landesliste Schleswig-Holstein
"Hubertus Heil (SPD, 45 - Gifhorn – Peine)",,1,,,,,"a speech, 8 years ago",consistent (2 items),2,https://www.abgeordnetenwatch.de/profile/hubertus-heil,"2018-11-28 DEBATE: Rede ""Was uns miteinander beschäftigen sollte, ist der Versuch, dafür zu sorgen, dass Religionen im Inland nicht für politische Zwecke und für nationale Interessen aus dem Ausland missbraucht werden. Solche Erscheinungen gibt ..."" [+: Defends religious freedom across borders and dialogue between religions.] | 2012-12-12 VOTE (Bundestag): Voted Ja: Beschneidung von Jungen aus religiösen Gründen [+: Voted to keep religious circumcision lawful for Jewish and Muslim families.]",SPD,45 - Gifhorn – Peine
Ingo Hahn (AfD),,1,,,,,"a motion signed, 5 months ago",consistent (2 items),2,https://www.abgeordnetenwatch.de/profile/ingo-hahn,"2026-05-05 ANTRAG: Kein Geld für das syrische Übergangsregime - Menschenrechte schützen, religiöse Minderheiten in Syrien vor Verfolgung be (Drucksache 21/5765) [+: AfD motion: suspend aid to Syria's transitional regime to protect religious minorities from persecution] | 2026-03-24 ANTRAG: Schutz von Kindern und Jugendlichen vor religiösem Zwang, Mobbing und gruppendynamischem Druck stärken - Auch Konversion (Drucksache 21/4941) [+: AfD motion: protect children from religious coercion and conversion pressure in schools, explicitly without blanket limits on religious freedom]",AfD,
"Joachim Bloch (AfD, Landesliste Baden-Württemberg)",,1,,,,,"a motion signed, 5 months ago",consistent (2 items),2,https://www.abgeordnetenwatch.de/profile/joachim-bloch,"2026-05-05 ANTRAG: Kein Geld für das syrische Übergangsregime - Menschenrechte schützen, religiöse Minderheiten in Syrien vor Verfolgung be (Drucksache 21/5765) [+: AfD motion: suspend aid to Syria's transitional regime to protect religious minorities from persecution] | 2026-03-24 ANTRAG: Schutz von Kindern und Jugendlichen vor religiösem Zwang, Mobbing und gruppendynamischem Druck stärken - Auch Konversion (Drucksache 21/4941) [+: AfD motion: protect children from religious coercion and conversion pressure in schools, explicitly without blanket limits on religious freedom]",AfD,Landesliste Baden-Württemberg
"Johann Martel (AfD, Landesliste Baden-Württemberg)",,1,,,,,"a motion signed, 6 months ago",thin (only 1 evidence item on record),2,https://www.abgeordnetenwatch.de/profile/johann-martel,"2026-06-12 KLEINE ANFRAGE: Staatliche Förderung kirchlicher Entwicklungsorganisationen (Drucksache 21/6456) [never places: asks about state funding of church development agencies; no side shown] | 2026-03-24 ANTRAG: Schutz von Kindern und Jugendlichen vor religiösem Zwang, Mobbing und gruppendynamischem Druck stärken - Auch Konversion (Drucksache 21/4941) [+: AfD motion: protect children from religious coercion and conversion pressure in schools, explicitly without blanket limits on religious freedom]",AfD,Landesliste Baden-Württemberg
"Johann Saathoff (SPD, 24 - Aurich – Emden)",,1,,,,,"a vote, 5 years ago",moderate (whipped vote),2,https://www.abgeordnetenwatch.de/profile/johann-saathoff,"2021-05-06 VOTE (Bundestag): Voted Nein: Ab­lösung der Staats­leistun­gen an die Kirchen [+: Voted to keep the churches' state payments.] | 2019-05-17 VOTE (Bundestag): Voted Nein: BDS-Bewegung entgegentreten - Antisemitismus bekämpfen [never places: an antisemitism motion, not our religious-freedom ground]",SPD,24 - Aurich – Emden
"Johannes Schraps (SPD, 46 - Hameln-Pyrmont – Holzminden)",,1,,,,,"a vote, 8 years ago",moderate (whipped vote),2,https://www.abgeordnetenwatch.de/profile/johannes-schraps,"2019-05-17 VOTE (Bundestag): Voted Nein: BDS-Bewegung entgegentreten - Antisemitismus bekämpfen [never places: an antisemitism motion, not our religious-freedom ground] | 2018-10-19 VOTE (Bundestag): Voted Ja: Stärkung des Menschenrechts auf Religionsfreiheit [+: Voted to strengthen Germany's international work for freedom of religion.]",SPD,46 - Hameln-Pyrmont – Holzminden
"Johannes Volkmann (CDU/CSU, 171 - Lahn-Dill)",,1,,,,,"a speech, 11 months ago",thin (only 1 evidence item on record),2,https://www.abgeordnetenwatch.de/profile/johannes-volkmann-0,"2025-11-07 DEBATE: Rede ""Das Thema Christenverfolgung ist mir ein persönliches Anliegen, dem Kollegen Rachel und vielen anderen in meiner Fraktion auch. Und ja, ich würde mir wünschen, dass das Thema Christenverfolgung auch hier im Haus und in d..."" [+: Expresses personal concern for Christian persecution and calls for humanitarian action.] | 2025-04-17 SCHRIFTLICHE FRAGE: Umsetzung eines Grundsätzegesetzes zur Ablösung der Staatsleistungen an Kirchen (Drucksache 21/42) [never places: information question; the title asks for facts and does not show which side the author is on]",CDU/CSU,171 - Lahn-Dill
"Jörg Zirwes (AfD, Landesliste Rheinland-Pfalz)",,1,,,,,"a motion signed, 5 months ago",consistent (2 items),2,https://www.abgeordnetenwatch.de/profile/joerg-zirwes,"2026-05-05 ANTRAG: Kein Geld für das syrische Übergangsregime - Menschenrechte schützen, religiöse Minderheiten in Syrien vor Verfolgung be (Drucksache 21/5765) [+: AfD motion: suspend aid to Syria's transitional regime to protect religious minorities from persecution] | 2026-03-24 ANTRAG: Schutz von Kindern und Jugendlichen vor religiösem Zwang, Mobbing und gruppendynamischem Druck stärken - Auch Konversion (Drucksache 21/4941) [+: AfD motion: protect children from religious coercion and conversion pressure in schools, explicitly without blanket limits on religious freedom]",AfD,Landesliste Rheinland-Pfalz
"Kerstin Vieregge (CDU/CSU, 134 - Lippe I)",,1,,,,,"a vote, 5 years ago",moderate (whipped vote),2,https://www.abgeordnetenwatch.de/profile/kerstin-vieregge,"2021-05-06 VOTE (Bundestag): Voted Nein: Ab­lösung der Staats­leistun­gen an die Kirchen [+: Voted to keep the churches' state payments.] | 2019-05-17 VOTE (Bundestag): Voted Nein: BDS-Bewegung entgegentreten - Antisemitismus bekämpfen [never places: an antisemitism motion, not our religious-freedom ground]",CDU/CSU,134 - Lippe I
"Kurt Klaus Kleinschmidt (AfD, Landesliste Schleswig-Holstein)",,1,,,,,"a motion signed, 5 months ago",consistent (2 items),2,https://www.abgeordnetenwatch.de/profile/kurt-klaus-kleinschmidt,"2026-05-05 ANTRAG: Kein Geld für das syrische Übergangsregime - Menschenrechte schützen, religiöse Minderheiten in Syrien vor Verfolgung be (Drucksache 21/5765) [+: AfD motion: suspend aid to Syria's transitional regime to protect religious minorities from persecution] | 2026-03-24 ANTRAG: Schutz von Kindern und Jugendlichen vor religiösem Zwang, Mobbing und gruppendynamischem Druck stärken - Auch Konversion (Drucksache 21/4941) [+: AfD motion: protect children from religious coercion and conversion pressure in schools, explicitly without blanket limits on religious freedom]",AfD,Landesliste Schleswig-Holstein
"Mark Helfrich (CDU/CSU, 3 - Steinburg – Dithmarschen Süd)",,1,,,,,"a vote, 5 years ago",moderate (whipped vote),2,https://www.abgeordnetenwatch.de/profile/mark-helfrich,"2021-05-06 VOTE (Bundestag): Voted Nein: Ab­lösung der Staats­leistun­gen an die Kirchen [+: Voted to keep the churches' state payments.] | 2019-05-17 VOTE (Bundestag): Voted Nein: BDS-Bewegung entgegentreten - Antisemitismus bekämpfen [never places: an antisemitism motion, not our religious-freedom ground]",CDU/CSU,3 - Steinburg – Dithmarschen Süd
"Markus Töns (SPD, 122 - Gelsenkirchen)",,1,,,,,"a vote, 5 years ago",moderate (whipped vote),2,https://www.abgeordnetenwatch.de/profile/markus-toens,2021-05-06 VOTE (Bundestag): Voted Nein: Ab­lösung der Staats­leistun­gen an die Kirchen [+: Voted to keep the churches' state payments.] | 2018-10-19 VOTE (Bundestag): Voted Ja: Stärkung des Menschenrechts auf Religionsfreiheit [+: Voted to strengthen Germany's international work for freedom of religion.],SPD,122 - Gelsenkirchen
"Mechthild Heil (CDU/CSU, 197 - Ahrweiler)",,1,,,,,"a vote, 5 years ago",moderate (whipped vote),2,https://www.abgeordnetenwatch.de/profile/mechthild-heil,2021-05-06 VOTE (Bundestag): Voted Nein: Ab­lösung der Staats­leistun­gen an die Kirchen [+: Voted to keep the churches' state payments.] | 2012-12-12 VOTE (Bundestag): Voted Ja: Beschneidung von Jungen aus religiösen Gründen [+: Voted to keep religious circumcision lawful for Jewish and Muslim families.],CDU/CSU,197 - Ahrweiler
"Mechthilde Wittmann (CDU/CSU, 256 - Oberallgäu)",,1,,,,,"a speech, 24 months ago",consistent (2 items),2,https://www.abgeordnetenwatch.de/profile/mechthilde-wittmann,"2024-10-09 DEBATE: Rede ""Frau Bundesministerin, nach dem furchtbaren islamistisch motivierten Mord in Mannheim an unserem jungen Polizisten Rouven Laur durch einen Afghanen hat der Herr Bundeskanzler Scholz hier im Deutschen Bundestag angekündig..."" [+: Presses government to enforce deportations of criminals, backing border/migration control.] | 2023-11-09 DEBATE: Rede ""Es kann in keinem Fall von uns geduldet werden, dass einzelne Angehörige dieser Religion zur Abschaffung der staatlichen Gewalt in Deutschland unter Ausnutzung der Versammlungsrechte aufrufen und dabei rücksichtslos die ..."" [+: Argues free speech/assembly rights must be limited to protect security against extremist demonstrations, aligning with migration integrity concerns.]",CDU/CSU,256 - Oberallgäu
"Michael Blos (AfD, Landesliste Baden-Württemberg)",,1,,,,,"a motion signed, 5 months ago",consistent (2 items),2,https://www.abgeordnetenwatch.de/profile/michael-blos,"2026-05-05 ANTRAG: Kein Geld für das syrische Übergangsregime - Menschenrechte schützen, religiöse Minderheiten in Syrien vor Verfolgung be (Drucksache 21/5765) [+: AfD motion: suspend aid to Syria's transitional regime to protect religious minorities from persecution] | 2026-03-24 ANTRAG: Schutz von Kindern und Jugendlichen vor religiösem Zwang, Mobbing und gruppendynamischem Druck stärken - Auch Konversion (Drucksache 21/4941) [+: AfD motion: protect children from religious coercion and conversion pressure in schools, explicitly without blanket limits on religious freedom]",AfD,Landesliste Baden-Württemberg
"Michael Donth (CDU/CSU, 289 - Reutlingen)",,1,,,,,"a vote, 5 years ago",moderate (whipped vote),2,https://www.abgeordnetenwatch.de/profile/michael-donth,2021-05-06 VOTE (Bundestag): Voted Nein: Ab­lösung der Staats­leistun­gen an die Kirchen [+: Voted to keep the churches' state payments.] | 2018-10-19 VOTE (Bundestag): Voted Ja: Stärkung des Menschenrechts auf Religionsfreiheit [+: Voted to strengthen Germany's international work for freedom of religion.],CDU/CSU,289 - Reutlingen
"Nicole Gohlke (Die Linke, Landesliste Bayern)",,1,,,,,"a vote, 14 years ago",moderate (whipped vote),2,https://www.abgeordnetenwatch.de/profile/nicole-gohlke,"2026-02-26 DEBATE: Rede ""(Kay Gottschalk [AfD]: Auch für Glaubensfreiheit, ne? Religionsfreiheit!)..."" [0: Speech on teachers upholding democratic values, does not clearly address religious freedom directly.] | 2012-12-12 VOTE (Bundestag): Voted Ja: Beschneidung von Jungen aus religiösen Gründen [+: Voted to keep religious circumcision lawful for Jewish and Muslim families.]",Die Linke,Landesliste Bayern
"Norbert Maria Altenkamp (CDU/CSU, 180 - Main-Taunus)",,1,,,,,"a vote, 5 years ago",moderate (whipped vote),2,https://www.abgeordnetenwatch.de/profile/norbert-maria-altenkamp,"2021-05-06 VOTE (Bundestag): Voted Nein: Ab­lösung der Staats­leistun­gen an die Kirchen [+: Voted to keep the churches' state payments.] | 2019-05-17 VOTE (Bundestag): Voted Nein: BDS-Bewegung entgegentreten - Antisemitismus bekämpfen [never places: an antisemitism motion, not our religious-freedom ground]",CDU/CSU,180 - Main-Taunus
Olaf Hilmer (AfD),,1,,,,,"a motion signed, 5 months ago",consistent (2 items),2,https://www.abgeordnetenwatch.de/profile/olaf-hilmer,"2026-05-05 ANTRAG: Kein Geld für das syrische Übergangsregime - Menschenrechte schützen, religiöse Minderheiten in Syrien vor Verfolgung be (Drucksache 21/5765) [+: AfD motion: suspend aid to Syria's transitional regime to protect religious minorities from persecution] | 2026-03-24 ANTRAG: Schutz von Kindern und Jugendlichen vor religiösem Zwang, Mobbing und gruppendynamischem Druck stärken - Auch Konversion (Drucksache 21/4941) [+: AfD motion: protect children from religious coercion and conversion pressure in schools, explicitly without blanket limits on religious freedom]",AfD,
Paul Schmidt (AfD),,1,,,,,"a motion signed, 5 months ago",consistent (2 items),2,https://www.abgeordnetenwatch.de/profile/paul-schmidt,"2026-05-05 ANTRAG: Kein Geld für das syrische Übergangsregime - Menschenrechte schützen, religiöse Minderheiten in Syrien vor Verfolgung be (Drucksache 21/5765) [+: AfD motion: suspend aid to Syria's transitional regime to protect religious minorities from persecution] | 2026-03-24 ANTRAG: Schutz von Kindern und Jugendlichen vor religiösem Zwang, Mobbing und gruppendynamischem Druck stärken - Auch Konversion (Drucksache 21/4941) [+: AfD motion: protect children from religious coercion and conversion pressure in schools, explicitly without blanket limits on religious freedom]",AfD,
"Peter Boehringer (AfD, Landesliste Bayern)",,1,,,,,"a vote, 5 years ago",moderate (whipped vote),2,https://www.abgeordnetenwatch.de/profile/peter-boehringer,2021-05-06 VOTE (Bundestag): Voted Nein: Ab­lösung der Staats­leistun­gen an die Kirchen [+: Voted to keep the churches' state payments.] | 2018-10-19 VOTE (Bundestag): Voted Nein: Stärkung des Menschenrechts auf Religionsfreiheit [this side carries no value -- its lobby tells no member apart],AfD,Landesliste Bayern
"Sabine Dittmar (SPD, Landesliste Bayern)",,1,,,,,"a vote, 5 years ago",moderate (whipped vote),2,https://www.abgeordnetenwatch.de/profile/sabine-dittmar,"2021-05-06 VOTE (Bundestag): Voted Nein: Ab­lösung der Staats­leistun­gen an die Kirchen [+: Voted to keep the churches' state payments.] | 2019-05-17 VOTE (Bundestag): Voted Nein: BDS-Bewegung entgegentreten - Antisemitismus bekämpfen [never places: an antisemitism motion, not our religious-freedom ground]",SPD,Landesliste Bayern
"Sebastian Hartmann (SPD, Landesliste Nordrhein-Westfalen)",,1,,,,,"a vote, 5 years ago",moderate (whipped vote),2,https://www.abgeordnetenwatch.de/profile/sebastian-hartmann,"2021-05-06 VOTE (Bundestag): Voted Nein: Ab­lösung der Staats­leistun­gen an die Kirchen [+: Voted to keep the churches' state payments.] | 2020-05-07 DEBATE: Rede ""Die Ausübung der Religionsfreiheit ist auch angesprochen worden. Ja, all die Einschränkungen, denen sich Parteien wie auch Kirchen und Religionsgemeinschaften in unserem Land freiwillig unterworfen haben, sind massive Ei..."" [0: Notes restrictions on religious practice as significant but takes no clear advocacy position.]",SPD,Landesliste Nordrhein-Westfalen
"Sergej Minich (AfD, Landesliste Bremen)",,1,,,,,"a question, 16 months ago",thin (only 1 evidence item on record),2,https://www.abgeordnetenwatch.de/profile/sergej-minich,"2026-07-03 KLEINE ANFRAGE: Haushaltsmittel des Bundes für Kirchen, kirchliche Träger und kirchennahe Einrichtungen in den Haushaltsjahren 2020 bis  (Drucksache 21/6849) [never places: asks about federal money to churches and church bodies; no side shown] | 2025-05-30 SCHRIFTLICHE FRAGE: Maßnahmen zur Bekämpfung antichristlicher Hassverbrechen (Drucksache 21/297) [+: SF: measures against anti-Christian hate crimes]",AfD,Landesliste Bremen
"Stephan Protschka (AfD, Landesliste Bayern)",,1,,,,,"a vote, 5 years ago",moderate (whipped vote),2,https://www.abgeordnetenwatch.de/profile/stephan-protschka,2021-05-06 VOTE (Bundestag): Voted Nein: Ab­lösung der Staats­leistun­gen an die Kirchen [+: Voted to keep the churches' state payments.] | 2018-10-19 VOTE (Bundestag): Voted Nein: Stärkung des Menschenrechts auf Religionsfreiheit [this side carries no value -- its lobby tells no member apart],AfD,Landesliste Bayern
"Sven Wendorf (AfD, Landesliste Schleswig-Holstein)",,1,,,,,"a motion signed, 5 months ago",consistent (2 items),2,https://www.abgeordnetenwatch.de/profile/sven-wendorf,"2026-05-05 ANTRAG: Kein Geld für das syrische Übergangsregime - Menschenrechte schützen, religiöse Minderheiten in Syrien vor Verfolgung be (Drucksache 21/5765) [+: AfD motion: suspend aid to Syria's transitional regime to protect religious minorities from persecution] | 2026-03-24 ANTRAG: Schutz von Kindern und Jugendlichen vor religiösem Zwang, Mobbing und gruppendynamischem Druck stärken - Auch Konversion (Drucksache 21/4941) [+: AfD motion: protect children from religious coercion and conversion pressure in schools, explicitly without blanket limits on religious freedom]",AfD,Landesliste Schleswig-Holstein
"Ulrike Schielke-Ziesing (AfD, 17 - Mecklenburgische Seenplatte II – Landkreis Rostock III)",,1,,,,,"a vote, 5 years ago",moderate (whipped vote),2,https://www.abgeordnetenwatch.de/profile/ulrike-schielke-ziesing,2021-05-06 VOTE (Bundestag): Voted Nein: Ab­lösung der Staats­leistun­gen an die Kirchen [+: Voted to keep the churches' state payments.] | 2018-10-19 VOTE (Bundestag): Voted Nein: Stärkung des Menschenrechts auf Religionsfreiheit [this side carries no value -- its lobby tells no member apart],AfD,17 - Mecklenburgische Seenplatte II – Landkreis Rostock III
"Alexander Arpaschi (AfD, Landesliste Baden-Württemberg)",,1,,,,,"a motion signed, 5 months ago",thin (only 1 evidence item on record),1,https://www.abgeordnetenwatch.de/profile/alexander-arpaschi,"2026-05-05 ANTRAG: Kein Geld für das syrische Übergangsregime - Menschenrechte schützen, religiöse Minderheiten in Syrien vor Verfolgung be (Drucksache 21/5765) [+: AfD motion: suspend aid to Syria's transitional regime to protect religious minorities from persecution]",AfD,Landesliste Baden-Württemberg
"Alexis Giersch (AfD, Landesliste Schleswig-Holstein)",,1,,,,,"a motion signed, 5 months ago",thin (only 1 evidence item on record),1,https://www.abgeordnetenwatch.de/profile/alexis-giersch,"2026-05-05 ANTRAG: Kein Geld für das syrische Übergangsregime - Menschenrechte schützen, religiöse Minderheiten in Syrien vor Verfolgung be (Drucksache 21/5765) [+: AfD motion: suspend aid to Syria's transitional regime to protect religious minorities from persecution]",AfD,Landesliste Schleswig-Holstein
"Anette Kramme (SPD, Landesliste Bayern)",,1,,,,,"a vote, 5 years ago",moderate (whipped vote),1,https://www.abgeordnetenwatch.de/profile/anette-kramme,2021-05-06 VOTE (Bundestag): Voted Nein: Ab­lösung der Staats­leistun­gen an die Kirchen [+: Voted to keep the churches' state payments.],SPD,Landesliste Bayern
"Angela Rudzka (AfD, Landesliste Niedersachsen)",,1,,,,,"a motion signed, 6 months ago",thin (only 1 evidence item on record),1,https://www.abgeordnetenwatch.de/profile/angela-rudzka,"2026-03-24 ANTRAG: Schutz von Kindern und Jugendlichen vor religiösem Zwang, Mobbing und gruppendynamischem Druck stärken - Auch Konversion (Drucksache 21/4941) [+: AfD motion: protect children from religious coercion and conversion pressure in schools, explicitly without blanket limits on religious freedom]",AfD,Landesliste Niedersachsen
Bernd Schuhmann (AfD),,1,,,,,"a motion signed, 5 months ago",thin (only 1 evidence item on record),1,https://www.abgeordnetenwatch.de/profile/bernd-schuhmann,"2026-05-05 ANTRAG: Kein Geld für das syrische Übergangsregime - Menschenrechte schützen, religiöse Minderheiten in Syrien vor Verfolgung be (Drucksache 21/5765) [+: AfD motion: suspend aid to Syria's transitional regime to protect religious minorities from persecution]",AfD,
"Birgit Bessin (AfD, 65 - Elbe-Elster – Oberspreewald-Lausitz)",,1,,,,,"a motion signed, 6 months ago",thin (only 1 evidence item on record),1,https://www.abgeordnetenwatch.de/profile/birgit-bessin,"2026-03-24 ANTRAG: Schutz von Kindern und Jugendlichen vor religiösem Zwang, Mobbing und gruppendynamischem Druck stärken - Auch Konversion (Drucksache 21/4941) [+: AfD motion: protect children from religious coercion and conversion pressure in schools, explicitly without blanket limits on religious freedom]",AfD,65 - Elbe-Elster – Oberspreewald-Lausitz
"Bodo Ramelow (Die Linke, 192 - Erfurt – Weimar – Weimarer Land II)",,1,,,,,"a question, 8 months ago",thin (only 1 evidence item on record),1,https://www.abgeordnetenwatch.de/profile/bodo-ramelow,2026-01-26 KLEINE ANFRAGE: Asylrechtlicher Umgang mit pakistanischen Asylsuchenden bzw. mit Ahmadiyya aus Pakistan (Drucksache 21/3801) [+: Linke KA: asylum treatment of persecuted Ahmadiyya from Pakistan],Die Linke,192 - Erfurt – Weimar – Weimarer Land II
"Carolin Bachmann (AfD, 160 - Mittelsachsen)",,1,,,,,"a speech, 21 months ago",thin (only 1 evidence item on record),1,https://www.abgeordnetenwatch.de/profile/carolin-bachmann,"2024-12-19 DEBATE: Rede ""Wir von der AfD haben Anträge vorgelegt für eine bessere Ausrüstung der Bundeswehr, für bezahlbares Wohnen und Bauen, für Maßnahmen gegen die Masseneinwanderung, gegen Parallelgesellschaften wie in Dänemark, gegen Christ..."" [+: References opposing Christian persecution, implicitly supporting freedom of religion.]",AfD,160 - Mittelsachsen
"Charlotte Neuhäuser (Die Linke, Landesliste Nordrhein-Westfalen)",,1,,,,,"a motion signed, 9 months ago",thin (only 1 evidence item on record),1,https://www.abgeordnetenwatch.de/profile/charlotte-neuhaeuser,2025-12-16 ANTRAG: Für ein friedliches Syrien - Keine Zusammenarbeit mit islamistischen Akteuren - Humanitäre Hilfe ausbauen und demokratis (Drucksache 21/3304) [+: Linke Syria motion: press the regime to stop attacks on Alawites and Druze; sanctions for crimes against minorities],Die Linke,Landesliste Nordrhein-Westfalen
"Christian Zaum (AfD, Landesliste Nordrhein-Westfalen)",,1,,,,,"a motion signed, 6 months ago",thin (only 1 evidence item on record),1,https://www.abgeordnetenwatch.de/profile/christian-zaum,"2026-03-24 ANTRAG: Schutz von Kindern und Jugendlichen vor religiösem Zwang, Mobbing und gruppendynamischem Druck stärken - Auch Konversion (Drucksache 21/4941) [+: AfD motion: protect children from religious coercion and conversion pressure in schools, explicitly without blanket limits on religious freedom]",AfD,Landesliste Nordrhein-Westfalen
"Christin Willnat (Die Linke, Landesliste Brandenburg)",,1,,,,,"a motion signed, 9 months ago",thin (only 1 evidence item on record),1,https://www.abgeordnetenwatch.de/profile/christin-willnat,2025-12-16 ANTRAG: Für ein friedliches Syrien - Keine Zusammenarbeit mit islamistischen Akteuren - Humanitäre Hilfe ausbauen und demokratis (Drucksache 21/3304) [+: Linke Syria motion: press the regime to stop attacks on Alawites and Druze; sanctions for crimes against minorities],Die Linke,Landesliste Brandenburg
"Christoph Birghan (AfD, Landesliste Bayern)",,1,,,,,"a motion signed, 6 months ago",thin (only 1 evidence item on record),1,https://www.abgeordnetenwatch.de/profile/christoph-birghan,"2026-03-24 ANTRAG: Schutz von Kindern und Jugendlichen vor religiösem Zwang, Mobbing und gruppendynamischem Druck stärken - Auch Konversion (Drucksache 21/4941) [+: AfD motion: protect children from religious coercion and conversion pressure in schools, explicitly without blanket limits on religious freedom]",AfD,Landesliste Bayern
"Claudia Weiss (AfD, 69 - Magdeburg)",,1,,,,,"a motion signed, 6 months ago",thin (only 1 evidence item on record),1,https://www.abgeordnetenwatch.de/profile/claudia-weiss,"2026-03-24 ANTRAG: Schutz von Kindern und Jugendlichen vor religiösem Zwang, Mobbing und gruppendynamischem Druck stärken - Auch Konversion (Drucksache 21/4941) [+: AfD motion: protect children from religious coercion and conversion pressure in schools, explicitly without blanket limits on religious freedom]",AfD,69 - Magdeburg
"Daniel Zerbin (AfD, Landesliste Nordrhein-Westfalen)",,1,,,,,"a motion signed, 5 months ago",thin (only 1 evidence item on record),1,https://www.abgeordnetenwatch.de/profile/daniel-zerbin,"2026-05-05 ANTRAG: Kein Geld für das syrische Übergangsregime - Menschenrechte schützen, religiöse Minderheiten in Syrien vor Verfolgung be (Drucksache 21/5765) [+: AfD motion: suspend aid to Syria's transitional regime to protect religious minorities from persecution]",AfD,Landesliste Nordrhein-Westfalen
"Deborah Düring (BÜNDNIS 90/DIE GRÜNEN, Landesliste Hessen)",,1,,,,,"a question, 11 months ago",thin (only 1 evidence item on record),1,https://www.abgeordnetenwatch.de/profile/deborah-duering,"2025-10-29 KLEINE ANFRAGE: Ein Jahr nach dem Sturz des Assad-Regimes - Ethnische und religiöse Vielfalt Syriens weiterhin unter Druck - Schutz der  (Drucksache 21/2476) [+: Greens KA: protection of Alawites, Christians, Druze in post-Assad Syria]",BÜNDNIS 90/DIE GRÜNEN,Landesliste Hessen
"Denise Loop (BÜNDNIS 90/DIE GRÜNEN, Landesliste Schleswig-Holstein)",,1,,,,,"a question, 11 months ago",thin (only 1 evidence item on record),1,https://www.abgeordnetenwatch.de/profile/denise-loop,"2025-10-29 KLEINE ANFRAGE: Ein Jahr nach dem Sturz des Assad-Regimes - Ethnische und religiöse Vielfalt Syriens weiterhin unter Druck - Schutz der  (Drucksache 21/2476) [+: Greens KA: protection of Alawites, Christians, Druze in post-Assad Syria]",BÜNDNIS 90/DIE GRÜNEN,Landesliste Schleswig-Holstein
"Desiree Becker (Die Linke, Landesliste Hessen)",,1,,,,,"a motion signed, 9 months ago",thin (only 1 evidence item on record),1,https://www.abgeordnetenwatch.de/profile/desiree-becker,2025-12-16 ANTRAG: Für ein friedliches Syrien - Keine Zusammenarbeit mit islamistischen Akteuren - Humanitäre Hilfe ausbauen und demokratis (Drucksache 21/3304) [+: Linke Syria motion: press the regime to stop attacks on Alawites and Druze; sanctions for crimes against minorities],Die Linke,Landesliste Hessen
"Donata Vogtschmidt (Die Linke, Landesliste Thüringen)",,1,,,,,"a motion signed, 9 months ago",thin (only 1 evidence item on record),1,https://www.abgeordnetenwatch.de/profile/donata-vogtschmidt,2025-12-16 ANTRAG: Für ein friedliches Syrien - Keine Zusammenarbeit mit islamistischen Akteuren - Humanitäre Hilfe ausbauen und demokratis (Drucksache 21/3304) [+: Linke Syria motion: press the regime to stop attacks on Alawites and Druze; sanctions for crimes against minorities],Die Linke,Landesliste Thüringen
"Dunja Kreiser (SPD, 49 - Salzgitter – Wolfenbüttel)",,1,,,,,"a speech, 2 years ago",thin (only 1 evidence item on record),1,https://www.abgeordnetenwatch.de/profile/dunja-kreiser,"2024-05-15 DEBATE: Rede ""Unser Grundgesetz, das in diesem Jahr 75 Jahre alt wird, garantiert der Bevölkerung unseres Landes gemeinsame Werte wie Menschenwürde, Freiheit, Demokratie. Es ist ein Grundgesetz, das für alle im Land gilt und eben nich..."" [+: Affirms religious and speech freedom as constitutional rights to be defended.]",SPD,49 - Salzgitter – Wolfenbüttel
Erhard Brucker (AfD),,1,,,,,"a motion signed, 6 months ago",thin (only 1 evidence item on record),1,https://www.abgeordnetenwatch.de/profile/erhard-brucker,"2026-03-24 ANTRAG: Schutz von Kindern und Jugendlichen vor religiösem Zwang, Mobbing und gruppendynamischem Druck stärken - Auch Konversion (Drucksache 21/4941) [+: AfD motion: protect children from religious coercion and conversion pressure in schools, explicitly without blanket limits on religious freedom]",AfD,
"Falko Droßmann (SPD, 18 - Hamburg-Mitte)",,1,,,,,"a speech, 4 years ago",thin (only 1 evidence item on record),1,https://www.abgeordnetenwatch.de/profile/falko-drossmann,"2023-01-27 DEBATE: Rede ""die Anträge wie Ihren als Beleg für eine angebliche Islamophobie des Westens ansehen. Die Folgen Ihrer Anträge spüren dann Christen und andere religiöse Minderheiten vor Ort...."" [+: Defends universal religious freedom while criticising AfD's selective framing.]",SPD,18 - Hamburg-Mitte
"Hans-Jürgen Goßner (AfD, Landesliste Baden-Württemberg)",,1,,,,,"a motion signed, 6 months ago",thin (only 1 evidence item on record),1,https://www.abgeordnetenwatch.de/profile/hans-juergen-gossner,"2026-03-24 ANTRAG: Schutz von Kindern und Jugendlichen vor religiösem Zwang, Mobbing und gruppendynamischem Druck stärken - Auch Konversion (Drucksache 21/4941) [+: AfD motion: protect children from religious coercion and conversion pressure in schools, explicitly without blanket limits on religious freedom]",AfD,Landesliste Baden-Württemberg
"Helge Limburg (BÜNDNIS 90/DIE GRÜNEN, Landesliste Niedersachsen)",,1,,,,,"a question, 11 months ago",thin (only 1 evidence item on record),1,https://www.abgeordnetenwatch.de/profile/helge-limburg,"2025-10-29 KLEINE ANFRAGE: Ein Jahr nach dem Sturz des Assad-Regimes - Ethnische und religiöse Vielfalt Syriens weiterhin unter Druck - Schutz der  (Drucksache 21/2476) [+: Greens KA: protection of Alawites, Christians, Druze in post-Assad Syria]",BÜNDNIS 90/DIE GRÜNEN,Landesliste Niedersachsen
"Hendrik Hoppenstedt (CDU/CSU, 43 - Hannover-Land I)",,1,,,,,"a vote, 5 years ago",moderate (whipped vote),1,https://www.abgeordnetenwatch.de/profile/hendrik-hoppenstedt,2021-05-06 VOTE (Bundestag): Voted Nein: Ab­lösung der Staats­leistun­gen an die Kirchen [+: Voted to keep the churches' state payments.],CDU/CSU,43 - Hannover-Land I
"Isabel Mackensen-Geis (SPD, Landesliste Rheinland-Pfalz)",,1,,,,,"a vote, 5 years ago",moderate (whipped vote),1,https://www.abgeordnetenwatch.de/profile/isabel-mackensen-geis,2021-05-06 VOTE (Bundestag): Voted Nein: Ab­lösung der Staats­leistun­gen an die Kirchen [+: Voted to keep the churches' state payments.],SPD,Landesliste Rheinland-Pfalz
"Jamila Anna Schäfer (BÜNDNIS 90/DIE GRÜNEN, Landesliste Bayern)",,1,,,,,"a question, 11 months ago",thin (only 1 evidence item on record),1,https://www.abgeordnetenwatch.de/profile/jamila-anna-schaefer,"2025-10-29 KLEINE ANFRAGE: Ein Jahr nach dem Sturz des Assad-Regimes - Ethnische und religiöse Vielfalt Syriens weiterhin unter Druck - Schutz der  (Drucksache 21/2476) [+: Greens KA: protection of Alawites, Christians, Druze in post-Assad Syria]",BÜNDNIS 90/DIE GRÜNEN,Landesliste Bayern
"Jan Feser (AfD, Landesliste Hessen)",,1,,,,,"a motion signed, 6 months ago",thin (only 1 evidence item on record),1,https://www.abgeordnetenwatch.de/profile/jan-feser,"2026-03-24 ANTRAG: Schutz von Kindern und Jugendlichen vor religiösem Zwang, Mobbing und gruppendynamischem Druck stärken - Auch Konversion (Drucksache 21/4941) [+: AfD motion: protect children from religious coercion and conversion pressure in schools, explicitly without blanket limits on religious freedom]",AfD,Landesliste Hessen
"Jan Köstering (Die Linke, Landesliste Nordrhein-Westfalen)",,1,,,,,"a motion signed, 9 months ago",thin (only 1 evidence item on record),1,https://www.abgeordnetenwatch.de/profile/jan-koestering,2025-12-16 ANTRAG: Für ein friedliches Syrien - Keine Zusammenarbeit mit islamistischen Akteuren - Humanitäre Hilfe ausbauen und demokratis (Drucksache 21/3304) [+: Linke Syria motion: press the regime to stop attacks on Alawites and Druze; sanctions for crimes against minorities],Die Linke,Landesliste Nordrhein-Westfalen
"Jan van Aken (Die Linke, Landesliste Hamburg)",,1,,,,,"a vote, 14 years ago",moderate (whipped vote),1,https://www.abgeordnetenwatch.de/profile/jan-van-aken,2012-12-12 VOTE (Bundestag): Voted Ja: Beschneidung von Jungen aus religiösen Gründen [+: Voted to keep religious circumcision lawful for Jewish and Muslim families.],Die Linke,Landesliste Hamburg
"Janina Böttger (Die Linke, Landesliste Sachsen-Anhalt)",,1,,,,,"a motion signed, 9 months ago",thin (only 1 evidence item on record),1,https://www.abgeordnetenwatch.de/profile/janina-boettger,2025-12-16 ANTRAG: Für ein friedliches Syrien - Keine Zusammenarbeit mit islamistischen Akteuren - Humanitäre Hilfe ausbauen und demokratis (Drucksache 21/3304) [+: Linke Syria motion: press the regime to stop attacks on Alawites and Druze; sanctions for crimes against minorities],Die Linke,Landesliste Sachsen-Anhalt
"Johann Wadephul (CDU/CSU, 4 - Rendsburg-Eckernförde)",,1,,,,,"a vote, 5 years ago",moderate (whipped vote),1,https://www.abgeordnetenwatch.de/profile/johann-wadephul,2021-05-06 VOTE (Bundestag): Voted Nein: Ab­lösung der Staats­leistun­gen an die Kirchen [+: Voted to keep the churches' state payments.],CDU/CSU,4 - Rendsburg-Eckernförde
"Katrin Fey (Die Linke, Landesliste Nordrhein-Westfalen)",,1,,,,,"a motion signed, 9 months ago",thin (only 1 evidence item on record),1,https://www.abgeordnetenwatch.de/profile/katrin-fey,2025-12-16 ANTRAG: Für ein friedliches Syrien - Keine Zusammenarbeit mit islamistischen Akteuren - Humanitäre Hilfe ausbauen und demokratis (Drucksache 21/3304) [+: Linke Syria motion: press the regime to stop attacks on Alawites and Druze; sanctions for crimes against minorities],Die Linke,Landesliste Nordrhein-Westfalen
"Knuth Meyer-Soltau (AfD, Landesliste Nordrhein-Westfalen)",,1,,,,,"a question, 10 months ago",thin (only 1 evidence item on record),1,https://www.abgeordnetenwatch.de/profile/knuth-meyer-soltau,2025-11-14 SCHRIFTLICHE FRAGE: Berücksichtigung religiöser Überzeugungen bei einer möglichen Einführung einer Widerspruchsregelung im Transplantationsg (Drucksache 21/2817) [+: SF: respect religious convictions if an organ-donation opt-out is introduced],AfD,Landesliste Nordrhein-Westfalen
"Lea Reisner (Die Linke, Landesliste Nordrhein-Westfalen)",,1,,,,,"a motion signed, 9 months ago",thin (only 1 evidence item on record),1,https://www.abgeordnetenwatch.de/profile/lea-reisner,2025-12-16 ANTRAG: Für ein friedliches Syrien - Keine Zusammenarbeit mit islamistischen Akteuren - Humanitäre Hilfe ausbauen und demokratis (Drucksache 21/3304) [+: Linke Syria motion: press the regime to stop attacks on Alawites and Druze; sanctions for crimes against minorities],Die Linke,Landesliste Nordrhein-Westfalen
Lukas Rehm (AfD),,1,,,,,"a motion signed, 6 months ago",thin (only 1 evidence item on record),1,https://www.abgeordnetenwatch.de/profile/lukas-rehm,"2026-03-24 ANTRAG: Schutz von Kindern und Jugendlichen vor religiösem Zwang, Mobbing und gruppendynamischem Druck stärken - Auch Konversion (Drucksache 21/4941) [+: AfD motion: protect children from religious coercion and conversion pressure in schools, explicitly without blanket limits on religious freedom]",AfD,
"Maik Brückner (Die Linke, Landesliste Niedersachsen)",,1,,,,,"a motion signed, 9 months ago",thin (only 1 evidence item on record),1,https://www.abgeordnetenwatch.de/profile/maik-brueckner,2025-12-16 ANTRAG: Für ein friedliches Syrien - Keine Zusammenarbeit mit islamistischen Akteuren - Humanitäre Hilfe ausbauen und demokratis (Drucksache 21/3304) [+: Linke Syria motion: press the regime to stop attacks on Alawites and Druze; sanctions for crimes against minorities],Die Linke,Landesliste Niedersachsen
"Maren Kaminski (Die Linke, Landesliste Niedersachsen)",,1,,,,,"a motion signed, 9 months ago",thin (only 1 evidence item on record),1,https://www.abgeordnetenwatch.de/profile/maren-kaminski,2025-12-16 ANTRAG: Für ein friedliches Syrien - Keine Zusammenarbeit mit islamistischen Akteuren - Humanitäre Hilfe ausbauen und demokratis (Drucksache 21/3304) [+: Linke Syria motion: press the regime to stop attacks on Alawites and Druze; sanctions for crimes against minorities],Die Linke,Landesliste Niedersachsen
"Martina Kempf (AfD, Landesliste Baden-Württemberg)",,1,,,,,"a motion signed, 6 months ago",thin (only 1 evidence item on record),1,https://www.abgeordnetenwatch.de/profile/martina-kempf,"2026-03-24 ANTRAG: Schutz von Kindern und Jugendlichen vor religiösem Zwang, Mobbing und gruppendynamischem Druck stärken - Auch Konversion (Drucksache 21/4941) [+: AfD motion: protect children from religious coercion and conversion pressure in schools, explicitly without blanket limits on religious freedom]",AfD,Landesliste Baden-Württemberg
"Mirze Edis (Die Linke, Landesliste Nordrhein-Westfalen)",,1,,,,,"a motion signed, 9 months ago",thin (only 1 evidence item on record),1,https://www.abgeordnetenwatch.de/profile/mirze-edis,2025-12-16 ANTRAG: Für ein friedliches Syrien - Keine Zusammenarbeit mit islamistischen Akteuren - Humanitäre Hilfe ausbauen und demokratis (Drucksache 21/3304) [+: Linke Syria motion: press the regime to stop attacks on Alawites and Druze; sanctions for crimes against minorities],Die Linke,Landesliste Nordrhein-Westfalen
"Misbah Khan (BÜNDNIS 90/DIE GRÜNEN, Landesliste Rheinland-Pfalz)",,1,,,,,"a question, 11 months ago",thin (only 1 evidence item on record),1,https://www.abgeordnetenwatch.de/profile/misbah-khan,"2025-10-29 KLEINE ANFRAGE: Ein Jahr nach dem Sturz des Assad-Regimes - Ethnische und religiöse Vielfalt Syriens weiterhin unter Druck - Schutz der  (Drucksache 21/2476) [+: Greens KA: protection of Alawites, Christians, Druze in post-Assad Syria]",BÜNDNIS 90/DIE GRÜNEN,Landesliste Rheinland-Pfalz
"Nyke Slawik (BÜNDNIS 90/DIE GRÜNEN, Landesliste Nordrhein-Westfalen)",,1,,,,,"a question, 11 months ago",thin (only 1 evidence item on record),1,https://www.abgeordnetenwatch.de/profile/nyke-slawik,"2025-10-29 KLEINE ANFRAGE: Ein Jahr nach dem Sturz des Assad-Regimes - Ethnische und religiöse Vielfalt Syriens weiterhin unter Druck - Schutz der  (Drucksache 21/2476) [+: Greens KA: protection of Alawites, Christians, Druze in post-Assad Syria]",BÜNDNIS 90/DIE GRÜNEN,Landesliste Nordrhein-Westfalen
"Ottilie Klein (CDU/CSU, Landesliste Berlin)",,1,,,,,"a question, 21 months ago",thin (only 1 evidence item on record),1,https://www.abgeordnetenwatch.de/profile/ottilie-klein,2025-01-03 SCHRIFTLICHE FRAGE: Maßnahmen hinsichtlich des Anstiegs von Hassverbrechen gegen Christen (Drucksache 20/14393) [+: SF: measures against rising hate crimes against Christians],CDU/CSU,Landesliste Berlin
Otto Strauß (AfD),,1,,,,,"a motion signed, 6 months ago",thin (only 1 evidence item on record),1,https://www.abgeordnetenwatch.de/profile/otto-strauss,"2026-03-24 ANTRAG: Schutz von Kindern und Jugendlichen vor religiösem Zwang, Mobbing und gruppendynamischem Druck stärken - Auch Konversion (Drucksache 21/4941) [+: AfD motion: protect children from religious coercion and conversion pressure in schools, explicitly without blanket limits on religious freedom]",AfD,
"Parsa Marvi (SPD, Landesliste Baden-Württemberg)",,1,,,,,"a speech, 8 months ago",thin (only 1 evidence item on record),1,https://www.abgeordnetenwatch.de/profile/parsa-marvi,"2026-01-30 DEBATE: Rede ""Seit Ende 2025 gehen Menschen im ganzen Land auf die Straße – nicht am Rand der Gesellschaft, sondern aus ihrer Mitte heraus: Händlerinnen und Händler, Arbeitende, Studierende, Frauen und Männer, ethnische und religiöse ..."" [+: Condemns Iranian regime's persecution of religious and ethnic minorities, supporting freedom of belief.]",SPD,Landesliste Baden-Württemberg
"Paul Ziemiak (CDU/CSU, 149 - Märkischer Kreis II)",,1,,,,,"a vote, 5 years ago",moderate (whipped vote),1,https://www.abgeordnetenwatch.de/profile/paul-ziemiak,2021-05-06 VOTE (Bundestag): Voted Nein: Ab­lösung der Staats­leistun­gen an die Kirchen [+: Voted to keep the churches' state payments.],CDU/CSU,149 - Märkischer Kreis II
"Rainer Galla (AfD, 63 - Frankfurt (Oder) – Oder-Spree)",,1,,,,,"a question, 13 months ago",thin (only 1 evidence item on record),1,https://www.abgeordnetenwatch.de/profile/rainer-galla,2025-08-29 SCHRIFTLICHE FRAGE: Gewalttaten von Muslimen gegenüber Christen in Nigeria (Drucksache 21/1406) [+: SF: violence by Muslims against Christians in Nigeria],AfD,63 - Frankfurt (Oder) – Oder-Spree
"Ralph Edelhäußer (CDU/CSU, 245 - Roth)",,1,,,,,"a speech, 5 years ago",thin (only 1 evidence item on record),1,https://www.abgeordnetenwatch.de/profile/ralph-edelhaeusser,"2022-03-17 DEBATE: Rede ""In Deutschland herrscht Glaubens- und Religionsfreiheit. Das Grundgesetz garantiert in Artikel 4 dieses Grundrecht. Es ist unverletzlich; es ist Kernpunkt unserer Werteordnung. Leider sehen wir aber in zunehmendem Maße, ..."" [+: Affirms religious freedom under Art 4 as core value while addressing Islamist terrorism threat.]",CDU/CSU,245 - Roth
Reinhard Mixl (AfD),,1,,,,,"a motion signed, 5 months ago",thin (only 1 evidence item on record),1,https://www.abgeordnetenwatch.de/profile/reinhard-mixl,"2026-05-05 ANTRAG: Kein Geld für das syrische Übergangsregime - Menschenrechte schützen, religiöse Minderheiten in Syrien vor Verfolgung be (Drucksache 21/5765) [+: AfD motion: suspend aid to Syria's transitional regime to protect religious minorities from persecution]",AfD,
"Robin Wagener (BÜNDNIS 90/DIE GRÜNEN, Landesliste Nordrhein-Westfalen)",,1,,,,,"a question, 11 months ago",thin (only 1 evidence item on record),1,https://www.abgeordnetenwatch.de/profile/robin-wagener,"2025-10-29 KLEINE ANFRAGE: Ein Jahr nach dem Sturz des Assad-Regimes - Ethnische und religiöse Vielfalt Syriens weiterhin unter Druck - Schutz der  (Drucksache 21/2476) [+: Greens KA: protection of Alawites, Christians, Druze in post-Assad Syria]",BÜNDNIS 90/DIE GRÜNEN,Landesliste Nordrhein-Westfalen
"Sara Nanni (BÜNDNIS 90/DIE GRÜNEN, Landesliste Nordrhein-Westfalen)",,1,,,,,"a question, 11 months ago",thin (only 1 evidence item on record),1,https://www.abgeordnetenwatch.de/profile/sara-nanni,"2025-10-29 KLEINE ANFRAGE: Ein Jahr nach dem Sturz des Assad-Regimes - Ethnische und religiöse Vielfalt Syriens weiterhin unter Druck - Schutz der  (Drucksache 21/2476) [+: Greens KA: protection of Alawites, Christians, Druze in post-Assad Syria]",BÜNDNIS 90/DIE GRÜNEN,Landesliste Nordrhein-Westfalen
"Sebastian Maack (AfD, Landesliste Berlin)",,1,,,,,"a motion signed, 6 months ago",thin (only 1 evidence item on record),1,https://www.abgeordnetenwatch.de/profile/sebastian-maack,"2026-03-24 ANTRAG: Schutz von Kindern und Jugendlichen vor religiösem Zwang, Mobbing und gruppendynamischem Druck stärken - Auch Konversion (Drucksache 21/4941) [+: AfD motion: protect children from religious coercion and conversion pressure in schools, explicitly without blanket limits on religious freedom]",AfD,Landesliste Berlin
"Sonja Eichwede (SPD, Landesliste Brandenburg)",,1,,,,,"a speech, 2 years ago",thin (only 1 evidence item on record),1,https://www.abgeordnetenwatch.de/profile/sonja-eichwede,"2024-05-16 DEBATE: Rede ""Die Grundwerte, wie die Menschenwürde, die Meinungsfreiheit, die Kunstfreiheit, die Religionsfreiheit, all die großen Schutz- und Abwehrrechte, die wir als Bürger auch gegenüber dem Staat haben,..."" [+: Explicitly celebrates freedom of speech and religion as core constitutional rights.]",SPD,Landesliste Brandenburg
"Stefan Möller (AfD, 189 - Eisenach – Wartburgkreis – Unstrut-Hainich-Kreis)",,1,,,,,"a motion signed, 5 months ago",thin (only 1 evidence item on record),1,https://www.abgeordnetenwatch.de/profile/stefan-moeller,"2026-05-05 ANTRAG: Kein Geld für das syrische Übergangsregime - Menschenrechte schützen, religiöse Minderheiten in Syrien vor Verfolgung be (Drucksache 21/5765) [+: AfD motion: suspend aid to Syria's transitional regime to protect religious minorities from persecution]",AfD,189 - Eisenach – Wartburgkreis – Unstrut-Hainich-Kreis
"Stella Merendino (Die Linke, Landesliste Berlin)",,1,,,,,"a motion signed, 9 months ago",thin (only 1 evidence item on record),1,https://www.abgeordnetenwatch.de/profile/stella-merendino,2025-12-16 ANTRAG: Für ein friedliches Syrien - Keine Zusammenarbeit mit islamistischen Akteuren - Humanitäre Hilfe ausbauen und demokratis (Drucksache 21/3304) [+: Linke Syria motion: press the regime to stop attacks on Alawites and Druze; sanctions for crimes against minorities],Die Linke,Landesliste Berlin
"Tobias Ebenberger (AfD, Landesliste Nordrhein-Westfalen)",,1,,,,,"a motion signed, 6 months ago",thin (only 1 evidence item on record),1,https://www.abgeordnetenwatch.de/profile/tobias-ebenberger,"2026-03-24 ANTRAG: Schutz von Kindern und Jugendlichen vor religiösem Zwang, Mobbing und gruppendynamischem Druck stärken - Auch Konversion (Drucksache 21/4941) [+: AfD motion: protect children from religious coercion and conversion pressure in schools, explicitly without blanket limits on religious freedom]",AfD,Landesliste Nordrhein-Westfalen
"Ulrich Thoden (Die Linke, Landesliste Nordrhein-Westfalen)",,1,,,,,"a motion signed, 9 months ago",thin (only 1 evidence item on record),1,https://www.abgeordnetenwatch.de/profile/ulrich-thoden,2025-12-16 ANTRAG: Für ein friedliches Syrien - Keine Zusammenarbeit mit islamistischen Akteuren - Humanitäre Hilfe ausbauen und demokratis (Drucksache 21/3304) [+: Linke Syria motion: press the regime to stop attacks on Alawites and Druze; sanctions for crimes against minorities],Die Linke,Landesliste Nordrhein-Westfalen
"Ulrich von Zons (AfD, Landesliste Nordrhein-Westfalen)",,1,,,,,"a motion signed, 5 months ago",thin (only 1 evidence item on record),1,https://www.abgeordnetenwatch.de/profile/ulrich-von-zons,"2026-05-05 ANTRAG: Kein Geld für das syrische Übergangsregime - Menschenrechte schützen, religiöse Minderheiten in Syrien vor Verfolgung be (Drucksache 21/5765) [+: AfD motion: suspend aid to Syria's transitional regime to protect religious minorities from persecution]",AfD,Landesliste Nordrhein-Westfalen
"Uwe Schmidt (SPD, 55 - Bremen II – Bremerhaven)",,1,,,,,"a vote, 5 years ago",moderate (whipped vote),1,https://www.abgeordnetenwatch.de/profile/uwe-schmidt-1,2021-05-06 VOTE (Bundestag): Voted Nein: Ab­lösung der Staats­leistun­gen an die Kirchen [+: Voted to keep the churches' state payments.],SPD,55 - Bremen II – Bremerhaven
"Vinzenz Glaser (Die Linke, Landesliste Baden-Württemberg)",,1,,,,,"a motion signed, 9 months ago",thin (only 1 evidence item on record),1,https://www.abgeordnetenwatch.de/profile/vinzenz-glaser,2025-12-16 ANTRAG: Für ein friedliches Syrien - Keine Zusammenarbeit mit islamistischen Akteuren - Humanitäre Hilfe ausbauen und demokratis (Drucksache 21/3304) [+: Linke Syria motion: press the regime to stop attacks on Alawites and Druze; sanctions for crimes against minorities],Die Linke,Landesliste Baden-Württemberg
Zada Salihović (Die Linke),,1,,,,,"a motion signed, 9 months ago",thin (only 1 evidence item on record),1,https://www.abgeordnetenwatch.de/profile/zada-salihovic,2025-12-16 ANTRAG: Für ein friedliches Syrien - Keine Zusammenarbeit mit islamistischen Akteuren - Humanitäre Hilfe ausbauen und demokratis (Drucksache 21/3304) [+: Linke Syria motion: press the regime to stop attacks on Alawites and Druze; sanctions for crimes against minorities],Die Linke,
"Anne Janssen (CDU/CSU, Landesliste Niedersachsen)",,,1,,,,"a speech, 3 years ago","neutral (spoke, no stance)",1,https://www.abgeordnetenwatch.de/profile/anne-janssen,"2023-11-16 DEBATE: Rede ""Bis heute liegen auch keinerlei Zahlen über Mädchen mit Kopftüchern in deutschen Schulen oder deren Motivation zum Tragen, Auswirkungen auf den Lernerfolg, die persönliche Entwicklung, die Integration oder den Schulfried..."" [0: Recounts personal anecdotes without taking a clear stance on the ban itself.]",CDU/CSU,Landesliste Niedersachsen
"Awet Tesfaiesus (BÜNDNIS 90/DIE GRÜNEN, Landesliste Hessen)",,,1,,,,"a speech, 2 years ago","neutral (spoke, no stance)",1,https://www.abgeordnetenwatch.de/profile/awet-tesfaiesus,"2024-04-10 DEBATE: Rede ""Die AfD hingegen stellt Menschen mal wieder unter Generalverdacht, am liebsten wegen einer Eigenschaft, auf die die Verdächtigten selbst gar keinen Einfluss haben: Herkunft, Aussehen, Alter; das ist einfach. Aber sie leg..."" [0: Green MP mocks AfD's parentage-fraud claims with humour; no clear stance on religion or family topics.]",BÜNDNIS 90/DIE GRÜNEN,Landesliste Hessen
"Boris Pistorius (SPD, 42 - Stadt Hannover II)",,,1,,,,"a speech, 10 months ago","neutral (spoke, no stance)",1,https://www.abgeordnetenwatch.de/profile/boris-pistorius,"2025-12-05 DEBATE: Rede ""Ich sage das in aller Deutlichkeit. Das gilt auch für Sie, meine Damen und Herren. Denn die Meinungsfreiheit, die Demonstrationsfreiheit, die Religionsfreiheit und dieser Staat schützen sich nicht von alleine. Das müssen..."" [0: General defence of freedoms in context of military service debate, no specific policy stance.]",SPD,42 - Stadt Hannover II
"Caroline Bosbach (CDU/CSU, 99 - Rheinisch-Bergischer Kreis)",,,1,,,,"a speech, 6 months ago","neutral (spoke, no stance)",1,https://www.abgeordnetenwatch.de/profile/caroline-bosbach,"2026-03-26 DEBATE: Rede ""Ich habe mich beim Lesen dieses Antrags mehrfach gefragt, ob Sie wirklich Deutschland meinen. Sprechen wir hier über Deutschland? Es fehlt zum Beispiel der Hinweis, dass es in mehreren Bundesländern natürlich bereits isl..."" [0: Rebuts Green motion's framing of Muslim marginalisation, unclear direction on religious freedom.]",CDU/CSU,99 - Rheinisch-Bergischer Kreis
"Daniel Baldy (SPD, Landesliste Rheinland-Pfalz)",,,1,,,,"a speech, 3 years ago","neutral (spoke, no stance)",1,https://www.abgeordnetenwatch.de/profile/daniel-baldy,"2023-11-09 DEBATE: Rede ""Kommen wir zum Thema. Was bedeutet ein Kalifat konkret? Es gibt in einem Kalifat keine Meinungsfreiheit, keine Religionsfreiheit. Menschenrechte werden massiv beschnitten. Und wo Regeln gebrochen werden, da drohen drakon..."" [0: Condemns caliphate demands and defends rule of law, not directly framed as migration control stance.]",SPD,Landesliste Rheinland-Pfalz
"Frauke Heiligenstadt (SPD, 52 - Goslar – Northeim – Göttingen II)",,,1,,,,"a speech, 3 years ago","neutral (spoke, no stance)",1,https://www.abgeordnetenwatch.de/profile/frauke-heiligenstadt,"2023-12-14 DEBATE: Rede ""Finanzkriminalität berührt die Integrität unserer Gesellschaft. Geldwäsche, Zwangsprostitution, Waffen- und Drogenhandel, islamistischer Terrorismus und Neonazi-Netzwerke bedrohen unsere nationale Sicherheit. Und sie wer..."" [0: Speech on financial crime and money laundering; no clear migration or religion stance.]",SPD,52 - Goslar – Northeim – Göttingen II
"Hakan Demir (SPD, Landesliste Berlin)",,,1,,,,"a speech, 4 years ago","neutral (spoke, no stance)",1,https://www.abgeordnetenwatch.de/profile/hakan-demir,"2022-09-29 DEBATE: Rede ""Liebe Kolleginnen und Kollegen, mit dieser Reform wird die Zugehörigkeit zu einer Religionsgemeinschaft nicht mehr beurkundet. Ich finde das auch richtig; denn die Religion ist kein Bestandteil des Personenstandes nach §..."" [0: Focuses on administrative digitalisation of civil registry, not directly religion or family rights.]",SPD,Landesliste Berlin
"Janine Wissler (Die Linke, Landesliste Hessen)",,,1,,,,"a speech, 2 years ago","neutral (spoke, no stance)",1,https://www.abgeordnetenwatch.de/profile/janine-wissler,"2024-06-26 DEBATE: Rede ""Das Grundgesetz schützt die Meinungsfreiheit. Klar ist: Antisemitismus und Rassismus sind niemals von der Meinungsfreiheit gedeckt. Aber das Grundgesetz schützt nicht vor Widerspruch, und auch nicht Abgeordnete vor Prote..."" [0: Defends free speech and protest rights broadly, mixed with criticism of ministerial overreach, no clear CitizenGO direction.]",Die Linke,Landesliste Hessen
"Maja Wallstein (SPD, Landesliste Brandenburg)",,,1,,,,"a speech, 3 years ago","neutral (spoke, no stance)",1,https://www.abgeordnetenwatch.de/profile/maja-wallstein,"2024-03-20 DEBATE: Rede ""Um Antisemitismus keine Chance zu bieten, müssen wir alle, nicht nur jüdische Mitmenschen, judenfeindlichen Äußerungen entschieden entgegentreten und das Judentum als Teil unserer Gesellschaft mutig verteidigen. Jüdinnen..."" [0: Focuses on antisemitism, not directly addressing free speech or religious freedom policy.]",SPD,Landesliste Brandenburg
"Rasha Nasr (SPD, Landesliste Sachsen)",,,1,,,,"a speech, 12 months ago","neutral (spoke, no stance)",1,https://www.abgeordnetenwatch.de/profile/rasha-nasr,"2025-10-09 DEBATE: Rede ""Sie fordern, Syrerinnen und Syrer zurückzuführen. Wohin denn genau? In ein Land, das nach 13 Jahren Krieg in Trümmern liegt und in dem ethnische und religiöse Minderheiten – Drusen, Jesiden, Christen, Alawiten, Kurden; y..."" [0: Focuses on migration/asylum policy for Syrians; mentions persecuted religious minorities but no direct FoRB policy stance.]",SPD,Landesliste Sachsen
"Edgar Naujok (AfD, 153 - Leipzig-Land)",,,,1,,,"a bill co-sponsored, 22 months ago",conflicting (7 items point the other way),11,https://www.abgeordnetenwatch.de/profile/edgar-naujok,"2026-03-24 ANTRAG: Schutz von Kindern und Jugendlichen vor religiösem Zwang, Mobbing und gruppendynamischem Druck stärken - Auch Konversion (Drucksache 21/4941) [+: AfD motion: protect children from religious coercion and conversion pressure in schools, explicitly without blanket limits on religious freedom] | 2024-12-11 KLEINE ANFRAGE: Medienberichte über massiven Anstieg von Angriffen gegen christliche Kirchen (Drucksache 20/14137) [+: AfD KA: reported sharp rise in attacks on Christian churches] | 2024-11-14 ANTRAG: Beendigung der Vereinbarung zwischen dem Bundesamt für Migration und Flüchtlinge und den Kirchenvertretern zum Kirchenas (Drucksache 20/13769) [never places: church asylum is where two CitizenGO positions pull apart (churches' rights, border control): neither side is clearly ours] | 2024-11-14 GESETZENTWURF: Gesetz zur Änderung des Grundgesetzes (Erweiterung der Verwirkungsregelung des Artikels 18 um die ungestörte Religionsau (Drucksache 20/13796) [-: AfD Basic Law bill: make freedom of religious practice (Art. 4(2)) forfeitable under Art. 18, a new limit on FoRB] | 2024-10-11 SCHRIFTLICHE FRAGE: Thematisierung der Religionsfreiheit durch Bundesministerin Svenja Schulze während einer Dienstreise nach Pakistan (Drucksache 20/13317) [+: SF: did the minister raise religious freedom in Pakistan] | 2024-09-30 ANTRAG: Fortgesetzte Christenverfolgung in Nigeria beim Namen nennen und ächten (Drucksache 20/13119) [++: AfD motion: name and condemn continuing persecution of Christians in Nigeria] | 2024-01-26 SCHRIFTLICHE FRAGE: Überprüfung der Entwicklungszusammenarbeit mit Nicaragua (Drucksache 20/10170) [never places: information question; the title asks for facts and does not show which side the author is on] | 2023-03-10 KLEINE ANFRAGE: Schutz von Asylbewerbern christlichen Glaubens in Deutschland (Drucksache 20/5951) [+: AfD KA: protection of Christian asylum seekers in Germany]",AfD,153 - Leipzig-Land
"Gottfried Curio (AfD, 84 - Berlin-Marzahn-Hellersdorf)",,,,1,,,"a speech, 6 months ago",conflicting (2 items point the other way),10,https://www.abgeordnetenwatch.de/profile/gottfried-curio,"2026-03-26 DEBATE: Rede ""Er kenne viele Leute, die ihre Töchter nicht mehr mit U- oder S-Bahn fahren lassen, weil sie Angst haben. An den Schulen ist es fünf nach zwölf. In über 10 000 Regelklassen in Bayern hat die Mehrheit Migrationshintergrun..."" [-: Opposes funding and accommodations for Muslim religious practice, resisting religious freedom expansion.] | 2024-11-14 GESETZENTWURF: Gesetz zur Änderung des Grundgesetzes (Erweiterung der Verwirkungsregelung des Artikels 18 um die ungestörte Religionsau (Drucksache 20/13796) [-: AfD Basic Law bill: make freedom of religious practice (Art. 4(2)) forfeitable under Art. 18, a new limit on FoRB] | 2024-06-06 DEBATE: Rede ""Es sind diese Politiker, die diese Zustände verursacht, geduldet, schöngeredet haben, die jede effektive Maßnahme gegen Islamismus verhindert haben, jede Maßnahme für den Schutz unserer Grenzen, für Abschiebungen. Es ist..."" [0: Attacks migration policy and Islamism, no clear free speech or religious freedom stance stated.] | 2022-05-25 KLEINE ANFRAGE: Fragen zum gegenwärtigen Stand der Planungen für ein Grundsätzegesetz zur Ablösung der Staatsleistungen an Kirchen (Drucksache 20/1967) [never places: asks about planning for redeeming the Staatsleistungen; timing question, no side shown] | 2021-12-20 KLEINE ANFRAGE: Kirchenasyl in Deutschland, Stand: 30. September 2021 (Drucksache 20/305) [never places: information question; the title asks for facts and does not show which side the author is on] | 2020-10-30 DEBATE: Rede ""Und was macht Deutschland? Die Beileidschreiben der Regierung wissen nichts vom islamistischen Charakter der Taten. Mit solcher Beschwichtigung geht Deutschland genau den Irrweg, den Frankreich nun endlich beendet hat. W..."" [+: Criticises illegal migration enabling terrorism, calls for tougher border and security policy.] | 2020-05-28 DEBATE: Rede ""Natürlich darf es nie eine Einbürgerung bei illegalem Eindringen auf das Staatsgebiet geben – Verbrechen von Anfang an. Ebenso wenig darf es Einbürgerungen ohne Sprachbeherrschung, ohne Selbstversorgung und ohne das Beke..."" [0: Speech concerns citizenship/naturalisation and migration, not religious freedom content.] | 2020-03-12 DEBATE: Rede ""Die Türkei forciert den Syrien-Krieg, fördert islamistische Kämpfer. Sie hat die Flüchtlingsströme mit hervorgerufen, für die wir zahlen sollen. Deutschland lässt sich von Erdogan am Gängelband führen, wird zum Spielball..."" [++: Strongly condemns illegal migration and lack of border enforcement, calls for tougher border control.]",AfD,84 - Berlin-Marzahn-Hellersdorf
"Malte Kaufmann (AfD, Landesliste Baden-Württemberg)",,,,1,,,"a bill co-sponsored, 22 months ago",conflicting (6 items point the other way),9,https://www.abgeordnetenwatch.de/profile/malte-kaufmann,"2026-09-01 KLEINE ANFRAGE: Lage der christlichen Minderheit im Jemen im Kontext des langjährigen Bürgerkriegs und der dschihadistischen Bedrohung (Drucksache 21/7796) [+: AfD KA: Christian minority in Yemen under jihadist threat] | 2026-08-17 KLEINE ANFRAGE: Abschiebekriterien, der Schutz religiöser Minderheiten, Christenverfolgung und Abschiebung syrischer Christen (Drucksache 21/7597) [+: AfD KA: protection of religious minorities, persecution of Christians, deportation of Syrian Christians] | 2026-03-24 ANTRAG: Schutz von Kindern und Jugendlichen vor religiösem Zwang, Mobbing und gruppendynamischem Druck stärken - Auch Konversion (Drucksache 21/4941) [+: AfD motion: protect children from religious coercion and conversion pressure in schools, explicitly without blanket limits on religious freedom] | 2024-12-11 KLEINE ANFRAGE: Medienberichte über massiven Anstieg von Angriffen gegen christliche Kirchen (Drucksache 20/14137) [+: AfD KA: reported sharp rise in attacks on Christian churches] | 2024-11-14 ANTRAG: Beendigung der Vereinbarung zwischen dem Bundesamt für Migration und Flüchtlinge und den Kirchenvertretern zum Kirchenas (Drucksache 20/13769) [never places: church asylum is where two CitizenGO positions pull apart (churches' rights, border control): neither side is clearly ours] | 2024-11-14 GESETZENTWURF: Gesetz zur Änderung des Grundgesetzes (Erweiterung der Verwirkungsregelung des Artikels 18 um die ungestörte Religionsau (Drucksache 20/13796) [-: AfD Basic Law bill: make freedom of religious practice (Art. 4(2)) forfeitable under Art. 18, a new limit on FoRB] | 2024-09-30 ANTRAG: Fortgesetzte Christenverfolgung in Nigeria beim Namen nennen und ächten (Drucksache 20/13119) [++: AfD motion: name and condemn continuing persecution of Christians in Nigeria] | 2023-03-10 KLEINE ANFRAGE: Schutz von Asylbewerbern christlichen Glaubens in Deutschland (Drucksache 20/5951) [+: AfD KA: protection of Christian asylum seekers in Germany]",AfD,Landesliste Baden-Württemberg
"Tobias Matthias Peterka (AfD, Landesliste Bayern)",,,,1,,,"a bill co-sponsored, 6 months ago",conflicting (3 items point the other way),9,https://www.abgeordnetenwatch.de/profile/tobias-matthias-peterka,"2026-04-07 GESETZENTWURF: Gesetz über die Grundsätze zur Ablösung der Staatsleistungen an Religions- und Weltanschauungsgemeinschaften (Drucksache 21/5212) [-: AfD bill to redeem (end) the state payments to churches, framed as a clash with neutrality; excludes Jewish communities] | 2024-12-11 KLEINE ANFRAGE: Medienberichte über massiven Anstieg von Angriffen gegen christliche Kirchen (Drucksache 20/14137) [+: AfD KA: reported sharp rise in attacks on Christian churches] | 2024-11-14 ANTRAG: Beendigung der Vereinbarung zwischen dem Bundesamt für Migration und Flüchtlinge und den Kirchenvertretern zum Kirchenas (Drucksache 20/13769) [never places: church asylum is where two CitizenGO positions pull apart (churches' rights, border control): neither side is clearly ours] | 2024-11-14 GESETZENTWURF: Gesetz zur Änderung des Grundgesetzes (Erweiterung der Verwirkungsregelung des Artikels 18 um die ungestörte Religionsau (Drucksache 20/13796) [-: AfD Basic Law bill: make freedom of religious practice (Art. 4(2)) forfeitable under Art. 18, a new limit on FoRB] | 2024-09-30 ANTRAG: Fortgesetzte Christenverfolgung in Nigeria beim Namen nennen und ächten (Drucksache 20/13119) [++: AfD motion: name and condemn continuing persecution of Christians in Nigeria] | 2023-03-15 MÜNDLICHE FRAGE: Beteiligung von Kirchen bzw. Theologen an der Kommission zur reproduktiven Selbstbestimmung und Fortpflanzungsmedizin (Drucksache 20/90) [never places: asks whether churches/theologians sit on the reproductive self-determination commission; could be for or against their inclusion] | 2021-05-06 VOTE (Bundestag): Voted Nein: Ab­lösung der Staats­leistun­gen an die Kirchen [+: Voted to keep the churches' state payments.] | 2019-05-17 VOTE (Bundestag): Voted Ja: BDS-Bewegung entgegentreten - Antisemitismus bekämpfen [never places: an antisemitism motion, not our religious-freedom ground]",AfD,Landesliste Bayern
"Filiz Polat (BÜNDNIS 90/DIE GRÜNEN, Landesliste Niedersachsen)",,,,1,,,"a vote, 5 years ago",conflicting (3 items point the other way),7,https://www.abgeordnetenwatch.de/profile/filiz-polat,"2026-05-29 KLEINE ANFRAGE: Mögliche Verbindungen zwischen christlichem Fundamentalismus und Rechtsextremismus in Deutschland (Drucksache 21/6166) [-: Greens KA: links between 'Christian fundamentalism' and right-wing extremism; casts believing Christians as an extremism risk] | 2026-01-02 SCHRIFTLICHE FRAGE: Wiederaufnahme der Entscheidungen über Asylanträge von Angehörigen religiöser oder ethnischer Minderheiten aus Syrien (Drucksache 21/3438) [never places: information question; the title asks for facts and does not show which side the author is on] | 2025-10-29 KLEINE ANFRAGE: Ein Jahr nach dem Sturz des Assad-Regimes - Ethnische und religiöse Vielfalt Syriens weiterhin unter Druck - Schutz der  (Drucksache 21/2476) [+: Greens KA: protection of Alawites, Christians, Druze in post-Assad Syria] | 2025-06-04 DEBATE: Rede ""Rechtsterrorismus und islamistischer Terrorismus, Cyberangriffe, Desinformation, Rechtsextremismus, Antisemitismus, Antiziganismus, Femizide sowie Angriffe auf queere Menschen,..."" [0: Focuses on security policy critique and extremism concerns, no clear stance on the listed areas.] | 2021-05-06 VOTE (Bundestag): Voted Ja: Ab­lösung der Staats­leistun­gen an die Kirchen [-: Voted to end the state payments owed to the churches since 1803.] | 2020-05-29 DEBATE: Rede ""Im Gutachten des Wissenschaftlichen Dienstes von 2017 zu Schule und Religionsfreiheit, das ich wirklich empfehle, wird hierzu treffend ergänzt – ich zitiere –:..."" [+: Opposes headscarf ban, argues state must respect individual's religious freedom choice.] | 2018-10-11 DEBATE: Rede ""Ich frage mich deshalb, was der Antrag eigentlich – und das wurde auch schon gesagt – unter geeigneten Maßnahmen, die religiösen Inhalte „zu unterbinden“, verstehen mag, wozu die Bundesregierung aufgefordert werden soll...."" [+: Defends religious freedom, calling AfD motion a threat to the constitutional right of religion.]",BÜNDNIS 90/DIE GRÜNEN,Landesliste Niedersachsen
"Jan Wenzel Schmidt (fraktionslos, 67 - Börde – Salzlandkreis)",,,,1,,,"a bill co-sponsored, 22 months ago",conflicting (5 items point the other way),7,https://www.abgeordnetenwatch.de/profile/jan-wenzel-schmidt,"2025-07-14 KLEINE ANFRAGE: Zur aktuellen Lage der Religionsfreiheit in der Ukraine und den russisch besetzten Gebieten sowie im Baltikum und der Re (Drucksache 21/861) [+: AfD KA: state of religious freedom in Ukraine, occupied areas, Baltics, Moldova] | 2024-12-11 KLEINE ANFRAGE: Medienberichte über massiven Anstieg von Angriffen gegen christliche Kirchen (Drucksache 20/14137) [+: AfD KA: reported sharp rise in attacks on Christian churches] | 2024-11-14 ANTRAG: Beendigung der Vereinbarung zwischen dem Bundesamt für Migration und Flüchtlinge und den Kirchenvertretern zum Kirchenas (Drucksache 20/13769) [never places: church asylum is where two CitizenGO positions pull apart (churches' rights, border control): neither side is clearly ours] | 2024-11-14 GESETZENTWURF: Gesetz zur Änderung des Grundgesetzes (Erweiterung der Verwirkungsregelung des Artikels 18 um die ungestörte Religionsau (Drucksache 20/13796) [-: AfD Basic Law bill: make freedom of religious practice (Art. 4(2)) forfeitable under Art. 18, a new limit on FoRB] | 2024-09-30 ANTRAG: Fortgesetzte Christenverfolgung in Nigeria beim Namen nennen und ächten (Drucksache 20/13119) [++: AfD motion: name and condemn continuing persecution of Christians in Nigeria] | 2024-07-02 ANTRAG: Christenverfolgung in Afghanistan ächten - Druck auf das Talibanregime erhöhen (Drucksache 20/12097) [++: AfD motion: condemn persecution of Christians in Afghanistan and press the Taliban] | 2021-12-17 SCHRIFTLICHE FRAGE: Straftaten gegen Kirchen in den letzten fünf Jahren (Drucksache 20/290) [+: SF: crimes against churches in the last five years]",fraktionslos,67 - Börde – Salzlandkreis
"Jörn König (AfD, Landesliste Niedersachsen)",,,,1,,,"a bill co-sponsored, 22 months ago",conflicting (3 items point the other way),7,https://www.abgeordnetenwatch.de/profile/joern-koenig,"2024-11-14 ANTRAG: Beendigung der Vereinbarung zwischen dem Bundesamt für Migration und Flüchtlinge und den Kirchenvertretern zum Kirchenas (Drucksache 20/13769) [never places: church asylum is where two CitizenGO positions pull apart (churches' rights, border control): neither side is clearly ours] | 2024-11-14 GESETZENTWURF: Gesetz zur Änderung des Grundgesetzes (Erweiterung der Verwirkungsregelung des Artikels 18 um die ungestörte Religionsau (Drucksache 20/13796) [-: AfD Basic Law bill: make freedom of religious practice (Art. 4(2)) forfeitable under Art. 18, a new limit on FoRB] | 2024-09-30 ANTRAG: Fortgesetzte Christenverfolgung in Nigeria beim Namen nennen und ächten (Drucksache 20/13119) [++: AfD motion: name and condemn continuing persecution of Christians in Nigeria] | 2023-01-24 ANTRAG: Einführung eines Internationalen Tages gegen die Christenverfolgung (Drucksache 20/5368) [++: AfD motion: international day against the persecution of Christians] | 2021-05-06 VOTE (Bundestag): Voted Nein: Ab­lösung der Staats­leistun­gen an die Kirchen [+: Voted to keep the churches' state payments.] | 2019-05-17 VOTE (Bundestag): Voted Ja: BDS-Bewegung entgegentreten - Antisemitismus bekämpfen [never places: an antisemitism motion, not our religious-freedom ground] | 2018-10-19 VOTE (Bundestag): Voted Nein: Stärkung des Menschenrechts auf Religionsfreiheit [this side carries no value -- its lobby tells no member apart]",AfD,Landesliste Niedersachsen
"Kay-Uwe Ziegler (AfD, 73 - Mansfeld)",,,,1,,,"a bill co-sponsored, 22 months ago",conflicting (5 items point the other way),7,https://www.abgeordnetenwatch.de/profile/kay-uwe-ziegler,"2026-05-05 ANTRAG: Kein Geld für das syrische Übergangsregime - Menschenrechte schützen, religiöse Minderheiten in Syrien vor Verfolgung be (Drucksache 21/5765) [+: AfD motion: suspend aid to Syria's transitional regime to protect religious minorities from persecution] | 2024-12-11 KLEINE ANFRAGE: Medienberichte über massiven Anstieg von Angriffen gegen christliche Kirchen (Drucksache 20/14137) [+: AfD KA: reported sharp rise in attacks on Christian churches] | 2024-11-14 ANTRAG: Beendigung der Vereinbarung zwischen dem Bundesamt für Migration und Flüchtlinge und den Kirchenvertretern zum Kirchenas (Drucksache 20/13769) [never places: church asylum is where two CitizenGO positions pull apart (churches' rights, border control): neither side is clearly ours] | 2024-11-14 GESETZENTWURF: Gesetz zur Änderung des Grundgesetzes (Erweiterung der Verwirkungsregelung des Artikels 18 um die ungestörte Religionsau (Drucksache 20/13796) [-: AfD Basic Law bill: make freedom of religious practice (Art. 4(2)) forfeitable under Art. 18, a new limit on FoRB] | 2024-09-30 ANTRAG: Fortgesetzte Christenverfolgung in Nigeria beim Namen nennen und ächten (Drucksache 20/13119) [++: AfD motion: name and condemn continuing persecution of Christians in Nigeria] | 2023-03-10 KLEINE ANFRAGE: Schutz von Asylbewerbern christlichen Glaubens in Deutschland (Drucksache 20/5951) [+: AfD KA: protection of Christian asylum seekers in Germany] | 2023-01-24 ANTRAG: Einführung eines Internationalen Tages gegen die Christenverfolgung (Drucksache 20/5368) [++: AfD motion: international day against the persecution of Christians]",AfD,73 - Mansfeld
"Kay Gottschalk (AfD, Landesliste Nordrhein-Westfalen)",,,,1,,,"a bill co-sponsored, 22 months ago",conflicting (2 items point the other way),6,https://www.abgeordnetenwatch.de/profile/kay-gottschalk,"2026-06-12 KLEINE ANFRAGE: Staatliche Förderung kirchlicher Entwicklungsorganisationen (Drucksache 21/6456) [never places: asks about state funding of church development agencies; no side shown] | 2024-11-14 GESETZENTWURF: Gesetz zur Änderung des Grundgesetzes (Erweiterung der Verwirkungsregelung des Artikels 18 um die ungestörte Religionsau (Drucksache 20/13796) [-: AfD Basic Law bill: make freedom of religious practice (Art. 4(2)) forfeitable under Art. 18, a new limit on FoRB] | 2023-03-10 KLEINE ANFRAGE: Schutz von Asylbewerbern christlichen Glaubens in Deutschland (Drucksache 20/5951) [+: AfD KA: protection of Christian asylum seekers in Germany] | 2021-05-06 VOTE (Bundestag): Voted Nein: Ab­lösung der Staats­leistun­gen an die Kirchen [+: Voted to keep the churches' state payments.] | 2019-05-17 VOTE (Bundestag): Voted Ja: BDS-Bewegung entgegentreten - Antisemitismus bekämpfen [never places: an antisemitism motion, not our religious-freedom ground] | 2018-10-19 VOTE (Bundestag): Voted Nein: Stärkung des Menschenrechts auf Religionsfreiheit [this side carries no value -- its lobby tells no member apart]",AfD,Landesliste Nordrhein-Westfalen
"Markus Frohnmaier (AfD, Landesliste Baden-Württemberg)",,,,1,,,"a bill co-sponsored, 22 months ago",conflicting (2 items point the other way),6,https://www.abgeordnetenwatch.de/profile/markus-frohnmaier,"2024-11-14 GESETZENTWURF: Gesetz zur Änderung des Grundgesetzes (Erweiterung der Verwirkungsregelung des Artikels 18 um die ungestörte Religionsau (Drucksache 20/13796) [-: AfD Basic Law bill: make freedom of religious practice (Art. 4(2)) forfeitable under Art. 18, a new limit on FoRB] | 2024-09-30 ANTRAG: Fortgesetzte Christenverfolgung in Nigeria beim Namen nennen und ächten (Drucksache 20/13119) [++: AfD motion: name and condemn continuing persecution of Christians in Nigeria] | 2024-06-05 DEBATE: Rede ""Nun zum Thema unserer Debatte. Die gewaltsame Entnahme von menschlichen Organen, der Handel mit ihnen, mit Waffen, mit Drogen, mit Menschen, Zwangsprostitution und Auftragsmorde, Unterschlupf für islamistische Gefährder:..."" [0: Lists Kosovo organised crime including organ trade as part of broader funding critique, no clear policy stance.] | 2023-01-25 KLEINE ANFRAGE: Kenntnisse und Position der Bundesregierung zum Vorgehen gegen Oppositionspolitiker und Oppositionsparteien sowie die Uk (Drucksache 20/5369) [never places: asks about treatment of opposition and the Ukrainian Orthodox Church; mixed subject, no clear FoRB side] | 2023-01-24 KLEINE ANFRAGE: Deutsche Entwicklungszusammenarbeit mit Nigeria und Besuch des deutschen Beauftragten für Religions- und Weltanschauungs (Drucksache 20/5339) [never places: information question; the title asks for facts and does not show which side the author is on] | 2021-05-06 VOTE (Bundestag): Voted Nein: Ab­lösung der Staats­leistun­gen an die Kirchen [+: Voted to keep the churches' state payments.]",AfD,Landesliste Baden-Württemberg
"Marlene Schönberger (BÜNDNIS 90/DIE GRÜNEN, Landesliste Bayern)",,,,1,,,"a speech, 2 years ago",conflicting (2 items point the other way),6,https://www.abgeordnetenwatch.de/profile/marlene-schoenberger,"2026-05-29 KLEINE ANFRAGE: Mögliche Verbindungen zwischen christlichem Fundamentalismus und Rechtsextremismus in Deutschland (Drucksache 21/6166) [-: Greens KA: links between 'Christian fundamentalism' and right-wing extremism; casts believing Christians as an extremism risk] | 2025-10-29 KLEINE ANFRAGE: Ein Jahr nach dem Sturz des Assad-Regimes - Ethnische und religiöse Vielfalt Syriens weiterhin unter Druck - Schutz der  (Drucksache 21/2476) [+: Greens KA: protection of Alawites, Christians, Druze in post-Assad Syria] | 2024-06-26 DEBATE: Rede ""Liebe Kolleginnen und Kollegen, Demokratie lebt von Wissenschafts- und Meinungsfreiheit. Demokratie zu verteidigen, bedeutet, diese Freiheiten zu schützen vor Desinformation und Verschwörungstheorien;..."" [-: Criticises Union for queerfeindlich framing of self-determination debate, opposing sex-based rights stance.] | 2024-05-17 DEBATE: Rede ""Gleichzeitig gibt es kaum eine Debatte zum Kampf gegen den Islamismus ohne rassistische Stereotype. Immer wieder wird die schiefe Behauptung aufgestellt, das Problem lasse sich durch Abschiebungen und Passentzug lösen. L..."" [+: Criticises stereotyping of Muslims and defends fair treatment of religious minority, favouring religious freedom.] | 2024-04-12 DEBATE: Rede ""Die Staatsanwaltschaft sieht keine Volksverhetzung und stellt die Ermittlungen trotz Beschwerden zweimal ein. Das zeigt: Keine Strafrechtsverschärfung wird uns helfen, Antisemitismus besser zu bekämpfen, wenn es weiter a..."" [0: Advocates education over legal changes against antisemitism, no clear free speech or religion direction.] | 2024-03-20 DEBATE: Rede ""Der Grund: Konservative und Rechte, die meinen, das deutsche Antisemitismusproblem, das wir seit Jahrhunderten haben, durch Abschiebungen lösen zu können...."" [0: Discusses education against antisemitism and deportation criticism; no clear FoRB direction.]",BÜNDNIS 90/DIE GRÜNEN,Landesliste Bayern
"Michael Kaufmann (AfD, 194 - Saalfeld-Rudolstadt – Saale-Holzland-Kreis – Saale-Orla-Kreis)",,,,1,,,"a bill co-sponsored, 22 months ago",conflicting (4 items point the other way),6,https://www.abgeordnetenwatch.de/profile/michael-kaufmann,"2026-03-24 ANTRAG: Schutz von Kindern und Jugendlichen vor religiösem Zwang, Mobbing und gruppendynamischem Druck stärken - Auch Konversion (Drucksache 21/4941) [+: AfD motion: protect children from religious coercion and conversion pressure in schools, explicitly without blanket limits on religious freedom] | 2024-12-11 KLEINE ANFRAGE: Medienberichte über massiven Anstieg von Angriffen gegen christliche Kirchen (Drucksache 20/14137) [+: AfD KA: reported sharp rise in attacks on Christian churches] | 2024-11-14 ANTRAG: Beendigung der Vereinbarung zwischen dem Bundesamt für Migration und Flüchtlinge und den Kirchenvertretern zum Kirchenas (Drucksache 20/13769) [never places: church asylum is where two CitizenGO positions pull apart (churches' rights, border control): neither side is clearly ours] | 2024-11-14 GESETZENTWURF: Gesetz zur Änderung des Grundgesetzes (Erweiterung der Verwirkungsregelung des Artikels 18 um die ungestörte Religionsau (Drucksache 20/13796) [-: AfD Basic Law bill: make freedom of religious practice (Art. 4(2)) forfeitable under Art. 18, a new limit on FoRB] | 2024-09-30 ANTRAG: Fortgesetzte Christenverfolgung in Nigeria beim Namen nennen und ächten (Drucksache 20/13119) [++: AfD motion: name and condemn continuing persecution of Christians in Nigeria] | 2023-03-10 KLEINE ANFRAGE: Schutz von Asylbewerbern christlichen Glaubens in Deutschland (Drucksache 20/5951) [+: AfD KA: protection of Christian asylum seekers in Germany]",AfD,194 - Saalfeld-Rudolstadt – Saale-Holzland-Kreis – Saale-Orla-Kreis
"Steffen Kotré (AfD, 62 - Dahme-Spreewald – Teltow-Fläming III)",,,,1,,,"a speech, 21 months ago",conflicting (2 items point the other way),6,https://www.abgeordnetenwatch.de/profile/steffen-kotre,"2024-12-18 DEBATE: Rede ""Mit dem Ende des Bürgerkrieges und dem Sturz Assads ist deren Aufenthaltsrecht erloschen, da der Flüchtlingsstatus entfallen ist...."" [-: Frames Muslim religious expression as threat requiring deportation, opposing free religious practice.] | 2024-11-14 GESETZENTWURF: Gesetz zur Änderung des Grundgesetzes (Erweiterung der Verwirkungsregelung des Artikels 18 um die ungestörte Religionsau (Drucksache 20/13796) [-: AfD Basic Law bill: make freedom of religious practice (Art. 4(2)) forfeitable under Art. 18, a new limit on FoRB] | 2023-03-10 KLEINE ANFRAGE: Schutz von Asylbewerbern christlichen Glaubens in Deutschland (Drucksache 20/5951) [+: AfD KA: protection of Christian asylum seekers in Germany] | 2023-01-25 KLEINE ANFRAGE: Kenntnisse und Position der Bundesregierung zum Vorgehen gegen Oppositionspolitiker und Oppositionsparteien sowie die Uk (Drucksache 20/5369) [never places: asks about treatment of opposition and the Ukrainian Orthodox Church; mixed subject, no clear FoRB side] | 2021-05-06 VOTE (Bundestag): Voted Nein: Ab­lösung der Staats­leistun­gen an die Kirchen [+: Voted to keep the churches' state payments.] | 2019-05-17 VOTE (Bundestag): Voted Ja: BDS-Bewegung entgegentreten - Antisemitismus bekämpfen [never places: an antisemitism motion, not our religious-freedom ground]",AfD,62 - Dahme-Spreewald – Teltow-Fläming III
"Thomas Dietz (AfD, 163 - Erzgebirgskreis I)",,,,1,,,"a bill co-sponsored, 22 months ago",conflicting (3 items point the other way),6,https://www.abgeordnetenwatch.de/profile/thomas-dietz,"2026-05-05 ANTRAG: Kein Geld für das syrische Übergangsregime - Menschenrechte schützen, religiöse Minderheiten in Syrien vor Verfolgung be (Drucksache 21/5765) [+: AfD motion: suspend aid to Syria's transitional regime to protect religious minorities from persecution] | 2024-12-11 KLEINE ANFRAGE: Medienberichte über massiven Anstieg von Angriffen gegen christliche Kirchen (Drucksache 20/14137) [+: AfD KA: reported sharp rise in attacks on Christian churches] | 2024-11-14 ANTRAG: Beendigung der Vereinbarung zwischen dem Bundesamt für Migration und Flüchtlinge und den Kirchenvertretern zum Kirchenas (Drucksache 20/13769) [never places: church asylum is where two CitizenGO positions pull apart (churches' rights, border control): neither side is clearly ours] | 2024-11-14 GESETZENTWURF: Gesetz zur Änderung des Grundgesetzes (Erweiterung der Verwirkungsregelung des Artikels 18 um die ungestörte Religionsau (Drucksache 20/13796) [-: AfD Basic Law bill: make freedom of religious practice (Art. 4(2)) forfeitable under Art. 18, a new limit on FoRB] | 2023-12-08 SCHRIFTLICHE FRAGE: Rückführung von Jeziden in den Irak (Drucksache 20/9662) [never places: information question; the title asks for facts and does not show which side the author is on] | 2023-03-10 KLEINE ANFRAGE: Schutz von Asylbewerbern christlichen Glaubens in Deutschland (Drucksache 20/5951) [+: AfD KA: protection of Christian asylum seekers in Germany]",AfD,163 - Erzgebirgskreis I
"Karsten Hilse (AfD, 155 - Bautzen I)",,,,1,,,"a bill co-sponsored, 22 months ago",conflicting (1 item point the other way),5,https://www.abgeordnetenwatch.de/profile/karsten-hilse,"2024-11-14 ANTRAG: Beendigung der Vereinbarung zwischen dem Bundesamt für Migration und Flüchtlinge und den Kirchenvertretern zum Kirchenas (Drucksache 20/13769) [never places: church asylum is where two CitizenGO positions pull apart (churches' rights, border control): neither side is clearly ours] | 2024-11-14 GESETZENTWURF: Gesetz zur Änderung des Grundgesetzes (Erweiterung der Verwirkungsregelung des Artikels 18 um die ungestörte Religionsau (Drucksache 20/13796) [-: AfD Basic Law bill: make freedom of religious practice (Art. 4(2)) forfeitable under Art. 18, a new limit on FoRB] | 2021-05-06 VOTE (Bundestag): Voted Nein: Ab­lösung der Staats­leistun­gen an die Kirchen [+: Voted to keep the churches' state payments.] | 2019-05-17 VOTE (Bundestag): Voted Ja: BDS-Bewegung entgegentreten - Antisemitismus bekämpfen [never places: an antisemitism motion, not our religious-freedom ground] | 2018-10-19 VOTE (Bundestag): Voted Nein: Stärkung des Menschenrechts auf Religionsfreiheit [this side carries no value -- its lobby tells no member apart]",AfD,155 - Bautzen I
Uwe Schulz (AfD),,,,1,,,"a bill co-sponsored, 22 months ago",conflicting (3 items point the other way),5,https://www.abgeordnetenwatch.de/profile/uwe-schulz-0,"2026-09-01 KLEINE ANFRAGE: Lage der christlichen Minderheit im Jemen im Kontext des langjährigen Bürgerkriegs und der dschihadistischen Bedrohung (Drucksache 21/7796) [+: AfD KA: Christian minority in Yemen under jihadist threat] | 2026-08-17 KLEINE ANFRAGE: Abschiebekriterien, der Schutz religiöser Minderheiten, Christenverfolgung und Abschiebung syrischer Christen (Drucksache 21/7597) [+: AfD KA: protection of religious minorities, persecution of Christians, deportation of Syrian Christians] | 2024-11-14 GESETZENTWURF: Gesetz zur Änderung des Grundgesetzes (Erweiterung der Verwirkungsregelung des Artikels 18 um die ungestörte Religionsau (Drucksache 20/13796) [-: AfD Basic Law bill: make freedom of religious practice (Art. 4(2)) forfeitable under Art. 18, a new limit on FoRB] | 2021-05-06 VOTE (Bundestag): Voted Nein: Ab­lösung der Staats­leistun­gen an die Kirchen [+: Voted to keep the churches' state payments.] | 2018-10-19 VOTE (Bundestag): Voted Nein: Stärkung des Menschenrechts auf Religionsfreiheit [this side carries no value -- its lobby tells no member apart]",AfD,
"Britta Haßelmann (BÜNDNIS 90/DIE GRÜNEN, Landesliste Nordrhein-Westfalen)",,,,1,,,"a speech, 11 years ago",conflicting (1 item point the other way),4,https://www.abgeordnetenwatch.de/profile/britta-hasselmann,"2019-05-17 VOTE (Bundestag): Voted Nein: BDS-Bewegung entgegentreten - Antisemitismus bekämpfen [never places: an antisemitism motion, not our religious-freedom ground] | 2016-02-26 DEBATE: Rede ""an dieser so einseitigen Besetzung und an dieser monothematischen Besetzung im Hinblick auf Religionsfreiheit. Damit tun Sie dem Institut und dem Kuratorium keinen Gefallen...."" [-: Criticises human rights institute board as overly focused on religious freedom, seeking to dilute that emphasis.] | 2015-02-25 DEBATE: Rede ""Ich würde gerne von der Bundesregierung wissen, welche Entscheidungen die Bundesregierung nach den Ankündigungen des Bundesinnenministers in Sachen Kirchenasyl vorbereitet, um hier Änderungen vorzunehmen?..."" [0: Procedural question seeking government plans on church asylum, no stance expressed.] | 2012-12-12 VOTE (Bundestag): Voted Ja: Beschneidung von Jungen aus religiösen Gründen [+: Voted to keep religious circumcision lawful for Jewish and Muslim families.]",BÜNDNIS 90/DIE GRÜNEN,Landesliste Nordrhein-Westfalen
"Claudia Roth (BÜNDNIS 90/DIE GRÜNEN, Landesliste Bayern)",,,,1,,,"a vote, 5 years ago",conflicting (2 items point the other way),4,https://www.abgeordnetenwatch.de/profile/claudia-roth,"2025-10-29 KLEINE ANFRAGE: Ein Jahr nach dem Sturz des Assad-Regimes - Ethnische und religiöse Vielfalt Syriens weiterhin unter Druck - Schutz der  (Drucksache 21/2476) [+: Greens KA: protection of Alawites, Christians, Druze in post-Assad Syria] | 2021-05-06 VOTE (Bundestag): Voted Ja: Ab­lösung der Staats­leistun­gen an die Kirchen [-: Voted to end the state payments owed to the churches since 1803.] | 2019-05-17 VOTE (Bundestag): Voted Nein: BDS-Bewegung entgegentreten - Antisemitismus bekämpfen [never places: an antisemitism motion, not our religious-freedom ground] | 2012-12-12 VOTE (Bundestag): Voted Ja: Beschneidung von Jungen aus religiösen Gründen [+: Voted to keep religious circumcision lawful for Jewish and Muslim families.]",BÜNDNIS 90/DIE GRÜNEN,Landesliste Bayern
"Gregor Gysi (Die Linke, 83 - Berlin-Treptow-Köpenick)",,,,1,,,"a vote, 5 years ago",conflicting (2 items point the other way),4,https://www.abgeordnetenwatch.de/profile/gregor-gysi,"2021-05-06 VOTE (Bundestag): Voted Ja: Ab­lösung der Staats­leistun­gen an die Kirchen [-: Voted to end the state payments owed to the churches since 1803.] | 2016-09-23 DEBATE: Rede ""Mit anderen Worten: Das Notwendige müssen wir regeln und ansonsten die Freiheit der Menschen, einschließlich der Religions- und Glaubensfreiheit sowie des Rechts auf Freiheit von der Religion, achten...."" [-: Supports mandatory face-showing restrictions on burka for public-facing state employees, limiting religious expression.] | 2013-06-27 DEBATE: Rede ""nur, wenn es Religionsfreiheit für ale gibt, für ale..."" [+: Insists Turkey must respect religious freedom for all faiths as condition for EU dialogue.] | 2012-12-12 VOTE (Bundestag): Voted Ja: Beschneidung von Jungen aus religiösen Gründen [+: Voted to keep religious circumcision lawful for Jewish and Muslim families.]",Die Linke,83 - Berlin-Treptow-Köpenick
"Irene Mihalic (BÜNDNIS 90/DIE GRÜNEN, Landesliste Nordrhein-Westfalen)",,,,1,,,"a vote, 5 years ago",moderate (whipped vote),4,https://www.abgeordnetenwatch.de/profile/irene-mihalic,"2026-05-29 KLEINE ANFRAGE: Mögliche Verbindungen zwischen christlichem Fundamentalismus und Rechtsextremismus in Deutschland (Drucksache 21/6166) [-: Greens KA: links between 'Christian fundamentalism' and right-wing extremism; casts believing Christians as an extremism risk] | 2024-06-13 DEBATE: Rede ""Wie wichtig uns das ist, machen wir Grüne auch schon seit Jahren deutlich. Schon 2020 haben wir als Konsequenz aus den Terroranschlägen von Berlin, Paris, Nizza und Wien in einem Antrag gefordert, Abschiebungen von islam..."" [0: Focuses on counter-terror deportation of Islamist threats, not on religious freedom protection.] | 2021-05-06 VOTE (Bundestag): Voted Ja: Ab­lösung der Staats­leistun­gen an die Kirchen [-: Voted to end the state payments owed to the churches since 1803.] | 2019-05-17 VOTE (Bundestag): Voted Nein: BDS-Bewegung entgegentreten - Antisemitismus bekämpfen [never places: an antisemitism motion, not our religious-freedom ground]",BÜNDNIS 90/DIE GRÜNEN,Landesliste Nordrhein-Westfalen
"Luise Amtsberg (BÜNDNIS 90/DIE GRÜNEN, 5 - Kiel)",,,,1,,,"a vote, 5 years ago",conflicting (1 item point the other way),4,https://www.abgeordnetenwatch.de/profile/luise-amtsberg,"2025-12-19 DEBATE: Rede ""Transitional Justice, die Etablierung von Parteien, die Stärkung der Zivilgesellschaft, Aufarbeitung und Aussöhnung – nichts dazu ist von Ihnen zu hören. Stattdessen reduzieren Sie das Land immer und immer wieder auf die..."" [0: Focus on Syrian transitional justice, no specific religious freedom stance stated.] | 2025-10-29 KLEINE ANFRAGE: Ein Jahr nach dem Sturz des Assad-Regimes - Ethnische und religiöse Vielfalt Syriens weiterhin unter Druck - Schutz der  (Drucksache 21/2476) [+: Greens KA: protection of Alawites, Christians, Druze in post-Assad Syria] | 2021-05-06 VOTE (Bundestag): Voted Ja: Ab­lösung der Staats­leistun­gen an die Kirchen [-: Voted to end the state payments owed to the churches since 1803.] | 2019-05-17 VOTE (Bundestag): Voted Nein: BDS-Bewegung entgegentreten - Antisemitismus bekämpfen [never places: an antisemitism motion, not our religious-freedom ground]",BÜNDNIS 90/DIE GRÜNEN,5 - Kiel
"Martin Rabanus (SPD, Landesliste Hessen)",,,,1,,,"a speech, 3 years ago",conflicting (2 items point the other way),4,https://www.abgeordnetenwatch.de/profile/martin-rabanus,"2024-03-22 DEBATE: Rede ""Lassen Sie mich abschließend einen anderen Punkt deutlich machen. Ja, in unserem Land herrscht Meinungsfreiheit. Das ist so. Aber Antisemitismus oder Faschismus beispielsweise sind keine Meinungen, sondern Verbrechen. Un..."" [-: Argues certain speech (antisemitism, fascism) is crime not opinion, favouring restriction over broad free speech defence.] | 2021-05-06 VOTE (Bundestag): Voted Nein: Ab­lösung der Staats­leistun­gen an die Kirchen [+: Voted to keep the churches' state payments.] | 2019-05-17 VOTE (Bundestag): Voted Nein: BDS-Bewegung entgegentreten - Antisemitismus bekämpfen [never places: an antisemitism motion, not our religious-freedom ground] | 2018-10-19 VOTE (Bundestag): Voted Ja: Stärkung des Menschenrechts auf Religionsfreiheit [+: Voted to strengthen Germany's international work for freedom of religion.]",SPD,Landesliste Hessen
"Steffen Janich (AfD, 157 - Sächsische Schweiz-Osterzgebirge)",,,,1,,,"a bill co-sponsored, 22 months ago",conflicting (3 items point the other way),4,https://www.abgeordnetenwatch.de/profile/steffen-janich,"2026-05-05 ANTRAG: Kein Geld für das syrische Übergangsregime - Menschenrechte schützen, religiöse Minderheiten in Syrien vor Verfolgung be (Drucksache 21/5765) [+: AfD motion: suspend aid to Syria's transitional regime to protect religious minorities from persecution] | 2026-04-30 SCHRIFTLICHE FRAGE: Menschenrechtslage von Christen im Dorf Taybeh im Westjordanland (Drucksache 21/5661) [+: SF: human rights of Christians in Taybeh, West Bank] | 2024-11-14 GESETZENTWURF: Gesetz zur Änderung des Grundgesetzes (Erweiterung der Verwirkungsregelung des Artikels 18 um die ungestörte Religionsau (Drucksache 20/13796) [-: AfD Basic Law bill: make freedom of religious practice (Art. 4(2)) forfeitable under Art. 18, a new limit on FoRB] | 2024-06-13 DEBATE: Rede ""Gruppenvergewaltigungen, Vielehen, weibliche Genitalverstümmelungen, Zwangsehen, antisemitische Hamas-Demonstrationen, Clankriminalität und eben auch die in diesem Antrag beklagten Sympathiebekundungen für den islamistis..."" [++: Frames imported crime from migration as major problem, strongly favouring border control.]",AfD,157 - Sächsische Schweiz-Osterzgebirge
"Agnieszka Brugger (BÜNDNIS 90/DIE GRÜNEN, Landesliste Baden-Württemberg)",,,,1,,,"a vote, 5 years ago",conflicting (1 item point the other way),3,https://www.abgeordnetenwatch.de/profile/agnieszka-brugger,"2025-10-29 KLEINE ANFRAGE: Ein Jahr nach dem Sturz des Assad-Regimes - Ethnische und religiöse Vielfalt Syriens weiterhin unter Druck - Schutz der  (Drucksache 21/2476) [+: Greens KA: protection of Alawites, Christians, Druze in post-Assad Syria] | 2021-05-06 VOTE (Bundestag): Voted Ja: Ab­lösung der Staats­leistun­gen an die Kirchen [-: Voted to end the state payments owed to the churches since 1803.] | 2019-05-17 VOTE (Bundestag): Voted Nein: BDS-Bewegung entgegentreten - Antisemitismus bekämpfen [never places: an antisemitism motion, not our religious-freedom ground]",BÜNDNIS 90/DIE GRÜNEN,Landesliste Baden-Württemberg
"Anton Hofreiter (BÜNDNIS 90/DIE GRÜNEN, Landesliste Bayern)",,,,1,,,"a vote, 5 years ago",conflicting (1 item point the other way),3,https://www.abgeordnetenwatch.de/profile/anton-hofreiter,"2021-05-06 VOTE (Bundestag): Voted Ja: Ab­lösung der Staats­leistun­gen an die Kirchen [-: Voted to end the state payments owed to the churches since 1803.] | 2019-05-17 VOTE (Bundestag): Voted Nein: BDS-Bewegung entgegentreten - Antisemitismus bekämpfen [never places: an antisemitism motion, not our religious-freedom ground] | 2015-01-15 DEBATE: Rede ""Die Sicherheit steht im Dienste der Freiheit, im Dienste der Menschen, nicht umgekehrt. Gegen Kalaschnikows macht die Vorratsdatenspeicherung der Daten aller Bürger, auch aller unbescholtenen Bürger, doch keinen Sinn. Da..."" [+: Opposes blanket data retention, defends freedom and pluralism, aligning with free speech/religion defence.]",BÜNDNIS 90/DIE GRÜNEN,Landesliste Bayern
"Caren Lay (Die Linke, Landesliste Sachsen)",,,,1,,,"a vote, 5 years ago",conflicting (1 item point the other way),3,https://www.abgeordnetenwatch.de/profile/caren-lay,"2021-05-06 VOTE (Bundestag): Voted Ja: Ab­lösung der Staats­leistun­gen an die Kirchen [-: Voted to end the state payments owed to the churches since 1803.] | 2019-05-17 VOTE (Bundestag): Voted Nein: BDS-Bewegung entgegentreten - Antisemitismus bekämpfen [never places: an antisemitism motion, not our religious-freedom ground] | 2012-12-12 VOTE (Bundestag): Voted Ja: Beschneidung von Jungen aus religiösen Gründen [+: Voted to keep religious circumcision lawful for Jewish and Muslim families.]",Die Linke,Landesliste Sachsen
"Franziska Brantner (BÜNDNIS 90/DIE GRÜNEN, Landesliste Baden-Württemberg)",,,,1,,,"a vote, 5 years ago",moderate (whipped vote),3,https://www.abgeordnetenwatch.de/profile/franziska-brantner,"2021-05-06 VOTE (Bundestag): Voted Ja: Ab­lösung der Staats­leistun­gen an die Kirchen [-: Voted to end the state payments owed to the churches since 1803.] | 2019-05-17 VOTE (Bundestag): Voted Nein: BDS-Bewegung entgegentreten - Antisemitismus bekämpfen [never places: an antisemitism motion, not our religious-freedom ground] | 2014-11-27 DEBATE: Rede ""Kein Geld für die Qualität in der Kindertagesbetreuung, die Beibehaltung des Betreuungsgeldes, eine Leerstelle bei der steigenden Kinderarmut, verpasste Chancen, um Alleinerziehende zu stärken, kleine Schritte beim Elter..."" [0: Budget and childcare critique, no clear marriage/family direction.]",BÜNDNIS 90/DIE GRÜNEN,Landesliste Baden-Württemberg
"Lisa Paus (BÜNDNIS 90/DIE GRÜNEN, Landesliste Berlin)",,,,1,,,"a vote, 5 years ago",conflicting (1 item point the other way),3,https://www.abgeordnetenwatch.de/profile/lisa-paus,"2021-05-06 VOTE (Bundestag): Voted Ja: Ab­lösung der Staats­leistun­gen an die Kirchen [-: Voted to end the state payments owed to the churches since 1803.] | 2019-05-17 VOTE (Bundestag): Voted Nein: BDS-Bewegung entgegentreten - Antisemitismus bekämpfen [never places: an antisemitism motion, not our religious-freedom ground] | 2012-12-12 VOTE (Bundestag): Voted Ja: Beschneidung von Jungen aus religiösen Gründen [+: Voted to keep religious circumcision lawful for Jewish and Muslim families.]",BÜNDNIS 90/DIE GRÜNEN,Landesliste Berlin
"Michael Breilmann (CDU/CSU, Landesliste Nordrhein-Westfalen)",,,,1,,,"a speech, 3 years ago",conflicting (1 item point the other way),3,https://www.abgeordnetenwatch.de/profile/michael-breilmann,"2024-11-07 DEBATE: Rede ""Ich möchte auch betonen: Grundrechte wie die Meinungs- und Kunstfreiheit werden durch unsere Resolution gerade nicht gefährdet; denn Kunst- und auch Meinungsfreiheit erlauben keinen Antisemitismus. Strafrechtlich relevan..."" [0: States free speech doesn't permit antisemitism but doesn't push overreach or protection stance clearly.] | 2024-03-20 DEBATE: Rede ""Deswegen müssen wir alles tun, um die Verbreitung von Hass und Hetze gegen Israel und jüdische Bürgerinnen und Bürger zu verhindern. Wer gegen Israel hetzt, muss mit mindestens sechs Monaten Freiheitsstrafe bestraft werd..."" [-: Calls for criminal penalties for anti-Israel speech and banning organisations, favouring speech restriction.] | 2023-04-21 SCHRIFTLICHE FRAGE: Benachteiligungsschutz für jüdische Studierende im Hinblick auf Examina und Prüfungen an jüdischen Feiertagen und am Sch (Drucksache 20/6495) [+: SF: exam protections for Jewish students on holy days/Sabbath (religious accommodation)]",CDU/CSU,Landesliste Nordrhein-Westfalen
"Pascal Meiser (Die Linke, 82 - Berlin-Friedrichshain-Kreuzberg – Prenzlauer Berg Ost)",,,,1,,,"a vote, 5 years ago",moderate (whipped vote),3,https://www.abgeordnetenwatch.de/profile/pascal-meiser,"2022-05-10 ANTRAG: Arbeitsbedingungen in der Langzeitpflege nachhaltig verbessern - Faktisches Veto-Recht der kirchlichen Kommissionen stre (Drucksache 20/1729) [-: Linke motion: strike church commissions' veto in care-sector wage extension, curbing church self-governance (Art. 137 WRV)] | 2021-05-06 VOTE (Bundestag): Voted Ja: Ab­lösung der Staats­leistun­gen an die Kirchen [-: Voted to end the state payments owed to the churches since 1803.] | 2019-05-17 VOTE (Bundestag): Voted Nein: BDS-Bewegung entgegentreten - Antisemitismus bekämpfen [never places: an antisemitism motion, not our religious-freedom ground]",Die Linke,82 - Berlin-Friedrichshain-Kreuzberg – Prenzlauer Berg Ost
"Sascha Lensing (AfD, Landesliste Nordrhein-Westfalen)",,,,1,,,"a speech, 15 months ago",thin (only 1 evidence item on record),3,https://www.abgeordnetenwatch.de/profile/sascha-lensing,"2026-03-25 DEBATE: Rede ""Ergibt sich nach Ansicht des Bundesministers des Innern, Alexander Dobrindt, eine Problematik daraus, dass die Bereiche „Flucht, Ausländerrecht, Abschiebung, Unterbringungssystem etc.“ in den Bundesländern, unter anderem..."" [0: Factual question about ministry jurisdiction over migration/security matters, no clear direction.] | 2025-06-25 DEBATE: Rede ""Das Bundesamt für Migration und Flüchtlinge (BAMF) steht in einem beständigen Austausch mit Vertretern der Kirchen zum sogenannten Kirchenasyl...."" [-: Suggests ending church-asylum agreement with churches, implying restriction of religious sanctuary practice.] | 2025-06-25 MÜNDLICHE FRAGE: Steigende Anzahl von Kirchenasylfällen (Drucksache 21/13) [never places: information question; the title asks for facts and does not show which side the author is on]",AfD,Landesliste Nordrhein-Westfalen
"Bernd Schattner (AfD, Landesliste Rheinland-Pfalz)",,,,1,,,"a bill co-sponsored, 22 months ago",conflicting (1 item point the other way),2,https://www.abgeordnetenwatch.de/profile/bernd-schattner,"2024-11-14 GESETZENTWURF: Gesetz zur Änderung des Grundgesetzes (Erweiterung der Verwirkungsregelung des Artikels 18 um die ungestörte Religionsau (Drucksache 20/13796) [-: AfD Basic Law bill: make freedom of religious practice (Art. 4(2)) forfeitable under Art. 18, a new limit on FoRB] | 2021-11-12 SCHRIFTLICHE FRAGE: Zahl sogenannter Kirchenschändungen in den letzten fünf Jahren (Drucksache 20/40) [+: SF: church desecrations in the last five years]",AfD,Landesliste Rheinland-Pfalz
"Corinna Rüffer (BÜNDNIS 90/DIE GRÜNEN, Landesliste Rheinland-Pfalz)",,,,1,,,"a vote, 5 years ago",moderate (whipped vote),2,https://www.abgeordnetenwatch.de/profile/corinna-rueffer,"2021-05-06 VOTE (Bundestag): Voted Ja: Ab­lösung der Staats­leistun­gen an die Kirchen [-: Voted to end the state payments owed to the churches since 1803.] | 2019-05-17 VOTE (Bundestag): Voted Nein: BDS-Bewegung entgegentreten - Antisemitismus bekämpfen [never places: an antisemitism motion, not our religious-freedom ground]",BÜNDNIS 90/DIE GRÜNEN,Landesliste Rheinland-Pfalz
"Doris Achelwilm (Die Linke, Landesliste Bremen)",,,,1,,,"a vote, 5 years ago",moderate (whipped vote),2,https://www.abgeordnetenwatch.de/profile/doris-achelwilm,"2021-05-06 VOTE (Bundestag): Voted Ja: Ab­lösung der Staats­leistun­gen an die Kirchen [-: Voted to end the state payments owed to the churches since 1803.] | 2019-05-17 VOTE (Bundestag): Voted Nein: BDS-Bewegung entgegentreten - Antisemitismus bekämpfen [never places: an antisemitism motion, not our religious-freedom ground]",Die Linke,Landesliste Bremen
"Harald Ebner (BÜNDNIS 90/DIE GRÜNEN, Landesliste Baden-Württemberg)",,,,1,,,"a vote, 5 years ago",moderate (whipped vote),2,https://www.abgeordnetenwatch.de/profile/harald-ebner,2021-05-06 VOTE (Bundestag): Voted Ja: Ab­lösung der Staats­leistun­gen an die Kirchen [-: Voted to end the state payments owed to the churches since 1803.] | 2012-12-12 VOTE (Bundestag): Voted Nein: Beschneidung von Jungen aus religiösen Gründen [-: Voted against keeping religious circumcision lawful.],BÜNDNIS 90/DIE GRÜNEN,Landesliste Baden-Württemberg
"Jörg Cezanne (Die Linke, Landesliste Hessen)",,,,1,,,"a vote, 5 years ago",moderate (whipped vote),2,https://www.abgeordnetenwatch.de/profile/joerg-cezanne,"2021-05-06 VOTE (Bundestag): Voted Ja: Ab­lösung der Staats­leistun­gen an die Kirchen [-: Voted to end the state payments owed to the churches since 1803.] | 2019-05-17 VOTE (Bundestag): Voted Nein: BDS-Bewegung entgegentreten - Antisemitismus bekämpfen [never places: an antisemitism motion, not our religious-freedom ground]",Die Linke,Landesliste Hessen
"Kirsten Kappert-Gonther (BÜNDNIS 90/DIE GRÜNEN, Landesliste Bremen)",,,,1,,,"a vote, 5 years ago",moderate (whipped vote),2,https://www.abgeordnetenwatch.de/profile/kirsten-kappert-gonther,"2021-05-06 VOTE (Bundestag): Voted Ja: Ab­lösung der Staats­leistun­gen an die Kirchen [-: Voted to end the state payments owed to the churches since 1803.] | 2019-05-17 VOTE (Bundestag): Voted Nein: BDS-Bewegung entgegentreten - Antisemitismus bekämpfen [never places: an antisemitism motion, not our religious-freedom ground]",BÜNDNIS 90/DIE GRÜNEN,Landesliste Bremen
"Lorenz Gösta Beutin (Die Linke, Landesliste Schleswig-Holstein)",,,,1,,,"a vote, 5 years ago",moderate (whipped vote),2,https://www.abgeordnetenwatch.de/profile/lorenz-goesta-beutin,2026-02-06 SCHRIFTLICHE FRAGE: Sicherstellung gesundheitlicher Daseinsvorsorge und weltanschaulicher Neutralität bei religiös begründeter Leistungsverw (Drucksache 21/4006) [-: SF: 'secure healthcare and neutrality' against religiously based refusal of services in publicly funded bodies; targets conscience refusals] | 2021-05-06 VOTE (Bundestag): Voted Ja: Ab­lösung der Staats­leistun­gen an die Kirchen [-: Voted to end the state payments owed to the churches since 1803.],Die Linke,Landesliste Schleswig-Holstein
"Nancy Faeser (SPD, Landesliste Hessen)",,,,1,,,"a speech, 3 years ago",conflicting (1 item point the other way),2,https://www.abgeordnetenwatch.de/profile/nancy-faeser,"2024-03-20 DEBATE: Rede ""Ganz herzlichen Dank, Frau Abgeordnete. – Wir machen sehr viel in der Fort- und Ausbildung und der Präventionsarbeit. Sehr wichtig ist auch, dass wir das, was an Hass im Netz ist, über die Plattformbetreiber löschen lass..."" [-: Champions online content deletion and DSA enforcement, favouring speech regulation over free expression.] | 2023-11-30 DEBATE: Rede ""Wir wollen verhindern, dass Abschiebungen scheitern, indem geltendes Recht missbraucht wird, etwa durch offensichtlich aussichtslose Asylfolgeanträge. Zukünftig genügt – selbstverständlich nach sorgfältiger Prüfung – die..."" [+: Emphasises enforcing rules and swift deportation of those without right to stay, aligning with border control.]",SPD,Landesliste Hessen
"Stefan Schmidt (BÜNDNIS 90/DIE GRÜNEN, Landesliste Bayern)",,,,1,,,"a vote, 5 years ago",moderate (whipped vote),2,https://www.abgeordnetenwatch.de/profile/stefan-schmidt,"2021-05-06 VOTE (Bundestag): Voted Ja: Ab­lösung der Staats­leistun­gen an die Kirchen [-: Voted to end the state payments owed to the churches since 1803.] | 2019-05-17 VOTE (Bundestag): Voted Nein: BDS-Bewegung entgegentreten - Antisemitismus bekämpfen [never places: an antisemitism motion, not our religious-freedom ground]",BÜNDNIS 90/DIE GRÜNEN,Landesliste Bayern
"Sören Pellmann (Die Linke, 152 - Leipzig II)",,,,1,,,"a vote, 5 years ago",moderate (whipped vote),2,https://www.abgeordnetenwatch.de/profile/soeren-pellmann,"2022-05-10 ANTRAG: Arbeitsbedingungen in der Langzeitpflege nachhaltig verbessern - Faktisches Veto-Recht der kirchlichen Kommissionen stre (Drucksache 20/1729) [-: Linke motion: strike church commissions' veto in care-sector wage extension, curbing church self-governance (Art. 137 WRV)] | 2021-05-06 VOTE (Bundestag): Voted Ja: Ab­lösung der Staats­leistun­gen an die Kirchen [-: Voted to end the state payments owed to the churches since 1803.]",Die Linke,152 - Leipzig II
"Ulle Schauws (BÜNDNIS 90/DIE GRÜNEN, Landesliste Nordrhein-Westfalen)",,,,1,,,"a vote, 5 years ago",conflicting (1 item point the other way),2,https://www.abgeordnetenwatch.de/profile/ulle-schauws,"2025-10-29 KLEINE ANFRAGE: Ein Jahr nach dem Sturz des Assad-Regimes - Ethnische und religiöse Vielfalt Syriens weiterhin unter Druck - Schutz der  (Drucksache 21/2476) [+: Greens KA: protection of Alawites, Christians, Druze in post-Assad Syria] | 2021-05-06 VOTE (Bundestag): Voted Ja: Ab­lösung der Staats­leistun­gen an die Kirchen [-: Voted to end the state payments owed to the churches since 1803.]",BÜNDNIS 90/DIE GRÜNEN,Landesliste Nordrhein-Westfalen
"Carmen Wegge (SPD, Landesliste Bayern)",,,,1,,,"a speech, 3 years ago",thin (only 1 evidence item on record),1,https://www.abgeordnetenwatch.de/profile/carmen-wegge,"2024-03-15 DEBATE: Rede ""Es gibt noch viel mehr Gründe, warum ich nicht frei bin. Denn ich bin nicht frei, solange Jugendämter und Familiengerichte nicht wissen, was die Istanbul-Konvention ist und Frauen und ihre Kinder immer wieder in einen re..."" [-: Frames traditional gender roles and religious dress norms negatively, supports queer inclusion, no marriage-supportive framing.]",SPD,Landesliste Bayern
"Claudia Müller (BÜNDNIS 90/DIE GRÜNEN, Landesliste Mecklenburg-Vorpommern)",,,,1,,,"a vote, 5 years ago",moderate (whipped vote),1,https://www.abgeordnetenwatch.de/profile/claudia-mueller,2021-05-06 VOTE (Bundestag): Voted Ja: Ab­lösung der Staats­leistun­gen an die Kirchen [-: Voted to end the state payments owed to the churches since 1803.],BÜNDNIS 90/DIE GRÜNEN,Landesliste Mecklenburg-Vorpommern
"Dietmar Bartsch (Die Linke, Landesliste Mecklenburg-Vorpommern)",,,,1,,,"a vote, 5 years ago",moderate (whipped vote),1,https://www.abgeordnetenwatch.de/profile/dietmar-bartsch,2021-05-06 VOTE (Bundestag): Voted Ja: Ab­lösung der Staats­leistun­gen an die Kirchen [-: Voted to end the state payments owed to the churches since 1803.],Die Linke,Landesliste Mecklenburg-Vorpommern
"Heidi Reichinnek (Die Linke, Landesliste Niedersachsen)",,,,1,,,"a motion signed, 4 years ago",thin (only 1 evidence item on record),1,https://www.abgeordnetenwatch.de/profile/heidi-reichinnek,"2022-05-10 ANTRAG: Arbeitsbedingungen in der Langzeitpflege nachhaltig verbessern - Faktisches Veto-Recht der kirchlichen Kommissionen stre (Drucksache 20/1729) [-: Linke motion: strike church commissions' veto in care-sector wage extension, curbing church self-governance (Art. 137 WRV)]",Die Linke,Landesliste Niedersachsen
"Janosch Dahmen (BÜNDNIS 90/DIE GRÜNEN, Landesliste Nordrhein-Westfalen)",,,,1,,,"a vote, 5 years ago",moderate (whipped vote),1,https://www.abgeordnetenwatch.de/profile/janosch-dahmen,2021-05-06 VOTE (Bundestag): Voted Ja: Ab­lösung der Staats­leistun­gen an die Kirchen [-: Voted to end the state payments owed to the churches since 1803.],BÜNDNIS 90/DIE GRÜNEN,Landesliste Nordrhein-Westfalen
"Julia Verlinden (BÜNDNIS 90/DIE GRÜNEN, Landesliste Niedersachsen)",,,,1,,,"a vote, 5 years ago",moderate (whipped vote),1,https://www.abgeordnetenwatch.de/profile/julia-verlinden,2021-05-06 VOTE (Bundestag): Voted Ja: Ab­lösung der Staats­leistun­gen an die Kirchen [-: Voted to end the state payments owed to the churches since 1803.],BÜNDNIS 90/DIE GRÜNEN,Landesliste Niedersachsen
"Katharina Dröge (BÜNDNIS 90/DIE GRÜNEN, 94 - Köln III)",,,,1,,,"a vote, 5 years ago",moderate (whipped vote),1,https://www.abgeordnetenwatch.de/profile/katharina-droege,2021-05-06 VOTE (Bundestag): Voted Ja: Ab­lösung der Staats­leistun­gen an die Kirchen [-: Voted to end the state payments owed to the churches since 1803.],BÜNDNIS 90/DIE GRÜNEN,94 - Köln III
"Lisa Badum (BÜNDNIS 90/DIE GRÜNEN, Landesliste Bayern)",,,,1,,,"a vote, 5 years ago",moderate (whipped vote),1,https://www.abgeordnetenwatch.de/profile/lisa-badum,2021-05-06 VOTE (Bundestag): Voted Ja: Ab­lösung der Staats­leistun­gen an die Kirchen [-: Voted to end the state payments owed to the churches since 1803.],BÜNDNIS 90/DIE GRÜNEN,Landesliste Bayern
"Lukas Benner (BÜNDNIS 90/DIE GRÜNEN, Landesliste Nordrhein-Westfalen)",,,,1,,,"a question, 4 months ago",thin (only 1 evidence item on record),1,https://www.abgeordnetenwatch.de/profile/lukas-benner,2026-05-29 KLEINE ANFRAGE: Mögliche Verbindungen zwischen christlichem Fundamentalismus und Rechtsextremismus in Deutschland (Drucksache 21/6166) [-: Greens KA: links between 'Christian fundamentalism' and right-wing extremism; casts believing Christians as an extremism risk],BÜNDNIS 90/DIE GRÜNEN,Landesliste Nordrhein-Westfalen
"Matthias Gastel (BÜNDNIS 90/DIE GRÜNEN, Landesliste Baden-Württemberg)",,,,1,,,"a vote, 5 years ago",moderate (whipped vote),1,https://www.abgeordnetenwatch.de/profile/matthias-gastel,2021-05-06 VOTE (Bundestag): Voted Ja: Ab­lösung der Staats­leistun­gen an die Kirchen [-: Voted to end the state payments owed to the churches since 1803.],BÜNDNIS 90/DIE GRÜNEN,Landesliste Baden-Württemberg
"René Bochmann (AfD, 150 - Nordsachsen)",,,,,1,,"a bill co-sponsored, 22 months ago",conflicting (4 items point the other way),7,https://www.abgeordnetenwatch.de/profile/rene-bochmann,"2026-05-05 ANTRAG: Kein Geld für das syrische Übergangsregime - Menschenrechte schützen, religiöse Minderheiten in Syrien vor Verfolgung be (Drucksache 21/5765) [+: AfD motion: suspend aid to Syria's transitional regime to protect religious minorities from persecution] | 2024-12-11 KLEINE ANFRAGE: Medienberichte über massiven Anstieg von Angriffen gegen christliche Kirchen (Drucksache 20/14137) [+: AfD KA: reported sharp rise in attacks on Christian churches] | 2024-11-14 ANTRAG: Beendigung der Vereinbarung zwischen dem Bundesamt für Migration und Flüchtlinge und den Kirchenvertretern zum Kirchenas (Drucksache 20/13769) [never places: church asylum is where two CitizenGO positions pull apart (churches' rights, border control): neither side is clearly ours] | 2024-11-14 GESETZENTWURF: Gesetz zur Änderung des Grundgesetzes (Erweiterung der Verwirkungsregelung des Artikels 18 um die ungestörte Religionsau (Drucksache 20/13796) [-: AfD Basic Law bill: make freedom of religious practice (Art. 4(2)) forfeitable under Art. 18, a new limit on FoRB] | 2024-09-30 ANTRAG: Fortgesetzte Christenverfolgung in Nigeria beim Namen nennen und ächten (Drucksache 20/13119) [++: AfD motion: name and condemn continuing persecution of Christians in Nigeria] | 2023-11-16 DEBATE: Rede ""Sehr geehrte Frau Kaddor, vielen Dank, dass Sie die Zwischenfrage zulassen. – Halten Sie es für richtig, dass in Bayern aus Respekt vor anderen Religionen die Kruzifixe abgehangen werden? Dabei sagen und fordern wir einf..."" [--: Argues religion should be entirely excluded from public life, opposing religious freedom broadly.] | 2023-03-10 KLEINE ANFRAGE: Schutz von Asylbewerbern christlichen Glaubens in Deutschland (Drucksache 20/5951) [+: AfD KA: protection of Christian asylum seekers in Germany]",AfD,150 - Nordsachsen
"Christian Görke (Die Linke, Landesliste Brandenburg)",,,,,,,no placement,"on record, side not placed",1,https://www.abgeordnetenwatch.de/profile/christian-goerke,2024-10-25 SCHRIFTLICHE FRAGE: Mögliche Reform des kirchlichen Arbeitsrechts (Drucksache 20/13511) [never places: information question; the title asks for facts and does not show which side the author is on],Die Linke,Landesliste Brandenburg
"Christina Baum (AfD, 68 - Harz)",,,,,,,no placement,"on record, side not placed",1,https://www.abgeordnetenwatch.de/profile/christina-baum,"2024-11-14 ANTRAG: Beendigung der Vereinbarung zwischen dem Bundesamt für Migration und Flüchtlinge und den Kirchenvertretern zum Kirchenas (Drucksache 20/13769) [never places: church asylum is where two CitizenGO positions pull apart (churches' rights, border control): neither side is clearly ours]",AfD,68 - Harz
Denis Pauli (AfD),,,,,,,no placement,"on record, side not placed",1,https://www.abgeordnetenwatch.de/profile/denis-pauli,2026-06-12 KLEINE ANFRAGE: Staatliche Förderung kirchlicher Entwicklungsorganisationen (Drucksache 21/6456) [never places: asks about state funding of church development agencies; no side shown],AfD,
"Georg Schroeter (AfD, Landesliste Nordrhein-Westfalen)",,,,,,,no placement,"on record, side not placed",1,https://www.abgeordnetenwatch.de/profile/georg-schroeter,"2026-07-03 KLEINE ANFRAGE: Haushaltsmittel des Bundes für Kirchen, kirchliche Träger und kirchennahe Einrichtungen in den Haushaltsjahren 2020 bis  (Drucksache 21/6849) [never places: asks about federal money to churches and church bodies; no side shown]",AfD,Landesliste Nordrhein-Westfalen
"Julian Schmidt (AfD, Landesliste Hessen)",,,,,,,no placement,"on record, side not placed",1,https://www.abgeordnetenwatch.de/profile/julian-schmidt,"2026-07-03 KLEINE ANFRAGE: Haushaltsmittel des Bundes für Kirchen, kirchliche Träger und kirchennahe Einrichtungen in den Haushaltsjahren 2020 bis  (Drucksache 21/6849) [never places: asks about federal money to churches and church bodies; no side shown]",AfD,Landesliste Hessen
"Jürgen Kögel (AfD, Landesliste Baden-Württemberg)",,,,,,,no placement,"on record, side not placed",1,https://www.abgeordnetenwatch.de/profile/juergen-koegel,"2026-07-03 KLEINE ANFRAGE: Haushaltsmittel des Bundes für Kirchen, kirchliche Träger und kirchennahe Einrichtungen in den Haushaltsjahren 2020 bis  (Drucksache 21/6849) [never places: asks about federal money to churches and church bodies; no side shown]",AfD,Landesliste Baden-Württemberg
"Lars Haise (AfD, Landesliste Baden-Württemberg)",,,,,,,no placement,"on record, side not placed",1,https://www.abgeordnetenwatch.de/profile/lars-haise,2026-09-18 SCHRIFTLICHE FRAGE: Anzahl schutzbedürftiger religiöser Einrichtungen (Drucksache 21/8047) [never places: information question; the title asks for facts and does not show which side the author is on],AfD,Landesliste Baden-Württemberg
"Lars Rohwer (CDU/CSU, Landesliste Sachsen)",,,,,,,no placement,"on record, side not placed",1,https://www.abgeordnetenwatch.de/profile/lars-rohwer,2022-10-28 SCHRIFTLICHE FRAGE: Zeitplan für ein Grundsätzegesetz zur Entschädigung der Kirchen (Drucksache 20/4209) [never places: information question; the title asks for facts and does not show which side the author is on],CDU/CSU,Landesliste Sachsen
"Matthias Rentzsch (AfD, 159 - Dresden II – Bautzen II)",,,,,,,no placement,"on record, side not placed",1,https://www.abgeordnetenwatch.de/profile/matthias-rentzsch,2026-06-12 KLEINE ANFRAGE: Staatliche Förderung kirchlicher Entwicklungsorganisationen (Drucksache 21/6456) [never places: asks about state funding of church development agencies; no side shown],AfD,159 - Dresden II – Bautzen II
"Mirco Hanker (AfD, Landesliste Niedersachsen)",,,,,,,no placement,"on record, side not placed",1,https://www.abgeordnetenwatch.de/profile/mirco-hanker,"2026-07-03 KLEINE ANFRAGE: Haushaltsmittel des Bundes für Kirchen, kirchliche Träger und kirchennahe Einrichtungen in den Haushaltsjahren 2020 bis  (Drucksache 21/6849) [never places: asks about federal money to churches and church bodies; no side shown]",AfD,Landesliste Niedersachsen
"Sascha Wagner (Die Linke, Landesliste Nordrhein-Westfalen)",,,,,,,no placement,"on record, side not placed",1,https://www.abgeordnetenwatch.de/profile/sascha-wagner-0,2025-08-01 SCHRIFTLICHE FRAGE: Humanitäre Lage in der syrisch-drusischen Provinz Suwaida (Drucksache 21/1089) [never places: information question; the title asks for facts and does not show which side the author is on],Die Linke,Landesliste Nordrhein-Westfalen
"Stefan Seidler (fraktionslos, Landesliste Schleswig-Holstein)",,,,,,,no placement,"on record, side not placed",1,https://www.abgeordnetenwatch.de/profile/stefan-seidler,2021-12-23 SCHRIFTLICHE FRAGE: Schwangerschaftsabbrüche in Krankenhäusern in kirchlicher Trägerschaft (Drucksache 20/311) [never places: asks about abortions in church-run hospitals; could press for or against church hospitals' refusal],fraktionslos,Landesliste Schleswig-Holstein
"Steffi Lemke (BÜNDNIS 90/DIE GRÜNEN, Landesliste Sachsen-Anhalt)",,,,,,,no placement,"on record, side not placed",1,https://www.abgeordnetenwatch.de/profile/steffi-lemke,"2019-05-17 VOTE (Bundestag): Voted Nein: BDS-Bewegung entgegentreten - Antisemitismus bekämpfen [never places: an antisemitism motion, not our religious-freedom ground]",BÜNDNIS 90/DIE GRÜNEN,Landesliste Sachsen-Anhalt
"Sven Lehmann (BÜNDNIS 90/DIE GRÜNEN, 93 - Köln II)",,,,,,,no placement,"on record, side not placed",1,https://www.abgeordnetenwatch.de/profile/sven-lehmann,"2019-05-17 VOTE (Bundestag): Voted Nein: BDS-Bewegung entgegentreten - Antisemitismus bekämpfen [never places: an antisemitism motion, not our religious-freedom ground]",BÜNDNIS 90/DIE GRÜNEN,93 - Köln II
"Thomas Ladzinski (AfD, 158 - Dresden I)",,,,,,,no placement,"on record, side not placed",1,https://www.abgeordnetenwatch.de/profile/thomas-ladzinski,"2026-07-03 KLEINE ANFRAGE: Haushaltsmittel des Bundes für Kirchen, kirchliche Träger und kirchennahe Einrichtungen in den Haushaltsjahren 2020 bis  (Drucksache 21/6849) [never places: asks about federal money to churches and church bodies; no side shown]",AfD,158 - Dresden I
"Tobias Teich (AfD, Landesliste Bayern)",,,,,,,no placement,"on record, side not placed",1,https://www.abgeordnetenwatch.de/profile/tobias-teich,2026-06-23 KLEINE ANFRAGE: Bilanz des ersten Jahres der Tätigkeit des Beauftragten der Bundesregierung für Religions- und Weltanschauungsfreiheit (Drucksache 21/6620) [never places: information question; the title asks for facts and does not show which side the author is on],AfD,Landesliste Bayern
"Aaron Valent (Die Linke, Landesliste Bayern)",,,,,,,no evidence,,0,https://www.abgeordnetenwatch.de/profile/aaron-valent,,Die Linke,Landesliste Bayern
"Adam Balten (AfD, Landesliste Nordrhein-Westfalen)",,,,,,,no evidence,,0,https://www.abgeordnetenwatch.de/profile/adam-balten,,AfD,Landesliste Nordrhein-Westfalen
"Adis Ahmetović (SPD, 41 - Stadt Hannover I)",,,,,,,no evidence,,0,https://www.abgeordnetenwatch.de/profile/adis-ahmetovic,,SPD,41 - Stadt Hannover I
"Adrian Grasse (CDU/CSU, 78 - Berlin-Steglitz-Zehlendorf)",,,,,,,no evidence,,0,https://www.abgeordnetenwatch.de/profile/adrian-grasse,,CDU/CSU,78 - Berlin-Steglitz-Zehlendorf
"Agnes Maria Conrad (Die Linke, Landesliste Bayern)",,,,,,,no evidence,,0,https://www.abgeordnetenwatch.de/profile/agnes-maria-conrad,,Die Linke,Landesliste Bayern
"Alaa Alhamwi (BÜNDNIS 90/DIE GRÜNEN, Landesliste Niedersachsen)",,,,,,,no evidence,,0,https://www.abgeordnetenwatch.de/profile/alaa-alhamwi,,BÜNDNIS 90/DIE GRÜNEN,Landesliste Niedersachsen
"Alexander Engelhard (CDU/CSU, 254 - Neu-Ulm)",,,,,,,no evidence,,0,https://www.abgeordnetenwatch.de/profile/alexander-engelhard,,CDU/CSU,254 - Neu-Ulm
"Alexander Jordan (CDU/CSU, 51 - Helmstedt – Wolfsburg)",,,,,,,no evidence,,0,https://www.abgeordnetenwatch.de/profile/alexander-jordan,,CDU/CSU,51 - Helmstedt – Wolfsburg
"Andrea Lübcke (BÜNDNIS 90/DIE GRÜNEN, Landesliste Brandenburg)",,,,,,,no evidence,,0,https://www.abgeordnetenwatch.de/profile/andrea-luebcke,,BÜNDNIS 90/DIE GRÜNEN,Landesliste Brandenburg
"Andreas Audretsch (BÜNDNIS 90/DIE GRÜNEN, Landesliste Berlin)",,,,,,,no evidence,,0,https://www.abgeordnetenwatch.de/profile/andreas-audretsch,,BÜNDNIS 90/DIE GRÜNEN,Landesliste Berlin
Andreas Mayer (AfD),,,,,,,no evidence,,0,https://www.abgeordnetenwatch.de/profile/andreas-mayer-0,,AfD,
"Andreas Paul (AfD, Landesliste Niedersachsen)",,,,,,,no evidence,,0,https://www.abgeordnetenwatch.de/profile/andreas-paul,,AfD,Landesliste Niedersachsen
"Anja Reinalter (BÜNDNIS 90/DIE GRÜNEN, Landesliste Baden-Württemberg)",,,,,,,no evidence,,0,https://www.abgeordnetenwatch.de/profile/anja-reinalter,,BÜNDNIS 90/DIE GRÜNEN,Landesliste Baden-Württemberg
"Anja Troff-Schaffarzyk (SPD, Landesliste Niedersachsen)",,,,,,,no evidence,,0,https://www.abgeordnetenwatch.de/profile/anja-troff-schaffarzyk,,SPD,Landesliste Niedersachsen
"Anna Aeikens (CDU/CSU, Landesliste Sachsen-Anhalt)",,,,,,,no evidence,,0,https://www.abgeordnetenwatch.de/profile/anna-aeikens,,CDU/CSU,Landesliste Sachsen-Anhalt
"Anna Lührmann (BÜNDNIS 90/DIE GRÜNEN, Landesliste Hessen)",,,,,,,no evidence,,0,https://www.abgeordnetenwatch.de/profile/anna-luehrmann,,BÜNDNIS 90/DIE GRÜNEN,Landesliste Hessen
"Anne König (CDU/CSU, 125 - Borken II)",,,,,,,no evidence,,0,https://www.abgeordnetenwatch.de/profile/anne-koenig,,CDU/CSU,125 - Borken II
"Anne Zerr (Die Linke, Landesliste Baden-Württemberg)",,,,,,,no evidence,,0,https://www.abgeordnetenwatch.de/profile/anne-zerr,,Die Linke,Landesliste Baden-Württemberg
"Anne-Mieke Bremer (Die Linke, Landesliste Niedersachsen)",,,,,,,no evidence,,0,https://www.abgeordnetenwatch.de/profile/anne-mieke-bremer,,Die Linke,Landesliste Niedersachsen
"Annika Klose (SPD, Landesliste Berlin)",,,,,,,no evidence,,0,https://www.abgeordnetenwatch.de/profile/annika-klose,,SPD,Landesliste Berlin
"Armand Zorn (SPD, Landesliste Hessen)",,,,,,,no evidence,,0,https://www.abgeordnetenwatch.de/profile/armand-zorn,,SPD,Landesliste Hessen
"Armin Grau (BÜNDNIS 90/DIE GRÜNEN, Landesliste Rheinland-Pfalz)",,,,,,,no evidence,,0,https://www.abgeordnetenwatch.de/profile/armin-grau,,BÜNDNIS 90/DIE GRÜNEN,Landesliste Rheinland-Pfalz
"Armin Laschet (CDU/CSU, 86 - Aachen I)",,,,,,,no evidence,,0,https://www.abgeordnetenwatch.de/profile/armin-laschet,,CDU/CSU,86 - Aachen I
"Astrid Timmermann-Fechter (CDU/CSU, Landesliste Nordrhein-Westfalen)",,,,,,,no evidence,,0,https://www.abgeordnetenwatch.de/profile/astrid-timmermann-fechter,,CDU/CSU,Landesliste Nordrhein-Westfalen
"Ayse Asar (BÜNDNIS 90/DIE GRÜNEN, Landesliste Hessen)",,,,,,,no evidence,,0,https://www.abgeordnetenwatch.de/profile/ayse-asar,,BÜNDNIS 90/DIE GRÜNEN,Landesliste Hessen
"Bastian Alfons Ernst (CDU/CSU, 28 - Delmenhorst – Wesermarsch – Oldenburg-Land)",,,,,,,no evidence,,0,https://www.abgeordnetenwatch.de/profile/bastian-alfons-ernst,,CDU/CSU,28 - Delmenhorst – Wesermarsch – Oldenburg-Land
Bastian Treuheit (AfD),,,,,,,no evidence,,0,https://www.abgeordnetenwatch.de/profile/bastian-treuheit,,AfD,
"Benedikt Büdenbender (CDU/CSU, 147 - Siegen-Wittgenstein)",,,,,,,no evidence,,0,https://www.abgeordnetenwatch.de/profile/benedikt-buedenbender,,CDU/CSU,147 - Siegen-Wittgenstein
"Bettina Lugk (SPD, Landesliste Nordrhein-Westfalen)",,,,,,,no evidence,,0,https://www.abgeordnetenwatch.de/profile/bettina-lugk,,SPD,Landesliste Nordrhein-Westfalen
"Cansın Köktürk (Die Linke, Landesliste Nordrhein-Westfalen)",,,,,,,no evidence,,0,https://www.abgeordnetenwatch.de/profile/cansin-koektuerk,,Die Linke,Landesliste Nordrhein-Westfalen
"Carina Schießl (AfD, Landesliste Bayern)",,,,,,,no evidence,,0,https://www.abgeordnetenwatch.de/profile/carina-schiessl,,AfD,Landesliste Bayern
"Carl-Philipp Sassenrath (CDU/CSU, 107 - Neuss I)",,,,,,,no evidence,,0,https://www.abgeordnetenwatch.de/profile/carl-philipp-sassenrath,,CDU/CSU,107 - Neuss I
"Carolin Wagner (SPD, Landesliste Bayern)",,,,,,,no evidence,,0,https://www.abgeordnetenwatch.de/profile/carolin-wagner,,SPD,Landesliste Bayern
"Carsten Becker (AfD, Landesliste Saarland)",,,,,,,no evidence,,0,https://www.abgeordnetenwatch.de/profile/carsten-becker,,AfD,Landesliste Saarland
"Catarina dos Santos-Wintz (CDU/CSU, 87 - Aachen II)",,,,,,,no evidence,,0,https://www.abgeordnetenwatch.de/profile/catarina-dos-santos-wintz,,CDU/CSU,87 - Aachen II
"Cem Ince (Die Linke, Landesliste Niedersachsen)",,,,,,,no evidence,,0,https://www.abgeordnetenwatch.de/profile/cem-ince,,Die Linke,Landesliste Niedersachsen
"Chantal Kopf (BÜNDNIS 90/DIE GRÜNEN, 281 - Freiburg)",,,,,,,no evidence,,0,https://www.abgeordnetenwatch.de/profile/chantal-kopf,,BÜNDNIS 90/DIE GRÜNEN,281 - Freiburg
"Christian Douglas (AfD, Landesliste Hessen)",,,,,,,no evidence,,0,https://www.abgeordnetenwatch.de/profile/christian-douglas,,AfD,Landesliste Hessen
"Christian Moser (CDU/CSU, 213 - Freising)",,,,,,,no evidence,,0,https://www.abgeordnetenwatch.de/profile/christian-moser,,CDU/CSU,213 - Freising
"Christian Reck (AfD, 154 - Meißen)",,,,,,,no evidence,,0,https://www.abgeordnetenwatch.de/profile/christian-reck,,AfD,154 - Meißen
"Christiane Schenderlein (CDU/CSU, Landesliste Sachsen)",,,,,,,no evidence,,0,https://www.abgeordnetenwatch.de/profile/christiane-schenderlein,,CDU/CSU,Landesliste Sachsen
"Christoph Frauenpreiß (CDU/CSU, 29 - Cuxhaven – Stade II)",,,,,,,no evidence,,0,https://www.abgeordnetenwatch.de/profile/christoph-frauenpreiss,,CDU/CSU,29 - Cuxhaven – Stade II
"Christoph Grimm (AfD, 13 - Ludwigslust-Parchim II – Nordwestmecklenburg II – Landkreis Rostock I)",,,,,,,no evidence,,0,https://www.abgeordnetenwatch.de/profile/christoph-grimm,,AfD,13 - Ludwigslust-Parchim II – Nordwestmecklenburg II – Landkreis Rostock I
Christoph Naser (CDU/CSU),,,,,,,no evidence,,0,https://www.abgeordnetenwatch.de/profile/christoph-naser,,CDU/CSU,
"Christoph Schmid (SPD, Landesliste Bayern)",,,,,,,no evidence,,0,https://www.abgeordnetenwatch.de/profile/christoph-schmid-0,,SPD,Landesliste Bayern
"Christopher Drößler (AfD, 188 - Eichsfeld – Nordhausen – Kyffhäuserkreis)",,,,,,,no evidence,,0,https://www.abgeordnetenwatch.de/profile/christopher-droessler,,AfD,188 - Eichsfeld – Nordhausen – Kyffhäuserkreis
"Christos Pantazis (SPD, 50 - Braunschweig)",,,,,,,no evidence,,0,https://www.abgeordnetenwatch.de/profile/christos-pantazis,,SPD,50 - Braunschweig
"Cornell-Anette Babendererde (CDU/CSU, 36 - Harburg)",,,,,,,no evidence,,0,https://www.abgeordnetenwatch.de/profile/cornell-anette-babendererde,,CDU/CSU,36 - Harburg
"Daniel Bettermann (SPD, 167 - Kassel)",,,,,,,no evidence,,0,https://www.abgeordnetenwatch.de/profile/daniel-bettermann,,SPD,167 - Kassel
"Daniel Kölbl (CDU/CSU, 7 - Pinneberg)",,,,,,,no evidence,,0,https://www.abgeordnetenwatch.de/profile/daniel-koelbl,,CDU/CSU,7 - Pinneberg
"Daniel Rinkert (SPD, Landesliste Nordrhein-Westfalen)",,,,,,,no evidence,,0,https://www.abgeordnetenwatch.de/profile/daniel-rinkert,,SPD,Landesliste Nordrhein-Westfalen
"Daniel Walter (SPD, Landesliste Nordrhein-Westfalen)",,,,,,,no evidence,,0,https://www.abgeordnetenwatch.de/profile/daniel-walter,,SPD,Landesliste Nordrhein-Westfalen
"Daniela Rump (SPD, 48 - Hildesheim)",,,,,,,no evidence,,0,https://www.abgeordnetenwatch.de/profile/daniela-rump,,SPD,48 - Hildesheim
"Danny Meiners (AfD, Landesliste Niedersachsen)",,,,,,,no evidence,,0,https://www.abgeordnetenwatch.de/profile/danny-meiners,,AfD,Landesliste Niedersachsen
"Dario Seifert (AfD, 15 - Vorpommern-Rügen – Vorpommern-Greifswald I)",,,,,,,no evidence,,0,https://www.abgeordnetenwatch.de/profile/dario-seifert,,AfD,15 - Vorpommern-Rügen – Vorpommern-Greifswald I
"David Gregosz (CDU/CSU, Landesliste Thüringen)",,,,,,,no evidence,,0,https://www.abgeordnetenwatch.de/profile/david-gregosz,,CDU/CSU,Landesliste Thüringen
"David Mandrella (SPD, Landesliste Bayern)",,,,,,,no evidence,,0,https://www.abgeordnetenwatch.de/profile/david-mandrella,,SPD,Landesliste Bayern
"David Preisendanz (CDU/CSU, 261 - Esslingen)",,,,,,,no evidence,,0,https://www.abgeordnetenwatch.de/profile/david-preisendanz,,CDU/CSU,261 - Esslingen
"David Schliesing (Die Linke, Landesliste Sachsen-Anhalt)",,,,,,,no evidence,,0,https://www.abgeordnetenwatch.de/profile/david-schliesing,,Die Linke,Landesliste Sachsen-Anhalt
"Derya Türk-Nachbaur (SPD, Landesliste Baden-Württemberg)",,,,,,,no evidence,,0,https://www.abgeordnetenwatch.de/profile/derya-tuerk-nachbaur,,SPD,Landesliste Baden-Württemberg
"Diana Herbstreuth (CDU/CSU, Landesliste Thüringen)",,,,,,,no evidence,,0,https://www.abgeordnetenwatch.de/profile/diana-herbstreuth,,CDU/CSU,Landesliste Thüringen
"Diana Zimmer (AfD, Landesliste Baden-Württemberg)",,,,,,,no evidence,,0,https://www.abgeordnetenwatch.de/profile/diana-zimmer,,AfD,Landesliste Baden-Württemberg
"Dirk Brandes (AfD, Landesliste Niedersachsen)",,,,,,,no evidence,,0,https://www.abgeordnetenwatch.de/profile/dirk-brandes,,AfD,Landesliste Niedersachsen
"Esra Limbacher (SPD, 299 - Homburg)",,,,,,,no evidence,,0,https://www.abgeordnetenwatch.de/profile/esra-limbacher,,SPD,299 - Homburg
"Evelyn Schötz (Die Linke, Landesliste Bayern)",,,,,,,no evidence,,0,https://www.abgeordnetenwatch.de/profile/evelyn-schoetz,,Die Linke,Landesliste Bayern
"Fabian Fahl (Die Linke, Landesliste Nordrhein-Westfalen)",,,,,,,no evidence,,0,https://www.abgeordnetenwatch.de/profile/fabian-fahl,,Die Linke,Landesliste Nordrhein-Westfalen
"Fabian Gramling (CDU/CSU, 266 - Neckar-Zaber)",,,,,,,no evidence,,0,https://www.abgeordnetenwatch.de/profile/fabian-gramling,,CDU/CSU,266 - Neckar-Zaber
"Felix Banaszak (BÜNDNIS 90/DIE GRÜNEN, Landesliste Nordrhein-Westfalen)",,,,,,,no evidence,,0,https://www.abgeordnetenwatch.de/profile/felix-banaszak,,BÜNDNIS 90/DIE GRÜNEN,Landesliste Nordrhein-Westfalen
"Felix Döring (SPD, Landesliste Hessen)",,,,,,,no evidence,,0,https://www.abgeordnetenwatch.de/profile/felix-doering,,SPD,Landesliste Hessen
"Ferat Koçak (Die Linke, 81 - Berlin-Neukölln)",,,,,,,no evidence,,0,https://www.abgeordnetenwatch.de/profile/ferat-kocak,,Die Linke,81 - Berlin-Neukölln
"Florian Bilic (CDU/CSU, 209 - Pirmasens)",,,,,,,no evidence,,0,https://www.abgeordnetenwatch.de/profile/florian-bilic,,CDU/CSU,209 - Pirmasens
"Florian Dorn (CDU/CSU, 255 - Memmingen – Unterallgäu)",,,,,,,no evidence,,0,https://www.abgeordnetenwatch.de/profile/florian-dorn,,CDU/CSU,255 - Memmingen – Unterallgäu
"Florian Müller (CDU/CSU, 148 - Olpe – Märkischer Kreis I)",,,,,,,no evidence,,0,https://www.abgeordnetenwatch.de/profile/florian-mueller-0,,CDU/CSU,148 - Olpe – Märkischer Kreis I
"Florian Oest (CDU/CSU, Landesliste Sachsen)",,,,,,,no evidence,,0,https://www.abgeordnetenwatch.de/profile/florian-oest,,CDU/CSU,Landesliste Sachsen
"Franziska Hoppermann (CDU/CSU, Landesliste Hamburg)",,,,,,,no evidence,,0,https://www.abgeordnetenwatch.de/profile/franziska-hoppermann,,CDU/CSU,Landesliste Hamburg
"Franziska Kersten (SPD, Landesliste Sachsen-Anhalt)",,,,,,,no evidence,,0,https://www.abgeordnetenwatch.de/profile/franziska-kersten,,SPD,Landesliste Sachsen-Anhalt
"Frederik Bouffier (CDU/CSU, 172 - Gießen)",,,,,,,no evidence,,0,https://www.abgeordnetenwatch.de/profile/frederik-bouffier,,CDU/CSU,172 - Gießen
"Georg Günther (CDU/CSU, Landesliste Mecklenburg-Vorpommern)",,,,,,,no evidence,,0,https://www.abgeordnetenwatch.de/profile/georg-guenther,,CDU/CSU,Landesliste Mecklenburg-Vorpommern
"Gerhard Trabert (Die Linke, Landesliste Rheinland-Pfalz)",,,,,,,no evidence,,0,https://www.abgeordnetenwatch.de/profile/gerhard-trabert,,Die Linke,Landesliste Rheinland-Pfalz
Gerrit Huy (AfD),,,,,,,no evidence,,0,https://www.abgeordnetenwatch.de/profile/gerrit-huy,,AfD,
"Günter Baumgartner (CDU/CSU, 229 - Rottal-Inn)",,,,,,,no evidence,,0,https://www.abgeordnetenwatch.de/profile/guenter-baumgartner,,CDU/CSU,229 - Rottal-Inn
"Hanna Steinmüller (BÜNDNIS 90/DIE GRÜNEN, 74 - Berlin-Mitte)",,,,,,,no evidence,,0,https://www.abgeordnetenwatch.de/profile/hanna-steinmueller,,BÜNDNIS 90/DIE GRÜNEN,74 - Berlin-Mitte
"Hannes Gnauck (AfD, 57 - Uckermark – Barnim I)",,,,,,,no evidence,,0,https://www.abgeordnetenwatch.de/profile/hannes-gnauck,,AfD,57 - Uckermark – Barnim I
"Hans Koller (CDU/CSU, 228 - Passau)",,,,,,,no evidence,,0,https://www.abgeordnetenwatch.de/profile/hans-koller,,CDU/CSU,228 - Passau
"Hans Theiss (CDU/CSU, 216 - München-Nord)",,,,,,,no evidence,,0,https://www.abgeordnetenwatch.de/profile/hans-theiss,,CDU/CSU,216 - München-Nord
"Harald Orthey (CDU/CSU, 203 - Montabaur)",,,,,,,no evidence,,0,https://www.abgeordnetenwatch.de/profile/harald-orthey,,CDU/CSU,203 - Montabaur
"Hauke Finger (AfD, Landesliste Nordrhein-Westfalen)",,,,,,,no evidence,,0,https://www.abgeordnetenwatch.de/profile/hauke-finger,,AfD,Landesliste Nordrhein-Westfalen
"Heike Heubach (SPD, Landesliste Bayern)",,,,,,,no evidence,,0,https://www.abgeordnetenwatch.de/profile/heike-heubach,,SPD,Landesliste Bayern
"Heiko Hain (CDU/CSU, 238 - Hof)",,,,,,,no evidence,,0,https://www.abgeordnetenwatch.de/profile/heiko-hain,,CDU/CSU,238 - Hof
"Helmut Kleebank (SPD, 77 - Berlin-Spandau – Charlottenburg Nord)",,,,,,,no evidence,,0,https://www.abgeordnetenwatch.de/profile/helmut-kleebank,,SPD,77 - Berlin-Spandau – Charlottenburg Nord
"Hendrik Bollmann (SPD, 140 - Herne – Bochum II)",,,,,,,no evidence,,0,https://www.abgeordnetenwatch.de/profile/hendrik-bollmann,,SPD,140 - Herne – Bochum II
"Hendrik Streeck (CDU/CSU, 95 - Bonn)",,,,,,,no evidence,,0,https://www.abgeordnetenwatch.de/profile/hendrik-streeck,,CDU/CSU,95 - Bonn
"Henning Rehbaum (CDU/CSU, 129 - Warendorf)",,,,,,,no evidence,,0,https://www.abgeordnetenwatch.de/profile/henning-rehbaum,,CDU/CSU,129 - Warendorf
"Henri Schmidt (CDU/CSU, 10 - Herzogtum Lauenburg – Stormarn-Süd)",,,,,,,no evidence,,0,https://www.abgeordnetenwatch.de/profile/henri-schmidt,,CDU/CSU,10 - Herzogtum Lauenburg – Stormarn-Süd
Holger Mann (SPD),,,,,,,no evidence,,0,https://www.abgeordnetenwatch.de/profile/holger-mann,,SPD,
"Hülya Düber (CDU/CSU, 250 - Würzburg)",,,,,,,no evidence,,0,https://www.abgeordnetenwatch.de/profile/huelya-dueber,,CDU/CSU,250 - Würzburg
"Ina Latendorf (Die Linke, Landesliste Mecklenburg-Vorpommern)",,,,,,,no evidence,,0,https://www.abgeordnetenwatch.de/profile/ina-latendorf,,Die Linke,Landesliste Mecklenburg-Vorpommern
"Ines Schwerdtner (Die Linke, 85 - Berlin-Lichtenberg)",,,,,,,no evidence,,0,https://www.abgeordnetenwatch.de/profile/ines-schwerdtner,,Die Linke,85 - Berlin-Lichtenberg
"Inge Gräßle (CDU/CSU, 269 - Backnang – Schwäbisch Gmünd)",,,,,,,no evidence,,0,https://www.abgeordnetenwatch.de/profile/inge-graessle,,CDU/CSU,269 - Backnang – Schwäbisch Gmünd
"Ingo Vogel (SPD, 118 - Essen II)",,,,,,,no evidence,,0,https://www.abgeordnetenwatch.de/profile/ingo-vogel,,SPD,118 - Essen II
"Iris Nieland (AfD, Landesliste Rheinland-Pfalz)",,,,,,,no evidence,,0,https://www.abgeordnetenwatch.de/profile/iris-nieland,,AfD,Landesliste Rheinland-Pfalz
"Isabel Cademartori (SPD, Landesliste Baden-Württemberg)",,,,,,,no evidence,,0,https://www.abgeordnetenwatch.de/profile/isabel-cademartori,,SPD,Landesliste Baden-Württemberg
"Isabelle Vandre (Die Linke, Landesliste Brandenburg)",,,,,,,no evidence,,0,https://www.abgeordnetenwatch.de/profile/isabelle-vandre,,Die Linke,Landesliste Brandenburg
"Jakob Blankenburg (SPD, 37 - Lüchow-Dannenberg – Lüneburg)",,,,,,,no evidence,,0,https://www.abgeordnetenwatch.de/profile/jakob-blankenburg,,SPD,37 - Lüchow-Dannenberg – Lüneburg
"Jan Dieren (SPD, Landesliste Nordrhein-Westfalen)",,,,,,,no evidence,,0,https://www.abgeordnetenwatch.de/profile/jan-dieren,,SPD,Landesliste Nordrhein-Westfalen
"Jan-Niclas Gesenhues (BÜNDNIS 90/DIE GRÜNEN, Landesliste Nordrhein-Westfalen)",,,,,,,no evidence,,0,https://www.abgeordnetenwatch.de/profile/jan-niclas-gesenhues,,BÜNDNIS 90/DIE GRÜNEN,Landesliste Nordrhein-Westfalen
"Jan-Wilhelm Pohlmann (CDU/CSU, 166 - Waldeck)",,,,,,,no evidence,,0,https://www.abgeordnetenwatch.de/profile/jan-wilhelm-pohlmann,,CDU/CSU,166 - Waldeck
"Jasmina Hostert (SPD, Landesliste Baden-Württemberg)",,,,,,,no evidence,,0,https://www.abgeordnetenwatch.de/profile/jasmina-hostert,,SPD,Landesliste Baden-Württemberg
"Jeanne Dillschneider (BÜNDNIS 90/DIE GRÜNEN, Landesliste Saarland)",,,,,,,no evidence,,0,https://www.abgeordnetenwatch.de/profile/jeanne-dillschneider,,BÜNDNIS 90/DIE GRÜNEN,Landesliste Saarland
"Jens Behrens (SPD, Landesliste Nordrhein-Westfalen)",,,,,,,no evidence,,0,https://www.abgeordnetenwatch.de/profile/jens-behrens,,SPD,Landesliste Nordrhein-Westfalen
"Jens Peick (SPD, 141 - Dortmund I)",,,,,,,no evidence,,0,https://www.abgeordnetenwatch.de/profile/jens-peick,,SPD,141 - Dortmund I
"Joachim Ebmeyer (CDU/CSU, 132 - Herford – Minden-Lübbecke II)",,,,,,,no evidence,,0,https://www.abgeordnetenwatch.de/profile/joachim-ebmeyer,,CDU/CSU,132 - Herford – Minden-Lübbecke II
"Johannes Rothenberger (CDU/CSU, 284 - Offenburg)",,,,,,,no evidence,,0,https://www.abgeordnetenwatch.de/profile/johannes-rothenberger,,CDU/CSU,284 - Offenburg
"Johannes Schätzl (SPD, Landesliste Bayern)",,,,,,,no evidence,,0,https://www.abgeordnetenwatch.de/profile/johannes-schaetzl,,SPD,Landesliste Bayern
"Johannes Wagner (BÜNDNIS 90/DIE GRÜNEN, Landesliste Bayern)",,,,,,,no evidence,,0,https://www.abgeordnetenwatch.de/profile/johannes-wagner,,BÜNDNIS 90/DIE GRÜNEN,Landesliste Bayern
"Johannes Wiegelmann (CDU/CSU, 174 - Main-Kinzig – Wetterau II – Schotten)",,,,,,,no evidence,,0,https://www.abgeordnetenwatch.de/profile/johannes-wiegelmann,,CDU/CSU,174 - Main-Kinzig – Wetterau II – Schotten
"Johannes Winkel (CDU/CSU, 106 - Düsseldorf II)",,,,,,,no evidence,,0,https://www.abgeordnetenwatch.de/profile/johannes-winkel,,CDU/CSU,106 - Düsseldorf II
Jorrit Bosch (Die Linke),,,,,,,no evidence,,0,https://www.abgeordnetenwatch.de/profile/jorrit-bosch,,Die Linke,
"Julia Klöckner (CDU/CSU, 200 - Kreuznach)",,,,,,,no evidence,,0,https://www.abgeordnetenwatch.de/profile/julia-kloeckner,,CDU/CSU,200 - Kreuznach
"Julia Schneider (BÜNDNIS 90/DIE GRÜNEN, 75 - Berlin-Pankow)",,,,,,,no evidence,,0,https://www.abgeordnetenwatch.de/profile/julia-schneider,,BÜNDNIS 90/DIE GRÜNEN,75 - Berlin-Pankow
"Julia-Christina Stange (Die Linke, Landesliste Rheinland-Pfalz)",,,,,,,no evidence,,0,https://www.abgeordnetenwatch.de/profile/julia-christina-stange,,Die Linke,Landesliste Rheinland-Pfalz
"Julian Joswig (BÜNDNIS 90/DIE GRÜNEN, Landesliste Rheinland-Pfalz)",,,,,,,no evidence,,0,https://www.abgeordnetenwatch.de/profile/julian-joswig,,BÜNDNIS 90/DIE GRÜNEN,Landesliste Rheinland-Pfalz
"Jürgen Coße (SPD, Landesliste Nordrhein-Westfalen)",,,,,,,no evidence,,0,https://www.abgeordnetenwatch.de/profile/juergen-cosse,,SPD,Landesliste Nordrhein-Westfalen
"Karl Bär (BÜNDNIS 90/DIE GRÜNEN, Landesliste Bayern)",,,,,,,no evidence,,0,https://www.abgeordnetenwatch.de/profile/karl-baer,,BÜNDNIS 90/DIE GRÜNEN,Landesliste Bayern
"Karoline Otte (BÜNDNIS 90/DIE GRÜNEN, Landesliste Niedersachsen)",,,,,,,no evidence,,0,https://www.abgeordnetenwatch.de/profile/karoline-otte,,BÜNDNIS 90/DIE GRÜNEN,Landesliste Niedersachsen
"Kassem Taher Saleh (BÜNDNIS 90/DIE GRÜNEN, Landesliste Sachsen)",,,,,,,no evidence,,0,https://www.abgeordnetenwatch.de/profile/kassem-taher-saleh,,BÜNDNIS 90/DIE GRÜNEN,Landesliste Sachsen
"Katalin Gennburg (Die Linke, Landesliste Berlin)",,,,,,,no evidence,,0,https://www.abgeordnetenwatch.de/profile/katalin-gennburg,,Die Linke,Landesliste Berlin
"Katharina Beck (BÜNDNIS 90/DIE GRÜNEN, Landesliste Hamburg)",,,,,,,no evidence,,0,https://www.abgeordnetenwatch.de/profile/katharina-beck,,BÜNDNIS 90/DIE GRÜNEN,Landesliste Hamburg
"Kathrin Gebel (Die Linke, Landesliste Nordrhein-Westfalen)",,,,,,,no evidence,,0,https://www.abgeordnetenwatch.de/profile/kathrin-gebel,,Die Linke,Landesliste Nordrhein-Westfalen
"Kathrin Michel (SPD, Landesliste Sachsen)",,,,,,,no evidence,,0,https://www.abgeordnetenwatch.de/profile/kathrin-michel,,SPD,Landesliste Sachsen
"Katja Strauss-Köster (CDU/CSU, 138 - Ennepe-Ruhr-Kreis II)",,,,,,,no evidence,,0,https://www.abgeordnetenwatch.de/profile/katja-strauss-koester,,CDU/CSU,138 - Ennepe-Ruhr-Kreis II
"Katrin Uhlig (BÜNDNIS 90/DIE GRÜNEN, Landesliste Nordrhein-Westfalen)",,,,,,,no evidence,,0,https://www.abgeordnetenwatch.de/profile/katrin-uhlig,,BÜNDNIS 90/DIE GRÜNEN,Landesliste Nordrhein-Westfalen
Katrin Zschau (SPD),,,,,,,no evidence,,0,https://www.abgeordnetenwatch.de/profile/katrin-zschau,,SPD,
"Klaus Mack (CDU/CSU, 280 - Calw)",,,,,,,no evidence,,0,https://www.abgeordnetenwatch.de/profile/klaus-mack,,CDU/CSU,280 - Calw
"Klaus Wiener (CDU/CSU, 103 - Mettmann I)",,,,,,,no evidence,,0,https://www.abgeordnetenwatch.de/profile/klaus-wiener,,CDU/CSU,103 - Mettmann I
"Knut Abraham (CDU/CSU, Landesliste Brandenburg)",,,,,,,no evidence,,0,https://www.abgeordnetenwatch.de/profile/knut-abraham,,CDU/CSU,Landesliste Brandenburg
"Konrad Körner (CDU/CSU, 241 - Erlangen)",,,,,,,no evidence,,0,https://www.abgeordnetenwatch.de/profile/konrad-koerner,,CDU/CSU,241 - Erlangen
"Lars Ehm (CDU/CSU, 121 - Recklinghausen II)",,,,,,,no evidence,,0,https://www.abgeordnetenwatch.de/profile/lars-ehm,,CDU/CSU,121 - Recklinghausen II
"Lars Schieske (AfD, 64 - Cottbus – Spree-Neiße)",,,,,,,no evidence,,0,https://www.abgeordnetenwatch.de/profile/lars-schieske,,AfD,64 - Cottbus – Spree-Neiße
"Leif Bodin (CDU/CSU, 2 - Nordfriesland – Dithmarschen Nord)",,,,,,,no evidence,,0,https://www.abgeordnetenwatch.de/profile/leif-bodin,,CDU/CSU,2 - Nordfriesland – Dithmarschen Nord
"Lena Gumnior (BÜNDNIS 90/DIE GRÜNEN, Landesliste Niedersachsen)",,,,,,,no evidence,,0,https://www.abgeordnetenwatch.de/profile/lena-gumnior,,BÜNDNIS 90/DIE GRÜNEN,Landesliste Niedersachsen
"Leon Eckert (BÜNDNIS 90/DIE GRÜNEN, Landesliste Bayern)",,,,,,,no evidence,,0,https://www.abgeordnetenwatch.de/profile/leon-eckert,,BÜNDNIS 90/DIE GRÜNEN,Landesliste Bayern
"Lina Seitzl (SPD, Landesliste Baden-Württemberg)",,,,,,,no evidence,,0,https://www.abgeordnetenwatch.de/profile/lina-seitzl,,SPD,Landesliste Baden-Württemberg
"Linda Heitmann (BÜNDNIS 90/DIE GRÜNEN, 19 - Hamburg-Altona)",,,,,,,no evidence,,0,https://www.abgeordnetenwatch.de/profile/linda-heitmann,,BÜNDNIS 90/DIE GRÜNEN,19 - Hamburg-Altona
"Lisa Schubert (Die Linke, Landesliste Nordrhein-Westfalen)",,,,,,,no evidence,,0,https://www.abgeordnetenwatch.de/profile/lisa-schubert,,Die Linke,Landesliste Nordrhein-Westfalen
"Luigi Pantisano (Die Linke, Landesliste Baden-Württemberg)",,,,,,,no evidence,,0,https://www.abgeordnetenwatch.de/profile/luigi-pantisano,,Die Linke,Landesliste Baden-Württemberg
"Lukas Krieger (CDU/CSU, 79 - Berlin-Charlottenburg-Wilmersdorf)",,,,,,,no evidence,,0,https://www.abgeordnetenwatch.de/profile/lukas-krieger,,CDU/CSU,79 - Berlin-Charlottenburg-Wilmersdorf
"Luke Hoß (Die Linke, Landesliste Bayern)",,,,,,,no evidence,,0,https://www.abgeordnetenwatch.de/profile/luke-hoss,,Die Linke,Landesliste Bayern
"Lutz Brinkmann (CDU/CSU, 38 - Osnabrück-Land)",,,,,,,no evidence,,0,https://www.abgeordnetenwatch.de/profile/lutz-brinkmann,,CDU/CSU,38 - Osnabrück-Land
"Macit Karaahmetoğlu (SPD, Landesliste Baden-Württemberg)",,,,,,,no evidence,,0,https://www.abgeordnetenwatch.de/profile/macit-karaahmetoglu,,SPD,Landesliste Baden-Württemberg
"Mandy Eißing (Die Linke, Landesliste Thüringen)",,,,,,,no evidence,,0,https://www.abgeordnetenwatch.de/profile/mandy-eissing,,Die Linke,Landesliste Thüringen
Manfred Schiller (AfD),,,,,,,no evidence,,0,https://www.abgeordnetenwatch.de/profile/manfred-schiller,,AfD,
Manuel Johannes Krauthausen (AfD),,,,,,,no evidence,,0,https://www.abgeordnetenwatch.de/profile/manuel-johannes-krauthausen,,AfD,
"Marcel Bauer (Die Linke, Landesliste Baden-Württemberg)",,,,,,,no evidence,,0,https://www.abgeordnetenwatch.de/profile/marcel-bauer,,Die Linke,Landesliste Baden-Württemberg
"Marcel Queckemeyer (AfD, Landesliste Niedersachsen)",,,,,,,no evidence,,0,https://www.abgeordnetenwatch.de/profile/marcel-queckemeyer,,AfD,Landesliste Niedersachsen
"Mareike Hermeier (Die Linke, Landesliste Nordrhein-Westfalen)",,,,,,,no evidence,,0,https://www.abgeordnetenwatch.de/profile/mareike-hermeier,,Die Linke,Landesliste Nordrhein-Westfalen
"Mareike Lotte Wulf (CDU/CSU, Landesliste Niedersachsen)",,,,,,,no evidence,,0,https://www.abgeordnetenwatch.de/profile/mareike-lotte-wulf,,CDU/CSU,Landesliste Niedersachsen
"Maria-Lena Weiss (CDU/CSU, 285 - Rottweil – Tuttlingen)",,,,,,,no evidence,,0,https://www.abgeordnetenwatch.de/profile/maria-lena-weiss,,CDU/CSU,285 - Rottweil – Tuttlingen
Markus Matzerath (AfD),,,,,,,no evidence,,0,https://www.abgeordnetenwatch.de/profile/markus-matzerath,,AfD,
"Markus Reichel (CDU/CSU, Landesliste Sachsen)",,,,,,,no evidence,,0,https://www.abgeordnetenwatch.de/profile/markus-reichel,,CDU/CSU,Landesliste Sachsen
"Marlon Bröhr (CDU/CSU, 199 - Mosel/Rhein-Hunsrück)",,,,,,,no evidence,,0,https://www.abgeordnetenwatch.de/profile/marlon-broehr,,CDU/CSU,199 - Mosel/Rhein-Hunsrück
"Martin Kröber (SPD, Landesliste Sachsen-Anhalt)",,,,,,,no evidence,,0,https://www.abgeordnetenwatch.de/profile/martin-kroeber,,SPD,Landesliste Sachsen-Anhalt
"Martin Plum (CDU/CSU, 110 - Viersen)",,,,,,,no evidence,,0,https://www.abgeordnetenwatch.de/profile/martin-plum,,CDU/CSU,110 - Viersen
"Martina Englhardt-Kopf (CDU/CSU, 233 - Schwandorf)",,,,,,,no evidence,,0,https://www.abgeordnetenwatch.de/profile/martina-englhardt-kopf,,CDU/CSU,233 - Schwandorf
"Marvin Schulz (CDU/CSU, 76 - Berlin-Reinickendorf)",,,,,,,no evidence,,0,https://www.abgeordnetenwatch.de/profile/marvin-schulz,,CDU/CSU,76 - Berlin-Reinickendorf
"Mathias Weiser (AfD, 165 - Vogtlandkreis)",,,,,,,no evidence,,0,https://www.abgeordnetenwatch.de/profile/mathias-weiser,,AfD,165 - Vogtlandkreis
"Matthias Helferich (AfD, Landesliste Nordrhein-Westfalen)",,,,,,,no evidence,,0,https://www.abgeordnetenwatch.de/profile/matthias-helferich,,AfD,Landesliste Nordrhein-Westfalen
"Matthias Hiller (CDU/CSU, 262 - Nürtingen)",,,,,,,no evidence,,0,https://www.abgeordnetenwatch.de/profile/matthias-hiller,,CDU/CSU,262 - Nürtingen
"Matthias Mieves (SPD, 208 - Kaiserslautern)",,,,,,,no evidence,,0,https://www.abgeordnetenwatch.de/profile/matthias-mieves,,SPD,208 - Kaiserslautern
"Maximilian Kneller (AfD, Landesliste Nordrhein-Westfalen)",,,,,,,no evidence,,0,https://www.abgeordnetenwatch.de/profile/maximilian-kneller,,AfD,Landesliste Nordrhein-Westfalen
"Maximilian Krah (AfD, 162 - Chemnitzer Umland – Erzgebirgskreis II)",,,,,,,no evidence,,0,https://www.abgeordnetenwatch.de/profile/maximilian-krah,,AfD,162 - Chemnitzer Umland – Erzgebirgskreis II
"Mayra Vriesema (BÜNDNIS 90/DIE GRÜNEN, Landesliste Schleswig-Holstein)",,,,,,,no evidence,,0,https://www.abgeordnetenwatch.de/profile/mayra-vriesema,,BÜNDNIS 90/DIE GRÜNEN,Landesliste Schleswig-Holstein
"Micha Fehre (AfD, Landesliste Niedersachsen)",,,,,,,no evidence,,0,https://www.abgeordnetenwatch.de/profile/micha-fehre,,AfD,Landesliste Niedersachsen
"Michael Hose (CDU/CSU, Landesliste Thüringen)",,,,,,,no evidence,,0,https://www.abgeordnetenwatch.de/profile/michael-hose,,CDU/CSU,Landesliste Thüringen
"Michael Kellner (BÜNDNIS 90/DIE GRÜNEN, Landesliste Brandenburg)",,,,,,,no evidence,,0,https://www.abgeordnetenwatch.de/profile/michael-kellner,,BÜNDNIS 90/DIE GRÜNEN,Landesliste Brandenburg
"Michael „Moses“ Arndt (Die Linke, Landesliste Saarland)",,,,,,,no evidence,,0,https://www.abgeordnetenwatch.de/profile/michael-moses-arndt,,Die Linke,Landesliste Saarland
"Moritz Heuberger (BÜNDNIS 90/DIE GRÜNEN, 80 - Berlin-Tempelhof-Schöneberg)",,,,,,,no evidence,,0,https://www.abgeordnetenwatch.de/profile/moritz-heuberger,,BÜNDNIS 90/DIE GRÜNEN,80 - Berlin-Tempelhof-Schöneberg
"Nadine Heselhaus (SPD, Landesliste Nordrhein-Westfalen)",,,,,,,no evidence,,0,https://www.abgeordnetenwatch.de/profile/nadine-heselhaus,,SPD,Landesliste Nordrhein-Westfalen
"Natalie Pawlik (SPD, Landesliste Hessen)",,,,,,,no evidence,,0,https://www.abgeordnetenwatch.de/profile/natalie-pawlik,,SPD,Landesliste Hessen
"Nicklas Kappe (CDU/CSU, 124 - Bottrop – Recklinghausen III)",,,,,,,no evidence,,0,https://www.abgeordnetenwatch.de/profile/nicklas-kappe,,CDU/CSU,124 - Bottrop – Recklinghausen III
"Nicolas Zippelius (CDU/CSU, 272 - Karlsruhe-Land)",,,,,,,no evidence,,0,https://www.abgeordnetenwatch.de/profile/nicolas-zippelius,,CDU/CSU,272 - Karlsruhe-Land
Nicole Hess (AfD),,,,,,,no evidence,,0,https://www.abgeordnetenwatch.de/profile/nicole-hess,,AfD,
"Niklas Wagener (BÜNDNIS 90/DIE GRÜNEN, Landesliste Bayern)",,,,,,,no evidence,,0,https://www.abgeordnetenwatch.de/profile/niklas-wagener,,BÜNDNIS 90/DIE GRÜNEN,Landesliste Bayern
"Nora Seitz (CDU/CSU, Landesliste Sachsen)",,,,,,,no evidence,,0,https://www.abgeordnetenwatch.de/profile/nora-seitz,,CDU/CSU,Landesliste Sachsen
"Olaf Scholz (SPD, 61 - Potsdam – Potsdam-Mittelmark II – Teltow-Fläming II)",,,,,,,no evidence,,0,https://www.abgeordnetenwatch.de/profile/olaf-scholz,,SPD,61 - Potsdam – Potsdam-Mittelmark II – Teltow-Fläming II
"Oliver Pöpsel (CDU/CSU, 145 - Soest)",,,,,,,no evidence,,0,https://www.abgeordnetenwatch.de/profile/oliver-poepsel,,CDU/CSU,145 - Soest
"Oliver Vogt (CDU/CSU, 133 - Minden-Lübbecke I)",,,,,,,no evidence,,0,https://www.abgeordnetenwatch.de/profile/oliver-vogt,,CDU/CSU,133 - Minden-Lübbecke I
"Ophelia Nick (BÜNDNIS 90/DIE GRÜNEN, Landesliste Nordrhein-Westfalen)",,,,,,,no evidence,,0,https://www.abgeordnetenwatch.de/profile/ophelia-nick,,BÜNDNIS 90/DIE GRÜNEN,Landesliste Nordrhein-Westfalen
"Pascal Reddig (CDU/CSU, 179 - Hanau)",,,,,,,no evidence,,0,https://www.abgeordnetenwatch.de/profile/pascal-reddig,,CDU/CSU,179 - Hanau
"Paula Piechotta (BÜNDNIS 90/DIE GRÜNEN, Landesliste Sachsen)",,,,,,,no evidence,,0,https://www.abgeordnetenwatch.de/profile/paula-piechotta,,BÜNDNIS 90/DIE GRÜNEN,Landesliste Sachsen
Peter Bohnhof (AfD),,,,,,,no evidence,,0,https://www.abgeordnetenwatch.de/profile/peter-bohnhof,,AfD,
"Philip Hoffmann (CDU/CSU, 297 - Saarlouis)",,,,,,,no evidence,,0,https://www.abgeordnetenwatch.de/profile/philip-hoffmann,,CDU/CSU,297 - Saarlouis
"Philipp Rottwilm (SPD, Landesliste Hessen)",,,,,,,no evidence,,0,https://www.abgeordnetenwatch.de/profile/philipp-rottwilm,,SPD,Landesliste Hessen
"Pierre Lamely (AfD, Landesliste Hessen)",,,,,,,no evidence,,0,https://www.abgeordnetenwatch.de/profile/pierre-lamely,,AfD,Landesliste Hessen
"Raimond Scheirich (AfD, Landesliste Bayern)",,,,,,,no evidence,,0,https://www.abgeordnetenwatch.de/profile/raimond-scheirich,,AfD,Landesliste Bayern
Rainer Gross (AfD),,,,,,,no evidence,,0,https://www.abgeordnetenwatch.de/profile/rainer-gross-0,,AfD,
"Ralf Stegner (SPD, Landesliste Schleswig-Holstein)",,,,,,,no evidence,,0,https://www.abgeordnetenwatch.de/profile/ralf-stegner,,SPD,Landesliste Schleswig-Holstein
"Rebecca Lenhard (BÜNDNIS 90/DIE GRÜNEN, Landesliste Bayern)",,,,,,,no evidence,,0,https://www.abgeordnetenwatch.de/profile/rebecca-lenhard,,BÜNDNIS 90/DIE GRÜNEN,Landesliste Bayern
Reem Alabali Radovan (SPD),,,,,,,no evidence,,0,https://www.abgeordnetenwatch.de/profile/reem-alabali-radovan,,SPD,
"Reza Asghari (CDU/CSU, Landesliste Niedersachsen)",,,,,,,no evidence,,0,https://www.abgeordnetenwatch.de/profile/reza-asghari,,CDU/CSU,Landesliste Niedersachsen
"Ricarda Lang (BÜNDNIS 90/DIE GRÜNEN, Landesliste Baden-Württemberg)",,,,,,,no evidence,,0,https://www.abgeordnetenwatch.de/profile/ricarda-lang,,BÜNDNIS 90/DIE GRÜNEN,Landesliste Baden-Württemberg
"Robert Teske (AfD, 195 - Suhl – Schmalkalden-Meiningen – Hildburghausen – Sonneberg)",,,,,,,no evidence,,0,https://www.abgeordnetenwatch.de/profile/robert-teske,,AfD,195 - Suhl – Schmalkalden-Meiningen – Hildburghausen – Sonneberg
"Robin Jünger (AfD, Landesliste Hessen)",,,,,,,no evidence,,0,https://www.abgeordnetenwatch.de/profile/robin-juenger,,AfD,Landesliste Hessen
"Roland Theis (CDU/CSU, 298 - St. Wendel)",,,,,,,no evidence,,0,https://www.abgeordnetenwatch.de/profile/roland-theis,,CDU/CSU,298 - St. Wendel
"Ronald Gläser (AfD, Landesliste Berlin)",,,,,,,no evidence,,0,https://www.abgeordnetenwatch.de/profile/ronald-glaeser,,AfD,Landesliste Berlin
"Ruben Rupp (AfD, Landesliste Baden-Württemberg)",,,,,,,no evidence,,0,https://www.abgeordnetenwatch.de/profile/ruben-rupp,,AfD,Landesliste Baden-Württemberg
"Ruppert Stüwe (SPD, Landesliste Berlin)",,,,,,,no evidence,,0,https://www.abgeordnetenwatch.de/profile/ruppert-stuewe,,SPD,Landesliste Berlin
"Sahra Mirow (Die Linke, Landesliste Baden-Württemberg)",,,,,,,no evidence,,0,https://www.abgeordnetenwatch.de/profile/sahra-mirow,,Die Linke,Landesliste Baden-Württemberg
"Sanae Abdi (SPD, 92 - Köln I)",,,,,,,no evidence,,0,https://www.abgeordnetenwatch.de/profile/sanae-abdi,,SPD,92 - Köln I
"Sandra Carstensen (CDU/CSU, 6 - Plön – Neumünster)",,,,,,,no evidence,,0,https://www.abgeordnetenwatch.de/profile/sandra-carstensen,,CDU/CSU,6 - Plön – Neumünster
"Sandra Detzer (BÜNDNIS 90/DIE GRÜNEN, Landesliste Baden-Württemberg)",,,,,,,no evidence,,0,https://www.abgeordnetenwatch.de/profile/sandra-detzer,,BÜNDNIS 90/DIE GRÜNEN,Landesliste Baden-Württemberg
"Sandra Stein (BÜNDNIS 90/DIE GRÜNEN, Landesliste Nordrhein-Westfalen)",,,,,,,no evidence,,0,https://www.abgeordnetenwatch.de/profile/sandra-stein,,BÜNDNIS 90/DIE GRÜNEN,Landesliste Nordrhein-Westfalen
"Sarah Vollath (Die Linke, Landesliste Bayern)",,,,,,,no evidence,,0,https://www.abgeordnetenwatch.de/profile/sarah-vollath,,Die Linke,Landesliste Bayern
"Sascha Müller (BÜNDNIS 90/DIE GRÜNEN, Landesliste Bayern)",,,,,,,no evidence,,0,https://www.abgeordnetenwatch.de/profile/sascha-mueller-0,,BÜNDNIS 90/DIE GRÜNEN,Landesliste Bayern
"Sascha van Beek (CDU/CSU, 112 - Wesel I)",,,,,,,no evidence,,0,https://www.abgeordnetenwatch.de/profile/sascha-van-beek,,CDU/CSU,112 - Wesel I
"Saskia Ludwig (CDU/CSU, Landesliste Brandenburg)",,,,,,,no evidence,,0,https://www.abgeordnetenwatch.de/profile/saskia-ludwig,,CDU/CSU,Landesliste Brandenburg
"Sebastian Fiedler (SPD, 117 - Mülheim – Essen I)",,,,,,,no evidence,,0,https://www.abgeordnetenwatch.de/profile/sebastian-fiedler,,SPD,117 - Mülheim – Essen I
"Sebastian Roloff (SPD, Landesliste Bayern)",,,,,,,no evidence,,0,https://www.abgeordnetenwatch.de/profile/sebastian-roloff,,SPD,Landesliste Bayern
"Sebastian Schmidt (CDU/CSU, 9 - Ostholstein – Stormarn-Nord)",,,,,,,no evidence,,0,https://www.abgeordnetenwatch.de/profile/sebastian-schmidt-0,,CDU/CSU,9 - Ostholstein – Stormarn-Nord
"Sebastian Schäfer (BÜNDNIS 90/DIE GRÜNEN, Landesliste Baden-Württemberg)",,,,,,,no evidence,,0,https://www.abgeordnetenwatch.de/profile/sebastian-schaefer-0,,BÜNDNIS 90/DIE GRÜNEN,Landesliste Baden-Württemberg
"Serap Güler (CDU/CSU, Landesliste Nordrhein-Westfalen)",,,,,,,no evidence,,0,https://www.abgeordnetenwatch.de/profile/serap-gueler,,CDU/CSU,Landesliste Nordrhein-Westfalen
"Serdar Yüksel (SPD, 139 - Bochum I)",,,,,,,no evidence,,0,https://www.abgeordnetenwatch.de/profile/serdar-yueksel,,SPD,139 - Bochum I
"Siegfried Walch (CDU/CSU, 224 - Traunstein)",,,,,,,no evidence,,0,https://www.abgeordnetenwatch.de/profile/siegfried-walch,,CDU/CSU,224 - Traunstein
Sieghard Knodel (fraktionslos),,,,,,,no evidence,,0,https://www.abgeordnetenwatch.de/profile/sieghard-knodel,,fraktionslos,
"Simone Borchardt (CDU/CSU, Landesliste Mecklenburg-Vorpommern)",,,,,,,no evidence,,0,https://www.abgeordnetenwatch.de/profile/simone-borchardt,,CDU/CSU,Landesliste Mecklenburg-Vorpommern
"Simone Fischer (BÜNDNIS 90/DIE GRÜNEN, 258 - Stuttgart I)",,,,,,,no evidence,,0,https://www.abgeordnetenwatch.de/profile/simone-fischer,,BÜNDNIS 90/DIE GRÜNEN,258 - Stuttgart I
Sonja Lemke (Die Linke),,,,,,,no evidence,,0,https://www.abgeordnetenwatch.de/profile/sonja-lemke,,Die Linke,
Stefan Glaser (CDU/CSU),,,,,,,no evidence,,0,https://www.abgeordnetenwatch.de/profile/stefan-glaser,,CDU/CSU,
"Stefan Henze (AfD, Landesliste Niedersachsen)",,,,,,,no evidence,,0,https://www.abgeordnetenwatch.de/profile/stefan-henze,,AfD,Landesliste Niedersachsen
"Stefan Korbach (CDU/CSU, 178 - Wiesbaden)",,,,,,,no evidence,,0,https://www.abgeordnetenwatch.de/profile/stefan-korbach,,CDU/CSU,178 - Wiesbaden
"Stefan Nacke (CDU/CSU, Landesliste Nordrhein-Westfalen)",,,,,,,no evidence,,0,https://www.abgeordnetenwatch.de/profile/stefan-nacke,,CDU/CSU,Landesliste Nordrhein-Westfalen
"Stefan Schröder (AfD, 190 - Jena – Sömmerda – Weimarer Land I)",,,,,,,no evidence,,0,https://www.abgeordnetenwatch.de/profile/stefan-schroeder,,AfD,190 - Jena – Sömmerda – Weimarer Land I
"Susanne Hierl (CDU/CSU, 231 - Amberg)",,,,,,,no evidence,,0,https://www.abgeordnetenwatch.de/profile/susanne-hierl,,CDU/CSU,231 - Amberg
"Svenja Schulze (SPD, Landesliste Nordrhein-Westfalen)",,,,,,,no evidence,,0,https://www.abgeordnetenwatch.de/profile/svenja-schulze,,SPD,Landesliste Nordrhein-Westfalen
"Swantje Michaelsen (BÜNDNIS 90/DIE GRÜNEN, Landesliste Niedersachsen)",,,,,,,no evidence,,0,https://www.abgeordnetenwatch.de/profile/swantje-michaelsen,,BÜNDNIS 90/DIE GRÜNEN,Landesliste Niedersachsen
"Sylvia Rietenberg (BÜNDNIS 90/DIE GRÜNEN, 128 - Münster)",,,,,,,no evidence,,0,https://www.abgeordnetenwatch.de/profile/sylvia-rietenberg,,BÜNDNIS 90/DIE GRÜNEN,128 - Münster
"Tamara Mazzi (Die Linke, Landesliste Schleswig-Holstein)",,,,,,,no evidence,,0,https://www.abgeordnetenwatch.de/profile/tamara-mazzi,,Die Linke,Landesliste Schleswig-Holstein
"Tanja Machalet (SPD, Landesliste Rheinland-Pfalz)",,,,,,,no evidence,,0,https://www.abgeordnetenwatch.de/profile/tanja-machalet,,SPD,Landesliste Rheinland-Pfalz
"Tarek Al-Wazir (BÜNDNIS 90/DIE GRÜNEN, Landesliste Hessen)",,,,,,,no evidence,,0,https://www.abgeordnetenwatch.de/profile/tarek-al-wazir,,BÜNDNIS 90/DIE GRÜNEN,Landesliste Hessen
"Thomas Fetsch (AfD, Landesliste Hessen)",,,,,,,no evidence,,0,https://www.abgeordnetenwatch.de/profile/thomas-fetsch,,AfD,Landesliste Hessen
"Thomas Korell (AfD, 66 - Altmark – Jerichower Land)",,,,,,,no evidence,,0,https://www.abgeordnetenwatch.de/profile/thomas-korell,,AfD,66 - Altmark – Jerichower Land
"Thomas Pauls (CDU/CSU, 176 - Wetterau I)",,,,,,,no evidence,,0,https://www.abgeordnetenwatch.de/profile/thomas-pauls,,CDU/CSU,176 - Wetterau I
"Thomas Röwekamp (CDU/CSU, Landesliste Bremen)",,,,,,,no evidence,,0,https://www.abgeordnetenwatch.de/profile/thomas-roewekamp,,CDU/CSU,Landesliste Bremen
"Thomas Stephan (AfD, Landesliste Rheinland-Pfalz)",,,,,,,no evidence,,0,https://www.abgeordnetenwatch.de/profile/thomas-stephan,,AfD,Landesliste Rheinland-Pfalz
"Thorsten Rudolph (SPD, Landesliste Rheinland-Pfalz)",,,,,,,no evidence,,0,https://www.abgeordnetenwatch.de/profile/thorsten-rudolph,,SPD,Landesliste Rheinland-Pfalz
"Tijen Ataoğlu (CDU/CSU, 137 - Hagen – Ennepe-Ruhr-Kreis I)",,,,,,,no evidence,,0,https://www.abgeordnetenwatch.de/profile/tijen-ataoglu,,CDU/CSU,137 - Hagen – Ennepe-Ruhr-Kreis I
"Till Steffen (BÜNDNIS 90/DIE GRÜNEN, 20 - Hamburg-Eimsbüttel)",,,,,,,no evidence,,0,https://www.abgeordnetenwatch.de/profile/till-steffen,,BÜNDNIS 90/DIE GRÜNEN,20 - Hamburg-Eimsbüttel
"Tilman Kuban (CDU/CSU, Landesliste Niedersachsen)",,,,,,,no evidence,,0,https://www.abgeordnetenwatch.de/profile/tilman-kuban,,CDU/CSU,Landesliste Niedersachsen
"Tim Klüssendorf (SPD, 11 - Lübeck)",,,,,,,no evidence,,0,https://www.abgeordnetenwatch.de/profile/tim-kluessendorf,,SPD,11 - Lübeck
"Timon Dzienus (BÜNDNIS 90/DIE GRÜNEN, Landesliste Niedersachsen)",,,,,,,no evidence,,0,https://www.abgeordnetenwatch.de/profile/timon-dzienus,,BÜNDNIS 90/DIE GRÜNEN,Landesliste Niedersachsen
"Tina Winklmann (BÜNDNIS 90/DIE GRÜNEN, Landesliste Bayern)",,,,,,,no evidence,,0,https://www.abgeordnetenwatch.de/profile/tina-winklmann,,BÜNDNIS 90/DIE GRÜNEN,Landesliste Bayern
"Tobias Winkler (CDU/CSU, 242 - Fürth)",,,,,,,no evidence,,0,https://www.abgeordnetenwatch.de/profile/tobias-winkler,,CDU/CSU,242 - Fürth
Torben Braga (AfD),,,,,,,no evidence,,0,https://www.abgeordnetenwatch.de/profile/torben-braga,,AfD,
"Truels Reichardt (SPD, Landesliste Schleswig-Holstein)",,,,,,,no evidence,,0,https://www.abgeordnetenwatch.de/profile/truels-reichardt,,SPD,Landesliste Schleswig-Holstein
"Vanessa-Kim Zobel (CDU/CSU, 30 - Stade I – Rotenburg II)",,,,,,,no evidence,,0,https://www.abgeordnetenwatch.de/profile/vanessa-kim-zobel,,CDU/CSU,30 - Stade I – Rotenburg II
"Verena Hubertz (SPD, Landesliste Rheinland-Pfalz)",,,,,,,no evidence,,0,https://www.abgeordnetenwatch.de/profile/verena-hubertz,,SPD,Landesliste Rheinland-Pfalz
"Victoria Broßart (BÜNDNIS 90/DIE GRÜNEN, Landesliste Bayern)",,,,,,,no evidence,,0,https://www.abgeordnetenwatch.de/profile/victoria-brossart,,BÜNDNIS 90/DIE GRÜNEN,Landesliste Bayern
"Violetta Bock (Die Linke, Landesliste Hessen)",,,,,,,no evidence,,0,https://www.abgeordnetenwatch.de/profile/violetta-bock,,Die Linke,Landesliste Hessen
"Vivian Tauschwitz (CDU/CSU, Landesliste Niedersachsen)",,,,,,,no evidence,,0,https://www.abgeordnetenwatch.de/profile/vivian-tauschwitz,,CDU/CSU,Landesliste Niedersachsen
"Volker Mayer-Lay (CDU/CSU, 293 - Bodensee)",,,,,,,no evidence,,0,https://www.abgeordnetenwatch.de/profile/volker-mayer-lay,,CDU/CSU,293 - Bodensee
"Volker Scheurell (AfD, 70 - Anhalt – Dessau – Wittenberg)",,,,,,,no evidence,,0,https://www.abgeordnetenwatch.de/profile/volker-scheurell,,AfD,70 - Anhalt – Dessau – Wittenberg
"Wilhelm Gebhard (CDU/CSU, 168 - Werra-Meißner – Hersfeld-Rotenburg)",,,,,,,no evidence,,0,https://www.abgeordnetenwatch.de/profile/wilhelm-gebhard,,CDU/CSU,168 - Werra-Meißner – Hersfeld-Rotenburg
"Wolfgang Dahler (CDU/CSU, 292 - Biberach)",,,,,,,no evidence,,0,https://www.abgeordnetenwatch.de/profile/wolfgang-dahler,,CDU/CSU,292 - Biberach
"Yannick Bury (CDU/CSU, 283 - Emmendingen – Lahr)",,,,,,,no evidence,,0,https://www.abgeordnetenwatch.de/profile/yannick-bury,,CDU/CSU,283 - Emmendingen – Lahr
"Zoe Mayer (BÜNDNIS 90/DIE GRÜNEN, 271 - Karlsruhe-Stadt)",,,,,,,no evidence,,0,https://www.abgeordnetenwatch.de/profile/zoe-mayer,,BÜNDNIS 90/DIE GRÜNEN,271 - Karlsruhe-Stadt
Totals - 630 sitting decision-makers,19,267,10,52,1,,"no evidence: 265; on record, not placed: 16",,,,,,
