Decision-Maker,++,+,0,-,--,Target (Y/N),Based on,Confidence,Evidence items,Profile,Comments,Party,Seat
"Beatrix von Storch (AfD, Landesliste Berlin)",1,,,,,,"a speech, 6 months ago",consistent (12 items),13,https://www.abgeordnetenwatch.de/profile/beatrix-von-storch,"2026-07-13 KLEINE ANFRAGE: Fragen zur LSBTQ-Politik der Bundesregierung und zum Selbstbestimmungsgesetz (Drucksache 21/7135) [+: AfD Kleine Anfrage critical of SBGG and youth transition (comorbidity, blockers, women's spaces).] | 2026-03-19 DEBATE: Rede ""Das ist intersektionaler Feminismus in Aktion. Dazu gehört auch, wenn man Ehrenmorde „Femizide“ nennt,..."" [++: Strongly criticises puberty blockers making girls infertile and gender ideology, aligning with opposition to paediatric transition and single-sex space defence.] | 2025-01-31 DEBATE: Rede ""Unser Antrag „Schutz von Kindern und Jugendlichen mit Geschlechtsdysphorie vor geschlechtsangleichenden medizinischen Eingriffen“ hat dasselbe Ziel: den Schutz von Kindern und Jugendlichen vor Verstümmelung. Es reicht! D..."" [++: Strongly opposes paediatric gender-affirming interventions, calling them mutilation, backing Trump's ban.] | 2024-12-16 GESETZENTWURF: Gesetz zur Strafbarkeit der Bewerbung und Durchführung von Geschlechtsanpassungen bei Minderjährigen (Drucksache 20/14218) [++: Group/Fraktion bill to criminalise promoting and performing gender reassignment on minors.] | 2024-12-16 ANTRAG: Unterlassung von Informationen mit bewerbendem Charakter zu Pubertätsblocker- und Hormonbehandlung von Kindern und Jugen (Drucksache 20/14221) [++: Motion demanding the government stop promotional puberty-blocker/hormone content aimed at children (Regenbogenportal).] | 2024-09-12 DEBATE: Rede ""Das neue Abstammungsrecht soll die natürliche Verbindung zwischen den biologischen Eltern und ihren Kindern kappen. Dann kommt die Legalisierung der Leihmutterschaft. Sie machen aus Kindern eine Handelsware und aus Fraue..."" [++: Explicitly opposes surrogacy ('Handelsware', 'Brutkästen'), gender self-ID law, and polyamorous marriage redefinition; defends traditional family.] | 2024-04-12 VOTE (Bundestag): Voted Nein: Selbstbestimmungsgesetz [++: Voted against the Self-Determination Act and its provisions for minors.] | 2023-11-15 DEBATE: Rede ""Nach der Änderung des Geschlechtseintrages kommen für viele Jugendliche Arzt, Pubertätsblocker und später das Skalpell...."" [++: AfD speech opposes puberty blockers and self-ID without parental consent, strongly aligned with CitizenGO.]",AfD,Landesliste Berlin
"Martin Reichardt (AfD, 72 - Burgenland – Saalekreis)",1,,,,,,"a speech, 10 months ago",consistent (13 items),13,https://www.abgeordnetenwatch.de/profile/martin-reichardt,"2026-07-13 KLEINE ANFRAGE: Fragen zur LSBTQ-Politik der Bundesregierung und zum Selbstbestimmungsgesetz (Drucksache 21/7135) [+: AfD Kleine Anfrage critical of SBGG and youth transition (comorbidity, blockers, women's spaces).] | 2025-12-17 MÜNDLICHE FRAGE: Erfassung der Anzahl von Kindern und Jugendlichen mit geänderten Geschlechtseinträgen nach dem Selbstbestimmungsgesetz (Drucksache 21/49) [+: Asks the government to record how many minors changed gender entry.] | 2025-12-03 DEBATE: Rede ""Plant die Bundesregierung, auch vor dem Hintergrund der laut Koalitionsvertrag geplanten Evaluierung des Selbstbestimmungsgesetzes (https://rp-online.de/politik/deutsch land/selbstbestimmungsgesetz-soll-evaluiert-werden-..."" [++: Questions push for tracking gender dysphoria diagnoses in minors, reflecting concern over paediatric gender medicine.] | 2025-12-03 MÜNDLICHE FRAGE: Änderung des Geschlechtseintrags von Kindern und Jugendlichen seit 2024 (Drucksache 21/46) [+: Asks the SBGG evaluation to record dysphoria diagnoses in children.] | 2025-12-03 MÜNDLICHE FRAGE: Erfassung von Diagnosen der Geschlechtsdysphorie bei Kindern und Jugendlichen im Rahmen der Evaluierung des Selbstbestim (Drucksache 21/46) [+: Asks the SBGG evaluation to record dysphoria diagnoses in children.] | 2025-11-05 DEBATE: Rede ""Gleiches gilt für die Frage nach Daten zur Anzahl von Diagnosen von Geschlechtsdysphorie bei Kindern und Jugendlichen insgesamt...."" [+: Seeks data on rising gender dysphoria diagnoses in children, implying concern over paediatric transition trend.] | 2025-11-05 MÜNDLICHE FRAGE: Doppeldiagnosen Autismus und Geschlechtsdysphorie bei Kindern und Jugendlichen zwischen 2020 und 2024 (Drucksache 21/36) [+: Asks for data on autism co-diagnosis in dysphoric minors (comorbidity concern).] | 2025-09-09 ANTRAG: Gesetz über die Selbstbestimmung in Bezug auf den Geschlechtseintrag aufheben - Rechtsklarheit und Schutz vulnerabler Gr (Drucksache 21/1547) [+: Repeal motion also demands safeguards for minors against self-diagnosed transition.]",AfD,72 - Burgenland – Saalekreis
"Nicole Höchst (AfD, Landesliste Rheinland-Pfalz)",1,,,,,,"a speech, 7 months ago",consistent (8 items),10,https://www.abgeordnetenwatch.de/profile/nicole-hoechst,"2026-07-13 KLEINE ANFRAGE: Fragen zur LSBTQ-Politik der Bundesregierung und zum Selbstbestimmungsgesetz (Drucksache 21/7135) [+: AfD Kleine Anfrage critical of SBGG and youth transition (comorbidity, blockers, women's spaces).] | 2026-03-05 DEBATE: Rede ""Heißt: Keine Pubertätsblocker mehr außerhalb klinischer Studien! Der affirmative Ansatz als Allheilmittel bei kindlicher und jugendlicher Geschlechterdysphorie ist Geschichte – ein Segen für die britische Jugend und dami..."" [++: Explicitly praises banning puberty blockers outside clinical trials as a benefit to youth.] | 2024-12-16 GESETZENTWURF: Gesetz zur Strafbarkeit der Bewerbung und Durchführung von Geschlechtsanpassungen bei Minderjährigen (Drucksache 20/14218) [++: Group/Fraktion bill to criminalise promoting and performing gender reassignment on minors.] | 2024-04-12 VOTE (Bundestag): Voted Nein: Selbstbestimmungsgesetz [++: Voted against the Self-Determination Act and its provisions for minors.] | 2023-09-01 ANTRAG: Transsexuellengesetz erhalten und den Schutz von Menschen mit Geschlechtsdysphorie verbessern (Drucksache 20/8203) [+: Same motion stresses the risks of transition treatment for young people in puberty crisis; mainly an adult/legal-status motion.] | 2023-07-14 SCHRIFTLICHE FRAGE: Transition von Jugendlichen gegen den Wunsch der Eltern (Drucksache 20/7751) [+: Asks whether the government supports youth transition against parents' will.] | 2023-07-14 SCHRIFTLICHE FRAGE: Genderkliniken in Deutschland (Drucksache 20/7751) [+: Asks about German gender clinics operating on minors, citing Tavistock's closure.] | 2023-05-05 SCHRIFTLICHE FRAGE: Schulische Anlauf- und Beratungsstellen für junge Transpersonen, deren Angehörige sowie Fachkräfte in Rheinland-Pfalz (Drucksache 20/6668) [never places: Asks how many school counselling points for trans youth exist in Rhineland-Palatinate; data only.]",AfD,Landesliste Rheinland-Pfalz
"Susanne Hierl (CDU/CSU, 231 - Amberg)",1,,,,,,"a vote, 2 years ago",moderate (whipped vote),10,https://www.abgeordnetenwatch.de/profile/susanne-hierl,"2024-04-12 VOTE (Bundestag): Voted Nein: Selbstbestimmungsgesetz [++: Voted against the Self-Determination Act and its provisions for minors.] | 2024-03-07 SCHRIFTLICHE FRAGE: Befugnisse von Standesbeamten bei Änderungen der Geschlechtseinträge von Kindern (Drucksache 20/10565) [+: Asks what registrars can do when parents change a very young child's gender entry.] | 2024-03-07 SCHRIFTLICHE FRAGE: Verhaltensweisen bei Kindern als Anzeichen der Unstimmigkeit zwischen dem zugewiesenen und dem gefühlten Geschlecht (Drucksache 20/10565) [+: Challenges the government's claim that child behaviour signals gender incongruence.] | 2024-02-09 SCHRIFTLICHE FRAGE: Vorkehrungen zum besonderen Schutz von Kindern und Jugendlichen bei Änderung des Geschlechtseintrags (Drucksache 20/10292) [+: Asks what protects children when they change gender entry without support.] | 2024-02-09 SCHRIFTLICHE FRAGE: Diskussionen rund um die Londoner Tavistock-Klinik und die Dutch Protocols im Zusammenhang mit dem Gesetzentwurf zum Sel (Drucksache 20/10292) [+: Asks what the government learned from Tavistock and the Dutch Protocol controversy.] | 2024-02-09 SCHRIFTLICHE FRAGE: Einschätzung der WHO zur Evidenz des gender-affirmativen Ansatzes bei Minderjährigen (Drucksache 20/10292) [+: Presses the government on WHO judging the gender-affirmative approach for minors not evidence-based.] | 2023-11-15 DEBATE: Rede ""Sehr geehrte Frau Präsidentin! Liebe Kolleginnen und Kollegen! Wie schwierig es ist, bei diesem Thema zu einem Konsens zu kommen, das haben mir in den letzten eineinhalb Jahren meine Gespräche mit Vertretern von Verbände..."" [+: CDU speaker criticises lack of societal consensus behind the self-ID gender law, leaning against it.] | 2023-07-28 SCHRIFTLICHE FRAGE: Studie zum Thema ""transgeschlechtliche Jugendliche"" (Drucksache 20/7889) [never places: Asks about a promised study on trans youth; data only.]",CDU/CSU,231 - Amberg
"Gereon Bollmann (AfD, Landesliste Schleswig-Holstein)",1,,,,,,"a bill co-sponsored, 21 months ago",consistent (6 items),6,https://www.abgeordnetenwatch.de/profile/gereon-bollmann,"2026-07-13 KLEINE ANFRAGE: Fragen zur LSBTQ-Politik der Bundesregierung und zum Selbstbestimmungsgesetz (Drucksache 21/7135) [+: AfD Kleine Anfrage critical of SBGG and youth transition (comorbidity, blockers, women's spaces).] | 2026-03-31 KLEINE ANFRAGE: Erfassung psychischer Vorerkrankungen bei Jugendlichen und jungen Erwachsenen mit Geschlechtsdysphorie-Diagnose vor und  (Drucksache 21/5111) [+: AfD Kleine Anfrage on psychiatric comorbidities before/after transition in youth; presses the evidence gap.] | 2024-12-16 GESETZENTWURF: Gesetz zur Strafbarkeit der Bewerbung und Durchführung von Geschlechtsanpassungen bei Minderjährigen (Drucksache 20/14218) [++: Group/Fraktion bill to criminalise promoting and performing gender reassignment on minors.] | 2024-12-16 ANTRAG: Unterlassung von Informationen mit bewerbendem Charakter zu Pubertätsblocker- und Hormonbehandlung von Kindern und Jugen (Drucksache 20/14221) [++: Motion demanding the government stop promotional puberty-blocker/hormone content aimed at children (Regenbogenportal).] | 2024-07-05 KLEINE ANFRAGE: Bundesförderung von Projekten und Institutionen zu den Themen Transgender, Intersexualität, Geschlechtsdysphorie, Geschl (Drucksache 20/12187) [+: AfD Kleine Anfrage scrutinising federal funding of trans/queer projects incl. Regenbogenportal promotion of puberty blockers.] | 2024-04-12 VOTE (Bundestag): Voted Nein: Selbstbestimmungsgesetz [++: Voted against the Self-Determination Act and its provisions for minors.]",AfD,Landesliste Schleswig-Holstein
"Marcus Bühl (AfD, 191 - Gotha – Ilm-Kreis)",1,,,,,,"a bill co-sponsored, 21 months ago",consistent (5 items),6,https://www.abgeordnetenwatch.de/profile/marcus-buehl,"2024-12-16 GESETZENTWURF: Gesetz zur Strafbarkeit der Bewerbung und Durchführung von Geschlechtsanpassungen bei Minderjährigen (Drucksache 20/14218) [++: Group/Fraktion bill to criminalise promoting and performing gender reassignment on minors.] | 2024-12-16 ANTRAG: Unterlassung von Informationen mit bewerbendem Charakter zu Pubertätsblocker- und Hormonbehandlung von Kindern und Jugen (Drucksache 20/14221) [++: Motion demanding the government stop promotional puberty-blocker/hormone content aimed at children (Regenbogenportal).] | 2024-04-12 VOTE (Bundestag): Voted Nein: Selbstbestimmungsgesetz [++: Voted against the Self-Determination Act and its provisions for minors.] | 2023-09-01 ANTRAG: Transsexuellengesetz erhalten und den Schutz von Menschen mit Geschlechtsdysphorie verbessern (Drucksache 20/8203) [+: Same motion stresses the risks of transition treatment for young people in puberty crisis; mainly an adult/legal-status motion.] | 2022-10-31 ANTRAG: Schutz von Kindern und Jugendlichen mit Geschlechtsdysphorie vor geschlechtsangleichenden medizinischen Eingriffen (Drucksache 20/4213) [++: Motion to protect minors with gender dysphoria from blockers, cross-sex hormones and surgery.] | 2021-05-19 VOTE (Bundestag): Voted Nein: Aufhebung des Transsexuellengesetzes und Einführung des Selbstbestimmungsgesetzes [this side carries no value -- its lobby tells no member apart]",AfD,191 - Gotha – Ilm-Kreis
"Marc Bernhard (AfD, Landesliste Baden-Württemberg)",1,,,,,,"a bill co-sponsored, 21 months ago",consistent (4 items),5,https://www.abgeordnetenwatch.de/profile/marc-bernhard,"2024-12-16 GESETZENTWURF: Gesetz zur Strafbarkeit der Bewerbung und Durchführung von Geschlechtsanpassungen bei Minderjährigen (Drucksache 20/14218) [++: Group/Fraktion bill to criminalise promoting and performing gender reassignment on minors.] | 2024-12-16 ANTRAG: Unterlassung von Informationen mit bewerbendem Charakter zu Pubertätsblocker- und Hormonbehandlung von Kindern und Jugen (Drucksache 20/14221) [++: Motion demanding the government stop promotional puberty-blocker/hormone content aimed at children (Regenbogenportal).] | 2024-04-12 VOTE (Bundestag): Voted Nein: Selbstbestimmungsgesetz [++: Voted against the Self-Determination Act and its provisions for minors.] | 2022-10-31 ANTRAG: Schutz von Kindern und Jugendlichen mit Geschlechtsdysphorie vor geschlechtsangleichenden medizinischen Eingriffen (Drucksache 20/4213) [++: Motion to protect minors with gender dysphoria from blockers, cross-sex hormones and surgery.] | 2021-05-19 VOTE (Bundestag): Voted Nein: Aufhebung des Transsexuellengesetzes und Einführung des Selbstbestimmungsgesetzes [this side carries no value -- its lobby tells no member apart]",AfD,Landesliste Baden-Württemberg
Martin Sichert (AfD),1,,,,,,"a vote, 2 years ago",moderate (whipped vote),5,https://www.abgeordnetenwatch.de/profile/martin-sichert,"2026-06-12 SCHRIFTLICHE FRAGE: Ausgaben der GKV für Maßnahmen im Zusammenhang mit Geschlechtsdysphorie bzw. geschlechtsangleichenden Behandlungen (Drucksache 21/6457) [never places: Asks GKV spending on dysphoria treatments; data only.] | 2026-03-31 KLEINE ANFRAGE: Erfassung psychischer Vorerkrankungen bei Jugendlichen und jungen Erwachsenen mit Geschlechtsdysphorie-Diagnose vor und  (Drucksache 21/5111) [+: AfD Kleine Anfrage on psychiatric comorbidities before/after transition in youth; presses the evidence gap.] | 2024-07-05 KLEINE ANFRAGE: Bundesförderung von Projekten und Institutionen zu den Themen Transgender, Intersexualität, Geschlechtsdysphorie, Geschl (Drucksache 20/12187) [+: AfD Kleine Anfrage scrutinising federal funding of trans/queer projects incl. Regenbogenportal promotion of puberty blockers.] | 2024-04-12 VOTE (Bundestag): Voted Nein: Selbstbestimmungsgesetz [++: Voted against the Self-Determination Act and its provisions for minors.] | 2021-05-19 VOTE (Bundestag): Voted Nein: Aufhebung des Transsexuellengesetzes und Einführung des Selbstbestimmungsgesetzes [this side carries no value -- its lobby tells no member apart]",AfD,
"Michael Kaufmann (AfD, 194 - Saalfeld-Rudolstadt – Saale-Holzland-Kreis – Saale-Orla-Kreis)",1,,,,,,"a bill co-sponsored, 21 months ago",consistent (5 items),5,https://www.abgeordnetenwatch.de/profile/michael-kaufmann,2024-12-16 GESETZENTWURF: Gesetz zur Strafbarkeit der Bewerbung und Durchführung von Geschlechtsanpassungen bei Minderjährigen (Drucksache 20/14218) [++: Group/Fraktion bill to criminalise promoting and performing gender reassignment on minors.] | 2024-06-05 MÜNDLICHE FRAGE: Beratung und Diagnostik von Minderjährigen im Vorfeld einer Änderung des Geschlechtseintrags (Drucksache 20/171) [+: Backs the German Medical Assembly's demand for psychiatric diagnostics before minors change gender entry.] | 2024-05-15 MÜNDLICHE FRAGE: Eigenmächtige Änderung des Geschlechtseintrags von Kindern durch deren Eltern (Drucksache 20/168) [+: Raises risk of parents changing under-14s' gender entry or manipulating the child.] | 2024-04-12 VOTE (Bundestag): Voted Nein: Selbstbestimmungsgesetz [++: Voted against the Self-Determination Act and its provisions for minors.] | 2022-10-07 SCHRIFTLICHE FRAGE: Forderung des SPD-Kreisverbandes Tempelhof-Schöneberg zu einer Erweiterung des geplanten Selbstbestimmungsgesetzes (Drucksache 20/3859) [+: Asks whether letting 7-year-olds self-declare a gender change (SPD branch demand) endangers children.],AfD,194 - Saalfeld-Rudolstadt – Saale-Holzland-Kreis – Saale-Orla-Kreis
"Bernd Schattner (AfD, Landesliste Rheinland-Pfalz)",1,,,,,,"a bill co-sponsored, 21 months ago",consistent (3 items),4,https://www.abgeordnetenwatch.de/profile/bernd-schattner,"2024-12-16 GESETZENTWURF: Gesetz zur Strafbarkeit der Bewerbung und Durchführung von Geschlechtsanpassungen bei Minderjährigen (Drucksache 20/14218) [++: Group/Fraktion bill to criminalise promoting and performing gender reassignment on minors.] | 2024-04-24 DEBATE: Rede ""Gerade bei der frühzeitigen Behandlung der sogenannten, angeblichen Trans Kids mit Pubertätsblockern hat England eine Kehrtwende vollzogen. Der Gesundheitsservice gesteht schriftlich ein, dass Hormonbehandlungen an Kinde..."" [++: AfD speaker strongly criticises paediatric puberty blockers and youth gender treatments, opposing youth transition.] | 2024-04-24 MÜNDLICHE FRAGE: Geschlechtsanpassungen bei Minderjährigen in den letzten 6 Jahren (Drucksache 20/165) [never places: Asks how many gender reassignments on minors were performed; data only.] | 2024-04-12 VOTE (Bundestag): Voted Nein: Selbstbestimmungsgesetz [++: Voted against the Self-Determination Act and its provisions for minors.]",AfD,Landesliste Rheinland-Pfalz
"Dorothee Bär (CDU/CSU, 247 - Bad Kissingen)",1,,,,,,"a vote, 2 years ago",moderate (whipped vote),4,https://www.abgeordnetenwatch.de/profile/dorothee-baer,"2024-04-12 VOTE (Bundestag): Voted Nein: Selbstbestimmungsgesetz [++: Voted against the Self-Determination Act and its provisions for minors.] | 2023-11-15 DEBATE: Rede ""Es kann nicht sein, dass wir Eltern dann plötzlich ihr Elternrecht absprechen, weil wir sagen: Elternwille zählt nicht mehr. Gerichte werden entscheiden. – Auch Mediziner, die sich täglich Menschen mit Geschlechtsdysphor..."" [++: Defends parental rights and urges listening to medical experts on youth gender treatment, aligning with CitizenGO.] | 2022-05-06 SCHRIFTLICHE FRAGE: Empfehlung des BMFSFJ zum Einsatz von Pubertätsblockern bei Vorliegen einer Geschlechtsidentitätsstörung bei Jugendliche (Drucksache 20/1679) [+: Challenges BMFSFJ's recommendation of puberty blockers on Regenbogenportal without risk warnings.] | 2021-05-19 VOTE (Bundestag): Voted Nein: Aufhebung des Transsexuellengesetzes und Einführung des Selbstbestimmungsgesetzes [this side carries no value -- its lobby tells no member apart]",CDU/CSU,247 - Bad Kissingen
"Elisabeth Winkelmeier-Becker (CDU/CSU, 96 - Rhein-Sieg-Kreis I)",1,,,,,,"a vote, 2 years ago",moderate (whipped vote),4,https://www.abgeordnetenwatch.de/profile/elisabeth-winkelmeier-becker,"2024-04-12 VOTE (Bundestag): Voted Nein: Selbstbestimmungsgesetz [++: Voted against the Self-Determination Act and its provisions for minors.] | 2023-11-03 SCHRIFTLICHE FRAGE: Übergehung des Sorgerechtes der Eltern und mögliche Regelung medizinischer Angleichungsmaßnahmen bei Änderungserklärunge (Drucksache 20/9074) [+: Challenges the SBGG letting minors' declarations override parental custody below the §1666 threshold.] | 2021-05-19 VOTE (Bundestag): Voted Nein: Aufhebung des Transsexuellengesetzes und Einführung des Selbstbestimmungsgesetzes [this side carries no value -- its lobby tells no member apart] | 2013-12-19 DEBATE: Rede ""Mit Verlaub, es ist auch Blödsinn, hier auf das Transsexuellengesetz zu rekurrieren und zu behaupten, dieses habe das kollektive Bewusstsein geändert. Wie viele Fälle sind es?..."" [0: Defends traditional marriage concept but tagged under youth gender medicine area, not directly relevant there.]",CDU/CSU,96 - Rhein-Sieg-Kreis I
"Götz Frömming (AfD, 56 - Prignitz – Ostprignitz-Ruppin – Havelland I)",1,,,,,,"a vote, 2 years ago",moderate (whipped vote),4,https://www.abgeordnetenwatch.de/profile/goetz-froemming,"2026-07-13 KLEINE ANFRAGE: Fragen zur LSBTQ-Politik der Bundesregierung und zum Selbstbestimmungsgesetz (Drucksache 21/7135) [+: AfD Kleine Anfrage critical of SBGG and youth transition (comorbidity, blockers, women's spaces).] | 2024-04-12 VOTE (Bundestag): Voted Nein: Selbstbestimmungsgesetz [++: Voted against the Self-Determination Act and its provisions for minors.] | 2023-10-18 DEBATE: Rede ""Die gesamte Genderideologie, meine Damen und Herren, beruht auf der zuerst von Judith Butler formulierten These, dass das Geschlecht, und zwar auch das biologische, frei wählbar oder – genauer – konstruierbar sei. Wenn S..."" [++: Strongly denounces paediatric gender transition and puberty blockers as harmful 'mutilation' of children.] | 2021-05-19 VOTE (Bundestag): Voted Nein: Aufhebung des Transsexuellengesetzes und Einführung des Selbstbestimmungsgesetzes [this side carries no value -- its lobby tells no member apart]",AfD,56 - Prignitz – Ostprignitz-Ruppin – Havelland I
"Jan Wenzel Schmidt (fraktionslos, 67 - Börde – Salzlandkreis)",1,,,,,,"a bill co-sponsored, 21 months ago",consistent (4 items),4,https://www.abgeordnetenwatch.de/profile/jan-wenzel-schmidt,"2024-12-16 GESETZENTWURF: Gesetz zur Strafbarkeit der Bewerbung und Durchführung von Geschlechtsanpassungen bei Minderjährigen (Drucksache 20/14218) [++: Group/Fraktion bill to criminalise promoting and performing gender reassignment on minors.] | 2024-12-16 ANTRAG: Unterlassung von Informationen mit bewerbendem Charakter zu Pubertätsblocker- und Hormonbehandlung von Kindern und Jugen (Drucksache 20/14221) [++: Motion demanding the government stop promotional puberty-blocker/hormone content aimed at children (Regenbogenportal).] | 2024-04-12 VOTE (Bundestag): Voted Nein: Selbstbestimmungsgesetz [++: Voted against the Self-Determination Act and its provisions for minors.] | 2022-10-31 ANTRAG: Schutz von Kindern und Jugendlichen mit Geschlechtsdysphorie vor geschlechtsangleichenden medizinischen Eingriffen (Drucksache 20/4213) [++: Motion to protect minors with gender dysphoria from blockers, cross-sex hormones and surgery.]",fraktionslos,67 - Börde – Salzlandkreis
"Jörn König (AfD, Landesliste Niedersachsen)",1,,,,,,"a bill co-sponsored, 21 months ago",consistent (3 items),4,https://www.abgeordnetenwatch.de/profile/joern-koenig,2024-12-16 GESETZENTWURF: Gesetz zur Strafbarkeit der Bewerbung und Durchführung von Geschlechtsanpassungen bei Minderjährigen (Drucksache 20/14218) [++: Group/Fraktion bill to criminalise promoting and performing gender reassignment on minors.] | 2024-12-16 ANTRAG: Unterlassung von Informationen mit bewerbendem Charakter zu Pubertätsblocker- und Hormonbehandlung von Kindern und Jugen (Drucksache 20/14221) [++: Motion demanding the government stop promotional puberty-blocker/hormone content aimed at children (Regenbogenportal).] | 2024-04-12 VOTE (Bundestag): Voted Nein: Selbstbestimmungsgesetz [++: Voted against the Self-Determination Act and its provisions for minors.] | 2021-05-19 VOTE (Bundestag): Voted Nein: Aufhebung des Transsexuellengesetzes und Einführung des Selbstbestimmungsgesetzes [this side carries no value -- its lobby tells no member apart],AfD,Landesliste Niedersachsen
"Kay-Uwe Ziegler (AfD, 73 - Mansfeld)",1,,,,,,"a bill co-sponsored, 21 months ago",consistent (4 items),4,https://www.abgeordnetenwatch.de/profile/kay-uwe-ziegler,"2026-03-31 KLEINE ANFRAGE: Erfassung psychischer Vorerkrankungen bei Jugendlichen und jungen Erwachsenen mit Geschlechtsdysphorie-Diagnose vor und  (Drucksache 21/5111) [+: AfD Kleine Anfrage on psychiatric comorbidities before/after transition in youth; presses the evidence gap.] | 2024-12-16 GESETZENTWURF: Gesetz zur Strafbarkeit der Bewerbung und Durchführung von Geschlechtsanpassungen bei Minderjährigen (Drucksache 20/14218) [++: Group/Fraktion bill to criminalise promoting and performing gender reassignment on minors.] | 2024-12-16 ANTRAG: Unterlassung von Informationen mit bewerbendem Charakter zu Pubertätsblocker- und Hormonbehandlung von Kindern und Jugen (Drucksache 20/14221) [++: Motion demanding the government stop promotional puberty-blocker/hormone content aimed at children (Regenbogenportal).] | 2024-07-05 KLEINE ANFRAGE: Bundesförderung von Projekten und Institutionen zu den Themen Transgender, Intersexualität, Geschlechtsdysphorie, Geschl (Drucksache 20/12187) [+: AfD Kleine Anfrage scrutinising federal funding of trans/queer projects incl. Regenbogenportal promotion of puberty blockers.]",AfD,73 - Mansfeld
"Malte Kaufmann (AfD, Landesliste Baden-Württemberg)",1,,,,,,"a bill co-sponsored, 21 months ago",consistent (4 items),4,https://www.abgeordnetenwatch.de/profile/malte-kaufmann,"2024-12-16 GESETZENTWURF: Gesetz zur Strafbarkeit der Bewerbung und Durchführung von Geschlechtsanpassungen bei Minderjährigen (Drucksache 20/14218) [++: Group/Fraktion bill to criminalise promoting and performing gender reassignment on minors.] | 2024-12-16 ANTRAG: Unterlassung von Informationen mit bewerbendem Charakter zu Pubertätsblocker- und Hormonbehandlung von Kindern und Jugen (Drucksache 20/14221) [++: Motion demanding the government stop promotional puberty-blocker/hormone content aimed at children (Regenbogenportal).] | 2024-04-12 VOTE (Bundestag): Voted Nein: Selbstbestimmungsgesetz [++: Voted against the Self-Determination Act and its provisions for minors.] | 2022-10-31 ANTRAG: Schutz von Kindern und Jugendlichen mit Geschlechtsdysphorie vor geschlechtsangleichenden medizinischen Eingriffen (Drucksache 20/4213) [++: Motion to protect minors with gender dysphoria from blockers, cross-sex hormones and surgery.]",AfD,Landesliste Baden-Württemberg
"Marc Henrichmann (CDU/CSU, 126 - Coesfeld – Steinfurt II)",1,,,,,,"a vote, 2 years ago",moderate (whipped vote),4,https://www.abgeordnetenwatch.de/profile/marc-henrichmann,"2024-04-12 VOTE (Bundestag): Voted Nein: Selbstbestimmungsgesetz [++: Voted against the Self-Determination Act and its provisions for minors.] | 2021-05-19 VOTE (Bundestag): Voted Nein: Aufhebung des Transsexuellengesetzes und Einführung des Selbstbestimmungsgesetzes [this side carries no value -- its lobby tells no member apart] | 2021-05-19 DEBATE: Rede ""Das Gericht hat bemerkenswerterweise auch festgestellt, dass Pubertätsblocker ein Medikament seien, mit denen es noch keine Langzeiterfahrungen gibt, und es sei ein Experiment an Kindern. Auch das sollte uns Warnung sein..."" [++: Warns puberty blockers are experimentation on children and self-ID lets men enter women's safe spaces.] | 2018-10-11 DEBATE: Rede ""Mit dem vorgelegten Gesetzentwurf setzen wir die Vorgaben des Bundesverfassungsgerichts um. Ich begrüße ausdrücklich, dass BMI und BMJV im Gespräch sind, was die Reform des Transsexuellengesetzes angeht. Wir werden das i..."" [0: Procedural explanation of civil status law changes, no clear stance on youth gender medicine.]",CDU/CSU,126 - Coesfeld – Steinfurt II
"Markus Frohnmaier (AfD, Landesliste Baden-Württemberg)",1,,,,,,"a vote, 2 years ago",moderate (whipped vote),4,https://www.abgeordnetenwatch.de/profile/markus-frohnmaier,2024-04-12 VOTE (Bundestag): Voted Nein: Selbstbestimmungsgesetz [++: Voted against the Self-Determination Act and its provisions for minors.] | 2023-11-24 SCHRIFTLICHE FRAGE: Behandlung von Minderjährigen mit der Diagnose einer Geschlechtsdysphorie (Drucksache 20/9462) [never places: Asks which GnRH analogues are approved for minors with dysphoria; neutral information.] | 2023-11-24 SCHRIFTLICHE FRAGE: Anzahl von medizinischen Behandlungen für Minderjährige mit der Diagnose einer Geschlechtsdysphorie zwischen 2018 und 20 (Drucksache 20/9462) [never places: Asks for counts of treatments of minors with dysphoria; data only.] | 2021-05-19 VOTE (Bundestag): Voted Nein: Aufhebung des Transsexuellengesetzes und Einführung des Selbstbestimmungsgesetzes [this side carries no value -- its lobby tells no member apart],AfD,Landesliste Baden-Württemberg
"Thomas Dietz (AfD, 163 - Erzgebirgskreis I)",1,,,,,,"a vote, 2 years ago",moderate (whipped vote),4,https://www.abgeordnetenwatch.de/profile/thomas-dietz,"2026-03-31 KLEINE ANFRAGE: Erfassung psychischer Vorerkrankungen bei Jugendlichen und jungen Erwachsenen mit Geschlechtsdysphorie-Diagnose vor und  (Drucksache 21/5111) [+: AfD Kleine Anfrage on psychiatric comorbidities before/after transition in youth; presses the evidence gap.] | 2024-07-05 KLEINE ANFRAGE: Bundesförderung von Projekten und Institutionen zu den Themen Transgender, Intersexualität, Geschlechtsdysphorie, Geschl (Drucksache 20/12187) [+: AfD Kleine Anfrage scrutinising federal funding of trans/queer projects incl. Regenbogenportal promotion of puberty blockers.] | 2024-04-12 VOTE (Bundestag): Voted Nein: Selbstbestimmungsgesetz [++: Voted against the Self-Determination Act and its provisions for minors.] | 2022-10-31 ANTRAG: Schutz von Kindern und Jugendlichen mit Geschlechtsdysphorie vor geschlechtsangleichenden medizinischen Eingriffen (Drucksache 20/4213) [++: Motion to protect minors with gender dysphoria from blockers, cross-sex hormones and surgery.]",AfD,163 - Erzgebirgskreis I
"Thomas Silberhorn (CDU/CSU, 235 - Bamberg)",1,,,,,,"a vote, 2 years ago",moderate (whipped vote),4,https://www.abgeordnetenwatch.de/profile/thomas-silberhorn,"2024-04-12 VOTE (Bundestag): Voted Nein: Selbstbestimmungsgesetz [++: Voted against the Self-Determination Act and its provisions for minors.] | 2021-05-19 VOTE (Bundestag): Voted Nein: Aufhebung des Transsexuellengesetzes und Einführung des Selbstbestimmungsgesetzes [this side carries no value -- its lobby tells no member apart] | 2013-12-19 DEBATE: Rede ""Das Bundesverfassungsgericht hat 2008 zum Transsexuellengesetz entschieden, dass zum Gehalt der Ehe gehört, „dass sie die Vereinigung eines Mannes mit einer Frau zu einer auf Dauer angelegten Lebensgemeinschaft ist“. Das..."" [0: Discusses adult Transsexuellengesetz and marriage law history, not paediatric gender medicine specifically.] | 2012-06-28 DEBATE: Rede ""Lebenspartnerschaft, die Änderung des Transsexuellengesetzes von..."" [+: Defends traditional man-woman marriage definition against extending marriage to same-sex couples.]",CDU/CSU,235 - Bamberg
"Tobias Matthias Peterka (AfD, Landesliste Bayern)",1,,,,,,"a vote, 2 years ago",moderate (whipped vote),4,https://www.abgeordnetenwatch.de/profile/tobias-matthias-peterka,"2024-04-12 VOTE (Bundestag): Voted Nein: Selbstbestimmungsgesetz [++: Voted against the Self-Determination Act and its provisions for minors.] | 2023-09-01 ANTRAG: Transsexuellengesetz erhalten und den Schutz von Menschen mit Geschlechtsdysphorie verbessern (Drucksache 20/8203) [+: Same motion stresses the risks of transition treatment for young people in puberty crisis; mainly an adult/legal-status motion.] | 2022-10-31 ANTRAG: Schutz von Kindern und Jugendlichen mit Geschlechtsdysphorie vor geschlechtsangleichenden medizinischen Eingriffen (Drucksache 20/4213) [++: Motion to protect minors with gender dysphoria from blockers, cross-sex hormones and surgery.] | 2021-05-19 VOTE (Bundestag): Voted Nein: Aufhebung des Transsexuellengesetzes und Einführung des Selbstbestimmungsgesetzes [this side carries no value -- its lobby tells no member apart]",AfD,Landesliste Bayern
"Alexander Hoffmann (CDU/CSU, 248 - Main-Spessart)",1,,,,,,"a vote, 2 years ago",moderate (whipped vote),3,https://www.abgeordnetenwatch.de/profile/alexander-hoffmann,"2024-04-12 VOTE (Bundestag): Voted Nein: Selbstbestimmungsgesetz [++: Voted against the Self-Determination Act and its provisions for minors.] | 2021-05-19 VOTE (Bundestag): Voted Nein: Aufhebung des Transsexuellengesetzes und Einführung des Selbstbestimmungsgesetzes [this side carries no value -- its lobby tells no member apart] | 2015-06-11 DEBATE: Rede ""(Volker Beck [Köln] [BÜNDNIS 90/DIE GRÜNEN]: Dann lesen Sie die 2008er-Entscheidungen zum Transsexuellengesetz mal nach, Herr Kollege! Da ging es um die Ehe für gleichgeschlechtliche Paare!)..."" [++: Defends traditional marriage as union of man and woman, citing constitutional court to support it.]",CDU/CSU,248 - Main-Spessart
"Birgit Bessin (AfD, 65 - Elbe-Elster – Oberspreewald-Lausitz)",1,,,,,,"a speech, 15 months ago",consistent (3 items),3,https://www.abgeordnetenwatch.de/profile/birgit-bessin,"2026-07-13 KLEINE ANFRAGE: Fragen zur LSBTQ-Politik der Bundesregierung und zum Selbstbestimmungsgesetz (Drucksache 21/7135) [+: AfD Kleine Anfrage critical of SBGG and youth transition (comorbidity, blockers, women's spaces).] | 2026-03-31 KLEINE ANFRAGE: Erfassung psychischer Vorerkrankungen bei Jugendlichen und jungen Erwachsenen mit Geschlechtsdysphorie-Diagnose vor und  (Drucksache 21/5111) [+: AfD Kleine Anfrage on psychiatric comorbidities before/after transition in youth; presses the evidence gap.] | 2025-06-26 DEBATE: Rede ""Kinder gehören weder im Kindergarten noch in den Schulen mit Pubertätsblockern auseinandergesetzt. Diese Ideologisierung von Kindern, die sich erst mal entwickeln müssen, die ihre eigene Identität finden werden, ohne das..."" [++: Explicitly opposes puberty blockers and gender ideology teaching for children, aligning with opposing youth gender medicine.]",AfD,65 - Elbe-Elster – Oberspreewald-Lausitz
"Fabian Jacobi (AfD, Landesliste Nordrhein-Westfalen)",1,,,,,,"a speech, 12 months ago",consistent (2 items),3,https://www.abgeordnetenwatch.de/profile/fabian-jacobi,"2025-10-09 DEBATE: Rede ""wie etwa ein „drittes Geschlecht“ neben dem weiblichen und dem männlichen...."" [+: Criticises courts inventing a 'third gender' and expanding identity concepts, aligning with defending sex-based categories.] | 2024-04-12 VOTE (Bundestag): Voted Nein: Selbstbestimmungsgesetz [++: Voted against the Self-Determination Act and its provisions for minors.] | 2021-05-19 VOTE (Bundestag): Voted Nein: Aufhebung des Transsexuellengesetzes und Einführung des Selbstbestimmungsgesetzes [this side carries no value -- its lobby tells no member apart]",AfD,Landesliste Nordrhein-Westfalen
"Günter Krings (CDU/CSU, 108 - Mönchengladbach)",1,,,,,,"a vote, 2 years ago",moderate (whipped vote),3,https://www.abgeordnetenwatch.de/profile/guenter-krings,"2024-04-12 VOTE (Bundestag): Voted Nein: Selbstbestimmungsgesetz [++: Voted against the Self-Determination Act and its provisions for minors.] | 2022-11-24 DEBATE: Rede ""dazu ermuntert die Familienministerin Kinder schon heute, Pubertätsblocker einzunehmen. Auch mit der geplanten Abstammungsrechtsreform ist ein familien- und..."" [++: Criticises Selbstbestimmungsgesetz and ministerial encouragement of puberty blockers for children, opposing youth gender medicine.] | 2021-05-19 VOTE (Bundestag): Voted Nein: Aufhebung des Transsexuellengesetzes und Einführung des Selbstbestimmungsgesetzes [this side carries no value -- its lobby tells no member apart]",CDU/CSU,108 - Mönchengladbach
"Karsten Hilse (AfD, 155 - Bautzen I)",1,,,,,,"a bill co-sponsored, 21 months ago",consistent (2 items),3,https://www.abgeordnetenwatch.de/profile/karsten-hilse,2024-12-16 GESETZENTWURF: Gesetz zur Strafbarkeit der Bewerbung und Durchführung von Geschlechtsanpassungen bei Minderjährigen (Drucksache 20/14218) [++: Group/Fraktion bill to criminalise promoting and performing gender reassignment on minors.] | 2024-04-12 VOTE (Bundestag): Voted Nein: Selbstbestimmungsgesetz [++: Voted against the Self-Determination Act and its provisions for minors.] | 2021-05-19 VOTE (Bundestag): Voted Nein: Aufhebung des Transsexuellengesetzes und Einführung des Selbstbestimmungsgesetzes [this side carries no value -- its lobby tells no member apart],AfD,155 - Bautzen I
"Matthias Helferich (AfD, Landesliste Nordrhein-Westfalen)",1,,,,,,"a vote, 2 years ago",moderate (whipped vote),3,https://www.abgeordnetenwatch.de/profile/matthias-helferich,"2025-04-17 SCHRIFTLICHE FRAGE: Anleitung zur medizinisch nicht überwachten Hormonbehandlung als geschlechtsangleichende Maßnahme im Jugendmagazin ""Out"" (Drucksache 21/42) [+: Challenges a federally funded youth magazine's DIY hormone guide.] | 2024-04-12 VOTE (Bundestag): Voted Nein: Selbstbestimmungsgesetz [++: Voted against the Self-Determination Act and its provisions for minors.] | 2023-11-15 DEBATE: Rede ""Der Schutz von Kindern und Jugendlichen würde es gebieten, Elternrechte in diesem Land zu stärken, anstatt ihnen mit Sorgerechtsentzug zu drohen und Eltern Familienrichter auf den Hals zu hetzen...."" [++: Opposes puberty blockers, defends parental rights, criticises the gender self-ID law directly.]",AfD,Landesliste Nordrhein-Westfalen
"Melanie Bernstein (CDU/CSU, 8 - Segeberg – Stormarn-Mitte)",1,,,,,,"a vote, 2 years ago",moderate (whipped vote),3,https://www.abgeordnetenwatch.de/profile/melanie-bernstein,"2024-04-12 VOTE (Bundestag): Voted Nein: Selbstbestimmungsgesetz [++: Voted against the Self-Determination Act and its provisions for minors.] | 2021-05-19 VOTE (Bundestag): Voted Nein: Aufhebung des Transsexuellengesetzes und Einführung des Selbstbestimmungsgesetzes [this side carries no value -- its lobby tells no member apart] | 2019-05-17 DEBATE: Rede ""das Verbot von Konversionstherapien und die Reform des Transsexuellengesetzes...."" [0: No direct marriage/family policy stance beyond general anti-discrimination.]",CDU/CSU,8 - Segeberg – Stormarn-Mitte
"René Bochmann (AfD, 150 - Nordsachsen)",1,,,,,,"a bill co-sponsored, 21 months ago",consistent (3 items),3,https://www.abgeordnetenwatch.de/profile/rene-bochmann,"2024-12-16 GESETZENTWURF: Gesetz zur Strafbarkeit der Bewerbung und Durchführung von Geschlechtsanpassungen bei Minderjährigen (Drucksache 20/14218) [++: Group/Fraktion bill to criminalise promoting and performing gender reassignment on minors.] | 2024-04-12 VOTE (Bundestag): Voted Nein: Selbstbestimmungsgesetz [++: Voted against the Self-Determination Act and its provisions for minors.] | 2022-10-31 ANTRAG: Schutz von Kindern und Jugendlichen mit Geschlechtsdysphorie vor geschlechtsangleichenden medizinischen Eingriffen (Drucksache 20/4213) [++: Motion to protect minors with gender dysphoria from blockers, cross-sex hormones and surgery.]",AfD,150 - Nordsachsen
"Stephan Brandner (AfD, 193 - Gera – Greiz – Altenburger Land)",1,,,,,,"a speech, 11 months ago",consistent (2 items),3,https://www.abgeordnetenwatch.de/profile/stephan-brandner,"2025-11-05 DEBATE: Rede ""Es gibt die Dokumentation eines Webinars – das will ich mir jetzt gar nicht vorstellen – über „Queere Schwanger- und Elternschaft“ oder auch eine Publikation zur Detransition: „Perspektiven zu Transitionsverläufen von tr..."" [+: Skeptical questioning of queer parenting and detransition materials, leaning against youth gender medicine promotion.] | 2024-04-12 VOTE (Bundestag): Voted Nein: Selbstbestimmungsgesetz [++: Voted against the Self-Determination Act and its provisions for minors.] | 2021-05-19 VOTE (Bundestag): Voted Nein: Aufhebung des Transsexuellengesetzes und Einführung des Selbstbestimmungsgesetzes [this side carries no value -- its lobby tells no member apart]",AfD,193 - Gera – Greiz – Altenburger Land
"Stephan Pilsinger (CDU/CSU, 219 - München-West/Mitte)",1,,,,,,"a vote, 2 years ago",moderate (whipped vote),3,https://www.abgeordnetenwatch.de/profile/stephan-pilsinger,"2024-04-12 VOTE (Bundestag): Voted Nein: Selbstbestimmungsgesetz [++: Voted against the Self-Determination Act and its provisions for minors.] | 2021-05-19 VOTE (Bundestag): Voted Nein: Aufhebung des Transsexuellengesetzes und Einführung des Selbstbestimmungsgesetzes [this side carries no value -- its lobby tells no member apart] | 2019-06-07 DEBATE: Rede ""Was das Thema „Kinder, Ehe und Familie“ angeht, möchte ich anmerken: Das ist ja nun wirklich ein zentrales Feld der Bundesregierung. Vor gut einem Monat haben wir das Gesetz zur zielgenauen Stärkung von Familien und ihre..."" [0: Reviews various motions neutrally, no clear directional stance given.]",CDU/CSU,219 - München-West/Mitte
"Tobias Ebenberger (AfD, Landesliste Nordrhein-Westfalen)",1,,,,,,"a speech, 7 months ago",consistent (3 items),3,https://www.abgeordnetenwatch.de/profile/tobias-ebenberger,"2026-07-13 KLEINE ANFRAGE: Fragen zur LSBTQ-Politik der Bundesregierung und zum Selbstbestimmungsgesetz (Drucksache 21/7135) [+: AfD Kleine Anfrage critical of SBGG and youth transition (comorbidity, blockers, women's spaces).] | 2026-03-31 KLEINE ANFRAGE: Erfassung psychischer Vorerkrankungen bei Jugendlichen und jungen Erwachsenen mit Geschlechtsdysphorie-Diagnose vor und  (Drucksache 21/5111) [+: AfD Kleine Anfrage on psychiatric comorbidities before/after transition in youth; presses the evidence gap.] | 2026-03-05 DEBATE: Rede ""Machen wir uns nichts vor: Natürlich ist Kinderschutz auch hier wieder nur Vorwand; denn – das ist Fakt – Möglichkeiten der Alterskontrolle ohne digitale Staats-ID gibt es ja schon zuhauf. Wenn Sie mal ein bisschen reche..."" [++: Warns digital ID/age verification schemes threaten anonymity and civil liberties online.]",AfD,Landesliste Nordrhein-Westfalen
"Albert Rupprecht (CDU/CSU, 234 - Weiden)",1,,,,,,"a vote, 2 years ago",moderate (whipped vote),2,https://www.abgeordnetenwatch.de/profile/albert-rupprecht,2024-04-12 VOTE (Bundestag): Voted Nein: Selbstbestimmungsgesetz [++: Voted against the Self-Determination Act and its provisions for minors.] | 2021-05-19 VOTE (Bundestag): Voted Nein: Aufhebung des Transsexuellengesetzes und Einführung des Selbstbestimmungsgesetzes [this side carries no value -- its lobby tells no member apart],CDU/CSU,234 - Weiden
"Alexander Dobrindt (CDU/CSU, 225 - Weilheim)",1,,,,,,"a vote, 2 years ago",moderate (whipped vote),2,https://www.abgeordnetenwatch.de/profile/alexander-dobrindt,2024-04-12 VOTE (Bundestag): Voted Nein: Selbstbestimmungsgesetz [++: Voted against the Self-Determination Act and its provisions for minors.] | 2021-05-19 VOTE (Bundestag): Voted Nein: Aufhebung des Transsexuellengesetzes und Einführung des Selbstbestimmungsgesetzes [this side carries no value -- its lobby tells no member apart],CDU/CSU,225 - Weilheim
"Alexander Gauland (AfD, 161 - Chemnitz)",1,,,,,,"a vote, 2 years ago",moderate (whipped vote),2,https://www.abgeordnetenwatch.de/profile/alexander-gauland,2024-04-12 VOTE (Bundestag): Voted Nein: Selbstbestimmungsgesetz [++: Voted against the Self-Determination Act and its provisions for minors.] | 2021-05-19 VOTE (Bundestag): Voted Nein: Aufhebung des Transsexuellengesetzes und Einführung des Selbstbestimmungsgesetzes [this side carries no value -- its lobby tells no member apart],AfD,161 - Chemnitz
"Alexander Radwan (CDU/CSU, 222 - Bad Tölz-Wolfratshausen – Miesbach)",1,,,,,,"a vote, 2 years ago",moderate (whipped vote),2,https://www.abgeordnetenwatch.de/profile/alexander-radwan,2024-04-12 VOTE (Bundestag): Voted Nein: Selbstbestimmungsgesetz [++: Voted against the Self-Determination Act and its provisions for minors.] | 2021-05-19 VOTE (Bundestag): Voted Nein: Aufhebung des Transsexuellengesetzes und Einführung des Selbstbestimmungsgesetzes [this side carries no value -- its lobby tells no member apart],CDU/CSU,222 - Bad Tölz-Wolfratshausen – Miesbach
"Alexander Throm (CDU/CSU, 267 - Heilbronn)",1,,,,,,"a vote, 2 years ago",moderate (whipped vote),2,https://www.abgeordnetenwatch.de/profile/alexander-throm,2024-04-12 VOTE (Bundestag): Voted Nein: Selbstbestimmungsgesetz [++: Voted against the Self-Determination Act and its provisions for minors.] | 2021-05-19 VOTE (Bundestag): Voted Nein: Aufhebung des Transsexuellengesetzes und Einführung des Selbstbestimmungsgesetzes [this side carries no value -- its lobby tells no member apart],CDU/CSU,267 - Heilbronn
"Alois Rainer (CDU/CSU, 230 - Straubing)",1,,,,,,"a vote, 2 years ago",moderate (whipped vote),2,https://www.abgeordnetenwatch.de/profile/alois-rainer,2024-04-12 VOTE (Bundestag): Voted Nein: Selbstbestimmungsgesetz [++: Voted against the Self-Determination Act and its provisions for minors.] | 2021-05-19 VOTE (Bundestag): Voted Nein: Aufhebung des Transsexuellengesetzes und Einführung des Selbstbestimmungsgesetzes [this side carries no value -- its lobby tells no member apart],CDU/CSU,230 - Straubing
"Andrea Lindholz (CDU/CSU, 246 - Aschaffenburg)",1,,,,,,"a vote, 2 years ago",moderate (whipped vote),2,https://www.abgeordnetenwatch.de/profile/andrea-lindholz,2024-04-12 VOTE (Bundestag): Voted Nein: Selbstbestimmungsgesetz [++: Voted against the Self-Determination Act and its provisions for minors.] | 2021-05-19 VOTE (Bundestag): Voted Nein: Aufhebung des Transsexuellengesetzes und Einführung des Selbstbestimmungsgesetzes [this side carries no value -- its lobby tells no member apart],CDU/CSU,246 - Aschaffenburg
"Andreas Lenz (CDU/CSU, 212 - Erding – Ebersberg)",1,,,,,,"a vote, 2 years ago",moderate (whipped vote),2,https://www.abgeordnetenwatch.de/profile/andreas-lenz,2024-04-12 VOTE (Bundestag): Voted Nein: Selbstbestimmungsgesetz [++: Voted against the Self-Determination Act and its provisions for minors.] | 2021-05-19 VOTE (Bundestag): Voted Nein: Aufhebung des Transsexuellengesetzes und Einführung des Selbstbestimmungsgesetzes [this side carries no value -- its lobby tells no member apart],CDU/CSU,212 - Erding – Ebersberg
"Andreas Mattfeldt (CDU/CSU, 34 - Osterholz – Verden)",1,,,,,,"a vote, 2 years ago",moderate (whipped vote),2,https://www.abgeordnetenwatch.de/profile/andreas-mattfeldt,2024-04-12 VOTE (Bundestag): Voted Nein: Selbstbestimmungsgesetz [++: Voted against the Self-Determination Act and its provisions for minors.] | 2021-05-19 VOTE (Bundestag): Voted Nein: Aufhebung des Transsexuellengesetzes und Einführung des Selbstbestimmungsgesetzes [this side carries no value -- its lobby tells no member apart],CDU/CSU,34 - Osterholz – Verden
"Anja Karliczek (CDU/CSU, 127 - Steinfurt III)",1,,,,,,"a vote, 2 years ago",moderate (whipped vote),2,https://www.abgeordnetenwatch.de/profile/anja-karliczek,2024-04-12 VOTE (Bundestag): Voted Nein: Selbstbestimmungsgesetz [++: Voted against the Self-Determination Act and its provisions for minors.] | 2021-05-19 VOTE (Bundestag): Voted Nein: Aufhebung des Transsexuellengesetzes und Einführung des Selbstbestimmungsgesetzes [this side carries no value -- its lobby tells no member apart],CDU/CSU,127 - Steinfurt III
"Anja Weisgerber (CDU/CSU, 249 - Schweinfurt)",1,,,,,,"a vote, 2 years ago",moderate (whipped vote),2,https://www.abgeordnetenwatch.de/profile/anja-weisgerber,2024-04-12 VOTE (Bundestag): Voted Nein: Selbstbestimmungsgesetz [++: Voted against the Self-Determination Act and its provisions for minors.] | 2021-05-19 VOTE (Bundestag): Voted Nein: Aufhebung des Transsexuellengesetzes und Einführung des Selbstbestimmungsgesetzes [this side carries no value -- its lobby tells no member apart],CDU/CSU,249 - Schweinfurt
"Artur Auernhammer (CDU/CSU, 240 - Ansbach)",1,,,,,,"a vote, 2 years ago",moderate (whipped vote),2,https://www.abgeordnetenwatch.de/profile/artur-auernhammer,2024-04-12 VOTE (Bundestag): Voted Nein: Selbstbestimmungsgesetz [++: Voted against the Self-Determination Act and its provisions for minors.] | 2021-05-19 VOTE (Bundestag): Voted Nein: Aufhebung des Transsexuellengesetzes und Einführung des Selbstbestimmungsgesetzes [this side carries no value -- its lobby tells no member apart],CDU/CSU,240 - Ansbach
"Axel Knoerig (CDU/CSU, 33 - Diepholz – Nienburg I)",1,,,,,,"a vote, 2 years ago",moderate (whipped vote),2,https://www.abgeordnetenwatch.de/profile/axel-knoerig,2024-04-12 VOTE (Bundestag): Voted Nein: Selbstbestimmungsgesetz [++: Voted against the Self-Determination Act and its provisions for minors.] | 2021-05-19 VOTE (Bundestag): Voted Nein: Aufhebung des Transsexuellengesetzes und Einführung des Selbstbestimmungsgesetzes [this side carries no value -- its lobby tells no member apart],CDU/CSU,33 - Diepholz – Nienburg I
"Axel Müller (CDU/CSU, 294 - Ravensburg)",1,,,,,,"a vote, 2 years ago",moderate (whipped vote),2,https://www.abgeordnetenwatch.de/profile/axel-mueller,2024-04-12 VOTE (Bundestag): Voted Nein: Selbstbestimmungsgesetz [++: Voted against the Self-Determination Act and its provisions for minors.] | 2021-05-19 VOTE (Bundestag): Voted Nein: Aufhebung des Transsexuellengesetzes und Einführung des Selbstbestimmungsgesetzes [this side carries no value -- its lobby tells no member apart],CDU/CSU,294 - Ravensburg
"Bernd Baumann (AfD, Landesliste Hamburg)",1,,,,,,"a vote, 2 years ago",moderate (whipped vote),2,https://www.abgeordnetenwatch.de/profile/bernd-baumann,2024-04-12 VOTE (Bundestag): Voted Nein: Selbstbestimmungsgesetz [++: Voted against the Self-Determination Act and its provisions for minors.] | 2021-05-19 VOTE (Bundestag): Voted Nein: Aufhebung des Transsexuellengesetzes und Einführung des Selbstbestimmungsgesetzes [this side carries no value -- its lobby tells no member apart],AfD,Landesliste Hamburg
"Björn Simon (CDU/CSU, 184 - Offenbach)",1,,,,,,"a vote, 2 years ago",moderate (whipped vote),2,https://www.abgeordnetenwatch.de/profile/bjoern-simon,2024-04-12 VOTE (Bundestag): Voted Nein: Selbstbestimmungsgesetz [++: Voted against the Self-Determination Act and its provisions for minors.] | 2021-05-19 VOTE (Bundestag): Voted Nein: Aufhebung des Transsexuellengesetzes und Einführung des Selbstbestimmungsgesetzes [this side carries no value -- its lobby tells no member apart],CDU/CSU,184 - Offenbach
"Carolin Bachmann (AfD, 160 - Mittelsachsen)",1,,,,,,"a vote, 2 years ago",moderate (whipped vote),2,https://www.abgeordnetenwatch.de/profile/carolin-bachmann,"2024-07-05 KLEINE ANFRAGE: Bundesförderung von Projekten und Institutionen zu den Themen Transgender, Intersexualität, Geschlechtsdysphorie, Geschl (Drucksache 20/12187) [+: AfD Kleine Anfrage scrutinising federal funding of trans/queer projects incl. Regenbogenportal promotion of puberty blockers.] | 2024-04-12 VOTE (Bundestag): Voted Nein: Selbstbestimmungsgesetz [++: Voted against the Self-Determination Act and its provisions for minors.]",AfD,160 - Mittelsachsen
"Carsten Brodesser (CDU/CSU, 98 - Oberbergischer Kreis)",1,,,,,,"a vote, 2 years ago",moderate (whipped vote),2,https://www.abgeordnetenwatch.de/profile/carsten-brodesser,2024-04-12 VOTE (Bundestag): Voted Nein: Selbstbestimmungsgesetz [++: Voted against the Self-Determination Act and its provisions for minors.] | 2021-05-19 VOTE (Bundestag): Voted Nein: Aufhebung des Transsexuellengesetzes und Einführung des Selbstbestimmungsgesetzes [this side carries no value -- its lobby tells no member apart],CDU/CSU,98 - Oberbergischer Kreis
"Carsten Körber (CDU/CSU, Landesliste Sachsen)",1,,,,,,"a vote, 2 years ago",moderate (whipped vote),2,https://www.abgeordnetenwatch.de/profile/carsten-koerber,2024-04-12 VOTE (Bundestag): Voted Nein: Selbstbestimmungsgesetz [++: Voted against the Self-Determination Act and its provisions for minors.] | 2021-05-19 VOTE (Bundestag): Voted Nein: Aufhebung des Transsexuellengesetzes und Einführung des Selbstbestimmungsgesetzes [this side carries no value -- its lobby tells no member apart],CDU/CSU,Landesliste Sachsen
"Carsten Linnemann (CDU/CSU, 136 - Paderborn)",1,,,,,,"a vote, 2 years ago",moderate (whipped vote),2,https://www.abgeordnetenwatch.de/profile/carsten-linnemann,2024-04-12 VOTE (Bundestag): Voted Nein: Selbstbestimmungsgesetz [++: Voted against the Self-Determination Act and its provisions for minors.] | 2021-05-19 VOTE (Bundestag): Voted Nein: Aufhebung des Transsexuellengesetzes und Einführung des Selbstbestimmungsgesetzes [this side carries no value -- its lobby tells no member apart],CDU/CSU,136 - Paderborn
"Carsten Müller (CDU/CSU, Landesliste Niedersachsen)",1,,,,,,"a vote, 2 years ago",moderate (whipped vote),2,https://www.abgeordnetenwatch.de/profile/carsten-mueller,2024-04-12 VOTE (Bundestag): Voted Nein: Selbstbestimmungsgesetz [++: Voted against the Self-Determination Act and its provisions for minors.] | 2021-05-19 VOTE (Bundestag): Voted Nein: Aufhebung des Transsexuellengesetzes und Einführung des Selbstbestimmungsgesetzes [this side carries no value -- its lobby tells no member apart],CDU/CSU,Landesliste Niedersachsen
"Christian Haase (CDU/CSU, 135 - Höxter – Gütersloh III – Lippe II)",1,,,,,,"a vote, 2 years ago",moderate (whipped vote),2,https://www.abgeordnetenwatch.de/profile/christian-haase,2024-04-12 VOTE (Bundestag): Voted Nein: Selbstbestimmungsgesetz [++: Voted against the Self-Determination Act and its provisions for minors.] | 2021-05-19 VOTE (Bundestag): Voted Nein: Aufhebung des Transsexuellengesetzes und Einführung des Selbstbestimmungsgesetzes [this side carries no value -- its lobby tells no member apart],CDU/CSU,135 - Höxter – Gütersloh III – Lippe II
"Christian Hirte (CDU/CSU, Landesliste Thüringen)",1,,,,,,"a vote, 2 years ago",moderate (whipped vote),2,https://www.abgeordnetenwatch.de/profile/christian-hirte,2024-04-12 VOTE (Bundestag): Voted Nein: Selbstbestimmungsgesetz [++: Voted against the Self-Determination Act and its provisions for minors.] | 2021-05-19 VOTE (Bundestag): Voted Nein: Aufhebung des Transsexuellengesetzes und Einführung des Selbstbestimmungsgesetzes [this side carries no value -- its lobby tells no member apart],CDU/CSU,Landesliste Thüringen
Christian Wirth (AfD),1,,,,,,"a vote, 2 years ago",moderate (whipped vote),2,https://www.abgeordnetenwatch.de/profile/christian-wirth,2024-04-12 VOTE (Bundestag): Voted Nein: Selbstbestimmungsgesetz [++: Voted against the Self-Determination Act and its provisions for minors.] | 2021-05-19 VOTE (Bundestag): Voted Nein: Aufhebung des Transsexuellengesetzes und Einführung des Selbstbestimmungsgesetzes [this side carries no value -- its lobby tells no member apart],AfD,
"Christian von Stetten (CDU/CSU, 268 - Schwäbisch Hall – Hohenlohe)",1,,,,,,"a vote, 2 years ago",moderate (whipped vote),2,https://www.abgeordnetenwatch.de/profile/christian-von-stetten,2024-04-12 VOTE (Bundestag): Voted Nein: Selbstbestimmungsgesetz [++: Voted against the Self-Determination Act and its provisions for minors.] | 2021-05-19 VOTE (Bundestag): Voted Nein: Aufhebung des Transsexuellengesetzes und Einführung des Selbstbestimmungsgesetzes [this side carries no value -- its lobby tells no member apart],CDU/CSU,268 - Schwäbisch Hall – Hohenlohe
"Christoph Ploß (CDU/CSU, 21 - Hamburg-Nord)",1,,,,,,"a vote, 2 years ago",moderate (whipped vote),2,https://www.abgeordnetenwatch.de/profile/christoph-ploss,2024-04-12 VOTE (Bundestag): Voted Nein: Selbstbestimmungsgesetz [++: Voted against the Self-Determination Act and its provisions for minors.] | 2021-05-19 VOTE (Bundestag): Voted Nein: Aufhebung des Transsexuellengesetzes und Einführung des Selbstbestimmungsgesetzes [this side carries no value -- its lobby tells no member apart],CDU/CSU,21 - Hamburg-Nord
"Christoph de Vries (CDU/CSU, Landesliste Hamburg)",1,,,,,,"a vote, 2 years ago",moderate (whipped vote),2,https://www.abgeordnetenwatch.de/profile/christoph-de-vries,2024-04-12 VOTE (Bundestag): Voted Nein: Selbstbestimmungsgesetz [++: Voted against the Self-Determination Act and its provisions for minors.] | 2021-05-19 VOTE (Bundestag): Voted Nein: Aufhebung des Transsexuellengesetzes und Einführung des Selbstbestimmungsgesetzes [this side carries no value -- its lobby tells no member apart],CDU/CSU,Landesliste Hamburg
"Detlef Seif (CDU/CSU, 91 - Euskirchen – Rhein-Erft-Kreis II)",1,,,,,,"a vote, 2 years ago",moderate (whipped vote),2,https://www.abgeordnetenwatch.de/profile/detlef-seif,2024-04-12 VOTE (Bundestag): Voted Nein: Selbstbestimmungsgesetz [++: Voted against the Self-Determination Act and its provisions for minors.] | 2021-05-19 VOTE (Bundestag): Voted Nein: Aufhebung des Transsexuellengesetzes und Einführung des Selbstbestimmungsgesetzes [this side carries no value -- its lobby tells no member apart],CDU/CSU,91 - Euskirchen – Rhein-Erft-Kreis II
"Dieter Stier (CDU/CSU, Landesliste Sachsen-Anhalt)",1,,,,,,"a vote, 2 years ago",moderate (whipped vote),2,https://www.abgeordnetenwatch.de/profile/dieter-stier,2024-04-12 VOTE (Bundestag): Voted Nein: Selbstbestimmungsgesetz [++: Voted against the Self-Determination Act and its provisions for minors.] | 2021-05-19 VOTE (Bundestag): Voted Nein: Aufhebung des Transsexuellengesetzes und Einführung des Selbstbestimmungsgesetzes [this side carries no value -- its lobby tells no member apart],CDU/CSU,Landesliste Sachsen-Anhalt
"Edgar Naujok (AfD, 153 - Leipzig-Land)",1,,,,,,"a vote, 2 years ago",moderate (whipped vote),2,https://www.abgeordnetenwatch.de/profile/edgar-naujok,2024-12-16 ANTRAG: Unterlassung von Informationen mit bewerbendem Charakter zu Pubertätsblocker- und Hormonbehandlung von Kindern und Jugen (Drucksache 20/14221) [++: Motion demanding the government stop promotional puberty-blocker/hormone content aimed at children (Regenbogenportal).] | 2024-04-12 VOTE (Bundestag): Voted Nein: Selbstbestimmungsgesetz [++: Voted against the Self-Determination Act and its provisions for minors.],AfD,153 - Leipzig-Land
"Felix Schreiner (CDU/CSU, 288 - Waldshut)",1,,,,,,"a vote, 2 years ago",moderate (whipped vote),2,https://www.abgeordnetenwatch.de/profile/felix-schreiner,2024-04-12 VOTE (Bundestag): Voted Nein: Selbstbestimmungsgesetz [++: Voted against the Self-Determination Act and its provisions for minors.] | 2021-05-19 VOTE (Bundestag): Voted Nein: Aufhebung des Transsexuellengesetzes und Einführung des Selbstbestimmungsgesetzes [this side carries no value -- its lobby tells no member apart],CDU/CSU,288 - Waldshut
"Florian Hahn (CDU/CSU, 220 - München-Land)",1,,,,,,"a vote, 2 years ago",moderate (whipped vote),2,https://www.abgeordnetenwatch.de/profile/florian-hahn,2024-04-12 VOTE (Bundestag): Voted Nein: Selbstbestimmungsgesetz [++: Voted against the Self-Determination Act and its provisions for minors.] | 2021-05-19 VOTE (Bundestag): Voted Nein: Aufhebung des Transsexuellengesetzes und Einführung des Selbstbestimmungsgesetzes [this side carries no value -- its lobby tells no member apart],CDU/CSU,220 - München-Land
"Florian Oßner (CDU/CSU, 227 - Landshut)",1,,,,,,"a vote, 2 years ago",moderate (whipped vote),2,https://www.abgeordnetenwatch.de/profile/florian-ossner,2024-04-12 VOTE (Bundestag): Voted Nein: Selbstbestimmungsgesetz [++: Voted against the Self-Determination Act and its provisions for minors.] | 2021-05-19 VOTE (Bundestag): Voted Nein: Aufhebung des Transsexuellengesetzes und Einführung des Selbstbestimmungsgesetzes [this side carries no value -- its lobby tells no member apart],CDU/CSU,227 - Landshut
"Fritz Güntzler (CDU/CSU, 53 - Göttingen I)",1,,,,,,"a vote, 2 years ago",moderate (whipped vote),2,https://www.abgeordnetenwatch.de/profile/fritz-guentzler,2024-04-12 VOTE (Bundestag): Voted Nein: Selbstbestimmungsgesetz [++: Voted against the Self-Determination Act and its provisions for minors.] | 2021-05-19 VOTE (Bundestag): Voted Nein: Aufhebung des Transsexuellengesetzes und Einführung des Selbstbestimmungsgesetzes [this side carries no value -- its lobby tells no member apart],CDU/CSU,53 - Göttingen I
"Georg Kippels (CDU/CSU, 90 - Rhein-Erft-Kreis I)",1,,,,,,"a vote, 2 years ago",moderate (whipped vote),2,https://www.abgeordnetenwatch.de/profile/georg-kippels,2024-04-12 VOTE (Bundestag): Voted Nein: Selbstbestimmungsgesetz [++: Voted against the Self-Determination Act and its provisions for minors.] | 2021-05-19 VOTE (Bundestag): Voted Nein: Aufhebung des Transsexuellengesetzes und Einführung des Selbstbestimmungsgesetzes [this side carries no value -- its lobby tells no member apart],CDU/CSU,90 - Rhein-Erft-Kreis I
Gerold Otten (AfD),1,,,,,,"a vote, 2 years ago",moderate (whipped vote),2,https://www.abgeordnetenwatch.de/profile/gerold-otten,2024-04-12 VOTE (Bundestag): Voted Nein: Selbstbestimmungsgesetz [++: Voted against the Self-Determination Act and its provisions for minors.] | 2021-05-19 VOTE (Bundestag): Voted Nein: Aufhebung des Transsexuellengesetzes und Einführung des Selbstbestimmungsgesetzes [this side carries no value -- its lobby tells no member apart],AfD,
"Gitta Connemann (CDU/CSU, 25 - Unterems)",1,,,,,,"a vote, 2 years ago",moderate (whipped vote),2,https://www.abgeordnetenwatch.de/profile/gitta-connemann,2024-04-12 VOTE (Bundestag): Voted Nein: Selbstbestimmungsgesetz [++: Voted against the Self-Determination Act and its provisions for minors.] | 2021-05-19 VOTE (Bundestag): Voted Nein: Aufhebung des Transsexuellengesetzes und Einführung des Selbstbestimmungsgesetzes [this side carries no value -- its lobby tells no member apart],CDU/CSU,25 - Unterems
"Gottfried Curio (AfD, 84 - Berlin-Marzahn-Hellersdorf)",1,,,,,,"a vote, 2 years ago",moderate (whipped vote),2,https://www.abgeordnetenwatch.de/profile/gottfried-curio,2024-04-12 VOTE (Bundestag): Voted Nein: Selbstbestimmungsgesetz [++: Voted against the Self-Determination Act and its provisions for minors.] | 2021-05-19 VOTE (Bundestag): Voted Nein: Aufhebung des Transsexuellengesetzes und Einführung des Selbstbestimmungsgesetzes [this side carries no value -- its lobby tells no member apart],AfD,84 - Berlin-Marzahn-Hellersdorf
"Gunther Krichbaum (CDU/CSU, 279 - Pforzheim)",1,,,,,,"a vote, 2 years ago",moderate (whipped vote),2,https://www.abgeordnetenwatch.de/profile/gunther-krichbaum,2024-04-12 VOTE (Bundestag): Voted Nein: Selbstbestimmungsgesetz [++: Voted against the Self-Determination Act and its provisions for minors.] | 2021-05-19 VOTE (Bundestag): Voted Nein: Aufhebung des Transsexuellengesetzes und Einführung des Selbstbestimmungsgesetzes [this side carries no value -- its lobby tells no member apart],CDU/CSU,279 - Pforzheim
"Hansjörg Durz (CDU/CSU, 252 - Augsburg-Land)",1,,,,,,"a vote, 2 years ago",moderate (whipped vote),2,https://www.abgeordnetenwatch.de/profile/hansjoerg-durz,2024-04-12 VOTE (Bundestag): Voted Nein: Selbstbestimmungsgesetz [++: Voted against the Self-Determination Act and its provisions for minors.] | 2021-05-19 VOTE (Bundestag): Voted Nein: Aufhebung des Transsexuellengesetzes und Einführung des Selbstbestimmungsgesetzes [this side carries no value -- its lobby tells no member apart],CDU/CSU,252 - Augsburg-Land
"Jan Metzler (CDU/CSU, 205 - Worms)",1,,,,,,"a vote, 2 years ago",moderate (whipped vote),2,https://www.abgeordnetenwatch.de/profile/jan-metzler,2024-04-12 VOTE (Bundestag): Voted Nein: Selbstbestimmungsgesetz [++: Voted against the Self-Determination Act and its provisions for minors.] | 2021-05-19 VOTE (Bundestag): Voted Nein: Aufhebung des Transsexuellengesetzes und Einführung des Selbstbestimmungsgesetzes [this side carries no value -- its lobby tells no member apart],CDU/CSU,205 - Worms
"Jan Ralf Nolte (AfD, Landesliste Hessen)",1,,,,,,"a vote, 2 years ago",moderate (whipped vote),2,https://www.abgeordnetenwatch.de/profile/jan-ralf-nolte,2024-04-12 VOTE (Bundestag): Voted Nein: Selbstbestimmungsgesetz [++: Voted against the Self-Determination Act and its provisions for minors.] | 2021-05-19 VOTE (Bundestag): Voted Nein: Aufhebung des Transsexuellengesetzes und Einführung des Selbstbestimmungsgesetzes [this side carries no value -- its lobby tells no member apart],AfD,Landesliste Hessen
"Jens Lehmann (CDU/CSU, Landesliste Sachsen)",1,,,,,,"a vote, 2 years ago",moderate (whipped vote),2,https://www.abgeordnetenwatch.de/profile/jens-lehmann,2024-04-12 VOTE (Bundestag): Voted Nein: Selbstbestimmungsgesetz [++: Voted against the Self-Determination Act and its provisions for minors.] | 2021-05-19 VOTE (Bundestag): Voted Nein: Aufhebung des Transsexuellengesetzes und Einführung des Selbstbestimmungsgesetzes [this side carries no value -- its lobby tells no member apart],CDU/CSU,Landesliste Sachsen
"Jens Spahn (CDU/CSU, 123 - Steinfurt I – Borken I)",1,,,,,,"a vote, 2 years ago",moderate (whipped vote),2,https://www.abgeordnetenwatch.de/profile/jens-spahn,2024-04-12 VOTE (Bundestag): Voted Nein: Selbstbestimmungsgesetz [++: Voted against the Self-Determination Act and its provisions for minors.] | 2021-05-19 VOTE (Bundestag): Voted Nein: Aufhebung des Transsexuellengesetzes und Einführung des Selbstbestimmungsgesetzes [this side carries no value -- its lobby tells no member apart],CDU/CSU,123 - Steinfurt I – Borken I
"Jochen Haug (AfD, Landesliste Nordrhein-Westfalen)",1,,,,,,"a vote, 2 years ago",moderate (whipped vote),2,https://www.abgeordnetenwatch.de/profile/jochen-haug,2024-04-12 VOTE (Bundestag): Voted Nein: Selbstbestimmungsgesetz [++: Voted against the Self-Determination Act and its provisions for minors.] | 2021-05-19 VOTE (Bundestag): Voted Nein: Aufhebung des Transsexuellengesetzes und Einführung des Selbstbestimmungsgesetzes [this side carries no value -- its lobby tells no member apart],AfD,Landesliste Nordrhein-Westfalen
"Johann Wadephul (CDU/CSU, 4 - Rendsburg-Eckernförde)",1,,,,,,"a vote, 2 years ago",moderate (whipped vote),2,https://www.abgeordnetenwatch.de/profile/johann-wadephul,2024-04-12 VOTE (Bundestag): Voted Nein: Selbstbestimmungsgesetz [++: Voted against the Self-Determination Act and its provisions for minors.] | 2021-05-19 VOTE (Bundestag): Voted Nein: Aufhebung des Transsexuellengesetzes und Einführung des Selbstbestimmungsgesetzes [this side carries no value -- its lobby tells no member apart],CDU/CSU,4 - Rendsburg-Eckernförde
"Johannes Steiniger (CDU/CSU, 207 - Neustadt – Speyer)",1,,,,,,"a vote, 2 years ago",moderate (whipped vote),2,https://www.abgeordnetenwatch.de/profile/johannes-steiniger,2024-04-12 VOTE (Bundestag): Voted Nein: Selbstbestimmungsgesetz [++: Voted against the Self-Determination Act and its provisions for minors.] | 2021-05-19 VOTE (Bundestag): Voted Nein: Aufhebung des Transsexuellengesetzes und Einführung des Selbstbestimmungsgesetzes [this side carries no value -- its lobby tells no member apart],CDU/CSU,207 - Neustadt – Speyer
"Josef Oster (CDU/CSU, 198 - Koblenz)",1,,,,,,"a vote, 2 years ago",moderate (whipped vote),2,https://www.abgeordnetenwatch.de/profile/josef-oster,2024-04-12 VOTE (Bundestag): Voted Nein: Selbstbestimmungsgesetz [++: Voted against the Self-Determination Act and its provisions for minors.] | 2021-05-19 VOTE (Bundestag): Voted Nein: Aufhebung des Transsexuellengesetzes und Einführung des Selbstbestimmungsgesetzes [this side carries no value -- its lobby tells no member apart],CDU/CSU,198 - Koblenz
"Kai Whittaker (CDU/CSU, 273 - Rastatt)",1,,,,,,"a vote, 2 years ago",moderate (whipped vote),2,https://www.abgeordnetenwatch.de/profile/kai-whittaker,2024-04-12 VOTE (Bundestag): Voted Nein: Selbstbestimmungsgesetz [++: Voted against the Self-Determination Act and its provisions for minors.] | 2021-05-19 VOTE (Bundestag): Voted Nein: Aufhebung des Transsexuellengesetzes und Einführung des Selbstbestimmungsgesetzes [this side carries no value -- its lobby tells no member apart],CDU/CSU,273 - Rastatt
"Katrin Staffler (CDU/CSU, 214 - Fürstenfeldbruck)",1,,,,,,"a vote, 2 years ago",moderate (whipped vote),2,https://www.abgeordnetenwatch.de/profile/katrin-staffler,2024-04-12 VOTE (Bundestag): Voted Nein: Selbstbestimmungsgesetz [++: Voted against the Self-Determination Act and its provisions for minors.] | 2021-05-19 VOTE (Bundestag): Voted Nein: Aufhebung des Transsexuellengesetzes und Einführung des Selbstbestimmungsgesetzes [this side carries no value -- its lobby tells no member apart],CDU/CSU,214 - Fürstenfeldbruck
"Kay Gottschalk (AfD, Landesliste Nordrhein-Westfalen)",1,,,,,,"a vote, 2 years ago",moderate (whipped vote),2,https://www.abgeordnetenwatch.de/profile/kay-gottschalk,2024-04-12 VOTE (Bundestag): Voted Nein: Selbstbestimmungsgesetz [++: Voted against the Self-Determination Act and its provisions for minors.] | 2021-05-19 VOTE (Bundestag): Voted Nein: Aufhebung des Transsexuellengesetzes und Einführung des Selbstbestimmungsgesetzes [this side carries no value -- its lobby tells no member apart],AfD,Landesliste Nordrhein-Westfalen
"Kerstin Radomski (CDU/CSU, 113 - Krefeld II – Wesel II)",1,,,,,,"a vote, 2 years ago",moderate (whipped vote),2,https://www.abgeordnetenwatch.de/profile/kerstin-radomski,2024-04-12 VOTE (Bundestag): Voted Nein: Selbstbestimmungsgesetz [++: Voted against the Self-Determination Act and its provisions for minors.] | 2021-05-19 VOTE (Bundestag): Voted Nein: Aufhebung des Transsexuellengesetzes und Einführung des Selbstbestimmungsgesetzes [this side carries no value -- its lobby tells no member apart],CDU/CSU,113 - Krefeld II – Wesel II
"Kerstin Vieregge (CDU/CSU, 134 - Lippe I)",1,,,,,,"a vote, 2 years ago",moderate (whipped vote),2,https://www.abgeordnetenwatch.de/profile/kerstin-vieregge,2024-04-12 VOTE (Bundestag): Voted Nein: Selbstbestimmungsgesetz [++: Voted against the Self-Determination Act and its provisions for minors.] | 2021-05-19 VOTE (Bundestag): Voted Nein: Aufhebung des Transsexuellengesetzes und Einführung des Selbstbestimmungsgesetzes [this side carries no value -- its lobby tells no member apart],CDU/CSU,134 - Lippe I
"Marc Biadacz (CDU/CSU, 260 - Böblingen)",1,,,,,,"a vote, 2 years ago",moderate (whipped vote),2,https://www.abgeordnetenwatch.de/profile/marc-biadacz,2024-04-12 VOTE (Bundestag): Voted Nein: Selbstbestimmungsgesetz [++: Voted against the Self-Determination Act and its provisions for minors.] | 2021-05-19 VOTE (Bundestag): Voted Nein: Aufhebung des Transsexuellengesetzes und Einführung des Selbstbestimmungsgesetzes [this side carries no value -- its lobby tells no member apart],CDU/CSU,260 - Böblingen
"Mark Helfrich (CDU/CSU, 3 - Steinburg – Dithmarschen Süd)",1,,,,,,"a vote, 2 years ago",moderate (whipped vote),2,https://www.abgeordnetenwatch.de/profile/mark-helfrich,2024-04-12 VOTE (Bundestag): Voted Nein: Selbstbestimmungsgesetz [++: Voted against the Self-Determination Act and its provisions for minors.] | 2021-05-19 VOTE (Bundestag): Voted Nein: Aufhebung des Transsexuellengesetzes und Einführung des Selbstbestimmungsgesetzes [this side carries no value -- its lobby tells no member apart],CDU/CSU,3 - Steinburg – Dithmarschen Süd
"Markus Koob (CDU/CSU, 175 - Hochtaunus)",1,,,,,,"a vote, 2 years ago",moderate (whipped vote),2,https://www.abgeordnetenwatch.de/profile/markus-koob,2024-04-12 VOTE (Bundestag): Voted Nein: Selbstbestimmungsgesetz [++: Voted against the Self-Determination Act and its provisions for minors.] | 2021-05-19 VOTE (Bundestag): Voted Nein: Aufhebung des Transsexuellengesetzes und Einführung des Selbstbestimmungsgesetzes [this side carries no value -- its lobby tells no member apart],CDU/CSU,175 - Hochtaunus
"Martin Hess (AfD, Landesliste Baden-Württemberg)",1,,,,,,"a vote, 2 years ago",moderate (whipped vote),2,https://www.abgeordnetenwatch.de/profile/martin-hess,2024-04-12 VOTE (Bundestag): Voted Nein: Selbstbestimmungsgesetz [++: Voted against the Self-Determination Act and its provisions for minors.] | 2021-05-19 VOTE (Bundestag): Voted Nein: Aufhebung des Transsexuellengesetzes und Einführung des Selbstbestimmungsgesetzes [this side carries no value -- its lobby tells no member apart],AfD,Landesliste Baden-Württemberg
"Matthias Hauer (CDU/CSU, 119 - Essen III)",1,,,,,,"a vote, 2 years ago",moderate (whipped vote),2,https://www.abgeordnetenwatch.de/profile/matthias-hauer,2024-04-12 VOTE (Bundestag): Voted Nein: Selbstbestimmungsgesetz [++: Voted against the Self-Determination Act and its provisions for minors.] | 2021-05-19 VOTE (Bundestag): Voted Nein: Aufhebung des Transsexuellengesetzes und Einführung des Selbstbestimmungsgesetzes [this side carries no value -- its lobby tells no member apart],CDU/CSU,119 - Essen III
"Michael Donth (CDU/CSU, 289 - Reutlingen)",1,,,,,,"a vote, 2 years ago",moderate (whipped vote),2,https://www.abgeordnetenwatch.de/profile/michael-donth,2024-04-12 VOTE (Bundestag): Voted Nein: Selbstbestimmungsgesetz [++: Voted against the Self-Determination Act and its provisions for minors.] | 2021-05-19 VOTE (Bundestag): Voted Nein: Aufhebung des Transsexuellengesetzes und Einführung des Selbstbestimmungsgesetzes [this side carries no value -- its lobby tells no member apart],CDU/CSU,289 - Reutlingen
"Michael Frieser (CDU/CSU, 244 - Nürnberg-Süd)",1,,,,,,"a vote, 2 years ago",moderate (whipped vote),2,https://www.abgeordnetenwatch.de/profile/michael-frieser,2024-04-12 VOTE (Bundestag): Voted Nein: Selbstbestimmungsgesetz [++: Voted against the Self-Determination Act and its provisions for minors.] | 2021-05-19 VOTE (Bundestag): Voted Nein: Aufhebung des Transsexuellengesetzes und Einführung des Selbstbestimmungsgesetzes [this side carries no value -- its lobby tells no member apart],CDU/CSU,244 - Nürnberg-Süd
"Michael Meister (CDU/CSU, 187 - Bergstraße)",1,,,,,,"a vote, 2 years ago",moderate (whipped vote),2,https://www.abgeordnetenwatch.de/profile/michael-meister,2024-04-12 VOTE (Bundestag): Voted Nein: Selbstbestimmungsgesetz [++: Voted against the Self-Determination Act and its provisions for minors.] | 2021-05-19 VOTE (Bundestag): Voted Nein: Aufhebung des Transsexuellengesetzes und Einführung des Selbstbestimmungsgesetzes [this side carries no value -- its lobby tells no member apart],CDU/CSU,187 - Bergstraße
"Nina Warken (CDU/CSU, 276 - Odenwald – Tauber)",1,,,,,,"a vote, 2 years ago",moderate (whipped vote),2,https://www.abgeordnetenwatch.de/profile/nina-warken,2024-04-12 VOTE (Bundestag): Voted Nein: Selbstbestimmungsgesetz [++: Voted against the Self-Determination Act and its provisions for minors.] | 2021-05-19 VOTE (Bundestag): Voted Nein: Aufhebung des Transsexuellengesetzes und Einführung des Selbstbestimmungsgesetzes [this side carries no value -- its lobby tells no member apart],CDU/CSU,276 - Odenwald – Tauber
"Olav Gutting (CDU/CSU, 278 - Bruchsal – Schwetzingen)",1,,,,,,"a vote, 2 years ago",moderate (whipped vote),2,https://www.abgeordnetenwatch.de/profile/olav-gutting,2024-04-12 VOTE (Bundestag): Voted Nein: Selbstbestimmungsgesetz [++: Voted against the Self-Determination Act and its provisions for minors.] | 2021-05-19 VOTE (Bundestag): Voted Nein: Aufhebung des Transsexuellengesetzes und Einführung des Selbstbestimmungsgesetzes [this side carries no value -- its lobby tells no member apart],CDU/CSU,278 - Bruchsal – Schwetzingen
"Patricia Lips (CDU/CSU, 186 - Odenwald)",1,,,,,,"a vote, 2 years ago",moderate (whipped vote),2,https://www.abgeordnetenwatch.de/profile/patricia-lips,2024-04-12 VOTE (Bundestag): Voted Nein: Selbstbestimmungsgesetz [++: Voted against the Self-Determination Act and its provisions for minors.] | 2021-05-19 VOTE (Bundestag): Voted Nein: Aufhebung des Transsexuellengesetzes und Einführung des Selbstbestimmungsgesetzes [this side carries no value -- its lobby tells no member apart],CDU/CSU,186 - Odenwald
"Patrick Schnieder (CDU/CSU, 201 - Bitburg)",1,,,,,,"a vote, 2 years ago",moderate (whipped vote),2,https://www.abgeordnetenwatch.de/profile/patrick-schnieder,2024-04-12 VOTE (Bundestag): Voted Nein: Selbstbestimmungsgesetz [++: Voted against the Self-Determination Act and its provisions for minors.] | 2021-05-19 VOTE (Bundestag): Voted Nein: Aufhebung des Transsexuellengesetzes und Einführung des Selbstbestimmungsgesetzes [this side carries no value -- its lobby tells no member apart],CDU/CSU,201 - Bitburg
"Paul Ziemiak (CDU/CSU, 149 - Märkischer Kreis II)",1,,,,,,"a vote, 2 years ago",moderate (whipped vote),2,https://www.abgeordnetenwatch.de/profile/paul-ziemiak,2024-04-12 VOTE (Bundestag): Voted Nein: Selbstbestimmungsgesetz [++: Voted against the Self-Determination Act and its provisions for minors.] | 2021-05-19 VOTE (Bundestag): Voted Nein: Aufhebung des Transsexuellengesetzes und Einführung des Selbstbestimmungsgesetzes [this side carries no value -- its lobby tells no member apart],CDU/CSU,149 - Märkischer Kreis II
"Peter Aumer (CDU/CSU, 232 - Regensburg)",1,,,,,,"a vote, 2 years ago",moderate (whipped vote),2,https://www.abgeordnetenwatch.de/profile/peter-aumer,2024-04-12 VOTE (Bundestag): Voted Nein: Selbstbestimmungsgesetz [++: Voted against the Self-Determination Act and its provisions for minors.] | 2021-05-19 VOTE (Bundestag): Voted Nein: Aufhebung des Transsexuellengesetzes und Einführung des Selbstbestimmungsgesetzes [this side carries no value -- its lobby tells no member apart],CDU/CSU,232 - Regensburg
"Peter Beyer (CDU/CSU, 104 - Mettmann II)",1,,,,,,"a vote, 2 years ago",moderate (whipped vote),2,https://www.abgeordnetenwatch.de/profile/peter-beyer,2024-04-12 VOTE (Bundestag): Voted Nein: Selbstbestimmungsgesetz [++: Voted against the Self-Determination Act and its provisions for minors.] | 2021-05-19 VOTE (Bundestag): Voted Nein: Aufhebung des Transsexuellengesetzes und Einführung des Selbstbestimmungsgesetzes [this side carries no value -- its lobby tells no member apart],CDU/CSU,104 - Mettmann II
"Philipp Amthor (CDU/CSU, Landesliste Mecklenburg-Vorpommern)",1,,,,,,"a vote, 2 years ago",moderate (whipped vote),2,https://www.abgeordnetenwatch.de/profile/philipp-amthor,2024-04-12 VOTE (Bundestag): Voted Nein: Selbstbestimmungsgesetz [++: Voted against the Self-Determination Act and its provisions for minors.] | 2021-05-19 VOTE (Bundestag): Voted Nein: Aufhebung des Transsexuellengesetzes und Einführung des Selbstbestimmungsgesetzes [this side carries no value -- its lobby tells no member apart],CDU/CSU,Landesliste Mecklenburg-Vorpommern
Rainer Kraft (AfD),1,,,,,,"a vote, 2 years ago",moderate (whipped vote),2,https://www.abgeordnetenwatch.de/profile/rainer-kraft,2024-04-12 VOTE (Bundestag): Voted Nein: Selbstbestimmungsgesetz [++: Voted against the Self-Determination Act and its provisions for minors.] | 2021-05-19 VOTE (Bundestag): Voted Nein: Aufhebung des Transsexuellengesetzes und Einführung des Selbstbestimmungsgesetzes [this side carries no value -- its lobby tells no member apart],AfD,
"Ralph Brinkhaus (CDU/CSU, 130 - Gütersloh I)",1,,,,,,"a vote, 2 years ago",moderate (whipped vote),2,https://www.abgeordnetenwatch.de/profile/ralph-brinkhaus,2024-04-12 VOTE (Bundestag): Voted Nein: Selbstbestimmungsgesetz [++: Voted against the Self-Determination Act and its provisions for minors.] | 2021-05-19 VOTE (Bundestag): Voted Nein: Aufhebung des Transsexuellengesetzes und Einführung des Selbstbestimmungsgesetzes [this side carries no value -- its lobby tells no member apart],CDU/CSU,130 - Gütersloh I
"Reinhard Brandl (CDU/CSU, 215 - Ingolstadt)",1,,,,,,"a vote, 2 years ago",moderate (whipped vote),2,https://www.abgeordnetenwatch.de/profile/reinhard-brandl,2024-04-12 VOTE (Bundestag): Voted Nein: Selbstbestimmungsgesetz [++: Voted against the Self-Determination Act and its provisions for minors.] | 2021-05-19 VOTE (Bundestag): Voted Nein: Aufhebung des Transsexuellengesetzes und Einführung des Selbstbestimmungsgesetzes [this side carries no value -- its lobby tells no member apart],CDU/CSU,215 - Ingolstadt
"Sebastian Münzenmaier (AfD, Landesliste Rheinland-Pfalz)",1,,,,,,"a vote, 2 years ago",moderate (whipped vote),2,https://www.abgeordnetenwatch.de/profile/sebastian-muenzenmaier,2024-04-12 VOTE (Bundestag): Voted Nein: Selbstbestimmungsgesetz [++: Voted against the Self-Determination Act and its provisions for minors.] | 2021-05-19 VOTE (Bundestag): Voted Nein: Aufhebung des Transsexuellengesetzes und Einführung des Selbstbestimmungsgesetzes [this side carries no value -- its lobby tells no member apart],AfD,Landesliste Rheinland-Pfalz
"Sepp Müller (CDU/CSU, Landesliste Sachsen-Anhalt)",1,,,,,,"a vote, 2 years ago",moderate (whipped vote),2,https://www.abgeordnetenwatch.de/profile/sepp-mueller,2024-04-12 VOTE (Bundestag): Voted Nein: Selbstbestimmungsgesetz [++: Voted against the Self-Determination Act and its provisions for minors.] | 2021-05-19 VOTE (Bundestag): Voted Nein: Aufhebung des Transsexuellengesetzes und Einführung des Selbstbestimmungsgesetzes [this side carries no value -- its lobby tells no member apart],CDU/CSU,Landesliste Sachsen-Anhalt
"Silke Launert (CDU/CSU, 236 - Bayreuth)",1,,,,,,"a vote, 2 years ago",moderate (whipped vote),2,https://www.abgeordnetenwatch.de/profile/silke-launert,2024-04-12 VOTE (Bundestag): Voted Nein: Selbstbestimmungsgesetz [++: Voted against the Self-Determination Act and its provisions for minors.] | 2021-05-19 VOTE (Bundestag): Voted Nein: Aufhebung des Transsexuellengesetzes und Einführung des Selbstbestimmungsgesetzes [this side carries no value -- its lobby tells no member apart],CDU/CSU,236 - Bayreuth
"Silvia Breher (CDU/CSU, 32 - Cloppenburg – Vechta)",1,,,,,,"a vote, 2 years ago",moderate (whipped vote),2,https://www.abgeordnetenwatch.de/profile/silvia-breher,2024-04-12 VOTE (Bundestag): Voted Nein: Selbstbestimmungsgesetz [++: Voted against the Self-Determination Act and its provisions for minors.] | 2021-05-19 VOTE (Bundestag): Voted Nein: Aufhebung des Transsexuellengesetzes und Einführung des Selbstbestimmungsgesetzes [this side carries no value -- its lobby tells no member apart],CDU/CSU,32 - Cloppenburg – Vechta
"Stefan Keuter (AfD, Landesliste Nordrhein-Westfalen)",1,,,,,,"a vote, 2 years ago",moderate (whipped vote),2,https://www.abgeordnetenwatch.de/profile/stefan-keuter,2024-04-12 VOTE (Bundestag): Voted Nein: Selbstbestimmungsgesetz [++: Voted against the Self-Determination Act and its provisions for minors.] | 2021-05-19 VOTE (Bundestag): Voted Nein: Aufhebung des Transsexuellengesetzes und Einführung des Selbstbestimmungsgesetzes [this side carries no value -- its lobby tells no member apart],AfD,Landesliste Nordrhein-Westfalen
"Stefan Rouenhoff (CDU/CSU, 111 - Kleve)",1,,,,,,"a vote, 2 years ago",moderate (whipped vote),2,https://www.abgeordnetenwatch.de/profile/stefan-rouenhoff,2024-04-12 VOTE (Bundestag): Voted Nein: Selbstbestimmungsgesetz [++: Voted against the Self-Determination Act and its provisions for minors.] | 2021-05-19 VOTE (Bundestag): Voted Nein: Aufhebung des Transsexuellengesetzes und Einführung des Selbstbestimmungsgesetzes [this side carries no value -- its lobby tells no member apart],CDU/CSU,111 - Kleve
"Steffen Bilger (CDU/CSU, 265 - Ludwigsburg)",1,,,,,,"a vote, 2 years ago",moderate (whipped vote),2,https://www.abgeordnetenwatch.de/profile/steffen-bilger,2024-04-12 VOTE (Bundestag): Voted Nein: Selbstbestimmungsgesetz [++: Voted against the Self-Determination Act and its provisions for minors.] | 2021-05-19 VOTE (Bundestag): Voted Nein: Aufhebung des Transsexuellengesetzes und Einführung des Selbstbestimmungsgesetzes [this side carries no value -- its lobby tells no member apart],CDU/CSU,265 - Ludwigsburg
"Steffen Kotré (AfD, 62 - Dahme-Spreewald – Teltow-Fläming III)",1,,,,,,"a vote, 2 years ago",moderate (whipped vote),2,https://www.abgeordnetenwatch.de/profile/steffen-kotre,2024-04-12 VOTE (Bundestag): Voted Nein: Selbstbestimmungsgesetz [++: Voted against the Self-Determination Act and its provisions for minors.] | 2021-05-19 VOTE (Bundestag): Voted Nein: Aufhebung des Transsexuellengesetzes und Einführung des Selbstbestimmungsgesetzes [this side carries no value -- its lobby tells no member apart],AfD,62 - Dahme-Spreewald – Teltow-Fläming III
"Stephan Albani (CDU/CSU, Landesliste Niedersachsen)",1,,,,,,"a vote, 2 years ago",moderate (whipped vote),2,https://www.abgeordnetenwatch.de/profile/stephan-albani,2024-04-12 VOTE (Bundestag): Voted Nein: Selbstbestimmungsgesetz [++: Voted against the Self-Determination Act and its provisions for minors.] | 2021-05-19 VOTE (Bundestag): Voted Nein: Aufhebung des Transsexuellengesetzes und Einführung des Selbstbestimmungsgesetzes [this side carries no value -- its lobby tells no member apart],CDU/CSU,Landesliste Niedersachsen
"Stephan Mayer (CDU/CSU, 211 - Altötting)",1,,,,,,"a vote, 2 years ago",moderate (whipped vote),2,https://www.abgeordnetenwatch.de/profile/stephan-mayer,2024-04-12 VOTE (Bundestag): Voted Nein: Selbstbestimmungsgesetz [++: Voted against the Self-Determination Act and its provisions for minors.] | 2021-05-19 VOTE (Bundestag): Voted Nein: Aufhebung des Transsexuellengesetzes und Einführung des Selbstbestimmungsgesetzes [this side carries no value -- its lobby tells no member apart],CDU/CSU,211 - Altötting
"Stephan Protschka (AfD, Landesliste Bayern)",1,,,,,,"a vote, 2 years ago",moderate (whipped vote),2,https://www.abgeordnetenwatch.de/profile/stephan-protschka,2024-04-12 VOTE (Bundestag): Voted Nein: Selbstbestimmungsgesetz [++: Voted against the Self-Determination Act and its provisions for minors.] | 2021-05-19 VOTE (Bundestag): Voted Nein: Aufhebung des Transsexuellengesetzes und Einführung des Selbstbestimmungsgesetzes [this side carries no value -- its lobby tells no member apart],AfD,Landesliste Bayern
"Stephan Stracke (CDU/CSU, 257 - Ostallgäu)",1,,,,,,"a vote, 2 years ago",moderate (whipped vote),2,https://www.abgeordnetenwatch.de/profile/stephan-stracke,2024-04-12 VOTE (Bundestag): Voted Nein: Selbstbestimmungsgesetz [++: Voted against the Self-Determination Act and its provisions for minors.] | 2021-05-19 VOTE (Bundestag): Voted Nein: Aufhebung des Transsexuellengesetzes und Einführung des Selbstbestimmungsgesetzes [this side carries no value -- its lobby tells no member apart],CDU/CSU,257 - Ostallgäu
"Thomas Bareiß (CDU/CSU, 295 - Zollernalb – Sigmaringen)",1,,,,,,"a vote, 2 years ago",moderate (whipped vote),2,https://www.abgeordnetenwatch.de/profile/thomas-bareiss,2024-04-12 VOTE (Bundestag): Voted Nein: Selbstbestimmungsgesetz [++: Voted against the Self-Determination Act and its provisions for minors.] | 2021-05-19 VOTE (Bundestag): Voted Nein: Aufhebung des Transsexuellengesetzes und Einführung des Selbstbestimmungsgesetzes [this side carries no value -- its lobby tells no member apart],CDU/CSU,295 - Zollernalb – Sigmaringen
"Thomas Erndl (CDU/CSU, 226 - Deggendorf)",1,,,,,,"a vote, 2 years ago",moderate (whipped vote),2,https://www.abgeordnetenwatch.de/profile/thomas-erndl,2024-04-12 VOTE (Bundestag): Voted Nein: Selbstbestimmungsgesetz [++: Voted against the Self-Determination Act and its provisions for minors.] | 2021-05-19 VOTE (Bundestag): Voted Nein: Aufhebung des Transsexuellengesetzes und Einführung des Selbstbestimmungsgesetzes [this side carries no value -- its lobby tells no member apart],CDU/CSU,226 - Deggendorf
"Thomas Gebhart (CDU/CSU, 210 - Südpfalz)",1,,,,,,"a vote, 2 years ago",moderate (whipped vote),2,https://www.abgeordnetenwatch.de/profile/thomas-gebhart,2024-04-12 VOTE (Bundestag): Voted Nein: Selbstbestimmungsgesetz [++: Voted against the Self-Determination Act and its provisions for minors.] | 2021-05-19 VOTE (Bundestag): Voted Nein: Aufhebung des Transsexuellengesetzes und Einführung des Selbstbestimmungsgesetzes [this side carries no value -- its lobby tells no member apart],CDU/CSU,210 - Südpfalz
"Thomas Jarzombek (CDU/CSU, 105 - Düsseldorf I)",1,,,,,,"a vote, 2 years ago",moderate (whipped vote),2,https://www.abgeordnetenwatch.de/profile/thomas-jarzombek,2024-04-12 VOTE (Bundestag): Voted Nein: Selbstbestimmungsgesetz [++: Voted against the Self-Determination Act and its provisions for minors.] | 2021-05-19 VOTE (Bundestag): Voted Nein: Aufhebung des Transsexuellengesetzes und Einführung des Selbstbestimmungsgesetzes [this side carries no value -- its lobby tells no member apart],CDU/CSU,105 - Düsseldorf I
"Thomas Rachel (CDU/CSU, 89 - Düren)",1,,,,,,"a vote, 2 years ago",moderate (whipped vote),2,https://www.abgeordnetenwatch.de/profile/thomas-rachel,2024-04-12 VOTE (Bundestag): Voted Nein: Selbstbestimmungsgesetz [++: Voted against the Self-Determination Act and its provisions for minors.] | 2021-05-19 VOTE (Bundestag): Voted Nein: Aufhebung des Transsexuellengesetzes und Einführung des Selbstbestimmungsgesetzes [this side carries no value -- its lobby tells no member apart],CDU/CSU,89 - Düren
"Thorsten Frei (CDU/CSU, 286 - Schwarzwald-Baar)",1,,,,,,"a vote, 2 years ago",moderate (whipped vote),2,https://www.abgeordnetenwatch.de/profile/thorsten-frei,2024-04-12 VOTE (Bundestag): Voted Nein: Selbstbestimmungsgesetz [++: Voted against the Self-Determination Act and its provisions for minors.] | 2021-05-19 VOTE (Bundestag): Voted Nein: Aufhebung des Transsexuellengesetzes und Einführung des Selbstbestimmungsgesetzes [this side carries no value -- its lobby tells no member apart],CDU/CSU,286 - Schwarzwald-Baar
"Tino Chrupalla (AfD, 156 - Görlitz)",1,,,,,,"a vote, 2 years ago",moderate (whipped vote),2,https://www.abgeordnetenwatch.de/profile/tino-chrupalla,2024-04-12 VOTE (Bundestag): Voted Nein: Selbstbestimmungsgesetz [++: Voted against the Self-Determination Act and its provisions for minors.] | 2021-05-19 VOTE (Bundestag): Voted Nein: Aufhebung des Transsexuellengesetzes und Einführung des Selbstbestimmungsgesetzes [this side carries no value -- its lobby tells no member apart],AfD,156 - Görlitz
"Tino Sorge (CDU/CSU, Landesliste Sachsen-Anhalt)",1,,,,,,"a vote, 2 years ago",moderate (whipped vote),2,https://www.abgeordnetenwatch.de/profile/tino-sorge,2024-04-12 VOTE (Bundestag): Voted Nein: Selbstbestimmungsgesetz [++: Voted against the Self-Determination Act and its provisions for minors.] | 2021-05-19 VOTE (Bundestag): Voted Nein: Aufhebung des Transsexuellengesetzes und Einführung des Selbstbestimmungsgesetzes [this side carries no value -- its lobby tells no member apart],CDU/CSU,Landesliste Sachsen-Anhalt
"Ulrich Lange (CDU/CSU, 253 - Donau-Ries)",1,,,,,,"a vote, 2 years ago",moderate (whipped vote),2,https://www.abgeordnetenwatch.de/profile/ulrich-lange,2024-04-12 VOTE (Bundestag): Voted Nein: Selbstbestimmungsgesetz [++: Voted against the Self-Determination Act and its provisions for minors.] | 2021-05-19 VOTE (Bundestag): Voted Nein: Aufhebung des Transsexuellengesetzes und Einführung des Selbstbestimmungsgesetzes [this side carries no value -- its lobby tells no member apart],CDU/CSU,253 - Donau-Ries
"Ulrike Schielke-Ziesing (AfD, 17 - Mecklenburgische Seenplatte II – Landkreis Rostock III)",1,,,,,,"a vote, 2 years ago",moderate (whipped vote),2,https://www.abgeordnetenwatch.de/profile/ulrike-schielke-ziesing,2024-04-12 VOTE (Bundestag): Voted Nein: Selbstbestimmungsgesetz [++: Voted against the Self-Determination Act and its provisions for minors.] | 2021-05-19 VOTE (Bundestag): Voted Nein: Aufhebung des Transsexuellengesetzes und Einführung des Selbstbestimmungsgesetzes [this side carries no value -- its lobby tells no member apart],AfD,17 - Mecklenburgische Seenplatte II – Landkreis Rostock III
"Uwe Feiler (CDU/CSU, Landesliste Brandenburg)",1,,,,,,"a vote, 2 years ago",moderate (whipped vote),2,https://www.abgeordnetenwatch.de/profile/uwe-feiler,2024-04-12 VOTE (Bundestag): Voted Nein: Selbstbestimmungsgesetz [++: Voted against the Self-Determination Act and its provisions for minors.] | 2021-05-19 VOTE (Bundestag): Voted Nein: Aufhebung des Transsexuellengesetzes und Einführung des Selbstbestimmungsgesetzes [this side carries no value -- its lobby tells no member apart],CDU/CSU,Landesliste Brandenburg
"Wilfried Oellers (CDU/CSU, 88 - Heinsberg)",1,,,,,,"a vote, 2 years ago",moderate (whipped vote),2,https://www.abgeordnetenwatch.de/profile/wilfried-oellers,2024-04-12 VOTE (Bundestag): Voted Nein: Selbstbestimmungsgesetz [++: Voted against the Self-Determination Act and its provisions for minors.] | 2021-05-19 VOTE (Bundestag): Voted Nein: Aufhebung des Transsexuellengesetzes und Einführung des Selbstbestimmungsgesetzes [this side carries no value -- its lobby tells no member apart],CDU/CSU,88 - Heinsberg
"Wolfgang Stefinger (CDU/CSU, 217 - München-Ost)",1,,,,,,"a vote, 2 years ago",moderate (whipped vote),2,https://www.abgeordnetenwatch.de/profile/wolfgang-stefinger,2024-04-12 VOTE (Bundestag): Voted Nein: Selbstbestimmungsgesetz [++: Voted against the Self-Determination Act and its provisions for minors.] | 2021-05-19 VOTE (Bundestag): Voted Nein: Aufhebung des Transsexuellengesetzes und Einführung des Selbstbestimmungsgesetzes [this side carries no value -- its lobby tells no member apart],CDU/CSU,217 - München-Ost
Wolfgang Wiehle (AfD),1,,,,,,"a vote, 2 years ago",moderate (whipped vote),2,https://www.abgeordnetenwatch.de/profile/wolfgang-wiehle,2024-04-12 VOTE (Bundestag): Voted Nein: Selbstbestimmungsgesetz [++: Voted against the Self-Determination Act and its provisions for minors.] | 2021-05-19 VOTE (Bundestag): Voted Nein: Aufhebung des Transsexuellengesetzes und Einführung des Selbstbestimmungsgesetzes [this side carries no value -- its lobby tells no member apart],AfD,
"Alexander Engelhard (CDU/CSU, 254 - Neu-Ulm)",1,,,,,,"a vote, 2 years ago",moderate (whipped vote),1,https://www.abgeordnetenwatch.de/profile/alexander-engelhard,2024-04-12 VOTE (Bundestag): Voted Nein: Selbstbestimmungsgesetz [++: Voted against the Self-Determination Act and its provisions for minors.],CDU/CSU,254 - Neu-Ulm
"Anne Janssen (CDU/CSU, Landesliste Niedersachsen)",1,,,,,,"a vote, 2 years ago",moderate (whipped vote),1,https://www.abgeordnetenwatch.de/profile/anne-janssen,2024-04-12 VOTE (Bundestag): Voted Nein: Selbstbestimmungsgesetz [++: Voted against the Self-Determination Act and its provisions for minors.],CDU/CSU,Landesliste Niedersachsen
"Anne König (CDU/CSU, 125 - Borken II)",1,,,,,,"a vote, 2 years ago",moderate (whipped vote),1,https://www.abgeordnetenwatch.de/profile/anne-koenig,2024-04-12 VOTE (Bundestag): Voted Nein: Selbstbestimmungsgesetz [++: Voted against the Self-Determination Act and its provisions for minors.],CDU/CSU,125 - Borken II
"Catarina dos Santos-Wintz (CDU/CSU, 87 - Aachen II)",1,,,,,,"a vote, 2 years ago",moderate (whipped vote),1,https://www.abgeordnetenwatch.de/profile/catarina-dos-santos-wintz,2024-04-12 VOTE (Bundestag): Voted Nein: Selbstbestimmungsgesetz [++: Voted against the Self-Determination Act and its provisions for minors.],CDU/CSU,87 - Aachen II
"Christiane Schenderlein (CDU/CSU, Landesliste Sachsen)",1,,,,,,"a vote, 2 years ago",moderate (whipped vote),1,https://www.abgeordnetenwatch.de/profile/christiane-schenderlein,2024-04-12 VOTE (Bundestag): Voted Nein: Selbstbestimmungsgesetz [++: Voted against the Self-Determination Act and its provisions for minors.],CDU/CSU,Landesliste Sachsen
"Christina Stumpp (CDU/CSU, 264 - Waiblingen)",1,,,,,,"a vote, 2 years ago",moderate (whipped vote),1,https://www.abgeordnetenwatch.de/profile/christina-stumpp,2024-04-12 VOTE (Bundestag): Voted Nein: Selbstbestimmungsgesetz [++: Voted against the Self-Determination Act and its provisions for minors.],CDU/CSU,264 - Waiblingen
"Dirk Brandes (AfD, Landesliste Niedersachsen)",1,,,,,,"a vote, 2 years ago",moderate (whipped vote),1,https://www.abgeordnetenwatch.de/profile/dirk-brandes,2024-04-12 VOTE (Bundestag): Voted Nein: Selbstbestimmungsgesetz [++: Voted against the Self-Determination Act and its provisions for minors.],AfD,Landesliste Niedersachsen
"Emmi Zeulner (CDU/CSU, 239 - Kulmbach)",1,,,,,,"a vote, 2 years ago",moderate (whipped vote),1,https://www.abgeordnetenwatch.de/profile/emmi-zeulner,2024-04-12 VOTE (Bundestag): Voted Nein: Selbstbestimmungsgesetz [++: Voted against the Self-Determination Act and its provisions for minors.],CDU/CSU,239 - Kulmbach
"Fabian Gramling (CDU/CSU, 266 - Neckar-Zaber)",1,,,,,,"a vote, 2 years ago",moderate (whipped vote),1,https://www.abgeordnetenwatch.de/profile/fabian-gramling,2024-04-12 VOTE (Bundestag): Voted Nein: Selbstbestimmungsgesetz [++: Voted against the Self-Determination Act and its provisions for minors.],CDU/CSU,266 - Neckar-Zaber
"Florian Müller (CDU/CSU, 148 - Olpe – Märkischer Kreis I)",1,,,,,,"a vote, 2 years ago",moderate (whipped vote),1,https://www.abgeordnetenwatch.de/profile/florian-mueller-0,2024-04-12 VOTE (Bundestag): Voted Nein: Selbstbestimmungsgesetz [++: Voted against the Self-Determination Act and its provisions for minors.],CDU/CSU,148 - Olpe – Märkischer Kreis I
"Franziska Hoppermann (CDU/CSU, Landesliste Hamburg)",1,,,,,,"a vote, 2 years ago",moderate (whipped vote),1,https://www.abgeordnetenwatch.de/profile/franziska-hoppermann,2024-04-12 VOTE (Bundestag): Voted Nein: Selbstbestimmungsgesetz [++: Voted against the Self-Determination Act and its provisions for minors.],CDU/CSU,Landesliste Hamburg
"Friedrich Merz (CDU/CSU, 146 - Hochsauerlandkreis)",1,,,,,,"a vote, 2 years ago",moderate (whipped vote),1,https://www.abgeordnetenwatch.de/profile/friedrich-merz,2024-04-12 VOTE (Bundestag): Voted Nein: Selbstbestimmungsgesetz [++: Voted against the Self-Determination Act and its provisions for minors.],CDU/CSU,146 - Hochsauerlandkreis
"Hannes Gnauck (AfD, 57 - Uckermark – Barnim I)",1,,,,,,"a vote, 2 years ago",moderate (whipped vote),1,https://www.abgeordnetenwatch.de/profile/hannes-gnauck,2024-04-12 VOTE (Bundestag): Voted Nein: Selbstbestimmungsgesetz [++: Voted against the Self-Determination Act and its provisions for minors.],AfD,57 - Uckermark – Barnim I
"Henning Rehbaum (CDU/CSU, 129 - Warendorf)",1,,,,,,"a vote, 2 years ago",moderate (whipped vote),1,https://www.abgeordnetenwatch.de/profile/henning-rehbaum,2024-04-12 VOTE (Bundestag): Voted Nein: Selbstbestimmungsgesetz [++: Voted against the Self-Determination Act and its provisions for minors.],CDU/CSU,129 - Warendorf
"Inge Gräßle (CDU/CSU, 269 - Backnang – Schwäbisch Gmünd)",1,,,,,,"a vote, 2 years ago",moderate (whipped vote),1,https://www.abgeordnetenwatch.de/profile/inge-graessle,2024-04-12 VOTE (Bundestag): Voted Nein: Selbstbestimmungsgesetz [++: Voted against the Self-Determination Act and its provisions for minors.],CDU/CSU,269 - Backnang – Schwäbisch Gmünd
"Jonas Geissler (CDU/CSU, 237 - Coburg)",1,,,,,,"a vote, 2 years ago",moderate (whipped vote),1,https://www.abgeordnetenwatch.de/profile/jonas-geissler,2024-04-12 VOTE (Bundestag): Voted Nein: Selbstbestimmungsgesetz [++: Voted against the Self-Determination Act and its provisions for minors.],CDU/CSU,237 - Coburg
"Julia Klöckner (CDU/CSU, 200 - Kreuznach)",1,,,,,,"a vote, 2 years ago",moderate (whipped vote),1,https://www.abgeordnetenwatch.de/profile/julia-kloeckner,2024-04-12 VOTE (Bundestag): Voted Nein: Selbstbestimmungsgesetz [++: Voted against the Self-Determination Act and its provisions for minors.],CDU/CSU,200 - Kreuznach
"Klaus Mack (CDU/CSU, 280 - Calw)",1,,,,,,"a vote, 2 years ago",moderate (whipped vote),1,https://www.abgeordnetenwatch.de/profile/klaus-mack,2024-04-12 VOTE (Bundestag): Voted Nein: Selbstbestimmungsgesetz [++: Voted against the Self-Determination Act and its provisions for minors.],CDU/CSU,280 - Calw
"Klaus Wiener (CDU/CSU, 103 - Mettmann I)",1,,,,,,"a vote, 2 years ago",moderate (whipped vote),1,https://www.abgeordnetenwatch.de/profile/klaus-wiener,2024-04-12 VOTE (Bundestag): Voted Nein: Selbstbestimmungsgesetz [++: Voted against the Self-Determination Act and its provisions for minors.],CDU/CSU,103 - Mettmann I
"Knut Abraham (CDU/CSU, Landesliste Brandenburg)",1,,,,,,"a vote, 2 years ago",moderate (whipped vote),1,https://www.abgeordnetenwatch.de/profile/knut-abraham,2024-04-12 VOTE (Bundestag): Voted Nein: Selbstbestimmungsgesetz [++: Voted against the Self-Determination Act and its provisions for minors.],CDU/CSU,Landesliste Brandenburg
"Lars Rohwer (CDU/CSU, Landesliste Sachsen)",1,,,,,,"a vote, 2 years ago",moderate (whipped vote),1,https://www.abgeordnetenwatch.de/profile/lars-rohwer,2024-04-12 VOTE (Bundestag): Voted Nein: Selbstbestimmungsgesetz [++: Voted against the Self-Determination Act and its provisions for minors.],CDU/CSU,Landesliste Sachsen
"Maria-Lena Weiss (CDU/CSU, 285 - Rottweil – Tuttlingen)",1,,,,,,"a vote, 2 years ago",moderate (whipped vote),1,https://www.abgeordnetenwatch.de/profile/maria-lena-weiss,2024-04-12 VOTE (Bundestag): Voted Nein: Selbstbestimmungsgesetz [++: Voted against the Self-Determination Act and its provisions for minors.],CDU/CSU,285 - Rottweil – Tuttlingen
"Markus Reichel (CDU/CSU, Landesliste Sachsen)",1,,,,,,"a vote, 2 years ago",moderate (whipped vote),1,https://www.abgeordnetenwatch.de/profile/markus-reichel,2024-04-12 VOTE (Bundestag): Voted Nein: Selbstbestimmungsgesetz [++: Voted against the Self-Determination Act and its provisions for minors.],CDU/CSU,Landesliste Sachsen
"Marlon Bröhr (CDU/CSU, 199 - Mosel/Rhein-Hunsrück)",1,,,,,,"a vote, 2 years ago",moderate (whipped vote),1,https://www.abgeordnetenwatch.de/profile/marlon-broehr,2024-04-12 VOTE (Bundestag): Voted Nein: Selbstbestimmungsgesetz [++: Voted against the Self-Determination Act and its provisions for minors.],CDU/CSU,199 - Mosel/Rhein-Hunsrück
"Martin Plum (CDU/CSU, 110 - Viersen)",1,,,,,,"a vote, 2 years ago",moderate (whipped vote),1,https://www.abgeordnetenwatch.de/profile/martin-plum,2024-04-12 VOTE (Bundestag): Voted Nein: Selbstbestimmungsgesetz [++: Voted against the Self-Determination Act and its provisions for minors.],CDU/CSU,110 - Viersen
"Martina Englhardt-Kopf (CDU/CSU, 233 - Schwandorf)",1,,,,,,"a vote, 2 years ago",moderate (whipped vote),1,https://www.abgeordnetenwatch.de/profile/martina-englhardt-kopf,2024-04-12 VOTE (Bundestag): Voted Nein: Selbstbestimmungsgesetz [++: Voted against the Self-Determination Act and its provisions for minors.],CDU/CSU,233 - Schwandorf
"Mechthilde Wittmann (CDU/CSU, 256 - Oberallgäu)",1,,,,,,"a vote, 2 years ago",moderate (whipped vote),1,https://www.abgeordnetenwatch.de/profile/mechthilde-wittmann,2024-04-12 VOTE (Bundestag): Voted Nein: Selbstbestimmungsgesetz [++: Voted against the Self-Determination Act and its provisions for minors.],CDU/CSU,256 - Oberallgäu
"Michael Breilmann (CDU/CSU, Landesliste Nordrhein-Westfalen)",1,,,,,,"a vote, 2 years ago",moderate (whipped vote),1,https://www.abgeordnetenwatch.de/profile/michael-breilmann,2024-04-12 VOTE (Bundestag): Voted Nein: Selbstbestimmungsgesetz [++: Voted against the Self-Determination Act and its provisions for minors.],CDU/CSU,Landesliste Nordrhein-Westfalen
"Nicolas Zippelius (CDU/CSU, 272 - Karlsruhe-Land)",1,,,,,,"a vote, 2 years ago",moderate (whipped vote),1,https://www.abgeordnetenwatch.de/profile/nicolas-zippelius,2024-04-12 VOTE (Bundestag): Voted Nein: Selbstbestimmungsgesetz [++: Voted against the Self-Determination Act and its provisions for minors.],CDU/CSU,272 - Karlsruhe-Land
"Norbert Maria Altenkamp (CDU/CSU, 180 - Main-Taunus)",1,,,,,,"a vote, 2 years ago",moderate (whipped vote),1,https://www.abgeordnetenwatch.de/profile/norbert-maria-altenkamp,2024-04-12 VOTE (Bundestag): Voted Nein: Selbstbestimmungsgesetz [++: Voted against the Self-Determination Act and its provisions for minors.],CDU/CSU,180 - Main-Taunus
"Oliver Vogt (CDU/CSU, 133 - Minden-Lübbecke I)",1,,,,,,"a vote, 2 years ago",moderate (whipped vote),1,https://www.abgeordnetenwatch.de/profile/oliver-vogt,2024-04-12 VOTE (Bundestag): Voted Nein: Selbstbestimmungsgesetz [++: Voted against the Self-Determination Act and its provisions for minors.],CDU/CSU,133 - Minden-Lübbecke I
"Ottilie Klein (CDU/CSU, Landesliste Berlin)",1,,,,,,"a vote, 2 years ago",moderate (whipped vote),1,https://www.abgeordnetenwatch.de/profile/ottilie-klein,2024-04-12 VOTE (Bundestag): Voted Nein: Selbstbestimmungsgesetz [++: Voted against the Self-Determination Act and its provisions for minors.],CDU/CSU,Landesliste Berlin
"Rainer Rothfuß (AfD, Landesliste Bayern)",1,,,,,,"a vote, 2 years ago",moderate (whipped vote),1,https://www.abgeordnetenwatch.de/profile/rainer-rothfuss,2024-04-12 VOTE (Bundestag): Voted Nein: Selbstbestimmungsgesetz [++: Voted against the Self-Determination Act and its provisions for minors.],AfD,Landesliste Bayern
"Ralph Edelhäußer (CDU/CSU, 245 - Roth)",1,,,,,,"a vote, 2 years ago",moderate (whipped vote),1,https://www.abgeordnetenwatch.de/profile/ralph-edelhaeusser,2024-04-12 VOTE (Bundestag): Voted Nein: Selbstbestimmungsgesetz [++: Voted against the Self-Determination Act and its provisions for minors.],CDU/CSU,245 - Roth
"Serap Güler (CDU/CSU, Landesliste Nordrhein-Westfalen)",1,,,,,,"a vote, 2 years ago",moderate (whipped vote),1,https://www.abgeordnetenwatch.de/profile/serap-gueler,2024-04-12 VOTE (Bundestag): Voted Nein: Selbstbestimmungsgesetz [++: Voted against the Self-Determination Act and its provisions for minors.],CDU/CSU,Landesliste Nordrhein-Westfalen
"Simone Borchardt (CDU/CSU, Landesliste Mecklenburg-Vorpommern)",1,,,,,,"a vote, 2 years ago",moderate (whipped vote),1,https://www.abgeordnetenwatch.de/profile/simone-borchardt,2024-04-12 VOTE (Bundestag): Voted Nein: Selbstbestimmungsgesetz [++: Voted against the Self-Determination Act and its provisions for minors.],CDU/CSU,Landesliste Mecklenburg-Vorpommern
"Stefan Nacke (CDU/CSU, Landesliste Nordrhein-Westfalen)",1,,,,,,"a vote, 2 years ago",moderate (whipped vote),1,https://www.abgeordnetenwatch.de/profile/stefan-nacke,2024-04-12 VOTE (Bundestag): Voted Nein: Selbstbestimmungsgesetz [++: Voted against the Self-Determination Act and its provisions for minors.],CDU/CSU,Landesliste Nordrhein-Westfalen
"Steffen Janich (AfD, 157 - Sächsische Schweiz-Osterzgebirge)",1,,,,,,"a vote, 2 years ago",moderate (whipped vote),1,https://www.abgeordnetenwatch.de/profile/steffen-janich,2024-04-12 VOTE (Bundestag): Voted Nein: Selbstbestimmungsgesetz [++: Voted against the Self-Determination Act and its provisions for minors.],AfD,157 - Sächsische Schweiz-Osterzgebirge
"Thomas Röwekamp (CDU/CSU, Landesliste Bremen)",1,,,,,,"a vote, 2 years ago",moderate (whipped vote),1,https://www.abgeordnetenwatch.de/profile/thomas-roewekamp,2024-04-12 VOTE (Bundestag): Voted Nein: Selbstbestimmungsgesetz [++: Voted against the Self-Determination Act and its provisions for minors.],CDU/CSU,Landesliste Bremen
"Tilman Kuban (CDU/CSU, Landesliste Niedersachsen)",1,,,,,,"a vote, 2 years ago",moderate (whipped vote),1,https://www.abgeordnetenwatch.de/profile/tilman-kuban,2024-04-12 VOTE (Bundestag): Voted Nein: Selbstbestimmungsgesetz [++: Voted against the Self-Determination Act and its provisions for minors.],CDU/CSU,Landesliste Niedersachsen
"Tobias Winkler (CDU/CSU, 242 - Fürth)",1,,,,,,"a vote, 2 years ago",moderate (whipped vote),1,https://www.abgeordnetenwatch.de/profile/tobias-winkler,2024-04-12 VOTE (Bundestag): Voted Nein: Selbstbestimmungsgesetz [++: Voted against the Self-Determination Act and its provisions for minors.],CDU/CSU,242 - Fürth
"Volker Mayer-Lay (CDU/CSU, 293 - Bodensee)",1,,,,,,"a vote, 2 years ago",moderate (whipped vote),1,https://www.abgeordnetenwatch.de/profile/volker-mayer-lay,2024-04-12 VOTE (Bundestag): Voted Nein: Selbstbestimmungsgesetz [++: Voted against the Self-Determination Act and its provisions for minors.],CDU/CSU,293 - Bodensee
"Yannick Bury (CDU/CSU, 283 - Emmendingen – Lahr)",1,,,,,,"a vote, 2 years ago",moderate (whipped vote),1,https://www.abgeordnetenwatch.de/profile/yannick-bury,2024-04-12 VOTE (Bundestag): Voted Nein: Selbstbestimmungsgesetz [++: Voted against the Self-Determination Act and its provisions for minors.],CDU/CSU,283 - Emmendingen – Lahr
"Angela Rudzka (AfD, Landesliste Niedersachsen)",,1,,,,,"a question, 3 months ago",thin (only 1 evidence item on record),2,https://www.abgeordnetenwatch.de/profile/angela-rudzka,"2026-07-13 KLEINE ANFRAGE: Fragen zur LSBTQ-Politik der Bundesregierung und zum Selbstbestimmungsgesetz (Drucksache 21/7135) [+: AfD Kleine Anfrage critical of SBGG and youth transition (comorbidity, blockers, women's spaces).] | 2025-06-06 SCHRIFTLICHE FRAGE: Entwicklung der Zahl operativer Geschlechtsumwandlungen in den letzten zehn Jahren (Drucksache 21/396) [never places: Asks for trends in sex-reassignment surgery numbers; data only.]",AfD,Landesliste Niedersachsen
"Christina Baum (AfD, 68 - Harz)",,1,,,,,"a question, 6 months ago",consistent (2 items),2,https://www.abgeordnetenwatch.de/profile/christina-baum,"2026-03-31 KLEINE ANFRAGE: Erfassung psychischer Vorerkrankungen bei Jugendlichen und jungen Erwachsenen mit Geschlechtsdysphorie-Diagnose vor und  (Drucksache 21/5111) [+: AfD Kleine Anfrage on psychiatric comorbidities before/after transition in youth; presses the evidence gap.] | 2024-07-05 KLEINE ANFRAGE: Bundesförderung von Projekten und Institutionen zu den Themen Transgender, Intersexualität, Geschlechtsdysphorie, Geschl (Drucksache 20/12187) [+: AfD Kleine Anfrage scrutinising federal funding of trans/queer projects incl. Regenbogenportal promotion of puberty blockers.]",AfD,68 - Harz
"Claudia Weiss (AfD, 69 - Magdeburg)",,1,,,,,"a question, 3 months ago",consistent (2 items),2,https://www.abgeordnetenwatch.de/profile/claudia-weiss,"2026-07-13 KLEINE ANFRAGE: Fragen zur LSBTQ-Politik der Bundesregierung und zum Selbstbestimmungsgesetz (Drucksache 21/7135) [+: AfD Kleine Anfrage critical of SBGG and youth transition (comorbidity, blockers, women's spaces).] | 2026-03-31 KLEINE ANFRAGE: Erfassung psychischer Vorerkrankungen bei Jugendlichen und jungen Erwachsenen mit Geschlechtsdysphorie-Diagnose vor und  (Drucksache 21/5111) [+: AfD Kleine Anfrage on psychiatric comorbidities before/after transition in youth; presses the evidence gap.]",AfD,69 - Magdeburg
Ingo Hahn (AfD),,1,,,,,"a question, 8 months ago",consistent (2 items),2,https://www.abgeordnetenwatch.de/profile/ingo-hahn,2026-02-06 SCHRIFTLICHE FRAGE: Elterliche Entscheidungsgewalt bei Geschlechtseintragsänderungen von Kindern unter fünf Jahren (Drucksache 21/4006) [+: Challenges parents' unchecked power to change the gender entry of under-5s.] | 2025-12-03 MÜNDLICHE FRAGE: Auswirkungen des Selbstbestimmungsgesetzes auf Minderjährige (Drucksache 21/46) [+: Raises expert concern that the SBGG pressures minors into early gender-identity decisions.],AfD,
"Joachim Bloch (AfD, Landesliste Baden-Württemberg)",,1,,,,,"a question, 6 months ago",thin (only 1 evidence item on record),2,https://www.abgeordnetenwatch.de/profile/joachim-bloch,"2026-03-31 KLEINE ANFRAGE: Erfassung psychischer Vorerkrankungen bei Jugendlichen und jungen Erwachsenen mit Geschlechtsdysphorie-Diagnose vor und  (Drucksache 21/5111) [+: AfD Kleine Anfrage on psychiatric comorbidities before/after transition in youth; presses the evidence gap.] | 2026-03-26 DEBATE: Rede ""Beim Thema Organspende ist noch ein weiterer Punkt anzusprechen. Immer wieder unternehmen die Altparteien Anläufe, bei der postmortalen Organspende die sogenannte Widerspruchslösung einzuführen. Ginge es nach Ihnen, wäre..."" [0: Speech concerns organ donation and kidney transplants, unrelated to youth gender medicine.]",AfD,Landesliste Baden-Württemberg
"Kerstin Przygodda (AfD, Landesliste Schleswig-Holstein)",,1,,,,,"a question, 3 months ago",consistent (2 items),2,https://www.abgeordnetenwatch.de/profile/kerstin-przygodda,"2026-07-13 KLEINE ANFRAGE: Fragen zur LSBTQ-Politik der Bundesregierung und zum Selbstbestimmungsgesetz (Drucksache 21/7135) [+: AfD Kleine Anfrage critical of SBGG and youth transition (comorbidity, blockers, women's spaces).] | 2026-03-31 KLEINE ANFRAGE: Erfassung psychischer Vorerkrankungen bei Jugendlichen und jungen Erwachsenen mit Geschlechtsdysphorie-Diagnose vor und  (Drucksache 21/5111) [+: AfD Kleine Anfrage on psychiatric comorbidities before/after transition in youth; presses the evidence gap.]",AfD,Landesliste Schleswig-Holstein
"Martina Kempf (AfD, Landesliste Baden-Württemberg)",,1,,,,,"a question, 3 months ago",consistent (2 items),2,https://www.abgeordnetenwatch.de/profile/martina-kempf,"2026-07-13 KLEINE ANFRAGE: Fragen zur LSBTQ-Politik der Bundesregierung und zum Selbstbestimmungsgesetz (Drucksache 21/7135) [+: AfD Kleine Anfrage critical of SBGG and youth transition (comorbidity, blockers, women's spaces).] | 2026-03-31 KLEINE ANFRAGE: Erfassung psychischer Vorerkrankungen bei Jugendlichen und jungen Erwachsenen mit Geschlechtsdysphorie-Diagnose vor und  (Drucksache 21/5111) [+: AfD Kleine Anfrage on psychiatric comorbidities before/after transition in youth; presses the evidence gap.]",AfD,Landesliste Baden-Württemberg
"Alexander Arpaschi (AfD, Landesliste Baden-Württemberg)",,1,,,,,"a motion signed, 13 months ago",thin (only 1 evidence item on record),1,https://www.abgeordnetenwatch.de/profile/alexander-arpaschi,2025-09-09 ANTRAG: Gesetz über die Selbstbestimmung in Bezug auf den Geschlechtseintrag aufheben - Rechtsklarheit und Schutz vulnerabler Gr (Drucksache 21/1547) [+: Repeal motion also demands safeguards for minors against self-diagnosed transition.],AfD,Landesliste Baden-Württemberg
"Alexis Giersch (AfD, Landesliste Schleswig-Holstein)",,1,,,,,"a question, 6 months ago",thin (only 1 evidence item on record),1,https://www.abgeordnetenwatch.de/profile/alexis-giersch,2026-03-31 KLEINE ANFRAGE: Erfassung psychischer Vorerkrankungen bei Jugendlichen und jungen Erwachsenen mit Geschlechtsdysphorie-Diagnose vor und  (Drucksache 21/5111) [+: AfD Kleine Anfrage on psychiatric comorbidities before/after transition in youth; presses the evidence gap.],AfD,Landesliste Schleswig-Holstein
Andreas Mayer (AfD),,1,,,,,"a question, 12 months ago",thin (only 1 evidence item on record),1,https://www.abgeordnetenwatch.de/profile/andreas-mayer-0,2025-10-10 SCHRIFTLICHE FRAGE: Zulässigkeit geschlechtsangleichender Operationen an Minderjährigen (Drucksache 21/2141) [+: Asks how sterilising 'gender-affirming' surgery on minors squares with the child sterilisation ban.],AfD,
"Anna Leonore Labitzke Rathert (AfD, Landesliste Nordrhein-Westfalen)",,1,,,,,"a question, 3 months ago",thin (only 1 evidence item on record),1,https://www.abgeordnetenwatch.de/profile/anna-leonore-labitzke-rathert,"2026-07-13 KLEINE ANFRAGE: Fragen zur LSBTQ-Politik der Bundesregierung und zum Selbstbestimmungsgesetz (Drucksache 21/7135) [+: AfD Kleine Anfrage critical of SBGG and youth transition (comorbidity, blockers, women's spaces).]",AfD,Landesliste Nordrhein-Westfalen
"Carina Schießl (AfD, Landesliste Bayern)",,1,,,,,"a question, 6 months ago",thin (only 1 evidence item on record),1,https://www.abgeordnetenwatch.de/profile/carina-schiessl,2026-03-31 KLEINE ANFRAGE: Erfassung psychischer Vorerkrankungen bei Jugendlichen und jungen Erwachsenen mit Geschlechtsdysphorie-Diagnose vor und  (Drucksache 21/5111) [+: AfD Kleine Anfrage on psychiatric comorbidities before/after transition in youth; presses the evidence gap.],AfD,Landesliste Bayern
"Christian Zaum (AfD, Landesliste Nordrhein-Westfalen)",,1,,,,,"a question, 3 months ago",thin (only 1 evidence item on record),1,https://www.abgeordnetenwatch.de/profile/christian-zaum,"2026-07-13 KLEINE ANFRAGE: Fragen zur LSBTQ-Politik der Bundesregierung und zum Selbstbestimmungsgesetz (Drucksache 21/7135) [+: AfD Kleine Anfrage critical of SBGG and youth transition (comorbidity, blockers, women's spaces).]",AfD,Landesliste Nordrhein-Westfalen
"Christoph Birghan (AfD, Landesliste Bayern)",,1,,,,,"a question, 6 months ago",thin (only 1 evidence item on record),1,https://www.abgeordnetenwatch.de/profile/christoph-birghan,2026-03-31 KLEINE ANFRAGE: Erfassung psychischer Vorerkrankungen bei Jugendlichen und jungen Erwachsenen mit Geschlechtsdysphorie-Diagnose vor und  (Drucksache 21/5111) [+: AfD Kleine Anfrage on psychiatric comorbidities before/after transition in youth; presses the evidence gap.],AfD,Landesliste Bayern
"Jan Feser (AfD, Landesliste Hessen)",,1,,,,,"a question, 3 months ago",thin (only 1 evidence item on record),1,https://www.abgeordnetenwatch.de/profile/jan-feser,"2026-07-13 KLEINE ANFRAGE: Fragen zur LSBTQ-Politik der Bundesregierung und zum Selbstbestimmungsgesetz (Drucksache 21/7135) [+: AfD Kleine Anfrage critical of SBGG and youth transition (comorbidity, blockers, women's spaces).]",AfD,Landesliste Hessen
"Jan-Marco Luczak (CDU/CSU, Landesliste Berlin)",,1,,,,,"a speech, 2 years ago",thin (only 1 evidence item on record),1,https://www.abgeordnetenwatch.de/profile/jan-marco-luczak,"2024-04-12 DEBATE: Rede ""Schließlich hätte ich es auch für richtig erachtet, dass Änderungen des Geschlechtseintrags an offizielle Stellen wie das Bundeskriminalamt, Migrationsbehörden oder das Finanzamt gemeldet werden. Dies war im Gesetzentwur..."" [+: Supports repeal of old law but wants stricter safeguards and better protection for minors from rushed decisions.]",CDU/CSU,Landesliste Berlin
"Johann Martel (AfD, Landesliste Baden-Württemberg)",,1,,,,,"a question, 3 months ago",thin (only 1 evidence item on record),1,https://www.abgeordnetenwatch.de/profile/johann-martel,"2026-07-13 KLEINE ANFRAGE: Fragen zur LSBTQ-Politik der Bundesregierung und zum Selbstbestimmungsgesetz (Drucksache 21/7135) [+: AfD Kleine Anfrage critical of SBGG and youth transition (comorbidity, blockers, women's spaces).]",AfD,Landesliste Baden-Württemberg
Lukas Rehm (AfD),,1,,,,,"a question, 3 months ago",thin (only 1 evidence item on record),1,https://www.abgeordnetenwatch.de/profile/lukas-rehm,"2026-07-13 KLEINE ANFRAGE: Fragen zur LSBTQ-Politik der Bundesregierung und zum Selbstbestimmungsgesetz (Drucksache 21/7135) [+: AfD Kleine Anfrage critical of SBGG and youth transition (comorbidity, blockers, women's spaces).]",AfD,
Nicole Hess (AfD),,1,,,,,"a question, 6 months ago",thin (only 1 evidence item on record),1,https://www.abgeordnetenwatch.de/profile/nicole-hess,2026-03-31 KLEINE ANFRAGE: Erfassung psychischer Vorerkrankungen bei Jugendlichen und jungen Erwachsenen mit Geschlechtsdysphorie-Diagnose vor und  (Drucksache 21/5111) [+: AfD Kleine Anfrage on psychiatric comorbidities before/after transition in youth; presses the evidence gap.],AfD,
Otto Strauß (AfD),,1,,,,,"a question, 3 months ago",thin (only 1 evidence item on record),1,https://www.abgeordnetenwatch.de/profile/otto-strauss,"2026-07-13 KLEINE ANFRAGE: Fragen zur LSBTQ-Politik der Bundesregierung und zum Selbstbestimmungsgesetz (Drucksache 21/7135) [+: AfD Kleine Anfrage critical of SBGG and youth transition (comorbidity, blockers, women's spaces).]",AfD,
Paul Schmidt (AfD),,1,,,,,"a question, 6 months ago",thin (only 1 evidence item on record),1,https://www.abgeordnetenwatch.de/profile/paul-schmidt,2026-03-31 KLEINE ANFRAGE: Erfassung psychischer Vorerkrankungen bei Jugendlichen und jungen Erwachsenen mit Geschlechtsdysphorie-Diagnose vor und  (Drucksache 21/5111) [+: AfD Kleine Anfrage on psychiatric comorbidities before/after transition in youth; presses the evidence gap.],AfD,
"Sebastian Maack (AfD, Landesliste Berlin)",,1,,,,,"a question, 3 months ago",thin (only 1 evidence item on record),1,https://www.abgeordnetenwatch.de/profile/sebastian-maack,"2026-07-13 KLEINE ANFRAGE: Fragen zur LSBTQ-Politik der Bundesregierung und zum Selbstbestimmungsgesetz (Drucksache 21/7135) [+: AfD Kleine Anfrage critical of SBGG and youth transition (comorbidity, blockers, women's spaces).]",AfD,Landesliste Berlin
"Stefan Möller (AfD, 189 - Eisenach – Wartburgkreis – Unstrut-Hainich-Kreis)",,1,,,,,"a question, 6 months ago",thin (only 1 evidence item on record),1,https://www.abgeordnetenwatch.de/profile/stefan-moeller,2026-03-31 KLEINE ANFRAGE: Erfassung psychischer Vorerkrankungen bei Jugendlichen und jungen Erwachsenen mit Geschlechtsdysphorie-Diagnose vor und  (Drucksache 21/5111) [+: AfD Kleine Anfrage on psychiatric comorbidities before/after transition in youth; presses the evidence gap.],AfD,189 - Eisenach – Wartburgkreis – Unstrut-Hainich-Kreis
"Thomas Fetsch (AfD, Landesliste Hessen)",,1,,,,,"a question, 6 months ago",thin (only 1 evidence item on record),1,https://www.abgeordnetenwatch.de/profile/thomas-fetsch,2026-03-31 KLEINE ANFRAGE: Erfassung psychischer Vorerkrankungen bei Jugendlichen und jungen Erwachsenen mit Geschlechtsdysphorie-Diagnose vor und  (Drucksache 21/5111) [+: AfD Kleine Anfrage on psychiatric comorbidities before/after transition in youth; presses the evidence gap.],AfD,Landesliste Hessen
"Mareike Lotte Wulf (CDU/CSU, Landesliste Niedersachsen)",,,,1,,,"a speech, 20 months ago",conflicting (4 items point the other way),10,https://www.abgeordnetenwatch.de/profile/mareike-lotte-wulf,"2025-01-31 DEBATE: Rede ""Depressionen, Suizidgedanken und -handlungen, Angst- und Essstörungen sind nur einige der Folgen des starken und anhaltenden Leidensdrucks, dem Kinder und Jugendliche mit Geschlechtsdysphorie ausgesetzt sind. Die Betroff..."" [-: Rejects AfD's claim of overdiagnosis and denies UK-style Tavistock problems, leaning against restricting youth transition care.] | 2024-06-12 DEBATE: Rede ""Lassen Sie mich vor diesem Hintergrund noch auf einen konkreten Punkt Ihres Aktionsplans eingehen, der mich besonders verärgert hat; denn Sie kündigen etwas Sinnvolles an, was Sie aber nicht umsetzen. Sowohl im Koalition..."" [0: Mostly personal historical reflection on decriminalising homosexuality, no clear stance on listed topics.] | 2024-05-15 DEBATE: Rede ""Welche Schlüsse für ihre Arbeit in Hinblick auf Kinder und Jugendliche zieht die Bundesregierung – insbesondere in Hinblick auf das im Koalitionsvertrag zwischen SPD, Bündnis 90/Die Grünen und FDP angekündigte Vorhaben e..."" [++: Cites NHS puberty blocker ban due to lack of evidence, urging German government to reconsider paediatric transition policy.] | 2024-05-15 MÜNDLICHE FRAGE: Verbot der Verschreibung von Pubertätsblockern für Kinder und Jugendliche mit Geschlechtsdysphorie in Großbritannien (Drucksache 20/168) [+: Asks what Germany concludes from the UK ban on prescribing puberty blockers.] | 2024-04-24 DEBATE: Rede ""Wie beabsichtigt die Bundesregierung – vor dem Hintergrund, dass das Bundesministerium für Familie, Senioren, Frauen und Jugend in seinem Aktionsplan „Queer leben“ feststellt, dass in Deutschland die Beratungsstellen für..."" [0: Factual written question on funding for trans youth counselling centres, informational only.] | 2024-04-24 MÜNDLICHE FRAGE: Ausbau der Beratungsstellen für Kinder und Jugendliche mit Geschlechtsdysphorie (Drucksache 20/165) [never places: Asks how the government will expand counselling for dysphoric minors; does not show a side.] | 2024-04-12 VOTE (Bundestag): Voted Nein: Selbstbestimmungsgesetz [++: Voted against the Self-Determination Act and its provisions for minors.] | 2024-04-12 DEBATE: Rede ""Dass das TSG heute nicht mehr in die Zeit passt, erkennen auch wir als Union an. Auch wir sind der Meinung, dass eine Vereinfachung des Weges zum Wechsel des Geschlechtseintrages für transgeschlechtliche Menschen möglich..."" [0: Acknowledges need for reform but criticises debate tone rather than taking clear stance.]",CDU/CSU,Landesliste Niedersachsen
"Maik Brückner (Die Linke, Landesliste Niedersachsen)",,,,1,,,"a motion signed, 3 months ago",thin (only 1 evidence item on record),4,https://www.abgeordnetenwatch.de/profile/maik-brueckner,"2026-07-09 ANTRAG: Versorgung von transgeschlechtlichen und nichtbinären Menschen sicherstellen (Drucksache 21/7061) [-: Linke motion for a GKV right to body-modifying treatment with no distress threshold and without aim of alignment; not age-limited. Capped at -1: adult health-insurance cover that would include minors, not a paediatric measure.] | 2026-04-24 SCHRIFTLICHE FRAGE: Versorgungsengpässe bei injizierbarem Östrogen für Hormonersatztherapien (Drucksache 21/5580) [never places: Asks about shortages of injectable estradiol; informational.] | 2026-04-02 SCHRIFTLICHE FRAGE: Verfügbarkeit von injizierbarem Östrogen für Hormonersatztherapien (Drucksache 21/5159) [never places: Asks about supply of injectable estrogen for hormone therapy; informational.] | 2026-03-20 SCHRIFTLICHE FRAGE: Gesundheitsversorgung für trans-, inter- und nichtbinäre Menschen bei geschlechtsaffirmativen Maßnahmen (Drucksache 21/4848) [never places: Asks how care for people relying on GKV-funded affirming treatment developed; informational.]",Die Linke,Landesliste Niedersachsen
"Anne-Mieke Bremer (Die Linke, Landesliste Niedersachsen)",,,,1,,,"a motion signed, 3 months ago",thin (only 1 evidence item on record),1,https://www.abgeordnetenwatch.de/profile/anne-mieke-bremer,"2026-07-09 ANTRAG: Versorgung von transgeschlechtlichen und nichtbinären Menschen sicherstellen (Drucksache 21/7061) [-: Linke motion for a GKV right to body-modifying treatment with no distress threshold and without aim of alignment; not age-limited. Capped at -1: adult health-insurance cover that would include minors, not a paediatric measure.]",Die Linke,Landesliste Niedersachsen
"Ates Gürpinar (Die Linke, Landesliste Bayern)",,,,1,,,"a motion signed, 3 months ago",thin (only 1 evidence item on record),1,https://www.abgeordnetenwatch.de/profile/ates-guerpinar,"2026-07-09 ANTRAG: Versorgung von transgeschlechtlichen und nichtbinären Menschen sicherstellen (Drucksache 21/7061) [-: Linke motion for a GKV right to body-modifying treatment with no distress threshold and without aim of alignment; not age-limited. Capped at -1: adult health-insurance cover that would include minors, not a paediatric measure.]",Die Linke,Landesliste Bayern
"Cansın Köktürk (Die Linke, Landesliste Nordrhein-Westfalen)",,,,1,,,"a motion signed, 3 months ago",thin (only 1 evidence item on record),1,https://www.abgeordnetenwatch.de/profile/cansin-koektuerk,"2026-07-09 ANTRAG: Versorgung von transgeschlechtlichen und nichtbinären Menschen sicherstellen (Drucksache 21/7061) [-: Linke motion for a GKV right to body-modifying treatment with no distress threshold and without aim of alignment; not age-limited. Capped at -1: adult health-insurance cover that would include minors, not a paediatric measure.]",Die Linke,Landesliste Nordrhein-Westfalen
"David Schliesing (Die Linke, Landesliste Sachsen-Anhalt)",,,,1,,,"a motion signed, 3 months ago",thin (only 1 evidence item on record),1,https://www.abgeordnetenwatch.de/profile/david-schliesing,"2026-07-09 ANTRAG: Versorgung von transgeschlechtlichen und nichtbinären Menschen sicherstellen (Drucksache 21/7061) [-: Linke motion for a GKV right to body-modifying treatment with no distress threshold and without aim of alignment; not age-limited. Capped at -1: adult health-insurance cover that would include minors, not a paediatric measure.]",Die Linke,Landesliste Sachsen-Anhalt
"Donata Vogtschmidt (Die Linke, Landesliste Thüringen)",,,,1,,,"a motion signed, 3 months ago",thin (only 1 evidence item on record),1,https://www.abgeordnetenwatch.de/profile/donata-vogtschmidt,"2026-07-09 ANTRAG: Versorgung von transgeschlechtlichen und nichtbinären Menschen sicherstellen (Drucksache 21/7061) [-: Linke motion for a GKV right to body-modifying treatment with no distress threshold and without aim of alignment; not age-limited. Capped at -1: adult health-insurance cover that would include minors, not a paediatric measure.]",Die Linke,Landesliste Thüringen
"Evelyn Schötz (Die Linke, Landesliste Bayern)",,,,1,,,"a motion signed, 3 months ago",thin (only 1 evidence item on record),1,https://www.abgeordnetenwatch.de/profile/evelyn-schoetz,"2026-07-09 ANTRAG: Versorgung von transgeschlechtlichen und nichtbinären Menschen sicherstellen (Drucksache 21/7061) [-: Linke motion for a GKV right to body-modifying treatment with no distress threshold and without aim of alignment; not age-limited. Capped at -1: adult health-insurance cover that would include minors, not a paediatric measure.]",Die Linke,Landesliste Bayern
Jorrit Bosch (Die Linke),,,,1,,,"a motion signed, 3 months ago",thin (only 1 evidence item on record),1,https://www.abgeordnetenwatch.de/profile/jorrit-bosch,"2026-07-09 ANTRAG: Versorgung von transgeschlechtlichen und nichtbinären Menschen sicherstellen (Drucksache 21/7061) [-: Linke motion for a GKV right to body-modifying treatment with no distress threshold and without aim of alignment; not age-limited. Capped at -1: adult health-insurance cover that would include minors, not a paediatric measure.]",Die Linke,
"Julia-Christina Stange (Die Linke, Landesliste Rheinland-Pfalz)",,,,1,,,"a motion signed, 3 months ago",thin (only 1 evidence item on record),1,https://www.abgeordnetenwatch.de/profile/julia-christina-stange,"2026-07-09 ANTRAG: Versorgung von transgeschlechtlichen und nichtbinären Menschen sicherstellen (Drucksache 21/7061) [-: Linke motion for a GKV right to body-modifying treatment with no distress threshold and without aim of alignment; not age-limited. Capped at -1: adult health-insurance cover that would include minors, not a paediatric measure.]",Die Linke,Landesliste Rheinland-Pfalz
"Kathrin Gebel (Die Linke, Landesliste Nordrhein-Westfalen)",,,,1,,,"a motion signed, 3 months ago",thin (only 1 evidence item on record),1,https://www.abgeordnetenwatch.de/profile/kathrin-gebel,"2026-07-09 ANTRAG: Versorgung von transgeschlechtlichen und nichtbinären Menschen sicherstellen (Drucksache 21/7061) [-: Linke motion for a GKV right to body-modifying treatment with no distress threshold and without aim of alignment; not age-limited. Capped at -1: adult health-insurance cover that would include minors, not a paediatric measure.]",Die Linke,Landesliste Nordrhein-Westfalen
"Mandy Eißing (Die Linke, Landesliste Thüringen)",,,,1,,,"a motion signed, 3 months ago",thin (only 1 evidence item on record),1,https://www.abgeordnetenwatch.de/profile/mandy-eissing,"2026-07-09 ANTRAG: Versorgung von transgeschlechtlichen und nichtbinären Menschen sicherstellen (Drucksache 21/7061) [-: Linke motion for a GKV right to body-modifying treatment with no distress threshold and without aim of alignment; not age-limited. Capped at -1: adult health-insurance cover that would include minors, not a paediatric measure.]",Die Linke,Landesliste Thüringen
"Mareike Hermeier (Die Linke, Landesliste Nordrhein-Westfalen)",,,,1,,,"a motion signed, 3 months ago",thin (only 1 evidence item on record),1,https://www.abgeordnetenwatch.de/profile/mareike-hermeier,"2026-07-09 ANTRAG: Versorgung von transgeschlechtlichen und nichtbinären Menschen sicherstellen (Drucksache 21/7061) [-: Linke motion for a GKV right to body-modifying treatment with no distress threshold and without aim of alignment; not age-limited. Capped at -1: adult health-insurance cover that would include minors, not a paediatric measure.]",Die Linke,Landesliste Nordrhein-Westfalen
"Maren Kaminski (Die Linke, Landesliste Niedersachsen)",,,,1,,,"a motion signed, 3 months ago",thin (only 1 evidence item on record),1,https://www.abgeordnetenwatch.de/profile/maren-kaminski,"2026-07-09 ANTRAG: Versorgung von transgeschlechtlichen und nichtbinären Menschen sicherstellen (Drucksache 21/7061) [-: Linke motion for a GKV right to body-modifying treatment with no distress threshold and without aim of alignment; not age-limited. Capped at -1: adult health-insurance cover that would include minors, not a paediatric measure.]",Die Linke,Landesliste Niedersachsen
"Michael „Moses“ Arndt (Die Linke, Landesliste Saarland)",,,,1,,,"a motion signed, 3 months ago",thin (only 1 evidence item on record),1,https://www.abgeordnetenwatch.de/profile/michael-moses-arndt,"2026-07-09 ANTRAG: Versorgung von transgeschlechtlichen und nichtbinären Menschen sicherstellen (Drucksache 21/7061) [-: Linke motion for a GKV right to body-modifying treatment with no distress threshold and without aim of alignment; not age-limited. Capped at -1: adult health-insurance cover that would include minors, not a paediatric measure.]",Die Linke,Landesliste Saarland
"Sarah Vollath (Die Linke, Landesliste Bayern)",,,,1,,,"a motion signed, 3 months ago",thin (only 1 evidence item on record),1,https://www.abgeordnetenwatch.de/profile/sarah-vollath,"2026-07-09 ANTRAG: Versorgung von transgeschlechtlichen und nichtbinären Menschen sicherstellen (Drucksache 21/7061) [-: Linke motion for a GKV right to body-modifying treatment with no distress threshold and without aim of alignment; not age-limited. Capped at -1: adult health-insurance cover that would include minors, not a paediatric measure.]",Die Linke,Landesliste Bayern
"Simone Fischer (BÜNDNIS 90/DIE GRÜNEN, 258 - Stuttgart I)",,,,1,,,"a motion signed, 2 months ago",thin (only 1 evidence item on record),1,https://www.abgeordnetenwatch.de/profile/simone-fischer,"2026-07-29 ANTRAG: Selbstbestimmung und Versorgungssicherheit bei Geschlechtsinkongruenz gewährleisten (Drucksache 21/7350) [-: Greens motion for a statutory GKV entitlement to gender-affirming treatment; not age-limited, so covers minors too.]",BÜNDNIS 90/DIE GRÜNEN,258 - Stuttgart I
Sonja Lemke (Die Linke),,,,1,,,"a motion signed, 3 months ago",thin (only 1 evidence item on record),1,https://www.abgeordnetenwatch.de/profile/sonja-lemke,"2026-07-09 ANTRAG: Versorgung von transgeschlechtlichen und nichtbinären Menschen sicherstellen (Drucksache 21/7061) [-: Linke motion for a GKV right to body-modifying treatment with no distress threshold and without aim of alignment; not age-limited. Capped at -1: adult health-insurance cover that would include minors, not a paediatric measure.]",Die Linke,
"Stella Merendino (Die Linke, Landesliste Berlin)",,,,1,,,"a motion signed, 3 months ago",thin (only 1 evidence item on record),1,https://www.abgeordnetenwatch.de/profile/stella-merendino,"2026-07-09 ANTRAG: Versorgung von transgeschlechtlichen und nichtbinären Menschen sicherstellen (Drucksache 21/7061) [-: Linke motion for a GKV right to body-modifying treatment with no distress threshold and without aim of alignment; not age-limited. Capped at -1: adult health-insurance cover that would include minors, not a paediatric measure.]",Die Linke,Landesliste Berlin
Zada Salihović (Die Linke),,,,1,,,"a motion signed, 3 months ago",thin (only 1 evidence item on record),1,https://www.abgeordnetenwatch.de/profile/zada-salihovic,"2026-07-09 ANTRAG: Versorgung von transgeschlechtlichen und nichtbinären Menschen sicherstellen (Drucksache 21/7061) [-: Linke motion for a GKV right to body-modifying treatment with no distress threshold and without aim of alignment; not age-limited. Capped at -1: adult health-insurance cover that would include minors, not a paediatric measure.]",Die Linke,
"Doris Achelwilm (Die Linke, Landesliste Bremen)",,,,,1,,"a vote, 5 years ago",conflicting (1 item point the other way),10,https://www.abgeordnetenwatch.de/profile/doris-achelwilm,"2021-05-19 VOTE (Bundestag): Voted Ja: Aufhebung des Transsexuellengesetzes und Einführung des Selbstbestimmungsgesetzes [--: Voted for gender self-ID, including for minors.] | 2021-05-19 DEBATE: Rede ""Frau Präsidentin! Liebe Kolleginnen und Kollegen! Das Transsexuellengesetz muss weg, und zwar schon lange. Es steht heute hier zur Debatte und zur möglichen Abwahl, was uns etliche Post von Bürgerinnen und Bürgern und ei..."" [--: Strongly backs self-ID, removing gatekeeping for gender marker changes, undermining sex-based protections.] | 2020-12-17 DEBATE: Rede ""Für die Durchsetzung von Schadensersatzansprüchen werden wir als Linke weiter kämpfen, unter anderem mit unserem laufenden Antrag zur Entschädigung der Betroffenen von Inter-OPs und Transsexuellengesetz, der aktuell die ..."" [+: Supports protecting children from non-consensual irreversible surgery, aligning with child protection principle.] | 2020-06-19 DEBATE: Rede ""Was spricht gegen einen einfachen Ummeldevorgang gemäß der Selbstangabe beim Standesamt? Rational nichts; es sind alte Vorbehalte. Als Linke begrüßen wir deshalb sehr, dass es jetzt neue Entwürfe dafür gibt, das TSG durc..."" [-: Supports self-determination law replacing TSG, favouring easy self-ID over safeguards.] | 2019-11-07 DEBATE: Rede ""Die Abwertung von sexuellen und geschlechtlichen Minderheiten gründet gesellschaftlich tief. Erst 1995 wurde Homosexualität in Deutschland aus dem WHO-Katalog der Krankheiten genommen. Transrechte hängen in diesem mensch..."" [-: Supports constitutional amendment adding sexual identity protection, aligning against traditional family/marriage framing.] | 2019-05-17 DEBATE: Rede ""2019 – da gibt es homo-, trans-, inter- und bisexuelle Menschen, die vor Gewalt und Verfolgung in ihren Herkunftsländern fliehen müssen. Deutschland stuft leider Länder, in denen Homosexualität unter Strafe steht, als si..."" [0: Marriage/family not specifically discussed, focus is asylum and solidarity.] | 2018-12-13 DEBATE: Rede ""Wir kritisieren, dass Menschen mit eindeutigen Körpermerkmalen, aber anderer Geschlechtsidentität nach wie vor auf das Transsexuellengesetz und seine Gutachteritis verwiesen werden, wenn sie ihre Geschlechtsangaben änder..."" [-: Pushes for self-ID without gatekeeping and undermines sex categories, despite supporting ban on infant surgery.] | 2018-11-29 DEBATE: Rede ""In dieser Debatte behandeln wir einen Gesetzentwurf, der rechtliche Ergänzungen oder Anpassungen im Zuge der Eheöffnung vornimmt, es geht also um das Kleingedruckte zur Ehe für alle. Es ist gut, dass wir an dieser Stelle..."" [--: Celebrates marriage equality reforms and criticises past traditional marriage-only laws.]",Die Linke,Landesliste Bremen
"Nyke Slawik (BÜNDNIS 90/DIE GRÜNEN, Landesliste Nordrhein-Westfalen)",,,,,1,,"a speech, 12 months ago",consistent (7 items),7,https://www.abgeordnetenwatch.de/profile/nyke-slawik,"2026-07-29 ANTRAG: Selbstbestimmung und Versorgungssicherheit bei Geschlechtsinkongruenz gewährleisten (Drucksache 21/7350) [-: Greens motion for a statutory GKV entitlement to gender-affirming treatment; not age-limited, so covers minors too.] | 2025-10-09 DEBATE: Rede ""Ja, der Deutsche Bundestag hat in den letzten Jahren viele Gesetze erlassen, die die Lebenssituation von LSBTIQ-Personen verbessert haben – oft nach jahrzehntelangem Ringen, wie bei der Ehe für alle,..."" [--: Celebrates marriage equality and pushes to enshrine broad 'sexual identity' protection, against traditional marriage/family and sex-based rights.] | 2025-09-11 DEBATE: Rede ""Im Gegensatz zur AfD bin ich stolz darauf, dass wir das Selbstbestimmungsgesetz beschlossen haben; denn damit haben wir endlich das entwürdigende Transsexuellengesetz überwunden,..."" [--: Proudly defends Selbstbestimmungsgesetz, dismissing concerns as anti-trans, opposing sex-based space protections.] | 2024-11-06 DEBATE: Rede ""Zudem hat das Bundesverfassungsgericht in mehreren Urteilen festgestellt, dass das Transsexuellengesetz, das Vorgängergesetz zum Selbstbestimmungsgesetz, verfassungswidrig ist...."" [--: Advocates for self-ID law, dismisses AfD's safety concerns, framing gender self-determination positively.] | 2024-06-12 DEBATE: Rede ""Wir haben noch viele weitere Punkte vor uns wie einen Entschädigungsfonds für Transpersonen und die Verbesserung der Gesundheitsversorgung. Deutschland ist kürzlich, nach Beschluss des Selbstbestimmungsgesetzes, endlich ..."" [--: Celebrates self-determination law, seeks compensation fund for trans people and expanded action plan.] | 2024-04-12 VOTE (Bundestag): Voted Ja: Selbstbestimmungsgesetz [--: Voted for the Self-Determination Act, which lets minors from 14 change legal sex with parental consent.] | 2024-04-12 DEBATE: Rede ""Sehr geehrte Frau Präsidentin! Sehr geehrte Zuhörende! Vor circa zehn Jahren durchlief ich selbst das Transsexuellengesetz, das wir heute durch ein Selbstbestimmungsgesetz ablösen werden. Meine Erfahrung damit möchte ich..."" [--: Personal advocacy for self-ID law, opposing traditional sex-based legal recognition.]",BÜNDNIS 90/DIE GRÜNEN,Landesliste Nordrhein-Westfalen
"Sven Lehmann (BÜNDNIS 90/DIE GRÜNEN, 93 - Köln II)",,,,,1,,"a vote, 2 years ago",moderate (whipped vote),7,https://www.abgeordnetenwatch.de/profile/sven-lehmann,"2024-04-12 VOTE (Bundestag): Voted Ja: Selbstbestimmungsgesetz [--: Voted for the Self-Determination Act, which lets minors from 14 change legal sex with parental consent.] | 2021-05-19 VOTE (Bundestag): Voted Ja: Aufhebung des Transsexuellengesetzes und Einführung des Selbstbestimmungsgesetzes [--: Voted for gender self-ID, including for minors.] | 2021-05-19 DEBATE: Rede ""Das Transsexuellengesetz verletzt seit 40 Jahren die Würde des Menschen, es verletzt das Recht auf Selbstbestimmung, und es ist überfällig, dieses Gesetz endlich durch ein modernes Selbstbestimmungsgesetz zu ersetzen. Da..."" [-: Advocates replacing Transsexuellengesetz with self-determination law, aligning against CitizenGO's gender medicine caution.] | 2020-06-19 DEBATE: Rede ""Unser Gesetzentwurf ist ein Angebot an alle demokratischen Fraktionen, dieses Thema in dieser Legislaturperiode endlich abzuräumen. Erst diese Woche wurde nämlich Verfassungsbeschwerde gegen das jetzige Personenstandsges..."" [--: Advocates abolishing legal gender-change safeguards, promoting self-ID, undermining sex-based distinctions.] | 2019-05-17 DEBATE: Rede ""Der heutige Tag ist auch der Tag gegen Transfeindlichkeit. Aktuell berät die Bundesregierung über einen Referentenentwurf, der das Transsexuellengesetz ersetzen soll. Bisher reicht nämlich nicht einfach eine Selbstauskun..."" [--: Champions self-ID reform of trans law and celebrates same-sex marriage, opposing traditional single-sex and marriage positions.] | 2018-12-13 DEBATE: Rede ""Wir fordern, dass das Transsexuellengesetz endlich abgeschafft und durch ein modernes Gesetz zur Selbstbestimmung und zur Anerkennung der Geschlechtervielfalt ersetzt wird...."" [-: Advocates abolishing sex-based registration entirely and self-determined gender identity, against single-sex space protections.] | 2018-10-11 DEBATE: Rede ""Deutschland ist bei der Anerkennung geschlechtlicher Vielfalt leider ein Entwicklungsland. Wie bei so vielen Themen sind viele Länder in Europa da weiter. Jetzt bestünde die große Chance, im Zuge des Urteils auch das ent..."" [--: Strongly demands self-ID gender recognition without medical proof, opposing sex-based categorisation.]",BÜNDNIS 90/DIE GRÜNEN,93 - Köln II
"Lisa Paus (BÜNDNIS 90/DIE GRÜNEN, Landesliste Berlin)",,,,,1,,"a vote, 2 years ago",moderate (whipped vote),6,https://www.abgeordnetenwatch.de/profile/lisa-paus,"2024-04-12 VOTE (Bundestag): Voted Ja: Selbstbestimmungsgesetz [--: Voted for the Self-Determination Act, which lets minors from 14 change legal sex with parental consent.] | 2023-11-15 DEBATE: Rede ""Künftig entscheiden transgeschlechtliche, intergeschlechtliche und nichtbinäre Personen in Deutschland mit einer Erklärung vor dem Standesamt, mit welchem Geschlecht und mit welchem Vornamen sie eingetragen werden möchte..."" [--: Champions Selbstbestimmungsgesetz, self-ID without medical gatekeeping, opposing CitizenGO's youth gender medicine stance.] | 2023-11-08 DEBATE: Rede ""Und ja, diese Bundesregierung macht Schluss mit einem Gesetz, dem Transsexuellengesetz, das dem Anspruch des Grundgesetzes, nämlich der Achtung der Menschenwürde, nicht entspricht. Wir als Kabinett haben das Selbstbestim..."" [--: Minister defends Self-Determination Act allowing gender self-ID, directly opposing sex-based single-sex space defence.] | 2023-11-08 DEBATE: Rede ""Ansonsten haben wir als Bundesregierung, als demokratische Parteien einfach den Auftrag, unser Grundgesetz umzusetzen. Und es ist so, dass das bestehende Transsexuellengesetz mehrfach vom Bundesverfassungsgericht für ver..."" [--: Defends removing Transsexuellengesetz safeguards via self-ID law, dismisses critics of single-sex space concerns.] | 2023-06-14 DEBATE: Rede ""Gerade das Bundesverfassungsgericht hat ja festgestellt, dass das Geschlecht nicht an die Biologie geknüpft ist, sondern dass es eine rechtliche Kategorie ist. Das Bundesverfassungsgericht hat auch festgestellt, dass es ..."" [--: Defends self-ID law and multiple genders, directly opposing sex-based rights position.] | 2021-05-19 VOTE (Bundestag): Voted Ja: Aufhebung des Transsexuellengesetzes und Einführung des Selbstbestimmungsgesetzes [--: Voted for gender self-ID, including for minors.]",BÜNDNIS 90/DIE GRÜNEN,Landesliste Berlin
"Carmen Wegge (SPD, Landesliste Bayern)",,,,,1,,"a speech, 12 months ago",consistent (4 items),4,https://www.abgeordnetenwatch.de/profile/carmen-wegge,"2025-10-09 DEBATE: Rede ""Wir haben für die Ehe für alle gestritten, bis sie 2017 endlich eingeführt wurde. Wir haben die Abschaffung des schrecklichen § 175 StGB vorangetrieben, haben das diskriminierende Transsexuellengesetz endlich abgeschafft..."" [--: Champions marriage equality, abolition of transsexual law, and self-determination law, opposing traditional family/marriage and sex-based space positions.] | 2025-09-11 DEBATE: Rede ""Am 1. November 2024 trat das Selbstbestimmungsgesetz in Kraft und ersetzte das alte, demütigende Transsexuellengesetz. Seither können volljährige Personen ihren Geschlechtseintrag einfach per Erklärung beim Standesamt än..."" [--: Strongly defends self-ID law and dismisses women's-space safety concerns as extremist panic-mongering.] | 2024-09-13 DEBATE: Rede ""Ein paar Beispiele: Wir haben im April dieses Jahres das Selbstbestimmungsgesetz verabschiedet und damit eine jahrzehntelange Diskriminierung von Transpersonen durch das menschenunwürdige Transsexuellengesetz beendet...."" [--: Celebrates self-ID law ending 'discrimination' of trans persons and removal of abortion counselling restrictions, opposing pro-life and single-sex space positions.] | 2024-04-12 VOTE (Bundestag): Voted Ja: Selbstbestimmungsgesetz [--: Voted for the Self-Determination Act, which lets minors from 14 change legal sex with parental consent.]",SPD,Landesliste Bayern
"Ulle Schauws (BÜNDNIS 90/DIE GRÜNEN, Landesliste Nordrhein-Westfalen)",,,,,1,,"a vote, 5 years ago",moderate (whipped vote),4,https://www.abgeordnetenwatch.de/profile/ulle-schauws,"2026-07-29 ANTRAG: Selbstbestimmung und Versorgungssicherheit bei Geschlechtsinkongruenz gewährleisten (Drucksache 21/7350) [-: Greens motion for a statutory GKV entitlement to gender-affirming treatment; not age-limited, so covers minors too.] | 2023-01-26 DEBATE: Rede ""Aber unabhängig von der damaligen staatlichen Verfolgung erleben wir bis heute die Kontinuitäten, die eine queerfeindliche Haltung in Gesellschaft und Politik hinterlassen haben. Bis heute wird zwei Müttern die rechtlich..."" [0: Discusses parental recognition for lesbian couples historically; no clear stance on youth medicine, spaces, speech or surrogacy.] | 2021-05-19 VOTE (Bundestag): Voted Ja: Aufhebung des Transsexuellengesetzes und Einführung des Selbstbestimmungsgesetzes [--: Voted for gender self-ID, including for minors.] | 2018-10-11 DEBATE: Rede ""Ich habe mir den Gesetzentwurf der AfD natürlich auch genau angesehen, und auch ich muss leider feststellen: Das, was Sie hier vorgelegt haben, ist wirklich Murks. Mit diesem Gesetzentwurf sollen das Bürgerliche Gesetzbu..."" [--: Schauws celebrates marriage equality and attacks AfD repeal bill as nonsense.]",BÜNDNIS 90/DIE GRÜNEN,Landesliste Nordrhein-Westfalen
"Dirk Wiese (SPD, Landesliste Nordrhein-Westfalen)",,,,,1,,"a vote, 2 years ago",moderate (whipped vote),3,https://www.abgeordnetenwatch.de/profile/dirk-wiese,"2024-04-12 VOTE (Bundestag): Voted Ja: Selbstbestimmungsgesetz [--: Voted for the Self-Determination Act, which lets minors from 14 change legal sex with parental consent.] | 2022-01-12 DEBATE: Rede ""dass sich gesellschaftliche Vielfalt endlich kodifiziert in Recht und Gesetz wiederfindet. Da haben wir einiges auf der Tagesordnung: die Mitmutterschaft, die Reform des Transsexuellengesetzes, die Streichung des § 219a,..."" [--: Lists co-motherhood, trans law reform and §219a repeal as progress, opposing traditional family and abortion stance.] | 2021-05-19 VOTE (Bundestag): Voted Nein: Aufhebung des Transsexuellengesetzes und Einführung des Selbstbestimmungsgesetzes [this side carries no value -- its lobby tells no member apart]",SPD,Landesliste Nordrhein-Westfalen
"Elisabeth Kaiser (SPD, Landesliste Thüringen)",,,,,1,,"a vote, 2 years ago",conflicting (1 item point the other way),3,https://www.abgeordnetenwatch.de/profile/elisabeth-kaiser,"2024-04-12 VOTE (Bundestag): Voted Ja: Selbstbestimmungsgesetz [--: Voted for the Self-Determination Act, which lets minors from 14 change legal sex with parental consent.] | 2021-05-19 VOTE (Bundestag): Voted Nein: Aufhebung des Transsexuellengesetzes und Einführung des Selbstbestimmungsgesetzes [this side carries no value -- its lobby tells no member apart] | 2018-12-13 DEBATE: Rede ""Liebe Kolleginnen und Kollegen, ich hatte es bereits angedeutet: Die Änderung des Personenstandsrecht ist nur ein erster Schritt im Rahmen eines umfassenden Reformprojektes. Deshalb möchte ich für die SPD-Bundestagsfrakt..."" [++: Explicitly calls for urgent legal ban on gender-affirming surgeries for minors, aligning with opposing paediatric transition.]",SPD,Landesliste Thüringen
"Hakan Demir (SPD, Landesliste Berlin)",,,,,1,,"a speech, 15 months ago",consistent (3 items),3,https://www.abgeordnetenwatch.de/profile/hakan-demir,"2025-06-26 DEBATE: Rede ""Ich bin froh, in der letzten Legislatur mit dazu beigetragen zu haben, dass wir das Selbstbestimmungsgesetz endlich vorangebracht haben. Wir haben das Transsexuellengesetz, das in vielen Teilen verfassungswidrig war, ein..."" [-: Praises Selbstbestimmungsgesetz replacing older law and defends gender-identity education, contrary to CitizenGO stance.] | 2024-04-12 VOTE (Bundestag): Voted Ja: Selbstbestimmungsgesetz [--: Voted for the Self-Determination Act, which lets minors from 14 change legal sex with parental consent.] | 2024-04-12 DEBATE: Rede ""Sehr verehrte Frau Präsidentin! Meine sehr geehrten Damen und Herren! Ende Januar hat eine Dokumentation hier in Berlin Premiere gefeiert. Sie zeigt den Weg von Henri Vogels Transition und wie er von seinem Mann Hannes b..."" [--: Personal narrative endorsing self-ID law as correcting past 'dehumanising' restrictions.]",SPD,Landesliste Berlin
"Johannes Wagner (BÜNDNIS 90/DIE GRÜNEN, Landesliste Bayern)",,,,,1,,"a vote, 2 years ago",moderate (whipped vote),3,https://www.abgeordnetenwatch.de/profile/johannes-wagner,"2026-07-29 ANTRAG: Selbstbestimmung und Versorgungssicherheit bei Geschlechtsinkongruenz gewährleisten (Drucksache 21/7350) [-: Greens motion for a statutory GKV entitlement to gender-affirming treatment; not age-limited, so covers minors too.] | 2024-04-12 VOTE (Bundestag): Voted Ja: Selbstbestimmungsgesetz [--: Voted for the Self-Determination Act, which lets minors from 14 change legal sex with parental consent.] | 2024-04-12 DEBATE: Rede ""An dem entwürdigenden Transsexuellengesetz (TSG) kleben Blut und Tränen. Es wurde in vielen Teilen vom Bundesverfassungsgericht in insgesamt sechs Einzelentscheidungen für grundgesetzwidrig erklärt. Um den bei der Geburt..."" [--: Calls TSG degrading, strongly backs self-ID reform, no safeguarding concerns raised.]",BÜNDNIS 90/DIE GRÜNEN,Landesliste Bayern
"Katharina Dröge (BÜNDNIS 90/DIE GRÜNEN, 94 - Köln III)",,,,,1,,"a vote, 2 years ago",moderate (whipped vote),3,https://www.abgeordnetenwatch.de/profile/katharina-droege,"2024-04-12 VOTE (Bundestag): Voted Ja: Selbstbestimmungsgesetz [--: Voted for the Self-Determination Act, which lets minors from 14 change legal sex with parental consent.] | 2021-12-15 DEBATE: Rede ""Ich muss insbesondere in Richtung der CSU sagen: Es ist gut, dass dieses Land nicht mehr von einer Partei regiert wird, die in familien- und gesellschaftspolitischen Debatten unterschiedliche Familien-, Gesellschafts- un..."" [0: Generic praise of new government's family policy stance, no direction on gender medicine or marriage.] | 2021-05-19 VOTE (Bundestag): Voted Ja: Aufhebung des Transsexuellengesetzes und Einführung des Selbstbestimmungsgesetzes [--: Voted for gender self-ID, including for minors.]",BÜNDNIS 90/DIE GRÜNEN,94 - Köln III
"Kirsten Kappert-Gonther (BÜNDNIS 90/DIE GRÜNEN, Landesliste Bremen)",,,,,1,,"a vote, 2 years ago",moderate (whipped vote),3,https://www.abgeordnetenwatch.de/profile/kirsten-kappert-gonther,"2026-07-29 ANTRAG: Selbstbestimmung und Versorgungssicherheit bei Geschlechtsinkongruenz gewährleisten (Drucksache 21/7350) [-: Greens motion for a statutory GKV entitlement to gender-affirming treatment; not age-limited, so covers minors too.] | 2024-04-12 VOTE (Bundestag): Voted Ja: Selbstbestimmungsgesetz [--: Voted for the Self-Determination Act, which lets minors from 14 change legal sex with parental consent.] | 2021-05-19 VOTE (Bundestag): Voted Ja: Aufhebung des Transsexuellengesetzes und Einführung des Selbstbestimmungsgesetzes [--: Voted for gender self-ID, including for minors.]",BÜNDNIS 90/DIE GRÜNEN,Landesliste Bremen
"Sören Pellmann (Die Linke, 152 - Leipzig II)",,,,,1,,"a vote, 2 years ago",moderate (whipped vote),3,https://www.abgeordnetenwatch.de/profile/soeren-pellmann,"2026-07-09 ANTRAG: Versorgung von transgeschlechtlichen und nichtbinären Menschen sicherstellen (Drucksache 21/7061) [-: Linke motion for a GKV right to body-modifying treatment with no distress threshold and without aim of alignment; not age-limited. Capped at -1: adult health-insurance cover that would include minors, not a paediatric measure.] | 2024-04-12 VOTE (Bundestag): Voted Ja: Selbstbestimmungsgesetz [--: Voted for the Self-Determination Act, which lets minors from 14 change legal sex with parental consent.] | 2021-05-19 VOTE (Bundestag): Voted Ja: Aufhebung des Transsexuellengesetzes und Einführung des Selbstbestimmungsgesetzes [--: Voted for gender self-ID, including for minors.]",Die Linke,152 - Leipzig II
"Andreas Schwarz (SPD, Landesliste Bayern)",,,,,1,,"a vote, 2 years ago",moderate (whipped vote),2,https://www.abgeordnetenwatch.de/profile/andreas-schwarz,"2024-04-12 VOTE (Bundestag): Voted Ja: Selbstbestimmungsgesetz [--: Voted for the Self-Determination Act, which lets minors from 14 change legal sex with parental consent.] | 2021-05-19 VOTE (Bundestag): Voted Nein: Aufhebung des Transsexuellengesetzes und Einführung des Selbstbestimmungsgesetzes [this side carries no value -- its lobby tells no member apart]",SPD,Landesliste Bayern
"Anette Kramme (SPD, Landesliste Bayern)",,,,,1,,"a vote, 2 years ago",moderate (whipped vote),2,https://www.abgeordnetenwatch.de/profile/anette-kramme,"2024-04-12 VOTE (Bundestag): Voted Ja: Selbstbestimmungsgesetz [--: Voted for the Self-Determination Act, which lets minors from 14 change legal sex with parental consent.] | 2021-05-19 VOTE (Bundestag): Voted Nein: Aufhebung des Transsexuellengesetzes und Einführung des Selbstbestimmungsgesetzes [this side carries no value -- its lobby tells no member apart]",SPD,Landesliste Bayern
"Angelika Glöckner (SPD, Landesliste Rheinland-Pfalz)",,,,,1,,"a vote, 2 years ago",moderate (whipped vote),2,https://www.abgeordnetenwatch.de/profile/angelika-gloeckner,"2024-04-12 VOTE (Bundestag): Voted Ja: Selbstbestimmungsgesetz [--: Voted for the Self-Determination Act, which lets minors from 14 change legal sex with parental consent.] | 2021-05-19 VOTE (Bundestag): Voted Nein: Aufhebung des Transsexuellengesetzes und Einführung des Selbstbestimmungsgesetzes [this side carries no value -- its lobby tells no member apart]",SPD,Landesliste Rheinland-Pfalz
"Anton Hofreiter (BÜNDNIS 90/DIE GRÜNEN, Landesliste Bayern)",,,,,1,,"a vote, 2 years ago",moderate (whipped vote),2,https://www.abgeordnetenwatch.de/profile/anton-hofreiter,"2024-04-12 VOTE (Bundestag): Voted Ja: Selbstbestimmungsgesetz [--: Voted for the Self-Determination Act, which lets minors from 14 change legal sex with parental consent.] | 2021-05-19 VOTE (Bundestag): Voted Ja: Aufhebung des Transsexuellengesetzes und Einführung des Selbstbestimmungsgesetzes [--: Voted for gender self-ID, including for minors.]",BÜNDNIS 90/DIE GRÜNEN,Landesliste Bayern
"Aydan Özoğuz (SPD, 22 - Hamburg-Wandsbek)",,,,,1,,"a vote, 2 years ago",moderate (whipped vote),2,https://www.abgeordnetenwatch.de/profile/aydan-oezoguz,"2024-04-12 VOTE (Bundestag): Voted Ja: Selbstbestimmungsgesetz [--: Voted for the Self-Determination Act, which lets minors from 14 change legal sex with parental consent.] | 2021-05-19 VOTE (Bundestag): Voted Nein: Aufhebung des Transsexuellengesetzes und Einführung des Selbstbestimmungsgesetzes [this side carries no value -- its lobby tells no member apart]",SPD,22 - Hamburg-Wandsbek
"Bernd Rützel (SPD, Landesliste Bayern)",,,,,1,,"a vote, 2 years ago",moderate (whipped vote),2,https://www.abgeordnetenwatch.de/profile/bernd-ruetzel,"2024-04-12 VOTE (Bundestag): Voted Ja: Selbstbestimmungsgesetz [--: Voted for the Self-Determination Act, which lets minors from 14 change legal sex with parental consent.] | 2021-05-19 VOTE (Bundestag): Voted Nein: Aufhebung des Transsexuellengesetzes und Einführung des Selbstbestimmungsgesetzes [this side carries no value -- its lobby tells no member apart]",SPD,Landesliste Bayern
"Britta Haßelmann (BÜNDNIS 90/DIE GRÜNEN, Landesliste Nordrhein-Westfalen)",,,,,1,,"a vote, 2 years ago",moderate (whipped vote),2,https://www.abgeordnetenwatch.de/profile/britta-hasselmann,"2024-04-12 VOTE (Bundestag): Voted Ja: Selbstbestimmungsgesetz [--: Voted for the Self-Determination Act, which lets minors from 14 change legal sex with parental consent.] | 2021-05-19 VOTE (Bundestag): Voted Ja: Aufhebung des Transsexuellengesetzes und Einführung des Selbstbestimmungsgesetzes [--: Voted for gender self-ID, including for minors.]",BÜNDNIS 90/DIE GRÜNEN,Landesliste Nordrhein-Westfalen
"Bärbel Bas (SPD, 114 - Duisburg I)",,,,,1,,"a vote, 2 years ago",moderate (whipped vote),2,https://www.abgeordnetenwatch.de/profile/baerbel-bas,"2024-04-12 VOTE (Bundestag): Voted Ja: Selbstbestimmungsgesetz [--: Voted for the Self-Determination Act, which lets minors from 14 change legal sex with parental consent.] | 2021-05-19 VOTE (Bundestag): Voted Nein: Aufhebung des Transsexuellengesetzes und Einführung des Selbstbestimmungsgesetzes [this side carries no value -- its lobby tells no member apart]",SPD,114 - Duisburg I
"Bärbel Kofler (SPD, Landesliste Bayern)",,,,,1,,"a vote, 2 years ago",moderate (whipped vote),2,https://www.abgeordnetenwatch.de/profile/baerbel-kofler,"2024-04-12 VOTE (Bundestag): Voted Ja: Selbstbestimmungsgesetz [--: Voted for the Self-Determination Act, which lets minors from 14 change legal sex with parental consent.] | 2021-05-19 VOTE (Bundestag): Voted Nein: Aufhebung des Transsexuellengesetzes und Einführung des Selbstbestimmungsgesetzes [this side carries no value -- its lobby tells no member apart]",SPD,Landesliste Bayern
"Caren Lay (Die Linke, Landesliste Sachsen)",,,,,1,,"a vote, 2 years ago",moderate (whipped vote),2,https://www.abgeordnetenwatch.de/profile/caren-lay,"2024-04-12 VOTE (Bundestag): Voted Ja: Selbstbestimmungsgesetz [--: Voted for the Self-Determination Act, which lets minors from 14 change legal sex with parental consent.] | 2021-05-19 VOTE (Bundestag): Voted Ja: Aufhebung des Transsexuellengesetzes und Einführung des Selbstbestimmungsgesetzes [--: Voted for gender self-ID, including for minors.]",Die Linke,Landesliste Sachsen
"Carsten Schneider (SPD, Landesliste Thüringen)",,,,,1,,"a vote, 2 years ago",moderate (whipped vote),2,https://www.abgeordnetenwatch.de/profile/carsten-schneider,"2024-04-12 VOTE (Bundestag): Voted Ja: Selbstbestimmungsgesetz [--: Voted for the Self-Determination Act, which lets minors from 14 change legal sex with parental consent.] | 2021-05-19 VOTE (Bundestag): Voted Nein: Aufhebung des Transsexuellengesetzes und Einführung des Selbstbestimmungsgesetzes [this side carries no value -- its lobby tells no member apart]",SPD,Landesliste Thüringen
"Christian Görke (Die Linke, Landesliste Brandenburg)",,,,,1,,"a vote, 2 years ago",moderate (whipped vote),2,https://www.abgeordnetenwatch.de/profile/christian-goerke,"2026-07-09 ANTRAG: Versorgung von transgeschlechtlichen und nichtbinären Menschen sicherstellen (Drucksache 21/7061) [-: Linke motion for a GKV right to body-modifying treatment with no distress threshold and without aim of alignment; not age-limited. Capped at -1: adult health-insurance cover that would include minors, not a paediatric measure.] | 2024-04-12 VOTE (Bundestag): Voted Ja: Selbstbestimmungsgesetz [--: Voted for the Self-Determination Act, which lets minors from 14 change legal sex with parental consent.]",Die Linke,Landesliste Brandenburg
"Claudia Moll (SPD, Landesliste Nordrhein-Westfalen)",,,,,1,,"a vote, 2 years ago",moderate (whipped vote),2,https://www.abgeordnetenwatch.de/profile/claudia-moll,"2024-04-12 VOTE (Bundestag): Voted Ja: Selbstbestimmungsgesetz [--: Voted for the Self-Determination Act, which lets minors from 14 change legal sex with parental consent.] | 2021-05-19 VOTE (Bundestag): Voted Nein: Aufhebung des Transsexuellengesetzes und Einführung des Selbstbestimmungsgesetzes [this side carries no value -- its lobby tells no member apart]",SPD,Landesliste Nordrhein-Westfalen
"Claudia Müller (BÜNDNIS 90/DIE GRÜNEN, Landesliste Mecklenburg-Vorpommern)",,,,,1,,"a vote, 2 years ago",moderate (whipped vote),2,https://www.abgeordnetenwatch.de/profile/claudia-mueller,"2024-04-12 VOTE (Bundestag): Voted Ja: Selbstbestimmungsgesetz [--: Voted for the Self-Determination Act, which lets minors from 14 change legal sex with parental consent.] | 2021-05-19 VOTE (Bundestag): Voted Ja: Aufhebung des Transsexuellengesetzes und Einführung des Selbstbestimmungsgesetzes [--: Voted for gender self-ID, including for minors.]",BÜNDNIS 90/DIE GRÜNEN,Landesliste Mecklenburg-Vorpommern
"Corinna Rüffer (BÜNDNIS 90/DIE GRÜNEN, Landesliste Rheinland-Pfalz)",,,,,1,,"a vote, 2 years ago",moderate (whipped vote),2,https://www.abgeordnetenwatch.de/profile/corinna-rueffer,"2024-04-12 VOTE (Bundestag): Voted Ja: Selbstbestimmungsgesetz [--: Voted for the Self-Determination Act, which lets minors from 14 change legal sex with parental consent.] | 2021-05-19 VOTE (Bundestag): Voted Ja: Aufhebung des Transsexuellengesetzes und Einführung des Selbstbestimmungsgesetzes [--: Voted for gender self-ID, including for minors.]",BÜNDNIS 90/DIE GRÜNEN,Landesliste Rheinland-Pfalz
"Dagmar Schmidt (SPD, Landesliste Hessen)",,,,,1,,"a vote, 2 years ago",moderate (whipped vote),2,https://www.abgeordnetenwatch.de/profile/dagmar-schmidt,"2024-04-12 VOTE (Bundestag): Voted Ja: Selbstbestimmungsgesetz [--: Voted for the Self-Determination Act, which lets minors from 14 change legal sex with parental consent.] | 2021-05-19 VOTE (Bundestag): Voted Nein: Aufhebung des Transsexuellengesetzes und Einführung des Selbstbestimmungsgesetzes [this side carries no value -- its lobby tells no member apart]",SPD,Landesliste Hessen
"Denise Loop (BÜNDNIS 90/DIE GRÜNEN, Landesliste Schleswig-Holstein)",,,,,1,,"a vote, 2 years ago",moderate (whipped vote),2,https://www.abgeordnetenwatch.de/profile/denise-loop,"2026-07-29 ANTRAG: Selbstbestimmung und Versorgungssicherheit bei Geschlechtsinkongruenz gewährleisten (Drucksache 21/7350) [-: Greens motion for a statutory GKV entitlement to gender-affirming treatment; not age-limited, so covers minors too.] | 2024-04-12 VOTE (Bundestag): Voted Ja: Selbstbestimmungsgesetz [--: Voted for the Self-Determination Act, which lets minors from 14 change legal sex with parental consent.]",BÜNDNIS 90/DIE GRÜNEN,Landesliste Schleswig-Holstein
"Dennis Rohde (SPD, 27 - Oldenburg – Ammerland)",,,,,1,,"a vote, 2 years ago",moderate (whipped vote),2,https://www.abgeordnetenwatch.de/profile/dennis-rohde,"2024-04-12 VOTE (Bundestag): Voted Ja: Selbstbestimmungsgesetz [--: Voted for the Self-Determination Act, which lets minors from 14 change legal sex with parental consent.] | 2021-05-19 VOTE (Bundestag): Voted Nein: Aufhebung des Transsexuellengesetzes und Einführung des Selbstbestimmungsgesetzes [this side carries no value -- its lobby tells no member apart]",SPD,27 - Oldenburg – Ammerland
"Dietmar Bartsch (Die Linke, Landesliste Mecklenburg-Vorpommern)",,,,,1,,"a vote, 2 years ago",moderate (whipped vote),2,https://www.abgeordnetenwatch.de/profile/dietmar-bartsch,"2024-04-12 VOTE (Bundestag): Voted Ja: Selbstbestimmungsgesetz [--: Voted for the Self-Determination Act, which lets minors from 14 change legal sex with parental consent.] | 2021-05-19 VOTE (Bundestag): Voted Ja: Aufhebung des Transsexuellengesetzes und Einführung des Selbstbestimmungsgesetzes [--: Voted for gender self-ID, including for minors.]",Die Linke,Landesliste Mecklenburg-Vorpommern
"Dirk Vöpel (SPD, 116 - Oberhausen – Wesel III)",,,,,1,,"a vote, 2 years ago",moderate (whipped vote),2,https://www.abgeordnetenwatch.de/profile/dirk-voepel,"2024-04-12 VOTE (Bundestag): Voted Ja: Selbstbestimmungsgesetz [--: Voted for the Self-Determination Act, which lets minors from 14 change legal sex with parental consent.] | 2021-05-19 VOTE (Bundestag): Voted Nein: Aufhebung des Transsexuellengesetzes und Einführung des Selbstbestimmungsgesetzes [this side carries no value -- its lobby tells no member apart]",SPD,116 - Oberhausen – Wesel III
"Esther Dilcher (SPD, Landesliste Hessen)",,,,,1,,"a vote, 2 years ago",moderate (whipped vote),2,https://www.abgeordnetenwatch.de/profile/esther-dilcher,"2024-04-12 VOTE (Bundestag): Voted Ja: Selbstbestimmungsgesetz [--: Voted for the Self-Determination Act, which lets minors from 14 change legal sex with parental consent.] | 2021-05-19 VOTE (Bundestag): Voted Nein: Aufhebung des Transsexuellengesetzes und Einführung des Selbstbestimmungsgesetzes [this side carries no value -- its lobby tells no member apart]",SPD,Landesliste Hessen
"Falko Droßmann (SPD, 18 - Hamburg-Mitte)",,,,,1,,"a vote, 2 years ago",moderate (whipped vote),2,https://www.abgeordnetenwatch.de/profile/falko-drossmann,"2024-04-12 VOTE (Bundestag): Voted Ja: Selbstbestimmungsgesetz [--: Voted for the Self-Determination Act, which lets minors from 14 change legal sex with parental consent.] | 2023-11-15 DEBATE: Rede ""Das Bundesverfassungsgericht hat sechsmal geurteilt, dass das Transsexuellengesetz verfassungswidrig ist, und es hat Sie überhaupt nicht interessiert...."" [--: Firmly defends the Selbstbestimmungsgesetz and dismisses opponents' concerns as nonsense.]",SPD,18 - Hamburg-Mitte
"Filiz Polat (BÜNDNIS 90/DIE GRÜNEN, Landesliste Niedersachsen)",,,,,1,,"a vote, 2 years ago",moderate (whipped vote),2,https://www.abgeordnetenwatch.de/profile/filiz-polat,"2024-04-12 VOTE (Bundestag): Voted Ja: Selbstbestimmungsgesetz [--: Voted for the Self-Determination Act, which lets minors from 14 change legal sex with parental consent.] | 2021-05-19 VOTE (Bundestag): Voted Ja: Aufhebung des Transsexuellengesetzes und Einführung des Selbstbestimmungsgesetzes [--: Voted for gender self-ID, including for minors.]",BÜNDNIS 90/DIE GRÜNEN,Landesliste Niedersachsen
"Frank Schwabe (SPD, 120 - Recklinghausen I)",,,,,1,,"a vote, 2 years ago",moderate (whipped vote),2,https://www.abgeordnetenwatch.de/profile/frank-schwabe,"2024-04-12 VOTE (Bundestag): Voted Ja: Selbstbestimmungsgesetz [--: Voted for the Self-Determination Act, which lets minors from 14 change legal sex with parental consent.] | 2021-05-19 VOTE (Bundestag): Voted Nein: Aufhebung des Transsexuellengesetzes und Einführung des Selbstbestimmungsgesetzes [this side carries no value -- its lobby tells no member apart]",SPD,120 - Recklinghausen I
"Franziska Brantner (BÜNDNIS 90/DIE GRÜNEN, Landesliste Baden-Württemberg)",,,,,1,,"a vote, 2 years ago",moderate (whipped vote),2,https://www.abgeordnetenwatch.de/profile/franziska-brantner,"2024-04-12 VOTE (Bundestag): Voted Ja: Selbstbestimmungsgesetz [--: Voted for the Self-Determination Act, which lets minors from 14 change legal sex with parental consent.] | 2021-05-19 VOTE (Bundestag): Voted Ja: Aufhebung des Transsexuellengesetzes und Einführung des Selbstbestimmungsgesetzes [--: Voted for gender self-ID, including for minors.]",BÜNDNIS 90/DIE GRÜNEN,Landesliste Baden-Württemberg
"Gabriela Heinrich (SPD, Landesliste Bayern)",,,,,1,,"a vote, 2 years ago",moderate (whipped vote),2,https://www.abgeordnetenwatch.de/profile/gabriela-heinrich,"2024-04-12 VOTE (Bundestag): Voted Ja: Selbstbestimmungsgesetz [--: Voted for the Self-Determination Act, which lets minors from 14 change legal sex with parental consent.] | 2021-05-19 VOTE (Bundestag): Voted Nein: Aufhebung des Transsexuellengesetzes und Einführung des Selbstbestimmungsgesetzes [this side carries no value -- its lobby tells no member apart]",SPD,Landesliste Bayern
"Gökay Akbulut (Die Linke, Landesliste Baden-Württemberg)",,,,,1,,"a vote, 2 years ago",moderate (whipped vote),2,https://www.abgeordnetenwatch.de/profile/goekay-akbulut,"2024-04-12 VOTE (Bundestag): Voted Ja: Selbstbestimmungsgesetz [--: Voted for the Self-Determination Act, which lets minors from 14 change legal sex with parental consent.] | 2021-05-19 VOTE (Bundestag): Voted Ja: Aufhebung des Transsexuellengesetzes und Einführung des Selbstbestimmungsgesetzes [--: Voted for gender self-ID, including for minors.]",Die Linke,Landesliste Baden-Württemberg
"Harald Ebner (BÜNDNIS 90/DIE GRÜNEN, Landesliste Baden-Württemberg)",,,,,1,,"a vote, 2 years ago",moderate (whipped vote),2,https://www.abgeordnetenwatch.de/profile/harald-ebner,"2024-04-12 VOTE (Bundestag): Voted Ja: Selbstbestimmungsgesetz [--: Voted for the Self-Determination Act, which lets minors from 14 change legal sex with parental consent.] | 2021-05-19 VOTE (Bundestag): Voted Ja: Aufhebung des Transsexuellengesetzes und Einführung des Selbstbestimmungsgesetzes [--: Voted for gender self-ID, including for minors.]",BÜNDNIS 90/DIE GRÜNEN,Landesliste Baden-Württemberg
"Heidi Reichinnek (Die Linke, Landesliste Niedersachsen)",,,,,1,,"a vote, 2 years ago",moderate (whipped vote),2,https://www.abgeordnetenwatch.de/profile/heidi-reichinnek,"2026-07-09 ANTRAG: Versorgung von transgeschlechtlichen und nichtbinären Menschen sicherstellen (Drucksache 21/7061) [-: Linke motion for a GKV right to body-modifying treatment with no distress threshold and without aim of alignment; not age-limited. Capped at -1: adult health-insurance cover that would include minors, not a paediatric measure.] | 2024-04-12 VOTE (Bundestag): Voted Ja: Selbstbestimmungsgesetz [--: Voted for the Self-Determination Act, which lets minors from 14 change legal sex with parental consent.]",Die Linke,Landesliste Niedersachsen
"Hubertus Heil (SPD, 45 - Gifhorn – Peine)",,,,,1,,"a vote, 2 years ago",moderate (whipped vote),2,https://www.abgeordnetenwatch.de/profile/hubertus-heil,"2024-04-12 VOTE (Bundestag): Voted Ja: Selbstbestimmungsgesetz [--: Voted for the Self-Determination Act, which lets minors from 14 change legal sex with parental consent.] | 2021-05-19 VOTE (Bundestag): Voted Nein: Aufhebung des Transsexuellengesetzes und Einführung des Selbstbestimmungsgesetzes [this side carries no value -- its lobby tells no member apart]",SPD,45 - Gifhorn – Peine
"Ina Latendorf (Die Linke, Landesliste Mecklenburg-Vorpommern)",,,,,1,,"a vote, 2 years ago",moderate (whipped vote),2,https://www.abgeordnetenwatch.de/profile/ina-latendorf,"2026-07-09 ANTRAG: Versorgung von transgeschlechtlichen und nichtbinären Menschen sicherstellen (Drucksache 21/7061) [-: Linke motion for a GKV right to body-modifying treatment with no distress threshold and without aim of alignment; not age-limited. Capped at -1: adult health-insurance cover that would include minors, not a paediatric measure.] | 2024-04-12 VOTE (Bundestag): Voted Ja: Selbstbestimmungsgesetz [--: Voted for the Self-Determination Act, which lets minors from 14 change legal sex with parental consent.]",Die Linke,Landesliste Mecklenburg-Vorpommern
"Irene Mihalic (BÜNDNIS 90/DIE GRÜNEN, Landesliste Nordrhein-Westfalen)",,,,,1,,"a vote, 2 years ago",moderate (whipped vote),2,https://www.abgeordnetenwatch.de/profile/irene-mihalic,"2024-04-12 VOTE (Bundestag): Voted Ja: Selbstbestimmungsgesetz [--: Voted for the Self-Determination Act, which lets minors from 14 change legal sex with parental consent.] | 2021-05-19 VOTE (Bundestag): Voted Ja: Aufhebung des Transsexuellengesetzes und Einführung des Selbstbestimmungsgesetzes [--: Voted for gender self-ID, including for minors.]",BÜNDNIS 90/DIE GRÜNEN,Landesliste Nordrhein-Westfalen
"Isabel Mackensen-Geis (SPD, Landesliste Rheinland-Pfalz)",,,,,1,,"a vote, 2 years ago",moderate (whipped vote),2,https://www.abgeordnetenwatch.de/profile/isabel-mackensen-geis,"2024-04-12 VOTE (Bundestag): Voted Ja: Selbstbestimmungsgesetz [--: Voted for the Self-Determination Act, which lets minors from 14 change legal sex with parental consent.] | 2021-05-19 VOTE (Bundestag): Voted Nein: Aufhebung des Transsexuellengesetzes und Einführung des Selbstbestimmungsgesetzes [this side carries no value -- its lobby tells no member apart]",SPD,Landesliste Rheinland-Pfalz
"Janosch Dahmen (BÜNDNIS 90/DIE GRÜNEN, Landesliste Nordrhein-Westfalen)",,,,,1,,"a vote, 2 years ago",moderate (whipped vote),2,https://www.abgeordnetenwatch.de/profile/janosch-dahmen,"2024-04-12 VOTE (Bundestag): Voted Ja: Selbstbestimmungsgesetz [--: Voted for the Self-Determination Act, which lets minors from 14 change legal sex with parental consent.] | 2021-05-19 VOTE (Bundestag): Voted Ja: Aufhebung des Transsexuellengesetzes und Einführung des Selbstbestimmungsgesetzes [--: Voted for gender self-ID, including for minors.]",BÜNDNIS 90/DIE GRÜNEN,Landesliste Nordrhein-Westfalen
"Johann Saathoff (SPD, 24 - Aurich – Emden)",,,,,1,,"a vote, 2 years ago",moderate (whipped vote),2,https://www.abgeordnetenwatch.de/profile/johann-saathoff,"2024-04-12 VOTE (Bundestag): Voted Ja: Selbstbestimmungsgesetz [--: Voted for the Self-Determination Act, which lets minors from 14 change legal sex with parental consent.] | 2021-05-19 VOTE (Bundestag): Voted Nein: Aufhebung des Transsexuellengesetzes und Einführung des Selbstbestimmungsgesetzes [this side carries no value -- its lobby tells no member apart]",SPD,24 - Aurich – Emden
"Johannes Fechner (SPD, Landesliste Baden-Württemberg)",,,,,1,,"a vote, 2 years ago",moderate (whipped vote),2,https://www.abgeordnetenwatch.de/profile/johannes-fechner,"2024-04-12 VOTE (Bundestag): Voted Ja: Selbstbestimmungsgesetz [--: Voted for the Self-Determination Act, which lets minors from 14 change legal sex with parental consent.] | 2021-05-19 VOTE (Bundestag): Voted Nein: Aufhebung des Transsexuellengesetzes und Einführung des Selbstbestimmungsgesetzes [this side carries no value -- its lobby tells no member apart]",SPD,Landesliste Baden-Württemberg
"Johannes Schraps (SPD, 46 - Hameln-Pyrmont – Holzminden)",,,,,1,,"a vote, 2 years ago",moderate (whipped vote),2,https://www.abgeordnetenwatch.de/profile/johannes-schraps,"2024-04-12 VOTE (Bundestag): Voted Ja: Selbstbestimmungsgesetz [--: Voted for the Self-Determination Act, which lets minors from 14 change legal sex with parental consent.] | 2021-05-19 VOTE (Bundestag): Voted Nein: Aufhebung des Transsexuellengesetzes und Einführung des Selbstbestimmungsgesetzes [this side carries no value -- its lobby tells no member apart]",SPD,46 - Hameln-Pyrmont – Holzminden
"Julia Verlinden (BÜNDNIS 90/DIE GRÜNEN, Landesliste Niedersachsen)",,,,,1,,"a vote, 2 years ago",moderate (whipped vote),2,https://www.abgeordnetenwatch.de/profile/julia-verlinden,"2024-04-12 VOTE (Bundestag): Voted Ja: Selbstbestimmungsgesetz [--: Voted for the Self-Determination Act, which lets minors from 14 change legal sex with parental consent.] | 2021-05-19 VOTE (Bundestag): Voted Ja: Aufhebung des Transsexuellengesetzes und Einführung des Selbstbestimmungsgesetzes [--: Voted for gender self-ID, including for minors.]",BÜNDNIS 90/DIE GRÜNEN,Landesliste Niedersachsen
"Jörg Cezanne (Die Linke, Landesliste Hessen)",,,,,1,,"a vote, 2 years ago",moderate (whipped vote),2,https://www.abgeordnetenwatch.de/profile/joerg-cezanne,"2024-04-12 VOTE (Bundestag): Voted Ja: Selbstbestimmungsgesetz [--: Voted for the Self-Determination Act, which lets minors from 14 change legal sex with parental consent.] | 2021-05-19 VOTE (Bundestag): Voted Ja: Aufhebung des Transsexuellengesetzes und Einführung des Selbstbestimmungsgesetzes [--: Voted for gender self-ID, including for minors.]",Die Linke,Landesliste Hessen
"Katja Mast (SPD, Landesliste Baden-Württemberg)",,,,,1,,"a vote, 2 years ago",moderate (whipped vote),2,https://www.abgeordnetenwatch.de/profile/katja-mast,"2024-04-12 VOTE (Bundestag): Voted Ja: Selbstbestimmungsgesetz [--: Voted for the Self-Determination Act, which lets minors from 14 change legal sex with parental consent.] | 2021-05-19 VOTE (Bundestag): Voted Nein: Aufhebung des Transsexuellengesetzes und Einführung des Selbstbestimmungsgesetzes [this side carries no value -- its lobby tells no member apart]",SPD,Landesliste Baden-Württemberg
"Katrin Göring-Eckardt (BÜNDNIS 90/DIE GRÜNEN, Landesliste Thüringen)",,,,,1,,"a vote, 2 years ago",moderate (whipped vote),2,https://www.abgeordnetenwatch.de/profile/katrin-goering-eckardt,"2024-04-12 VOTE (Bundestag): Voted Ja: Selbstbestimmungsgesetz [--: Voted for the Self-Determination Act, which lets minors from 14 change legal sex with parental consent.] | 2021-05-19 VOTE (Bundestag): Voted Ja: Aufhebung des Transsexuellengesetzes und Einführung des Selbstbestimmungsgesetzes [--: Voted for gender self-ID, including for minors.]",BÜNDNIS 90/DIE GRÜNEN,Landesliste Thüringen
"Konstantin von Notz (BÜNDNIS 90/DIE GRÜNEN, Landesliste Schleswig-Holstein)",,,,,1,,"a vote, 2 years ago",moderate (whipped vote),2,https://www.abgeordnetenwatch.de/profile/konstantin-von-notz,"2024-04-12 VOTE (Bundestag): Voted Ja: Selbstbestimmungsgesetz [--: Voted for the Self-Determination Act, which lets minors from 14 change legal sex with parental consent.] | 2021-05-19 VOTE (Bundestag): Voted Ja: Aufhebung des Transsexuellengesetzes und Einführung des Selbstbestimmungsgesetzes [--: Voted for gender self-ID, including for minors.]",BÜNDNIS 90/DIE GRÜNEN,Landesliste Schleswig-Holstein
"Lars Castellucci (SPD, Landesliste Baden-Württemberg)",,,,,1,,"a vote, 2 years ago",moderate (whipped vote),2,https://www.abgeordnetenwatch.de/profile/lars-castellucci,"2024-04-12 VOTE (Bundestag): Voted Ja: Selbstbestimmungsgesetz [--: Voted for the Self-Determination Act, which lets minors from 14 change legal sex with parental consent.] | 2021-05-19 VOTE (Bundestag): Voted Nein: Aufhebung des Transsexuellengesetzes und Einführung des Selbstbestimmungsgesetzes [this side carries no value -- its lobby tells no member apart]",SPD,Landesliste Baden-Württemberg
"Linda Heitmann (BÜNDNIS 90/DIE GRÜNEN, 19 - Hamburg-Altona)",,,,,1,,"a vote, 2 years ago",moderate (whipped vote),2,https://www.abgeordnetenwatch.de/profile/linda-heitmann,"2026-07-29 ANTRAG: Selbstbestimmung und Versorgungssicherheit bei Geschlechtsinkongruenz gewährleisten (Drucksache 21/7350) [-: Greens motion for a statutory GKV entitlement to gender-affirming treatment; not age-limited, so covers minors too.] | 2024-04-12 VOTE (Bundestag): Voted Ja: Selbstbestimmungsgesetz [--: Voted for the Self-Determination Act, which lets minors from 14 change legal sex with parental consent.]",BÜNDNIS 90/DIE GRÜNEN,19 - Hamburg-Altona
"Lisa Badum (BÜNDNIS 90/DIE GRÜNEN, Landesliste Bayern)",,,,,1,,"a vote, 2 years ago",moderate (whipped vote),2,https://www.abgeordnetenwatch.de/profile/lisa-badum,"2024-04-12 VOTE (Bundestag): Voted Ja: Selbstbestimmungsgesetz [--: Voted for the Self-Determination Act, which lets minors from 14 change legal sex with parental consent.] | 2021-05-19 VOTE (Bundestag): Voted Ja: Aufhebung des Transsexuellengesetzes und Einführung des Selbstbestimmungsgesetzes [--: Voted for gender self-ID, including for minors.]",BÜNDNIS 90/DIE GRÜNEN,Landesliste Bayern
"Luise Amtsberg (BÜNDNIS 90/DIE GRÜNEN, 5 - Kiel)",,,,,1,,"a vote, 2 years ago",moderate (whipped vote),2,https://www.abgeordnetenwatch.de/profile/luise-amtsberg,"2024-04-12 VOTE (Bundestag): Voted Ja: Selbstbestimmungsgesetz [--: Voted for the Self-Determination Act, which lets minors from 14 change legal sex with parental consent.] | 2021-05-19 VOTE (Bundestag): Voted Ja: Aufhebung des Transsexuellengesetzes und Einführung des Selbstbestimmungsgesetzes [--: Voted for gender self-ID, including for minors.]",BÜNDNIS 90/DIE GRÜNEN,5 - Kiel
"Mahmut Özdemir (SPD, 115 - Duisburg II)",,,,,1,,"a vote, 2 years ago",moderate (whipped vote),2,https://www.abgeordnetenwatch.de/profile/mahmut-oezdemir,"2024-04-12 VOTE (Bundestag): Voted Ja: Selbstbestimmungsgesetz [--: Voted for the Self-Determination Act, which lets minors from 14 change legal sex with parental consent.] | 2021-05-19 VOTE (Bundestag): Voted Nein: Aufhebung des Transsexuellengesetzes und Einführung des Selbstbestimmungsgesetzes [this side carries no value -- its lobby tells no member apart]",SPD,115 - Duisburg II
"Marja-Liisa Völlers (SPD, 40 - Nienburg II – Schaumburg)",,,,,1,,"a vote, 2 years ago",moderate (whipped vote),2,https://www.abgeordnetenwatch.de/profile/marja-liisa-voellers,"2024-04-12 VOTE (Bundestag): Voted Ja: Selbstbestimmungsgesetz [--: Voted for the Self-Determination Act, which lets minors from 14 change legal sex with parental consent.] | 2021-05-19 VOTE (Bundestag): Voted Nein: Aufhebung des Transsexuellengesetzes und Einführung des Selbstbestimmungsgesetzes [this side carries no value -- its lobby tells no member apart]",SPD,40 - Nienburg II – Schaumburg
"Markus Töns (SPD, 122 - Gelsenkirchen)",,,,,1,,"a vote, 2 years ago",moderate (whipped vote),2,https://www.abgeordnetenwatch.de/profile/markus-toens,"2024-04-12 VOTE (Bundestag): Voted Ja: Selbstbestimmungsgesetz [--: Voted for the Self-Determination Act, which lets minors from 14 change legal sex with parental consent.] | 2021-05-19 VOTE (Bundestag): Voted Nein: Aufhebung des Transsexuellengesetzes und Einführung des Selbstbestimmungsgesetzes [this side carries no value -- its lobby tells no member apart]",SPD,122 - Gelsenkirchen
"Marlene Schönberger (BÜNDNIS 90/DIE GRÜNEN, Landesliste Bayern)",,,,,1,,"a vote, 2 years ago",moderate (whipped vote),2,https://www.abgeordnetenwatch.de/profile/marlene-schoenberger,"2026-01-28 DEBATE: Rede ""Auch Rehabilitierung und Entschädigung mussten erstritten werden. Sie kamen spät und unzureichend: 2002 und 2017 – wenige Tausend Euro für zerstörte Biografien, für soziale Ächtung, für lebenslange Traumata. Für verfolgt..."" [0: Historical account of postwar persecution of homosexuals, unrelated to current single-sex spaces debate.] | 2024-04-12 VOTE (Bundestag): Voted Ja: Selbstbestimmungsgesetz [--: Voted for the Self-Determination Act, which lets minors from 14 change legal sex with parental consent.]",BÜNDNIS 90/DIE GRÜNEN,Landesliste Bayern
"Martin Rabanus (SPD, Landesliste Hessen)",,,,,1,,"a vote, 2 years ago",moderate (whipped vote),2,https://www.abgeordnetenwatch.de/profile/martin-rabanus,"2024-04-12 VOTE (Bundestag): Voted Ja: Selbstbestimmungsgesetz [--: Voted for the Self-Determination Act, which lets minors from 14 change legal sex with parental consent.] | 2021-05-19 VOTE (Bundestag): Voted Nein: Aufhebung des Transsexuellengesetzes und Einführung des Selbstbestimmungsgesetzes [this side carries no value -- its lobby tells no member apart]",SPD,Landesliste Hessen
"Matthias Gastel (BÜNDNIS 90/DIE GRÜNEN, Landesliste Baden-Württemberg)",,,,,1,,"a vote, 2 years ago",moderate (whipped vote),2,https://www.abgeordnetenwatch.de/profile/matthias-gastel,"2024-04-12 VOTE (Bundestag): Voted Ja: Selbstbestimmungsgesetz [--: Voted for the Self-Determination Act, which lets minors from 14 change legal sex with parental consent.] | 2021-05-19 VOTE (Bundestag): Voted Ja: Aufhebung des Transsexuellengesetzes und Einführung des Selbstbestimmungsgesetzes [--: Voted for gender self-ID, including for minors.]",BÜNDNIS 90/DIE GRÜNEN,Landesliste Baden-Württemberg
"Matthias Miersch (SPD, 47 - Hannover-Land II)",,,,,1,,"a vote, 2 years ago",moderate (whipped vote),2,https://www.abgeordnetenwatch.de/profile/matthias-miersch,"2024-04-12 VOTE (Bundestag): Voted Ja: Selbstbestimmungsgesetz [--: Voted for the Self-Determination Act, which lets minors from 14 change legal sex with parental consent.] | 2021-05-19 VOTE (Bundestag): Voted Nein: Aufhebung des Transsexuellengesetzes und Einführung des Selbstbestimmungsgesetzes [this side carries no value -- its lobby tells no member apart]",SPD,47 - Hannover-Land II
"Metin Hakverdi (SPD, 23 - Hamburg-Bergedorf – Harburg)",,,,,1,,"a vote, 2 years ago",moderate (whipped vote),2,https://www.abgeordnetenwatch.de/profile/metin-hakverdi,"2024-04-12 VOTE (Bundestag): Voted Ja: Selbstbestimmungsgesetz [--: Voted for the Self-Determination Act, which lets minors from 14 change legal sex with parental consent.] | 2021-05-19 VOTE (Bundestag): Voted Nein: Aufhebung des Transsexuellengesetzes und Einführung des Selbstbestimmungsgesetzes [this side carries no value -- its lobby tells no member apart]",SPD,23 - Hamburg-Bergedorf – Harburg
"Michael Schrodi (SPD, Landesliste Bayern)",,,,,1,,"a vote, 2 years ago",moderate (whipped vote),2,https://www.abgeordnetenwatch.de/profile/michael-schrodi,"2024-04-12 VOTE (Bundestag): Voted Ja: Selbstbestimmungsgesetz [--: Voted for the Self-Determination Act, which lets minors from 14 change legal sex with parental consent.] | 2021-05-19 VOTE (Bundestag): Voted Nein: Aufhebung des Transsexuellengesetzes und Einführung des Selbstbestimmungsgesetzes [this side carries no value -- its lobby tells no member apart]",SPD,Landesliste Bayern
"Michael Thews (SPD, 144 - Hamm – Unna II)",,,,,1,,"a vote, 2 years ago",moderate (whipped vote),2,https://www.abgeordnetenwatch.de/profile/michael-thews,"2024-04-12 VOTE (Bundestag): Voted Ja: Selbstbestimmungsgesetz [--: Voted for the Self-Determination Act, which lets minors from 14 change legal sex with parental consent.] | 2021-05-19 VOTE (Bundestag): Voted Nein: Aufhebung des Transsexuellengesetzes und Einführung des Selbstbestimmungsgesetzes [this side carries no value -- its lobby tells no member apart]",SPD,144 - Hamm – Unna II
"Misbah Khan (BÜNDNIS 90/DIE GRÜNEN, Landesliste Rheinland-Pfalz)",,,,,1,,"a vote, 2 years ago",moderate (whipped vote),2,https://www.abgeordnetenwatch.de/profile/misbah-khan,"2026-07-29 ANTRAG: Selbstbestimmung und Versorgungssicherheit bei Geschlechtsinkongruenz gewährleisten (Drucksache 21/7350) [-: Greens motion for a statutory GKV entitlement to gender-affirming treatment; not age-limited, so covers minors too.] | 2024-04-12 VOTE (Bundestag): Voted Ja: Selbstbestimmungsgesetz [--: Voted for the Self-Determination Act, which lets minors from 14 change legal sex with parental consent.]",BÜNDNIS 90/DIE GRÜNEN,Landesliste Rheinland-Pfalz
"Nicole Gohlke (Die Linke, Landesliste Bayern)",,,,,1,,"a vote, 5 years ago",moderate (whipped vote),2,https://www.abgeordnetenwatch.de/profile/nicole-gohlke,"2026-07-09 ANTRAG: Versorgung von transgeschlechtlichen und nichtbinären Menschen sicherstellen (Drucksache 21/7061) [-: Linke motion for a GKV right to body-modifying treatment with no distress threshold and without aim of alignment; not age-limited. Capped at -1: adult health-insurance cover that would include minors, not a paediatric measure.] | 2021-05-19 VOTE (Bundestag): Voted Ja: Aufhebung des Transsexuellengesetzes und Einführung des Selbstbestimmungsgesetzes [--: Voted for gender self-ID, including for minors.]",Die Linke,Landesliste Bayern
"Nils Schmid (SPD, Landesliste Baden-Württemberg)",,,,,1,,"a vote, 2 years ago",moderate (whipped vote),2,https://www.abgeordnetenwatch.de/profile/nils-schmid,"2024-04-12 VOTE (Bundestag): Voted Ja: Selbstbestimmungsgesetz [--: Voted for the Self-Determination Act, which lets minors from 14 change legal sex with parental consent.] | 2021-05-19 VOTE (Bundestag): Voted Nein: Aufhebung des Transsexuellengesetzes und Einführung des Selbstbestimmungsgesetzes [this side carries no value -- its lobby tells no member apart]",SPD,Landesliste Baden-Württemberg
"Nina Scheer (SPD, Landesliste Schleswig-Holstein)",,,,,1,,"a vote, 2 years ago",moderate (whipped vote),2,https://www.abgeordnetenwatch.de/profile/nina-scheer,"2024-04-12 VOTE (Bundestag): Voted Ja: Selbstbestimmungsgesetz [--: Voted for the Self-Determination Act, which lets minors from 14 change legal sex with parental consent.] | 2021-05-19 VOTE (Bundestag): Voted Nein: Aufhebung des Transsexuellengesetzes und Einführung des Selbstbestimmungsgesetzes [this side carries no value -- its lobby tells no member apart]",SPD,Landesliste Schleswig-Holstein
"Oliver Kaczmarek (SPD, 143 - Unna I)",,,,,1,,"a vote, 2 years ago",moderate (whipped vote),2,https://www.abgeordnetenwatch.de/profile/oliver-kaczmarek,"2024-04-12 VOTE (Bundestag): Voted Ja: Selbstbestimmungsgesetz [--: Voted for the Self-Determination Act, which lets minors from 14 change legal sex with parental consent.] | 2021-05-19 VOTE (Bundestag): Voted Nein: Aufhebung des Transsexuellengesetzes und Einführung des Selbstbestimmungsgesetzes [this side carries no value -- its lobby tells no member apart]",SPD,143 - Unna I
"Rita Schwarzelühr-Sutter (SPD, Landesliste Baden-Württemberg)",,,,,1,,"a vote, 2 years ago",moderate (whipped vote),2,https://www.abgeordnetenwatch.de/profile/rita-schwarzeluehr-sutter,"2024-04-12 VOTE (Bundestag): Voted Ja: Selbstbestimmungsgesetz [--: Voted for the Self-Determination Act, which lets minors from 14 change legal sex with parental consent.] | 2021-05-19 VOTE (Bundestag): Voted Nein: Aufhebung des Transsexuellengesetzes und Einführung des Selbstbestimmungsgesetzes [this side carries no value -- its lobby tells no member apart]",SPD,Landesliste Baden-Württemberg
"Sabine Dittmar (SPD, Landesliste Bayern)",,,,,1,,"a vote, 2 years ago",moderate (whipped vote),2,https://www.abgeordnetenwatch.de/profile/sabine-dittmar,"2024-04-12 VOTE (Bundestag): Voted Ja: Selbstbestimmungsgesetz [--: Voted for the Self-Determination Act, which lets minors from 14 change legal sex with parental consent.] | 2021-05-19 VOTE (Bundestag): Voted Nein: Aufhebung des Transsexuellengesetzes und Einführung des Selbstbestimmungsgesetzes [this side carries no value -- its lobby tells no member apart]",SPD,Landesliste Bayern
"Sabine Poschmann (SPD, 142 - Dortmund II)",,,,,1,,"a vote, 2 years ago",moderate (whipped vote),2,https://www.abgeordnetenwatch.de/profile/sabine-poschmann,"2024-04-12 VOTE (Bundestag): Voted Ja: Selbstbestimmungsgesetz [--: Voted for the Self-Determination Act, which lets minors from 14 change legal sex with parental consent.] | 2021-05-19 VOTE (Bundestag): Voted Nein: Aufhebung des Transsexuellengesetzes und Einführung des Selbstbestimmungsgesetzes [this side carries no value -- its lobby tells no member apart]",SPD,142 - Dortmund II
"Saskia Esken (SPD, Landesliste Baden-Württemberg)",,,,,1,,"a vote, 2 years ago",moderate (whipped vote),2,https://www.abgeordnetenwatch.de/profile/saskia-esken,"2024-04-12 VOTE (Bundestag): Voted Ja: Selbstbestimmungsgesetz [--: Voted for the Self-Determination Act, which lets minors from 14 change legal sex with parental consent.] | 2021-05-19 VOTE (Bundestag): Voted Nein: Aufhebung des Transsexuellengesetzes und Einführung des Selbstbestimmungsgesetzes [this side carries no value -- its lobby tells no member apart]",SPD,Landesliste Baden-Württemberg
"Sebastian Hartmann (SPD, Landesliste Nordrhein-Westfalen)",,,,,1,,"a vote, 2 years ago",moderate (whipped vote),2,https://www.abgeordnetenwatch.de/profile/sebastian-hartmann,"2024-04-12 VOTE (Bundestag): Voted Ja: Selbstbestimmungsgesetz [--: Voted for the Self-Determination Act, which lets minors from 14 change legal sex with parental consent.] | 2021-05-19 VOTE (Bundestag): Voted Nein: Aufhebung des Transsexuellengesetzes und Einführung des Selbstbestimmungsgesetzes [this side carries no value -- its lobby tells no member apart]",SPD,Landesliste Nordrhein-Westfalen
"Siemtje Möller (SPD, 26 - Friesland – Wilhelmshaven – Wittmund)",,,,,1,,"a vote, 2 years ago",moderate (whipped vote),2,https://www.abgeordnetenwatch.de/profile/siemtje-moeller,"2024-04-12 VOTE (Bundestag): Voted Ja: Selbstbestimmungsgesetz [--: Voted for the Self-Determination Act, which lets minors from 14 change legal sex with parental consent.] | 2021-05-19 VOTE (Bundestag): Voted Nein: Aufhebung des Transsexuellengesetzes und Einführung des Selbstbestimmungsgesetzes [this side carries no value -- its lobby tells no member apart]",SPD,26 - Friesland – Wilhelmshaven – Wittmund
"Stefan Schmidt (BÜNDNIS 90/DIE GRÜNEN, Landesliste Bayern)",,,,,1,,"a vote, 2 years ago",moderate (whipped vote),2,https://www.abgeordnetenwatch.de/profile/stefan-schmidt,"2024-04-12 VOTE (Bundestag): Voted Ja: Selbstbestimmungsgesetz [--: Voted for the Self-Determination Act, which lets minors from 14 change legal sex with parental consent.] | 2021-05-19 VOTE (Bundestag): Voted Ja: Aufhebung des Transsexuellengesetzes und Einführung des Selbstbestimmungsgesetzes [--: Voted for gender self-ID, including for minors.]",BÜNDNIS 90/DIE GRÜNEN,Landesliste Bayern
"Steffi Lemke (BÜNDNIS 90/DIE GRÜNEN, Landesliste Sachsen-Anhalt)",,,,,1,,"a vote, 2 years ago",moderate (whipped vote),2,https://www.abgeordnetenwatch.de/profile/steffi-lemke,"2024-04-12 VOTE (Bundestag): Voted Ja: Selbstbestimmungsgesetz [--: Voted for the Self-Determination Act, which lets minors from 14 change legal sex with parental consent.] | 2021-05-19 VOTE (Bundestag): Voted Ja: Aufhebung des Transsexuellengesetzes und Einführung des Selbstbestimmungsgesetzes [--: Voted for gender self-ID, including for minors.]",BÜNDNIS 90/DIE GRÜNEN,Landesliste Sachsen-Anhalt
"Svenja Stadler (SPD, Landesliste Niedersachsen)",,,,,1,,"a vote, 2 years ago",moderate (whipped vote),2,https://www.abgeordnetenwatch.de/profile/svenja-stadler,"2024-04-12 VOTE (Bundestag): Voted Ja: Selbstbestimmungsgesetz [--: Voted for the Self-Determination Act, which lets minors from 14 change legal sex with parental consent.] | 2021-05-19 VOTE (Bundestag): Voted Nein: Aufhebung des Transsexuellengesetzes und Einführung des Selbstbestimmungsgesetzes [this side carries no value -- its lobby tells no member apart]",SPD,Landesliste Niedersachsen
"Sören Bartol (SPD, 170 - Marburg)",,,,,1,,"a vote, 2 years ago",moderate (whipped vote),2,https://www.abgeordnetenwatch.de/profile/soeren-bartol,"2024-04-12 VOTE (Bundestag): Voted Ja: Selbstbestimmungsgesetz [--: Voted for the Self-Determination Act, which lets minors from 14 change legal sex with parental consent.] | 2021-05-19 VOTE (Bundestag): Voted Nein: Aufhebung des Transsexuellengesetzes und Einführung des Selbstbestimmungsgesetzes [this side carries no value -- its lobby tells no member apart]",SPD,170 - Marburg
"Till Steffen (BÜNDNIS 90/DIE GRÜNEN, 20 - Hamburg-Eimsbüttel)",,,,,1,,"a vote, 2 years ago",moderate (whipped vote),2,https://www.abgeordnetenwatch.de/profile/till-steffen,"2025-01-31 DEBATE: Rede ""– des Antrags der Abgeordneten Beatrix von Storch, Martin Reichardt, Mariana Iris Harder-Kühnel, weiterer Abgeordneter und der Fraktion der AfD: Schutz von Kindern und Jugendlichen mit Geschlechtsdysphorie vor geschlecht..."" [0: Text mismatched with lawyer fee legislation content; no substantive stance on youth gender medicine given.] | 2024-04-12 VOTE (Bundestag): Voted Ja: Selbstbestimmungsgesetz [--: Voted for the Self-Determination Act, which lets minors from 14 change legal sex with parental consent.]",BÜNDNIS 90/DIE GRÜNEN,20 - Hamburg-Eimsbüttel
"Uwe Schmidt (SPD, 55 - Bremen II – Bremerhaven)",,,,,1,,"a vote, 2 years ago",moderate (whipped vote),2,https://www.abgeordnetenwatch.de/profile/uwe-schmidt-1,"2024-04-12 VOTE (Bundestag): Voted Ja: Selbstbestimmungsgesetz [--: Voted for the Self-Determination Act, which lets minors from 14 change legal sex with parental consent.] | 2021-05-19 VOTE (Bundestag): Voted Nein: Aufhebung des Transsexuellengesetzes und Einführung des Selbstbestimmungsgesetzes [this side carries no value -- its lobby tells no member apart]",SPD,55 - Bremen II – Bremerhaven
"Wiebke Esdar (SPD, 131 - Bielefeld – Gütersloh II)",,,,,1,,"a vote, 2 years ago",moderate (whipped vote),2,https://www.abgeordnetenwatch.de/profile/wiebke-esdar,"2024-04-12 VOTE (Bundestag): Voted Ja: Selbstbestimmungsgesetz [--: Voted for the Self-Determination Act, which lets minors from 14 change legal sex with parental consent.] | 2021-05-19 VOTE (Bundestag): Voted Nein: Aufhebung des Transsexuellengesetzes und Einführung des Selbstbestimmungsgesetzes [this side carries no value -- its lobby tells no member apart]",SPD,131 - Bielefeld – Gütersloh II
"Adis Ahmetović (SPD, 41 - Stadt Hannover I)",,,,,1,,"a vote, 2 years ago",moderate (whipped vote),1,https://www.abgeordnetenwatch.de/profile/adis-ahmetovic,"2024-04-12 VOTE (Bundestag): Voted Ja: Selbstbestimmungsgesetz [--: Voted for the Self-Determination Act, which lets minors from 14 change legal sex with parental consent.]",SPD,41 - Stadt Hannover I
"Agnieszka Brugger (BÜNDNIS 90/DIE GRÜNEN, Landesliste Baden-Württemberg)",,,,,1,,"a vote, 5 years ago",moderate (whipped vote),1,https://www.abgeordnetenwatch.de/profile/agnieszka-brugger,"2021-05-19 VOTE (Bundestag): Voted Ja: Aufhebung des Transsexuellengesetzes und Einführung des Selbstbestimmungsgesetzes [--: Voted for gender self-ID, including for minors.]",BÜNDNIS 90/DIE GRÜNEN,Landesliste Baden-Württemberg
"Andreas Audretsch (BÜNDNIS 90/DIE GRÜNEN, Landesliste Berlin)",,,,,1,,"a vote, 2 years ago",moderate (whipped vote),1,https://www.abgeordnetenwatch.de/profile/andreas-audretsch,"2024-04-12 VOTE (Bundestag): Voted Ja: Selbstbestimmungsgesetz [--: Voted for the Self-Determination Act, which lets minors from 14 change legal sex with parental consent.]",BÜNDNIS 90/DIE GRÜNEN,Landesliste Berlin
"Anja Reinalter (BÜNDNIS 90/DIE GRÜNEN, Landesliste Baden-Württemberg)",,,,,1,,"a vote, 2 years ago",moderate (whipped vote),1,https://www.abgeordnetenwatch.de/profile/anja-reinalter,"2024-04-12 VOTE (Bundestag): Voted Ja: Selbstbestimmungsgesetz [--: Voted for the Self-Determination Act, which lets minors from 14 change legal sex with parental consent.]",BÜNDNIS 90/DIE GRÜNEN,Landesliste Baden-Württemberg
"Anja Troff-Schaffarzyk (SPD, Landesliste Niedersachsen)",,,,,1,,"a vote, 2 years ago",moderate (whipped vote),1,https://www.abgeordnetenwatch.de/profile/anja-troff-schaffarzyk,"2024-04-12 VOTE (Bundestag): Voted Ja: Selbstbestimmungsgesetz [--: Voted for the Self-Determination Act, which lets minors from 14 change legal sex with parental consent.]",SPD,Landesliste Niedersachsen
"Annika Klose (SPD, Landesliste Berlin)",,,,,1,,"a vote, 2 years ago",moderate (whipped vote),1,https://www.abgeordnetenwatch.de/profile/annika-klose,"2024-04-12 VOTE (Bundestag): Voted Ja: Selbstbestimmungsgesetz [--: Voted for the Self-Determination Act, which lets minors from 14 change legal sex with parental consent.]",SPD,Landesliste Berlin
"Armand Zorn (SPD, Landesliste Hessen)",,,,,1,,"a vote, 2 years ago",moderate (whipped vote),1,https://www.abgeordnetenwatch.de/profile/armand-zorn,"2024-04-12 VOTE (Bundestag): Voted Ja: Selbstbestimmungsgesetz [--: Voted for the Self-Determination Act, which lets minors from 14 change legal sex with parental consent.]",SPD,Landesliste Hessen
"Armin Grau (BÜNDNIS 90/DIE GRÜNEN, Landesliste Rheinland-Pfalz)",,,,,1,,"a vote, 2 years ago",moderate (whipped vote),1,https://www.abgeordnetenwatch.de/profile/armin-grau,"2024-04-12 VOTE (Bundestag): Voted Ja: Selbstbestimmungsgesetz [--: Voted for the Self-Determination Act, which lets minors from 14 change legal sex with parental consent.]",BÜNDNIS 90/DIE GRÜNEN,Landesliste Rheinland-Pfalz
"Awet Tesfaiesus (BÜNDNIS 90/DIE GRÜNEN, Landesliste Hessen)",,,,,1,,"a vote, 2 years ago",moderate (whipped vote),1,https://www.abgeordnetenwatch.de/profile/awet-tesfaiesus,"2024-04-12 VOTE (Bundestag): Voted Ja: Selbstbestimmungsgesetz [--: Voted for the Self-Determination Act, which lets minors from 14 change legal sex with parental consent.]",BÜNDNIS 90/DIE GRÜNEN,Landesliste Hessen
"Bettina Hagedorn (SPD, Landesliste Schleswig-Holstein)",,,,,1,,"a vote, 2 years ago",moderate (whipped vote),1,https://www.abgeordnetenwatch.de/profile/bettina-hagedorn,"2024-04-12 VOTE (Bundestag): Voted Ja: Selbstbestimmungsgesetz [--: Voted for the Self-Determination Act, which lets minors from 14 change legal sex with parental consent.]",SPD,Landesliste Schleswig-Holstein
"Boris Mijatović (BÜNDNIS 90/DIE GRÜNEN, Landesliste Hessen)",,,,,1,,"a vote, 2 years ago",moderate (whipped vote),1,https://www.abgeordnetenwatch.de/profile/boris-mijatovic,"2024-04-12 VOTE (Bundestag): Voted Ja: Selbstbestimmungsgesetz [--: Voted for the Self-Determination Act, which lets minors from 14 change legal sex with parental consent.]",BÜNDNIS 90/DIE GRÜNEN,Landesliste Hessen
"Carolin Wagner (SPD, Landesliste Bayern)",,,,,1,,"a vote, 2 years ago",moderate (whipped vote),1,https://www.abgeordnetenwatch.de/profile/carolin-wagner,"2024-04-12 VOTE (Bundestag): Voted Ja: Selbstbestimmungsgesetz [--: Voted for the Self-Determination Act, which lets minors from 14 change legal sex with parental consent.]",SPD,Landesliste Bayern
"Chantal Kopf (BÜNDNIS 90/DIE GRÜNEN, 281 - Freiburg)",,,,,1,,"a vote, 2 years ago",moderate (whipped vote),1,https://www.abgeordnetenwatch.de/profile/chantal-kopf,"2024-04-12 VOTE (Bundestag): Voted Ja: Selbstbestimmungsgesetz [--: Voted for the Self-Determination Act, which lets minors from 14 change legal sex with parental consent.]",BÜNDNIS 90/DIE GRÜNEN,281 - Freiburg
"Christoph Schmid (SPD, Landesliste Bayern)",,,,,1,,"a vote, 2 years ago",moderate (whipped vote),1,https://www.abgeordnetenwatch.de/profile/christoph-schmid-0,"2024-04-12 VOTE (Bundestag): Voted Ja: Selbstbestimmungsgesetz [--: Voted for the Self-Determination Act, which lets minors from 14 change legal sex with parental consent.]",SPD,Landesliste Bayern
"Christos Pantazis (SPD, 50 - Braunschweig)",,,,,1,,"a vote, 2 years ago",moderate (whipped vote),1,https://www.abgeordnetenwatch.de/profile/christos-pantazis,"2024-04-12 VOTE (Bundestag): Voted Ja: Selbstbestimmungsgesetz [--: Voted for the Self-Determination Act, which lets minors from 14 change legal sex with parental consent.]",SPD,50 - Braunschweig
"Clara Bünger (Die Linke, Landesliste Sachsen)",,,,,1,,"a vote, 2 years ago",moderate (whipped vote),1,https://www.abgeordnetenwatch.de/profile/clara-buenger,"2024-04-12 VOTE (Bundestag): Voted Ja: Selbstbestimmungsgesetz [--: Voted for the Self-Determination Act, which lets minors from 14 change legal sex with parental consent.]",Die Linke,Landesliste Sachsen
"Claudia Roth (BÜNDNIS 90/DIE GRÜNEN, Landesliste Bayern)",,,,,1,,"a vote, 5 years ago",moderate (whipped vote),1,https://www.abgeordnetenwatch.de/profile/claudia-roth,"2021-05-19 VOTE (Bundestag): Voted Ja: Aufhebung des Transsexuellengesetzes und Einführung des Selbstbestimmungsgesetzes [--: Voted for gender self-ID, including for minors.]",BÜNDNIS 90/DIE GRÜNEN,Landesliste Bayern
"Daniel Baldy (SPD, Landesliste Rheinland-Pfalz)",,,,,1,,"a vote, 2 years ago",moderate (whipped vote),1,https://www.abgeordnetenwatch.de/profile/daniel-baldy,"2024-04-12 VOTE (Bundestag): Voted Ja: Selbstbestimmungsgesetz [--: Voted for the Self-Determination Act, which lets minors from 14 change legal sex with parental consent.]",SPD,Landesliste Rheinland-Pfalz
"Daniel Rinkert (SPD, Landesliste Nordrhein-Westfalen)",,,,,1,,"a vote, 2 years ago",moderate (whipped vote),1,https://www.abgeordnetenwatch.de/profile/daniel-rinkert,"2024-04-12 VOTE (Bundestag): Voted Ja: Selbstbestimmungsgesetz [--: Voted for the Self-Determination Act, which lets minors from 14 change legal sex with parental consent.]",SPD,Landesliste Nordrhein-Westfalen
"Deborah Düring (BÜNDNIS 90/DIE GRÜNEN, Landesliste Hessen)",,,,,1,,"a vote, 2 years ago",moderate (whipped vote),1,https://www.abgeordnetenwatch.de/profile/deborah-duering,"2024-04-12 VOTE (Bundestag): Voted Ja: Selbstbestimmungsgesetz [--: Voted for the Self-Determination Act, which lets minors from 14 change legal sex with parental consent.]",BÜNDNIS 90/DIE GRÜNEN,Landesliste Hessen
"Derya Türk-Nachbaur (SPD, Landesliste Baden-Württemberg)",,,,,1,,"a vote, 2 years ago",moderate (whipped vote),1,https://www.abgeordnetenwatch.de/profile/derya-tuerk-nachbaur,"2024-04-12 VOTE (Bundestag): Voted Ja: Selbstbestimmungsgesetz [--: Voted for the Self-Determination Act, which lets minors from 14 change legal sex with parental consent.]",SPD,Landesliste Baden-Württemberg
"Dunja Kreiser (SPD, 49 - Salzgitter – Wolfenbüttel)",,,,,1,,"a vote, 2 years ago",moderate (whipped vote),1,https://www.abgeordnetenwatch.de/profile/dunja-kreiser,"2024-04-12 VOTE (Bundestag): Voted Ja: Selbstbestimmungsgesetz [--: Voted for the Self-Determination Act, which lets minors from 14 change legal sex with parental consent.]",SPD,49 - Salzgitter – Wolfenbüttel
"Esra Limbacher (SPD, 299 - Homburg)",,,,,1,,"a vote, 2 years ago",moderate (whipped vote),1,https://www.abgeordnetenwatch.de/profile/esra-limbacher,"2024-04-12 VOTE (Bundestag): Voted Ja: Selbstbestimmungsgesetz [--: Voted for the Self-Determination Act, which lets minors from 14 change legal sex with parental consent.]",SPD,299 - Homburg
"Felix Banaszak (BÜNDNIS 90/DIE GRÜNEN, Landesliste Nordrhein-Westfalen)",,,,,1,,"a vote, 2 years ago",moderate (whipped vote),1,https://www.abgeordnetenwatch.de/profile/felix-banaszak,"2024-04-12 VOTE (Bundestag): Voted Ja: Selbstbestimmungsgesetz [--: Voted for the Self-Determination Act, which lets minors from 14 change legal sex with parental consent.]",BÜNDNIS 90/DIE GRÜNEN,Landesliste Nordrhein-Westfalen
"Felix Döring (SPD, Landesliste Hessen)",,,,,1,,"a vote, 2 years ago",moderate (whipped vote),1,https://www.abgeordnetenwatch.de/profile/felix-doering,"2024-04-12 VOTE (Bundestag): Voted Ja: Selbstbestimmungsgesetz [--: Voted for the Self-Determination Act, which lets minors from 14 change legal sex with parental consent.]",SPD,Landesliste Hessen
"Franziska Kersten (SPD, Landesliste Sachsen-Anhalt)",,,,,1,,"a vote, 2 years ago",moderate (whipped vote),1,https://www.abgeordnetenwatch.de/profile/franziska-kersten,"2024-04-12 VOTE (Bundestag): Voted Ja: Selbstbestimmungsgesetz [--: Voted for the Self-Determination Act, which lets minors from 14 change legal sex with parental consent.]",SPD,Landesliste Sachsen-Anhalt
"Frauke Heiligenstadt (SPD, 52 - Goslar – Northeim – Göttingen II)",,,,,1,,"a vote, 2 years ago",moderate (whipped vote),1,https://www.abgeordnetenwatch.de/profile/frauke-heiligenstadt,"2024-04-12 VOTE (Bundestag): Voted Ja: Selbstbestimmungsgesetz [--: Voted for the Self-Determination Act, which lets minors from 14 change legal sex with parental consent.]",SPD,52 - Goslar – Northeim – Göttingen II
"Gregor Gysi (Die Linke, 83 - Berlin-Treptow-Köpenick)",,,,,1,,"a vote, 5 years ago",moderate (whipped vote),1,https://www.abgeordnetenwatch.de/profile/gregor-gysi,"2021-05-19 VOTE (Bundestag): Voted Ja: Aufhebung des Transsexuellengesetzes und Einführung des Selbstbestimmungsgesetzes [--: Voted for gender self-ID, including for minors.]",Die Linke,83 - Berlin-Treptow-Köpenick
"Hanna Steinmüller (BÜNDNIS 90/DIE GRÜNEN, 74 - Berlin-Mitte)",,,,,1,,"a vote, 2 years ago",moderate (whipped vote),1,https://www.abgeordnetenwatch.de/profile/hanna-steinmueller,"2024-04-12 VOTE (Bundestag): Voted Ja: Selbstbestimmungsgesetz [--: Voted for the Self-Determination Act, which lets minors from 14 change legal sex with parental consent.]",BÜNDNIS 90/DIE GRÜNEN,74 - Berlin-Mitte
"Heike Heubach (SPD, Landesliste Bayern)",,,,,1,,"a vote, 2 years ago",moderate (whipped vote),1,https://www.abgeordnetenwatch.de/profile/heike-heubach,"2024-04-12 VOTE (Bundestag): Voted Ja: Selbstbestimmungsgesetz [--: Voted for the Self-Determination Act, which lets minors from 14 change legal sex with parental consent.]",SPD,Landesliste Bayern
"Helge Limburg (BÜNDNIS 90/DIE GRÜNEN, Landesliste Niedersachsen)",,,,,1,,"a vote, 2 years ago",moderate (whipped vote),1,https://www.abgeordnetenwatch.de/profile/helge-limburg,"2024-04-12 VOTE (Bundestag): Voted Ja: Selbstbestimmungsgesetz [--: Voted for the Self-Determination Act, which lets minors from 14 change legal sex with parental consent.]",BÜNDNIS 90/DIE GRÜNEN,Landesliste Niedersachsen
"Helge Lindh (SPD, 101 - Wuppertal I)",,,,,1,,"a vote, 2 years ago",moderate (whipped vote),1,https://www.abgeordnetenwatch.de/profile/helge-lindh,"2024-04-12 VOTE (Bundestag): Voted Ja: Selbstbestimmungsgesetz [--: Voted for the Self-Determination Act, which lets minors from 14 change legal sex with parental consent.]",SPD,101 - Wuppertal I
"Helmut Kleebank (SPD, 77 - Berlin-Spandau – Charlottenburg Nord)",,,,,1,,"a vote, 2 years ago",moderate (whipped vote),1,https://www.abgeordnetenwatch.de/profile/helmut-kleebank,"2024-04-12 VOTE (Bundestag): Voted Ja: Selbstbestimmungsgesetz [--: Voted for the Self-Determination Act, which lets minors from 14 change legal sex with parental consent.]",SPD,77 - Berlin-Spandau – Charlottenburg Nord
Holger Mann (SPD),,,,,1,,"a vote, 2 years ago",moderate (whipped vote),1,https://www.abgeordnetenwatch.de/profile/holger-mann,"2024-04-12 VOTE (Bundestag): Voted Ja: Selbstbestimmungsgesetz [--: Voted for the Self-Determination Act, which lets minors from 14 change legal sex with parental consent.]",SPD,
"Isabel Cademartori (SPD, Landesliste Baden-Württemberg)",,,,,1,,"a vote, 2 years ago",moderate (whipped vote),1,https://www.abgeordnetenwatch.de/profile/isabel-cademartori,"2024-04-12 VOTE (Bundestag): Voted Ja: Selbstbestimmungsgesetz [--: Voted for the Self-Determination Act, which lets minors from 14 change legal sex with parental consent.]",SPD,Landesliste Baden-Württemberg
"Jakob Blankenburg (SPD, 37 - Lüchow-Dannenberg – Lüneburg)",,,,,1,,"a vote, 2 years ago",moderate (whipped vote),1,https://www.abgeordnetenwatch.de/profile/jakob-blankenburg,"2024-04-12 VOTE (Bundestag): Voted Ja: Selbstbestimmungsgesetz [--: Voted for the Self-Determination Act, which lets minors from 14 change legal sex with parental consent.]",SPD,37 - Lüchow-Dannenberg – Lüneburg
"Jamila Anna Schäfer (BÜNDNIS 90/DIE GRÜNEN, Landesliste Bayern)",,,,,1,,"a vote, 2 years ago",moderate (whipped vote),1,https://www.abgeordnetenwatch.de/profile/jamila-anna-schaefer,"2024-04-12 VOTE (Bundestag): Voted Ja: Selbstbestimmungsgesetz [--: Voted for the Self-Determination Act, which lets minors from 14 change legal sex with parental consent.]",BÜNDNIS 90/DIE GRÜNEN,Landesliste Bayern
"Jan Dieren (SPD, Landesliste Nordrhein-Westfalen)",,,,,1,,"a vote, 2 years ago",moderate (whipped vote),1,https://www.abgeordnetenwatch.de/profile/jan-dieren,"2024-04-12 VOTE (Bundestag): Voted Ja: Selbstbestimmungsgesetz [--: Voted for the Self-Determination Act, which lets minors from 14 change legal sex with parental consent.]",SPD,Landesliste Nordrhein-Westfalen
"Jan-Niclas Gesenhues (BÜNDNIS 90/DIE GRÜNEN, Landesliste Nordrhein-Westfalen)",,,,,1,,"a vote, 2 years ago",moderate (whipped vote),1,https://www.abgeordnetenwatch.de/profile/jan-niclas-gesenhues,"2024-04-12 VOTE (Bundestag): Voted Ja: Selbstbestimmungsgesetz [--: Voted for the Self-Determination Act, which lets minors from 14 change legal sex with parental consent.]",BÜNDNIS 90/DIE GRÜNEN,Landesliste Nordrhein-Westfalen
"Jens Peick (SPD, 141 - Dortmund I)",,,,,1,,"a vote, 2 years ago",moderate (whipped vote),1,https://www.abgeordnetenwatch.de/profile/jens-peick,"2024-04-12 VOTE (Bundestag): Voted Ja: Selbstbestimmungsgesetz [--: Voted for the Self-Determination Act, which lets minors from 14 change legal sex with parental consent.]",SPD,141 - Dortmund I
"Johannes Schätzl (SPD, Landesliste Bayern)",,,,,1,,"a vote, 2 years ago",moderate (whipped vote),1,https://www.abgeordnetenwatch.de/profile/johannes-schaetzl,"2024-04-12 VOTE (Bundestag): Voted Ja: Selbstbestimmungsgesetz [--: Voted for the Self-Determination Act, which lets minors from 14 change legal sex with parental consent.]",SPD,Landesliste Bayern
"Jürgen Coße (SPD, Landesliste Nordrhein-Westfalen)",,,,,1,,"a vote, 2 years ago",moderate (whipped vote),1,https://www.abgeordnetenwatch.de/profile/juergen-cosse,"2024-04-12 VOTE (Bundestag): Voted Ja: Selbstbestimmungsgesetz [--: Voted for the Self-Determination Act, which lets minors from 14 change legal sex with parental consent.]",SPD,Landesliste Nordrhein-Westfalen
"Karl Bär (BÜNDNIS 90/DIE GRÜNEN, Landesliste Bayern)",,,,,1,,"a vote, 2 years ago",moderate (whipped vote),1,https://www.abgeordnetenwatch.de/profile/karl-baer,"2024-04-12 VOTE (Bundestag): Voted Ja: Selbstbestimmungsgesetz [--: Voted for the Self-Determination Act, which lets minors from 14 change legal sex with parental consent.]",BÜNDNIS 90/DIE GRÜNEN,Landesliste Bayern
"Karl Lauterbach (SPD, 100 - Leverkusen – Köln IV)",,,,,1,,"a vote, 2 years ago",moderate (whipped vote),1,https://www.abgeordnetenwatch.de/profile/karl-lauterbach,"2024-04-12 VOTE (Bundestag): Voted Ja: Selbstbestimmungsgesetz [--: Voted for the Self-Determination Act, which lets minors from 14 change legal sex with parental consent.]",SPD,100 - Leverkusen – Köln IV
"Kassem Taher Saleh (BÜNDNIS 90/DIE GRÜNEN, Landesliste Sachsen)",,,,,1,,"a vote, 2 years ago",moderate (whipped vote),1,https://www.abgeordnetenwatch.de/profile/kassem-taher-saleh,"2024-04-12 VOTE (Bundestag): Voted Ja: Selbstbestimmungsgesetz [--: Voted for the Self-Determination Act, which lets minors from 14 change legal sex with parental consent.]",BÜNDNIS 90/DIE GRÜNEN,Landesliste Sachsen
"Katharina Beck (BÜNDNIS 90/DIE GRÜNEN, Landesliste Hamburg)",,,,,1,,"a vote, 2 years ago",moderate (whipped vote),1,https://www.abgeordnetenwatch.de/profile/katharina-beck,"2024-04-12 VOTE (Bundestag): Voted Ja: Selbstbestimmungsgesetz [--: Voted for the Self-Determination Act, which lets minors from 14 change legal sex with parental consent.]",BÜNDNIS 90/DIE GRÜNEN,Landesliste Hamburg
"Kathrin Michel (SPD, Landesliste Sachsen)",,,,,1,,"a vote, 2 years ago",moderate (whipped vote),1,https://www.abgeordnetenwatch.de/profile/kathrin-michel,"2024-04-12 VOTE (Bundestag): Voted Ja: Selbstbestimmungsgesetz [--: Voted for the Self-Determination Act, which lets minors from 14 change legal sex with parental consent.]",SPD,Landesliste Sachsen
"Katrin Uhlig (BÜNDNIS 90/DIE GRÜNEN, Landesliste Nordrhein-Westfalen)",,,,,1,,"a vote, 2 years ago",moderate (whipped vote),1,https://www.abgeordnetenwatch.de/profile/katrin-uhlig,"2024-04-12 VOTE (Bundestag): Voted Ja: Selbstbestimmungsgesetz [--: Voted for the Self-Determination Act, which lets minors from 14 change legal sex with parental consent.]",BÜNDNIS 90/DIE GRÜNEN,Landesliste Nordrhein-Westfalen
Katrin Zschau (SPD),,,,,1,,"a vote, 2 years ago",moderate (whipped vote),1,https://www.abgeordnetenwatch.de/profile/katrin-zschau,"2024-04-12 VOTE (Bundestag): Voted Ja: Selbstbestimmungsgesetz [--: Voted for the Self-Determination Act, which lets minors from 14 change legal sex with parental consent.]",SPD,
"Lamya Kaddor (BÜNDNIS 90/DIE GRÜNEN, Landesliste Nordrhein-Westfalen)",,,,,1,,"a vote, 2 years ago",moderate (whipped vote),1,https://www.abgeordnetenwatch.de/profile/lamya-kaddor,"2024-04-12 VOTE (Bundestag): Voted Ja: Selbstbestimmungsgesetz [--: Voted for the Self-Determination Act, which lets minors from 14 change legal sex with parental consent.]",BÜNDNIS 90/DIE GRÜNEN,Landesliste Nordrhein-Westfalen
"Leon Eckert (BÜNDNIS 90/DIE GRÜNEN, Landesliste Bayern)",,,,,1,,"a vote, 2 years ago",moderate (whipped vote),1,https://www.abgeordnetenwatch.de/profile/leon-eckert,"2024-04-12 VOTE (Bundestag): Voted Ja: Selbstbestimmungsgesetz [--: Voted for the Self-Determination Act, which lets minors from 14 change legal sex with parental consent.]",BÜNDNIS 90/DIE GRÜNEN,Landesliste Bayern
"Lorenz Gösta Beutin (Die Linke, Landesliste Schleswig-Holstein)",,,,,1,,"a vote, 5 years ago",moderate (whipped vote),1,https://www.abgeordnetenwatch.de/profile/lorenz-goesta-beutin,"2021-05-19 VOTE (Bundestag): Voted Ja: Aufhebung des Transsexuellengesetzes und Einführung des Selbstbestimmungsgesetzes [--: Voted for gender self-ID, including for minors.]",Die Linke,Landesliste Schleswig-Holstein
"Lukas Benner (BÜNDNIS 90/DIE GRÜNEN, Landesliste Nordrhein-Westfalen)",,,,,1,,"a vote, 2 years ago",moderate (whipped vote),1,https://www.abgeordnetenwatch.de/profile/lukas-benner,"2024-04-12 VOTE (Bundestag): Voted Ja: Selbstbestimmungsgesetz [--: Voted for the Self-Determination Act, which lets minors from 14 change legal sex with parental consent.]",BÜNDNIS 90/DIE GRÜNEN,Landesliste Nordrhein-Westfalen
"Macit Karaahmetoğlu (SPD, Landesliste Baden-Württemberg)",,,,,1,,"a vote, 2 years ago",moderate (whipped vote),1,https://www.abgeordnetenwatch.de/profile/macit-karaahmetoglu,"2024-04-12 VOTE (Bundestag): Voted Ja: Selbstbestimmungsgesetz [--: Voted for the Self-Determination Act, which lets minors from 14 change legal sex with parental consent.]",SPD,Landesliste Baden-Württemberg
"Maja Wallstein (SPD, Landesliste Brandenburg)",,,,,1,,"a vote, 2 years ago",moderate (whipped vote),1,https://www.abgeordnetenwatch.de/profile/maja-wallstein,"2024-04-12 VOTE (Bundestag): Voted Ja: Selbstbestimmungsgesetz [--: Voted for the Self-Determination Act, which lets minors from 14 change legal sex with parental consent.]",SPD,Landesliste Brandenburg
"Marcel Emmerich (BÜNDNIS 90/DIE GRÜNEN, Landesliste Baden-Württemberg)",,,,,1,,"a vote, 2 years ago",moderate (whipped vote),1,https://www.abgeordnetenwatch.de/profile/marcel-emmerich,"2024-04-12 VOTE (Bundestag): Voted Ja: Selbstbestimmungsgesetz [--: Voted for the Self-Determination Act, which lets minors from 14 change legal sex with parental consent.]",BÜNDNIS 90/DIE GRÜNEN,Landesliste Baden-Württemberg
"Martin Kröber (SPD, Landesliste Sachsen-Anhalt)",,,,,1,,"a vote, 2 years ago",moderate (whipped vote),1,https://www.abgeordnetenwatch.de/profile/martin-kroeber,"2024-04-12 VOTE (Bundestag): Voted Ja: Selbstbestimmungsgesetz [--: Voted for the Self-Determination Act, which lets minors from 14 change legal sex with parental consent.]",SPD,Landesliste Sachsen-Anhalt
"Matthias Mieves (SPD, 208 - Kaiserslautern)",,,,,1,,"a vote, 2 years ago",moderate (whipped vote),1,https://www.abgeordnetenwatch.de/profile/matthias-mieves,"2024-04-12 VOTE (Bundestag): Voted Ja: Selbstbestimmungsgesetz [--: Voted for the Self-Determination Act, which lets minors from 14 change legal sex with parental consent.]",SPD,208 - Kaiserslautern
"Max Lucks (BÜNDNIS 90/DIE GRÜNEN, Landesliste Nordrhein-Westfalen)",,,,,1,,"a vote, 2 years ago",moderate (whipped vote),1,https://www.abgeordnetenwatch.de/profile/max-lucks,"2024-04-12 VOTE (Bundestag): Voted Ja: Selbstbestimmungsgesetz [--: Voted for the Self-Determination Act, which lets minors from 14 change legal sex with parental consent.]",BÜNDNIS 90/DIE GRÜNEN,Landesliste Nordrhein-Westfalen
"Michael Kellner (BÜNDNIS 90/DIE GRÜNEN, Landesliste Brandenburg)",,,,,1,,"a vote, 2 years ago",moderate (whipped vote),1,https://www.abgeordnetenwatch.de/profile/michael-kellner,"2024-04-12 VOTE (Bundestag): Voted Ja: Selbstbestimmungsgesetz [--: Voted for the Self-Determination Act, which lets minors from 14 change legal sex with parental consent.]",BÜNDNIS 90/DIE GRÜNEN,Landesliste Brandenburg
"Nadine Heselhaus (SPD, Landesliste Nordrhein-Westfalen)",,,,,1,,"a vote, 2 years ago",moderate (whipped vote),1,https://www.abgeordnetenwatch.de/profile/nadine-heselhaus,"2024-04-12 VOTE (Bundestag): Voted Ja: Selbstbestimmungsgesetz [--: Voted for the Self-Determination Act, which lets minors from 14 change legal sex with parental consent.]",SPD,Landesliste Nordrhein-Westfalen
"Natalie Pawlik (SPD, Landesliste Hessen)",,,,,1,,"a vote, 2 years ago",moderate (whipped vote),1,https://www.abgeordnetenwatch.de/profile/natalie-pawlik,"2024-04-12 VOTE (Bundestag): Voted Ja: Selbstbestimmungsgesetz [--: Voted for the Self-Determination Act, which lets minors from 14 change legal sex with parental consent.]",SPD,Landesliste Hessen
"Niklas Wagener (BÜNDNIS 90/DIE GRÜNEN, Landesliste Bayern)",,,,,1,,"a vote, 2 years ago",moderate (whipped vote),1,https://www.abgeordnetenwatch.de/profile/niklas-wagener,"2024-04-12 VOTE (Bundestag): Voted Ja: Selbstbestimmungsgesetz [--: Voted for the Self-Determination Act, which lets minors from 14 change legal sex with parental consent.]",BÜNDNIS 90/DIE GRÜNEN,Landesliste Bayern
"Omid Nouripour (BÜNDNIS 90/DIE GRÜNEN, Landesliste Hessen)",,,,,1,,"a vote, 5 years ago",moderate (whipped vote),1,https://www.abgeordnetenwatch.de/profile/omid-nouripour,"2021-05-19 VOTE (Bundestag): Voted Ja: Aufhebung des Transsexuellengesetzes und Einführung des Selbstbestimmungsgesetzes [--: Voted for gender self-ID, including for minors.]",BÜNDNIS 90/DIE GRÜNEN,Landesliste Hessen
"Ophelia Nick (BÜNDNIS 90/DIE GRÜNEN, Landesliste Nordrhein-Westfalen)",,,,,1,,"a vote, 2 years ago",moderate (whipped vote),1,https://www.abgeordnetenwatch.de/profile/ophelia-nick,"2024-04-12 VOTE (Bundestag): Voted Ja: Selbstbestimmungsgesetz [--: Voted for the Self-Determination Act, which lets minors from 14 change legal sex with parental consent.]",BÜNDNIS 90/DIE GRÜNEN,Landesliste Nordrhein-Westfalen
"Parsa Marvi (SPD, Landesliste Baden-Württemberg)",,,,,1,,"a vote, 2 years ago",moderate (whipped vote),1,https://www.abgeordnetenwatch.de/profile/parsa-marvi,"2024-04-12 VOTE (Bundestag): Voted Ja: Selbstbestimmungsgesetz [--: Voted for the Self-Determination Act, which lets minors from 14 change legal sex with parental consent.]",SPD,Landesliste Baden-Württemberg
"Pascal Meiser (Die Linke, 82 - Berlin-Friedrichshain-Kreuzberg – Prenzlauer Berg Ost)",,,,,1,,"a vote, 5 years ago",moderate (whipped vote),1,https://www.abgeordnetenwatch.de/profile/pascal-meiser,"2021-05-19 VOTE (Bundestag): Voted Ja: Aufhebung des Transsexuellengesetzes und Einführung des Selbstbestimmungsgesetzes [--: Voted for gender self-ID, including for minors.]",Die Linke,82 - Berlin-Friedrichshain-Kreuzberg – Prenzlauer Berg Ost
"Paula Piechotta (BÜNDNIS 90/DIE GRÜNEN, Landesliste Sachsen)",,,,,1,,"a vote, 2 years ago",moderate (whipped vote),1,https://www.abgeordnetenwatch.de/profile/paula-piechotta,"2024-04-12 VOTE (Bundestag): Voted Ja: Selbstbestimmungsgesetz [--: Voted for the Self-Determination Act, which lets minors from 14 change legal sex with parental consent.]",BÜNDNIS 90/DIE GRÜNEN,Landesliste Sachsen
"Ralf Stegner (SPD, Landesliste Schleswig-Holstein)",,,,,1,,"a vote, 2 years ago",moderate (whipped vote),1,https://www.abgeordnetenwatch.de/profile/ralf-stegner,"2024-04-12 VOTE (Bundestag): Voted Ja: Selbstbestimmungsgesetz [--: Voted for the Self-Determination Act, which lets minors from 14 change legal sex with parental consent.]",SPD,Landesliste Schleswig-Holstein
"Rasha Nasr (SPD, Landesliste Sachsen)",,,,,1,,"a vote, 2 years ago",moderate (whipped vote),1,https://www.abgeordnetenwatch.de/profile/rasha-nasr,"2024-04-12 VOTE (Bundestag): Voted Ja: Selbstbestimmungsgesetz [--: Voted for the Self-Determination Act, which lets minors from 14 change legal sex with parental consent.]",SPD,Landesliste Sachsen
Reem Alabali Radovan (SPD),,,,,1,,"a vote, 2 years ago",moderate (whipped vote),1,https://www.abgeordnetenwatch.de/profile/reem-alabali-radovan,"2024-04-12 VOTE (Bundestag): Voted Ja: Selbstbestimmungsgesetz [--: Voted for the Self-Determination Act, which lets minors from 14 change legal sex with parental consent.]",SPD,
"Ricarda Lang (BÜNDNIS 90/DIE GRÜNEN, Landesliste Baden-Württemberg)",,,,,1,,"a vote, 2 years ago",moderate (whipped vote),1,https://www.abgeordnetenwatch.de/profile/ricarda-lang,"2024-04-12 VOTE (Bundestag): Voted Ja: Selbstbestimmungsgesetz [--: Voted for the Self-Determination Act, which lets minors from 14 change legal sex with parental consent.]",BÜNDNIS 90/DIE GRÜNEN,Landesliste Baden-Württemberg
"Robin Wagener (BÜNDNIS 90/DIE GRÜNEN, Landesliste Nordrhein-Westfalen)",,,,,1,,"a vote, 2 years ago",moderate (whipped vote),1,https://www.abgeordnetenwatch.de/profile/robin-wagener,"2024-04-12 VOTE (Bundestag): Voted Ja: Selbstbestimmungsgesetz [--: Voted for the Self-Determination Act, which lets minors from 14 change legal sex with parental consent.]",BÜNDNIS 90/DIE GRÜNEN,Landesliste Nordrhein-Westfalen
"Ruppert Stüwe (SPD, Landesliste Berlin)",,,,,1,,"a vote, 2 years ago",moderate (whipped vote),1,https://www.abgeordnetenwatch.de/profile/ruppert-stuewe,"2024-04-12 VOTE (Bundestag): Voted Ja: Selbstbestimmungsgesetz [--: Voted for the Self-Determination Act, which lets minors from 14 change legal sex with parental consent.]",SPD,Landesliste Berlin
"Sandra Detzer (BÜNDNIS 90/DIE GRÜNEN, Landesliste Baden-Württemberg)",,,,,1,,"a vote, 2 years ago",moderate (whipped vote),1,https://www.abgeordnetenwatch.de/profile/sandra-detzer,"2024-04-12 VOTE (Bundestag): Voted Ja: Selbstbestimmungsgesetz [--: Voted for the Self-Determination Act, which lets minors from 14 change legal sex with parental consent.]",BÜNDNIS 90/DIE GRÜNEN,Landesliste Baden-Württemberg
"Sara Nanni (BÜNDNIS 90/DIE GRÜNEN, Landesliste Nordrhein-Westfalen)",,,,,1,,"a vote, 2 years ago",moderate (whipped vote),1,https://www.abgeordnetenwatch.de/profile/sara-nanni,"2024-04-12 VOTE (Bundestag): Voted Ja: Selbstbestimmungsgesetz [--: Voted for the Self-Determination Act, which lets minors from 14 change legal sex with parental consent.]",BÜNDNIS 90/DIE GRÜNEN,Landesliste Nordrhein-Westfalen
"Sascha Müller (BÜNDNIS 90/DIE GRÜNEN, Landesliste Bayern)",,,,,1,,"a vote, 2 years ago",moderate (whipped vote),1,https://www.abgeordnetenwatch.de/profile/sascha-mueller-0,"2024-04-12 VOTE (Bundestag): Voted Ja: Selbstbestimmungsgesetz [--: Voted for the Self-Determination Act, which lets minors from 14 change legal sex with parental consent.]",BÜNDNIS 90/DIE GRÜNEN,Landesliste Bayern
"Schahina Gambir (BÜNDNIS 90/DIE GRÜNEN, Landesliste Nordrhein-Westfalen)",,,,,1,,"a vote, 2 years ago",moderate (whipped vote),1,https://www.abgeordnetenwatch.de/profile/schahina-gambir,"2024-04-12 VOTE (Bundestag): Voted Ja: Selbstbestimmungsgesetz [--: Voted for the Self-Determination Act, which lets minors from 14 change legal sex with parental consent.]",BÜNDNIS 90/DIE GRÜNEN,Landesliste Nordrhein-Westfalen
"Sebastian Roloff (SPD, Landesliste Bayern)",,,,,1,,"a vote, 2 years ago",moderate (whipped vote),1,https://www.abgeordnetenwatch.de/profile/sebastian-roloff,"2024-04-12 VOTE (Bundestag): Voted Ja: Selbstbestimmungsgesetz [--: Voted for the Self-Determination Act, which lets minors from 14 change legal sex with parental consent.]",SPD,Landesliste Bayern
"Sebastian Schäfer (BÜNDNIS 90/DIE GRÜNEN, Landesliste Baden-Württemberg)",,,,,1,,"a vote, 2 years ago",moderate (whipped vote),1,https://www.abgeordnetenwatch.de/profile/sebastian-schaefer-0,"2024-04-12 VOTE (Bundestag): Voted Ja: Selbstbestimmungsgesetz [--: Voted for the Self-Determination Act, which lets minors from 14 change legal sex with parental consent.]",BÜNDNIS 90/DIE GRÜNEN,Landesliste Baden-Württemberg
"Sonja Eichwede (SPD, Landesliste Brandenburg)",,,,,1,,"a vote, 2 years ago",moderate (whipped vote),1,https://www.abgeordnetenwatch.de/profile/sonja-eichwede,"2024-04-12 VOTE (Bundestag): Voted Ja: Selbstbestimmungsgesetz [--: Voted for the Self-Determination Act, which lets minors from 14 change legal sex with parental consent.]",SPD,Landesliste Brandenburg
"Stefan Schwartze (SPD, Landesliste Nordrhein-Westfalen)",,,,,1,,"a vote, 2 years ago",moderate (whipped vote),1,https://www.abgeordnetenwatch.de/profile/stefan-schwartze,"2024-04-12 VOTE (Bundestag): Voted Ja: Selbstbestimmungsgesetz [--: Voted for the Self-Determination Act, which lets minors from 14 change legal sex with parental consent.]",SPD,Landesliste Nordrhein-Westfalen
"Stefan Seidler (fraktionslos, Landesliste Schleswig-Holstein)",,,,,1,,"a vote, 2 years ago",moderate (whipped vote),1,https://www.abgeordnetenwatch.de/profile/stefan-seidler,"2024-04-12 VOTE (Bundestag): Voted Ja: Selbstbestimmungsgesetz [--: Voted for the Self-Determination Act, which lets minors from 14 change legal sex with parental consent.]",fraktionslos,Landesliste Schleswig-Holstein
"Svenja Schulze (SPD, Landesliste Nordrhein-Westfalen)",,,,,1,,"a vote, 2 years ago",moderate (whipped vote),1,https://www.abgeordnetenwatch.de/profile/svenja-schulze,"2024-04-12 VOTE (Bundestag): Voted Ja: Selbstbestimmungsgesetz [--: Voted for the Self-Determination Act, which lets minors from 14 change legal sex with parental consent.]",SPD,Landesliste Nordrhein-Westfalen
"Swantje Michaelsen (BÜNDNIS 90/DIE GRÜNEN, Landesliste Niedersachsen)",,,,,1,,"a vote, 2 years ago",moderate (whipped vote),1,https://www.abgeordnetenwatch.de/profile/swantje-michaelsen,"2024-04-12 VOTE (Bundestag): Voted Ja: Selbstbestimmungsgesetz [--: Voted for the Self-Determination Act, which lets minors from 14 change legal sex with parental consent.]",BÜNDNIS 90/DIE GRÜNEN,Landesliste Niedersachsen
"Tanja Machalet (SPD, Landesliste Rheinland-Pfalz)",,,,,1,,"a vote, 2 years ago",moderate (whipped vote),1,https://www.abgeordnetenwatch.de/profile/tanja-machalet,"2024-04-12 VOTE (Bundestag): Voted Ja: Selbstbestimmungsgesetz [--: Voted for the Self-Determination Act, which lets minors from 14 change legal sex with parental consent.]",SPD,Landesliste Rheinland-Pfalz
"Thorsten Rudolph (SPD, Landesliste Rheinland-Pfalz)",,,,,1,,"a vote, 2 years ago",moderate (whipped vote),1,https://www.abgeordnetenwatch.de/profile/thorsten-rudolph,"2024-04-12 VOTE (Bundestag): Voted Ja: Selbstbestimmungsgesetz [--: Voted for the Self-Determination Act, which lets minors from 14 change legal sex with parental consent.]",SPD,Landesliste Rheinland-Pfalz
"Tim Klüssendorf (SPD, 11 - Lübeck)",,,,,1,,"a vote, 2 years ago",moderate (whipped vote),1,https://www.abgeordnetenwatch.de/profile/tim-kluessendorf,"2024-04-12 VOTE (Bundestag): Voted Ja: Selbstbestimmungsgesetz [--: Voted for the Self-Determination Act, which lets minors from 14 change legal sex with parental consent.]",SPD,11 - Lübeck
"Tina Winklmann (BÜNDNIS 90/DIE GRÜNEN, Landesliste Bayern)",,,,,1,,"a vote, 2 years ago",moderate (whipped vote),1,https://www.abgeordnetenwatch.de/profile/tina-winklmann,"2024-04-12 VOTE (Bundestag): Voted Ja: Selbstbestimmungsgesetz [--: Voted for the Self-Determination Act, which lets minors from 14 change legal sex with parental consent.]",BÜNDNIS 90/DIE GRÜNEN,Landesliste Bayern
"Verena Hubertz (SPD, Landesliste Rheinland-Pfalz)",,,,,1,,"a vote, 2 years ago",moderate (whipped vote),1,https://www.abgeordnetenwatch.de/profile/verena-hubertz,"2024-04-12 VOTE (Bundestag): Voted Ja: Selbstbestimmungsgesetz [--: Voted for the Self-Determination Act, which lets minors from 14 change legal sex with parental consent.]",SPD,Landesliste Rheinland-Pfalz
"Zoe Mayer (BÜNDNIS 90/DIE GRÜNEN, 271 - Karlsruhe-Stadt)",,,,,1,,"a vote, 2 years ago",moderate (whipped vote),1,https://www.abgeordnetenwatch.de/profile/zoe-mayer,"2024-04-12 VOTE (Bundestag): Voted Ja: Selbstbestimmungsgesetz [--: Voted for the Self-Determination Act, which lets minors from 14 change legal sex with parental consent.]",BÜNDNIS 90/DIE GRÜNEN,271 - Karlsruhe-Stadt
"Albert Stegemann (CDU/CSU, 31 - Mittelems)",,,,,,,no placement,"on record, side not placed",1,https://www.abgeordnetenwatch.de/profile/albert-stegemann,2021-05-19 VOTE (Bundestag): Voted Nein: Aufhebung des Transsexuellengesetzes und Einführung des Selbstbestimmungsgesetzes [this side carries no value -- its lobby tells no member apart],CDU/CSU,31 - Mittelems
"Andreas Bleck (AfD, Landesliste Rheinland-Pfalz)",,,,,,,no placement,"on record, side not placed",1,https://www.abgeordnetenwatch.de/profile/andreas-bleck,2021-05-19 VOTE (Bundestag): Voted Nein: Aufhebung des Transsexuellengesetzes und Einführung des Selbstbestimmungsgesetzes [this side carries no value -- its lobby tells no member apart],AfD,Landesliste Rheinland-Pfalz
"Daniela Ludwig (CDU/CSU, 221 - Rosenheim)",,,,,,,no placement,"on record, side not placed",1,https://www.abgeordnetenwatch.de/profile/daniela-ludwig,2021-05-19 VOTE (Bundestag): Voted Nein: Aufhebung des Transsexuellengesetzes und Einführung des Selbstbestimmungsgesetzes [this side carries no value -- its lobby tells no member apart],CDU/CSU,221 - Rosenheim
"Enrico Komning (AfD, 16 - Mecklenburgische Seenplatte I – Vorpommern-Greifswald II)",,,,,,,no placement,"on record, side not placed",1,https://www.abgeordnetenwatch.de/profile/enrico-komning,2021-05-19 VOTE (Bundestag): Voted Nein: Aufhebung des Transsexuellengesetzes und Einführung des Selbstbestimmungsgesetzes [this side carries no value -- its lobby tells no member apart],AfD,16 - Mecklenburgische Seenplatte I – Vorpommern-Greifswald II
"Hendrik Hoppenstedt (CDU/CSU, 43 - Hannover-Land I)",,,,,,,no placement,"on record, side not placed",1,https://www.abgeordnetenwatch.de/profile/hendrik-hoppenstedt,2021-05-19 VOTE (Bundestag): Voted Nein: Aufhebung des Transsexuellengesetzes und Einführung des Selbstbestimmungsgesetzes [this side carries no value -- its lobby tells no member apart],CDU/CSU,43 - Hannover-Land I
"Hermann Färber (CDU/CSU, 263 - Göppingen)",,,,,,,no placement,"on record, side not placed",1,https://www.abgeordnetenwatch.de/profile/hermann-faerber,2021-05-19 VOTE (Bundestag): Voted Nein: Aufhebung des Transsexuellengesetzes und Einführung des Selbstbestimmungsgesetzes [this side carries no value -- its lobby tells no member apart],CDU/CSU,263 - Göppingen
"Josephine Ortleb (SPD, 296 - Saarbrücken)",,,,,,,no placement,"on record, side not placed",1,https://www.abgeordnetenwatch.de/profile/josephine-ortleb,2021-05-19 VOTE (Bundestag): Voted Nein: Aufhebung des Transsexuellengesetzes und Einführung des Selbstbestimmungsgesetzes [this side carries no value -- its lobby tells no member apart],SPD,296 - Saarbrücken
"Jürgen Hardt (CDU/CSU, 102 - Solingen – Remscheid – Wuppertal II)",,,,,,,no placement,"on record, side not placed",1,https://www.abgeordnetenwatch.de/profile/juergen-hardt,2021-05-19 VOTE (Bundestag): Voted Nein: Aufhebung des Transsexuellengesetzes und Einführung des Selbstbestimmungsgesetzes [this side carries no value -- its lobby tells no member apart],CDU/CSU,102 - Solingen – Remscheid – Wuppertal II
"Kerstin Griese (SPD, Landesliste Nordrhein-Westfalen)",,,,,,,no placement,"on record, side not placed",1,https://www.abgeordnetenwatch.de/profile/kerstin-griese,2021-05-19 VOTE (Bundestag): Voted Nein: Aufhebung des Transsexuellengesetzes und Einführung des Selbstbestimmungsgesetzes [this side carries no value -- its lobby tells no member apart],SPD,Landesliste Nordrhein-Westfalen
"Klaus-Peter Willsch (CDU/CSU, 177 - Rheingau-Taunus – Limburg)",,,,,,,no placement,"on record, side not placed",1,https://www.abgeordnetenwatch.de/profile/klaus-peter-willsch,2021-05-19 VOTE (Bundestag): Voted Nein: Aufhebung des Transsexuellengesetzes und Einführung des Selbstbestimmungsgesetzes [this side carries no value -- its lobby tells no member apart],CDU/CSU,177 - Rheingau-Taunus – Limburg
"Lars Klingbeil (SPD, 35 - Rotenburg I – Heidekreis)",,,,,,,no placement,"on record, side not placed",1,https://www.abgeordnetenwatch.de/profile/lars-klingbeil,2021-05-19 VOTE (Bundestag): Voted Nein: Aufhebung des Transsexuellengesetzes und Einführung des Selbstbestimmungsgesetzes [this side carries no value -- its lobby tells no member apart],SPD,35 - Rotenburg I – Heidekreis
"Leif-Erik Holm (AfD, 12 - Schwerin – Ludwigslust-Parchim I – Nordwestmecklenburg I)",,,,,,,no placement,"on record, side not placed",1,https://www.abgeordnetenwatch.de/profile/leif-erik-holm,2021-05-19 VOTE (Bundestag): Voted Nein: Aufhebung des Transsexuellengesetzes und Einführung des Selbstbestimmungsgesetzes [this side carries no value -- its lobby tells no member apart],AfD,12 - Schwerin – Ludwigslust-Parchim I – Nordwestmecklenburg I
"Martin Erwin Renner (AfD, Landesliste Nordrhein-Westfalen)",,,,,,,no placement,"on record, side not placed",1,https://www.abgeordnetenwatch.de/profile/martin-erwin-renner,2021-05-19 VOTE (Bundestag): Voted Nein: Aufhebung des Transsexuellengesetzes und Einführung des Selbstbestimmungsgesetzes [this side carries no value -- its lobby tells no member apart],AfD,Landesliste Nordrhein-Westfalen
"Martin Gerster (SPD, Landesliste Baden-Württemberg)",,,,,,,no placement,"on record, side not placed",1,https://www.abgeordnetenwatch.de/profile/martin-gerster,2021-05-19 VOTE (Bundestag): Voted Nein: Aufhebung des Transsexuellengesetzes und Einführung des Selbstbestimmungsgesetzes [this side carries no value -- its lobby tells no member apart],SPD,Landesliste Baden-Württemberg
"Mathias Middelberg (CDU/CSU, 39 - Stadt Osnabrück)",,,,,,,no placement,"on record, side not placed",1,https://www.abgeordnetenwatch.de/profile/mathias-middelberg,2021-05-19 VOTE (Bundestag): Voted Nein: Aufhebung des Transsexuellengesetzes und Einführung des Selbstbestimmungsgesetzes [this side carries no value -- its lobby tells no member apart],CDU/CSU,39 - Stadt Osnabrück
"Mechthild Heil (CDU/CSU, 197 - Ahrweiler)",,,,,,,no placement,"on record, side not placed",1,https://www.abgeordnetenwatch.de/profile/mechthild-heil,2021-05-19 VOTE (Bundestag): Voted Nein: Aufhebung des Transsexuellengesetzes und Einführung des Selbstbestimmungsgesetzes [this side carries no value -- its lobby tells no member apart],CDU/CSU,197 - Ahrweiler
"Michael Brand (CDU/CSU, 173 - Fulda)",,,,,,,no placement,"on record, side not placed",1,https://www.abgeordnetenwatch.de/profile/michael-brand,2021-05-19 VOTE (Bundestag): Voted Nein: Aufhebung des Transsexuellengesetzes und Einführung des Selbstbestimmungsgesetzes [this side carries no value -- its lobby tells no member apart],CDU/CSU,173 - Fulda
"Michael Espendiller (AfD, Landesliste Nordrhein-Westfalen)",,,,,,,no placement,"on record, side not placed",1,https://www.abgeordnetenwatch.de/profile/michael-espendiller,2021-05-19 VOTE (Bundestag): Voted Nein: Aufhebung des Transsexuellengesetzes und Einführung des Selbstbestimmungsgesetzes [this side carries no value -- its lobby tells no member apart],AfD,Landesliste Nordrhein-Westfalen
"Michael Kießling (CDU/CSU, 223 - Starnberg – Landsberg am Lech)",,,,,,,no placement,"on record, side not placed",1,https://www.abgeordnetenwatch.de/profile/michael-kiessling,2021-05-19 VOTE (Bundestag): Voted Nein: Aufhebung des Transsexuellengesetzes und Einführung des Selbstbestimmungsgesetzes [this side carries no value -- its lobby tells no member apart],CDU/CSU,223 - Starnberg – Landsberg am Lech
"Norbert Röttgen (CDU/CSU, 97 - Rhein-Sieg-Kreis II)",,,,,,,no placement,"on record, side not placed",1,https://www.abgeordnetenwatch.de/profile/norbert-roettgen,2021-05-19 VOTE (Bundestag): Voted Nein: Aufhebung des Transsexuellengesetzes und Einführung des Selbstbestimmungsgesetzes [this side carries no value -- its lobby tells no member apart],CDU/CSU,97 - Rhein-Sieg-Kreis II
"Peter Boehringer (AfD, Landesliste Bayern)",,,,,,,no placement,"on record, side not placed",1,https://www.abgeordnetenwatch.de/profile/peter-boehringer,2021-05-19 VOTE (Bundestag): Voted Nein: Aufhebung des Transsexuellengesetzes und Einführung des Selbstbestimmungsgesetzes [this side carries no value -- its lobby tells no member apart],AfD,Landesliste Bayern
Peter Felser (AfD),,,,,,,no placement,"on record, side not placed",1,https://www.abgeordnetenwatch.de/profile/peter-felser,2021-05-19 VOTE (Bundestag): Voted Nein: Aufhebung des Transsexuellengesetzes und Einführung des Selbstbestimmungsgesetzes [this side carries no value -- its lobby tells no member apart],AfD,
"René Springer (AfD, 59 - Märkisch-Oderland – Barnim II)",,,,,,,no placement,"on record, side not placed",1,https://www.abgeordnetenwatch.de/profile/rene-springer,2021-05-19 VOTE (Bundestag): Voted Nein: Aufhebung des Transsexuellengesetzes und Einführung des Selbstbestimmungsgesetzes [this side carries no value -- its lobby tells no member apart],AfD,59 - Märkisch-Oderland – Barnim II
"Roderich Kiesewetter (CDU/CSU, 270 - Aalen – Heidenheim)",,,,,,,no placement,"on record, side not placed",1,https://www.abgeordnetenwatch.de/profile/roderich-kiesewetter,2021-05-19 VOTE (Bundestag): Voted Nein: Aufhebung des Transsexuellengesetzes und Einführung des Selbstbestimmungsgesetzes [this side carries no value -- its lobby tells no member apart],CDU/CSU,270 - Aalen – Heidenheim
"Rolf Mützenich (SPD, Landesliste Nordrhein-Westfalen)",,,,,,,no placement,"on record, side not placed",1,https://www.abgeordnetenwatch.de/profile/rolf-muetzenich,2021-05-19 VOTE (Bundestag): Voted Nein: Aufhebung des Transsexuellengesetzes und Einführung des Selbstbestimmungsgesetzes [this side carries no value -- its lobby tells no member apart],SPD,Landesliste Nordrhein-Westfalen
"Rüdiger Lucassen (AfD, Landesliste Nordrhein-Westfalen)",,,,,,,no placement,"on record, side not placed",1,https://www.abgeordnetenwatch.de/profile/ruediger-lucassen,2021-05-19 VOTE (Bundestag): Voted Nein: Aufhebung des Transsexuellengesetzes und Einführung des Selbstbestimmungsgesetzes [this side carries no value -- its lobby tells no member apart],AfD,Landesliste Nordrhein-Westfalen
"Saskia Ludwig (CDU/CSU, Landesliste Brandenburg)",,,,,,,no placement,"on record, side not placed",1,https://www.abgeordnetenwatch.de/profile/saskia-ludwig,2021-05-19 VOTE (Bundestag): Voted Nein: Aufhebung des Transsexuellengesetzes und Einführung des Selbstbestimmungsgesetzes [this side carries no value -- its lobby tells no member apart],CDU/CSU,Landesliste Brandenburg
"Sebastian Steineke (CDU/CSU, Landesliste Brandenburg)",,,,,,,no placement,"on record, side not placed",1,https://www.abgeordnetenwatch.de/profile/sebastian-steineke,2021-05-19 VOTE (Bundestag): Voted Nein: Aufhebung des Transsexuellengesetzes und Einführung des Selbstbestimmungsgesetzes [this side carries no value -- its lobby tells no member apart],CDU/CSU,Landesliste Brandenburg
"Stefan Zierke (SPD, Landesliste Brandenburg)",,,,,,,no placement,"on record, side not placed",1,https://www.abgeordnetenwatch.de/profile/stefan-zierke,2021-05-19 VOTE (Bundestag): Voted Nein: Aufhebung des Transsexuellengesetzes und Einführung des Selbstbestimmungsgesetzes [this side carries no value -- its lobby tells no member apart],SPD,Landesliste Brandenburg
"Udo Hemmelgarn (AfD, Landesliste Nordrhein-Westfalen)",,,,,,,no placement,"on record, side not placed",1,https://www.abgeordnetenwatch.de/profile/udo-hemmelgarn,2021-05-19 VOTE (Bundestag): Voted Nein: Aufhebung des Transsexuellengesetzes und Einführung des Selbstbestimmungsgesetzes [this side carries no value -- its lobby tells no member apart],AfD,Landesliste Nordrhein-Westfalen
Uwe Schulz (AfD),,,,,,,no placement,"on record, side not placed",1,https://www.abgeordnetenwatch.de/profile/uwe-schulz-0,2021-05-19 VOTE (Bundestag): Voted Nein: Aufhebung des Transsexuellengesetzes und Einführung des Selbstbestimmungsgesetzes [this side carries no value -- its lobby tells no member apart],AfD,
"Aaron Valent (Die Linke, Landesliste Bayern)",,,,,,,no evidence,,0,https://www.abgeordnetenwatch.de/profile/aaron-valent,,Die Linke,Landesliste Bayern
"Achim Köhler (AfD, Landesliste Baden-Württemberg)",,,,,,,no evidence,,0,https://www.abgeordnetenwatch.de/profile/achim-koehler,,AfD,Landesliste Baden-Württemberg
"Adam Balten (AfD, Landesliste Nordrhein-Westfalen)",,,,,,,no evidence,,0,https://www.abgeordnetenwatch.de/profile/adam-balten,,AfD,Landesliste Nordrhein-Westfalen
"Adrian Grasse (CDU/CSU, 78 - Berlin-Steglitz-Zehlendorf)",,,,,,,no evidence,,0,https://www.abgeordnetenwatch.de/profile/adrian-grasse,,CDU/CSU,78 - Berlin-Steglitz-Zehlendorf
"Agnes Maria Conrad (Die Linke, Landesliste Bayern)",,,,,,,no evidence,,0,https://www.abgeordnetenwatch.de/profile/agnes-maria-conrad,,Die Linke,Landesliste Bayern
"Alaa Alhamwi (BÜNDNIS 90/DIE GRÜNEN, Landesliste Niedersachsen)",,,,,,,no evidence,,0,https://www.abgeordnetenwatch.de/profile/alaa-alhamwi,,BÜNDNIS 90/DIE GRÜNEN,Landesliste Niedersachsen
"Alexander Jordan (CDU/CSU, 51 - Helmstedt – Wolfsburg)",,,,,,,no evidence,,0,https://www.abgeordnetenwatch.de/profile/alexander-jordan,,CDU/CSU,51 - Helmstedt – Wolfsburg
"Alexander Wolf (AfD, Landesliste Hamburg)",,,,,,,no evidence,,0,https://www.abgeordnetenwatch.de/profile/alexander-wolf-0,,AfD,Landesliste Hamburg
"Alice Weidel (AfD, Landesliste Baden-Württemberg)",,,,,,,no evidence,,0,https://www.abgeordnetenwatch.de/profile/alice-weidel,,AfD,Landesliste Baden-Württemberg
"Andrea Lübcke (BÜNDNIS 90/DIE GRÜNEN, Landesliste Brandenburg)",,,,,,,no evidence,,0,https://www.abgeordnetenwatch.de/profile/andrea-luebcke,,BÜNDNIS 90/DIE GRÜNEN,Landesliste Brandenburg
"Andreas Paul (AfD, Landesliste Niedersachsen)",,,,,,,no evidence,,0,https://www.abgeordnetenwatch.de/profile/andreas-paul,,AfD,Landesliste Niedersachsen
"Anna Aeikens (CDU/CSU, Landesliste Sachsen-Anhalt)",,,,,,,no evidence,,0,https://www.abgeordnetenwatch.de/profile/anna-aeikens,,CDU/CSU,Landesliste Sachsen-Anhalt
"Anna Lührmann (BÜNDNIS 90/DIE GRÜNEN, Landesliste Hessen)",,,,,,,no evidence,,0,https://www.abgeordnetenwatch.de/profile/anna-luehrmann,,BÜNDNIS 90/DIE GRÜNEN,Landesliste Hessen
"Anne Zerr (Die Linke, Landesliste Baden-Württemberg)",,,,,,,no evidence,,0,https://www.abgeordnetenwatch.de/profile/anne-zerr,,Die Linke,Landesliste Baden-Württemberg
"Armin Laschet (CDU/CSU, 86 - Aachen I)",,,,,,,no evidence,,0,https://www.abgeordnetenwatch.de/profile/armin-laschet,,CDU/CSU,86 - Aachen I
"Arne Onni Raue (AfD, 60 - Brandenburg an der Havel – Potsdam-Mittelmark I – Havelland III – Teltow-Fläming I)",,,,,,,no evidence,,0,https://www.abgeordnetenwatch.de/profile/arne-onni-raue,,AfD,60 - Brandenburg an der Havel – Potsdam-Mittelmark I – Havelland III – Teltow-Fläming I
"Astrid Timmermann-Fechter (CDU/CSU, Landesliste Nordrhein-Westfalen)",,,,,,,no evidence,,0,https://www.abgeordnetenwatch.de/profile/astrid-timmermann-fechter,,CDU/CSU,Landesliste Nordrhein-Westfalen
"Ayse Asar (BÜNDNIS 90/DIE GRÜNEN, Landesliste Hessen)",,,,,,,no evidence,,0,https://www.abgeordnetenwatch.de/profile/ayse-asar,,BÜNDNIS 90/DIE GRÜNEN,Landesliste Hessen
"Bastian Alfons Ernst (CDU/CSU, 28 - Delmenhorst – Wesermarsch – Oldenburg-Land)",,,,,,,no evidence,,0,https://www.abgeordnetenwatch.de/profile/bastian-alfons-ernst,,CDU/CSU,28 - Delmenhorst – Wesermarsch – Oldenburg-Land
Bastian Treuheit (AfD),,,,,,,no evidence,,0,https://www.abgeordnetenwatch.de/profile/bastian-treuheit,,AfD,
"Benedikt Büdenbender (CDU/CSU, 147 - Siegen-Wittgenstein)",,,,,,,no evidence,,0,https://www.abgeordnetenwatch.de/profile/benedikt-buedenbender,,CDU/CSU,147 - Siegen-Wittgenstein
Bernd Schuhmann (AfD),,,,,,,no evidence,,0,https://www.abgeordnetenwatch.de/profile/bernd-schuhmann,,AfD,
"Bettina Lugk (SPD, Landesliste Nordrhein-Westfalen)",,,,,,,no evidence,,0,https://www.abgeordnetenwatch.de/profile/bettina-lugk,,SPD,Landesliste Nordrhein-Westfalen
"Bodo Ramelow (Die Linke, 192 - Erfurt – Weimar – Weimarer Land II)",,,,,,,no evidence,,0,https://www.abgeordnetenwatch.de/profile/bodo-ramelow,,Die Linke,192 - Erfurt – Weimar – Weimarer Land II
Boris Gamanov (AfD),,,,,,,no evidence,,0,https://www.abgeordnetenwatch.de/profile/boris-gamanov,,AfD,
"Boris Pistorius (SPD, 42 - Stadt Hannover II)",,,,,,,no evidence,,0,https://www.abgeordnetenwatch.de/profile/boris-pistorius,,SPD,42 - Stadt Hannover II
Cansu Özdemir (Die Linke),,,,,,,no evidence,,0,https://www.abgeordnetenwatch.de/profile/cansu-oezdemir,,Die Linke,
"Carl-Philipp Sassenrath (CDU/CSU, 107 - Neuss I)",,,,,,,no evidence,,0,https://www.abgeordnetenwatch.de/profile/carl-philipp-sassenrath,,CDU/CSU,107 - Neuss I
"Caroline Bosbach (CDU/CSU, 99 - Rheinisch-Bergischer Kreis)",,,,,,,no evidence,,0,https://www.abgeordnetenwatch.de/profile/caroline-bosbach,,CDU/CSU,99 - Rheinisch-Bergischer Kreis
"Carsten Becker (AfD, Landesliste Saarland)",,,,,,,no evidence,,0,https://www.abgeordnetenwatch.de/profile/carsten-becker,,AfD,Landesliste Saarland
"Cem Ince (Die Linke, Landesliste Niedersachsen)",,,,,,,no evidence,,0,https://www.abgeordnetenwatch.de/profile/cem-ince,,Die Linke,Landesliste Niedersachsen
"Charlotte Neuhäuser (Die Linke, Landesliste Nordrhein-Westfalen)",,,,,,,no evidence,,0,https://www.abgeordnetenwatch.de/profile/charlotte-neuhaeuser,,Die Linke,Landesliste Nordrhein-Westfalen
"Christian Douglas (AfD, Landesliste Hessen)",,,,,,,no evidence,,0,https://www.abgeordnetenwatch.de/profile/christian-douglas,,AfD,Landesliste Hessen
"Christian Moser (CDU/CSU, 213 - Freising)",,,,,,,no evidence,,0,https://www.abgeordnetenwatch.de/profile/christian-moser,,CDU/CSU,213 - Freising
"Christian Reck (AfD, 154 - Meißen)",,,,,,,no evidence,,0,https://www.abgeordnetenwatch.de/profile/christian-reck,,AfD,154 - Meißen
"Christin Willnat (Die Linke, Landesliste Brandenburg)",,,,,,,no evidence,,0,https://www.abgeordnetenwatch.de/profile/christin-willnat,,Die Linke,Landesliste Brandenburg
"Christoph Frauenpreiß (CDU/CSU, 29 - Cuxhaven – Stade II)",,,,,,,no evidence,,0,https://www.abgeordnetenwatch.de/profile/christoph-frauenpreiss,,CDU/CSU,29 - Cuxhaven – Stade II
"Christoph Grimm (AfD, 13 - Ludwigslust-Parchim II – Nordwestmecklenburg II – Landkreis Rostock I)",,,,,,,no evidence,,0,https://www.abgeordnetenwatch.de/profile/christoph-grimm,,AfD,13 - Ludwigslust-Parchim II – Nordwestmecklenburg II – Landkreis Rostock I
Christoph Naser (CDU/CSU),,,,,,,no evidence,,0,https://www.abgeordnetenwatch.de/profile/christoph-naser,,CDU/CSU,
"Christopher Drößler (AfD, 188 - Eichsfeld – Nordhausen – Kyffhäuserkreis)",,,,,,,no evidence,,0,https://www.abgeordnetenwatch.de/profile/christopher-droessler,,AfD,188 - Eichsfeld – Nordhausen – Kyffhäuserkreis
"Cornell-Anette Babendererde (CDU/CSU, 36 - Harburg)",,,,,,,no evidence,,0,https://www.abgeordnetenwatch.de/profile/cornell-anette-babendererde,,CDU/CSU,36 - Harburg
"Daniel Bettermann (SPD, 167 - Kassel)",,,,,,,no evidence,,0,https://www.abgeordnetenwatch.de/profile/daniel-bettermann,,SPD,167 - Kassel
"Daniel Kölbl (CDU/CSU, 7 - Pinneberg)",,,,,,,no evidence,,0,https://www.abgeordnetenwatch.de/profile/daniel-koelbl,,CDU/CSU,7 - Pinneberg
"Daniel Walter (SPD, Landesliste Nordrhein-Westfalen)",,,,,,,no evidence,,0,https://www.abgeordnetenwatch.de/profile/daniel-walter,,SPD,Landesliste Nordrhein-Westfalen
"Daniel Zerbin (AfD, Landesliste Nordrhein-Westfalen)",,,,,,,no evidence,,0,https://www.abgeordnetenwatch.de/profile/daniel-zerbin,,AfD,Landesliste Nordrhein-Westfalen
"Daniela Rump (SPD, 48 - Hildesheim)",,,,,,,no evidence,,0,https://www.abgeordnetenwatch.de/profile/daniela-rump,,SPD,48 - Hildesheim
"Danny Meiners (AfD, Landesliste Niedersachsen)",,,,,,,no evidence,,0,https://www.abgeordnetenwatch.de/profile/danny-meiners,,AfD,Landesliste Niedersachsen
"Dario Seifert (AfD, 15 - Vorpommern-Rügen – Vorpommern-Greifswald I)",,,,,,,no evidence,,0,https://www.abgeordnetenwatch.de/profile/dario-seifert,,AfD,15 - Vorpommern-Rügen – Vorpommern-Greifswald I
"David Gregosz (CDU/CSU, Landesliste Thüringen)",,,,,,,no evidence,,0,https://www.abgeordnetenwatch.de/profile/david-gregosz,,CDU/CSU,Landesliste Thüringen
"David Mandrella (SPD, Landesliste Bayern)",,,,,,,no evidence,,0,https://www.abgeordnetenwatch.de/profile/david-mandrella,,SPD,Landesliste Bayern
"David Preisendanz (CDU/CSU, 261 - Esslingen)",,,,,,,no evidence,,0,https://www.abgeordnetenwatch.de/profile/david-preisendanz,,CDU/CSU,261 - Esslingen
Denis Pauli (AfD),,,,,,,no evidence,,0,https://www.abgeordnetenwatch.de/profile/denis-pauli,,AfD,
"Desiree Becker (Die Linke, Landesliste Hessen)",,,,,,,no evidence,,0,https://www.abgeordnetenwatch.de/profile/desiree-becker,,Die Linke,Landesliste Hessen
"Diana Herbstreuth (CDU/CSU, Landesliste Thüringen)",,,,,,,no evidence,,0,https://www.abgeordnetenwatch.de/profile/diana-herbstreuth,,CDU/CSU,Landesliste Thüringen
"Diana Zimmer (AfD, Landesliste Baden-Württemberg)",,,,,,,no evidence,,0,https://www.abgeordnetenwatch.de/profile/diana-zimmer,,AfD,Landesliste Baden-Württemberg
"Ellen Demuth (CDU/CSU, 196 - Neuwied)",,,,,,,no evidence,,0,https://www.abgeordnetenwatch.de/profile/ellen-demuth,,CDU/CSU,196 - Neuwied
Erhard Brucker (AfD),,,,,,,no evidence,,0,https://www.abgeordnetenwatch.de/profile/erhard-brucker,,AfD,
"Fabian Fahl (Die Linke, Landesliste Nordrhein-Westfalen)",,,,,,,no evidence,,0,https://www.abgeordnetenwatch.de/profile/fabian-fahl,,Die Linke,Landesliste Nordrhein-Westfalen
"Ferat Koçak (Die Linke, 81 - Berlin-Neukölln)",,,,,,,no evidence,,0,https://www.abgeordnetenwatch.de/profile/ferat-kocak,,Die Linke,81 - Berlin-Neukölln
"Florian Bilic (CDU/CSU, 209 - Pirmasens)",,,,,,,no evidence,,0,https://www.abgeordnetenwatch.de/profile/florian-bilic,,CDU/CSU,209 - Pirmasens
"Florian Dorn (CDU/CSU, 255 - Memmingen – Unterallgäu)",,,,,,,no evidence,,0,https://www.abgeordnetenwatch.de/profile/florian-dorn,,CDU/CSU,255 - Memmingen – Unterallgäu
"Florian Oest (CDU/CSU, Landesliste Sachsen)",,,,,,,no evidence,,0,https://www.abgeordnetenwatch.de/profile/florian-oest,,CDU/CSU,Landesliste Sachsen
"Frederik Bouffier (CDU/CSU, 172 - Gießen)",,,,,,,no evidence,,0,https://www.abgeordnetenwatch.de/profile/frederik-bouffier,,CDU/CSU,172 - Gießen
"Georg Günther (CDU/CSU, Landesliste Mecklenburg-Vorpommern)",,,,,,,no evidence,,0,https://www.abgeordnetenwatch.de/profile/georg-guenther,,CDU/CSU,Landesliste Mecklenburg-Vorpommern
"Georg Schroeter (AfD, Landesliste Nordrhein-Westfalen)",,,,,,,no evidence,,0,https://www.abgeordnetenwatch.de/profile/georg-schroeter,,AfD,Landesliste Nordrhein-Westfalen
"Gerhard Trabert (Die Linke, Landesliste Rheinland-Pfalz)",,,,,,,no evidence,,0,https://www.abgeordnetenwatch.de/profile/gerhard-trabert,,Die Linke,Landesliste Rheinland-Pfalz
Gerrit Huy (AfD),,,,,,,no evidence,,0,https://www.abgeordnetenwatch.de/profile/gerrit-huy,,AfD,
"Günter Baumgartner (CDU/CSU, 229 - Rottal-Inn)",,,,,,,no evidence,,0,https://www.abgeordnetenwatch.de/profile/guenter-baumgartner,,CDU/CSU,229 - Rottal-Inn
"Hans Koller (CDU/CSU, 228 - Passau)",,,,,,,no evidence,,0,https://www.abgeordnetenwatch.de/profile/hans-koller,,CDU/CSU,228 - Passau
"Hans Theiss (CDU/CSU, 216 - München-Nord)",,,,,,,no evidence,,0,https://www.abgeordnetenwatch.de/profile/hans-theiss,,CDU/CSU,216 - München-Nord
"Hans-Jürgen Goßner (AfD, Landesliste Baden-Württemberg)",,,,,,,no evidence,,0,https://www.abgeordnetenwatch.de/profile/hans-juergen-gossner,,AfD,Landesliste Baden-Württemberg
"Harald Orthey (CDU/CSU, 203 - Montabaur)",,,,,,,no evidence,,0,https://www.abgeordnetenwatch.de/profile/harald-orthey,,CDU/CSU,203 - Montabaur
"Hauke Finger (AfD, Landesliste Nordrhein-Westfalen)",,,,,,,no evidence,,0,https://www.abgeordnetenwatch.de/profile/hauke-finger,,AfD,Landesliste Nordrhein-Westfalen
"Heiko Hain (CDU/CSU, 238 - Hof)",,,,,,,no evidence,,0,https://www.abgeordnetenwatch.de/profile/heiko-hain,,CDU/CSU,238 - Hof
"Heinrich Koch (AfD, Landesliste Baden-Württemberg)",,,,,,,no evidence,,0,https://www.abgeordnetenwatch.de/profile/heinrich-koch,,AfD,Landesliste Baden-Württemberg
"Hendrik Bollmann (SPD, 140 - Herne – Bochum II)",,,,,,,no evidence,,0,https://www.abgeordnetenwatch.de/profile/hendrik-bollmann,,SPD,140 - Herne – Bochum II
"Hendrik Streeck (CDU/CSU, 95 - Bonn)",,,,,,,no evidence,,0,https://www.abgeordnetenwatch.de/profile/hendrik-streeck,,CDU/CSU,95 - Bonn
"Henri Schmidt (CDU/CSU, 10 - Herzogtum Lauenburg – Stormarn-Süd)",,,,,,,no evidence,,0,https://www.abgeordnetenwatch.de/profile/henri-schmidt,,CDU/CSU,10 - Herzogtum Lauenburg – Stormarn-Süd
"Hülya Düber (CDU/CSU, 250 - Würzburg)",,,,,,,no evidence,,0,https://www.abgeordnetenwatch.de/profile/huelya-dueber,,CDU/CSU,250 - Würzburg
"Ines Schwerdtner (Die Linke, 85 - Berlin-Lichtenberg)",,,,,,,no evidence,,0,https://www.abgeordnetenwatch.de/profile/ines-schwerdtner,,Die Linke,85 - Berlin-Lichtenberg
"Ingo Vogel (SPD, 118 - Essen II)",,,,,,,no evidence,,0,https://www.abgeordnetenwatch.de/profile/ingo-vogel,,SPD,118 - Essen II
"Iris Nieland (AfD, Landesliste Rheinland-Pfalz)",,,,,,,no evidence,,0,https://www.abgeordnetenwatch.de/profile/iris-nieland,,AfD,Landesliste Rheinland-Pfalz
"Isabelle Vandre (Die Linke, Landesliste Brandenburg)",,,,,,,no evidence,,0,https://www.abgeordnetenwatch.de/profile/isabelle-vandre,,Die Linke,Landesliste Brandenburg
"Jan Köstering (Die Linke, Landesliste Nordrhein-Westfalen)",,,,,,,no evidence,,0,https://www.abgeordnetenwatch.de/profile/jan-koestering,,Die Linke,Landesliste Nordrhein-Westfalen
"Jan van Aken (Die Linke, Landesliste Hamburg)",,,,,,,no evidence,,0,https://www.abgeordnetenwatch.de/profile/jan-van-aken,,Die Linke,Landesliste Hamburg
"Jan-Wilhelm Pohlmann (CDU/CSU, 166 - Waldeck)",,,,,,,no evidence,,0,https://www.abgeordnetenwatch.de/profile/jan-wilhelm-pohlmann,,CDU/CSU,166 - Waldeck
"Janina Böttger (Die Linke, Landesliste Sachsen-Anhalt)",,,,,,,no evidence,,0,https://www.abgeordnetenwatch.de/profile/janina-boettger,,Die Linke,Landesliste Sachsen-Anhalt
"Janine Wissler (Die Linke, Landesliste Hessen)",,,,,,,no evidence,,0,https://www.abgeordnetenwatch.de/profile/janine-wissler,,Die Linke,Landesliste Hessen
"Jasmina Hostert (SPD, Landesliste Baden-Württemberg)",,,,,,,no evidence,,0,https://www.abgeordnetenwatch.de/profile/jasmina-hostert,,SPD,Landesliste Baden-Württemberg
"Jeanne Dillschneider (BÜNDNIS 90/DIE GRÜNEN, Landesliste Saarland)",,,,,,,no evidence,,0,https://www.abgeordnetenwatch.de/profile/jeanne-dillschneider,,BÜNDNIS 90/DIE GRÜNEN,Landesliste Saarland
"Jens Behrens (SPD, Landesliste Nordrhein-Westfalen)",,,,,,,no evidence,,0,https://www.abgeordnetenwatch.de/profile/jens-behrens,,SPD,Landesliste Nordrhein-Westfalen
"Joachim Ebmeyer (CDU/CSU, 132 - Herford – Minden-Lübbecke II)",,,,,,,no evidence,,0,https://www.abgeordnetenwatch.de/profile/joachim-ebmeyer,,CDU/CSU,132 - Herford – Minden-Lübbecke II
"Johannes Rothenberger (CDU/CSU, 284 - Offenburg)",,,,,,,no evidence,,0,https://www.abgeordnetenwatch.de/profile/johannes-rothenberger,,CDU/CSU,284 - Offenburg
"Johannes Volkmann (CDU/CSU, 171 - Lahn-Dill)",,,,,,,no evidence,,0,https://www.abgeordnetenwatch.de/profile/johannes-volkmann-0,,CDU/CSU,171 - Lahn-Dill
"Johannes Wiegelmann (CDU/CSU, 174 - Main-Kinzig – Wetterau II – Schotten)",,,,,,,no evidence,,0,https://www.abgeordnetenwatch.de/profile/johannes-wiegelmann,,CDU/CSU,174 - Main-Kinzig – Wetterau II – Schotten
"Johannes Winkel (CDU/CSU, 106 - Düsseldorf II)",,,,,,,no evidence,,0,https://www.abgeordnetenwatch.de/profile/johannes-winkel,,CDU/CSU,106 - Düsseldorf II
"Julia Schneider (BÜNDNIS 90/DIE GRÜNEN, 75 - Berlin-Pankow)",,,,,,,no evidence,,0,https://www.abgeordnetenwatch.de/profile/julia-schneider,,BÜNDNIS 90/DIE GRÜNEN,75 - Berlin-Pankow
"Julian Joswig (BÜNDNIS 90/DIE GRÜNEN, Landesliste Rheinland-Pfalz)",,,,,,,no evidence,,0,https://www.abgeordnetenwatch.de/profile/julian-joswig,,BÜNDNIS 90/DIE GRÜNEN,Landesliste Rheinland-Pfalz
"Julian Schmidt (AfD, Landesliste Hessen)",,,,,,,no evidence,,0,https://www.abgeordnetenwatch.de/profile/julian-schmidt,,AfD,Landesliste Hessen
"Jörg Zirwes (AfD, Landesliste Rheinland-Pfalz)",,,,,,,no evidence,,0,https://www.abgeordnetenwatch.de/profile/joerg-zirwes,,AfD,Landesliste Rheinland-Pfalz
"Jürgen Kögel (AfD, Landesliste Baden-Württemberg)",,,,,,,no evidence,,0,https://www.abgeordnetenwatch.de/profile/juergen-koegel,,AfD,Landesliste Baden-Württemberg
"Karoline Otte (BÜNDNIS 90/DIE GRÜNEN, Landesliste Niedersachsen)",,,,,,,no evidence,,0,https://www.abgeordnetenwatch.de/profile/karoline-otte,,BÜNDNIS 90/DIE GRÜNEN,Landesliste Niedersachsen
"Katalin Gennburg (Die Linke, Landesliste Berlin)",,,,,,,no evidence,,0,https://www.abgeordnetenwatch.de/profile/katalin-gennburg,,Die Linke,Landesliste Berlin
"Katja Strauss-Köster (CDU/CSU, 138 - Ennepe-Ruhr-Kreis II)",,,,,,,no evidence,,0,https://www.abgeordnetenwatch.de/profile/katja-strauss-koester,,CDU/CSU,138 - Ennepe-Ruhr-Kreis II
"Katrin Fey (Die Linke, Landesliste Nordrhein-Westfalen)",,,,,,,no evidence,,0,https://www.abgeordnetenwatch.de/profile/katrin-fey,,Die Linke,Landesliste Nordrhein-Westfalen
"Knuth Meyer-Soltau (AfD, Landesliste Nordrhein-Westfalen)",,,,,,,no evidence,,0,https://www.abgeordnetenwatch.de/profile/knuth-meyer-soltau,,AfD,Landesliste Nordrhein-Westfalen
"Konrad Körner (CDU/CSU, 241 - Erlangen)",,,,,,,no evidence,,0,https://www.abgeordnetenwatch.de/profile/konrad-koerner,,CDU/CSU,241 - Erlangen
"Kurt Klaus Kleinschmidt (AfD, Landesliste Schleswig-Holstein)",,,,,,,no evidence,,0,https://www.abgeordnetenwatch.de/profile/kurt-klaus-kleinschmidt,,AfD,Landesliste Schleswig-Holstein
"Lars Ehm (CDU/CSU, 121 - Recklinghausen II)",,,,,,,no evidence,,0,https://www.abgeordnetenwatch.de/profile/lars-ehm,,CDU/CSU,121 - Recklinghausen II
"Lars Haise (AfD, Landesliste Baden-Württemberg)",,,,,,,no evidence,,0,https://www.abgeordnetenwatch.de/profile/lars-haise,,AfD,Landesliste Baden-Württemberg
"Lars Schieske (AfD, 64 - Cottbus – Spree-Neiße)",,,,,,,no evidence,,0,https://www.abgeordnetenwatch.de/profile/lars-schieske,,AfD,64 - Cottbus – Spree-Neiße
"Lea Reisner (Die Linke, Landesliste Nordrhein-Westfalen)",,,,,,,no evidence,,0,https://www.abgeordnetenwatch.de/profile/lea-reisner,,Die Linke,Landesliste Nordrhein-Westfalen
"Leif Bodin (CDU/CSU, 2 - Nordfriesland – Dithmarschen Nord)",,,,,,,no evidence,,0,https://www.abgeordnetenwatch.de/profile/leif-bodin,,CDU/CSU,2 - Nordfriesland – Dithmarschen Nord
"Lena Gumnior (BÜNDNIS 90/DIE GRÜNEN, Landesliste Niedersachsen)",,,,,,,no evidence,,0,https://www.abgeordnetenwatch.de/profile/lena-gumnior,,BÜNDNIS 90/DIE GRÜNEN,Landesliste Niedersachsen
"Lina Seitzl (SPD, Landesliste Baden-Württemberg)",,,,,,,no evidence,,0,https://www.abgeordnetenwatch.de/profile/lina-seitzl,,SPD,Landesliste Baden-Württemberg
"Lisa Schubert (Die Linke, Landesliste Nordrhein-Westfalen)",,,,,,,no evidence,,0,https://www.abgeordnetenwatch.de/profile/lisa-schubert,,Die Linke,Landesliste Nordrhein-Westfalen
"Luigi Pantisano (Die Linke, Landesliste Baden-Württemberg)",,,,,,,no evidence,,0,https://www.abgeordnetenwatch.de/profile/luigi-pantisano,,Die Linke,Landesliste Baden-Württemberg
"Lukas Krieger (CDU/CSU, 79 - Berlin-Charlottenburg-Wilmersdorf)",,,,,,,no evidence,,0,https://www.abgeordnetenwatch.de/profile/lukas-krieger,,CDU/CSU,79 - Berlin-Charlottenburg-Wilmersdorf
"Luke Hoß (Die Linke, Landesliste Bayern)",,,,,,,no evidence,,0,https://www.abgeordnetenwatch.de/profile/luke-hoss,,Die Linke,Landesliste Bayern
"Lutz Brinkmann (CDU/CSU, 38 - Osnabrück-Land)",,,,,,,no evidence,,0,https://www.abgeordnetenwatch.de/profile/lutz-brinkmann,,CDU/CSU,38 - Osnabrück-Land
Manfred Schiller (AfD),,,,,,,no evidence,,0,https://www.abgeordnetenwatch.de/profile/manfred-schiller,,AfD,
Manuel Johannes Krauthausen (AfD),,,,,,,no evidence,,0,https://www.abgeordnetenwatch.de/profile/manuel-johannes-krauthausen,,AfD,
"Marcel Bauer (Die Linke, Landesliste Baden-Württemberg)",,,,,,,no evidence,,0,https://www.abgeordnetenwatch.de/profile/marcel-bauer,,Die Linke,Landesliste Baden-Württemberg
"Marcel Queckemeyer (AfD, Landesliste Niedersachsen)",,,,,,,no evidence,,0,https://www.abgeordnetenwatch.de/profile/marcel-queckemeyer,,AfD,Landesliste Niedersachsen
Markus Matzerath (AfD),,,,,,,no evidence,,0,https://www.abgeordnetenwatch.de/profile/markus-matzerath,,AfD,
"Martina Uhr (AfD, Landesliste Niedersachsen)",,,,,,,no evidence,,0,https://www.abgeordnetenwatch.de/profile/martina-uhr,,AfD,Landesliste Niedersachsen
"Marvin Schulz (CDU/CSU, 76 - Berlin-Reinickendorf)",,,,,,,no evidence,,0,https://www.abgeordnetenwatch.de/profile/marvin-schulz,,CDU/CSU,76 - Berlin-Reinickendorf
"Mathias Weiser (AfD, 165 - Vogtlandkreis)",,,,,,,no evidence,,0,https://www.abgeordnetenwatch.de/profile/mathias-weiser,,AfD,165 - Vogtlandkreis
"Matthias Hiller (CDU/CSU, 262 - Nürtingen)",,,,,,,no evidence,,0,https://www.abgeordnetenwatch.de/profile/matthias-hiller,,CDU/CSU,262 - Nürtingen
"Matthias Moosdorf (AfD, 164 - Zwickau)",,,,,,,no evidence,,0,https://www.abgeordnetenwatch.de/profile/matthias-moosdorf,,AfD,164 - Zwickau
"Matthias Rentzsch (AfD, 159 - Dresden II – Bautzen II)",,,,,,,no evidence,,0,https://www.abgeordnetenwatch.de/profile/matthias-rentzsch,,AfD,159 - Dresden II – Bautzen II
"Maximilian Kneller (AfD, Landesliste Nordrhein-Westfalen)",,,,,,,no evidence,,0,https://www.abgeordnetenwatch.de/profile/maximilian-kneller,,AfD,Landesliste Nordrhein-Westfalen
"Maximilian Krah (AfD, 162 - Chemnitzer Umland – Erzgebirgskreis II)",,,,,,,no evidence,,0,https://www.abgeordnetenwatch.de/profile/maximilian-krah,,AfD,162 - Chemnitzer Umland – Erzgebirgskreis II
"Mayra Vriesema (BÜNDNIS 90/DIE GRÜNEN, Landesliste Schleswig-Holstein)",,,,,,,no evidence,,0,https://www.abgeordnetenwatch.de/profile/mayra-vriesema,,BÜNDNIS 90/DIE GRÜNEN,Landesliste Schleswig-Holstein
"Micha Fehre (AfD, Landesliste Niedersachsen)",,,,,,,no evidence,,0,https://www.abgeordnetenwatch.de/profile/micha-fehre,,AfD,Landesliste Niedersachsen
"Michael Blos (AfD, Landesliste Baden-Württemberg)",,,,,,,no evidence,,0,https://www.abgeordnetenwatch.de/profile/michael-blos,,AfD,Landesliste Baden-Württemberg
"Michael Hose (CDU/CSU, Landesliste Thüringen)",,,,,,,no evidence,,0,https://www.abgeordnetenwatch.de/profile/michael-hose,,CDU/CSU,Landesliste Thüringen
"Mirco Hanker (AfD, Landesliste Niedersachsen)",,,,,,,no evidence,,0,https://www.abgeordnetenwatch.de/profile/mirco-hanker,,AfD,Landesliste Niedersachsen
"Mirze Edis (Die Linke, Landesliste Nordrhein-Westfalen)",,,,,,,no evidence,,0,https://www.abgeordnetenwatch.de/profile/mirze-edis,,Die Linke,Landesliste Nordrhein-Westfalen
"Moritz Heuberger (BÜNDNIS 90/DIE GRÜNEN, 80 - Berlin-Tempelhof-Schöneberg)",,,,,,,no evidence,,0,https://www.abgeordnetenwatch.de/profile/moritz-heuberger,,BÜNDNIS 90/DIE GRÜNEN,80 - Berlin-Tempelhof-Schöneberg
"Nancy Faeser (SPD, Landesliste Hessen)",,,,,,,no evidence,,0,https://www.abgeordnetenwatch.de/profile/nancy-faeser,,SPD,Landesliste Hessen
"Nicklas Kappe (CDU/CSU, 124 - Bottrop – Recklinghausen III)",,,,,,,no evidence,,0,https://www.abgeordnetenwatch.de/profile/nicklas-kappe,,CDU/CSU,124 - Bottrop – Recklinghausen III
"Nora Seitz (CDU/CSU, Landesliste Sachsen)",,,,,,,no evidence,,0,https://www.abgeordnetenwatch.de/profile/nora-seitz,,CDU/CSU,Landesliste Sachsen
Olaf Hilmer (AfD),,,,,,,no evidence,,0,https://www.abgeordnetenwatch.de/profile/olaf-hilmer,,AfD,
"Olaf Scholz (SPD, 61 - Potsdam – Potsdam-Mittelmark II – Teltow-Fläming II)",,,,,,,no evidence,,0,https://www.abgeordnetenwatch.de/profile/olaf-scholz,,SPD,61 - Potsdam – Potsdam-Mittelmark II – Teltow-Fläming II
"Oliver Pöpsel (CDU/CSU, 145 - Soest)",,,,,,,no evidence,,0,https://www.abgeordnetenwatch.de/profile/oliver-poepsel,,CDU/CSU,145 - Soest
"Pascal Reddig (CDU/CSU, 179 - Hanau)",,,,,,,no evidence,,0,https://www.abgeordnetenwatch.de/profile/pascal-reddig,,CDU/CSU,179 - Hanau
Peter Bohnhof (AfD),,,,,,,no evidence,,0,https://www.abgeordnetenwatch.de/profile/peter-bohnhof,,AfD,
"Philip Hoffmann (CDU/CSU, 297 - Saarlouis)",,,,,,,no evidence,,0,https://www.abgeordnetenwatch.de/profile/philip-hoffmann,,CDU/CSU,297 - Saarlouis
"Philipp Rottwilm (SPD, Landesliste Hessen)",,,,,,,no evidence,,0,https://www.abgeordnetenwatch.de/profile/philipp-rottwilm,,SPD,Landesliste Hessen
"Pierre Lamely (AfD, Landesliste Hessen)",,,,,,,no evidence,,0,https://www.abgeordnetenwatch.de/profile/pierre-lamely,,AfD,Landesliste Hessen
"Raimond Scheirich (AfD, Landesliste Bayern)",,,,,,,no evidence,,0,https://www.abgeordnetenwatch.de/profile/raimond-scheirich,,AfD,Landesliste Bayern
"Rainer Galla (AfD, 63 - Frankfurt (Oder) – Oder-Spree)",,,,,,,no evidence,,0,https://www.abgeordnetenwatch.de/profile/rainer-galla,,AfD,63 - Frankfurt (Oder) – Oder-Spree
Rainer Gross (AfD),,,,,,,no evidence,,0,https://www.abgeordnetenwatch.de/profile/rainer-gross-0,,AfD,
"Rebecca Lenhard (BÜNDNIS 90/DIE GRÜNEN, Landesliste Bayern)",,,,,,,no evidence,,0,https://www.abgeordnetenwatch.de/profile/rebecca-lenhard,,BÜNDNIS 90/DIE GRÜNEN,Landesliste Bayern
Reinhard Mixl (AfD),,,,,,,no evidence,,0,https://www.abgeordnetenwatch.de/profile/reinhard-mixl,,AfD,
"Reza Asghari (CDU/CSU, Landesliste Niedersachsen)",,,,,,,no evidence,,0,https://www.abgeordnetenwatch.de/profile/reza-asghari,,CDU/CSU,Landesliste Niedersachsen
"Robert Teske (AfD, 195 - Suhl – Schmalkalden-Meiningen – Hildburghausen – Sonneberg)",,,,,,,no evidence,,0,https://www.abgeordnetenwatch.de/profile/robert-teske,,AfD,195 - Suhl – Schmalkalden-Meiningen – Hildburghausen – Sonneberg
"Robin Jünger (AfD, Landesliste Hessen)",,,,,,,no evidence,,0,https://www.abgeordnetenwatch.de/profile/robin-juenger,,AfD,Landesliste Hessen
"Rocco Kever (AfD, Landesliste Niedersachsen)",,,,,,,no evidence,,0,https://www.abgeordnetenwatch.de/profile/rocco-kever,,AfD,Landesliste Niedersachsen
"Roland Theis (CDU/CSU, 298 - St. Wendel)",,,,,,,no evidence,,0,https://www.abgeordnetenwatch.de/profile/roland-theis,,CDU/CSU,298 - St. Wendel
"Ronald Gläser (AfD, Landesliste Berlin)",,,,,,,no evidence,,0,https://www.abgeordnetenwatch.de/profile/ronald-glaeser,,AfD,Landesliste Berlin
"Ruben Rupp (AfD, Landesliste Baden-Württemberg)",,,,,,,no evidence,,0,https://www.abgeordnetenwatch.de/profile/ruben-rupp,,AfD,Landesliste Baden-Württemberg
"Sahra Mirow (Die Linke, Landesliste Baden-Württemberg)",,,,,,,no evidence,,0,https://www.abgeordnetenwatch.de/profile/sahra-mirow,,Die Linke,Landesliste Baden-Württemberg
"Sanae Abdi (SPD, 92 - Köln I)",,,,,,,no evidence,,0,https://www.abgeordnetenwatch.de/profile/sanae-abdi,,SPD,92 - Köln I
"Sandra Carstensen (CDU/CSU, 6 - Plön – Neumünster)",,,,,,,no evidence,,0,https://www.abgeordnetenwatch.de/profile/sandra-carstensen,,CDU/CSU,6 - Plön – Neumünster
"Sandra Stein (BÜNDNIS 90/DIE GRÜNEN, Landesliste Nordrhein-Westfalen)",,,,,,,no evidence,,0,https://www.abgeordnetenwatch.de/profile/sandra-stein,,BÜNDNIS 90/DIE GRÜNEN,Landesliste Nordrhein-Westfalen
"Sascha Lensing (AfD, Landesliste Nordrhein-Westfalen)",,,,,,,no evidence,,0,https://www.abgeordnetenwatch.de/profile/sascha-lensing,,AfD,Landesliste Nordrhein-Westfalen
"Sascha Wagner (Die Linke, Landesliste Nordrhein-Westfalen)",,,,,,,no evidence,,0,https://www.abgeordnetenwatch.de/profile/sascha-wagner-0,,Die Linke,Landesliste Nordrhein-Westfalen
"Sascha van Beek (CDU/CSU, 112 - Wesel I)",,,,,,,no evidence,,0,https://www.abgeordnetenwatch.de/profile/sascha-van-beek,,CDU/CSU,112 - Wesel I
"Sebastian Fiedler (SPD, 117 - Mülheim – Essen I)",,,,,,,no evidence,,0,https://www.abgeordnetenwatch.de/profile/sebastian-fiedler,,SPD,117 - Mülheim – Essen I
"Sebastian Schmidt (CDU/CSU, 9 - Ostholstein – Stormarn-Nord)",,,,,,,no evidence,,0,https://www.abgeordnetenwatch.de/profile/sebastian-schmidt-0,,CDU/CSU,9 - Ostholstein – Stormarn-Nord
"Serdar Yüksel (SPD, 139 - Bochum I)",,,,,,,no evidence,,0,https://www.abgeordnetenwatch.de/profile/serdar-yueksel,,SPD,139 - Bochum I
"Sergej Minich (AfD, Landesliste Bremen)",,,,,,,no evidence,,0,https://www.abgeordnetenwatch.de/profile/sergej-minich,,AfD,Landesliste Bremen
"Siegfried Walch (CDU/CSU, 224 - Traunstein)",,,,,,,no evidence,,0,https://www.abgeordnetenwatch.de/profile/siegfried-walch,,CDU/CSU,224 - Traunstein
Sieghard Knodel (fraktionslos),,,,,,,no evidence,,0,https://www.abgeordnetenwatch.de/profile/sieghard-knodel,,fraktionslos,
Stefan Glaser (CDU/CSU),,,,,,,no evidence,,0,https://www.abgeordnetenwatch.de/profile/stefan-glaser,,CDU/CSU,
"Stefan Henze (AfD, Landesliste Niedersachsen)",,,,,,,no evidence,,0,https://www.abgeordnetenwatch.de/profile/stefan-henze,,AfD,Landesliste Niedersachsen
"Stefan Korbach (CDU/CSU, 178 - Wiesbaden)",,,,,,,no evidence,,0,https://www.abgeordnetenwatch.de/profile/stefan-korbach,,CDU/CSU,178 - Wiesbaden
"Stefan Schröder (AfD, 190 - Jena – Sömmerda – Weimarer Land I)",,,,,,,no evidence,,0,https://www.abgeordnetenwatch.de/profile/stefan-schroeder,,AfD,190 - Jena – Sömmerda – Weimarer Land I
"Sven Wendorf (AfD, Landesliste Schleswig-Holstein)",,,,,,,no evidence,,0,https://www.abgeordnetenwatch.de/profile/sven-wendorf,,AfD,Landesliste Schleswig-Holstein
"Sylvia Rietenberg (BÜNDNIS 90/DIE GRÜNEN, 128 - Münster)",,,,,,,no evidence,,0,https://www.abgeordnetenwatch.de/profile/sylvia-rietenberg,,BÜNDNIS 90/DIE GRÜNEN,128 - Münster
"Tamara Mazzi (Die Linke, Landesliste Schleswig-Holstein)",,,,,,,no evidence,,0,https://www.abgeordnetenwatch.de/profile/tamara-mazzi,,Die Linke,Landesliste Schleswig-Holstein
"Tarek Al-Wazir (BÜNDNIS 90/DIE GRÜNEN, Landesliste Hessen)",,,,,,,no evidence,,0,https://www.abgeordnetenwatch.de/profile/tarek-al-wazir,,BÜNDNIS 90/DIE GRÜNEN,Landesliste Hessen
"Thomas Korell (AfD, 66 - Altmark – Jerichower Land)",,,,,,,no evidence,,0,https://www.abgeordnetenwatch.de/profile/thomas-korell,,AfD,66 - Altmark – Jerichower Land
"Thomas Ladzinski (AfD, 158 - Dresden I)",,,,,,,no evidence,,0,https://www.abgeordnetenwatch.de/profile/thomas-ladzinski,,AfD,158 - Dresden I
"Thomas Pauls (CDU/CSU, 176 - Wetterau I)",,,,,,,no evidence,,0,https://www.abgeordnetenwatch.de/profile/thomas-pauls,,CDU/CSU,176 - Wetterau I
"Thomas Stephan (AfD, Landesliste Rheinland-Pfalz)",,,,,,,no evidence,,0,https://www.abgeordnetenwatch.de/profile/thomas-stephan,,AfD,Landesliste Rheinland-Pfalz
"Tijen Ataoğlu (CDU/CSU, 137 - Hagen – Ennepe-Ruhr-Kreis I)",,,,,,,no evidence,,0,https://www.abgeordnetenwatch.de/profile/tijen-ataoglu,,CDU/CSU,137 - Hagen – Ennepe-Ruhr-Kreis I
"Timon Dzienus (BÜNDNIS 90/DIE GRÜNEN, Landesliste Niedersachsen)",,,,,,,no evidence,,0,https://www.abgeordnetenwatch.de/profile/timon-dzienus,,BÜNDNIS 90/DIE GRÜNEN,Landesliste Niedersachsen
"Tobias Teich (AfD, Landesliste Bayern)",,,,,,,no evidence,,0,https://www.abgeordnetenwatch.de/profile/tobias-teich,,AfD,Landesliste Bayern
Torben Braga (AfD),,,,,,,no evidence,,0,https://www.abgeordnetenwatch.de/profile/torben-braga,,AfD,
"Truels Reichardt (SPD, Landesliste Schleswig-Holstein)",,,,,,,no evidence,,0,https://www.abgeordnetenwatch.de/profile/truels-reichardt,,SPD,Landesliste Schleswig-Holstein
"Ulrich Thoden (Die Linke, Landesliste Nordrhein-Westfalen)",,,,,,,no evidence,,0,https://www.abgeordnetenwatch.de/profile/ulrich-thoden,,Die Linke,Landesliste Nordrhein-Westfalen
"Ulrich von Zons (AfD, Landesliste Nordrhein-Westfalen)",,,,,,,no evidence,,0,https://www.abgeordnetenwatch.de/profile/ulrich-von-zons,,AfD,Landesliste Nordrhein-Westfalen
"Vanessa-Kim Zobel (CDU/CSU, 30 - Stade I – Rotenburg II)",,,,,,,no evidence,,0,https://www.abgeordnetenwatch.de/profile/vanessa-kim-zobel,,CDU/CSU,30 - Stade I – Rotenburg II
"Victoria Broßart (BÜNDNIS 90/DIE GRÜNEN, Landesliste Bayern)",,,,,,,no evidence,,0,https://www.abgeordnetenwatch.de/profile/victoria-brossart,,BÜNDNIS 90/DIE GRÜNEN,Landesliste Bayern
"Vinzenz Glaser (Die Linke, Landesliste Baden-Württemberg)",,,,,,,no evidence,,0,https://www.abgeordnetenwatch.de/profile/vinzenz-glaser,,Die Linke,Landesliste Baden-Württemberg
"Violetta Bock (Die Linke, Landesliste Hessen)",,,,,,,no evidence,,0,https://www.abgeordnetenwatch.de/profile/violetta-bock,,Die Linke,Landesliste Hessen
"Vivian Tauschwitz (CDU/CSU, Landesliste Niedersachsen)",,,,,,,no evidence,,0,https://www.abgeordnetenwatch.de/profile/vivian-tauschwitz,,CDU/CSU,Landesliste Niedersachsen
"Volker Scheurell (AfD, 70 - Anhalt – Dessau – Wittenberg)",,,,,,,no evidence,,0,https://www.abgeordnetenwatch.de/profile/volker-scheurell,,AfD,70 - Anhalt – Dessau – Wittenberg
"Wilhelm Gebhard (CDU/CSU, 168 - Werra-Meißner – Hersfeld-Rotenburg)",,,,,,,no evidence,,0,https://www.abgeordnetenwatch.de/profile/wilhelm-gebhard,,CDU/CSU,168 - Werra-Meißner – Hersfeld-Rotenburg
"Wolfgang Dahler (CDU/CSU, 292 - Biberach)",,,,,,,no evidence,,0,https://www.abgeordnetenwatch.de/profile/wolfgang-dahler,,CDU/CSU,292 - Biberach
Totals - 630 sitting decision-makers,174,24,0,20,178,,"no evidence: 203; on record, not placed: 31",,,,,,
