Decision-Maker,++,+,0,-,--,Target (Y/N),Based on,Confidence,Evidence items,Profile,Comments,Party,Seat
"Beatrix von Storch (AfD, Landesliste Berlin)",1,,,,,,"a speech, 6 months ago",consistent (14 items),27,https://www.abgeordnetenwatch.de/profile/beatrix-von-storch,"2026-08-26 KLEINE ANFRAGE: Die vertrauliche Geburt und Formen anonymer Kindesabgabe (Drucksache 21/7740) [reading DRAFT -- not placed] | 2026-07-07 ANTRAG: Pro familia von der Schwangerschaftskonfliktberatung ausschließen - Ungeborenes Leben schützen (Drucksache 21/6927) [reading DRAFT -- not placed] | 2026-06-10 DEBATE: Rede ""Wir haben kein Geld, hauen es aber raus, als gäbe es kein Morgen, und das nicht mit der Gießkanne, sondern mit dem Wasserwerfer, und zwar in der ganzen Welt. Auf den Unsinn, den die USA nicht mehr bezahlen, packen wir no..."" [0: Speech is about foreign policy funding and UN votes, unrelated to abortion.] | 2026-03-26 DEBATE: Rede ""Zweitens. Der Population Council erkennt Abtreibung als integralen Bestandteil reproduktiver Gesundheit an und war an der Freigabe der Abtreibungspille Mifepriston beteiligt. Das hat die Abtreibungen weltweit massiv gefö..."" [++: Criticises German funding of abortion-promoting organisations abroad, clear pro-life framing.] | 2026-03-03 KLEINE ANFRAGE: Förderung von LGBTIQ-, Gender-Projekten und Abtreibung im Ausland (Drucksache 21/4447) [reading DRAFT -- not placed] | 2025-09-05 SCHRIFTLICHE FRAGE: Mögliche Projektförderungen für den Lebensschutz, zur Senkung der Abtreibungszahlen und der Schärfung des Bewusstseins f (Drucksache 21/1482) [reading DRAFT -- not placed] | 2025-07-09 DEBATE: Rede ""Frau Brosius-Gersdorf hat gesagt, dass einem Kind, das neun Monate alt ist, zwei Minuten vor der Geburt keine Menschenwürde zukommt. Können Sie es mit Ihrem Gewissen vereinbaren, diese Frau zu wählen, wissend, dass vermu..."" [++: Explicitly pro-life, condemns denying dignity to unborn child, opposes abortion law change.] | 2025-06-27 GROSSE ANFRAGE: Förderung sowie Unterstützung von LGBTIQ- und Gender-Projekten sowie Abtreibung im Ausland (Drucksache 21/683) [reading DRAFT -- not placed]",AfD,Landesliste Berlin
"Elisabeth Winkelmeier-Becker (CDU/CSU, 96 - Rhein-Sieg-Kreis I)",1,,,,,,"a speech, 22 months ago",consistent (14 items),27,https://www.abgeordnetenwatch.de/profile/elisabeth-winkelmeier-becker,"2026-01-28 ANTRAG: Kassenzulassung des nicht-invasiven Pränataltests - Monitoring der Konsequenzen und Einrichtung eines Gremiums (Drucksache 21/3873) [reading DRAFT -- not placed] | 2024-12-05 DEBATE: Rede ""Die wenigen Anwendungsfälle von § 218 betreffen übrigens typischerweise die gewalttätigen Partner der Frauen, die bei Übergriffen eine Fehlgeburt auslösen...."" [++: Defends current law protecting unborn life against bill removing criminal-code protections.] | 2024-09-13 DEBATE: Rede ""Sie sprechen den § 218 an, den Sie aus dem Strafgesetzbuch streichen wollen. Deswegen möchte ich Sie fragen: Wie viele Schwangerschaftsabbrüche gibt es etwa in Deutschland, und wie viele kriminalisierende Verfahren gibt ..."" [0: Factual question about number of abortions and prosecutions, information-seeking only.] | 2024-07-05 VOTE (Bundestag): Voted Nein: Änderung des Schwangerschaftskonfliktgesetzes [reading DRAFT -- not placed] | 2024-07-05 DEBATE: Rede ""Deshalb wollen wir gerne am Schutzkonzept von § 218 und § 218a – bitte immer mitnennen – festhalten...."" [+: CDU speaker upholds existing §218/218a framework and defends protesters' free speech rights.] | 2024-06-21 SCHRIFTLICHE FRAGE: Schutz schwangerer Frauen vor verstörenden Abbildungen von Schwangerschaftsabbrüchen (Drucksache 20/11887) [reading DRAFT -- not placed] | 2024-02-28 ANTRAG: Kassenzulassung des nichtinvasiven Pränataltests - Monitoring der Konsequenzen und Einrichtung eines Gremiums (Drucksache 20/10515) [reading DRAFT -- not placed] | 2023-09-07 DEBATE: Rede ""Ganz kurz möchte ich noch ein weiteres Thema ansprechen, und zwar hat Ministerin Paus angekündigt, dass sie § 218 StGB streichen möchte. Die Ampel hat dazu eine ziemlich freihändig und ohne Beteiligung der Gesellschaft z..."" [++: Appeals against abolishing §218 StGB and against unilateral abortion-law commission, clearly pro-life.]",CDU/CSU,96 - Rhein-Sieg-Kreis I
"Stephan Pilsinger (CDU/CSU, 219 - München-West/Mitte)",1,,,,,,"a speech, 6 months ago",consistent (6 items),17,https://www.abgeordnetenwatch.de/profile/stephan-pilsinger,"2026-03-20 DEBATE: Rede ""Wir entscheiden heute nicht über § 218. Wir entscheiden über die Grundlage künftiger Entscheidungen. Das ist verantwortungsvolle Politik, und ich bitte Sie um Zustimmung und Begleitung unseres Antrags...."" [+: Raises concerns about NIPT screening trend affecting decisions, cautious pro-life leaning tone.] | 2026-01-28 ANTRAG: Kassenzulassung des nicht-invasiven Pränataltests - Monitoring der Konsequenzen und Einrichtung eines Gremiums (Drucksache 21/3873) [reading DRAFT -- not placed] | 2025-11-06 DEBATE: Rede ""Meine Damen und Herren, Sie schreiben, Sie wollen keine Leistungen mehr für die Schwangerschaftsversorgung. Sie haben doch einige in Ihrer Fraktion, die sagen, der Schutz des ungeborenen Lebens sei Ihnen wichtig. Jetzt m..."" [0: Focuses on migrant healthcare standards, not directly on abortion policy or unborn life protection.] | 2024-02-28 ANTRAG: Kassenzulassung des nichtinvasiven Pränataltests - Monitoring der Konsequenzen und Einrichtung eines Gremiums (Drucksache 20/10515) [reading DRAFT -- not placed] | 2023-03-15 DEBATE: Rede ""Pränataltest auf das Vorliegen von Trisomie 13, 18, 21 in den Leistungskatalog der gesetzlichen Krankenkassen aufgenommen...."" [+: Raises concern about expanding prenatal screening leading to selective abortion, pro-life leaning.] | 2023-03-15 MÜNDLICHE FRAGE: Gesetzlicher Regelungsbedarf bzgl. der Kostenübernahme pränataler Bluttests auf Trisomien durch die Krankenkassen   (Drucksache 20/90) [reading DRAFT -- not placed] | 2023-02-17 SCHRIFTLICHE FRAGE: Genehmigte Anträge auf GKV-Kostenübernahme von Schwangerschaftsabbrüchen (Drucksache 20/5694) [never places: the title does not show which side the author is on] | 2023-02-03 SCHRIFTLICHE FRAGE: Kostenübernahme für straffreie Schwangerschaftsabbrüche durch die gesetzlichen Krankenkassen in den Jahren 2018 bis 2022 (Drucksache 20/5490) [never places: the title does not show which side the author is on]",CDU/CSU,219 - München-West/Mitte
"Dorothee Bär (CDU/CSU, 247 - Bad Kissingen)",1,,,,,,"a speech, 22 months ago",consistent (7 items),14,https://www.abgeordnetenwatch.de/profile/dorothee-baer,"2024-12-05 DEBATE: Rede ""– Ja, oder die; von mir aus. Ihre Zurufe werden nicht besser; die sind relativ dümmlich an dieser Stelle. – Wir sind die einzigen Anwältinnen und Anwälte für das ungeborene Leben, die einzigen, die hier überhaupt noch st..."" [++: Positions CDU/CSU as sole defenders of unborn life, condemns celebrating decriminalisation.] | 2024-12-05 DEBATE: Rede ""Nach dem § 219a kommt der § 218. Nach dem § 218 geht es weiter. Dann sind es keine zwölf Wochen mehr, sondern 14, dann 16. Mit uns ist Lebensschutz nicht verhandelbar...."" [++: States 'protection of life is not negotiable', warns against expanding abortion timeframe.] | 2024-12-05 DEBATE: Rede ""Und den Frauen nicht die Möglichkeit geben, bei einer so wichtigen Lebensentscheidung, übrigens nicht nur für das ungeborene Leben – –..."" [++: Continues criticising bill for removing counselling waiting period, defending unborn life protections.] | 2024-06-26 DEBATE: Rede ""Die Unterscheidung in richtige und falsche Meinung zieht sich durch alles, was Sie hier machen. Sie lässt sich beim Selbstbestimmungsgesetz der Ampel finden, das ein bußgeldbewehrtes Offenbarungsverbot vorsieht. Das gilt..."" [+: Criticises self-ID law's disclosure ban and defends colleague against silencing, aligning with sex-based rights and free speech.] | 2023-12-08 SCHRIFTLICHE FRAGE: Unabhängigkeit der Mitglieder der Kommission zur reproduktiven Selbstbestimmung und Fortpflanzungsmedizin (Drucksache 20/9662) [reading DRAFT -- not placed] | 2022-09-23 SCHRIFTLICHE FRAGE: Zeitplan für die Umsetzung des Vorhabens ""Reproduktive Selbstbestimmung"" (Drucksache 20/3621) [never places: the title does not show which side the author is on] | 2022-06-24 DEBATE: Rede ""Der Bundesjustizminister Marco Buschmann hat angekündigt: Es geht ausschließlich um § 219a, und § 218 spielt gar keine Rolle. – Die Bundesfamilienministerin sagt: Natürlich geht es auch um § 218. – Ich war ehrlicherweise..."" [+: CDU MP questions government's motives, highlights concern for unborn child, sceptical of repeal's scope.] | 2022-05-13 DEBATE: Rede ""Wir müssen uns doch immer wieder klarmachen, wer uns heute zuschaut. Uns schauen heute vielleicht Frauen mit drei Kindern zu, von denen wir nicht wissen, ob sie, um diese drei Kinder zu bekommen, schon sechs Schwangersch..."" [+: Criticises SPD colleague's celebratory tone, stresses seriousness and unborn life's importance.]",CDU/CSU,247 - Bad Kissingen
"Susanne Hierl (CDU/CSU, 231 - Amberg)",1,,,,,,"a speech, 7 months ago",consistent (8 items),13,https://www.abgeordnetenwatch.de/profile/susanne-hierl,"2026-02-27 DEBATE: Rede ""Der Antrag der Grünen beschäftigt sich mit der aus ihrer Sicht unzureichenden Versorgungslage für Frauen, die einen Schwangerschaftsabbruch vornehmen lassen wollen, und wie sie verbessert werden soll. Der Antrag der Link..."" [++: Defends unborn child's constitutional rights against claim that pregnancy duty objectifies women.] | 2026-01-28 ANTRAG: Kassenzulassung des nicht-invasiven Pränataltests - Monitoring der Konsequenzen und Einrichtung eines Gremiums (Drucksache 21/3873) [reading DRAFT -- not placed] | 2024-12-05 DEBATE: Rede ""Der Bericht der Kommission, auf den Sie sich in Ihrem Gesetzentwurf auch beziehen, hat sich noch mit anderen Themen beschäftigt, nämlich der Eizellenspende und auch der Leihmutterschaft. Jetzt frage ich mich: Ist der Ges..."" [+: Defends existing law against 'fake news', cites doctors' letter opposing liberalisation; sceptical of extending to egg donation/surrogacy.] | 2024-07-05 VOTE (Bundestag): Voted Nein: Änderung des Schwangerschaftskonfliktgesetzes [reading DRAFT -- not placed] | 2024-07-05 DEBATE: Rede ""Die Beratungspflicht ist schließlich der unabdingbare Kern des Lebensschutzkonzeptes der bestehenden Regelungen zum Schwangerschaftsabbruch. Das beinhaltet auch, dass die Mitarbeiterinnen und Mitarbeiter der Schwangersch..."" [0: Defends counselling staff protection without clear pro-life or pro-choice framing; procedural in tone.] | 2024-04-10 DEBATE: Rede ""Anders als heute in Ihrem Vortrag, Frau Ministerin Paus, haben Sie im Bundesrat bei der Einbringung dieses Gesetzes sofort wieder Bezug auf die Forderung nach straffreiem Schwangerschaftsabbruch genommen. Hier drängt sic..."" [++: CDU speaker argues children's rights should begin at conception, clearly pro-life.] | 2024-03-07 SCHRIFTLICHE FRAGE: Fälle nicht selbstbestimmter Entscheidungen über einen Schwangerschaftsabbruch durch eine Schwangerschaftskonfliktberatu (Drucksache 20/10565) [never places: the title does not show which side the author is on] | 2022-06-24 DEBATE: Rede ""Wenn wir über die Abschaffung des § 219a sprechen und damit über die Abschaffung des Werbeverbots für Schwangerschaftsabbrüche, dann gilt es im Auge zu behalten: Wir haben im Kern immer zwei Rechtssubjekte, die in diesem..."" [++: CDU MP explicitly reaffirms unborn child's constitutional right to life against repeal push.]",CDU/CSU,231 - Amberg
"Günter Krings (CDU/CSU, 108 - Mönchengladbach)",1,,,,,,"a speech, 2 years ago",consistent (5 items),12,https://www.abgeordnetenwatch.de/profile/guenter-krings,"2025-09-25 DEBATE: Rede ""Man kann in unserer Demokratie für oder gegen politische Positionen wie etwa zur Abschaffung des § 218 – darum ging es nämlich – demonstrieren. Aber unsere Richter dürfen nicht dem Druck der Straße ausgesetzt werden...."" [0: Describes §218 protest and judicial independence without stating personal abortion stance; focuses on crime policy.] | 2024-09-13 DEBATE: Rede ""Beim Abbruch des Lebensschutzes für ungeborene Kinder wollen Teile der Ampel mit der Abschaffung des § 218 – offenbar auch Sie – jetzt noch weiter gehen...."" [++: Criticises government for going further in abolishing §218 abortion protection, clearly pro-life leaning.] | 2023-09-07 DEBATE: Rede ""Zu den vernachlässigten Themen gehört insbesondere die Sicherheit der Menschen. Die rangiert bei Ihnen weit hinter Täter- und Datenschutz. Sie schwächen bei den §§ 219a und 218 Strafgesetzbuch nicht nur den Schutz der un..."" [++: Criticises government for weakening protection of unborn children under §§219a/218, pro-life aligned.] | 2022-11-24 DEBATE: Rede ""dazu ermuntert die Familienministerin Kinder schon heute, Pubertätsblocker einzunehmen. Auch mit der geplanten Abstammungsrechtsreform ist ein familien- und..."" [++: Criticises Selbstbestimmungsgesetz and ministerial encouragement of puberty blockers for children, opposing youth gender medicine.] | 2022-03-24 DEBATE: Rede ""Meine Damen und Herren, die furchtbaren Berichte, die uns täglich aus diesem Krieg erreichen, relativieren natürlich manche innenpolitische Kontroverse. Und doch kann die weltpolitische Lage natürlich niemals eine Entsch..."" [0: Speech concerns rule of law and Ukraine war, no abortion-related content despite tagged area.] | 2022-01-12 DEBATE: Rede ""Der von mir kritisierte leichtfertige Umgang mit dem Grundgesetz macht auch vor Änderungen des einfachen Gesetzesrechts nicht halt. Als erste Tat der Ampel in der Rechtspolitik wurde vom Justizminister die Abschaffung de..."" [+: Criticises repeal of §219a advertising ban, implicitly favouring restriction; free speech area unclear, scored neutral overall.] | 2019-02-21 VOTE (Bundestag): Voted Nein: Aufhebung von § 219a StGB [reading DRAFT -- not placed] | 2019-02-21 VOTE (Bundestag): Voted Nein: Aufhebung des Werbeverbots für Schwangerschaftsabbrüche [reading DRAFT -- not placed]",CDU/CSU,108 - Mönchengladbach
"Martin Reichardt (AfD, 72 - Burgenland – Saalekreis)",1,,,,,,"a speech, 16 months ago",conflicting (1 item point the other way),12,https://www.abgeordnetenwatch.de/profile/martin-reichardt,"2026-08-26 KLEINE ANFRAGE: Die vertrauliche Geburt und Formen anonymer Kindesabgabe (Drucksache 21/7740) [reading DRAFT -- not placed] | 2026-07-07 ANTRAG: Pro familia von der Schwangerschaftskonfliktberatung ausschließen - Ungeborenes Leben schützen (Drucksache 21/6927) [reading DRAFT -- not placed] | 2026-02-20 SCHRIFTLICHE FRAGE: Kenntnisse über etwaige Plakate der Partei DIE PARTEI mit der Aufschrift „Kinder von AfD-Wählern: Abtreiben!“ (Drucksache 21/4186) [never places: the title does not show which side the author is on] | 2025-05-15 DEBATE: Rede ""Das sogenannte Selbstbestimmungsgesetz, das den jährlichen Geschlechterwechsel ermöglicht,..."" [++: Opposes gender self-ID law, laments demographic decline from anti-family policy, backs marriage and family.] | 2024-07-05 VOTE (Bundestag): Voted Nein: Änderung des Schwangerschaftskonfliktgesetzes [reading DRAFT -- not placed] | 2024-03-07 KLEINE ANFRAGE: Die demographische Situation in Deutschland vor dem Hintergrund nicht bestandserhaltender Geburtenzahlen (Drucksache 20/10574) [never places: the title does not show which side the author is on] | 2022-04-26 ANTRAG: § 219a StGB erhalten und Schutzauftrag des ungeborenen Lebens im allgemeinen Bewusstsein beleben (Drucksache 20/1505) [reading DRAFT -- not placed] | 2020-06-19 DEBATE: Rede ""Ich spreche hier als traditioneller Familienvater von drei Kindern zum Antrag einer offensichtlich verfassungs- und familienfeindlichen Partei. Verfassungsfeindlich ist Ihr Antrag, die Beratungspflicht bei Abtreibungen a..."" [++: Attacks Die Linke's proposal to suspend mandatory abortion counselling as unconstitutional, defending counselling requirement.]",AfD,72 - Burgenland – Saalekreis
"Nicole Höchst (AfD, Landesliste Rheinland-Pfalz)",1,,,,,,"a speech, 20 months ago",consistent (4 items),12,https://www.abgeordnetenwatch.de/profile/nicole-hoechst,"2026-08-26 KLEINE ANFRAGE: Die vertrauliche Geburt und Formen anonymer Kindesabgabe (Drucksache 21/7740) [reading DRAFT -- not placed] | 2026-07-07 ANTRAG: Pro familia von der Schwangerschaftskonfliktberatung ausschließen - Ungeborenes Leben schützen (Drucksache 21/6927) [reading DRAFT -- not placed] | 2025-01-31 DEBATE: Rede ""Sie stehlen Kindern die Intimsphäre. Das höhlt das Erziehungsrecht der Eltern aus, führt zu seelischen Verletzungen, zu Bindungsunfähigkeit, zum Anstieg der Zahl an Frühschwangerschaften, Abtreibungen, Geschlechtskrankhe..."" [++: Strongly condemns early sexualisation in kindergartens and defends parental education rights against state indoctrination.] | 2024-11-29 SCHRIFTLICHE FRAGE: Räumliche Nähe einer Schwangerschaftskonfliktberatungsstelle der ProFamilia zu einer Einrichtung für Schwangerschaftsabb (Drucksache 20/13973) [reading DRAFT -- not placed] | 2024-11-25 ANTRAG: Einführung eines Gedenktages für ungeborenes Leben (Drucksache 20/13902) [reading DRAFT -- not placed] | 2024-11-08 SCHRIFTLICHE FRAGE: Störung der Demonstration ""Marsch für das Leben"" durch Gegendemonstranten (Drucksache 20/13684) [reading DRAFT -- not placed] | 2024-04-10 DEBATE: Rede ""Die Würde des Menschen ist unantastbar. Jedem Leben wohnt vom Augenblick der Empfängnis an eine eigene Würde inne. Bereits der Begriff „Abtreibung“ schönt die Tötung eines Menschenwürdeträgers im Mutterleib. Und indem di..."" [++: AfD speaker strongly affirms dignity of unborn life and criticises abortion normalisation, clear pro-life stance.] | 2024-03-07 KLEINE ANFRAGE: Die demographische Situation in Deutschland vor dem Hintergrund nicht bestandserhaltender Geburtenzahlen (Drucksache 20/10574) [never places: the title does not show which side the author is on]",AfD,Landesliste Rheinland-Pfalz
"Alexander Hoffmann (CDU/CSU, 248 - Main-Spessart)",1,,,,,,"a speech, 7 years ago",consistent (5 items),11,https://www.abgeordnetenwatch.de/profile/alexander-hoffmann,"2026-01-28 ANTRAG: Kassenzulassung des nicht-invasiven Pränataltests - Monitoring der Konsequenzen und Einrichtung eines Gremiums (Drucksache 21/3873) [reading DRAFT -- not placed] | 2024-07-05 VOTE (Bundestag): Voted Nein: Änderung des Schwangerschaftskonfliktgesetzes [reading DRAFT -- not placed] | 2024-02-28 ANTRAG: Kassenzulassung des nichtinvasiven Pränataltests - Monitoring der Konsequenzen und Einrichtung eines Gremiums (Drucksache 20/10515) [reading DRAFT -- not placed] | 2020-03-05 DEBATE: Rede ""Ihr Antrag ist am Ende allein deswegen zu weit reichend – auch das will ich Ihnen vor Augen führen –, weil Sie schreiben, § 166 StGB – Strafbarkeit von Gotteslästerung – sei altbacken. Sie nehmen den Begriff „Gottesläste..."" [+: Defends retaining s219a and argues against decriminalising abortion advertising, a pro-life leaning stance.] | 2019-02-21 VOTE (Bundestag): Voted Nein: Aufhebung von § 219a StGB [reading DRAFT -- not placed] | 2019-02-21 VOTE (Bundestag): Voted Nein: Aufhebung des Werbeverbots für Schwangerschaftsabbrüche [reading DRAFT -- not placed] | 2019-02-21 VOTE (Bundestag): Voted Ja: Reform des §219a - Informationen zum Schwangerschaftsabbruch [never places: loosened the ban but kept it: neither lobby is cleanly ours] | 2019-02-15 DEBATE: Rede ""Sehr geehrter Herr Präsident! Geschätzte Kolleginnen und Kollegen! Meine sehr verehrten Damen und Herren! Die §§ 218 bis 219b StGB stellen ein fein austariertes Konstrukt dar. Dieses Konstrukt beinhaltet Schutz in zwei R..."" [++: Strongly defends §218-219a as protecting unborn life and opposing removal of advertising ban.]",CDU/CSU,248 - Main-Spessart
"Michael Brand (CDU/CSU, 173 - Fulda)",1,,,,,,"a speech, 6 months ago",consistent (4 items),10,https://www.abgeordnetenwatch.de/profile/michael-brand,"2026-03-20 DEBATE: Rede ""Dass wir heute über neue medizinische Verfahren verfügen, die Risiken für Schwangere und für das ungeborene Leben reduzieren, ist zunächst einmal ein sehr guter und wichtiger Fortschritt. Wir erleben hier einmal mehr, wa..."" [+: Supports cross-party motion scrutinising NIPT screening trend, cautious pro-life concern for unborn life.] | 2026-01-28 ANTRAG: Kassenzulassung des nicht-invasiven Pränataltests - Monitoring der Konsequenzen und Einrichtung eines Gremiums (Drucksache 21/3873) [reading DRAFT -- not placed] | 2024-12-05 DEBATE: Rede ""Es haben sich diejenigen durchgesetzt, die in der breiten Mitte des Parlaments stehen und die sehr wohl wussten, dass diese Grundsatzfrage auf Leben und Tod für das ungeborene Leben, diese Grundsatzfrage über Selbstbesti..."" [++: Strongly affirms unborn human dignity and defends restrictions on abortion in criminal law.] | 2024-04-24 DEBATE: Rede ""Natürlich – auch das darf niemand verkennen – bedeutet der Schwangerschaftsabbruch für die allermeisten Schwangeren, auch für ihre Partner und Familien noch immer eine ganz besondere Belastung. Deshalb haben gerade Schwa..."" [++: Explicitly ties free prenatal testing to rising abortions of disabled foetuses, clear pro-life alarm.] | 2024-02-28 ANTRAG: Kassenzulassung des nichtinvasiven Pränataltests - Monitoring der Konsequenzen und Einrichtung eines Gremiums (Drucksache 20/10515) [reading DRAFT -- not placed] | 2019-04-11 DEBATE: Rede ""Liebe Kolleginnen und Kollegen, um es mit meinen Worten zu sagen: Die Anforderungen des Urteils sind nicht umsetzbar. Der Staat kann nicht verpflichtet werden, sich an der Durchführung eines Suizids zu beteiligen, auch n..."" [++: Argues state cannot be obliged to assist suicide, opposing court's extension of assisted dying access.] | 2019-02-21 VOTE (Bundestag): Voted Nein: Aufhebung von § 219a StGB [reading DRAFT -- not placed] | 2019-02-21 VOTE (Bundestag): Voted Nein: Aufhebung des Werbeverbots für Schwangerschaftsabbrüche [reading DRAFT -- not placed]",CDU/CSU,173 - Fulda
"Melanie Bernstein (CDU/CSU, 8 - Segeberg – Stormarn-Mitte)",1,,,,,,"a speech, 12 months ago",thin (only 1 evidence item on record),9,https://www.abgeordnetenwatch.de/profile/melanie-bernstein,"2026-01-28 ANTRAG: Kassenzulassung des nicht-invasiven Pränataltests - Monitoring der Konsequenzen und Einrichtung eines Gremiums (Drucksache 21/3873) [reading DRAFT -- not placed] | 2025-09-16 DEBATE: Rede ""Erstens. Die Schwangerschaftskonfliktberatung. Wir wollen mehr Pluralität in der Beratungslandschaft. Dazu gehört auch eine ausgewogene Finanzierung von Akteuren wie zum Beispiel pro familia und Donum Vitae...."" [++: Explicitly increases funding for Donum Vitae, a pro-life counselling body, backing pluralism in pregnancy counselling.] | 2024-07-05 VOTE (Bundestag): Voted Nein: Änderung des Schwangerschaftskonfliktgesetzes [reading DRAFT -- not placed] | 2024-07-05 SCHRIFTLICHE FRAGE: Vorschlag der SPD-Bundestagsfraktion zur gesetzlichen Frist für Schwangerschaftsabbrüche (Drucksache 20/12178) [never places: the title does not show which side the author is on] | 2024-02-28 ANTRAG: Kassenzulassung des nichtinvasiven Pränataltests - Monitoring der Konsequenzen und Einrichtung eines Gremiums (Drucksache 20/10515) [reading DRAFT -- not placed] | 2019-02-21 VOTE (Bundestag): Voted Nein: Aufhebung von § 219a StGB [reading DRAFT -- not placed] | 2019-02-21 VOTE (Bundestag): Voted Nein: Aufhebung des Werbeverbots für Schwangerschaftsabbrüche [reading DRAFT -- not placed] | 2019-02-21 VOTE (Bundestag): Voted Ja: Reform des §219a - Informationen zum Schwangerschaftsabbruch [never places: loosened the ban but kept it: neither lobby is cleanly ours]",CDU/CSU,8 - Segeberg – Stormarn-Mitte
"Michael Frieser (CDU/CSU, 244 - Nürnberg-Süd)",1,,,,,,"a speech, 8 years ago",consistent (3 items),9,https://www.abgeordnetenwatch.de/profile/michael-frieser,"2026-01-28 ANTRAG: Kassenzulassung des nicht-invasiven Pränataltests - Monitoring der Konsequenzen und Einrichtung eines Gremiums (Drucksache 21/3873) [reading DRAFT -- not placed] | 2024-07-05 VOTE (Bundestag): Voted Nein: Änderung des Schwangerschaftskonfliktgesetzes [reading DRAFT -- not placed] | 2024-02-28 ANTRAG: Kassenzulassung des nichtinvasiven Pränataltests - Monitoring der Konsequenzen und Einrichtung eines Gremiums (Drucksache 20/10515) [reading DRAFT -- not placed] | 2019-02-21 VOTE (Bundestag): Voted Nein: Aufhebung von § 219a StGB [reading DRAFT -- not placed] | 2019-02-21 VOTE (Bundestag): Voted Nein: Aufhebung des Werbeverbots für Schwangerschaftsabbrüche [reading DRAFT -- not placed] | 2019-02-21 VOTE (Bundestag): Voted Ja: Reform des §219a - Informationen zum Schwangerschaftsabbruch [never places: loosened the ban but kept it: neither lobby is cleanly ours] | 2019-02-21 DEBATE: Rede ""Hier gibt es keine Nebelkerzen zu werfen. Es gilt aber deutlich darauf hinzuweisen – um das noch einmal klarzustellen –: In der Gesamtsystematik der §§ 218 ff. – das ist als Stufenlösung angelegt – kommt es als integrale..."" [++: Frieser defends §219a as integral to protecting unborn life, strongly pro-life.] | 2019-02-21 DEBATE: Rede ""Ein letzter Satz: Auch das ungeborene Leben zu schützen, ist das oberste Rechtsgut, das diese Gesellschaft verteidigen muss. An dieser Frage kommt niemand von uns vorbei. Diese Frage darf und kann auch niemanden kaltlass..."" [++: Frieser reaffirms protection of unborn life as society's highest duty.]",CDU/CSU,244 - Nürnberg-Süd
"Martina Kempf (AfD, Landesliste Baden-Württemberg)",1,,,,,,"a speech, 6 months ago",consistent (5 items),7,https://www.abgeordnetenwatch.de/profile/martina-kempf,"2026-08-26 KLEINE ANFRAGE: Die vertrauliche Geburt und Formen anonymer Kindesabgabe (Drucksache 21/7740) [reading DRAFT -- not placed] | 2026-07-07 ANTRAG: Pro familia von der Schwangerschaftskonfliktberatung ausschließen - Ungeborenes Leben schützen (Drucksache 21/6927) [reading DRAFT -- not placed] | 2026-03-20 DEBATE: Rede ""Und diese Fruchtwasseruntersuchungen sind nun seit der Kassenzulassung des NIPT-Tests sogar noch mehr geworden statt weniger. Noch dazu ist zu befürchten, dass es in der kurzen Zeit bis zum Ende der 14. Schwangerschaftsw..."" [+: Criticises false-positive NIPT results and pressure toward abortion, pro-life leaning.] | 2026-02-27 DEBATE: Rede ""wie vom Bundesverfassungsgericht schon seit über 30 Jahren gefordert. Auch in unseren Wohnungen erleiden nämlich jährlich 30 000 bis 40 000 ungeborene Kinder einen gewaltsamen Tod durch die Abtreibungspille...."" [++: Explicitly calls abortion pill deaths of unborn children, strong pro-life framing.] | 2026-02-27 DEBATE: Rede ""Für von Tötungen unterversorgte Bereiche – wie zynisch! – wollen die Grünen Telemedizin einsetzen, also Versand von Abtreibungspillen. Bei diesen ist das Risiko starker Blutungen um 60 Prozent höher als bei anderen Abtre..."" [++: Strongly asserts unborn right to life, criticises framing of abortion as a right, opposes telemedicine abortion pills.] | 2025-09-25 DEBATE: Rede ""Sehr geehrter Herr Präsident! Liebe Kollegen! Sehr geehrte Damen und Herren! Im Koalitionsvertrag heißt es, dass die Regierung die wohnortnahe sogenannte Versorgung mit Schwangerschaftsabbrüchen, also mit Tötungen Ungebo..."" [++: Strongly criticises forced abortion provision at Catholic hospitals and conscience-rights violations, clearly pro-life aligned.] | 2025-07-10 DEBATE: Rede ""Nicht unkritisch sehe ich den Plan der Koalition, die sogenannte Versorgung mit Schwangerschaftsabbrüchen, also mit Tötungen, wohnortnah zu ermöglichen, was angesichts des Rückgangs von Abtreibungsärzten wohl nur mit der..."" [++: Explicitly pro-life, condemns abortion as killing, defends foetal dignity from conception.]",AfD,Landesliste Baden-Württemberg
"Sebastian Maack (AfD, Landesliste Berlin)",1,,,,,,"a speech, 12 months ago",consistent (2 items),7,https://www.abgeordnetenwatch.de/profile/sebastian-maack,"2026-08-26 KLEINE ANFRAGE: Die vertrauliche Geburt und Formen anonymer Kindesabgabe (Drucksache 21/7740) [reading DRAFT -- not placed] | 2026-07-07 ANTRAG: Pro familia von der Schwangerschaftskonfliktberatung ausschließen - Ungeborenes Leben schützen (Drucksache 21/6927) [reading DRAFT -- not placed] | 2025-11-07 SCHRIFTLICHE FRAGE: Erweiterung der Kostenübernahme für Abtreibungen (Drucksache 21/2665) [never places: the title does not show which side the author is on] | 2025-10-09 DEBATE: Rede ""Hochverehrter Herr Präsident! Verehrte Kolleginnen und Kollegen! Liebe Zuschauer! Es gibt ja manchmal Plenarreden, die haben schon einen gewissen humoristischen Charakter, vor allem, wenn man sich hier heute anhören kann..."" [+: AfD MP defends narrower traditional family concept against broad redefinition by critics.] | 2025-09-25 DEBATE: Rede ""Der Hauptunterschied zwischen unserer Familienpolitik und der linken, woken Gesellschaftspolitik mit einem Familienbild, wo jeder Familie ist, wo zwei, drei Leute mal zusammenkommen, besteht darin: Wir von der AfD, wir w..."" [++: Champions traditional family values and expresses concern for reducing abortions, strongly pro-family and pro-life leaning.] | 2025-05-09 SCHRIFTLICHE FRAGE: Schwangerschaftsabbrüche nach der zwölften Schwangerschaftswoche im Jahr 2024 (Drucksache 21/119) [never places: the title does not show which side the author is on] | 2025-04-17 SCHRIFTLICHE FRAGE: Begründung der Schwangerschaftsabbrüche nach der zwölften Schwangerschaftswoche im Jahr 2024 (Drucksache 21/42) [never places: the title does not show which side the author is on]",AfD,Landesliste Berlin
"Silke Launert (CDU/CSU, 236 - Bayreuth)",1,,,,,,"a speech, 8 years ago",consistent (3 items),7,https://www.abgeordnetenwatch.de/profile/silke-launert,"2024-07-05 VOTE (Bundestag): Voted Nein: Änderung des Schwangerschaftskonfliktgesetzes [reading DRAFT -- not placed] | 2019-02-21 VOTE (Bundestag): Voted Nein: Aufhebung von § 219a StGB [reading DRAFT -- not placed] | 2019-02-21 VOTE (Bundestag): Voted Nein: Aufhebung des Werbeverbots für Schwangerschaftsabbrüche [reading DRAFT -- not placed] | 2019-02-21 VOTE (Bundestag): Voted Ja: Reform des §219a - Informationen zum Schwangerschaftsabbruch [never places: loosened the ban but kept it: neither lobby is cleanly ours] | 2018-10-18 DEBATE: Rede ""und dass dieser Kompromiss ein Ausgleich dieser Verfassungsgüter ist? Auch das ungeborene Leben könnte ein kleines Mädchen und eine Frau werden wollen...."" [++: Defends constitutional protection of unborn life as basis for the §219a compromise, pro-life framing.] | 2018-02-22 DEBATE: Rede ""In Artikel 1 Satz 2 unseres Grundgesetzes steht noch etwas anderes: Der Staat muss die Würde nicht nur achten, sondern er ist auch verpflichtet, sie zu schützen. Wir, der Staat, sind verpflichtet, das ungeborene Leben mi..."" [++: CDU/CSU speaker stresses state duty to protect unborn life's right to life and dignity.] | 2018-02-22 DEBATE: Rede ""(Ulle Schauws [BÜNDNIS 90/DIE GRÜNEN]: Ja, das steht in § 218, aber nicht in § 219a!)..."" [++: Continues defending strict counselling and anti-advertising framework protecting the unborn.]",CDU/CSU,236 - Bayreuth
Christian Wirth (AfD),1,,,,,,"a speech, 15 months ago",thin (only 1 evidence item on record),6,https://www.abgeordnetenwatch.de/profile/christian-wirth,"2026-03-03 KLEINE ANFRAGE: Förderung von LGBTIQ-, Gender-Projekten und Abtreibung im Ausland (Drucksache 21/4447) [reading DRAFT -- not placed] | 2025-07-10 DEBATE: Rede ""Kopftuch im öffentlichen Dienst: Neutralitätsgebot ist nicht mehr wichtig; ungeborenes Leben soll keine Menschenwürde besitzen. Der Bundeskanzler stimmt noch zu...."" [++: Criticises judicial nominee for denying unborn dignity, aligning strongly with pro-life stance.] | 2024-07-05 VOTE (Bundestag): Voted Nein: Änderung des Schwangerschaftskonfliktgesetzes [reading DRAFT -- not placed] | 2019-02-21 VOTE (Bundestag): Voted Nein: Aufhebung von § 219a StGB [reading DRAFT -- not placed] | 2019-02-21 VOTE (Bundestag): Voted Nein: Aufhebung des Werbeverbots für Schwangerschaftsabbrüche [reading DRAFT -- not placed] | 2019-02-21 VOTE (Bundestag): Voted Nein: Reform des §219a - Informationen zum Schwangerschaftsabbruch [never places: loosened the ban but kept it: neither lobby is cleanly ours]",AfD,
"Nina Warken (CDU/CSU, 276 - Odenwald – Tauber)",1,,,,,,"a speech, 22 months ago",consistent (2 items),6,https://www.abgeordnetenwatch.de/profile/nina-warken,"2024-12-05 DEBATE: Rede ""Die Legalisierungsbefürworter behaupten immer: Die Situation hat sich verändert. Aber was hat sich denn wirklich verändert? „Ist das ungeborene Leben jetzt weniger wert als im Jahr 1995?“, frage ich Sie...."" [++: Argues bill wholly disregards the unborn's perspective, defending life protection.] | 2024-07-05 VOTE (Bundestag): Voted Nein: Änderung des Schwangerschaftskonfliktgesetzes [reading DRAFT -- not placed] | 2022-05-13 DEBATE: Rede ""Erstens. Viele Ärzte führen aus Gewissensgründen keine Abbrüche durch. Da spielt § 219a überhaupt keine Rolle...."" [+: Defends existing counselling-based life protection concept against liberalisation framing.] | 2019-02-21 VOTE (Bundestag): Voted Nein: Aufhebung von § 219a StGB [reading DRAFT -- not placed] | 2019-02-21 VOTE (Bundestag): Voted Nein: Aufhebung des Werbeverbots für Schwangerschaftsabbrüche [reading DRAFT -- not placed] | 2019-02-21 VOTE (Bundestag): Voted Ja: Reform des §219a - Informationen zum Schwangerschaftsabbruch [never places: loosened the ban but kept it: neither lobby is cleanly ours]",CDU/CSU,276 - Odenwald – Tauber
"Wilfried Oellers (CDU/CSU, 88 - Heinsberg)",1,,,,,,"a speech, 7 years ago",thin (only 1 evidence item on record),6,https://www.abgeordnetenwatch.de/profile/wilfried-oellers,"2026-01-28 ANTRAG: Kassenzulassung des nicht-invasiven Pränataltests - Monitoring der Konsequenzen und Einrichtung eines Gremiums (Drucksache 21/3873) [reading DRAFT -- not placed] | 2024-02-28 ANTRAG: Kassenzulassung des nichtinvasiven Pränataltests - Monitoring der Konsequenzen und Einrichtung eines Gremiums (Drucksache 20/10515) [reading DRAFT -- not placed] | 2019-04-11 DEBATE: Rede ""Sehr geehrter Herr Präsident! Liebe Kolleginnen und Kollegen! Meine sehr geehrten Damen und Herren! Das Leben ist zu schützen. Das ist der oberste Grundsatz unserer Verfassung. Das gilt auch und gerade für das ungeborene..."" [++: Explicitly states life must be protected, including unborn life, strongly pro-life framing.] | 2019-02-21 VOTE (Bundestag): Voted Nein: Aufhebung von § 219a StGB [reading DRAFT -- not placed] | 2019-02-21 VOTE (Bundestag): Voted Nein: Aufhebung des Werbeverbots für Schwangerschaftsabbrüche [reading DRAFT -- not placed] | 2019-02-21 VOTE (Bundestag): Voted Ja: Reform des §219a - Informationen zum Schwangerschaftsabbruch [never places: loosened the ban but kept it: neither lobby is cleanly ours]",CDU/CSU,88 - Heinsberg
"Andreas Mattfeldt (CDU/CSU, 34 - Osterholz – Verden)",1,,,,,,"a speech, 17 years ago",thin (only 1 evidence item on record),5,https://www.abgeordnetenwatch.de/profile/andreas-mattfeldt,"2024-07-05 VOTE (Bundestag): Voted Nein: Änderung des Schwangerschaftskonfliktgesetzes [reading DRAFT -- not placed] | 2019-02-21 VOTE (Bundestag): Voted Nein: Aufhebung von § 219a StGB [reading DRAFT -- not placed] | 2019-02-21 VOTE (Bundestag): Voted Nein: Aufhebung des Werbeverbots für Schwangerschaftsabbrüche [reading DRAFT -- not placed] | 2019-02-21 VOTE (Bundestag): Voted Ja: Reform des §219a - Informationen zum Schwangerschaftsabbruch [never places: loosened the ban but kept it: neither lobby is cleanly ours] | 2010-03-18 DEBATE: Rede ""finanziell. Das Ziel der Stiftung ist es, das ungeborene Leben..."" [++: Champions increased funding for pro-life 'Mutter und Kind' foundation protecting unborn life and supporting mothers.]",CDU/CSU,34 - Osterholz – Verden
Martin Sichert (AfD),1,,,,,,"a speech, 6 months ago",consistent (2 items),5,https://www.abgeordnetenwatch.de/profile/martin-sichert,"2026-03-20 DEBATE: Rede ""Das Gift in unserer Gesellschaft, das auch zu immer mehr Abtreibungen von behinderten Kindern geführt hat, heißt Feminismus...."" [++: Explicitly opposes abortion of disabled children, praises motherhood, strongly pro-life rhetoric.] | 2026-03-20 DEBATE: Rede ""Nun ist es aber so, dass in Deutschland bei Trisomie faktisch eine Sonderregelung für Spätabtreibung gilt, dass jemand, der ein Kind bekommt, das Trisomie 21, 13 oder 18 hat, dieses weit über die zwölfte Woche hinweg abt..."" [+: Questions special late-term abortion allowance for Trisomy, implying it should be curtailed, pro-life leaning.] | 2019-02-21 VOTE (Bundestag): Voted Nein: Aufhebung von § 219a StGB [reading DRAFT -- not placed] | 2019-02-21 VOTE (Bundestag): Voted Nein: Aufhebung des Werbeverbots für Schwangerschaftsabbrüche [reading DRAFT -- not placed] | 2019-02-21 VOTE (Bundestag): Voted Nein: Reform des §219a - Informationen zum Schwangerschaftsabbruch [never places: loosened the ban but kept it: neither lobby is cleanly ours]",AfD,
"Bernd Baumann (AfD, Landesliste Hamburg)",1,,,,,,"a speech, 15 months ago",thin (only 1 evidence item on record),4,https://www.abgeordnetenwatch.de/profile/bernd-baumann,"2025-07-11 DEBATE: Rede ""Sie haben hier eine Richterin vorgeschlagen – und Sie wollten sie nach Ihren Vorabsprachen auch wählen –, Frau Frauke Brosius-Gersdorf, die Babys vor der Geburt keine Menschenwürde zugesteht, sie also zur Abtreibung frei..."" [++: Attacks judicial nominee for denying unborn dignity and enabling abortion, aligning with pro-life stance.] | 2024-07-05 VOTE (Bundestag): Voted Nein: Änderung des Schwangerschaftskonfliktgesetzes [reading DRAFT -- not placed] | 2019-02-21 VOTE (Bundestag): Voted Nein: Aufhebung des Werbeverbots für Schwangerschaftsabbrüche [reading DRAFT -- not placed] | 2019-02-21 VOTE (Bundestag): Voted Nein: Reform des §219a - Informationen zum Schwangerschaftsabbruch [never places: loosened the ban but kept it: neither lobby is cleanly ours]",AfD,Landesliste Hamburg
"Christina Baum (AfD, 68 - Harz)",1,,,,,,"a speech, 22 months ago",thin (only 1 evidence item on record),4,https://www.abgeordnetenwatch.de/profile/christina-baum,"2026-07-07 ANTRAG: Pro familia von der Schwangerschaftskonfliktberatung ausschließen - Ungeborenes Leben schützen (Drucksache 21/6927) [reading DRAFT -- not placed] | 2024-12-05 DEBATE: Rede ""Doch dem neuen woken Zeitgeist geht es weder um den Schutz ungeborenen Lebens noch um die Rechte von Frauen. Wie in so vielen Bereichen ist das Ziel die Abschaffung des Normalen, letztendlich die Entwurzelung einer gewac..."" [++: Strongly pro-life, criticises 'woke' culture and advocates for family and child protection.] | 2024-07-05 VOTE (Bundestag): Voted Nein: Änderung des Schwangerschaftskonfliktgesetzes [reading DRAFT -- not placed] | 2022-04-26 ANTRAG: § 219a StGB erhalten und Schutzauftrag des ungeborenen Lebens im allgemeinen Bewusstsein beleben (Drucksache 20/1505) [reading DRAFT -- not placed]",AfD,68 - Harz
"Carolin Bachmann (AfD, 160 - Mittelsachsen)",1,,,,,,"a speech, 4 years ago",thin (only 1 evidence item on record),3,https://www.abgeordnetenwatch.de/profile/carolin-bachmann,"2024-07-05 VOTE (Bundestag): Voted Nein: Änderung des Schwangerschaftskonfliktgesetzes [reading DRAFT -- not placed] | 2022-06-24 DEBATE: Rede ""Frage zwei ist: Wissen Sie, dass ungeborenes Leben schützenswert ist und dass von Beginn an, ab der Verschmelzung von Ei und Samenzelle, ein Leben mit Gefühl und Seele entstanden ist? Ist Ihnen das bekannt, und werden Si..."" [++: AfD MP asserts unborn life's value from conception, opposes normalising abortion advertising.] | 2022-04-26 ANTRAG: § 219a StGB erhalten und Schutzauftrag des ungeborenen Lebens im allgemeinen Bewusstsein beleben (Drucksache 20/1505) [reading DRAFT -- not placed]",AfD,160 - Mittelsachsen
"Thomas Dietz (AfD, 163 - Erzgebirgskreis I)",1,,,,,,"a speech, 2 years ago",thin (only 1 evidence item on record),3,https://www.abgeordnetenwatch.de/profile/thomas-dietz,"2024-07-05 VOTE (Bundestag): Voted Nein: Änderung des Schwangerschaftskonfliktgesetzes [reading DRAFT -- not placed] | 2024-04-24 DEBATE: Rede ""Fast zwei Jahre nach seiner Zulassung als Krankenkassenleistung soll nun endlich die Zuverlässigkeit des nichtinvasiven Pränataltests genauer durchleuchtet werden. Vor einiger Zeit hatte sogar die „taz“ den NIPT als trüg..."" [++: AfD speaker highlights risk of NIPT enabling selective abortion of disabled children, clearly pro-life framing.] | 2022-04-26 ANTRAG: § 219a StGB erhalten und Schutzauftrag des ungeborenen Lebens im allgemeinen Bewusstsein beleben (Drucksache 20/1505) [reading DRAFT -- not placed]",AfD,163 - Erzgebirgskreis I
Nicole Hess (AfD),1,,,,,,"a speech, 7 months ago",thin (only 1 evidence item on record),2,https://www.abgeordnetenwatch.de/profile/nicole-hess,"2026-07-07 ANTRAG: Pro familia von der Schwangerschaftskonfliktberatung ausschließen - Ungeborenes Leben schützen (Drucksache 21/6927) [reading DRAFT -- not placed] | 2026-02-27 DEBATE: Rede ""Bei Spätabtreibungen, die Sie gerade so wunderbar thematisiert haben, reden wir aus ärztlicher Sicht von Abtreibungen nach der 22. Schwangerschaftswoche...."" [++: Explicitly defends foetal life against decriminalisation and routine abortion, strong pro-life stance.]",AfD,
"Axel Müller (CDU/CSU, 294 - Ravensburg)",,1,,,,,"a speech, 4 years ago",consistent (2 items),12,https://www.abgeordnetenwatch.de/profile/axel-mueller,"2026-06-10 DEBATE: Rede ""Von dieser Aussagepflicht ist nur eine eng umrissene Personengruppe befreit, die § 53 der Strafprozessordnung abschließend aufzählt. Das wären beispielsweise Geistliche, Rechtsanwälte, Ärzte oder Mitarbeiter staatlich an..."" [0: Neutral procedural description of witness privilege rules, no clear abortion stance.] | 2026-01-28 ANTRAG: Kassenzulassung des nicht-invasiven Pränataltests - Monitoring der Konsequenzen und Einrichtung eines Gremiums (Drucksache 21/3873) [reading DRAFT -- not placed] | 2024-07-05 VOTE (Bundestag): Voted Nein: Änderung des Schwangerschaftskonfliktgesetzes [reading DRAFT -- not placed] | 2024-07-05 DEBATE: Rede ""Jedenfalls habe ich das Schwangerschaftskonfliktberatungsgesetz noch mal durchgelesen. Sie konstruieren hier eine Zuständigkeit nach Artikel 74 Absatz 1 Nummer 7, führen aber Bußgeldtatbestände ein, für die die Länder zu..."" [0: Purely procedural constitutional-competence question, no stance on abortion itself.] | 2024-06-06 DEBATE: Rede ""Leider gibt es immer wieder neue Grausamkeiten, etwa durch immer perfider werdende Waffen wie beispielsweise solche, deren Splitter noch nicht einmal von Röntgenstrahlen erfasst werden können, oder Laserwaffen, die zur E..."" [0: General discussion of war crimes law, unrelated to abortion or migration stance.] | 2024-02-28 ANTRAG: Kassenzulassung des nichtinvasiven Pränataltests - Monitoring der Konsequenzen und Einrichtung eines Gremiums (Drucksache 20/10515) [reading DRAFT -- not placed] | 2022-09-08 DEBATE: Rede ""würde, leidet aber auch, wenn die Rechtsetzung die gesellschaftliche Debatte abkürzt oder gar ersetzt. Ich habe das beim Werbeverbot für Abtreibungen so..."" [+: Criticises abolition of abortion advertising ban process, implying concern over rushed pro-abortion legislation.] | 2022-05-13 DEBATE: Rede ""Sind Sie der Meinung, dass die Verurteilungen, die Kolleginnen oder Kollegen von mir in den letzten Jahren – es waren ja nur wenige – wegen des Verstoßes gegen § 219a StGB gemacht haben, schreiendes Unrecht dargestellt h..."" [+: Questions whether §219a convictions were unjust, implicitly defending the abortion advertising ban.]",CDU/CSU,294 - Ravensburg
"Corinna Rüffer (BÜNDNIS 90/DIE GRÜNEN, Landesliste Rheinland-Pfalz)",,1,,,,,"a speech, 2 years ago",consistent (2 items),11,https://www.abgeordnetenwatch.de/profile/corinna-rueffer,"2026-01-28 ANTRAG: Kassenzulassung des nicht-invasiven Pränataltests - Monitoring der Konsequenzen und Einrichtung eines Gremiums (Drucksache 21/3873) [reading DRAFT -- not placed] | 2024-11-14 GESETZENTWURF: Gesetz zur Neuregelung des Schwangerschaftsabbruchs (Drucksache 20/13775) [reading DRAFT -- not placed] | 2024-11-14 ANTRAG: Versorgungslage von ungewollt Schwangeren verbessern (Drucksache 20/13776) [reading DRAFT -- not placed] | 2024-07-05 VOTE (Bundestag): Voted Ja: Änderung des Schwangerschaftskonfliktgesetzes [reading DRAFT -- not placed] | 2024-04-24 DEBATE: Rede ""In der Vergangenheit wurde oftmals argumentiert, dass der kostenlose Zugang zum NIPT – so heißt dieser Bluttest – eine Frage sozialer Gerechtigkeit sei. Manche stellten diese Diskussion in den Kontext des § 218. Ich halt..."" [+: Advocates for disability rights amid prenatal testing debate, implicitly cautioning against selective abortion.] | 2024-02-28 ANTRAG: Kassenzulassung des nichtinvasiven Pränataltests - Monitoring der Konsequenzen und Einrichtung eines Gremiums (Drucksache 20/10515) [reading DRAFT -- not placed] | 2019-04-11 DEBATE: Rede ""Leider befinden wir uns erneut in einem Diskurs, der weitgehend über die Köpfe der Betroffenen hinweg geführt wird. In diesem Diskurs gibt es einen Aspekt, den ich für besonders relevant halte: den der Selbstbestimmung. ..."" [+: Raises alarm that most foetuses with Down syndrome are aborted, framing this as troubling selection.] | 2019-02-21 VOTE (Bundestag): Voted Ja: Aufhebung von § 219a StGB [reading DRAFT -- not placed]",BÜNDNIS 90/DIE GRÜNEN,Landesliste Rheinland-Pfalz
"Omid Nouripour (BÜNDNIS 90/DIE GRÜNEN, Landesliste Hessen)",,1,,,,,"a speech, 14 years ago",consistent (2 items),9,https://www.abgeordnetenwatch.de/profile/omid-nouripour,"2024-11-14 GESETZENTWURF: Gesetz zur Neuregelung des Schwangerschaftsabbruchs (Drucksache 20/13775) [reading DRAFT -- not placed] | 2024-11-14 ANTRAG: Versorgungslage von ungewollt Schwangeren verbessern (Drucksache 20/13776) [reading DRAFT -- not placed] | 2024-07-05 VOTE (Bundestag): Voted Ja: Änderung des Schwangerschaftskonfliktgesetzes [reading DRAFT -- not placed] | 2019-02-21 VOTE (Bundestag): Voted Ja: Aufhebung von § 219a StGB [reading DRAFT -- not placed] | 2019-02-21 VOTE (Bundestag): Voted Ja: Aufhebung des Werbeverbots für Schwangerschaftsabbrüche [reading DRAFT -- not placed] | 2019-02-21 VOTE (Bundestag): Voted Nein: Reform des §219a - Informationen zum Schwangerschaftsabbruch [never places: loosened the ban but kept it: neither lobby is cleanly ours] | 2012-12-12 DEBATE: Rede ""Schwangerschaftskonfliktberatung beteiligen...."" [+: Argues banning circumcision would harm religious identity and push practice underground, favouring religious freedom continuation.] | 2012-07-19 DEBATE: Rede ""Schwangerschaftskonfliktberatung beteiligen...."" [+: Leans toward preserving religious practice and parental rights on circumcision, favouring accommodation.]",BÜNDNIS 90/DIE GRÜNEN,Landesliste Hessen
"Emmi Zeulner (CDU/CSU, 239 - Kulmbach)",,1,,,,,"a speech, 12 years ago",consistent (2 items),8,https://www.abgeordnetenwatch.de/profile/emmi-zeulner,"2026-03-20 DEBATE: Rede ""Wir wollen ein interdisziplinäres Gremium mit Expertinnen und Experten einrichten. Es muss – so empfinde ich das zumindest – eine Antwort auf diese Debatte sein, wirklich interdisziplinär zu arbeiten und breit Menschen a..."" [0: Frames motion as neutral data-gathering exercise, not taking explicit pro-life or pro-choice stance.] | 2026-01-28 ANTRAG: Kassenzulassung des nicht-invasiven Pränataltests - Monitoring der Konsequenzen und Einrichtung eines Gremiums (Drucksache 21/3873) [reading DRAFT -- not placed] | 2024-02-28 ANTRAG: Kassenzulassung des nichtinvasiven Pränataltests - Monitoring der Konsequenzen und Einrichtung eines Gremiums (Drucksache 20/10515) [reading DRAFT -- not placed] | 2019-02-21 VOTE (Bundestag): Voted Nein: Aufhebung von § 219a StGB [reading DRAFT -- not placed] | 2019-02-21 VOTE (Bundestag): Voted Nein: Aufhebung des Werbeverbots für Schwangerschaftsabbrüche [reading DRAFT -- not placed] | 2019-02-21 VOTE (Bundestag): Voted Ja: Reform des §219a - Informationen zum Schwangerschaftsabbruch [never places: loosened the ban but kept it: neither lobby is cleanly ours] | 2014-09-25 DEBATE: Rede ""Drittens hinkt der Vergleich mit anderen Ländern, wie Sie ihn in Ihrem Antrag anstellen. Anhand der Ausgangsbedingungen in Deutschland erkenne ich keine Notwendigkeit für eine Freigabe. Wir haben bestens qualifizierte Är..."" [+: CDU speaker defends keeping prescription requirement for morning-after pill, cautious stance.] | 2014-02-13 DEBATE: Rede ""Hier sei deutlich gesagt: Die Freigabe des Präparats hat nirgends zu einem wirkungsvollen Rückgang der Zahl der Schwangerschaftsabbrüche beigetragen. Wäre hier ein Rückgang zu erkennen, wäre die Debatte selbstverständlic..."" [+: Defends keeping prescription requirement, citing lower abortion rates, a pro-life-aligned position.]",CDU/CSU,239 - Kulmbach
"Jens Spahn (CDU/CSU, 123 - Steinfurt I – Borken I)",,1,,,,,"a speech, 15 years ago",thin (only 1 evidence item on record),8,https://www.abgeordnetenwatch.de/profile/jens-spahn,"2024-07-05 VOTE (Bundestag): Voted Nein: Änderung des Schwangerschaftskonfliktgesetzes [reading DRAFT -- not placed] | 2019-04-03 DEBATE: Rede ""Frau Kollegin, das Studiendesign steht noch nicht en détail fest; die Entscheidung ist ja auch noch nicht so lange her. Ich sehe aber keinen Grund, nicht auch solche Aspekte mit – nicht ausschließlich, aber mit – zu berü..."" [0: Minister balances study to include both psychological harms and stigma aspects, neutral.] | 2019-04-03 DEBATE: Rede ""Deswegen kann ich das so nicht beantworten. Ich kann Ihnen aber sagen, dass es natürlich nicht regulär ist, dass die politische Entscheidung zu einer einzelnen Studie in diesem Umfang öffentliche und auch Ihre Aufmerksam..."" [0: Describes compromise policy including free contraception extension, largely procedural.] | 2019-02-21 VOTE (Bundestag): Voted Nein: Aufhebung von § 219a StGB [reading DRAFT -- not placed] | 2019-02-21 VOTE (Bundestag): Voted Nein: Aufhebung des Werbeverbots für Schwangerschaftsabbrüche [reading DRAFT -- not placed] | 2019-02-21 VOTE (Bundestag): Voted Ja: Reform des §219a - Informationen zum Schwangerschaftsabbruch [never places: loosened the ban but kept it: neither lobby is cleanly ours] | 2011-07-07 DEBATE: Rede ""Pränataldiagnostik und PID einen Unterschied gibt, was die..."" [+: Voices caution over expanding embryo selection, protective of embryonic life; no surrogacy link.] | 2009-05-13 VOTE (Bundestag): Voted Ja: Beratungspflicht bei Spätabtreibungen [reading DRAFT -- not placed]",CDU/CSU,123 - Steinfurt I – Borken I
"Silvia Breher (CDU/CSU, 32 - Cloppenburg – Vechta)",,1,,,,,"a speech, 2 years ago",consistent (2 items),8,https://www.abgeordnetenwatch.de/profile/silvia-breher,"2024-07-05 VOTE (Bundestag): Voted Nein: Änderung des Schwangerschaftskonfliktgesetzes [reading DRAFT -- not placed] | 2024-04-10 DEBATE: Rede ""dann gäbe es andere Wege. Stärken Sie die Beratungsstellen! Erhöhen Sie ihre Anzahl! Stärken Sie die Hilfsangebote für die Schwangeren in diesen schwierigen Zeiten! Kündigen Sie vor allem den gesellschaftlichen Konsens z..."" [+: CDU speaker questions necessity of new restriction and defends societal consensus on abortion, sympathetic to counsellors' concerns.] | 2024-03-07 SCHRIFTLICHE FRAGE: Gehsteigbelästigungen in den letzten fünf Jahren (Drucksache 20/10565) [never places: the title does not show which side the author is on] | 2022-04-27 DEBATE: Rede ""Auf der einen Seite gibt es eben die zum Teil auch radikalen Abtreibungsgegner und auf der anderen Seite diejenigen, die eben nicht nur über § 219a sprechen wollen, sondern im Grunde auch über § 218 und § 218a, so wie wi..."" [0: Criticises AfD motion's effect but does not clearly stake pro-life or pro-choice position herself.] | 2020-06-17 DEBATE: Rede ""Sie macht sich zwar über einen flächendeckenden Zugang zu Abtreibungen Sorgen, aber ich kann nicht eine einzige Pressemeldung der Linken zur aktuellen Debatte der Strafverschärfung bei Kinderpornographie und Kindesmissbr..."" [+: Criticises Linke for prioritising broad abortion access over child protection, implying pro-life sympathy.] | 2019-02-21 VOTE (Bundestag): Voted Nein: Aufhebung von § 219a StGB [reading DRAFT -- not placed] | 2019-02-21 VOTE (Bundestag): Voted Nein: Aufhebung des Werbeverbots für Schwangerschaftsabbrüche [reading DRAFT -- not placed] | 2019-02-21 VOTE (Bundestag): Voted Ja: Reform des §219a - Informationen zum Schwangerschaftsabbruch [never places: loosened the ban but kept it: neither lobby is cleanly ours]",CDU/CSU,32 - Cloppenburg – Vechta
"Stefan Schwartze (SPD, Landesliste Nordrhein-Westfalen)",,1,,,,,"a speech, 2 years ago",thin (only 1 evidence item on record),8,https://www.abgeordnetenwatch.de/profile/stefan-schwartze,"2026-01-28 ANTRAG: Kassenzulassung des nicht-invasiven Pränataltests - Monitoring der Konsequenzen und Einrichtung eines Gremiums (Drucksache 21/3873) [reading DRAFT -- not placed] | 2024-11-14 GESETZENTWURF: Gesetz zur Neuregelung des Schwangerschaftsabbruchs (Drucksache 20/13775) [reading DRAFT -- not placed] | 2024-11-14 ANTRAG: Versorgungslage von ungewollt Schwangeren verbessern (Drucksache 20/13776) [reading DRAFT -- not placed] | 2024-04-24 DEBATE: Rede ""Vor zwei Jahren hat der Gemeinsame Bundesausschuss, G-BA, nichtinvasive Pränataltests, NIPTs, als Kassenleistung zugelassen. Er tat dies ausschließlich auf Grundlage einer medizinisch-technischen Prüfung; das ist seine A..."" [+: Warns NIPT screening risks framing Down syndrome as an avoidable risk, echoing pro-life disability concerns.] | 2024-02-28 ANTRAG: Kassenzulassung des nichtinvasiven Pränataltests - Monitoring der Konsequenzen und Einrichtung eines Gremiums (Drucksache 20/10515) [reading DRAFT -- not placed] | 2019-02-21 VOTE (Bundestag): Voted Nein: Aufhebung von § 219a StGB [reading DRAFT -- not placed] | 2019-02-21 VOTE (Bundestag): Voted Nein: Aufhebung des Werbeverbots für Schwangerschaftsabbrüche [reading DRAFT -- not placed] | 2019-02-21 VOTE (Bundestag): Voted Ja: Reform des §219a - Informationen zum Schwangerschaftsabbruch [never places: loosened the ban but kept it: neither lobby is cleanly ours]",SPD,Landesliste Nordrhein-Westfalen
"Stephan Brandner (AfD, 193 - Gera – Greiz – Altenburger Land)",,1,,,,,"a speech, 4 years ago",consistent (2 items),8,https://www.abgeordnetenwatch.de/profile/stephan-brandner,"2024-07-05 VOTE (Bundestag): Voted Nein: Änderung des Schwangerschaftskonfliktgesetzes [reading DRAFT -- not placed] | 2023-11-30 DEBATE: Rede ""Frau Präsidentin! Meine Damen und Herren! Die Bundesregierung plant, mit dem vorliegenden Gesetzentwurf das Völkerstrafrecht zu erweitern. So sollen die Tatbestände der Verbrechen gegen die Menschlichkeit und des Kriegsv..."" [0: Comments on international criminal law reform rhetorically without taking a direction on forced abortion issue.] | 2022-09-28 DEBATE: Rede ""§§ 218, 218a, 219 – § 219a ist ja abgeschafft. Sie wollen das Gesamtgefüge abschaffen, § 218 abschaffen. Bis zu welchem Schwangerschaftsmonat schwebt Ihnen denn Straffreiheit für einen Schwangerschaftsabbruch vor?..."" [+: Questions government's push to decriminalise abortion, mocking loosening of restrictions, implying pro-life scepticism.] | 2022-09-28 DEBATE: Rede ""Ach, ich brauche nur 5 Sekunden. – Mich persönlich interessiert Ihre persönliche Auffassung. Was schwebt Ihnen da vor? Bis zu welchem Schwangerschaftsmonat sollte Schwangerschaftsabbruch, Abtreibung straflos sein?..."" [0: Simple follow-up question seeking minister's personal view, no clear direction stated.] | 2022-06-02 DEBATE: Rede ""Nun kommt Marco Buschmann, der – zugegeben – noch nicht genug Zeit hatte, sich als weiterer Tiefpunkt in der Leitung des Ministeriums zu etablieren. Aber mir schwant nichts Gutes. Dekonstruktion der Familie, Ehe für alle..."" [+: Criticises coalition's 'deconstruction of the family' and marriage-for-all agenda, implicitly defending traditional marriage.] | 2019-02-21 VOTE (Bundestag): Voted Nein: Aufhebung von § 219a StGB [reading DRAFT -- not placed] | 2019-02-21 VOTE (Bundestag): Voted Nein: Aufhebung des Werbeverbots für Schwangerschaftsabbrüche [reading DRAFT -- not placed] | 2019-02-21 VOTE (Bundestag): Voted Nein: Reform des §219a - Informationen zum Schwangerschaftsabbruch [never places: loosened the ban but kept it: neither lobby is cleanly ours]",AfD,193 - Gera – Greiz – Altenburger Land
"Carsten Müller (CDU/CSU, Landesliste Niedersachsen)",,1,,,,,"a speech, 4 years ago",thin (only 1 evidence item on record),7,https://www.abgeordnetenwatch.de/profile/carsten-mueller,"2024-09-13 DEBATE: Rede ""Ich will sie noch mal einfach formulieren: Wie viele Strafverfahren, gestützt auf den Tatvorwurf des § 218, gibt es Ihres Wissens in Deutschland?..."" [0: Purely factual follow-up question on prosecution numbers, no stance shown.] | 2024-07-05 VOTE (Bundestag): Voted Nein: Änderung des Schwangerschaftskonfliktgesetzes [reading DRAFT -- not placed] | 2022-06-02 DEBATE: Rede ""Ethisch wichtige und ernsthaft zu führende Debatten wie beispielsweise die um § 219a StGB werden von Mitgliedern der FDP-Bundestagsfraktion mit skurrilen, ja geradezu albernen Tanzeinlagen in Social-Media-Kanälen umrahmt..."" [+: Criticises FDP for trivialising serious §219a ethics debate with 'silly dance' videos, implying more caution warranted.] | 2019-02-21 VOTE (Bundestag): Voted Nein: Aufhebung von § 219a StGB [reading DRAFT -- not placed] | 2019-02-21 VOTE (Bundestag): Voted Nein: Aufhebung des Werbeverbots für Schwangerschaftsabbrüche [reading DRAFT -- not placed] | 2019-02-21 VOTE (Bundestag): Voted Ja: Reform des §219a - Informationen zum Schwangerschaftsabbruch [never places: loosened the ban but kept it: neither lobby is cleanly ours] | 2009-05-13 VOTE (Bundestag): Voted Ja: Beratungspflicht bei Spätabtreibungen [reading DRAFT -- not placed]",CDU/CSU,Landesliste Niedersachsen
"Klaus-Peter Willsch (CDU/CSU, 177 - Rheingau-Taunus – Limburg)",,1,,,,,"a speech, 3 years ago",thin (only 1 evidence item on record),6,https://www.abgeordnetenwatch.de/profile/klaus-peter-willsch,"2024-02-28 ANTRAG: Kassenzulassung des nichtinvasiven Pränataltests - Monitoring der Konsequenzen und Einrichtung eines Gremiums (Drucksache 20/10515) [reading DRAFT -- not placed] | 2023-04-21 DEBATE: Rede ""Sie machen sich Gedanken, wie man am besten für Schwangerschaftsabbrüche wirbt. Sie verbieten Öl- und Gasheizungen. Da wird der Schornsteinfegermeister losgeschickt, um in Zukunft zu kontrollieren, ob jemand wirklich übe..."" [+: Criticises government for promoting abortion advertising, implicitly opposing that promotion, aligning with pro-life stance.] | 2019-02-21 VOTE (Bundestag): Voted Nein: Aufhebung von § 219a StGB [reading DRAFT -- not placed] | 2019-02-21 VOTE (Bundestag): Voted Nein: Aufhebung des Werbeverbots für Schwangerschaftsabbrüche [reading DRAFT -- not placed] | 2019-02-21 VOTE (Bundestag): Voted Ja: Reform des §219a - Informationen zum Schwangerschaftsabbruch [never places: loosened the ban but kept it: neither lobby is cleanly ours] | 2009-05-13 VOTE (Bundestag): Voted Ja: Beratungspflicht bei Spätabtreibungen [reading DRAFT -- not placed]",CDU/CSU,177 - Rheingau-Taunus – Limburg
"Anja Karliczek (CDU/CSU, 127 - Steinfurt III)",,1,,,,,"a speech, 8 years ago",thin (only 1 evidence item on record),5,https://www.abgeordnetenwatch.de/profile/anja-karliczek,"2024-07-05 VOTE (Bundestag): Voted Nein: Änderung des Schwangerschaftskonfliktgesetzes [reading DRAFT -- not placed] | 2019-02-21 VOTE (Bundestag): Voted Nein: Aufhebung von § 219a StGB [reading DRAFT -- not placed] | 2019-02-21 VOTE (Bundestag): Voted Nein: Aufhebung des Werbeverbots für Schwangerschaftsabbrüche [reading DRAFT -- not placed] | 2019-02-21 VOTE (Bundestag): Voted Ja: Reform des §219a - Informationen zum Schwangerschaftsabbruch [never places: loosened the ban but kept it: neither lobby is cleanly ours] | 2019-01-30 DEBATE: Rede ""Das Zweite ist, dass wir in Deutschland ein sehr strenges Embryonenschutzgesetz haben. Wir glauben, dass dieses Embryonenschutzgesetz die Dinge, die da gelaufen sein sollen, nicht zulässt. Das halten wir weiterhin für ri..."" [+: Defends Germany's strict Embryonenschutzgesetz as preventing questionable practices, aligning with surrogacy caution.]",CDU/CSU,127 - Steinfurt III
"Marc Bernhard (AfD, Landesliste Baden-Württemberg)",,1,,,,,"a speech, 3 years ago",thin (only 1 evidence item on record),5,https://www.abgeordnetenwatch.de/profile/marc-bernhard,"2023-06-15 DEBATE: Rede ""damit man sich überhaupt eine wasserstofftaugliche Heizung kaufen darf. Also, die Beratung, die die Mehrheit von Ihnen beim Schwangerschaftsabbruch abschaffen will, bei dem es um eine Entscheidung über Leben und Tod geht..."" [+: Criticises removing mandatory counselling before abortion, implicitly favouring such safeguards.] | 2022-04-26 ANTRAG: § 219a StGB erhalten und Schutzauftrag des ungeborenen Lebens im allgemeinen Bewusstsein beleben (Drucksache 20/1505) [reading DRAFT -- not placed] | 2019-02-21 VOTE (Bundestag): Voted Nein: Aufhebung von § 219a StGB [reading DRAFT -- not placed] | 2019-02-21 VOTE (Bundestag): Voted Nein: Aufhebung des Werbeverbots für Schwangerschaftsabbrüche [reading DRAFT -- not placed] | 2019-02-21 VOTE (Bundestag): Voted Nein: Reform des §219a - Informationen zum Schwangerschaftsabbruch [never places: loosened the ban but kept it: neither lobby is cleanly ours]",AfD,Landesliste Baden-Württemberg
"Thorsten Frei (CDU/CSU, 286 - Schwarzwald-Baar)",,1,,,,,"a speech, 8 years ago",thin (only 1 evidence item on record),5,https://www.abgeordnetenwatch.de/profile/thorsten-frei,"2024-07-05 VOTE (Bundestag): Voted Nein: Änderung des Schwangerschaftskonfliktgesetzes [reading DRAFT -- not placed] | 2019-02-21 VOTE (Bundestag): Voted Nein: Aufhebung von § 219a StGB [reading DRAFT -- not placed] | 2019-02-21 VOTE (Bundestag): Voted Nein: Aufhebung des Werbeverbots für Schwangerschaftsabbrüche [reading DRAFT -- not placed] | 2019-02-21 VOTE (Bundestag): Voted Ja: Reform des §219a - Informationen zum Schwangerschaftsabbruch [never places: loosened the ban but kept it: neither lobby is cleanly ours] | 2019-02-15 DEBATE: Rede ""Ich will offen bekennen: Aus meiner Sicht – und da spreche ich sicherlich auch für viele Kolleginnen und Kollegen hier im Haus – hätte es keiner Änderung des § 219a des Strafgesetzbuches bedurft...."" [+: Frei states no amendment to §219a was necessary, favouring retention of restriction.]",CDU/CSU,286 - Schwarzwald-Baar
"Wolfgang Stefinger (CDU/CSU, 217 - München-Ost)",,1,,,,,"a speech, 6 months ago",thin (only 1 evidence item on record),4,https://www.abgeordnetenwatch.de/profile/wolfgang-stefinger,"2026-03-26 DEBATE: Rede ""Lebensschutz bedeutet für mich auch, ein Leben frei von Gewalt führen zu können. UNFPA kämpft auch gegen Kinderehen und weibliche Genitalverstümmelung und schützt junge Mädchen davor, dass ihr Leben zerstört wird, bevor ..."" [+: Affirms 'protection of life' and family values while defending UNFPA's anti-FGM work.] | 2019-02-21 VOTE (Bundestag): Voted Nein: Aufhebung von § 219a StGB [reading DRAFT -- not placed] | 2019-02-21 VOTE (Bundestag): Voted Nein: Aufhebung des Werbeverbots für Schwangerschaftsabbrüche [reading DRAFT -- not placed] | 2019-02-21 VOTE (Bundestag): Voted Ja: Reform des §219a - Informationen zum Schwangerschaftsabbruch [never places: loosened the ban but kept it: neither lobby is cleanly ours]",CDU/CSU,217 - München-Ost
"Ralph Edelhäußer (CDU/CSU, 245 - Roth)",,1,,,,,"a speech, 4 years ago",thin (only 1 evidence item on record),3,https://www.abgeordnetenwatch.de/profile/ralph-edelhaeusser,"2024-07-05 VOTE (Bundestag): Voted Nein: Änderung des Schwangerschaftskonfliktgesetzes [reading DRAFT -- not placed] | 2024-02-28 ANTRAG: Kassenzulassung des nichtinvasiven Pränataltests - Monitoring der Konsequenzen und Einrichtung eines Gremiums (Drucksache 20/10515) [reading DRAFT -- not placed] | 2022-09-06 DEBATE: Rede ""Bei Themen wie der Abschaffung von § 219a oder der Legalisierung von Cannabis sind Sie richtig enthusiastisch unterwegs und zeigen Entscheidungswillen, auch hier im Plenum...."" [+: Criticises coalition's enthusiasm for abolishing §219a, implying support for retaining abortion advertising restriction.]",CDU/CSU,245 - Roth
"Maria-Lena Weiss (CDU/CSU, 285 - Rottweil – Tuttlingen)",,1,,,,,"a speech, 7 months ago",thin (only 1 evidence item on record),2,https://www.abgeordnetenwatch.de/profile/maria-lena-weiss,"2026-02-27 DEBATE: Rede ""nämlich die Schwangerschaftskonfliktberatung als wertvolle Anlaufstelle. Die Daten aus mehreren Bundesländern zeigen: Zwischen 2017 und 2021 entschieden sich durchschnittlich rund 28,5 Prozent der beratenen Frauen letztl..."" [+: Highlights counselling leading many women to continue pregnancy, mildly pro-life leaning.] | 2024-07-05 VOTE (Bundestag): Voted Nein: Änderung des Schwangerschaftskonfliktgesetzes [reading DRAFT -- not placed]",CDU/CSU,285 - Rottweil – Tuttlingen
"Matthias Helferich (AfD, Landesliste Nordrhein-Westfalen)",,1,,,,,"a speech, 5 years ago",thin (only 1 evidence item on record),2,https://www.abgeordnetenwatch.de/profile/matthias-helferich,"2024-07-05 VOTE (Bundestag): Voted Nein: Änderung des Schwangerschaftskonfliktgesetzes [reading DRAFT -- not placed] | 2021-12-07 DEBATE: Rede ""Als Sie Millionen Fremde ins Land holten und diese mit einem Bleiberecht versahen, da haben Sie sich auf die Menschenwürde berufen. Wenn Sie in Abtreibungsfragen „My body, my choice“ propagieren, begründen Sie dies mit d..."" [+: Mocks government's use of 'my body my choice' for abortion, implying pro-life critique.]",AfD,Landesliste Nordrhein-Westfalen
"Volker Mayer-Lay (CDU/CSU, 293 - Bodensee)",,1,,,,,"a speech, 6 months ago",thin (only 1 evidence item on record),2,https://www.abgeordnetenwatch.de/profile/volker-mayer-lay,"2026-03-26 DEBATE: Rede ""Trotzdem wird hier ein anderes Bild gezeichnet. Warum? Weil man bewusst Begriffe verdreht. Reproduktive Gesundheit – wir haben es gehört – wird hier gleichgesetzt mit Abtreibung. Das ist sachlich falsch, und das wissen S..."" [+: States no international right to abortion exists and Germany doesn't fund such projects.] | 2024-07-05 VOTE (Bundestag): Voted Nein: Änderung des Schwangerschaftskonfliktgesetzes [reading DRAFT -- not placed]",CDU/CSU,293 - Bodensee
"Sören Pellmann (Die Linke, 152 - Leipzig II)",,,1,,,,"a speech, 4 years ago","neutral (spoke, no stance)",16,https://www.abgeordnetenwatch.de/profile/soeren-pellmann,"2026-07-17 KLEINE ANFRAGE: Krankenhausschließungen und medizinische Versorgung im ländlichen Raum in Bayern (Drucksache 21/7211) [never places: the title does not show which side the author is on] | 2026-04-10 KLEINE ANFRAGE: Krankenhausschließungen und medizinische Versorgung im ländlichen Raum in Brandenburg (Drucksache 21/5255) [never places: the title does not show which side the author is on] | 2026-02-19 KLEINE ANFRAGE: Krankenhausschließungen und medizinische Versorgung im ländlichen Raum in Baden-Württemberg (Drucksache 21/4192) [never places: the title does not show which side the author is on] | 2026-01-28 ANTRAG: Kassenzulassung des nicht-invasiven Pränataltests - Monitoring der Konsequenzen und Einrichtung eines Gremiums (Drucksache 21/3873) [reading DRAFT -- not placed] | 2024-11-14 GESETZENTWURF: Gesetz zur Neuregelung des Schwangerschaftsabbruchs (Drucksache 20/13775) [reading DRAFT -- not placed] | 2024-11-14 ANTRAG: Versorgungslage von ungewollt Schwangeren verbessern (Drucksache 20/13776) [reading DRAFT -- not placed] | 2024-09-24 ANTRAG: Körperliche und sexuelle Selbstbestimmung sichern, reproduktive Gerechtigkeit ermöglichen (Drucksache 20/12984) [reading DRAFT -- not placed] | 2024-07-05 VOTE (Bundestag): Voted Ja: Änderung des Schwangerschaftskonfliktgesetzes [reading DRAFT -- not placed]",Die Linke,152 - Leipzig II
"Götz Frömming (AfD, 56 - Prignitz – Ostprignitz-Ruppin – Havelland I)",,,1,,,,"a speech, 8 years ago","neutral (spoke, no stance)",9,https://www.abgeordnetenwatch.de/profile/goetz-froemming,2026-08-26 KLEINE ANFRAGE: Die vertrauliche Geburt und Formen anonymer Kindesabgabe (Drucksache 21/7740) [reading DRAFT -- not placed] | 2026-07-07 ANTRAG: Pro familia von der Schwangerschaftskonfliktberatung ausschließen - Ungeborenes Leben schützen (Drucksache 21/6927) [reading DRAFT -- not placed] | 2024-07-05 VOTE (Bundestag): Voted Nein: Änderung des Schwangerschaftskonfliktgesetzes [reading DRAFT -- not placed] | 2024-03-07 KLEINE ANFRAGE: Die demographische Situation in Deutschland vor dem Hintergrund nicht bestandserhaltender Geburtenzahlen (Drucksache 20/10574) [never places: the title does not show which side the author is on] | 2022-04-26 ANTRAG: § 219a StGB erhalten und Schutzauftrag des ungeborenen Lebens im allgemeinen Bewusstsein beleben (Drucksache 20/1505) [reading DRAFT -- not placed] | 2019-02-21 VOTE (Bundestag): Voted Nein: Aufhebung von § 219a StGB [reading DRAFT -- not placed] | 2019-02-21 VOTE (Bundestag): Voted Nein: Aufhebung des Werbeverbots für Schwangerschaftsabbrüche [reading DRAFT -- not placed] | 2019-02-21 VOTE (Bundestag): Voted Nein: Reform des §219a - Informationen zum Schwangerschaftsabbruch [never places: loosened the ban but kept it: neither lobby is cleanly ours],AfD,56 - Prignitz – Ostprignitz-Ruppin – Havelland I
"Dagmar Schmidt (SPD, Landesliste Hessen)",,,1,,,,"a speech, 2 years ago","neutral (spoke, no stance)",8,https://www.abgeordnetenwatch.de/profile/dagmar-schmidt,"2026-01-28 ANTRAG: Kassenzulassung des nicht-invasiven Pränataltests - Monitoring der Konsequenzen und Einrichtung eines Gremiums (Drucksache 21/3873) [reading DRAFT -- not placed] | 2024-11-14 GESETZENTWURF: Gesetz zur Neuregelung des Schwangerschaftsabbruchs (Drucksache 20/13775) [reading DRAFT -- not placed] | 2024-11-14 ANTRAG: Versorgungslage von ungewollt Schwangeren verbessern (Drucksache 20/13776) [reading DRAFT -- not placed] | 2024-04-24 DEBATE: Rede ""Wir wollen aber nicht nur diese Bedenken aus der Debatte aufgeklärt haben. Wir wollen auch ein interdisziplinäres Gremium schaffen, das sich mit rechtlichen, ethischen und gesundheitspolitischen Grundlagen für nichtinvas..."" [0: Balanced introduction to prenatal testing ethics debate without clear pro/anti-abortion framing.] | 2024-02-28 ANTRAG: Kassenzulassung des nichtinvasiven Pränataltests - Monitoring der Konsequenzen und Einrichtung eines Gremiums (Drucksache 20/10515) [reading DRAFT -- not placed] | 2019-02-21 VOTE (Bundestag): Voted Nein: Aufhebung von § 219a StGB [reading DRAFT -- not placed] | 2019-02-21 VOTE (Bundestag): Voted Nein: Aufhebung des Werbeverbots für Schwangerschaftsabbrüche [reading DRAFT -- not placed] | 2019-02-21 VOTE (Bundestag): Voted Ja: Reform des §219a - Informationen zum Schwangerschaftsabbruch [never places: loosened the ban but kept it: neither lobby is cleanly ours]",SPD,Landesliste Hessen
"Michael Meister (CDU/CSU, 187 - Bergstraße)",,,1,,,,"a speech, 7 years ago","neutral (spoke, no stance)",8,https://www.abgeordnetenwatch.de/profile/michael-meister,"2024-07-05 VOTE (Bundestag): Voted Nein: Änderung des Schwangerschaftskonfliktgesetzes [reading DRAFT -- not placed] | 2024-02-28 ANTRAG: Kassenzulassung des nichtinvasiven Pränataltests - Monitoring der Konsequenzen und Einrichtung eines Gremiums (Drucksache 20/10515) [reading DRAFT -- not placed] | 2019-05-15 DEBATE: Rede ""Zum jetzigen Zeitpunkt kann ich nur eine erste, vorläufige Einschätzung der Bundesregierung übermitteln. Die Empfehlung des Ethikrates für ein internationales Moratorium für die klinische Anwendung der Keimbahntherapie e..."" [0: Factual government answer on embryo/germline research moratorium, no clear direction.] | 2019-05-15 DEBATE: Rede ""Wir haben in Deutschland das Embryonenschutzgesetz; das ist nationales Recht. Damit haben wir auf nationaler Ebene die Anforderungen im Hinblick auf ein Moratorium erfüllt. Ich habe Ihnen eben dargestellt, dass wir uns i..."" [0: Factual reiteration of existing embryo protection law, no new stance.] | 2019-02-21 VOTE (Bundestag): Voted Nein: Aufhebung von § 219a StGB [reading DRAFT -- not placed] | 2019-02-21 VOTE (Bundestag): Voted Nein: Aufhebung des Werbeverbots für Schwangerschaftsabbrüche [reading DRAFT -- not placed] | 2019-02-21 VOTE (Bundestag): Voted Ja: Reform des §219a - Informationen zum Schwangerschaftsabbruch [never places: loosened the ban but kept it: neither lobby is cleanly ours] | 2009-05-13 VOTE (Bundestag): Voted Ja: Beratungspflicht bei Spätabtreibungen [reading DRAFT -- not placed]",CDU/CSU,187 - Bergstraße
"Philipp Amthor (CDU/CSU, Landesliste Mecklenburg-Vorpommern)",,,1,,,,"a speech, 3 years ago","neutral (spoke, no stance)",8,https://www.abgeordnetenwatch.de/profile/philipp-amthor,"2026-01-28 ANTRAG: Kassenzulassung des nicht-invasiven Pränataltests - Monitoring der Konsequenzen und Einrichtung eines Gremiums (Drucksache 21/3873) [reading DRAFT -- not placed] | 2024-07-05 VOTE (Bundestag): Voted Nein: Änderung des Schwangerschaftskonfliktgesetzes [reading DRAFT -- not placed] | 2024-02-28 ANTRAG: Kassenzulassung des nichtinvasiven Pränataltests - Monitoring der Konsequenzen und Einrichtung eines Gremiums (Drucksache 20/10515) [reading DRAFT -- not placed] | 2023-09-20 DEBATE: Rede ""Ich will das mal in einen Vergleich setzen. Wir haben mit unserem Onlinezugangsgesetz messbare Ziele definiert. Sie schaffen alle Fristenregelungen ab...."" [0: Purely about digital administration and budget comparisons; unrelated to any listed CitizenGO issue.] | 2019-02-21 VOTE (Bundestag): Voted Nein: Aufhebung von § 219a StGB [reading DRAFT -- not placed] | 2019-02-21 VOTE (Bundestag): Voted Nein: Aufhebung des Werbeverbots für Schwangerschaftsabbrüche [reading DRAFT -- not placed] | 2019-02-21 VOTE (Bundestag): Voted Ja: Reform des §219a - Informationen zum Schwangerschaftsabbruch [never places: loosened the ban but kept it: neither lobby is cleanly ours] | 2019-01-31 DEBATE: Rede ""Was stellt man sich denn da für NGOs vor? NGOs für Gendersprache, gegen den Diesel, für Windkraftausbau, gegen Massentierhaltung und für ein tolles und buntes Europa. Das sind dann wahrscheinlich förderungswürdige Initia..."" [0: Debate on EU rule of law and NGO funding, no clear abortion-related content despite tagged area.]",CDU/CSU,Landesliste Mecklenburg-Vorpommern
"Sören Bartol (SPD, 170 - Marburg)",,,1,,,,"a speech, 15 years ago","neutral (spoke, no stance)",8,https://www.abgeordnetenwatch.de/profile/soeren-bartol,"2024-11-14 GESETZENTWURF: Gesetz zur Neuregelung des Schwangerschaftsabbruchs (Drucksache 20/13775) [reading DRAFT -- not placed] | 2024-11-14 ANTRAG: Versorgungslage von ungewollt Schwangeren verbessern (Drucksache 20/13776) [reading DRAFT -- not placed] | 2024-07-05 VOTE (Bundestag): Voted Ja: Änderung des Schwangerschaftskonfliktgesetzes [reading DRAFT -- not placed] | 2019-02-21 VOTE (Bundestag): Voted Nein: Aufhebung von § 219a StGB [reading DRAFT -- not placed] | 2019-02-21 VOTE (Bundestag): Voted Nein: Aufhebung des Werbeverbots für Schwangerschaftsabbrüche [reading DRAFT -- not placed] | 2019-02-21 VOTE (Bundestag): Voted Ja: Reform des §219a - Informationen zum Schwangerschaftsabbruch [never places: loosened the ban but kept it: neither lobby is cleanly ours] | 2011-07-07 DEBATE: Rede ""Schutz von ungeborenem Leben und die Stellung von..."" [0: Balances views on PID for severe hereditary illness, no clear abortion stance; surrogacy not mentioned.] | 2009-05-13 VOTE (Bundestag): Voted Nein: Beratungspflicht bei Spätabtreibungen [reading DRAFT -- not placed]",SPD,170 - Marburg
"Andrea Lindholz (CDU/CSU, 246 - Aschaffenburg)",,,1,,,,"a speech, 4 years ago","neutral (spoke, no stance)",7,https://www.abgeordnetenwatch.de/profile/andrea-lindholz,"2026-01-28 ANTRAG: Kassenzulassung des nicht-invasiven Pränataltests - Monitoring der Konsequenzen und Einrichtung eines Gremiums (Drucksache 21/3873) [reading DRAFT -- not placed] | 2024-07-05 VOTE (Bundestag): Voted Nein: Änderung des Schwangerschaftskonfliktgesetzes [reading DRAFT -- not placed] | 2024-02-28 ANTRAG: Kassenzulassung des nichtinvasiven Pränataltests - Monitoring der Konsequenzen und Einrichtung eines Gremiums (Drucksache 20/10515) [reading DRAFT -- not placed] | 2022-09-08 DEBATE: Rede ""§ 219a StGB, abgeschafft...."" [0: Budget critique of justice ministry; §219a mention is context, not her own stance on abortion.] | 2019-02-21 VOTE (Bundestag): Voted Nein: Aufhebung von § 219a StGB [reading DRAFT -- not placed] | 2019-02-21 VOTE (Bundestag): Voted Nein: Aufhebung des Werbeverbots für Schwangerschaftsabbrüche [reading DRAFT -- not placed] | 2019-02-21 VOTE (Bundestag): Voted Ja: Reform des §219a - Informationen zum Schwangerschaftsabbruch [never places: loosened the ban but kept it: neither lobby is cleanly ours]",CDU/CSU,246 - Aschaffenburg
"Claudia Müller (BÜNDNIS 90/DIE GRÜNEN, Landesliste Mecklenburg-Vorpommern)",,,1,,,,"a speech, 15 months ago","neutral (spoke, no stance)",7,https://www.abgeordnetenwatch.de/profile/claudia-mueller,"2025-07-08 DEBATE: Rede ""(Beifall beim BÜNDNIS 90/DIE GRÜNEN – Dr. Götz Frömming [AfD]: Lebensschutz! – Marcel Queckemeyer [AfD]: Heimatschutz!)..."" [0: Her own words concern environmental policy; 'Lebensschutz' is an AfD heckler's interjection, not her stance.] | 2024-11-14 GESETZENTWURF: Gesetz zur Neuregelung des Schwangerschaftsabbruchs (Drucksache 20/13775) [reading DRAFT -- not placed] | 2024-11-14 ANTRAG: Versorgungslage von ungewollt Schwangeren verbessern (Drucksache 20/13776) [reading DRAFT -- not placed] | 2024-07-05 VOTE (Bundestag): Voted Ja: Änderung des Schwangerschaftskonfliktgesetzes [reading DRAFT -- not placed] | 2019-02-21 VOTE (Bundestag): Voted Ja: Aufhebung von § 219a StGB [reading DRAFT -- not placed] | 2019-02-21 VOTE (Bundestag): Voted Ja: Aufhebung des Werbeverbots für Schwangerschaftsabbrüche [reading DRAFT -- not placed] | 2019-02-21 VOTE (Bundestag): Voted Nein: Reform des §219a - Informationen zum Schwangerschaftsabbruch [never places: loosened the ban but kept it: neither lobby is cleanly ours]",BÜNDNIS 90/DIE GRÜNEN,Landesliste Mecklenburg-Vorpommern
"Georg Kippels (CDU/CSU, 90 - Rhein-Erft-Kreis I)",,,1,,,,"a speech, 7 years ago","neutral (spoke, no stance)",7,https://www.abgeordnetenwatch.de/profile/georg-kippels,"2024-07-05 VOTE (Bundestag): Voted Nein: Änderung des Schwangerschaftskonfliktgesetzes [reading DRAFT -- not placed] | 2024-02-28 ANTRAG: Kassenzulassung des nichtinvasiven Pränataltests - Monitoring der Konsequenzen und Einrichtung eines Gremiums (Drucksache 20/10515) [reading DRAFT -- not placed] | 2019-11-14 DEBATE: Rede ""Impfen ist Lebensschutz. Deshalb stimmen Sie diesem Gesetz zu!..."" [0: Speech concerns measles vaccination mandate, not abortion or organ consent specifically.] | 2019-02-21 VOTE (Bundestag): Voted Nein: Aufhebung von § 219a StGB [reading DRAFT -- not placed] | 2019-02-21 VOTE (Bundestag): Voted Nein: Aufhebung des Werbeverbots für Schwangerschaftsabbrüche [reading DRAFT -- not placed] | 2019-02-21 VOTE (Bundestag): Voted Ja: Reform des §219a - Informationen zum Schwangerschaftsabbruch [never places: loosened the ban but kept it: neither lobby is cleanly ours] | 2015-10-16 DEBATE: Rede ""Unsichere Abtreibungen sind nach wie vor in erschütternd hoher Zahl Todesursache von schwangeren Frauen. Ungefähr die Hälfte aller schwangeren Frauen in den Entwicklungs- und Schwellenländern leiden unter Anämie. Als Fol..."" [0: Discusses child and maternal health in development aid context, not a direct abortion policy stance.]",CDU/CSU,90 - Rhein-Erft-Kreis I
"Lars Klingbeil (SPD, 35 - Rotenburg I – Heidekreis)",,,1,,,,"a speech, 15 months ago","neutral (spoke, no stance)",7,https://www.abgeordnetenwatch.de/profile/lars-klingbeil,"2025-07-11 DEBATE: Rede ""Das zu schützen, ist übrigens Aufgabe von Richterinnen und Richtern, erst recht am Bundesverfassungsgericht. Ich will das für mich hier sehr klar sagen: Es gab in Deutschland immer kontroverse Diskussionen zum § 218 und ..."" [0: Only notes historical controversy over §218 abortion debates, no personal stance given.] | 2024-11-14 GESETZENTWURF: Gesetz zur Neuregelung des Schwangerschaftsabbruchs (Drucksache 20/13775) [reading DRAFT -- not placed] | 2024-11-14 ANTRAG: Versorgungslage von ungewollt Schwangeren verbessern (Drucksache 20/13776) [reading DRAFT -- not placed] | 2024-07-05 VOTE (Bundestag): Voted Ja: Änderung des Schwangerschaftskonfliktgesetzes [reading DRAFT -- not placed] | 2019-02-21 VOTE (Bundestag): Voted Nein: Aufhebung von § 219a StGB [reading DRAFT -- not placed] | 2019-02-21 VOTE (Bundestag): Voted Nein: Aufhebung des Werbeverbots für Schwangerschaftsabbrüche [reading DRAFT -- not placed] | 2019-02-21 VOTE (Bundestag): Voted Ja: Reform des §219a - Informationen zum Schwangerschaftsabbruch [never places: loosened the ban but kept it: neither lobby is cleanly ours]",SPD,35 - Rotenburg I – Heidekreis
"Rolf Mützenich (SPD, Landesliste Nordrhein-Westfalen)",,,1,,,,"a speech, 2 years ago","neutral (spoke, no stance)",7,https://www.abgeordnetenwatch.de/profile/rolf-muetzenich,"2024-11-14 GESETZENTWURF: Gesetz zur Neuregelung des Schwangerschaftsabbruchs (Drucksache 20/13775) [reading DRAFT -- not placed] | 2024-11-14 ANTRAG: Versorgungslage von ungewollt Schwangeren verbessern (Drucksache 20/13776) [reading DRAFT -- not placed] | 2024-09-11 DEBATE: Rede ""Und ich will ganz offen sagen: Am meisten haben dafür die Fraktionen getan. Dass wir jetzt – darauf hat der Finanzminister ja gestern hingewiesen – den Kinderfreibetrag und das Kindergeld einebnen wollen, ist doch genaus..."" [0: Budget remarks on child benefit tax changes, neutral factual framing.] | 2019-02-21 VOTE (Bundestag): Voted Nein: Aufhebung von § 219a StGB [reading DRAFT -- not placed] | 2019-02-21 VOTE (Bundestag): Voted Nein: Aufhebung des Werbeverbots für Schwangerschaftsabbrüche [reading DRAFT -- not placed] | 2019-02-21 VOTE (Bundestag): Voted Ja: Reform des §219a - Informationen zum Schwangerschaftsabbruch [never places: loosened the ban but kept it: neither lobby is cleanly ours] | 2009-05-13 VOTE (Bundestag): Voted Nein: Beratungspflicht bei Spätabtreibungen [reading DRAFT -- not placed]",SPD,Landesliste Nordrhein-Westfalen
"Thomas Bareiß (CDU/CSU, 295 - Zollernalb – Sigmaringen)",,,1,,,,"a speech, 6 years ago","neutral (spoke, no stance)",7,https://www.abgeordnetenwatch.de/profile/thomas-bareiss,"2024-07-05 VOTE (Bundestag): Voted Nein: Änderung des Schwangerschaftskonfliktgesetzes [reading DRAFT -- not placed] | 2024-02-28 ANTRAG: Kassenzulassung des nichtinvasiven Pränataltests - Monitoring der Konsequenzen und Einrichtung eines Gremiums (Drucksache 20/10515) [reading DRAFT -- not placed] | 2020-11-18 DEBATE: Rede ""Ja, die Grenzschließungen hatten am Anfang der Pandemie natürlich den positiven Effekt, dass die Mobilität der Menschen erst mal reduziert wurde. Sie sind verstärkt an ihrem Wohnort geblieben und haben damit dafür gesorg..."" [0: Discusses pandemic border closures' health effect, not abortion related.] | 2019-02-21 VOTE (Bundestag): Voted Nein: Aufhebung von § 219a StGB [reading DRAFT -- not placed] | 2019-02-21 VOTE (Bundestag): Voted Nein: Aufhebung des Werbeverbots für Schwangerschaftsabbrüche [reading DRAFT -- not placed] | 2019-02-21 VOTE (Bundestag): Voted Ja: Reform des §219a - Informationen zum Schwangerschaftsabbruch [never places: loosened the ban but kept it: neither lobby is cleanly ours] | 2009-05-13 VOTE (Bundestag): Voted Ja: Beratungspflicht bei Spätabtreibungen [reading DRAFT -- not placed]",CDU/CSU,295 - Zollernalb – Sigmaringen
"Alexander Gauland (AfD, 161 - Chemnitz)",,,1,,,,"a speech, 5 years ago","neutral (spoke, no stance)",6,https://www.abgeordnetenwatch.de/profile/alexander-gauland,"2026-03-03 KLEINE ANFRAGE: Förderung von LGBTIQ-, Gender-Projekten und Abtreibung im Ausland (Drucksache 21/4447) [reading DRAFT -- not placed] | 2024-07-05 VOTE (Bundestag): Voted Nein: Änderung des Schwangerschaftskonfliktgesetzes [reading DRAFT -- not placed] | 2021-04-21 DEBATE: Rede ""Sie stecken in Ihren Schützengräben fest und werfen der Opposition Destruktion vor. Aber diese Destruktion geht von jenen aus, die in der Impfstoffbeschaffung versagt haben, die ihre multilaterale Europaideologie wichtig..."" [0: Criticises pandemic response and freedom restrictions, not clearly tied to listed area topics.] | 2019-02-21 VOTE (Bundestag): Voted Nein: Aufhebung von § 219a StGB [reading DRAFT -- not placed] | 2019-02-21 VOTE (Bundestag): Voted Nein: Aufhebung des Werbeverbots für Schwangerschaftsabbrüche [reading DRAFT -- not placed] | 2019-02-21 VOTE (Bundestag): Voted Nein: Reform des §219a - Informationen zum Schwangerschaftsabbruch [never places: loosened the ban but kept it: neither lobby is cleanly ours]",AfD,161 - Chemnitz
"Christian Haase (CDU/CSU, 135 - Höxter – Gütersloh III – Lippe II)",,,1,,,,"a speech, 12 months ago","neutral (spoke, no stance)",6,https://www.abgeordnetenwatch.de/profile/christian-haase,"2026-01-28 ANTRAG: Kassenzulassung des nicht-invasiven Pränataltests - Monitoring der Konsequenzen und Einrichtung eines Gremiums (Drucksache 21/3873) [reading DRAFT -- not placed] | 2025-09-16 DEBATE: Rede ""Gleichzeitig müssen wir aber auch die Menschen in Arbeit bringen. Jeder Mensch zählt für unser Land. Digitale Barrierefreiheit und Teilhabe müssen hier mitgedacht werden. Wir bringen daher mit dem Haushalt 2025 einen ink..."" [0: Budget speech, no reference to abortion policy.] | 2024-07-05 VOTE (Bundestag): Voted Nein: Änderung des Schwangerschaftskonfliktgesetzes [reading DRAFT -- not placed] | 2019-02-21 VOTE (Bundestag): Voted Nein: Aufhebung von § 219a StGB [reading DRAFT -- not placed] | 2019-02-21 VOTE (Bundestag): Voted Nein: Aufhebung des Werbeverbots für Schwangerschaftsabbrüche [reading DRAFT -- not placed] | 2019-02-21 VOTE (Bundestag): Voted Ja: Reform des §219a - Informationen zum Schwangerschaftsabbruch [never places: loosened the ban but kept it: neither lobby is cleanly ours]",CDU/CSU,135 - Höxter – Gütersloh III – Lippe II
"Frank Schwabe (SPD, 120 - Recklinghausen I)",,,1,,,,"a speech, 6 years ago","neutral (spoke, no stance)",6,https://www.abgeordnetenwatch.de/profile/frank-schwabe,"2024-07-05 VOTE (Bundestag): Voted Ja: Änderung des Schwangerschaftskonfliktgesetzes [reading DRAFT -- not placed] | 2020-06-18 DEBATE: Rede ""Da kann man, glaube ich, aus Deutschland heraus selbstbewusst sagen, dass wir da wirklich gut und vorbildlich sind. Wir sind vorbildlich bei der Anwendung des Weltrechtsprinzips. Wir haben Anklage gegen zwei Syrer vor de..."" [0: Speech concerns Syria war crimes prosecution, unrelated to abortion despite tag.] | 2019-02-21 VOTE (Bundestag): Voted Nein: Aufhebung von § 219a StGB [reading DRAFT -- not placed] | 2019-02-21 VOTE (Bundestag): Voted Ja: Aufhebung des Werbeverbots für Schwangerschaftsabbrüche [reading DRAFT -- not placed] | 2019-02-21 VOTE (Bundestag): Voted Ja: Reform des §219a - Informationen zum Schwangerschaftsabbruch [never places: loosened the ban but kept it: neither lobby is cleanly ours] | 2009-05-13 VOTE (Bundestag): Voted Nein: Beratungspflicht bei Spätabtreibungen [reading DRAFT -- not placed]",SPD,120 - Recklinghausen I
"Matthias Hauer (CDU/CSU, 119 - Essen III)",,,1,,,,"a speech, 2 years ago","neutral (spoke, no stance)",6,https://www.abgeordnetenwatch.de/profile/matthias-hauer,"2024-07-05 VOTE (Bundestag): Voted Nein: Änderung des Schwangerschaftskonfliktgesetzes [reading DRAFT -- not placed] | 2024-04-24 DEBATE: Rede ""zur Beratung des Antrags der Abgeordneten Corinna Rüffer, Hubert Hüppe, Sören Pellmann und weiterer Abgeordneter: Kassenzulassung des nichtinvasiven Pränataltests – Monitoring der Konsequenzen und Einrichtung eines Gremi..."" [0: Unrelated factual question on ministry staff side jobs, no relevance to abortion stance.] | 2024-02-28 ANTRAG: Kassenzulassung des nichtinvasiven Pränataltests - Monitoring der Konsequenzen und Einrichtung eines Gremiums (Drucksache 20/10515) [reading DRAFT -- not placed] | 2019-02-21 VOTE (Bundestag): Voted Nein: Aufhebung von § 219a StGB [reading DRAFT -- not placed] | 2019-02-21 VOTE (Bundestag): Voted Nein: Aufhebung des Werbeverbots für Schwangerschaftsabbrüche [reading DRAFT -- not placed] | 2019-02-21 VOTE (Bundestag): Voted Ja: Reform des §219a - Informationen zum Schwangerschaftsabbruch [never places: loosened the ban but kept it: neither lobby is cleanly ours]",CDU/CSU,119 - Essen III
"Patrick Schnieder (CDU/CSU, 201 - Bitburg)",,,1,,,,"a speech, 4 years ago","neutral (spoke, no stance)",6,https://www.abgeordnetenwatch.de/profile/patrick-schnieder,"2024-07-05 VOTE (Bundestag): Voted Nein: Änderung des Schwangerschaftskonfliktgesetzes [reading DRAFT -- not placed] | 2024-02-28 ANTRAG: Kassenzulassung des nichtinvasiven Pränataltests - Monitoring der Konsequenzen und Einrichtung eines Gremiums (Drucksache 20/10515) [reading DRAFT -- not placed] | 2022-06-24 DEBATE: Rede ""Das Bundesverfassungsgericht hat vor über zwei Jahren entschieden, dass das allgemeine Persönlichkeitsrecht als Ausdruck persönlicher Autonomie auch das Recht auf selbstbestimmtes Sterben umfasst und hierfür die Hilfe Dr..."" [0: Neutral factual account of Constitutional Court ruling and legislative task ahead, no clear advocacy.] | 2019-02-21 VOTE (Bundestag): Voted Nein: Aufhebung von § 219a StGB [reading DRAFT -- not placed] | 2019-02-21 VOTE (Bundestag): Voted Nein: Aufhebung des Werbeverbots für Schwangerschaftsabbrüche [reading DRAFT -- not placed] | 2019-02-21 VOTE (Bundestag): Voted Ja: Reform des §219a - Informationen zum Schwangerschaftsabbruch [never places: loosened the ban but kept it: neither lobby is cleanly ours]",CDU/CSU,201 - Bitburg
"Derya Türk-Nachbaur (SPD, Landesliste Baden-Württemberg)",,,1,,,,"a speech, 6 months ago","neutral (spoke, no stance)",5,https://www.abgeordnetenwatch.de/profile/derya-tuerk-nachbaur,"2026-03-26 DEBATE: Rede ""(Beatrix von Storch [AfD]: Ja, Abtreibung!)..."" [0: Mocks AfD's contradictory anti-UNFPA stance without clearly endorsing abortion rights itself.] | 2026-01-28 ANTRAG: Kassenzulassung des nicht-invasiven Pränataltests - Monitoring der Konsequenzen und Einrichtung eines Gremiums (Drucksache 21/3873) [reading DRAFT -- not placed] | 2024-11-14 GESETZENTWURF: Gesetz zur Neuregelung des Schwangerschaftsabbruchs (Drucksache 20/13775) [reading DRAFT -- not placed] | 2024-11-14 ANTRAG: Versorgungslage von ungewollt Schwangeren verbessern (Drucksache 20/13776) [reading DRAFT -- not placed] | 2024-07-05 VOTE (Bundestag): Voted Ja: Änderung des Schwangerschaftskonfliktgesetzes [reading DRAFT -- not placed]",SPD,Landesliste Baden-Württemberg
"Detlef Seif (CDU/CSU, 91 - Euskirchen – Rhein-Erft-Kreis II)",,,1,,,,"a speech, 14 years ago","neutral (spoke, no stance)",5,https://www.abgeordnetenwatch.de/profile/detlef-seif,"2024-07-05 VOTE (Bundestag): Voted Nein: Änderung des Schwangerschaftskonfliktgesetzes [reading DRAFT -- not placed] | 2019-02-21 VOTE (Bundestag): Voted Nein: Aufhebung von § 219a StGB [reading DRAFT -- not placed] | 2019-02-21 VOTE (Bundestag): Voted Nein: Aufhebung des Werbeverbots für Schwangerschaftsabbrüche [reading DRAFT -- not placed] | 2019-02-21 VOTE (Bundestag): Voted Ja: Reform des §219a - Informationen zum Schwangerschaftsabbruch [never places: loosened the ban but kept it: neither lobby is cleanly ours] | 2012-11-08 DEBATE: Rede ""Fristenregelung vorgeschlagen!)..."" [0: Debate on declassifying security files, unrelated to abortion despite tagged area.]",CDU/CSU,91 - Euskirchen – Rhein-Erft-Kreis II
"Daniel Baldy (SPD, Landesliste Rheinland-Pfalz)",,,1,,,,"a speech, 5 years ago","neutral (spoke, no stance)",4,https://www.abgeordnetenwatch.de/profile/daniel-baldy,"2024-11-14 GESETZENTWURF: Gesetz zur Neuregelung des Schwangerschaftsabbruchs (Drucksache 20/13775) [reading DRAFT -- not placed] | 2024-11-14 ANTRAG: Versorgungslage von ungewollt Schwangeren verbessern (Drucksache 20/13776) [reading DRAFT -- not placed] | 2024-07-05 VOTE (Bundestag): Voted Ja: Änderung des Schwangerschaftskonfliktgesetzes [reading DRAFT -- not placed] | 2022-03-18 DEBATE: Rede ""Streichung von § 219a, das Demokratiefördergesetz, die Kindergrundsicherung, die Stärkung von Regenbogenfamilien und, und, und:..."" [0: Lists coalition achievements including §219a repeal in passing; focus is flood inquiry, no clear advocacy shown.]",SPD,Landesliste Rheinland-Pfalz
"Deborah Düring (BÜNDNIS 90/DIE GRÜNEN, Landesliste Hessen)",,,1,,,,"a speech, 9 months ago","neutral (spoke, no stance)",4,https://www.abgeordnetenwatch.de/profile/deborah-duering,"2025-12-19 DEBATE: Rede ""Ich finde es relativ interessant, dass unter Punkt II.5 der Bundestag die Bundesregierung auffordern soll, zusammen mit den Vereinigten Staaten und weiteren internationalen Partnern in internationalen Organisationen dafü..."" [0: Critiques AfD motions on foreign policy 'wokeness', not on free speech substance itself.] | 2024-11-14 GESETZENTWURF: Gesetz zur Neuregelung des Schwangerschaftsabbruchs (Drucksache 20/13775) [reading DRAFT -- not placed] | 2024-11-14 ANTRAG: Versorgungslage von ungewollt Schwangeren verbessern (Drucksache 20/13776) [reading DRAFT -- not placed] | 2024-07-05 VOTE (Bundestag): Voted Ja: Änderung des Schwangerschaftskonfliktgesetzes [reading DRAFT -- not placed]",BÜNDNIS 90/DIE GRÜNEN,Landesliste Hessen
"Gereon Bollmann (AfD, Landesliste Schleswig-Holstein)",,,1,,,,"a speech, 11 months ago","neutral (spoke, no stance)",4,https://www.abgeordnetenwatch.de/profile/gereon-bollmann,"2026-08-26 KLEINE ANFRAGE: Die vertrauliche Geburt und Formen anonymer Kindesabgabe (Drucksache 21/7740) [reading DRAFT -- not placed] | 2026-07-07 ANTRAG: Pro familia von der Schwangerschaftskonfliktberatung ausschließen - Ungeborenes Leben schützen (Drucksache 21/6927) [reading DRAFT -- not placed] | 2025-11-12 DEBATE: Rede ""Übrigens ließ sich die Stiftung bei dieser Anti-Rammstein-Sammlung von der federführend tätigen angeblichen Antirassismusaktivistin Jasmina Kuhnke unterstützen. Die hatte auf X den widerwärtigen Kommentar gepostet: Selbs..."" [0: Concerns Amadeu Antonio Foundation and Rammstein controversy, unrelated to abortion.] | 2022-04-26 ANTRAG: § 219a StGB erhalten und Schutzauftrag des ungeborenen Lebens im allgemeinen Bewusstsein beleben (Drucksache 20/1505) [reading DRAFT -- not placed]",AfD,Landesliste Schleswig-Holstein
"Mechthild Heil (CDU/CSU, 197 - Ahrweiler)",,,1,,,,"a speech, 3 years ago","neutral (spoke, no stance)",4,https://www.abgeordnetenwatch.de/profile/mechthild-heil,"2023-11-16 DEBATE: Rede ""Häufig treten die Gewalttaten bei den Frauen zum ersten Mal im Kontext mit Schwangerschaft und Geburt auf. In 50 Prozent der Fälle kommt es dann zu Komplikationen in den Schwangerschaften. Die Folge sind Frühgeburten, Fe..."" [0: Describes miscarriage/abortion as consequence of violence factually, not advancing an abortion policy position.] | 2019-02-21 VOTE (Bundestag): Voted Nein: Aufhebung von § 219a StGB [reading DRAFT -- not placed] | 2019-02-21 VOTE (Bundestag): Voted Nein: Aufhebung des Werbeverbots für Schwangerschaftsabbrüche [reading DRAFT -- not placed] | 2019-02-21 VOTE (Bundestag): Voted Ja: Reform des §219a - Informationen zum Schwangerschaftsabbruch [never places: loosened the ban but kept it: neither lobby is cleanly ours]",CDU/CSU,197 - Ahrweiler
"Ralf Stegner (SPD, Landesliste Schleswig-Holstein)",,,1,,,,"a speech, 3 years ago","neutral (spoke, no stance)",4,https://www.abgeordnetenwatch.de/profile/ralf-stegner,"2024-11-14 GESETZENTWURF: Gesetz zur Neuregelung des Schwangerschaftsabbruchs (Drucksache 20/13775) [reading DRAFT -- not placed] | 2024-11-14 ANTRAG: Versorgungslage von ungewollt Schwangeren verbessern (Drucksache 20/13776) [reading DRAFT -- not placed] | 2024-07-05 VOTE (Bundestag): Voted Ja: Änderung des Schwangerschaftskonfliktgesetzes [reading DRAFT -- not placed] | 2023-03-31 DEBATE: Rede ""Ja, der Sturm fanatischer Trump-Anhänger auf das Kapitol hat uns alle erschreckt. Ich bin aber zuversichtlich, dass die Demokratie in Amerika stark genug ist, die aktuellen Herausforderungen jenes radikalen Trumpismus mi..."" [0: Speech on US-German relations and Marshall Plan anniversary, no abortion content.]",SPD,Landesliste Schleswig-Holstein
"Stefan Rouenhoff (CDU/CSU, 111 - Kleve)",,,1,,,,"a speech, 22 months ago","neutral (spoke, no stance)",4,https://www.abgeordnetenwatch.de/profile/stefan-rouenhoff,"2024-12-05 DEBATE: Rede ""– des von den Abgeordneten Carmen Wegge, Ulle Schauws, Sanae Abdi und weiteren Abgeordneten eingebrachten Entwurfs eines Gesetzes zur Neuregelung des Schwangerschaftsabbruchs..."" [0: Speech concerns critical raw materials policy, unrelated to abortion despite tag.] | 2019-02-21 VOTE (Bundestag): Voted Nein: Aufhebung von § 219a StGB [reading DRAFT -- not placed] | 2019-02-21 VOTE (Bundestag): Voted Nein: Aufhebung des Werbeverbots für Schwangerschaftsabbrüche [reading DRAFT -- not placed] | 2019-02-21 VOTE (Bundestag): Voted Ja: Reform des §219a - Informationen zum Schwangerschaftsabbruch [never places: loosened the ban but kept it: neither lobby is cleanly ours]",CDU/CSU,111 - Kleve
"Andreas Audretsch (BÜNDNIS 90/DIE GRÜNEN, Landesliste Berlin)",,,1,,,,"a speech, 4 years ago","neutral (spoke, no stance)",3,https://www.abgeordnetenwatch.de/profile/andreas-audretsch,"2024-11-14 GESETZENTWURF: Gesetz zur Neuregelung des Schwangerschaftsabbruchs (Drucksache 20/13775) [reading DRAFT -- not placed] | 2024-07-05 VOTE (Bundestag): Voted Ja: Änderung des Schwangerschaftskonfliktgesetzes [reading DRAFT -- not placed] | 2022-05-13 DEBATE: Rede ""(Nina Warken [CDU/CSU]: Davon haben wir in der Debatte zur Abtreibung aber nichts gehört!)..."" [0: Own speech concerns welfare sanctions, not abortion; abortion only appears in another MP's interjection.]",BÜNDNIS 90/DIE GRÜNEN,Landesliste Berlin
"Annika Klose (SPD, Landesliste Berlin)",,,1,,,,"a speech, 3 years ago","neutral (spoke, no stance)",3,https://www.abgeordnetenwatch.de/profile/annika-klose,"2024-11-14 GESETZENTWURF: Gesetz zur Neuregelung des Schwangerschaftsabbruchs (Drucksache 20/13775) [reading DRAFT -- not placed] | 2024-11-14 ANTRAG: Versorgungslage von ungewollt Schwangeren verbessern (Drucksache 20/13776) [reading DRAFT -- not placed] | 2024-02-22 DEBATE: Rede ""Darüber hinaus hat sie übrigens auch schon zwei Drittel des Koalitionsvertrags abgearbeitet. „Die streiten nur und schaffen nichts“, diese Leier ist einfach nur Quatsch. Weil Sie es mir vermutlich nicht glauben, fülle ic..."" [0: General political rebuttal speech, no clear stance on abortion, single-sex spaces or family policy.]",SPD,Landesliste Berlin
"Christoph Birghan (AfD, Landesliste Bayern)",,,1,,,,"a speech, 6 months ago","neutral (spoke, no stance)",2,https://www.abgeordnetenwatch.de/profile/christoph-birghan,"2026-07-07 ANTRAG: Pro familia von der Schwangerschaftskonfliktberatung ausschließen - Ungeborenes Leben schützen (Drucksache 21/6927) [reading DRAFT -- not placed] | 2026-03-20 DEBATE: Rede ""Die im Feststellungsteil des Antrags dargelegten Motive der Antragsteller sind höchst ehrenhaft. Die Vermeidung der risikobehafteten invasiven Pränataltests und die Verringerung der Zahl von Spätabtreibungen dürften hier..."" [0: Presents balanced dilemma between information and abortion risk without clear directional stance.]",AfD,Landesliste Bayern
"Knuth Meyer-Soltau (AfD, Landesliste Nordrhein-Westfalen)",,,1,,,,"a speech, 4 months ago","neutral (spoke, no stance)",2,https://www.abgeordnetenwatch.de/profile/knuth-meyer-soltau,"2026-07-07 ANTRAG: Pro familia von der Schwangerschaftskonfliktberatung ausschließen - Ungeborenes Leben schützen (Drucksache 21/6927) [reading DRAFT -- not placed] | 2026-06-10 DEBATE: Rede ""Sucht- und Schwangerschaftskonfliktberatungen schützen vor Selbstbelastung. In der sozialen Arbeit fehlt diese Gefahr. Wenn wir heute Ja zur sozialen Arbeit sagen, dann sagen wir morgen Nein zu Opferberatung, zu Frauenhä..."" [0: Argues against extending witness privilege too broadly; mentions pregnancy counselling only descriptively.]",AfD,Landesliste Nordrhein-Westfalen
"Stephan Mayer (CDU/CSU, 211 - Altötting)",,,1,,,,"a speech, 4 months ago","neutral (spoke, no stance)",2,https://www.abgeordnetenwatch.de/profile/stephan-mayer,"2026-06-10 DEBATE: Rede ""Ich darf vielleicht noch auf einen Punkt rekurrieren – Kollege Müller hat es ja schon exzellent gemacht –, was die Forderung anbelangt, dass man Fanbegleitern oder den Mitarbeitern in Fanprojekten ein Zeugnisverweigerung..."" [0: Discusses stadium bans and witness privilege for fan projects, unrelated to abortion.] | 2009-05-13 VOTE (Bundestag): Voted Ja: Beratungspflicht bei Spätabtreibungen [reading DRAFT -- not placed]",CDU/CSU,211 - Altötting
"Tilman Kuban (CDU/CSU, Landesliste Niedersachsen)",,,1,,,,"a speech, 5 years ago","neutral (spoke, no stance)",1,https://www.abgeordnetenwatch.de/profile/tilman-kuban,"2022-03-18 DEBATE: Rede ""Sehr geehrte Frau Präsidentin! Liebe Kolleginnen und Kollegen! Herr Kollege Houben, es ist ja schön, wie Sie die Einigkeit der Koalition präsentiert haben. Sie haben dabei nur leider die grünen Kollegen vergessen; aber d..."" [0: Mentions §219a and cannabis only in passing amid geopolitics speech, no personal stance shown.]",CDU/CSU,Landesliste Niedersachsen
"Claudia Moll (SPD, Landesliste Nordrhein-Westfalen)",,,,1,,,"a speech, 8 years ago",thin (only 1 evidence item on record),9,https://www.abgeordnetenwatch.de/profile/claudia-moll,2026-01-28 ANTRAG: Kassenzulassung des nicht-invasiven Pränataltests - Monitoring der Konsequenzen und Einrichtung eines Gremiums (Drucksache 21/3873) [reading DRAFT -- not placed] | 2024-11-14 GESETZENTWURF: Gesetz zur Neuregelung des Schwangerschaftsabbruchs (Drucksache 20/13775) [reading DRAFT -- not placed] | 2024-11-14 ANTRAG: Versorgungslage von ungewollt Schwangeren verbessern (Drucksache 20/13776) [reading DRAFT -- not placed] | 2024-07-05 VOTE (Bundestag): Voted Ja: Änderung des Schwangerschaftskonfliktgesetzes [reading DRAFT -- not placed] | 2024-02-28 ANTRAG: Kassenzulassung des nichtinvasiven Pränataltests - Monitoring der Konsequenzen und Einrichtung eines Gremiums (Drucksache 20/10515) [reading DRAFT -- not placed] | 2019-02-21 VOTE (Bundestag): Voted Nein: Aufhebung von § 219a StGB [reading DRAFT -- not placed] | 2019-02-21 VOTE (Bundestag): Voted Nein: Aufhebung des Werbeverbots für Schwangerschaftsabbrüche [reading DRAFT -- not placed] | 2019-02-21 VOTE (Bundestag): Voted Ja: Reform des §219a - Informationen zum Schwangerschaftsabbruch [never places: loosened the ban but kept it: neither lobby is cleanly ours],SPD,Landesliste Nordrhein-Westfalen
"Katja Mast (SPD, Landesliste Baden-Württemberg)",,,,1,,,"a speech, 2 years ago",thin (only 1 evidence item on record),9,https://www.abgeordnetenwatch.de/profile/katja-mast,"2026-01-28 ANTRAG: Kassenzulassung des nicht-invasiven Pränataltests - Monitoring der Konsequenzen und Einrichtung eines Gremiums (Drucksache 21/3873) [reading DRAFT -- not placed] | 2024-11-14 GESETZENTWURF: Gesetz zur Neuregelung des Schwangerschaftsabbruchs (Drucksache 20/13775) [reading DRAFT -- not placed] | 2024-11-14 ANTRAG: Versorgungslage von ungewollt Schwangeren verbessern (Drucksache 20/13776) [reading DRAFT -- not placed] | 2024-07-05 VOTE (Bundestag): Voted Ja: Änderung des Schwangerschaftskonfliktgesetzes [reading DRAFT -- not placed] | 2024-07-05 DEBATE: Rede ""Frau Präsidentin! Meine sehr verehrten Kolleginnen und Kollegen! Meine sehr verehrten Damen und Herren! Stellen Sie sich vor, Sie sind schwanger und Sie wissen nicht, ob Sie das Kind behalten wollen oder nicht; Sie sind ..."" [-: Frames pro-life demonstrators as harassers, supporting buffer-zone restrictions on speech near clinics.] | 2019-02-21 VOTE (Bundestag): Voted Nein: Aufhebung von § 219a StGB [reading DRAFT -- not placed] | 2019-02-21 VOTE (Bundestag): Voted Nein: Aufhebung des Werbeverbots für Schwangerschaftsabbrüche [reading DRAFT -- not placed] | 2019-02-21 VOTE (Bundestag): Voted Ja: Reform des §219a - Informationen zum Schwangerschaftsabbruch [never places: loosened the ban but kept it: neither lobby is cleanly ours]",SPD,Landesliste Baden-Württemberg
"Svenja Stadler (SPD, Landesliste Niedersachsen)",,,,1,,,"a speech, 8 years ago",thin (only 1 evidence item on record),8,https://www.abgeordnetenwatch.de/profile/svenja-stadler,"2024-11-14 GESETZENTWURF: Gesetz zur Neuregelung des Schwangerschaftsabbruchs (Drucksache 20/13775) [reading DRAFT -- not placed] | 2024-11-14 ANTRAG: Versorgungslage von ungewollt Schwangeren verbessern (Drucksache 20/13776) [reading DRAFT -- not placed] | 2024-07-05 VOTE (Bundestag): Voted Ja: Änderung des Schwangerschaftskonfliktgesetzes [reading DRAFT -- not placed] | 2019-02-21 VOTE (Bundestag): Voted Nein: Aufhebung von § 219a StGB [reading DRAFT -- not placed] | 2019-02-21 VOTE (Bundestag): Voted Nein: Aufhebung des Werbeverbots für Schwangerschaftsabbrüche [reading DRAFT -- not placed] | 2019-02-21 VOTE (Bundestag): Voted Ja: Reform des §219a - Informationen zum Schwangerschaftsabbruch [never places: loosened the ban but kept it: neither lobby is cleanly ours] | 2018-11-22 DEBATE: Rede ""Liebe Kolleginnen und Kollegen, von echter Gleichstellung sind wir verdammt weit entfernt. Gleicher Lohn für gleiche Arbeit zum Beispiel, gleicher Zugang zu Führungspositionen, ein wirksamer Schutz vor Gewalt, § 219a StG..."" [-: Lists §219a reform among equality demands, implying support for loosening abortion advertising restrictions.] | 2018-09-13 DEBATE: Rede ""Die Ausgaben im Etat – das wissen wir alle – sind aufgrund der gesetzlichen und vertraglichen Leistungen im Großen und Ganzen festgeschrieben. Mit dem Elterngeld, dem Kindergeld, dem Kinderzuschlag, der Neuregelung des U..."" [0: General remarks on women's history and gender equality funding, no clear directional stance on covered issues.]",SPD,Landesliste Niedersachsen
"Elisabeth Kaiser (SPD, Landesliste Thüringen)",,,,1,,,"a speech, 8 years ago",thin (only 1 evidence item on record),7,https://www.abgeordnetenwatch.de/profile/elisabeth-kaiser,"2024-11-14 GESETZENTWURF: Gesetz zur Neuregelung des Schwangerschaftsabbruchs (Drucksache 20/13775) [reading DRAFT -- not placed] | 2024-11-14 ANTRAG: Versorgungslage von ungewollt Schwangeren verbessern (Drucksache 20/13776) [reading DRAFT -- not placed] | 2024-07-05 VOTE (Bundestag): Voted Ja: Änderung des Schwangerschaftskonfliktgesetzes [reading DRAFT -- not placed] | 2019-02-21 VOTE (Bundestag): Voted Nein: Aufhebung von § 219a StGB [reading DRAFT -- not placed] | 2019-02-21 VOTE (Bundestag): Voted Nein: Aufhebung des Werbeverbots für Schwangerschaftsabbrüche [reading DRAFT -- not placed] | 2019-02-21 VOTE (Bundestag): Voted Ja: Reform des §219a - Informationen zum Schwangerschaftsabbruch [never places: loosened the ban but kept it: neither lobby is cleanly ours] | 2018-10-11 DEBATE: Rede ""Erst vor zwei Wochen bekam ich beim CSD in meiner Heimatstadt Gera in persönlichen Gesprächen geschildert, auf welche Schwierigkeiten die Betroffenen in der Gesellschaft überall stoßen. Ein freigewählter Geschlechtseintr..."" [-: Advocates liberalising gender self-identification, undermining sex-based distinctions.]",SPD,Landesliste Thüringen
"Helge Lindh (SPD, 101 - Wuppertal I)",,,,1,,,"a speech, 4 years ago",thin (only 1 evidence item on record),7,https://www.abgeordnetenwatch.de/profile/helge-lindh,"2024-11-14 GESETZENTWURF: Gesetz zur Neuregelung des Schwangerschaftsabbruchs (Drucksache 20/13775) [reading DRAFT -- not placed] | 2024-11-14 ANTRAG: Versorgungslage von ungewollt Schwangeren verbessern (Drucksache 20/13776) [reading DRAFT -- not placed] | 2024-07-05 VOTE (Bundestag): Voted Ja: Änderung des Schwangerschaftskonfliktgesetzes [reading DRAFT -- not placed] | 2022-06-24 DEBATE: Rede ""Gestern sprach mich ein Taxifahrer an. Anlass waren eigentlich die Debatte und die Entscheidung über § 219a; aber er sprach mich auch auf den assistierten Suizid an, den er befürwortet. Er berichtete von einer 90-jährige..."" [-: Supports assisted suicide framework with counselling, favouring liberalised access over life-protection caution.] | 2019-02-21 VOTE (Bundestag): Voted Nein: Aufhebung von § 219a StGB [reading DRAFT -- not placed] | 2019-02-21 VOTE (Bundestag): Voted Nein: Aufhebung des Werbeverbots für Schwangerschaftsabbrüche [reading DRAFT -- not placed] | 2019-02-21 VOTE (Bundestag): Voted Ja: Reform des §219a - Informationen zum Schwangerschaftsabbruch [never places: loosened the ban but kept it: neither lobby is cleanly ours]",SPD,101 - Wuppertal I
"Hubertus Heil (SPD, 45 - Gifhorn – Peine)",,,,1,,,"a speech, 15 years ago",thin (only 1 evidence item on record),6,https://www.abgeordnetenwatch.de/profile/hubertus-heil,"2024-11-14 GESETZENTWURF: Gesetz zur Neuregelung des Schwangerschaftsabbruchs (Drucksache 20/13775) [reading DRAFT -- not placed] | 2024-11-14 ANTRAG: Versorgungslage von ungewollt Schwangeren verbessern (Drucksache 20/13776) [reading DRAFT -- not placed] | 2019-02-21 VOTE (Bundestag): Voted Nein: Aufhebung von § 219a StGB [reading DRAFT -- not placed] | 2019-02-21 VOTE (Bundestag): Voted Nein: Aufhebung des Werbeverbots für Schwangerschaftsabbrüche [reading DRAFT -- not placed] | 2019-02-21 VOTE (Bundestag): Voted Ja: Reform des §219a - Informationen zum Schwangerschaftsabbruch [never places: loosened the ban but kept it: neither lobby is cleanly ours] | 2011-04-14 DEBATE: Rede ""Zulassung der Präimplantationsdiagnostik genau aus..."" [-: Supports limited PID legalisation as pragmatic response to real-life reproductive dilemmas.]",SPD,45 - Gifhorn – Peine
"Lars Castellucci (SPD, Landesliste Baden-Württemberg)",,,,1,,,"a speech, 3 years ago",thin (only 1 evidence item on record),5,https://www.abgeordnetenwatch.de/profile/lars-castellucci,"2024-07-05 VOTE (Bundestag): Voted Ja: Änderung des Schwangerschaftskonfliktgesetzes [reading DRAFT -- not placed] | 2023-07-06 DEBATE: Rede ""Wer organisiert regelmäßig Suizidhilfe anbietet und sich nicht an das Schutzkonzept hält, kennt nach unserem Entwurf die Konsequenzen: Er macht sich strafbar. Denn ein Schutzkonzept, bei dem es keine Konsequenzen gibt, w..."" [-: Supports legalising and regulating assisted suicide access, framing it as self-determination right.] | 2019-02-21 VOTE (Bundestag): Voted Nein: Aufhebung von § 219a StGB [reading DRAFT -- not placed] | 2019-02-21 VOTE (Bundestag): Voted Nein: Aufhebung des Werbeverbots für Schwangerschaftsabbrüche [reading DRAFT -- not placed] | 2019-02-21 VOTE (Bundestag): Voted Ja: Reform des §219a - Informationen zum Schwangerschaftsabbruch [never places: loosened the ban but kept it: neither lobby is cleanly ours]",SPD,Landesliste Baden-Württemberg
"Thorsten Rudolph (SPD, Landesliste Rheinland-Pfalz)",,,,1,,,"a speech, 4 years ago",thin (only 1 evidence item on record),4,https://www.abgeordnetenwatch.de/profile/thorsten-rudolph,"2024-11-14 GESETZENTWURF: Gesetz zur Neuregelung des Schwangerschaftsabbruchs (Drucksache 20/13775) [reading DRAFT -- not placed] | 2024-11-14 ANTRAG: Versorgungslage von ungewollt Schwangeren verbessern (Drucksache 20/13776) [reading DRAFT -- not placed] | 2024-07-05 VOTE (Bundestag): Voted Ja: Änderung des Schwangerschaftskonfliktgesetzes [reading DRAFT -- not placed] | 2022-09-08 DEBATE: Rede ""beim Mindestlohn, die Beibehaltung von § 219a, schrille Debatten um gendergerechte Sprache: Die Vision der CDU für dieses Land erinnert schwer an die frühen..."" [-: Criticises CDU for wanting to retain §219a abortion-advertising restriction, opposing pro-life stance.]",SPD,Landesliste Rheinland-Pfalz
"Ulle Schauws (BÜNDNIS 90/DIE GRÜNEN, Landesliste Nordrhein-Westfalen)",,,,,1,,"a speech, 5 months ago",consistent (28 items),39,https://www.abgeordnetenwatch.de/profile/ulle-schauws,"2026-05-06 DEBATE: Rede ""Danke, Herr Präsident. – Frau Ministerin Radovan, ich habe eine Nachfrage zu den Kürzungen vonseiten der USA im Gesundheitsbereich, insbesondere was die Unterstützung für Frauen und Mädchen – Stichwort „reproduktive Gere..."" [-: Criticises US funding cuts to abortion-related reproductive healthcare, implying support for abortion access funding.] | 2026-01-28 ANTRAG: Versorgung bei Schwangerschaftsabbrüchen sichern (Drucksache 21/3909) [reading DRAFT -- not placed] | 2025-12-03 DEBATE: Rede ""Findet die Bundesregierung, dass die Vorgaben im Schwangerschaftskonfliktgesetz ausreichen, um eine bundesweit einheitliche gute Versorgung von ungewollt Schwangeren durch Schwangerschaftskonfliktberatungsstellen und Ein..."" [--: Pushes for expanded, easier access to abortion services nationwide, opposing pro-life restrictions.] | 2025-12-03 MÜNDLICHE FRAGE: Versorgungslage ungewollt Schwangerer (Drucksache 21/46) [reading DRAFT -- not placed] | 2025-10-10 SCHRIFTLICHE FRAGE: Abbau von Stigmatisierungserfahrungen ungewollt schwangerer Frauen (Drucksache 21/2141) [reading DRAFT -- not placed] | 2025-09-24 DEBATE: Rede ""Darum ist die geplante Vernichtung von Verhütungsmitteln im Wert von 10 Millionen Euro durch die USA ein Drama. Das Leben von Hunderttausenden Frauen ist durch unsichere Schwangerschaftsabbrüche gefährdet. Zu diesem Dram..."" [-: Laments destruction of contraceptives and unsafe abortions, framing restricted access as a 'drama', pro-choice leaning.] | 2025-08-01 SCHRIFTLICHE FRAGE: Umsetzung der geplanten Kostenübernahme von Schwangerschaftsabbrüchen durch die gesetzlichen Krankenkassen (Drucksache 21/1089) [never places: the title does not show which side the author is on] | 2024-12-05 DEBATE: Rede ""Meine Damen und Herren, die Welt hat sich verändert. Dass Frauen frei und gleichberechtigt leben können, wünschen wir uns alle, und zwar in allen Lebenslagen. Der § 218 StGB verhindert dies. Abtreibungen sind noch immer ..."" [--: Calls §218 'deeply patriarchal', explicitly backs removing criminal protection for the unborn.]",BÜNDNIS 90/DIE GRÜNEN,Landesliste Nordrhein-Westfalen
"Heidi Reichinnek (Die Linke, Landesliste Niedersachsen)",,,,,1,,"a speech, 9 months ago",consistent (11 items),34,https://www.abgeordnetenwatch.de/profile/heidi-reichinnek,"2026-07-17 KLEINE ANFRAGE: Krankenhausschließungen und medizinische Versorgung im ländlichen Raum in Bayern (Drucksache 21/7211) [never places: the title does not show which side the author is on] | 2026-04-10 KLEINE ANFRAGE: Krankenhausschließungen und medizinische Versorgung im ländlichen Raum in Brandenburg (Drucksache 21/5255) [never places: the title does not show which side the author is on] | 2026-02-25 ANTRAG: Reproduktive Gerechtigkeit verwirklichen - Selbstbestimmung gewährleisten (Drucksache 21/4299) [reading DRAFT -- not placed] | 2026-02-19 KLEINE ANFRAGE: Krankenhausschließungen und medizinische Versorgung im ländlichen Raum in Baden-Württemberg (Drucksache 21/4192) [never places: the title does not show which side the author is on] | 2025-12-17 DEBATE: Rede ""Ich möchte zum Abschluss noch einen besonders wichtigen und guten Punkt hier zum Thema machen. Heute wurde im EU-Parlament über eine Bürgerinitiative abgestimmt, in der es um den sicheren und legalen Zugang zu Schwangers..."" [--: Praises EU vote for safe/legal abortion access and defends DSA content regulation against Musk.] | 2025-08-01 SCHRIFTLICHE FRAGE: Kostenübernahme von Schwangerschaftsabbrüchen durch die gesetzlichen Krankenkassen (Drucksache 21/1089) [never places: the title does not show which side the author is on] | 2025-07-11 DEBATE: Rede ""Die wollen § 218 auch streichen...."" [0: Focus is on judicial independence and Verfassungsgericht process, not a clear abortion stance.] | 2025-05-14 DEBATE: Rede ""Herr Merz, ich weiß, Sie wollten nicht, dass Schwangerschaftsabbrüche ein Wahlkampfthema werden. Aber ich verspreche Ihnen: Wir werden dafür sorgen, dass Sie sich diesem Thema nicht entziehen können. Ich sage es ganz deu..."" [-: Vows to force abortion (§218) debate and calls for its removal, opposing pro-life stance; migration remarks off-topic.]",Die Linke,Landesliste Niedersachsen
"Gökay Akbulut (Die Linke, Landesliste Baden-Württemberg)",,,,,1,,"a speech, 2 years ago",consistent (4 items),20,https://www.abgeordnetenwatch.de/profile/goekay-akbulut,"2026-03-19 KLEINE ANFRAGE: Dokumentierte sexualisierte Kriegsgewalt im russischen Angriffskrieg gegen die Ukraine (Drucksache 21/4841) [never places: the title does not show which side the author is on] | 2024-11-14 GESETZENTWURF: Gesetz zur Neuregelung des Schwangerschaftsabbruchs (Drucksache 20/13775) [reading DRAFT -- not placed] | 2024-11-14 ANTRAG: Versorgungslage von ungewollt Schwangeren verbessern (Drucksache 20/13776) [reading DRAFT -- not placed] | 2024-09-24 ANTRAG: Körperliche und sexuelle Selbstbestimmung sichern, reproduktive Gerechtigkeit ermöglichen (Drucksache 20/12984) [reading DRAFT -- not placed] | 2024-07-05 VOTE (Bundestag): Voted Ja: Änderung des Schwangerschaftskonfliktgesetzes [reading DRAFT -- not placed] | 2024-07-05 DEBATE: Rede ""Sehr geehrte Frau Präsidentin! Liebe Kolleginnen und Kollegen! Endlich verabschiedet der Bundestag ein Gesetz, mit dem die sogenannte Gehsteigbelästigung als Ordnungswidrigkeit geahndet wird. Belästigungen durch Abtreibu..."" [--: Supports buffer-zone law and criticises Germany's abortion restrictions as internationally embarrassing.] | 2024-07-05 DEBATE: Rede ""(Dr. Götz Frömming [AfD]: Aha, jetzt ist die Katze aus dem Sack! Darum geht es! Abschaffung von § 218!)..."" [--: Explicitly calls for abolition of §218, the core abortion restriction, strongly pro-choice.] | 2024-06-12 DEBATE: Rede ""Zudem wird darin auf unterstützende Maßnahmen des Bundes hingewiesen, die sowohl die Rahmenbedingungen für eine leistungsfähige Beratungsinfrastruktur schaffen als auch den Schwangerschaftsabbruch in der ärztlichen Ausbi..."" [0: Factual written question about abortion training and counselling infrastructure responsibilities, no clear direction.]",Die Linke,Landesliste Baden-Württemberg
"Carmen Wegge (SPD, Landesliste Bayern)",,,,,1,,"a speech, 22 months ago",consistent (15 items),18,https://www.abgeordnetenwatch.de/profile/carmen-wegge,"2024-12-05 DEBATE: Rede ""Der Abbruch nach der zwölften Woche bleibt strafbar. Die Beratungspflicht der Frau als zentraler Bestandteil des Konzeptes zum Schutz ungeborenen Lebens bleibt erhalten. Selbst der § 218 bleibt bestehen, um die Schutzwür..."" [--: Celebrates decriminalising abortion beyond twelve weeks, framing it as a woman's rights victory.] | 2024-12-05 DEBATE: Rede ""Selbst der § 218 bleibt bestehen, um die Schutzwürdigkeit des ungeborenen Lebens in der Systematik des Strafgesetzbuches zu betonen. Das ist … ein ausgewogener, moderater und alle Rechte berücksichtigender Entwurf ...“..."" [-: Defends her decriminalisation bill while claiming balance; overall supports weakening §218 protections.] | 2024-11-14 GESETZENTWURF: Gesetz zur Neuregelung des Schwangerschaftsabbruchs (Drucksache 20/13775) [reading DRAFT -- not placed] | 2024-11-14 ANTRAG: Versorgungslage von ungewollt Schwangeren verbessern (Drucksache 20/13776) [reading DRAFT -- not placed] | 2024-09-13 DEBATE: Rede ""Ein paar Beispiele: Wir haben im April dieses Jahres das Selbstbestimmungsgesetz verabschiedet und damit eine jahrzehntelange Diskriminierung von Transpersonen durch das menschenunwürdige Transsexuellengesetz beendet...."" [--: Celebrates self-ID law ending 'discrimination' of trans persons and removal of abortion counselling restrictions, opposing pro-life and single-sex space positions.] | 2024-09-13 DEBATE: Rede ""Die Debatte, die sich dahinter eigentlich verbirgt, ist, ob der § 218 Teil eines Schutzkonzepts für das ungeborene Leben ist...."" [--: Argues §218 stigmatises women and should not remain, opposing pro-life protection of unborn.] | 2024-07-05 VOTE (Bundestag): Voted Ja: Änderung des Schwangerschaftskonfliktgesetzes [reading DRAFT -- not placed] | 2024-07-05 DEBATE: Rede ""Die Einschränkung der Meinungsfreiheit ist hingegen eher punktuell, da diese primär durch eine Orts- oder Zeitverlegung erfolgt. Eine solche Versammlung, die im Übrigen natürlich nach Artikel 8 Absatz 1 Grundgesetz gesch..."" [--: Explicitly celebrates law suppressing 'radical' anti-abortion activists and champions women's abortion self-determination.]",SPD,Landesliste Bayern
"Kirsten Kappert-Gonther (BÜNDNIS 90/DIE GRÜNEN, Landesliste Bremen)",,,,,1,,"a speech, 7 months ago",conflicting (1 item point the other way),18,https://www.abgeordnetenwatch.de/profile/kirsten-kappert-gonther,"2026-02-27 DEBATE: Rede ""Das Recht auf Schwangerschaftsabbruch darf nicht vom Wohnort abhängen...."" [--: Argues abortion access is a right that must be guaranteed regardless of hospital ownership, opposing pro-life framing.] | 2026-01-28 ANTRAG: Kassenzulassung des nicht-invasiven Pränataltests - Monitoring der Konsequenzen und Einrichtung eines Gremiums (Drucksache 21/3873) [reading DRAFT -- not placed] | 2026-01-28 ANTRAG: Versorgung bei Schwangerschaftsabbrüchen sichern (Drucksache 21/3909) [reading DRAFT -- not placed] | 2026-01-12 SCHRIFTLICHE FRAGE: Veröffentlichung der jährlichen statistischen Ergebnisse über Schwangerschaftsabbrüche (Drucksache 21/3685) [never places: the title does not show which side the author is on] | 2025-10-10 SCHRIFTLICHE FRAGE: Zahl der im Bundesland Bremen durchgeführten Schwangerschaftsabbrüche (Drucksache 21/2141) [never places: the title does not show which side the author is on] | 2025-09-10 DEBATE: Rede ""Vielen Dank, Frau Präsidentin, für das Zulassen der Nachfrage. – Sehr geehrte Frau Ministerin, die Stichworte „Frauengesundheit“, „Endometriose“ und „Menopause“ haben wir gehört. Nun wissen wir ja, dass es beim Zugang zu..."" [--: Pushes for easier, less restricted access to abortion, opposing pro-life position.] | 2024-12-05 DEBATE: Rede ""Reduziert denn dieser mangelnde Zugang Schwangerschaftsabbrüche? Schützt er das ungeborene Leben besser? Nein. Aber er macht die Situation für Frauen in Not unnötig schwerer und gefährlicher. Wer kann das wollen?..."" [--: Advocates removing criminalisation of abortion, framing unwanted pregnancy as no crime.] | 2024-11-14 GESETZENTWURF: Gesetz zur Neuregelung des Schwangerschaftsabbruchs (Drucksache 20/13775) [reading DRAFT -- not placed]",BÜNDNIS 90/DIE GRÜNEN,Landesliste Bremen
"Josephine Ortleb (SPD, 296 - Saarbrücken)",,,,,1,,"a speech, 6 months ago",consistent (10 items),17,https://www.abgeordnetenwatch.de/profile/josephine-ortleb,"2026-03-19 DEBATE: Rede ""Lassen Sie uns jetzt dafür sorgen, dass Frauen die medizinische Versorgung bekommen, die ihnen zusteht – mit einer Verbesserung der Versorgungslage bei Schwangerschaftsabbrüchen! Wir als SPD sind bereit...."" [--: Calls for improved access to abortion services ('Schwangerschaftsabbrüche'), opposing pro-life stance.] | 2024-12-05 DEBATE: Rede ""Deswegen habe auch ich diesen Gesetzentwurf mit auf den Weg gebracht, weil ich der Meinung bin: Ein Teil des Schutzkonzeptes für das ungeborene Leben muss es sein, den Schwangeren bei ihren Entscheidungen zu vertrauen...."" [--: Explicitly urges colleagues to vote for legalising abortion.] | 2024-11-14 GESETZENTWURF: Gesetz zur Neuregelung des Schwangerschaftsabbruchs (Drucksache 20/13775) [reading DRAFT -- not placed] | 2024-11-14 ANTRAG: Versorgungslage von ungewollt Schwangeren verbessern (Drucksache 20/13776) [reading DRAFT -- not placed] | 2024-10-18 DEBATE: Rede ""Dafür müssen wir in den Blick nehmen, was für Frauen relevant ist: Wir müssen spezifische Frauenkrankheiten besser berücksichtigen. Wir müssen eine ganzheitliche Forschung für Gesundheitsfragen von Frauen fördern. Und wi..."" [0: Focuses on women's health/menopause policy, no direct bearing on CitizenGO topics.] | 2024-07-05 VOTE (Bundestag): Voted Ja: Änderung des Schwangerschaftskonfliktgesetzes [reading DRAFT -- not placed] | 2024-07-05 DEBATE: Rede ""Sehr geehrte Frau Präsidentin! Kolleginnen und Kollegen! Sehr geehrte Damen und Herren! Mit diesem Gesetz verbieten wir Gehsteigbelästigungen. Bedrängungen, Einschüchterungen und Belästigungen von Schwangeren setzen wir ..."" [--: Advocates for buffer-zone law framed as protecting women from pro-life 'harassment', pro-choice stance.] | 2024-07-05 DEBATE: Rede ""Deswegen sehen wir diesen Schutzkreis von 100 Metern rund um Beratungsstellen und Abtreibungskliniken vor. Wir stehen eben an der Seite der Frauen...."" [--: Reiterates support for nationwide buffer zones limiting pro-life protest near clinics.]",SPD,296 - Saarbrücken
"Lisa Paus (BÜNDNIS 90/DIE GRÜNEN, Landesliste Berlin)",,,,,1,,"a speech, 2 years ago",consistent (6 items),16,https://www.abgeordnetenwatch.de/profile/lisa-paus,"2024-11-14 GESETZENTWURF: Gesetz zur Neuregelung des Schwangerschaftsabbruchs (Drucksache 20/13775) [reading DRAFT -- not placed] | 2024-11-14 ANTRAG: Versorgungslage von ungewollt Schwangeren verbessern (Drucksache 20/13776) [reading DRAFT -- not placed] | 2024-11-06 DEBATE: Rede ""(Beatrix von Storch [AfD]: Ein Tod ist ein Femizid, ja? Sie haben doch gar keine Ahnung! – Gegenruf der Abg. Ulle Schauws [BÜNDNIS 90/DIE GRÜNEN]: Was feixt ihr da bei der AfD?)..."" [0: General remarks on women's rights and Trump win, not specifically on abortion or single-sex spaces.] | 2024-07-05 VOTE (Bundestag): Voted Ja: Änderung des Schwangerschaftskonfliktgesetzes [reading DRAFT -- not placed] | 2024-04-10 DEBATE: Rede ""Frau Präsidentin! Werte Kolleginnen und Kollegen! Werte Zuhörende! Ich danke Ihnen sehr für die Debatte über den Gesetzentwurf zur Änderung des Schwangerschaftskonfliktgesetzes, den Gesetzentwurf gegen die Gehsteigbeläst..."" [--: Minister strongly backs law criminalising pavement counselling near abortion clinics, opposing pro-life advocacy.] | 2023-06-14 DEBATE: Rede ""Wir haben auch dazu ein Gesetz erarbeitet. Es ist auch schon sehr weit mit dem Bundesinnenministerium und dem Bundesjustizministerium abgestimmt. Wir werden es im Schwangerschaftskonfliktgesetz mit der Ergänzung einer Or..."" [--: Minister confirms plan to criminalise sidewalk counselling outside abortion clinics, restricting pro-life activity.] | 2023-06-14 DEBATE: Rede ""Sehr geehrte Abgeordnete, wie Sie wissen, hat die Bundesregierung eben nicht einfach entschieden, einen Gesetzentwurf zur Neuregelung vorzulegen, sondern wir haben dieses Thema, eben auch aufgrund der Geschichte in Deuts..."" [0: Describes ongoing government commission process on abortion law and surrogacy; procedural, no clear stance.] | 2023-06-14 DEBATE: Rede ""Sie wissen, dass wir in Deutschland ein gut gefächertes System mit Schwangerschaftskonfliktberatungsstellen und anderem haben; es gibt auch zusätzliche Hilfeleistungen. Ansonsten gibt es eben die gesetzliche Regelung, di..."" [-: Minister cites Denmark's decriminalisation as reducing abortions, implying support for removing criminal penalties.]",BÜNDNIS 90/DIE GRÜNEN,Landesliste Berlin
"Johannes Fechner (SPD, Landesliste Baden-Württemberg)",,,,,1,,"a speech, 5 years ago",consistent (5 items),12,https://www.abgeordnetenwatch.de/profile/johannes-fechner,"2024-11-14 GESETZENTWURF: Gesetz zur Neuregelung des Schwangerschaftsabbruchs (Drucksache 20/13775) [reading DRAFT -- not placed] | 2024-11-14 ANTRAG: Versorgungslage von ungewollt Schwangeren verbessern (Drucksache 20/13776) [reading DRAFT -- not placed] | 2022-03-24 DEBATE: Rede ""Also, schneiden wir diesen alten Zopf endlich ab! Es ist gut, dass wir als eines der ersten Projekte in der Ampelkoalition diese nicht mehr notwendige Vorschrift des § 219a endlich streichen, liebe Kolleginnen und Kolleg..."" [-: Praises repeal of Section 219a as overdue, weakening abortion-related restriction.] | 2020-03-05 DEBATE: Rede ""Lassen Sie uns, wenn es um die Abschaffung von Straftatbeständen geht, mit dem § 219a StGB beginnen, liebe Kolleginnen und Kollegen...."" [-: Suggests starting abolition of criminal statutes with §219a, the abortion advertising ban, favouring liberalisation.] | 2019-02-21 VOTE (Bundestag): Voted Nein: Aufhebung von § 219a StGB [reading DRAFT -- not placed] | 2019-02-21 VOTE (Bundestag): Voted Nein: Aufhebung des Werbeverbots für Schwangerschaftsabbrüche [reading DRAFT -- not placed] | 2019-02-21 VOTE (Bundestag): Voted Ja: Reform des §219a - Informationen zum Schwangerschaftsabbruch [never places: loosened the ban but kept it: neither lobby is cleanly ours] | 2018-12-13 DEBATE: Rede ""Deshalb werden wir keine faulen Kompromisse schließen, die den § 219a StGB nicht ändern und es Ärzten weiterhin verbieten, sachlich über Schwangerschaftsabbrüche zu informieren. Diesen heutigen Zustand wird die SPD beend..."" [--: Explicitly supports abolishing §219a to ease abortion information access, clearly pro-choice stance.]",SPD,Landesliste Baden-Württemberg
"Dirk Wiese (SPD, Landesliste Nordrhein-Westfalen)",,,,,1,,"a speech, 4 years ago",consistent (4 items),11,https://www.abgeordnetenwatch.de/profile/dirk-wiese,"2024-11-14 GESETZENTWURF: Gesetz zur Neuregelung des Schwangerschaftsabbruchs (Drucksache 20/13775) [reading DRAFT -- not placed] | 2024-11-14 ANTRAG: Versorgungslage von ungewollt Schwangeren verbessern (Drucksache 20/13776) [reading DRAFT -- not placed] | 2024-07-05 VOTE (Bundestag): Voted Ja: Änderung des Schwangerschaftskonfliktgesetzes [reading DRAFT -- not placed] | 2022-11-24 DEBATE: Rede ""nicht möglich war, vorankommt. Ich erinnere noch einmal an die Abschaffung des § 219a des Strafgesetzbuches...."" [-: Praises abolition of §219a, which removed restrictions on advertising abortion, opposing the pro-life position.] | 2022-06-24 DEBATE: Rede ""die sich in den vergangenen Jahren und Jahrzehnten unermüdlich für die Selbstbestimmung der Frauen in diesem Land eingesetzt haben. Auch ihr Einsatz trägt heute zur Streichung des § 219a StGB bei...."" [--: SPD MP celebrates repeal of §219a as advancing women's self-determination over abortion.] | 2022-06-02 DEBATE: Rede ""die übrigens von der Union diskreditiert werden wie die Verantwortungsgemeinschaft, wo Menschen füreinander Verantwortung übernehmen wollen und Rechtssicherheit bekommen sollen..."" [--: Celebrates abolishing §219a (abortion advertising ban) as progress, clearly pro-abortion-rights.] | 2022-01-12 DEBATE: Rede ""dass sich gesellschaftliche Vielfalt endlich kodifiziert in Recht und Gesetz wiederfindet. Da haben wir einiges auf der Tagesordnung: die Mitmutterschaft, die Reform des Transsexuellengesetzes, die Streichung des § 219a,..."" [--: Lists co-motherhood, trans law reform and §219a repeal as progress, opposing traditional family and abortion stance.] | 2019-02-21 VOTE (Bundestag): Voted Nein: Aufhebung von § 219a StGB [reading DRAFT -- not placed]",SPD,Landesliste Nordrhein-Westfalen
"Doris Achelwilm (Die Linke, Landesliste Bremen)",,,,,1,,"a speech, 7 years ago",consistent (5 items),11,https://www.abgeordnetenwatch.de/profile/doris-achelwilm,"2026-02-25 ANTRAG: Reproduktive Gerechtigkeit verwirklichen - Selbstbestimmung gewährleisten (Drucksache 21/4299) [reading DRAFT -- not placed] | 2026-01-28 ANTRAG: Kassenzulassung des nicht-invasiven Pränataltests - Monitoring der Konsequenzen und Einrichtung eines Gremiums (Drucksache 21/3873) [reading DRAFT -- not placed] | 2020-03-06 DEBATE: Rede ""Am 8. März demonstrieren wir als Linke mit lokalen Streikinitiativen weiter ums Ganze: dafür, dass Schwangerschaftsabbrüche nicht mehr im Strafgesetzbuch stehen, dafür, dass Alleinerziehende gesellschaftlich breit unters..."" [--: Explicitly calls for removing abortion from the criminal code, clear pro-abortion-rights stance.] | 2019-09-12 DEBATE: Rede ""Was es definitiv nicht braucht, sind Studien zur Abschätzung seelischer Folgen von Schwangerschaftsabbrüchen. Dafür ist Geld da; eigentlich kaum zu glauben, absurd. Im Übrigen sei an dieser Stelle auch gesagt: § 219a mus..."" [--: Explicitly calls for abolishing §219a, opposing restrictions on abortion advertising, against pro-life position.] | 2019-03-15 DEBATE: Rede ""Er suchte im Internet nach Informationen zu Schwangerschaftsabbrüchen. Wenn er bei Arztpraxen dann fündig geworden ist, erstattet er gleich online die Strafanzeige und sagt – ich zitiere mit Erlaubnis des Präsidenten –:..."" [--: Explicitly opposes §219a, calls related study 'frauenfeindlich', clearly pro-abortion-rights.] | 2019-02-21 VOTE (Bundestag): Voted Ja: Aufhebung von § 219a StGB [reading DRAFT -- not placed] | 2019-02-21 VOTE (Bundestag): Voted Ja: Aufhebung des Werbeverbots für Schwangerschaftsabbrüche [reading DRAFT -- not placed] | 2019-02-21 VOTE (Bundestag): Voted Nein: Reform des §219a - Informationen zum Schwangerschaftsabbruch [never places: loosened the ban but kept it: neither lobby is cleanly ours]",Die Linke,Landesliste Bremen
"Katrin Göring-Eckardt (BÜNDNIS 90/DIE GRÜNEN, Landesliste Thüringen)",,,,,1,,"a speech, 8 years ago",thin (only 1 evidence item on record),11,https://www.abgeordnetenwatch.de/profile/katrin-goering-eckardt,"2026-01-28 ANTRAG: Kassenzulassung des nicht-invasiven Pränataltests - Monitoring der Konsequenzen und Einrichtung eines Gremiums (Drucksache 21/3873) [reading DRAFT -- not placed] | 2024-11-14 GESETZENTWURF: Gesetz zur Neuregelung des Schwangerschaftsabbruchs (Drucksache 20/13775) [reading DRAFT -- not placed] | 2024-11-14 ANTRAG: Versorgungslage von ungewollt Schwangeren verbessern (Drucksache 20/13776) [reading DRAFT -- not placed] | 2024-07-05 VOTE (Bundestag): Voted Ja: Änderung des Schwangerschaftskonfliktgesetzes [reading DRAFT -- not placed] | 2024-02-28 ANTRAG: Kassenzulassung des nichtinvasiven Pränataltests - Monitoring der Konsequenzen und Einrichtung eines Gremiums (Drucksache 20/10515) [reading DRAFT -- not placed] | 2019-03-15 DEBATE: Rede ""Ein Wort, liebe Frau Giffey, muss sein: Fairness herstellen, ohne Väter gegen Mütter und umgekehrt auszuspielen, geht wirklich anders. Nach Ihrem Interview machen sich Alleinerziehende in diesem Land viele Sorgen, dass s..."" [--: Explicitly advocates keeping repeal of §219a on the agenda, opposing pro-life position.] | 2019-02-21 VOTE (Bundestag): Voted Ja: Aufhebung von § 219a StGB [reading DRAFT -- not placed] | 2019-02-21 VOTE (Bundestag): Voted Ja: Aufhebung des Werbeverbots für Schwangerschaftsabbrüche [reading DRAFT -- not placed]",BÜNDNIS 90/DIE GRÜNEN,Landesliste Thüringen
"Sonja Eichwede (SPD, Landesliste Brandenburg)",,,,,1,,"a speech, 22 months ago",conflicting (1 item point the other way),10,https://www.abgeordnetenwatch.de/profile/sonja-eichwede,"2026-02-25 DEBATE: Rede ""Wichtig ist mir, zu betonen, dass wir in diesem Gesetzentwurf auch eine sachgerechte Lösung für vorgeburtliche Vaterschaftsanerkennungen gefunden haben. Denn zum einen müssen die Behörden innerhalb von vier Monaten entsc..."" [+: Supports preventing abusive paternity claims while protecting genuine family bonds, pro-family framing.] | 2024-12-05 DEBATE: Rede ""Wir führen heute eine Debatte, die in unserer Gesellschaft länger andauert, als wir hier alle auf der Welt sind. Seit über 150 Jahren stellt der § 218 Schwangerschaftsabbrüche unter Strafe. Fast ebenso lang kämpfen Fraue..."" [--: Argues for decriminalising abortion, frames restrictive law as outdated barrier to self-determination.] | 2024-11-14 GESETZENTWURF: Gesetz zur Neuregelung des Schwangerschaftsabbruchs (Drucksache 20/13775) [reading DRAFT -- not placed] | 2024-11-14 ANTRAG: Versorgungslage von ungewollt Schwangeren verbessern (Drucksache 20/13776) [reading DRAFT -- not placed] | 2024-07-05 VOTE (Bundestag): Voted Ja: Änderung des Schwangerschaftskonfliktgesetzes [reading DRAFT -- not placed] | 2024-06-07 DEBATE: Rede ""Intensiv diskutiert haben wir auch abstammungsrechtliche Regelungen. Diese lassen sich jedoch über eine Anerkennung oder eine gerichtliche Feststellung der Vaterschaft erreichen. Wenn wir hier eine Gleichsetzung mit der ..."" [0: Discusses legal consequences of child marriage nullity, unrelated to abortion or surrogacy stance.] | 2024-04-10 DEBATE: Rede ""Gerade weil wir die Frauen schützen müssen, haben wir gerade bei §§ 8 und 13 des Entwurfs eines Zweiten Gesetzes zur Änderung des Schwangerschaftskonfliktgesetzes hinsichtlich des Absichtserfordernisses noch Fragen und s..."" [-: SPD speaker defends the anti-harassment bill protecting abortion access, restricting pro-life protest presence.] | 2024-02-28 ANTRAG: Kassenzulassung des nichtinvasiven Pränataltests - Monitoring der Konsequenzen und Einrichtung eines Gremiums (Drucksache 20/10515) [reading DRAFT -- not placed]",SPD,Landesliste Brandenburg
"Britta Haßelmann (BÜNDNIS 90/DIE GRÜNEN, Landesliste Nordrhein-Westfalen)",,,,,1,,"a speech, 6 months ago",consistent (2 items),9,https://www.abgeordnetenwatch.de/profile/britta-hasselmann,"2026-03-19 DEBATE: Rede ""denn wir repräsentieren mehr als die Hälfte der Bevölkerung hier im Land. Es gibt so viel zu tun, vom Schließen der Lohnlücke über den § 218 – denn das Selbstbestimmungsrecht ist bei der Frau –..."" [--: Explicitly invokes §218 self-determination right, supporting abortion access.] | 2026-03-19 DEBATE: Rede ""damit klar wird: Wir kommen endlich voran in all den Fragen – nur Ja heißt Ja, nicht nur Nein heißt Nein –, zum Beispiel beim § 218 –..."" [--: Again cites §218 self-determination framing, endorsing abortion rights.] | 2024-11-14 GESETZENTWURF: Gesetz zur Neuregelung des Schwangerschaftsabbruchs (Drucksache 20/13775) [reading DRAFT -- not placed] | 2024-11-14 ANTRAG: Versorgungslage von ungewollt Schwangeren verbessern (Drucksache 20/13776) [reading DRAFT -- not placed] | 2024-07-05 VOTE (Bundestag): Voted Ja: Änderung des Schwangerschaftskonfliktgesetzes [reading DRAFT -- not placed] | 2019-02-21 VOTE (Bundestag): Voted Ja: Aufhebung von § 219a StGB [reading DRAFT -- not placed] | 2019-02-21 VOTE (Bundestag): Voted Ja: Aufhebung des Werbeverbots für Schwangerschaftsabbrüche [reading DRAFT -- not placed] | 2019-02-21 VOTE (Bundestag): Voted Nein: Reform des §219a - Informationen zum Schwangerschaftsabbruch [never places: loosened the ban but kept it: neither lobby is cleanly ours]",BÜNDNIS 90/DIE GRÜNEN,Landesliste Nordrhein-Westfalen
"Gabriela Heinrich (SPD, Landesliste Bayern)",,,,,1,,"a speech, 6 months ago",consistent (3 items),8,https://www.abgeordnetenwatch.de/profile/gabriela-heinrich,"2026-03-26 DEBATE: Rede ""Aber vielleicht ist das Ganze ja ein Missverständnis. Ihnen geht es vor allen Dingen um Abtreibung, wenn Sie von reproduktiver Gesundheit und Selbstbestimmung sprechen. Damit führen Sie die Leute aber in die Irre. Reprod..."" [--: Defends reproductive rights and abortion access as internationally recognised human rights.] | 2024-11-14 GESETZENTWURF: Gesetz zur Neuregelung des Schwangerschaftsabbruchs (Drucksache 20/13775) [reading DRAFT -- not placed] | 2024-11-14 ANTRAG: Versorgungslage von ungewollt Schwangeren verbessern (Drucksache 20/13776) [reading DRAFT -- not placed] | 2019-02-21 VOTE (Bundestag): Voted Nein: Aufhebung von § 219a StGB [reading DRAFT -- not placed] | 2019-02-21 VOTE (Bundestag): Voted Nein: Aufhebung des Werbeverbots für Schwangerschaftsabbrüche [reading DRAFT -- not placed] | 2019-02-21 VOTE (Bundestag): Voted Ja: Reform des §219a - Informationen zum Schwangerschaftsabbruch [never places: loosened the ban but kept it: neither lobby is cleanly ours] | 2017-05-31 DEBATE: Rede ""Zu den Nachhaltigkeitszielen der Vereinten Nationen gehört das Ziel fünf: Gleichberechtigung der Geschlechter. Teil des Ziels ist der Zugang zu selbstbestimmter Familienplanung. Ich greife das deswegen heraus, weil Donal..."" [-: Criticises Trump's Global Gag Rule restricting family planning funding, leaning pro-abortion-access stance.] | 2014-07-03 DEBATE: Rede ""Wenn ein Mann seine Ehefrau straflos vergewaltigen darf, wenn er mit der Eheschließung ihr Vermögen und ihren Besitz erhält und ihr Arbeitsverhältnis kündigen darf, dann ist das eine Missachtung von Frauen. Diese Rechtlo..."" [-: Strongly promotes reproductive rights as human rights, against pro-life framing.]",SPD,Landesliste Bayern
"Karl Lauterbach (SPD, 100 - Leverkusen – Köln IV)",,,,,1,,"a speech, 8 years ago",conflicting (1 item point the other way),8,https://www.abgeordnetenwatch.de/profile/karl-lauterbach,"2024-07-05 VOTE (Bundestag): Voted Ja: Änderung des Schwangerschaftskonfliktgesetzes [reading DRAFT -- not placed] | 2019-02-21 VOTE (Bundestag): Voted Nein: Aufhebung von § 219a StGB [reading DRAFT -- not placed] | 2019-02-21 VOTE (Bundestag): Voted Nein: Aufhebung des Werbeverbots für Schwangerschaftsabbrüche [reading DRAFT -- not placed] | 2019-02-21 VOTE (Bundestag): Voted Ja: Reform des §219a - Informationen zum Schwangerschaftsabbruch [never places: loosened the ban but kept it: neither lobby is cleanly ours] | 2019-02-21 DEBATE: Rede ""wo es darum geht, erst einmal zu prüfen, wie sich ein Schwangerschaftsabbruch auswirkt. Als wenn wir das durch etliche Studien nicht schon seit Jahrzehnten wüssten!..."" [--: Strongly defends abortion access, criticises Spahn's proposed study as stigmatising women.] | 2018-12-13 DEBATE: Rede ""(Dr. Bernd Baumann [AfD]: Wir sind bei § 218!)..."" [-: Defends Jusos' proposal, distinguishes fetus from child, downplays pro-life framing.] | 2014-02-13 DEBATE: Rede ""Ich will noch einen Punkt ansprechen. Hier wurde gesagt, dass das Produkt 460 000 Mal eingenommen worden ist. Dies sei Beweis dafür, dass die geltende Regelung greift. Ich warne vor dieser Schlussfolgerung: In 50 Prozent..."" [-: Supports free availability of the morning-after pill, favouring easier access to abortion-adjacent medication.] | 2011-07-07 DEBATE: Rede ""PID möglich ist, die Zahl von Spätabtreibungen auch nur..."" [+: Frames reducing late-term abortions via PID as praiseworthy, leaning toward limiting abortion; surrogacy irrelevant.]",SPD,100 - Leverkusen – Köln IV
"Kathrin Gebel (Die Linke, Landesliste Nordrhein-Westfalen)",,,,,1,,"a speech, 7 months ago",consistent (2 items),8,https://www.abgeordnetenwatch.de/profile/kathrin-gebel,"2026-07-17 KLEINE ANFRAGE: Krankenhausschließungen und medizinische Versorgung im ländlichen Raum in Bayern (Drucksache 21/7211) [never places: the title does not show which side the author is on] | 2026-04-10 KLEINE ANFRAGE: Krankenhausschließungen und medizinische Versorgung im ländlichen Raum in Brandenburg (Drucksache 21/5255) [never places: the title does not show which side the author is on] | 2026-03-19 DEBATE: Rede ""die Istanbul-Konvention vollständig umsetzen, Prävention und Täterarbeit stärken, den digitalen Gewaltschutz aufbauen und ein eheunabhängiges Aufenthaltsrecht schaffen, damit Schutz nicht am Aufenthaltsstatus endet, die ..."" [0: Criticises AfD's framing of migrant violence, no clear direction on listed areas.] | 2026-03-19 KLEINE ANFRAGE: Dokumentierte sexualisierte Kriegsgewalt im russischen Angriffskrieg gegen die Ukraine (Drucksache 21/4841) [never places: the title does not show which side the author is on] | 2026-02-27 DEBATE: Rede ""Aber nicht nur die Kirchen wollen unsere Gebärmütter kontrollieren, nein, auch der Staat macht fleißig mit. Dass Schwangerschaftsabbrüche weiterhin in § 218 StGB geregelt sind, ist doch eine der zentralen Ursachen für di..."" [--: Attacks church-run hospitals for restricting abortion, demands abolition of conscience protections.] | 2026-02-25 ANTRAG: Reproduktive Gerechtigkeit verwirklichen - Selbstbestimmung gewährleisten (Drucksache 21/4299) [reading DRAFT -- not placed] | 2026-02-19 KLEINE ANFRAGE: Krankenhausschließungen und medizinische Versorgung im ländlichen Raum in Baden-Württemberg (Drucksache 21/4192) [never places: the title does not show which side the author is on] | 2025-05-15 DEBATE: Rede ""Elterngeld auf 420 Euro anheben, eine Familienstartzeit für frische Eltern, eine gebührenfreie Ganztagsbetreuung, auch außerhalb der regulären Öffnungszeiten, das Rückkehrrecht auf Vollzeit und die Streichung von § 218 S..."" [--: Explicitly calls for abolishing §218 (decriminalising abortion) and praises rainbow families over traditional model.]",Die Linke,Landesliste Nordrhein-Westfalen
"Felix Döring (SPD, Landesliste Hessen)",,,,,1,,"a speech, 6 months ago",consistent (3 items),7,https://www.abgeordnetenwatch.de/profile/felix-doering,"2026-03-20 DEBATE: Rede ""Sehr geehrter Herr Präsident! Liebe Kolleginnen und Kollegen! Ich erinnere mich daran, als wäre es gestern gewesen, wie ich in diesem Hohen Haus meine allererste Rede halten durfte; ich war aufgeregt wie Bolle. Es ging u..."" [--: Explicitly states 'my body, my choice' as guiding principle, clear pro-choice stance.] | 2026-01-28 ANTRAG: Kassenzulassung des nicht-invasiven Pränataltests - Monitoring der Konsequenzen und Einrichtung eines Gremiums (Drucksache 21/3873) [reading DRAFT -- not placed] | 2024-11-14 GESETZENTWURF: Gesetz zur Neuregelung des Schwangerschaftsabbruchs (Drucksache 20/13775) [reading DRAFT -- not placed] | 2024-11-14 ANTRAG: Versorgungslage von ungewollt Schwangeren verbessern (Drucksache 20/13776) [reading DRAFT -- not placed] | 2024-07-05 VOTE (Bundestag): Voted Ja: Änderung des Schwangerschaftskonfliktgesetzes [reading DRAFT -- not placed] | 2022-04-27 DEBATE: Rede ""Die Abschaffung des § 219a ist aber nur eine Etappe auf dem Weg des gesellschaftlichen Fortschritts. Ich sage Ihnen auch gerne, was die nächsten Schritte sind: das Selbstbestimmungsrecht, die Verantwortungsgemeinschaft, ..."" [--: Champions §219a repeal as step toward broader self-determination reforms.] | 2022-01-13 DEBATE: Rede ""Aber wir belassen es nicht nur bei Solidarität. Wir werden erstens dafür sorgen, dass Schwangerschaftsabbrüche Teil der ärztlichen Ausbildung sein werden, wir werden zweitens die Versorgungssicherheit verbessern und drit..."" [--: Celebrates repeal of §219a, framing abortion information access as overdue progress.]",SPD,Landesliste Hessen
"Helge Limburg (BÜNDNIS 90/DIE GRÜNEN, Landesliste Niedersachsen)",,,,,1,,"a speech, 8 months ago",consistent (3 items),7,https://www.abgeordnetenwatch.de/profile/helge-limburg,"2026-01-28 ANTRAG: Versorgung bei Schwangerschaftsabbrüchen sichern (Drucksache 21/3909) [reading DRAFT -- not placed] | 2026-01-14 DEBATE: Rede ""Der deutsche Gesetzgeber hat sich für ein umfassendes Verbot von Leihmutterschaft entschieden. Nach § 13c des Adoptionsvermittlungsgesetzes (AdVermiG) ist die Ersatzmuttervermittlung untersagt. Wer eine Ersatzmuttervermi..."" [-: Question frames current surrogacy ban as problematic, implying pressure for reform/loosening.] | 2024-12-05 DEBATE: Rede ""Liebe Kolleginnen und Kollegen, das Strafrecht muss im Rechtsstaat Ultima Ratio sein, das schärfste Schwert. Nicht immer, wenn der Staat Regeln setzt, sollte er das im Strafgesetzbuch tun, und darum wollen wir mit diesem..."" [--: Argues criminal law should not apply to abortion, supporting decriminalisation of §218.] | 2024-11-14 GESETZENTWURF: Gesetz zur Neuregelung des Schwangerschaftsabbruchs (Drucksache 20/13775) [reading DRAFT -- not placed] | 2024-11-14 ANTRAG: Versorgungslage von ungewollt Schwangeren verbessern (Drucksache 20/13776) [reading DRAFT -- not placed] | 2024-07-05 VOTE (Bundestag): Voted Ja: Änderung des Schwangerschaftskonfliktgesetzes [reading DRAFT -- not placed] | 2023-09-07 DEBATE: Rede ""Meine Damen und Herren, nicht die Streichung von § 219a Strafgesetzbuch war ein Fehler. Nein, es war ein Fehler, dass der Rechtsstaat es jemals unter Strafe gestellt hat, dass Ärztinnen und Ärzte über ihre eigenen Method..."" [--: Calls criminalisation of doctors advertising abortion services 'a mistake', clearly anti-pro-life stance.]",BÜNDNIS 90/DIE GRÜNEN,Landesliste Niedersachsen
"Julia-Christina Stange (Die Linke, Landesliste Rheinland-Pfalz)",,,,,1,,"a speech, 6 months ago",thin (only 1 evidence item on record),7,https://www.abgeordnetenwatch.de/profile/julia-christina-stange,"2026-07-17 KLEINE ANFRAGE: Krankenhausschließungen und medizinische Versorgung im ländlichen Raum in Bayern (Drucksache 21/7211) [never places: the title does not show which side the author is on] | 2026-04-10 KLEINE ANFRAGE: Krankenhausschließungen und medizinische Versorgung im ländlichen Raum in Brandenburg (Drucksache 21/5255) [never places: the title does not show which side the author is on] | 2026-03-19 DEBATE: Rede ""Das gilt auch für die Versorgung bei Schwangerschaftsabbrüchen. Der Zugang ist in vielen Regionen Deutschlands nicht mehr selbstverständlich. Das Thema gehört in die medizinische Ausbildung und muss dort verankert sein, ..."" [--: Advocates embedding abortion care access into medical training, supporting expanded abortion services.] | 2026-03-11 KLEINE ANFRAGE: Krankenhausschließungen und medizinische Versorgung im ländlichen Raum in Rheinland-Pfalz (Drucksache 21/4642) [never places: the title does not show which side the author is on] | 2026-02-25 ANTRAG: Reproduktive Gerechtigkeit verwirklichen - Selbstbestimmung gewährleisten (Drucksache 21/4299) [reading DRAFT -- not placed] | 2026-02-19 KLEINE ANFRAGE: Krankenhausschließungen und medizinische Versorgung im ländlichen Raum in Baden-Württemberg (Drucksache 21/4192) [never places: the title does not show which side the author is on] | 2025-10-10 SCHRIFTLICHE FRAGE: Aufstockung der Mittel für den Verein donum vitae zur Förderung des Schutzes des menschlichen Lebens e. V. (Drucksache 21/2141) [reading DRAFT -- not placed]",Die Linke,Landesliste Rheinland-Pfalz
"Katharina Dröge (BÜNDNIS 90/DIE GRÜNEN, 94 - Köln III)",,,,,1,,"a speech, 20 months ago",thin (only 1 evidence item on record),7,https://www.abgeordnetenwatch.de/profile/katharina-droege,"2025-02-11 DEBATE: Rede ""Eine Mehrheit der Menschen in diesem Land wünscht sich, dass der Deutsche Bundestag in dieser Woche die Chance gehabt hätte, über die Frage abzustimmen, ob man Frauen im Jahre 2025 zutraut, selbstbestimmt über das Thema ..."" [--: Explicitly champions women's self-determination on abortion and demands parliamentary vote to expand access.] | 2024-11-14 GESETZENTWURF: Gesetz zur Neuregelung des Schwangerschaftsabbruchs (Drucksache 20/13775) [reading DRAFT -- not placed] | 2024-11-14 ANTRAG: Versorgungslage von ungewollt Schwangeren verbessern (Drucksache 20/13776) [reading DRAFT -- not placed] | 2024-07-05 VOTE (Bundestag): Voted Ja: Änderung des Schwangerschaftskonfliktgesetzes [reading DRAFT -- not placed] | 2019-02-21 VOTE (Bundestag): Voted Ja: Aufhebung von § 219a StGB [reading DRAFT -- not placed] | 2019-02-21 VOTE (Bundestag): Voted Ja: Aufhebung des Werbeverbots für Schwangerschaftsabbrüche [reading DRAFT -- not placed] | 2019-02-21 VOTE (Bundestag): Voted Nein: Reform des §219a - Informationen zum Schwangerschaftsabbruch [never places: loosened the ban but kept it: neither lobby is cleanly ours]",BÜNDNIS 90/DIE GRÜNEN,94 - Köln III
"Nyke Slawik (BÜNDNIS 90/DIE GRÜNEN, Landesliste Nordrhein-Westfalen)",,,,,1,,"a speech, 6 months ago",consistent (2 items),7,https://www.abgeordnetenwatch.de/profile/nyke-slawik,"2026-03-26 DEBATE: Rede ""(Beatrix von Storch [AfD]: … von Abtreibungsorganisationen!)..."" [--: Mocks pro-life framing and defends abortion access and trans rights against AfD critique.] | 2026-03-26 DEBATE: Rede ""Alle steigern sich hoch in ihrem Antigender-, Antiwokewahn, und dann passieren solche Dinge wie in Polen, wo Schwangerschaftsabbrüche derart hart kriminalisiert wurden, dass Frauen bei medizinischen Notfällen tatsächlich..."" [--: Criticises abortion restrictions and anti-trans laws, opposing pro-life and single-sex space positions.] | 2026-01-28 ANTRAG: Kassenzulassung des nicht-invasiven Pränataltests - Monitoring der Konsequenzen und Einrichtung eines Gremiums (Drucksache 21/3873) [reading DRAFT -- not placed] | 2024-11-14 GESETZENTWURF: Gesetz zur Neuregelung des Schwangerschaftsabbruchs (Drucksache 20/13775) [reading DRAFT -- not placed] | 2024-11-14 ANTRAG: Versorgungslage von ungewollt Schwangeren verbessern (Drucksache 20/13776) [reading DRAFT -- not placed] | 2024-07-05 VOTE (Bundestag): Voted Ja: Änderung des Schwangerschaftskonfliktgesetzes [reading DRAFT -- not placed] | 2024-02-28 ANTRAG: Kassenzulassung des nichtinvasiven Pränataltests - Monitoring der Konsequenzen und Einrichtung eines Gremiums (Drucksache 20/10515) [reading DRAFT -- not placed]",BÜNDNIS 90/DIE GRÜNEN,Landesliste Nordrhein-Westfalen
"Stefan Seidler (fraktionslos, Landesliste Schleswig-Holstein)",,,,,1,,"a speech, 7 months ago",consistent (3 items),7,https://www.abgeordnetenwatch.de/profile/stefan-seidler,"2026-02-27 DEBATE: Rede ""Nach der Fusion von Diako und Franziskus-Hospital erlaubt der katholische Träger keine Schwangerschaftsabbrüche nach Beratung mehr...."" [--: Complains about lack of abortion access, framing restricted access as a problem, clearly pro-choice.] | 2024-12-05 DEBATE: Rede ""Besonders wichtig ist es mir zudem, dass wir eine Erreichbarkeit von Angeboten zum Schwangerschaftsabbruch signifikant verbessern. Wenn es ohnehin keine Alternative für Schwangere gibt, kann es nicht sein, dass sich auch..."" [--: Praises Danish liberal model and broad acceptance of abortion up to 12 weeks, supports reform.] | 2024-11-14 GESETZENTWURF: Gesetz zur Neuregelung des Schwangerschaftsabbruchs (Drucksache 20/13775) [reading DRAFT -- not placed] | 2024-11-14 ANTRAG: Versorgungslage von ungewollt Schwangeren verbessern (Drucksache 20/13776) [reading DRAFT -- not placed] | 2024-07-05 VOTE (Bundestag): Voted Ja: Änderung des Schwangerschaftskonfliktgesetzes [reading DRAFT -- not placed] | 2024-07-05 DEBATE: Rede ""Ich begrüße die Änderung des Schwangerschaftskonfliktgesetzes, da ein sicherer und diskriminierungsfreier Zugang zu Beratungsstellen und Einrichtungen zur Vornahme von Schwangerschaftsabbrüchen für mich als Bestandteil d..."" [--: Welcomes the law and calls for further decriminalisation of abortion, clearly pro-choice stance.] | 2021-12-23 SCHRIFTLICHE FRAGE: Schwangerschaftsabbrüche in Krankenhäusern in kirchlicher Trägerschaft (Drucksache 20/311) [never places: the title does not show which side the author is on]",fraktionslos,Landesliste Schleswig-Holstein
"Denise Loop (BÜNDNIS 90/DIE GRÜNEN, Landesliste Schleswig-Holstein)",,,,,1,,"a speech, 16 months ago",consistent (3 items),6,https://www.abgeordnetenwatch.de/profile/denise-loop,"2025-05-15 DEBATE: Rede ""Die Versorgungslage muss schnell verbessert werden, und das geht nicht, solange Schwangerschaftsabbrüche – der § 218 – im Strafgesetzbuch stehen...."" [--: Explicitly calls for removing abortion (§218) from criminal code to improve provision, opposing pro-life stance.] | 2024-11-14 GESETZENTWURF: Gesetz zur Neuregelung des Schwangerschaftsabbruchs (Drucksache 20/13775) [reading DRAFT -- not placed] | 2024-11-14 ANTRAG: Versorgungslage von ungewollt Schwangeren verbessern (Drucksache 20/13776) [reading DRAFT -- not placed] | 2024-07-05 VOTE (Bundestag): Voted Ja: Änderung des Schwangerschaftskonfliktgesetzes [reading DRAFT -- not placed] | 2024-07-05 DEBATE: Rede ""Wir stärken die reproduktiven Rechte von Frauen und die Rechte von Ärztinnen und Ärzten und medizinischem Personal. Das haben wir am Anfang der Legislaturperiode durch die Streichung von § 219a StGB getan, und das machen..."" [--: Explicitly champions 'my body, my choice' and reproductive rights expansion, opposing pro-life advocacy.] | 2024-04-10 DEBATE: Rede ""Denn bis heute sind Abtreibungen in Deutschland eine Straftat und nur unter bestimmten Voraussetzungen straffrei. Eine Voraussetzung ist, dass ungewollt Schwangere eine verpflichtende Beratung wahrnehmen müssen, bevor ei..."" [--: Green MP argues women should decide alone on pregnancy, strongly pro-choice framing.]",BÜNDNIS 90/DIE GRÜNEN,Landesliste Schleswig-Holstein
"Lena Gumnior (BÜNDNIS 90/DIE GRÜNEN, Landesliste Niedersachsen)",,,,,1,,"a speech, 8 months ago",consistent (2 items),6,https://www.abgeordnetenwatch.de/profile/lena-gumnior,"2026-01-29 DEBATE: Rede ""So können Sie dann gerne weitermachen: mit Gesetzentwürfen zur Strafbarkeit von voyeuristischen Bildaufnahmen, zu einer konsensbasierten Sexualstrafrechtsreform nach dem Grundsatz „Ja heißt Ja“ und zur Entkriminalisierun..."" [-: Lists decriminalisation of abortion as a reform she implies should proceed, favouring liberalisation.] | 2026-01-28 ANTRAG: Versorgung bei Schwangerschaftsabbrüchen sichern (Drucksache 21/3909) [reading DRAFT -- not placed] | 2025-10-10 DEBATE: Rede ""Es gibt daneben noch eine weitere Expertin unter den Rechten. Und die kennt sich mit Strafanzeigen nach § 188 StGB bestens aus: Hunderte Anzeigen regnete es klammheimlich...."" [0: Political point-scoring about AfD hypocrisy on searches; no clear stance on free speech policy itself.] | 2025-09-25 DEBATE: Rede ""Aber als konstruktive Oppositionspartei helfen wir ja gerne. Hier ein paar heiße Tipps, wo das Geld tatsächlich gut angelegt wäre: Schaffen Sie endlich eine gesetzliche Grundlage und langfristige Finanzierung für die Mon..."" [--: Explicitly demands repeal of §218, the abortion criminal code provision, directly opposing pro-life position.] | 2025-05-30 SCHRIFTLICHE FRAGE: Bericht der Arbeitsgruppe 1 der Kommission zur reproduktiven Selbstbestimmung und Fortpflanzungsmedizin (Drucksache 21/297) [never places: the title does not show which side the author is on] | 2025-05-16 DEBATE: Rede ""Und vielleicht hören Sie ja auf die Zivilgesellschaft, auch wenn ich weiß, dass einer der Koalitionspartner hier gerade ein etwas angespanntes Verhältnis zur Zivilgesellschaft hat. Hören Sie auf die Verbände wie dem bff,..."" [0: General political attack on coalition crime policy, no abortion content.]",BÜNDNIS 90/DIE GRÜNEN,Landesliste Niedersachsen
"Lina Seitzl (SPD, Landesliste Baden-Württemberg)",,,,,1,,"a speech, 7 months ago",thin (only 1 evidence item on record),6,https://www.abgeordnetenwatch.de/profile/lina-seitzl,"2026-02-27 DEBATE: Rede ""Hier brauchen wir eine klare Anpassung des Schwangerschaftskonfliktgesetzes, um Rechtssicherheit für die behandelnden Ärztinnen und Ärzte zu schaffen und um ihnen die Möglichkeit zu geben, sich gegen einzelne Klinikleitu..."" [--: Pushes to force hospitals receiving public funds to provide abortions, overriding conscience-based refusal.] | 2026-01-28 ANTRAG: Kassenzulassung des nicht-invasiven Pränataltests - Monitoring der Konsequenzen und Einrichtung eines Gremiums (Drucksache 21/3873) [reading DRAFT -- not placed] | 2024-11-14 GESETZENTWURF: Gesetz zur Neuregelung des Schwangerschaftsabbruchs (Drucksache 20/13775) [reading DRAFT -- not placed] | 2024-11-14 ANTRAG: Versorgungslage von ungewollt Schwangeren verbessern (Drucksache 20/13776) [reading DRAFT -- not placed] | 2024-07-05 VOTE (Bundestag): Voted Ja: Änderung des Schwangerschaftskonfliktgesetzes [reading DRAFT -- not placed] | 2024-02-28 ANTRAG: Kassenzulassung des nichtinvasiven Pränataltests - Monitoring der Konsequenzen und Einrichtung eines Gremiums (Drucksache 20/10515) [reading DRAFT -- not placed]",SPD,Landesliste Baden-Württemberg
"Maik Brückner (Die Linke, Landesliste Niedersachsen)",,,,,1,,"a speech, 6 months ago",thin (only 1 evidence item on record),6,https://www.abgeordnetenwatch.de/profile/maik-brueckner,"2026-07-17 KLEINE ANFRAGE: Krankenhausschließungen und medizinische Versorgung im ländlichen Raum in Bayern (Drucksache 21/7211) [never places: the title does not show which side the author is on] | 2026-04-10 KLEINE ANFRAGE: Krankenhausschließungen und medizinische Versorgung im ländlichen Raum in Brandenburg (Drucksache 21/5255) [never places: the title does not show which side the author is on] | 2026-03-26 DEBATE: Rede ""Ihre Anfrage, ob Deutschland im Ausland LGBTIQ-Projekte und Abtreibung fördert, liest sich exakt so, als hätte Elon Musk sie selber im Ketaminrausch getwittert: eine Frage dümmer als die anderen...."" [--: Ridicules AfD's anti-abortion, anti-LGBTIQ questioning, defending queer rights strongly.] | 2026-03-19 KLEINE ANFRAGE: Dokumentierte sexualisierte Kriegsgewalt im russischen Angriffskrieg gegen die Ukraine (Drucksache 21/4841) [never places: the title does not show which side the author is on] | 2026-03-05 DEBATE: Rede ""Frau Präsidentin! Die Epstein-Akten zeigen: Superreiche sind ein Risiko für Demokratie und Menschenrechte. Dokumentiert sind: sexualisierte Gewalt gegen Minderjährige, organisierte Ausbeutung und Menschenhandel. Wer supe..."" [0: Critique of elite impunity via Epstein case, no direct relevance to abortion, single-sex spaces or migration.] | 2026-02-19 KLEINE ANFRAGE: Krankenhausschließungen und medizinische Versorgung im ländlichen Raum in Baden-Württemberg (Drucksache 21/4192) [never places: the title does not show which side the author is on]",Die Linke,Landesliste Niedersachsen
"Johannes Wagner (BÜNDNIS 90/DIE GRÜNEN, Landesliste Bayern)",,,,,1,,"a speech, 21 months ago",thin (only 1 evidence item on record),5,https://www.abgeordnetenwatch.de/profile/johannes-wagner,"2026-01-28 ANTRAG: Versorgung bei Schwangerschaftsabbrüchen sichern (Drucksache 21/3909) [reading DRAFT -- not placed] | 2024-12-19 DEBATE: Rede ""Ich bringe ein ganz aktuelles Beispiel: Es gab eine wissenschaftlich besetzte Kommission, die empfohlen hat, den Schwangerschaftsabbruch, § 218, aus dem Strafgesetzbuch zu streichen. Das ignorieren Sie gekonnt auf ganzer..."" [--: Criticises CDU for ignoring recommendation to remove abortion (§218) from criminal law, clearly pro-decriminalisation.] | 2024-11-14 GESETZENTWURF: Gesetz zur Neuregelung des Schwangerschaftsabbruchs (Drucksache 20/13775) [reading DRAFT -- not placed] | 2024-11-14 ANTRAG: Versorgungslage von ungewollt Schwangeren verbessern (Drucksache 20/13776) [reading DRAFT -- not placed] | 2024-07-05 VOTE (Bundestag): Voted Ja: Änderung des Schwangerschaftskonfliktgesetzes [reading DRAFT -- not placed]",BÜNDNIS 90/DIE GRÜNEN,Landesliste Bayern
"Max Lucks (BÜNDNIS 90/DIE GRÜNEN, Landesliste Nordrhein-Westfalen)",,,,,1,,"a speech, 3 years ago",thin (only 1 evidence item on record),5,https://www.abgeordnetenwatch.de/profile/max-lucks,"2026-01-28 ANTRAG: Kassenzulassung des nicht-invasiven Pränataltests - Monitoring der Konsequenzen und Einrichtung eines Gremiums (Drucksache 21/3873) [reading DRAFT -- not placed] | 2024-11-14 GESETZENTWURF: Gesetz zur Neuregelung des Schwangerschaftsabbruchs (Drucksache 20/13775) [reading DRAFT -- not placed] | 2024-11-14 ANTRAG: Versorgungslage von ungewollt Schwangeren verbessern (Drucksache 20/13776) [reading DRAFT -- not placed] | 2024-07-05 VOTE (Bundestag): Voted Ja: Änderung des Schwangerschaftskonfliktgesetzes [reading DRAFT -- not placed] | 2023-04-20 DEBATE: Rede ""Lassen Sie mich bitte auf etwas eingehen, was wenig von der deutschen Öffentlichkeit begleitet wird, was aber doch, finde ich, in dieser Zeit sehr relevant ist. Beatriz, eine junge Mutter aus El Salvador, erhielt während..."" [--: Cites Beatriz/El Salvador case sympathetically, implicitly criticising restrictive abortion laws, opposing pro-life stance.]",BÜNDNIS 90/DIE GRÜNEN,Landesliste Nordrhein-Westfalen
"Misbah Khan (BÜNDNIS 90/DIE GRÜNEN, Landesliste Rheinland-Pfalz)",,,,,1,,"a speech, 5 months ago",thin (only 1 evidence item on record),5,https://www.abgeordnetenwatch.de/profile/misbah-khan,"2026-05-07 DEBATE: Rede ""Sie sprechen den Frauen das Recht ab, über ihren eigenen Körper zu entscheiden. Sie sprechen vom Lebensschutz, doch eigentlich geht es Ihnen nur darum, die Körper von Frauen zu kontrollieren...."" [--: Argues women have right to bodily autonomy, dismisses 'Lebensschutz' as control over women's bodies.] | 2026-01-28 ANTRAG: Versorgung bei Schwangerschaftsabbrüchen sichern (Drucksache 21/3909) [reading DRAFT -- not placed] | 2024-11-14 GESETZENTWURF: Gesetz zur Neuregelung des Schwangerschaftsabbruchs (Drucksache 20/13775) [reading DRAFT -- not placed] | 2024-11-14 ANTRAG: Versorgungslage von ungewollt Schwangeren verbessern (Drucksache 20/13776) [reading DRAFT -- not placed] | 2024-07-05 VOTE (Bundestag): Voted Ja: Änderung des Schwangerschaftskonfliktgesetzes [reading DRAFT -- not placed]",BÜNDNIS 90/DIE GRÜNEN,Landesliste Rheinland-Pfalz
"Jasmina Hostert (SPD, Landesliste Baden-Württemberg)",,,,,1,,"a speech, 12 months ago",thin (only 1 evidence item on record),4,https://www.abgeordnetenwatch.de/profile/jasmina-hostert,"2025-10-09 DEBATE: Rede ""Liebe Kolleginnen und Kollegen, wir als SPD-Fraktion setzen auf echte Familienförderung. Wir investieren in frühkindliche Bildung, in Ganztagsbetreuung, in Kindergeld, in Elterngeld, in Unterhaltsvorschuss, in einen Kind..."" [--: SPD MP attacks AfD for wanting fewer abortions and pressuring women, defending abortion access.] | 2024-11-14 GESETZENTWURF: Gesetz zur Neuregelung des Schwangerschaftsabbruchs (Drucksache 20/13775) [reading DRAFT -- not placed] | 2024-11-14 ANTRAG: Versorgungslage von ungewollt Schwangeren verbessern (Drucksache 20/13776) [reading DRAFT -- not placed] | 2024-07-05 VOTE (Bundestag): Voted Ja: Änderung des Schwangerschaftskonfliktgesetzes [reading DRAFT -- not placed]",SPD,Landesliste Baden-Württemberg
"Lukas Benner (BÜNDNIS 90/DIE GRÜNEN, Landesliste Nordrhein-Westfalen)",,,,,1,,"a speech, 5 years ago",thin (only 1 evidence item on record),4,https://www.abgeordnetenwatch.de/profile/lukas-benner,"2024-11-14 GESETZENTWURF: Gesetz zur Neuregelung des Schwangerschaftsabbruchs (Drucksache 20/13775) [reading DRAFT -- not placed] | 2024-11-14 ANTRAG: Versorgungslage von ungewollt Schwangeren verbessern (Drucksache 20/13776) [reading DRAFT -- not placed] | 2024-07-05 VOTE (Bundestag): Voted Ja: Änderung des Schwangerschaftskonfliktgesetzes [reading DRAFT -- not placed] | 2022-03-24 DEBATE: Rede ""Dem nicht genug. Wir schaffen ein Selbstbestimmungsgesetz. Und ja, Herr Dr. Krings, wir schaffen § 219a Strafgesetzbuch ab. Ich freue mich auf Ihre fachlichen Ausführungen. Aber das ist längst überfällig; denn wir wollen..."" [--: Celebrates Selbstbestimmungsgesetz and abolition of Section 219a, opposing pro-life and gender medicine positions.]",BÜNDNIS 90/DIE GRÜNEN,Landesliste Nordrhein-Westfalen
"Ayse Asar (BÜNDNIS 90/DIE GRÜNEN, Landesliste Hessen)",,,,,1,,"a speech, 8 months ago",thin (only 1 evidence item on record),3,https://www.abgeordnetenwatch.de/profile/ayse-asar,"2026-01-28 DEBATE: Rede ""Inwieweit stellt die geplante Novellierung der Approbationsordnung sicher, dass der Schwangerschaftsabbruch als regulärer und verbindlicher Bestandteil der fachärztlichen Weiterbildung in der Gynäkologie und Geburtshilfe..."" [--: Pushes to make abortion training mandatory in medical education, advancing abortion access against pro-life stance.] | 2026-01-28 MÜNDLICHE FRAGE: Integration des Schwangerschaftsabbruchs in die Facharztweiterbildung Gynäkologie (Drucksache 21/55) [reading DRAFT -- not placed] | 2026-01-28 ANTRAG: Kassenzulassung des nicht-invasiven Pränataltests - Monitoring der Konsequenzen und Einrichtung eines Gremiums (Drucksache 21/3873) [reading DRAFT -- not placed]",BÜNDNIS 90/DIE GRÜNEN,Landesliste Hessen
"Paula Piechotta (BÜNDNIS 90/DIE GRÜNEN, Landesliste Sachsen)",,,,,1,,"a speech, 6 months ago",thin (only 1 evidence item on record),3,https://www.abgeordnetenwatch.de/profile/paula-piechotta,"2026-03-20 DEBATE: Rede ""Er kann dazu führen, dass diese Entscheidung früher getroffen werden kann. Als Mensch, der bei Abtreibungen sehr nah dabei war – nicht nur als Ärztin –,..."" [--: Defends unrestricted reproductive autonomy of women, opposes any oversight of abortion decisions.] | 2024-11-14 GESETZENTWURF: Gesetz zur Neuregelung des Schwangerschaftsabbruchs (Drucksache 20/13775) [reading DRAFT -- not placed] | 2024-07-05 VOTE (Bundestag): Voted Ja: Änderung des Schwangerschaftskonfliktgesetzes [reading DRAFT -- not placed]",BÜNDNIS 90/DIE GRÜNEN,Landesliste Sachsen
"Tamara Mazzi (Die Linke, Landesliste Schleswig-Holstein)",,,,,1,,"a speech, 12 months ago",consistent (2 items),2,https://www.abgeordnetenwatch.de/profile/tamara-mazzi,"2025-09-16 DEBATE: Rede ""Mehr als 50 Jahre später sollte man meinen, wir seien weiter. Doch heute erleben wir, dass Selbstverständlichkeiten wieder infrage gestellt werden. Rechte und Konservative wollen Frauen zurück in die Abhängigkeit drängen..."" [--: Explicitly defends bodily autonomy and 'Wir haben abgetrieben' framing, opposing pro-life stance.] | 2025-09-16 DEBATE: Rede ""Bei so viel Einsatz gegen Abtreibungen könnte man meinen, Ihnen läge etwas daran, das neu entstandene Leben zu schützen...."" [--: Attacks Donum Vitae as coercive anti-abortion pressure group and criticises pro-life funding.]",Die Linke,Landesliste Schleswig-Holstein
"Ates Gürpinar (Die Linke, Landesliste Bayern)",,,,,,,no placement,"on record, side not placed",13,https://www.abgeordnetenwatch.de/profile/ates-guerpinar,"2026-07-17 KLEINE ANFRAGE: Krankenhausschließungen und medizinische Versorgung im ländlichen Raum in Bayern (Drucksache 21/7211) [never places: the title does not show which side the author is on] | 2026-04-10 KLEINE ANFRAGE: Krankenhausschließungen und medizinische Versorgung im ländlichen Raum in Brandenburg (Drucksache 21/5255) [never places: the title does not show which side the author is on] | 2026-03-19 KLEINE ANFRAGE: Dokumentierte sexualisierte Kriegsgewalt im russischen Angriffskrieg gegen die Ukraine (Drucksache 21/4841) [never places: the title does not show which side the author is on] | 2026-02-25 ANTRAG: Reproduktive Gerechtigkeit verwirklichen - Selbstbestimmung gewährleisten (Drucksache 21/4299) [reading DRAFT -- not placed] | 2026-02-19 KLEINE ANFRAGE: Krankenhausschließungen und medizinische Versorgung im ländlichen Raum in Baden-Württemberg (Drucksache 21/4192) [never places: the title does not show which side the author is on] | 2024-11-14 GESETZENTWURF: Gesetz zur Neuregelung des Schwangerschaftsabbruchs (Drucksache 20/13775) [reading DRAFT -- not placed] | 2024-11-14 ANTRAG: Versorgungslage von ungewollt Schwangeren verbessern (Drucksache 20/13776) [reading DRAFT -- not placed] | 2024-09-24 ANTRAG: Körperliche und sexuelle Selbstbestimmung sichern, reproduktive Gerechtigkeit ermöglichen (Drucksache 20/12984) [reading DRAFT -- not placed]",Die Linke,Landesliste Bayern
"Nicole Gohlke (Die Linke, Landesliste Bayern)",,,,,,,no placement,"on record, side not placed",12,https://www.abgeordnetenwatch.de/profile/nicole-gohlke,"2026-07-17 KLEINE ANFRAGE: Krankenhausschließungen und medizinische Versorgung im ländlichen Raum in Bayern (Drucksache 21/7211) [never places: the title does not show which side the author is on] | 2026-04-10 KLEINE ANFRAGE: Krankenhausschließungen und medizinische Versorgung im ländlichen Raum in Brandenburg (Drucksache 21/5255) [never places: the title does not show which side the author is on] | 2026-02-25 ANTRAG: Reproduktive Gerechtigkeit verwirklichen - Selbstbestimmung gewährleisten (Drucksache 21/4299) [reading DRAFT -- not placed] | 2026-02-19 KLEINE ANFRAGE: Krankenhausschließungen und medizinische Versorgung im ländlichen Raum in Baden-Württemberg (Drucksache 21/4192) [never places: the title does not show which side the author is on] | 2025-01-31 SCHRIFTLICHE FRAGE: Verbesserung der Versorgung und Beratung von ungewollt Schwangeren in Bayern (Drucksache 20/14810) [reading DRAFT -- not placed] | 2024-11-14 GESETZENTWURF: Gesetz zur Neuregelung des Schwangerschaftsabbruchs (Drucksache 20/13775) [reading DRAFT -- not placed] | 2024-11-14 ANTRAG: Versorgungslage von ungewollt Schwangeren verbessern (Drucksache 20/13776) [reading DRAFT -- not placed] | 2024-09-24 ANTRAG: Körperliche und sexuelle Selbstbestimmung sichern, reproduktive Gerechtigkeit ermöglichen (Drucksache 20/12984) [reading DRAFT -- not placed]",Die Linke,Landesliste Bayern
"Caren Lay (Die Linke, Landesliste Sachsen)",,,,,,,no placement,"on record, side not placed",9,https://www.abgeordnetenwatch.de/profile/caren-lay,"2024-11-14 GESETZENTWURF: Gesetz zur Neuregelung des Schwangerschaftsabbruchs (Drucksache 20/13775) [reading DRAFT -- not placed] | 2024-11-14 ANTRAG: Versorgungslage von ungewollt Schwangeren verbessern (Drucksache 20/13776) [reading DRAFT -- not placed] | 2024-09-24 ANTRAG: Körperliche und sexuelle Selbstbestimmung sichern, reproduktive Gerechtigkeit ermöglichen (Drucksache 20/12984) [reading DRAFT -- not placed] | 2024-07-05 VOTE (Bundestag): Voted Ja: Änderung des Schwangerschaftskonfliktgesetzes [reading DRAFT -- not placed] | 2023-08-28 KLEINE ANFRAGE: Stand der reproduktiven Rechte - Zugang zu Schwangerschaftsabbrüchen (Drucksache 20/8130) [reading DRAFT -- not placed] | 2022-05-10 ANTRAG: § 219a des Strafgesetzbuches streichen - Selbstbestimmung, Entscheidungsfreiheit und ausreichende Versorgung sicherstell (Drucksache 20/1736) [reading DRAFT -- not placed] | 2019-02-21 VOTE (Bundestag): Voted Ja: Aufhebung von § 219a StGB [reading DRAFT -- not placed] | 2019-02-21 VOTE (Bundestag): Voted Ja: Aufhebung des Werbeverbots für Schwangerschaftsabbrüche [reading DRAFT -- not placed]",Die Linke,Landesliste Sachsen
"Dietmar Bartsch (Die Linke, Landesliste Mecklenburg-Vorpommern)",,,,,,,no placement,"on record, side not placed",9,https://www.abgeordnetenwatch.de/profile/dietmar-bartsch,"2026-01-28 ANTRAG: Kassenzulassung des nicht-invasiven Pränataltests - Monitoring der Konsequenzen und Einrichtung eines Gremiums (Drucksache 21/3873) [reading DRAFT -- not placed] | 2024-11-14 GESETZENTWURF: Gesetz zur Neuregelung des Schwangerschaftsabbruchs (Drucksache 20/13775) [reading DRAFT -- not placed] | 2024-11-14 ANTRAG: Versorgungslage von ungewollt Schwangeren verbessern (Drucksache 20/13776) [reading DRAFT -- not placed] | 2024-07-05 VOTE (Bundestag): Voted Ja: Änderung des Schwangerschaftskonfliktgesetzes [reading DRAFT -- not placed] | 2022-05-10 ANTRAG: § 219a des Strafgesetzbuches streichen - Selbstbestimmung, Entscheidungsfreiheit und ausreichende Versorgung sicherstell (Drucksache 20/1736) [reading DRAFT -- not placed] | 2019-02-21 VOTE (Bundestag): Voted Ja: Aufhebung von § 219a StGB [reading DRAFT -- not placed] | 2019-02-21 VOTE (Bundestag): Voted Ja: Aufhebung des Werbeverbots für Schwangerschaftsabbrüche [reading DRAFT -- not placed] | 2019-02-21 VOTE (Bundestag): Voted Nein: Reform des §219a - Informationen zum Schwangerschaftsabbruch [never places: loosened the ban but kept it: neither lobby is cleanly ours]",Die Linke,Landesliste Mecklenburg-Vorpommern
"Kerstin Griese (SPD, Landesliste Nordrhein-Westfalen)",,,,,,,no placement,"on record, side not placed",9,https://www.abgeordnetenwatch.de/profile/kerstin-griese,2026-01-28 ANTRAG: Kassenzulassung des nicht-invasiven Pränataltests - Monitoring der Konsequenzen und Einrichtung eines Gremiums (Drucksache 21/3873) [reading DRAFT -- not placed] | 2024-11-14 GESETZENTWURF: Gesetz zur Neuregelung des Schwangerschaftsabbruchs (Drucksache 20/13775) [reading DRAFT -- not placed] | 2024-11-14 ANTRAG: Versorgungslage von ungewollt Schwangeren verbessern (Drucksache 20/13776) [reading DRAFT -- not placed] | 2024-07-05 VOTE (Bundestag): Voted Ja: Änderung des Schwangerschaftskonfliktgesetzes [reading DRAFT -- not placed] | 2024-02-28 ANTRAG: Kassenzulassung des nichtinvasiven Pränataltests - Monitoring der Konsequenzen und Einrichtung eines Gremiums (Drucksache 20/10515) [reading DRAFT -- not placed] | 2019-02-21 VOTE (Bundestag): Voted Nein: Aufhebung von § 219a StGB [reading DRAFT -- not placed] | 2019-02-21 VOTE (Bundestag): Voted Nein: Aufhebung des Werbeverbots für Schwangerschaftsabbrüche [reading DRAFT -- not placed] | 2019-02-21 VOTE (Bundestag): Voted Ja: Reform des §219a - Informationen zum Schwangerschaftsabbruch [never places: loosened the ban but kept it: neither lobby is cleanly ours],SPD,Landesliste Nordrhein-Westfalen
"Lisa Badum (BÜNDNIS 90/DIE GRÜNEN, Landesliste Bayern)",,,,,,,no placement,"on record, side not placed",8,https://www.abgeordnetenwatch.de/profile/lisa-badum,2026-01-28 ANTRAG: Kassenzulassung des nicht-invasiven Pränataltests - Monitoring der Konsequenzen und Einrichtung eines Gremiums (Drucksache 21/3873) [reading DRAFT -- not placed] | 2024-11-14 GESETZENTWURF: Gesetz zur Neuregelung des Schwangerschaftsabbruchs (Drucksache 20/13775) [reading DRAFT -- not placed] | 2024-11-14 ANTRAG: Versorgungslage von ungewollt Schwangeren verbessern (Drucksache 20/13776) [reading DRAFT -- not placed] | 2024-07-05 VOTE (Bundestag): Voted Ja: Änderung des Schwangerschaftskonfliktgesetzes [reading DRAFT -- not placed] | 2024-02-28 ANTRAG: Kassenzulassung des nichtinvasiven Pränataltests - Monitoring der Konsequenzen und Einrichtung eines Gremiums (Drucksache 20/10515) [reading DRAFT -- not placed] | 2019-02-21 VOTE (Bundestag): Voted Ja: Aufhebung von § 219a StGB [reading DRAFT -- not placed] | 2019-02-21 VOTE (Bundestag): Voted Ja: Aufhebung des Werbeverbots für Schwangerschaftsabbrüche [reading DRAFT -- not placed] | 2019-02-21 VOTE (Bundestag): Voted Nein: Reform des §219a - Informationen zum Schwangerschaftsabbruch [never places: loosened the ban but kept it: neither lobby is cleanly ours],BÜNDNIS 90/DIE GRÜNEN,Landesliste Bayern
"Martin Gerster (SPD, Landesliste Baden-Württemberg)",,,,,,,no placement,"on record, side not placed",8,https://www.abgeordnetenwatch.de/profile/martin-gerster,2026-01-28 ANTRAG: Kassenzulassung des nicht-invasiven Pränataltests - Monitoring der Konsequenzen und Einrichtung eines Gremiums (Drucksache 21/3873) [reading DRAFT -- not placed] | 2024-11-14 GESETZENTWURF: Gesetz zur Neuregelung des Schwangerschaftsabbruchs (Drucksache 20/13775) [reading DRAFT -- not placed] | 2024-11-14 ANTRAG: Versorgungslage von ungewollt Schwangeren verbessern (Drucksache 20/13776) [reading DRAFT -- not placed] | 2024-07-05 VOTE (Bundestag): Voted Ja: Änderung des Schwangerschaftskonfliktgesetzes [reading DRAFT -- not placed] | 2019-02-21 VOTE (Bundestag): Voted Nein: Aufhebung von § 219a StGB [reading DRAFT -- not placed] | 2019-02-21 VOTE (Bundestag): Voted Nein: Aufhebung des Werbeverbots für Schwangerschaftsabbrüche [reading DRAFT -- not placed] | 2019-02-21 VOTE (Bundestag): Voted Ja: Reform des §219a - Informationen zum Schwangerschaftsabbruch [never places: loosened the ban but kept it: neither lobby is cleanly ours] | 2009-05-13 VOTE (Bundestag): Voted Nein: Beratungspflicht bei Spätabtreibungen [reading DRAFT -- not placed],SPD,Landesliste Baden-Württemberg
"Nils Schmid (SPD, Landesliste Baden-Württemberg)",,,,,,,no placement,"on record, side not placed",8,https://www.abgeordnetenwatch.de/profile/nils-schmid,2026-01-28 ANTRAG: Kassenzulassung des nicht-invasiven Pränataltests - Monitoring der Konsequenzen und Einrichtung eines Gremiums (Drucksache 21/3873) [reading DRAFT -- not placed] | 2024-11-14 GESETZENTWURF: Gesetz zur Neuregelung des Schwangerschaftsabbruchs (Drucksache 20/13775) [reading DRAFT -- not placed] | 2024-11-14 ANTRAG: Versorgungslage von ungewollt Schwangeren verbessern (Drucksache 20/13776) [reading DRAFT -- not placed] | 2024-07-05 VOTE (Bundestag): Voted Ja: Änderung des Schwangerschaftskonfliktgesetzes [reading DRAFT -- not placed] | 2024-02-28 ANTRAG: Kassenzulassung des nichtinvasiven Pränataltests - Monitoring der Konsequenzen und Einrichtung eines Gremiums (Drucksache 20/10515) [reading DRAFT -- not placed] | 2019-02-21 VOTE (Bundestag): Voted Nein: Aufhebung von § 219a StGB [reading DRAFT -- not placed] | 2019-02-21 VOTE (Bundestag): Voted Nein: Aufhebung des Werbeverbots für Schwangerschaftsabbrüche [reading DRAFT -- not placed] | 2019-02-21 VOTE (Bundestag): Voted Ja: Reform des §219a - Informationen zum Schwangerschaftsabbruch [never places: loosened the ban but kept it: neither lobby is cleanly ours],SPD,Landesliste Baden-Württemberg
"Siemtje Möller (SPD, 26 - Friesland – Wilhelmshaven – Wittmund)",,,,,,,no placement,"on record, side not placed",8,https://www.abgeordnetenwatch.de/profile/siemtje-moeller,2026-01-28 ANTRAG: Kassenzulassung des nicht-invasiven Pränataltests - Monitoring der Konsequenzen und Einrichtung eines Gremiums (Drucksache 21/3873) [reading DRAFT -- not placed] | 2024-11-14 GESETZENTWURF: Gesetz zur Neuregelung des Schwangerschaftsabbruchs (Drucksache 20/13775) [reading DRAFT -- not placed] | 2024-11-14 ANTRAG: Versorgungslage von ungewollt Schwangeren verbessern (Drucksache 20/13776) [reading DRAFT -- not placed] | 2024-07-05 VOTE (Bundestag): Voted Ja: Änderung des Schwangerschaftskonfliktgesetzes [reading DRAFT -- not placed] | 2024-02-28 ANTRAG: Kassenzulassung des nichtinvasiven Pränataltests - Monitoring der Konsequenzen und Einrichtung eines Gremiums (Drucksache 20/10515) [reading DRAFT -- not placed] | 2019-02-21 VOTE (Bundestag): Voted Nein: Aufhebung von § 219a StGB [reading DRAFT -- not placed] | 2019-02-21 VOTE (Bundestag): Voted Nein: Aufhebung des Werbeverbots für Schwangerschaftsabbrüche [reading DRAFT -- not placed] | 2019-02-21 VOTE (Bundestag): Voted Ja: Reform des §219a - Informationen zum Schwangerschaftsabbruch [never places: loosened the ban but kept it: neither lobby is cleanly ours],SPD,26 - Friesland – Wilhelmshaven – Wittmund
"Anton Hofreiter (BÜNDNIS 90/DIE GRÜNEN, Landesliste Bayern)",,,,,,,no placement,"on record, side not placed",7,https://www.abgeordnetenwatch.de/profile/anton-hofreiter,2024-11-14 GESETZENTWURF: Gesetz zur Neuregelung des Schwangerschaftsabbruchs (Drucksache 20/13775) [reading DRAFT -- not placed] | 2024-11-14 ANTRAG: Versorgungslage von ungewollt Schwangeren verbessern (Drucksache 20/13776) [reading DRAFT -- not placed] | 2024-07-05 VOTE (Bundestag): Voted Ja: Änderung des Schwangerschaftskonfliktgesetzes [reading DRAFT -- not placed] | 2019-02-21 VOTE (Bundestag): Voted Ja: Aufhebung von § 219a StGB [reading DRAFT -- not placed] | 2019-02-21 VOTE (Bundestag): Voted Ja: Aufhebung des Werbeverbots für Schwangerschaftsabbrüche [reading DRAFT -- not placed] | 2019-02-21 VOTE (Bundestag): Voted Nein: Reform des §219a - Informationen zum Schwangerschaftsabbruch [never places: loosened the ban but kept it: neither lobby is cleanly ours] | 2009-05-13 VOTE (Bundestag): Voted Nein: Beratungspflicht bei Spätabtreibungen [reading DRAFT -- not placed],BÜNDNIS 90/DIE GRÜNEN,Landesliste Bayern
"Bettina Hagedorn (SPD, Landesliste Schleswig-Holstein)",,,,,,,no placement,"on record, side not placed",7,https://www.abgeordnetenwatch.de/profile/bettina-hagedorn,2024-11-14 GESETZENTWURF: Gesetz zur Neuregelung des Schwangerschaftsabbruchs (Drucksache 20/13775) [reading DRAFT -- not placed] | 2024-11-14 ANTRAG: Versorgungslage von ungewollt Schwangeren verbessern (Drucksache 20/13776) [reading DRAFT -- not placed] | 2024-07-05 VOTE (Bundestag): Voted Ja: Änderung des Schwangerschaftskonfliktgesetzes [reading DRAFT -- not placed] | 2019-02-21 VOTE (Bundestag): Voted Nein: Aufhebung von § 219a StGB [reading DRAFT -- not placed] | 2019-02-21 VOTE (Bundestag): Voted Nein: Aufhebung des Werbeverbots für Schwangerschaftsabbrüche [reading DRAFT -- not placed] | 2019-02-21 VOTE (Bundestag): Voted Ja: Reform des §219a - Informationen zum Schwangerschaftsabbruch [never places: loosened the ban but kept it: neither lobby is cleanly ours] | 2009-05-13 VOTE (Bundestag): Voted Nein: Beratungspflicht bei Spätabtreibungen [reading DRAFT -- not placed],SPD,Landesliste Schleswig-Holstein
"Christian Hirte (CDU/CSU, Landesliste Thüringen)",,,,,,,no placement,"on record, side not placed",7,https://www.abgeordnetenwatch.de/profile/christian-hirte,2026-01-28 ANTRAG: Kassenzulassung des nicht-invasiven Pränataltests - Monitoring der Konsequenzen und Einrichtung eines Gremiums (Drucksache 21/3873) [reading DRAFT -- not placed] | 2024-07-05 VOTE (Bundestag): Voted Nein: Änderung des Schwangerschaftskonfliktgesetzes [reading DRAFT -- not placed] | 2024-02-28 ANTRAG: Kassenzulassung des nichtinvasiven Pränataltests - Monitoring der Konsequenzen und Einrichtung eines Gremiums (Drucksache 20/10515) [reading DRAFT -- not placed] | 2019-02-21 VOTE (Bundestag): Voted Nein: Aufhebung von § 219a StGB [reading DRAFT -- not placed] | 2019-02-21 VOTE (Bundestag): Voted Nein: Aufhebung des Werbeverbots für Schwangerschaftsabbrüche [reading DRAFT -- not placed] | 2019-02-21 VOTE (Bundestag): Voted Ja: Reform des §219a - Informationen zum Schwangerschaftsabbruch [never places: loosened the ban but kept it: neither lobby is cleanly ours] | 2009-05-13 VOTE (Bundestag): Voted Ja: Beratungspflicht bei Spätabtreibungen [reading DRAFT -- not placed],CDU/CSU,Landesliste Thüringen
"Claudia Roth (BÜNDNIS 90/DIE GRÜNEN, Landesliste Bayern)",,,,,,,no placement,"on record, side not placed",7,https://www.abgeordnetenwatch.de/profile/claudia-roth,2026-01-28 ANTRAG: Kassenzulassung des nicht-invasiven Pränataltests - Monitoring der Konsequenzen und Einrichtung eines Gremiums (Drucksache 21/3873) [reading DRAFT -- not placed] | 2024-11-14 GESETZENTWURF: Gesetz zur Neuregelung des Schwangerschaftsabbruchs (Drucksache 20/13775) [reading DRAFT -- not placed] | 2024-11-14 ANTRAG: Versorgungslage von ungewollt Schwangeren verbessern (Drucksache 20/13776) [reading DRAFT -- not placed] | 2019-02-21 VOTE (Bundestag): Voted Ja: Aufhebung von § 219a StGB [reading DRAFT -- not placed] | 2019-02-21 VOTE (Bundestag): Voted Ja: Aufhebung des Werbeverbots für Schwangerschaftsabbrüche [reading DRAFT -- not placed] | 2019-02-21 VOTE (Bundestag): Voted Nein: Reform des §219a - Informationen zum Schwangerschaftsabbruch [never places: loosened the ban but kept it: neither lobby is cleanly ours] | 2009-05-13 VOTE (Bundestag): Voted Nein: Beratungspflicht bei Spätabtreibungen [reading DRAFT -- not placed],BÜNDNIS 90/DIE GRÜNEN,Landesliste Bayern
"Esther Dilcher (SPD, Landesliste Hessen)",,,,,,,no placement,"on record, side not placed",7,https://www.abgeordnetenwatch.de/profile/esther-dilcher,2024-11-14 GESETZENTWURF: Gesetz zur Neuregelung des Schwangerschaftsabbruchs (Drucksache 20/13775) [reading DRAFT -- not placed] | 2024-11-14 ANTRAG: Versorgungslage von ungewollt Schwangeren verbessern (Drucksache 20/13776) [reading DRAFT -- not placed] | 2024-07-05 VOTE (Bundestag): Voted Ja: Änderung des Schwangerschaftskonfliktgesetzes [reading DRAFT -- not placed] | 2024-02-28 ANTRAG: Kassenzulassung des nichtinvasiven Pränataltests - Monitoring der Konsequenzen und Einrichtung eines Gremiums (Drucksache 20/10515) [reading DRAFT -- not placed] | 2019-02-21 VOTE (Bundestag): Voted Nein: Aufhebung von § 219a StGB [reading DRAFT -- not placed] | 2019-02-21 VOTE (Bundestag): Voted Nein: Aufhebung des Werbeverbots für Schwangerschaftsabbrüche [reading DRAFT -- not placed] | 2019-02-21 VOTE (Bundestag): Voted Ja: Reform des §219a - Informationen zum Schwangerschaftsabbruch [never places: loosened the ban but kept it: neither lobby is cleanly ours],SPD,Landesliste Hessen
"Filiz Polat (BÜNDNIS 90/DIE GRÜNEN, Landesliste Niedersachsen)",,,,,,,no placement,"on record, side not placed",7,https://www.abgeordnetenwatch.de/profile/filiz-polat,2026-01-28 ANTRAG: Kassenzulassung des nicht-invasiven Pränataltests - Monitoring der Konsequenzen und Einrichtung eines Gremiums (Drucksache 21/3873) [reading DRAFT -- not placed] | 2024-11-14 GESETZENTWURF: Gesetz zur Neuregelung des Schwangerschaftsabbruchs (Drucksache 20/13775) [reading DRAFT -- not placed] | 2024-11-14 ANTRAG: Versorgungslage von ungewollt Schwangeren verbessern (Drucksache 20/13776) [reading DRAFT -- not placed] | 2024-07-05 VOTE (Bundestag): Voted Ja: Änderung des Schwangerschaftskonfliktgesetzes [reading DRAFT -- not placed] | 2019-02-21 VOTE (Bundestag): Voted Ja: Aufhebung von § 219a StGB [reading DRAFT -- not placed] | 2019-02-21 VOTE (Bundestag): Voted Ja: Aufhebung des Werbeverbots für Schwangerschaftsabbrüche [reading DRAFT -- not placed] | 2019-02-21 VOTE (Bundestag): Voted Nein: Reform des §219a - Informationen zum Schwangerschaftsabbruch [never places: loosened the ban but kept it: neither lobby is cleanly ours],BÜNDNIS 90/DIE GRÜNEN,Landesliste Niedersachsen
"Gregor Gysi (Die Linke, 83 - Berlin-Treptow-Köpenick)",,,,,,,no placement,"on record, side not placed",7,https://www.abgeordnetenwatch.de/profile/gregor-gysi,2024-11-14 GESETZENTWURF: Gesetz zur Neuregelung des Schwangerschaftsabbruchs (Drucksache 20/13775) [reading DRAFT -- not placed] | 2024-11-14 ANTRAG: Versorgungslage von ungewollt Schwangeren verbessern (Drucksache 20/13776) [reading DRAFT -- not placed] | 2024-07-05 VOTE (Bundestag): Voted Ja: Änderung des Schwangerschaftskonfliktgesetzes [reading DRAFT -- not placed] | 2019-02-21 VOTE (Bundestag): Voted Ja: Aufhebung von § 219a StGB [reading DRAFT -- not placed] | 2019-02-21 VOTE (Bundestag): Voted Ja: Aufhebung des Werbeverbots für Schwangerschaftsabbrüche [reading DRAFT -- not placed] | 2019-02-21 VOTE (Bundestag): Voted Nein: Reform des §219a - Informationen zum Schwangerschaftsabbruch [never places: loosened the ban but kept it: neither lobby is cleanly ours] | 2009-05-13 VOTE (Bundestag): Voted Nein: Beratungspflicht bei Spätabtreibungen [reading DRAFT -- not placed],Die Linke,83 - Berlin-Treptow-Köpenick
"Ina Latendorf (Die Linke, Landesliste Mecklenburg-Vorpommern)",,,,,,,no placement,"on record, side not placed",7,https://www.abgeordnetenwatch.de/profile/ina-latendorf,2026-07-17 KLEINE ANFRAGE: Krankenhausschließungen und medizinische Versorgung im ländlichen Raum in Bayern (Drucksache 21/7211) [never places: the title does not show which side the author is on] | 2026-04-10 KLEINE ANFRAGE: Krankenhausschließungen und medizinische Versorgung im ländlichen Raum in Brandenburg (Drucksache 21/5255) [never places: the title does not show which side the author is on] | 2026-02-19 KLEINE ANFRAGE: Krankenhausschließungen und medizinische Versorgung im ländlichen Raum in Baden-Württemberg (Drucksache 21/4192) [never places: the title does not show which side the author is on] | 2024-11-14 GESETZENTWURF: Gesetz zur Neuregelung des Schwangerschaftsabbruchs (Drucksache 20/13775) [reading DRAFT -- not placed] | 2024-11-14 ANTRAG: Versorgungslage von ungewollt Schwangeren verbessern (Drucksache 20/13776) [reading DRAFT -- not placed] | 2024-07-05 VOTE (Bundestag): Voted Ja: Änderung des Schwangerschaftskonfliktgesetzes [reading DRAFT -- not placed] | 2024-02-28 ANTRAG: Kassenzulassung des nichtinvasiven Pränataltests - Monitoring der Konsequenzen und Einrichtung eines Gremiums (Drucksache 20/10515) [reading DRAFT -- not placed],Die Linke,Landesliste Mecklenburg-Vorpommern
"Johann Saathoff (SPD, 24 - Aurich – Emden)",,,,,,,no placement,"on record, side not placed",7,https://www.abgeordnetenwatch.de/profile/johann-saathoff,2026-01-28 ANTRAG: Kassenzulassung des nicht-invasiven Pränataltests - Monitoring der Konsequenzen und Einrichtung eines Gremiums (Drucksache 21/3873) [reading DRAFT -- not placed] | 2024-11-14 GESETZENTWURF: Gesetz zur Neuregelung des Schwangerschaftsabbruchs (Drucksache 20/13775) [reading DRAFT -- not placed] | 2024-07-05 VOTE (Bundestag): Voted Ja: Änderung des Schwangerschaftskonfliktgesetzes [reading DRAFT -- not placed] | 2024-02-28 ANTRAG: Kassenzulassung des nichtinvasiven Pränataltests - Monitoring der Konsequenzen und Einrichtung eines Gremiums (Drucksache 20/10515) [reading DRAFT -- not placed] | 2019-02-21 VOTE (Bundestag): Voted Nein: Aufhebung von § 219a StGB [reading DRAFT -- not placed] | 2019-02-21 VOTE (Bundestag): Voted Nein: Aufhebung des Werbeverbots für Schwangerschaftsabbrüche [reading DRAFT -- not placed] | 2019-02-21 VOTE (Bundestag): Voted Ja: Reform des §219a - Informationen zum Schwangerschaftsabbruch [never places: loosened the ban but kept it: neither lobby is cleanly ours],SPD,24 - Aurich – Emden
"Mahmut Özdemir (SPD, 115 - Duisburg II)",,,,,,,no placement,"on record, side not placed",7,https://www.abgeordnetenwatch.de/profile/mahmut-oezdemir,2024-11-14 GESETZENTWURF: Gesetz zur Neuregelung des Schwangerschaftsabbruchs (Drucksache 20/13775) [reading DRAFT -- not placed] | 2024-11-14 ANTRAG: Versorgungslage von ungewollt Schwangeren verbessern (Drucksache 20/13776) [reading DRAFT -- not placed] | 2024-07-05 VOTE (Bundestag): Voted Ja: Änderung des Schwangerschaftskonfliktgesetzes [reading DRAFT -- not placed] | 2024-02-28 ANTRAG: Kassenzulassung des nichtinvasiven Pränataltests - Monitoring der Konsequenzen und Einrichtung eines Gremiums (Drucksache 20/10515) [reading DRAFT -- not placed] | 2019-02-21 VOTE (Bundestag): Voted Nein: Aufhebung von § 219a StGB [reading DRAFT -- not placed] | 2019-02-21 VOTE (Bundestag): Voted Nein: Aufhebung des Werbeverbots für Schwangerschaftsabbrüche [reading DRAFT -- not placed] | 2019-02-21 VOTE (Bundestag): Voted Ja: Reform des §219a - Informationen zum Schwangerschaftsabbruch [never places: loosened the ban but kept it: neither lobby is cleanly ours],SPD,115 - Duisburg II
"Matthias Miersch (SPD, 47 - Hannover-Land II)",,,,,,,no placement,"on record, side not placed",7,https://www.abgeordnetenwatch.de/profile/matthias-miersch,2024-11-14 GESETZENTWURF: Gesetz zur Neuregelung des Schwangerschaftsabbruchs (Drucksache 20/13775) [reading DRAFT -- not placed] | 2024-11-14 ANTRAG: Versorgungslage von ungewollt Schwangeren verbessern (Drucksache 20/13776) [reading DRAFT -- not placed] | 2024-07-05 VOTE (Bundestag): Voted Ja: Änderung des Schwangerschaftskonfliktgesetzes [reading DRAFT -- not placed] | 2019-02-21 VOTE (Bundestag): Voted Nein: Aufhebung von § 219a StGB [reading DRAFT -- not placed] | 2019-02-21 VOTE (Bundestag): Voted Nein: Aufhebung des Werbeverbots für Schwangerschaftsabbrüche [reading DRAFT -- not placed] | 2019-02-21 VOTE (Bundestag): Voted Ja: Reform des §219a - Informationen zum Schwangerschaftsabbruch [never places: loosened the ban but kept it: neither lobby is cleanly ours] | 2009-05-13 VOTE (Bundestag): Voted Nein: Beratungspflicht bei Spätabtreibungen [reading DRAFT -- not placed],SPD,47 - Hannover-Land II
"Stefan Schmidt (BÜNDNIS 90/DIE GRÜNEN, Landesliste Bayern)",,,,,,,no placement,"on record, side not placed",7,https://www.abgeordnetenwatch.de/profile/stefan-schmidt,2026-01-28 ANTRAG: Kassenzulassung des nicht-invasiven Pränataltests - Monitoring der Konsequenzen und Einrichtung eines Gremiums (Drucksache 21/3873) [reading DRAFT -- not placed] | 2024-11-14 GESETZENTWURF: Gesetz zur Neuregelung des Schwangerschaftsabbruchs (Drucksache 20/13775) [reading DRAFT -- not placed] | 2024-11-14 ANTRAG: Versorgungslage von ungewollt Schwangeren verbessern (Drucksache 20/13776) [reading DRAFT -- not placed] | 2024-07-05 VOTE (Bundestag): Voted Ja: Änderung des Schwangerschaftskonfliktgesetzes [reading DRAFT -- not placed] | 2019-02-21 VOTE (Bundestag): Voted Ja: Aufhebung von § 219a StGB [reading DRAFT -- not placed] | 2019-02-21 VOTE (Bundestag): Voted Ja: Aufhebung des Werbeverbots für Schwangerschaftsabbrüche [reading DRAFT -- not placed] | 2019-02-21 VOTE (Bundestag): Voted Nein: Reform des §219a - Informationen zum Schwangerschaftsabbruch [never places: loosened the ban but kept it: neither lobby is cleanly ours],BÜNDNIS 90/DIE GRÜNEN,Landesliste Bayern
"Tobias Matthias Peterka (AfD, Landesliste Bayern)",,,,,,,no placement,"on record, side not placed",7,https://www.abgeordnetenwatch.de/profile/tobias-matthias-peterka,2026-07-07 ANTRAG: Pro familia von der Schwangerschaftskonfliktberatung ausschließen - Ungeborenes Leben schützen (Drucksache 21/6927) [reading DRAFT -- not placed] | 2024-07-05 VOTE (Bundestag): Voted Nein: Änderung des Schwangerschaftskonfliktgesetzes [reading DRAFT -- not placed] | 2023-03-15 MÜNDLICHE FRAGE: Beteiligung von Kirchen bzw. Theologen an der Kommission zur reproduktiven Selbstbestimmung und Fortpflanzungsmedizin (Drucksache 20/90) [reading DRAFT -- not placed] | 2022-04-26 ANTRAG: § 219a StGB erhalten und Schutzauftrag des ungeborenen Lebens im allgemeinen Bewusstsein beleben (Drucksache 20/1505) [reading DRAFT -- not placed] | 2019-02-21 VOTE (Bundestag): Voted Nein: Aufhebung von § 219a StGB [reading DRAFT -- not placed] | 2019-02-21 VOTE (Bundestag): Voted Nein: Aufhebung des Werbeverbots für Schwangerschaftsabbrüche [reading DRAFT -- not placed] | 2019-02-21 VOTE (Bundestag): Voted Nein: Reform des §219a - Informationen zum Schwangerschaftsabbruch [never places: loosened the ban but kept it: neither lobby is cleanly ours],AfD,Landesliste Bayern
"Wiebke Esdar (SPD, 131 - Bielefeld – Gütersloh II)",,,,,,,no placement,"on record, side not placed",7,https://www.abgeordnetenwatch.de/profile/wiebke-esdar,2026-01-28 ANTRAG: Kassenzulassung des nicht-invasiven Pränataltests - Monitoring der Konsequenzen und Einrichtung eines Gremiums (Drucksache 21/3873) [reading DRAFT -- not placed] | 2024-11-14 GESETZENTWURF: Gesetz zur Neuregelung des Schwangerschaftsabbruchs (Drucksache 20/13775) [reading DRAFT -- not placed] | 2024-11-14 ANTRAG: Versorgungslage von ungewollt Schwangeren verbessern (Drucksache 20/13776) [reading DRAFT -- not placed] | 2024-07-05 VOTE (Bundestag): Voted Ja: Änderung des Schwangerschaftskonfliktgesetzes [reading DRAFT -- not placed] | 2019-02-21 VOTE (Bundestag): Voted Nein: Aufhebung von § 219a StGB [reading DRAFT -- not placed] | 2019-02-21 VOTE (Bundestag): Voted Nein: Aufhebung des Werbeverbots für Schwangerschaftsabbrüche [reading DRAFT -- not placed] | 2019-02-21 VOTE (Bundestag): Voted Ja: Reform des §219a - Informationen zum Schwangerschaftsabbruch [never places: loosened the ban but kept it: neither lobby is cleanly ours],SPD,131 - Bielefeld – Gütersloh II
"Agnieszka Brugger (BÜNDNIS 90/DIE GRÜNEN, Landesliste Baden-Württemberg)",,,,,,,no placement,"on record, side not placed",6,https://www.abgeordnetenwatch.de/profile/agnieszka-brugger,2024-11-14 GESETZENTWURF: Gesetz zur Neuregelung des Schwangerschaftsabbruchs (Drucksache 20/13775) [reading DRAFT -- not placed] | 2024-11-14 ANTRAG: Versorgungslage von ungewollt Schwangeren verbessern (Drucksache 20/13776) [reading DRAFT -- not placed] | 2024-07-05 VOTE (Bundestag): Voted Ja: Änderung des Schwangerschaftskonfliktgesetzes [reading DRAFT -- not placed] | 2019-02-21 VOTE (Bundestag): Voted Ja: Aufhebung von § 219a StGB [reading DRAFT -- not placed] | 2019-02-21 VOTE (Bundestag): Voted Ja: Aufhebung des Werbeverbots für Schwangerschaftsabbrüche [reading DRAFT -- not placed] | 2019-02-21 VOTE (Bundestag): Voted Nein: Reform des §219a - Informationen zum Schwangerschaftsabbruch [never places: loosened the ban but kept it: neither lobby is cleanly ours],BÜNDNIS 90/DIE GRÜNEN,Landesliste Baden-Württemberg
"Andreas Schwarz (SPD, Landesliste Bayern)",,,,,,,no placement,"on record, side not placed",6,https://www.abgeordnetenwatch.de/profile/andreas-schwarz,2024-11-14 GESETZENTWURF: Gesetz zur Neuregelung des Schwangerschaftsabbruchs (Drucksache 20/13775) [reading DRAFT -- not placed] | 2024-11-14 ANTRAG: Versorgungslage von ungewollt Schwangeren verbessern (Drucksache 20/13776) [reading DRAFT -- not placed] | 2024-07-05 VOTE (Bundestag): Voted Ja: Änderung des Schwangerschaftskonfliktgesetzes [reading DRAFT -- not placed] | 2019-02-21 VOTE (Bundestag): Voted Nein: Aufhebung von § 219a StGB [reading DRAFT -- not placed] | 2019-02-21 VOTE (Bundestag): Voted Nein: Aufhebung des Werbeverbots für Schwangerschaftsabbrüche [reading DRAFT -- not placed] | 2019-02-21 VOTE (Bundestag): Voted Ja: Reform des §219a - Informationen zum Schwangerschaftsabbruch [never places: loosened the ban but kept it: neither lobby is cleanly ours],SPD,Landesliste Bayern
"Angelika Glöckner (SPD, Landesliste Rheinland-Pfalz)",,,,,,,no placement,"on record, side not placed",6,https://www.abgeordnetenwatch.de/profile/angelika-gloeckner,2024-11-14 GESETZENTWURF: Gesetz zur Neuregelung des Schwangerschaftsabbruchs (Drucksache 20/13775) [reading DRAFT -- not placed] | 2024-11-14 ANTRAG: Versorgungslage von ungewollt Schwangeren verbessern (Drucksache 20/13776) [reading DRAFT -- not placed] | 2024-07-05 VOTE (Bundestag): Voted Ja: Änderung des Schwangerschaftskonfliktgesetzes [reading DRAFT -- not placed] | 2019-02-21 VOTE (Bundestag): Voted Nein: Aufhebung von § 219a StGB [reading DRAFT -- not placed] | 2019-02-21 VOTE (Bundestag): Voted Nein: Aufhebung des Werbeverbots für Schwangerschaftsabbrüche [reading DRAFT -- not placed] | 2019-02-21 VOTE (Bundestag): Voted Ja: Reform des §219a - Informationen zum Schwangerschaftsabbruch [never places: loosened the ban but kept it: neither lobby is cleanly ours],SPD,Landesliste Rheinland-Pfalz
"Armin Grau (BÜNDNIS 90/DIE GRÜNEN, Landesliste Rheinland-Pfalz)",,,,,,,no placement,"on record, side not placed",6,https://www.abgeordnetenwatch.de/profile/armin-grau,2026-01-28 ANTRAG: Kassenzulassung des nicht-invasiven Pränataltests - Monitoring der Konsequenzen und Einrichtung eines Gremiums (Drucksache 21/3873) [reading DRAFT -- not placed] | 2026-01-28 ANTRAG: Versorgung bei Schwangerschaftsabbrüchen sichern (Drucksache 21/3909) [reading DRAFT -- not placed] | 2024-11-14 GESETZENTWURF: Gesetz zur Neuregelung des Schwangerschaftsabbruchs (Drucksache 20/13775) [reading DRAFT -- not placed] | 2024-11-14 ANTRAG: Versorgungslage von ungewollt Schwangeren verbessern (Drucksache 20/13776) [reading DRAFT -- not placed] | 2024-07-05 VOTE (Bundestag): Voted Ja: Änderung des Schwangerschaftskonfliktgesetzes [reading DRAFT -- not placed] | 2024-02-28 ANTRAG: Kassenzulassung des nichtinvasiven Pränataltests - Monitoring der Konsequenzen und Einrichtung eines Gremiums (Drucksache 20/10515) [reading DRAFT -- not placed],BÜNDNIS 90/DIE GRÜNEN,Landesliste Rheinland-Pfalz
"Bernd Rützel (SPD, Landesliste Bayern)",,,,,,,no placement,"on record, side not placed",6,https://www.abgeordnetenwatch.de/profile/bernd-ruetzel,2024-11-14 GESETZENTWURF: Gesetz zur Neuregelung des Schwangerschaftsabbruchs (Drucksache 20/13775) [reading DRAFT -- not placed] | 2024-11-14 ANTRAG: Versorgungslage von ungewollt Schwangeren verbessern (Drucksache 20/13776) [reading DRAFT -- not placed] | 2024-07-05 VOTE (Bundestag): Voted Ja: Änderung des Schwangerschaftskonfliktgesetzes [reading DRAFT -- not placed] | 2019-02-21 VOTE (Bundestag): Voted Nein: Aufhebung von § 219a StGB [reading DRAFT -- not placed] | 2019-02-21 VOTE (Bundestag): Voted Nein: Aufhebung des Werbeverbots für Schwangerschaftsabbrüche [reading DRAFT -- not placed] | 2019-02-21 VOTE (Bundestag): Voted Ja: Reform des §219a - Informationen zum Schwangerschaftsabbruch [never places: loosened the ban but kept it: neither lobby is cleanly ours],SPD,Landesliste Bayern
"Bärbel Kofler (SPD, Landesliste Bayern)",,,,,,,no placement,"on record, side not placed",6,https://www.abgeordnetenwatch.de/profile/baerbel-kofler,2024-11-14 GESETZENTWURF: Gesetz zur Neuregelung des Schwangerschaftsabbruchs (Drucksache 20/13775) [reading DRAFT -- not placed] | 2024-07-05 VOTE (Bundestag): Voted Ja: Änderung des Schwangerschaftskonfliktgesetzes [reading DRAFT -- not placed] | 2019-02-21 VOTE (Bundestag): Voted Nein: Aufhebung von § 219a StGB [reading DRAFT -- not placed] | 2019-02-21 VOTE (Bundestag): Voted Nein: Aufhebung des Werbeverbots für Schwangerschaftsabbrüche [reading DRAFT -- not placed] | 2019-02-21 VOTE (Bundestag): Voted Ja: Reform des §219a - Informationen zum Schwangerschaftsabbruch [never places: loosened the ban but kept it: neither lobby is cleanly ours] | 2009-05-13 VOTE (Bundestag): Voted Nein: Beratungspflicht bei Spätabtreibungen [reading DRAFT -- not placed],SPD,Landesliste Bayern
"Carsten Schneider (SPD, Landesliste Thüringen)",,,,,,,no placement,"on record, side not placed",6,https://www.abgeordnetenwatch.de/profile/carsten-schneider,2024-11-14 GESETZENTWURF: Gesetz zur Neuregelung des Schwangerschaftsabbruchs (Drucksache 20/13775) [reading DRAFT -- not placed] | 2024-11-14 ANTRAG: Versorgungslage von ungewollt Schwangeren verbessern (Drucksache 20/13776) [reading DRAFT -- not placed] | 2019-02-21 VOTE (Bundestag): Voted Nein: Aufhebung von § 219a StGB [reading DRAFT -- not placed] | 2019-02-21 VOTE (Bundestag): Voted Nein: Aufhebung des Werbeverbots für Schwangerschaftsabbrüche [reading DRAFT -- not placed] | 2019-02-21 VOTE (Bundestag): Voted Ja: Reform des §219a - Informationen zum Schwangerschaftsabbruch [never places: loosened the ban but kept it: neither lobby is cleanly ours] | 2009-05-13 VOTE (Bundestag): Voted Ja: Beratungspflicht bei Spätabtreibungen [reading DRAFT -- not placed],SPD,Landesliste Thüringen
"Christian Görke (Die Linke, Landesliste Brandenburg)",,,,,,,no placement,"on record, side not placed",6,https://www.abgeordnetenwatch.de/profile/christian-goerke,2026-07-17 KLEINE ANFRAGE: Krankenhausschließungen und medizinische Versorgung im ländlichen Raum in Bayern (Drucksache 21/7211) [never places: the title does not show which side the author is on] | 2026-04-10 KLEINE ANFRAGE: Krankenhausschließungen und medizinische Versorgung im ländlichen Raum in Brandenburg (Drucksache 21/5255) [never places: the title does not show which side the author is on] | 2026-02-25 ANTRAG: Reproduktive Gerechtigkeit verwirklichen - Selbstbestimmung gewährleisten (Drucksache 21/4299) [reading DRAFT -- not placed] | 2026-02-19 KLEINE ANFRAGE: Krankenhausschließungen und medizinische Versorgung im ländlichen Raum in Baden-Württemberg (Drucksache 21/4192) [never places: the title does not show which side the author is on] | 2024-11-14 GESETZENTWURF: Gesetz zur Neuregelung des Schwangerschaftsabbruchs (Drucksache 20/13775) [reading DRAFT -- not placed] | 2024-11-14 ANTRAG: Versorgungslage von ungewollt Schwangeren verbessern (Drucksache 20/13776) [reading DRAFT -- not placed],Die Linke,Landesliste Brandenburg
"Daniela Ludwig (CDU/CSU, 221 - Rosenheim)",,,,,,,no placement,"on record, side not placed",6,https://www.abgeordnetenwatch.de/profile/daniela-ludwig,2026-01-28 ANTRAG: Kassenzulassung des nicht-invasiven Pränataltests - Monitoring der Konsequenzen und Einrichtung eines Gremiums (Drucksache 21/3873) [reading DRAFT -- not placed] | 2024-02-28 ANTRAG: Kassenzulassung des nichtinvasiven Pränataltests - Monitoring der Konsequenzen und Einrichtung eines Gremiums (Drucksache 20/10515) [reading DRAFT -- not placed] | 2019-02-21 VOTE (Bundestag): Voted Nein: Aufhebung von § 219a StGB [reading DRAFT -- not placed] | 2019-02-21 VOTE (Bundestag): Voted Nein: Aufhebung des Werbeverbots für Schwangerschaftsabbrüche [reading DRAFT -- not placed] | 2019-02-21 VOTE (Bundestag): Voted Ja: Reform des §219a - Informationen zum Schwangerschaftsabbruch [never places: loosened the ban but kept it: neither lobby is cleanly ours] | 2009-05-13 VOTE (Bundestag): Voted Ja: Beratungspflicht bei Spätabtreibungen [reading DRAFT -- not placed],CDU/CSU,221 - Rosenheim
"Dennis Rohde (SPD, 27 - Oldenburg – Ammerland)",,,,,,,no placement,"on record, side not placed",6,https://www.abgeordnetenwatch.de/profile/dennis-rohde,2024-11-14 GESETZENTWURF: Gesetz zur Neuregelung des Schwangerschaftsabbruchs (Drucksache 20/13775) [reading DRAFT -- not placed] | 2024-11-14 ANTRAG: Versorgungslage von ungewollt Schwangeren verbessern (Drucksache 20/13776) [reading DRAFT -- not placed] | 2024-07-05 VOTE (Bundestag): Voted Ja: Änderung des Schwangerschaftskonfliktgesetzes [reading DRAFT -- not placed] | 2019-02-21 VOTE (Bundestag): Voted Nein: Aufhebung von § 219a StGB [reading DRAFT -- not placed] | 2019-02-21 VOTE (Bundestag): Voted Nein: Aufhebung des Werbeverbots für Schwangerschaftsabbrüche [reading DRAFT -- not placed] | 2019-02-21 VOTE (Bundestag): Voted Ja: Reform des §219a - Informationen zum Schwangerschaftsabbruch [never places: loosened the ban but kept it: neither lobby is cleanly ours],SPD,27 - Oldenburg – Ammerland
"Dirk Vöpel (SPD, 116 - Oberhausen – Wesel III)",,,,,,,no placement,"on record, side not placed",6,https://www.abgeordnetenwatch.de/profile/dirk-voepel,2024-11-14 GESETZENTWURF: Gesetz zur Neuregelung des Schwangerschaftsabbruchs (Drucksache 20/13775) [reading DRAFT -- not placed] | 2024-11-14 ANTRAG: Versorgungslage von ungewollt Schwangeren verbessern (Drucksache 20/13776) [reading DRAFT -- not placed] | 2024-07-05 VOTE (Bundestag): Voted Ja: Änderung des Schwangerschaftskonfliktgesetzes [reading DRAFT -- not placed] | 2019-02-21 VOTE (Bundestag): Voted Nein: Aufhebung von § 219a StGB [reading DRAFT -- not placed] | 2019-02-21 VOTE (Bundestag): Voted Nein: Aufhebung des Werbeverbots für Schwangerschaftsabbrüche [reading DRAFT -- not placed] | 2019-02-21 VOTE (Bundestag): Voted Ja: Reform des §219a - Informationen zum Schwangerschaftsabbruch [never places: loosened the ban but kept it: neither lobby is cleanly ours],SPD,116 - Oberhausen – Wesel III
"Franziska Brantner (BÜNDNIS 90/DIE GRÜNEN, Landesliste Baden-Württemberg)",,,,,,,no placement,"on record, side not placed",6,https://www.abgeordnetenwatch.de/profile/franziska-brantner,2024-11-14 GESETZENTWURF: Gesetz zur Neuregelung des Schwangerschaftsabbruchs (Drucksache 20/13775) [reading DRAFT -- not placed] | 2024-11-14 ANTRAG: Versorgungslage von ungewollt Schwangeren verbessern (Drucksache 20/13776) [reading DRAFT -- not placed] | 2024-07-05 VOTE (Bundestag): Voted Ja: Änderung des Schwangerschaftskonfliktgesetzes [reading DRAFT -- not placed] | 2019-02-21 VOTE (Bundestag): Voted Ja: Aufhebung von § 219a StGB [reading DRAFT -- not placed] | 2019-02-21 VOTE (Bundestag): Voted Ja: Aufhebung des Werbeverbots für Schwangerschaftsabbrüche [reading DRAFT -- not placed] | 2019-02-21 VOTE (Bundestag): Voted Nein: Reform des §219a - Informationen zum Schwangerschaftsabbruch [never places: loosened the ban but kept it: neither lobby is cleanly ours],BÜNDNIS 90/DIE GRÜNEN,Landesliste Baden-Württemberg
"Hendrik Hoppenstedt (CDU/CSU, 43 - Hannover-Land I)",,,,,,,no placement,"on record, side not placed",6,https://www.abgeordnetenwatch.de/profile/hendrik-hoppenstedt,2026-01-28 ANTRAG: Kassenzulassung des nicht-invasiven Pränataltests - Monitoring der Konsequenzen und Einrichtung eines Gremiums (Drucksache 21/3873) [reading DRAFT -- not placed] | 2024-07-05 VOTE (Bundestag): Voted Nein: Änderung des Schwangerschaftskonfliktgesetzes [reading DRAFT -- not placed] | 2024-02-28 ANTRAG: Kassenzulassung des nichtinvasiven Pränataltests - Monitoring der Konsequenzen und Einrichtung eines Gremiums (Drucksache 20/10515) [reading DRAFT -- not placed] | 2019-02-21 VOTE (Bundestag): Voted Nein: Aufhebung von § 219a StGB [reading DRAFT -- not placed] | 2019-02-21 VOTE (Bundestag): Voted Nein: Aufhebung des Werbeverbots für Schwangerschaftsabbrüche [reading DRAFT -- not placed] | 2019-02-21 VOTE (Bundestag): Voted Ja: Reform des §219a - Informationen zum Schwangerschaftsabbruch [never places: loosened the ban but kept it: neither lobby is cleanly ours],CDU/CSU,43 - Hannover-Land I
"Irene Mihalic (BÜNDNIS 90/DIE GRÜNEN, Landesliste Nordrhein-Westfalen)",,,,,,,no placement,"on record, side not placed",6,https://www.abgeordnetenwatch.de/profile/irene-mihalic,2024-11-14 GESETZENTWURF: Gesetz zur Neuregelung des Schwangerschaftsabbruchs (Drucksache 20/13775) [reading DRAFT -- not placed] | 2024-11-14 ANTRAG: Versorgungslage von ungewollt Schwangeren verbessern (Drucksache 20/13776) [reading DRAFT -- not placed] | 2024-07-05 VOTE (Bundestag): Voted Ja: Änderung des Schwangerschaftskonfliktgesetzes [reading DRAFT -- not placed] | 2019-02-21 VOTE (Bundestag): Voted Ja: Aufhebung von § 219a StGB [reading DRAFT -- not placed] | 2019-02-21 VOTE (Bundestag): Voted Ja: Aufhebung des Werbeverbots für Schwangerschaftsabbrüche [reading DRAFT -- not placed] | 2019-02-21 VOTE (Bundestag): Voted Nein: Reform des §219a - Informationen zum Schwangerschaftsabbruch [never places: loosened the ban but kept it: neither lobby is cleanly ours],BÜNDNIS 90/DIE GRÜNEN,Landesliste Nordrhein-Westfalen
"Jens Lehmann (CDU/CSU, Landesliste Sachsen)",,,,,,,no placement,"on record, side not placed",6,https://www.abgeordnetenwatch.de/profile/jens-lehmann,2026-01-28 ANTRAG: Kassenzulassung des nicht-invasiven Pränataltests - Monitoring der Konsequenzen und Einrichtung eines Gremiums (Drucksache 21/3873) [reading DRAFT -- not placed] | 2024-07-05 VOTE (Bundestag): Voted Nein: Änderung des Schwangerschaftskonfliktgesetzes [reading DRAFT -- not placed] | 2024-02-28 ANTRAG: Kassenzulassung des nichtinvasiven Pränataltests - Monitoring der Konsequenzen und Einrichtung eines Gremiums (Drucksache 20/10515) [reading DRAFT -- not placed] | 2019-02-21 VOTE (Bundestag): Voted Nein: Aufhebung von § 219a StGB [reading DRAFT -- not placed] | 2019-02-21 VOTE (Bundestag): Voted Nein: Aufhebung des Werbeverbots für Schwangerschaftsabbrüche [reading DRAFT -- not placed] | 2019-02-21 VOTE (Bundestag): Voted Ja: Reform des §219a - Informationen zum Schwangerschaftsabbruch [never places: loosened the ban but kept it: neither lobby is cleanly ours],CDU/CSU,Landesliste Sachsen
"Johannes Schraps (SPD, 46 - Hameln-Pyrmont – Holzminden)",,,,,,,no placement,"on record, side not placed",6,https://www.abgeordnetenwatch.de/profile/johannes-schraps,2024-11-14 GESETZENTWURF: Gesetz zur Neuregelung des Schwangerschaftsabbruchs (Drucksache 20/13775) [reading DRAFT -- not placed] | 2024-11-14 ANTRAG: Versorgungslage von ungewollt Schwangeren verbessern (Drucksache 20/13776) [reading DRAFT -- not placed] | 2024-07-05 VOTE (Bundestag): Voted Ja: Änderung des Schwangerschaftskonfliktgesetzes [reading DRAFT -- not placed] | 2019-02-21 VOTE (Bundestag): Voted Nein: Aufhebung von § 219a StGB [reading DRAFT -- not placed] | 2019-02-21 VOTE (Bundestag): Voted Nein: Aufhebung des Werbeverbots für Schwangerschaftsabbrüche [reading DRAFT -- not placed] | 2019-02-21 VOTE (Bundestag): Voted Ja: Reform des §219a - Informationen zum Schwangerschaftsabbruch [never places: loosened the ban but kept it: neither lobby is cleanly ours],SPD,46 - Hameln-Pyrmont – Holzminden
"Julia Verlinden (BÜNDNIS 90/DIE GRÜNEN, Landesliste Niedersachsen)",,,,,,,no placement,"on record, side not placed",6,https://www.abgeordnetenwatch.de/profile/julia-verlinden,2024-11-14 GESETZENTWURF: Gesetz zur Neuregelung des Schwangerschaftsabbruchs (Drucksache 20/13775) [reading DRAFT -- not placed] | 2024-11-14 ANTRAG: Versorgungslage von ungewollt Schwangeren verbessern (Drucksache 20/13776) [reading DRAFT -- not placed] | 2024-07-05 VOTE (Bundestag): Voted Ja: Änderung des Schwangerschaftskonfliktgesetzes [reading DRAFT -- not placed] | 2019-02-21 VOTE (Bundestag): Voted Ja: Aufhebung von § 219a StGB [reading DRAFT -- not placed] | 2019-02-21 VOTE (Bundestag): Voted Ja: Aufhebung des Werbeverbots für Schwangerschaftsabbrüche [reading DRAFT -- not placed] | 2019-02-21 VOTE (Bundestag): Voted Nein: Reform des §219a - Informationen zum Schwangerschaftsabbruch [never places: loosened the ban but kept it: neither lobby is cleanly ours],BÜNDNIS 90/DIE GRÜNEN,Landesliste Niedersachsen
"Jörg Cezanne (Die Linke, Landesliste Hessen)",,,,,,,no placement,"on record, side not placed",6,https://www.abgeordnetenwatch.de/profile/joerg-cezanne,2024-11-14 GESETZENTWURF: Gesetz zur Neuregelung des Schwangerschaftsabbruchs (Drucksache 20/13775) [reading DRAFT -- not placed] | 2024-11-14 ANTRAG: Versorgungslage von ungewollt Schwangeren verbessern (Drucksache 20/13776) [reading DRAFT -- not placed] | 2024-07-05 VOTE (Bundestag): Voted Ja: Änderung des Schwangerschaftskonfliktgesetzes [reading DRAFT -- not placed] | 2019-02-21 VOTE (Bundestag): Voted Ja: Aufhebung von § 219a StGB [reading DRAFT -- not placed] | 2019-02-21 VOTE (Bundestag): Voted Ja: Aufhebung des Werbeverbots für Schwangerschaftsabbrüche [reading DRAFT -- not placed] | 2019-02-21 VOTE (Bundestag): Voted Nein: Reform des §219a - Informationen zum Schwangerschaftsabbruch [never places: loosened the ban but kept it: neither lobby is cleanly ours],Die Linke,Landesliste Hessen
"Konstantin von Notz (BÜNDNIS 90/DIE GRÜNEN, Landesliste Schleswig-Holstein)",,,,,,,no placement,"on record, side not placed",6,https://www.abgeordnetenwatch.de/profile/konstantin-von-notz,2024-11-14 GESETZENTWURF: Gesetz zur Neuregelung des Schwangerschaftsabbruchs (Drucksache 20/13775) [reading DRAFT -- not placed] | 2024-11-14 ANTRAG: Versorgungslage von ungewollt Schwangeren verbessern (Drucksache 20/13776) [reading DRAFT -- not placed] | 2024-07-05 VOTE (Bundestag): Voted Ja: Änderung des Schwangerschaftskonfliktgesetzes [reading DRAFT -- not placed] | 2019-02-21 VOTE (Bundestag): Voted Ja: Aufhebung von § 219a StGB [reading DRAFT -- not placed] | 2019-02-21 VOTE (Bundestag): Voted Ja: Aufhebung des Werbeverbots für Schwangerschaftsabbrüche [reading DRAFT -- not placed] | 2019-02-21 VOTE (Bundestag): Voted Nein: Reform des §219a - Informationen zum Schwangerschaftsabbruch [never places: loosened the ban but kept it: neither lobby is cleanly ours],BÜNDNIS 90/DIE GRÜNEN,Landesliste Schleswig-Holstein
"Linda Heitmann (BÜNDNIS 90/DIE GRÜNEN, 19 - Hamburg-Altona)",,,,,,,no placement,"on record, side not placed",6,https://www.abgeordnetenwatch.de/profile/linda-heitmann,2026-01-28 ANTRAG: Kassenzulassung des nicht-invasiven Pränataltests - Monitoring der Konsequenzen und Einrichtung eines Gremiums (Drucksache 21/3873) [reading DRAFT -- not placed] | 2026-01-28 ANTRAG: Versorgung bei Schwangerschaftsabbrüchen sichern (Drucksache 21/3909) [reading DRAFT -- not placed] | 2024-11-14 GESETZENTWURF: Gesetz zur Neuregelung des Schwangerschaftsabbruchs (Drucksache 20/13775) [reading DRAFT -- not placed] | 2024-11-14 ANTRAG: Versorgungslage von ungewollt Schwangeren verbessern (Drucksache 20/13776) [reading DRAFT -- not placed] | 2024-07-05 VOTE (Bundestag): Voted Ja: Änderung des Schwangerschaftskonfliktgesetzes [reading DRAFT -- not placed] | 2024-02-28 ANTRAG: Kassenzulassung des nichtinvasiven Pränataltests - Monitoring der Konsequenzen und Einrichtung eines Gremiums (Drucksache 20/10515) [reading DRAFT -- not placed],BÜNDNIS 90/DIE GRÜNEN,19 - Hamburg-Altona
"Luise Amtsberg (BÜNDNIS 90/DIE GRÜNEN, 5 - Kiel)",,,,,,,no placement,"on record, side not placed",6,https://www.abgeordnetenwatch.de/profile/luise-amtsberg,2024-11-14 GESETZENTWURF: Gesetz zur Neuregelung des Schwangerschaftsabbruchs (Drucksache 20/13775) [reading DRAFT -- not placed] | 2024-11-14 ANTRAG: Versorgungslage von ungewollt Schwangeren verbessern (Drucksache 20/13776) [reading DRAFT -- not placed] | 2024-07-05 VOTE (Bundestag): Voted Ja: Änderung des Schwangerschaftskonfliktgesetzes [reading DRAFT -- not placed] | 2019-02-21 VOTE (Bundestag): Voted Ja: Aufhebung von § 219a StGB [reading DRAFT -- not placed] | 2019-02-21 VOTE (Bundestag): Voted Ja: Aufhebung des Werbeverbots für Schwangerschaftsabbrüche [reading DRAFT -- not placed] | 2019-02-21 VOTE (Bundestag): Voted Nein: Reform des §219a - Informationen zum Schwangerschaftsabbruch [never places: loosened the ban but kept it: neither lobby is cleanly ours],BÜNDNIS 90/DIE GRÜNEN,5 - Kiel
"Marja-Liisa Völlers (SPD, 40 - Nienburg II – Schaumburg)",,,,,,,no placement,"on record, side not placed",6,https://www.abgeordnetenwatch.de/profile/marja-liisa-voellers,2024-11-14 GESETZENTWURF: Gesetz zur Neuregelung des Schwangerschaftsabbruchs (Drucksache 20/13775) [reading DRAFT -- not placed] | 2024-11-14 ANTRAG: Versorgungslage von ungewollt Schwangeren verbessern (Drucksache 20/13776) [reading DRAFT -- not placed] | 2024-07-05 VOTE (Bundestag): Voted Ja: Änderung des Schwangerschaftskonfliktgesetzes [reading DRAFT -- not placed] | 2019-02-21 VOTE (Bundestag): Voted Nein: Aufhebung von § 219a StGB [reading DRAFT -- not placed] | 2019-02-21 VOTE (Bundestag): Voted Nein: Aufhebung des Werbeverbots für Schwangerschaftsabbrüche [reading DRAFT -- not placed] | 2019-02-21 VOTE (Bundestag): Voted Ja: Reform des §219a - Informationen zum Schwangerschaftsabbruch [never places: loosened the ban but kept it: neither lobby is cleanly ours],SPD,40 - Nienburg II – Schaumburg
"Matthias Gastel (BÜNDNIS 90/DIE GRÜNEN, Landesliste Baden-Württemberg)",,,,,,,no placement,"on record, side not placed",6,https://www.abgeordnetenwatch.de/profile/matthias-gastel,2024-11-14 GESETZENTWURF: Gesetz zur Neuregelung des Schwangerschaftsabbruchs (Drucksache 20/13775) [reading DRAFT -- not placed] | 2024-11-14 ANTRAG: Versorgungslage von ungewollt Schwangeren verbessern (Drucksache 20/13776) [reading DRAFT -- not placed] | 2024-07-05 VOTE (Bundestag): Voted Ja: Änderung des Schwangerschaftskonfliktgesetzes [reading DRAFT -- not placed] | 2019-02-21 VOTE (Bundestag): Voted Ja: Aufhebung von § 219a StGB [reading DRAFT -- not placed] | 2019-02-21 VOTE (Bundestag): Voted Ja: Aufhebung des Werbeverbots für Schwangerschaftsabbrüche [reading DRAFT -- not placed] | 2019-02-21 VOTE (Bundestag): Voted Nein: Reform des §219a - Informationen zum Schwangerschaftsabbruch [never places: loosened the ban but kept it: neither lobby is cleanly ours],BÜNDNIS 90/DIE GRÜNEN,Landesliste Baden-Württemberg
"Metin Hakverdi (SPD, 23 - Hamburg-Bergedorf – Harburg)",,,,,,,no placement,"on record, side not placed",6,https://www.abgeordnetenwatch.de/profile/metin-hakverdi,2024-11-14 GESETZENTWURF: Gesetz zur Neuregelung des Schwangerschaftsabbruchs (Drucksache 20/13775) [reading DRAFT -- not placed] | 2024-11-14 ANTRAG: Versorgungslage von ungewollt Schwangeren verbessern (Drucksache 20/13776) [reading DRAFT -- not placed] | 2024-07-05 VOTE (Bundestag): Voted Ja: Änderung des Schwangerschaftskonfliktgesetzes [reading DRAFT -- not placed] | 2019-02-21 VOTE (Bundestag): Voted Nein: Aufhebung von § 219a StGB [reading DRAFT -- not placed] | 2019-02-21 VOTE (Bundestag): Voted Nein: Aufhebung des Werbeverbots für Schwangerschaftsabbrüche [reading DRAFT -- not placed] | 2019-02-21 VOTE (Bundestag): Voted Ja: Reform des §219a - Informationen zum Schwangerschaftsabbruch [never places: loosened the ban but kept it: neither lobby is cleanly ours],SPD,23 - Hamburg-Bergedorf – Harburg
"Michael Donth (CDU/CSU, 289 - Reutlingen)",,,,,,,no placement,"on record, side not placed",6,https://www.abgeordnetenwatch.de/profile/michael-donth,2026-01-28 ANTRAG: Kassenzulassung des nicht-invasiven Pränataltests - Monitoring der Konsequenzen und Einrichtung eines Gremiums (Drucksache 21/3873) [reading DRAFT -- not placed] | 2024-07-05 VOTE (Bundestag): Voted Nein: Änderung des Schwangerschaftskonfliktgesetzes [reading DRAFT -- not placed] | 2024-02-28 ANTRAG: Kassenzulassung des nichtinvasiven Pränataltests - Monitoring der Konsequenzen und Einrichtung eines Gremiums (Drucksache 20/10515) [reading DRAFT -- not placed] | 2019-02-21 VOTE (Bundestag): Voted Nein: Aufhebung von § 219a StGB [reading DRAFT -- not placed] | 2019-02-21 VOTE (Bundestag): Voted Nein: Aufhebung des Werbeverbots für Schwangerschaftsabbrüche [reading DRAFT -- not placed] | 2019-02-21 VOTE (Bundestag): Voted Ja: Reform des §219a - Informationen zum Schwangerschaftsabbruch [never places: loosened the ban but kept it: neither lobby is cleanly ours],CDU/CSU,289 - Reutlingen
"Michael Espendiller (AfD, Landesliste Nordrhein-Westfalen)",,,,,,,no placement,"on record, side not placed",6,https://www.abgeordnetenwatch.de/profile/michael-espendiller,"2026-06-25 KLEINE ANFRAGE: Förderung des ""Equality Fund"" durch die Bundesregierung (Drucksache 21/6718) [reading DRAFT -- not placed] | 2024-07-05 VOTE (Bundestag): Voted Nein: Änderung des Schwangerschaftskonfliktgesetzes [reading DRAFT -- not placed] | 2022-04-26 ANTRAG: § 219a StGB erhalten und Schutzauftrag des ungeborenen Lebens im allgemeinen Bewusstsein beleben (Drucksache 20/1505) [reading DRAFT -- not placed] | 2019-02-21 VOTE (Bundestag): Voted Nein: Aufhebung von § 219a StGB [reading DRAFT -- not placed] | 2019-02-21 VOTE (Bundestag): Voted Nein: Aufhebung des Werbeverbots für Schwangerschaftsabbrüche [reading DRAFT -- not placed] | 2019-02-21 VOTE (Bundestag): Voted Nein: Reform des §219a - Informationen zum Schwangerschaftsabbruch [never places: loosened the ban but kept it: neither lobby is cleanly ours]",AfD,Landesliste Nordrhein-Westfalen
"Michael Thews (SPD, 144 - Hamm – Unna II)",,,,,,,no placement,"on record, side not placed",6,https://www.abgeordnetenwatch.de/profile/michael-thews,2024-11-14 GESETZENTWURF: Gesetz zur Neuregelung des Schwangerschaftsabbruchs (Drucksache 20/13775) [reading DRAFT -- not placed] | 2024-11-14 ANTRAG: Versorgungslage von ungewollt Schwangeren verbessern (Drucksache 20/13776) [reading DRAFT -- not placed] | 2024-07-05 VOTE (Bundestag): Voted Ja: Änderung des Schwangerschaftskonfliktgesetzes [reading DRAFT -- not placed] | 2019-02-21 VOTE (Bundestag): Voted Nein: Aufhebung von § 219a StGB [reading DRAFT -- not placed] | 2019-02-21 VOTE (Bundestag): Voted Nein: Aufhebung des Werbeverbots für Schwangerschaftsabbrüche [reading DRAFT -- not placed] | 2019-02-21 VOTE (Bundestag): Voted Ja: Reform des §219a - Informationen zum Schwangerschaftsabbruch [never places: loosened the ban but kept it: neither lobby is cleanly ours],SPD,144 - Hamm – Unna II
"Nina Scheer (SPD, Landesliste Schleswig-Holstein)",,,,,,,no placement,"on record, side not placed",6,https://www.abgeordnetenwatch.de/profile/nina-scheer,2024-11-14 GESETZENTWURF: Gesetz zur Neuregelung des Schwangerschaftsabbruchs (Drucksache 20/13775) [reading DRAFT -- not placed] | 2024-11-14 ANTRAG: Versorgungslage von ungewollt Schwangeren verbessern (Drucksache 20/13776) [reading DRAFT -- not placed] | 2024-07-05 VOTE (Bundestag): Voted Ja: Änderung des Schwangerschaftskonfliktgesetzes [reading DRAFT -- not placed] | 2019-02-21 VOTE (Bundestag): Voted Nein: Aufhebung von § 219a StGB [reading DRAFT -- not placed] | 2019-02-21 VOTE (Bundestag): Voted Nein: Aufhebung des Werbeverbots für Schwangerschaftsabbrüche [reading DRAFT -- not placed] | 2019-02-21 VOTE (Bundestag): Voted Ja: Reform des §219a - Informationen zum Schwangerschaftsabbruch [never places: loosened the ban but kept it: neither lobby is cleanly ours],SPD,Landesliste Schleswig-Holstein
"Oliver Kaczmarek (SPD, 143 - Unna I)",,,,,,,no placement,"on record, side not placed",6,https://www.abgeordnetenwatch.de/profile/oliver-kaczmarek,2024-11-14 GESETZENTWURF: Gesetz zur Neuregelung des Schwangerschaftsabbruchs (Drucksache 20/13775) [reading DRAFT -- not placed] | 2024-11-14 ANTRAG: Versorgungslage von ungewollt Schwangeren verbessern (Drucksache 20/13776) [reading DRAFT -- not placed] | 2024-07-05 VOTE (Bundestag): Voted Ja: Änderung des Schwangerschaftskonfliktgesetzes [reading DRAFT -- not placed] | 2019-02-21 VOTE (Bundestag): Voted Nein: Aufhebung von § 219a StGB [reading DRAFT -- not placed] | 2019-02-21 VOTE (Bundestag): Voted Nein: Aufhebung des Werbeverbots für Schwangerschaftsabbrüche [reading DRAFT -- not placed] | 2019-02-21 VOTE (Bundestag): Voted Ja: Reform des §219a - Informationen zum Schwangerschaftsabbruch [never places: loosened the ban but kept it: neither lobby is cleanly ours],SPD,143 - Unna I
"Pascal Meiser (Die Linke, 82 - Berlin-Friedrichshain-Kreuzberg – Prenzlauer Berg Ost)",,,,,,,no placement,"on record, side not placed",6,https://www.abgeordnetenwatch.de/profile/pascal-meiser,"2022-09-13 KLEINE ANFRAGE: Soziale Infrastruktur für Frauen in Nordrhein-Westfalen (Drucksache 20/3398) [never places: the title does not show which side the author is on] | 2022-08-24 KLEINE ANFRAGE: Folgen der Pandemiebewältigung für Gleichstellung und das Leben von Frauen in Deutschland (Drucksache 20/3174) [never places: the title does not show which side the author is on] | 2022-05-10 ANTRAG: § 219a des Strafgesetzbuches streichen - Selbstbestimmung, Entscheidungsfreiheit und ausreichende Versorgung sicherstell (Drucksache 20/1736) [reading DRAFT -- not placed] | 2019-02-21 VOTE (Bundestag): Voted Ja: Aufhebung von § 219a StGB [reading DRAFT -- not placed] | 2019-02-21 VOTE (Bundestag): Voted Ja: Aufhebung des Werbeverbots für Schwangerschaftsabbrüche [reading DRAFT -- not placed] | 2019-02-21 VOTE (Bundestag): Voted Nein: Reform des §219a - Informationen zum Schwangerschaftsabbruch [never places: loosened the ban but kept it: neither lobby is cleanly ours]",Die Linke,82 - Berlin-Friedrichshain-Kreuzberg – Prenzlauer Berg Ost
"Rita Schwarzelühr-Sutter (SPD, Landesliste Baden-Württemberg)",,,,,,,no placement,"on record, side not placed",6,https://www.abgeordnetenwatch.de/profile/rita-schwarzeluehr-sutter,2024-11-14 GESETZENTWURF: Gesetz zur Neuregelung des Schwangerschaftsabbruchs (Drucksache 20/13775) [reading DRAFT -- not placed] | 2024-07-05 VOTE (Bundestag): Voted Ja: Änderung des Schwangerschaftskonfliktgesetzes [reading DRAFT -- not placed] | 2019-02-21 VOTE (Bundestag): Voted Nein: Aufhebung von § 219a StGB [reading DRAFT -- not placed] | 2019-02-21 VOTE (Bundestag): Voted Nein: Aufhebung des Werbeverbots für Schwangerschaftsabbrüche [reading DRAFT -- not placed] | 2019-02-21 VOTE (Bundestag): Voted Ja: Reform des §219a - Informationen zum Schwangerschaftsabbruch [never places: loosened the ban but kept it: neither lobby is cleanly ours] | 2009-05-13 VOTE (Bundestag): Voted Ja: Beratungspflicht bei Spätabtreibungen [reading DRAFT -- not placed],SPD,Landesliste Baden-Württemberg
"Sabine Poschmann (SPD, 142 - Dortmund II)",,,,,,,no placement,"on record, side not placed",6,https://www.abgeordnetenwatch.de/profile/sabine-poschmann,2024-11-14 GESETZENTWURF: Gesetz zur Neuregelung des Schwangerschaftsabbruchs (Drucksache 20/13775) [reading DRAFT -- not placed] | 2024-11-14 ANTRAG: Versorgungslage von ungewollt Schwangeren verbessern (Drucksache 20/13776) [reading DRAFT -- not placed] | 2024-07-05 VOTE (Bundestag): Voted Ja: Änderung des Schwangerschaftskonfliktgesetzes [reading DRAFT -- not placed] | 2019-02-21 VOTE (Bundestag): Voted Nein: Aufhebung von § 219a StGB [reading DRAFT -- not placed] | 2019-02-21 VOTE (Bundestag): Voted Nein: Aufhebung des Werbeverbots für Schwangerschaftsabbrüche [reading DRAFT -- not placed] | 2019-02-21 VOTE (Bundestag): Voted Ja: Reform des §219a - Informationen zum Schwangerschaftsabbruch [never places: loosened the ban but kept it: neither lobby is cleanly ours],SPD,142 - Dortmund II
"Saskia Esken (SPD, Landesliste Baden-Württemberg)",,,,,,,no placement,"on record, side not placed",6,https://www.abgeordnetenwatch.de/profile/saskia-esken,2024-11-14 GESETZENTWURF: Gesetz zur Neuregelung des Schwangerschaftsabbruchs (Drucksache 20/13775) [reading DRAFT -- not placed] | 2024-11-14 ANTRAG: Versorgungslage von ungewollt Schwangeren verbessern (Drucksache 20/13776) [reading DRAFT -- not placed] | 2024-07-05 VOTE (Bundestag): Voted Ja: Änderung des Schwangerschaftskonfliktgesetzes [reading DRAFT -- not placed] | 2019-02-21 VOTE (Bundestag): Voted Nein: Aufhebung von § 219a StGB [reading DRAFT -- not placed] | 2019-02-21 VOTE (Bundestag): Voted Nein: Aufhebung des Werbeverbots für Schwangerschaftsabbrüche [reading DRAFT -- not placed] | 2019-02-21 VOTE (Bundestag): Voted Ja: Reform des §219a - Informationen zum Schwangerschaftsabbruch [never places: loosened the ban but kept it: neither lobby is cleanly ours],SPD,Landesliste Baden-Württemberg
"Sven Lehmann (BÜNDNIS 90/DIE GRÜNEN, 93 - Köln II)",,,,,,,no placement,"on record, side not placed",6,https://www.abgeordnetenwatch.de/profile/sven-lehmann,2024-11-14 GESETZENTWURF: Gesetz zur Neuregelung des Schwangerschaftsabbruchs (Drucksache 20/13775) [reading DRAFT -- not placed] | 2024-11-14 ANTRAG: Versorgungslage von ungewollt Schwangeren verbessern (Drucksache 20/13776) [reading DRAFT -- not placed] | 2024-07-05 VOTE (Bundestag): Voted Ja: Änderung des Schwangerschaftskonfliktgesetzes [reading DRAFT -- not placed] | 2019-02-21 VOTE (Bundestag): Voted Ja: Aufhebung von § 219a StGB [reading DRAFT -- not placed] | 2019-02-21 VOTE (Bundestag): Voted Ja: Aufhebung des Werbeverbots für Schwangerschaftsabbrüche [reading DRAFT -- not placed] | 2019-02-21 VOTE (Bundestag): Voted Nein: Reform des §219a - Informationen zum Schwangerschaftsabbruch [never places: loosened the ban but kept it: neither lobby is cleanly ours],BÜNDNIS 90/DIE GRÜNEN,93 - Köln II
Uwe Schulz (AfD),,,,,,,no placement,"on record, side not placed",6,https://www.abgeordnetenwatch.de/profile/uwe-schulz-0,"2026-03-03 KLEINE ANFRAGE: Förderung von LGBTIQ-, Gender-Projekten und Abtreibung im Ausland (Drucksache 21/4447) [reading DRAFT -- not placed] | 2025-06-27 GROSSE ANFRAGE: Förderung sowie Unterstützung von LGBTIQ- und Gender-Projekten sowie Abtreibung im Ausland (Drucksache 21/683) [reading DRAFT -- not placed] | 2022-04-26 ANTRAG: § 219a StGB erhalten und Schutzauftrag des ungeborenen Lebens im allgemeinen Bewusstsein beleben (Drucksache 20/1505) [reading DRAFT -- not placed] | 2019-02-21 VOTE (Bundestag): Voted Nein: Aufhebung von § 219a StGB [reading DRAFT -- not placed] | 2019-02-21 VOTE (Bundestag): Voted Nein: Aufhebung des Werbeverbots für Schwangerschaftsabbrüche [reading DRAFT -- not placed] | 2019-02-21 VOTE (Bundestag): Voted Nein: Reform des §219a - Informationen zum Schwangerschaftsabbruch [never places: loosened the ban but kept it: neither lobby is cleanly ours]",AfD,
"Albert Rupprecht (CDU/CSU, 234 - Weiden)",,,,,,,no placement,"on record, side not placed",5,https://www.abgeordnetenwatch.de/profile/albert-rupprecht,2024-07-05 VOTE (Bundestag): Voted Nein: Änderung des Schwangerschaftskonfliktgesetzes [reading DRAFT -- not placed] | 2019-02-21 VOTE (Bundestag): Voted Nein: Aufhebung von § 219a StGB [reading DRAFT -- not placed] | 2019-02-21 VOTE (Bundestag): Voted Nein: Aufhebung des Werbeverbots für Schwangerschaftsabbrüche [reading DRAFT -- not placed] | 2019-02-21 VOTE (Bundestag): Voted Ja: Reform des §219a - Informationen zum Schwangerschaftsabbruch [never places: loosened the ban but kept it: neither lobby is cleanly ours] | 2009-05-13 VOTE (Bundestag): Voted Ja: Beratungspflicht bei Spätabtreibungen [reading DRAFT -- not placed],CDU/CSU,234 - Weiden
"Alexander Dobrindt (CDU/CSU, 225 - Weilheim)",,,,,,,no placement,"on record, side not placed",5,https://www.abgeordnetenwatch.de/profile/alexander-dobrindt,2024-07-05 VOTE (Bundestag): Voted Nein: Änderung des Schwangerschaftskonfliktgesetzes [reading DRAFT -- not placed] | 2019-02-21 VOTE (Bundestag): Voted Nein: Aufhebung von § 219a StGB [reading DRAFT -- not placed] | 2019-02-21 VOTE (Bundestag): Voted Nein: Aufhebung des Werbeverbots für Schwangerschaftsabbrüche [reading DRAFT -- not placed] | 2019-02-21 VOTE (Bundestag): Voted Ja: Reform des §219a - Informationen zum Schwangerschaftsabbruch [never places: loosened the ban but kept it: neither lobby is cleanly ours] | 2009-05-13 VOTE (Bundestag): Voted Ja: Beratungspflicht bei Spätabtreibungen [reading DRAFT -- not placed],CDU/CSU,225 - Weilheim
"Andreas Lenz (CDU/CSU, 212 - Erding – Ebersberg)",,,,,,,no placement,"on record, side not placed",5,https://www.abgeordnetenwatch.de/profile/andreas-lenz,2026-01-28 ANTRAG: Kassenzulassung des nicht-invasiven Pränataltests - Monitoring der Konsequenzen und Einrichtung eines Gremiums (Drucksache 21/3873) [reading DRAFT -- not placed] | 2024-02-28 ANTRAG: Kassenzulassung des nichtinvasiven Pränataltests - Monitoring der Konsequenzen und Einrichtung eines Gremiums (Drucksache 20/10515) [reading DRAFT -- not placed] | 2019-02-21 VOTE (Bundestag): Voted Nein: Aufhebung von § 219a StGB [reading DRAFT -- not placed] | 2019-02-21 VOTE (Bundestag): Voted Nein: Aufhebung des Werbeverbots für Schwangerschaftsabbrüche [reading DRAFT -- not placed] | 2019-02-21 VOTE (Bundestag): Voted Ja: Reform des §219a - Informationen zum Schwangerschaftsabbruch [never places: loosened the ban but kept it: neither lobby is cleanly ours],CDU/CSU,212 - Erding – Ebersberg
"Anette Kramme (SPD, Landesliste Bayern)",,,,,,,no placement,"on record, side not placed",5,https://www.abgeordnetenwatch.de/profile/anette-kramme,2024-11-14 GESETZENTWURF: Gesetz zur Neuregelung des Schwangerschaftsabbruchs (Drucksache 20/13775) [reading DRAFT -- not placed] | 2019-02-21 VOTE (Bundestag): Voted Nein: Aufhebung von § 219a StGB [reading DRAFT -- not placed] | 2019-02-21 VOTE (Bundestag): Voted Nein: Aufhebung des Werbeverbots für Schwangerschaftsabbrüche [reading DRAFT -- not placed] | 2019-02-21 VOTE (Bundestag): Voted Ja: Reform des §219a - Informationen zum Schwangerschaftsabbruch [never places: loosened the ban but kept it: neither lobby is cleanly ours] | 2009-05-13 VOTE (Bundestag): Voted Nein: Beratungspflicht bei Spätabtreibungen [reading DRAFT -- not placed],SPD,Landesliste Bayern
"Axel Knoerig (CDU/CSU, 33 - Diepholz – Nienburg I)",,,,,,,no placement,"on record, side not placed",5,https://www.abgeordnetenwatch.de/profile/axel-knoerig,2026-01-28 ANTRAG: Kassenzulassung des nicht-invasiven Pränataltests - Monitoring der Konsequenzen und Einrichtung eines Gremiums (Drucksache 21/3873) [reading DRAFT -- not placed] | 2024-07-05 VOTE (Bundestag): Voted Nein: Änderung des Schwangerschaftskonfliktgesetzes [reading DRAFT -- not placed] | 2019-02-21 VOTE (Bundestag): Voted Nein: Aufhebung von § 219a StGB [reading DRAFT -- not placed] | 2019-02-21 VOTE (Bundestag): Voted Nein: Aufhebung des Werbeverbots für Schwangerschaftsabbrüche [reading DRAFT -- not placed] | 2019-02-21 VOTE (Bundestag): Voted Ja: Reform des §219a - Informationen zum Schwangerschaftsabbruch [never places: loosened the ban but kept it: neither lobby is cleanly ours],CDU/CSU,33 - Diepholz – Nienburg I
"Christoph de Vries (CDU/CSU, Landesliste Hamburg)",,,,,,,no placement,"on record, side not placed",5,https://www.abgeordnetenwatch.de/profile/christoph-de-vries,2026-01-28 ANTRAG: Kassenzulassung des nicht-invasiven Pränataltests - Monitoring der Konsequenzen und Einrichtung eines Gremiums (Drucksache 21/3873) [reading DRAFT -- not placed] | 2024-07-05 VOTE (Bundestag): Voted Nein: Änderung des Schwangerschaftskonfliktgesetzes [reading DRAFT -- not placed] | 2019-02-21 VOTE (Bundestag): Voted Nein: Aufhebung von § 219a StGB [reading DRAFT -- not placed] | 2019-02-21 VOTE (Bundestag): Voted Nein: Aufhebung des Werbeverbots für Schwangerschaftsabbrüche [reading DRAFT -- not placed] | 2019-02-21 VOTE (Bundestag): Voted Ja: Reform des §219a - Informationen zum Schwangerschaftsabbruch [never places: loosened the ban but kept it: neither lobby is cleanly ours],CDU/CSU,Landesliste Hamburg
"Christos Pantazis (SPD, 50 - Braunschweig)",,,,,,,no placement,"on record, side not placed",5,https://www.abgeordnetenwatch.de/profile/christos-pantazis,2026-01-28 ANTRAG: Kassenzulassung des nicht-invasiven Pränataltests - Monitoring der Konsequenzen und Einrichtung eines Gremiums (Drucksache 21/3873) [reading DRAFT -- not placed] | 2024-11-14 GESETZENTWURF: Gesetz zur Neuregelung des Schwangerschaftsabbruchs (Drucksache 20/13775) [reading DRAFT -- not placed] | 2024-11-14 ANTRAG: Versorgungslage von ungewollt Schwangeren verbessern (Drucksache 20/13776) [reading DRAFT -- not placed] | 2024-07-05 VOTE (Bundestag): Voted Ja: Änderung des Schwangerschaftskonfliktgesetzes [reading DRAFT -- not placed] | 2024-02-28 ANTRAG: Kassenzulassung des nichtinvasiven Pränataltests - Monitoring der Konsequenzen und Einrichtung eines Gremiums (Drucksache 20/10515) [reading DRAFT -- not placed],SPD,50 - Braunschweig
"Donata Vogtschmidt (Die Linke, Landesliste Thüringen)",,,,,,,no placement,"on record, side not placed",5,https://www.abgeordnetenwatch.de/profile/donata-vogtschmidt,2026-07-17 KLEINE ANFRAGE: Krankenhausschließungen und medizinische Versorgung im ländlichen Raum in Bayern (Drucksache 21/7211) [never places: the title does not show which side the author is on] | 2026-04-10 KLEINE ANFRAGE: Krankenhausschließungen und medizinische Versorgung im ländlichen Raum in Brandenburg (Drucksache 21/5255) [never places: the title does not show which side the author is on] | 2026-03-19 KLEINE ANFRAGE: Dokumentierte sexualisierte Kriegsgewalt im russischen Angriffskrieg gegen die Ukraine (Drucksache 21/4841) [never places: the title does not show which side the author is on] | 2026-02-25 ANTRAG: Reproduktive Gerechtigkeit verwirklichen - Selbstbestimmung gewährleisten (Drucksache 21/4299) [reading DRAFT -- not placed] | 2026-02-19 KLEINE ANFRAGE: Krankenhausschließungen und medizinische Versorgung im ländlichen Raum in Baden-Württemberg (Drucksache 21/4192) [never places: the title does not show which side the author is on],Die Linke,Landesliste Thüringen
"Franziska Kersten (SPD, Landesliste Sachsen-Anhalt)",,,,,,,no placement,"on record, side not placed",5,https://www.abgeordnetenwatch.de/profile/franziska-kersten,2026-01-28 ANTRAG: Kassenzulassung des nicht-invasiven Pränataltests - Monitoring der Konsequenzen und Einrichtung eines Gremiums (Drucksache 21/3873) [reading DRAFT -- not placed] | 2024-11-14 GESETZENTWURF: Gesetz zur Neuregelung des Schwangerschaftsabbruchs (Drucksache 20/13775) [reading DRAFT -- not placed] | 2024-11-14 ANTRAG: Versorgungslage von ungewollt Schwangeren verbessern (Drucksache 20/13776) [reading DRAFT -- not placed] | 2024-07-05 VOTE (Bundestag): Voted Ja: Änderung des Schwangerschaftskonfliktgesetzes [reading DRAFT -- not placed] | 2024-02-28 ANTRAG: Kassenzulassung des nichtinvasiven Pränataltests - Monitoring der Konsequenzen und Einrichtung eines Gremiums (Drucksache 20/10515) [reading DRAFT -- not placed],SPD,Landesliste Sachsen-Anhalt
"Frauke Heiligenstadt (SPD, 52 - Goslar – Northeim – Göttingen II)",,,,,,,no placement,"on record, side not placed",5,https://www.abgeordnetenwatch.de/profile/frauke-heiligenstadt,2026-01-28 ANTRAG: Kassenzulassung des nicht-invasiven Pränataltests - Monitoring der Konsequenzen und Einrichtung eines Gremiums (Drucksache 21/3873) [reading DRAFT -- not placed] | 2024-11-14 GESETZENTWURF: Gesetz zur Neuregelung des Schwangerschaftsabbruchs (Drucksache 20/13775) [reading DRAFT -- not placed] | 2024-11-14 ANTRAG: Versorgungslage von ungewollt Schwangeren verbessern (Drucksache 20/13776) [reading DRAFT -- not placed] | 2024-07-05 VOTE (Bundestag): Voted Ja: Änderung des Schwangerschaftskonfliktgesetzes [reading DRAFT -- not placed] | 2024-02-28 ANTRAG: Kassenzulassung des nichtinvasiven Pränataltests - Monitoring der Konsequenzen und Einrichtung eines Gremiums (Drucksache 20/10515) [reading DRAFT -- not placed],SPD,52 - Goslar – Northeim – Göttingen II
"Gitta Connemann (CDU/CSU, 25 - Unterems)",,,,,,,no placement,"on record, side not placed",5,https://www.abgeordnetenwatch.de/profile/gitta-connemann,2024-07-05 VOTE (Bundestag): Voted Nein: Änderung des Schwangerschaftskonfliktgesetzes [reading DRAFT -- not placed] | 2019-02-21 VOTE (Bundestag): Voted Nein: Aufhebung von § 219a StGB [reading DRAFT -- not placed] | 2019-02-21 VOTE (Bundestag): Voted Nein: Aufhebung des Werbeverbots für Schwangerschaftsabbrüche [reading DRAFT -- not placed] | 2019-02-21 VOTE (Bundestag): Voted Ja: Reform des §219a - Informationen zum Schwangerschaftsabbruch [never places: loosened the ban but kept it: neither lobby is cleanly ours] | 2009-05-13 VOTE (Bundestag): Voted Ja: Beratungspflicht bei Spätabtreibungen [reading DRAFT -- not placed],CDU/CSU,25 - Unterems
"Harald Ebner (BÜNDNIS 90/DIE GRÜNEN, Landesliste Baden-Württemberg)",,,,,,,no placement,"on record, side not placed",5,https://www.abgeordnetenwatch.de/profile/harald-ebner,2024-11-14 GESETZENTWURF: Gesetz zur Neuregelung des Schwangerschaftsabbruchs (Drucksache 20/13775) [reading DRAFT -- not placed] | 2024-11-14 ANTRAG: Versorgungslage von ungewollt Schwangeren verbessern (Drucksache 20/13776) [reading DRAFT -- not placed] | 2019-02-21 VOTE (Bundestag): Voted Ja: Aufhebung von § 219a StGB [reading DRAFT -- not placed] | 2019-02-21 VOTE (Bundestag): Voted Ja: Aufhebung des Werbeverbots für Schwangerschaftsabbrüche [reading DRAFT -- not placed] | 2019-02-21 VOTE (Bundestag): Voted Nein: Reform des §219a - Informationen zum Schwangerschaftsabbruch [never places: loosened the ban but kept it: neither lobby is cleanly ours],BÜNDNIS 90/DIE GRÜNEN,Landesliste Baden-Württemberg
"Janosch Dahmen (BÜNDNIS 90/DIE GRÜNEN, Landesliste Nordrhein-Westfalen)",,,,,,,no placement,"on record, side not placed",5,https://www.abgeordnetenwatch.de/profile/janosch-dahmen,2026-05-20 KLEINE ANFRAGE: Ankündigungen und Umsetzung - Bilanz der gesundheitspolitischen Vorhaben der Bundesministerin für Gesundheit nach einem  (Drucksache 21/6038) [never places: the title does not show which side the author is on] | 2026-01-28 ANTRAG: Versorgung bei Schwangerschaftsabbrüchen sichern (Drucksache 21/3909) [reading DRAFT -- not placed] | 2024-11-14 GESETZENTWURF: Gesetz zur Neuregelung des Schwangerschaftsabbruchs (Drucksache 20/13775) [reading DRAFT -- not placed] | 2024-11-14 ANTRAG: Versorgungslage von ungewollt Schwangeren verbessern (Drucksache 20/13776) [reading DRAFT -- not placed] | 2024-07-05 VOTE (Bundestag): Voted Ja: Änderung des Schwangerschaftskonfliktgesetzes [reading DRAFT -- not placed],BÜNDNIS 90/DIE GRÜNEN,Landesliste Nordrhein-Westfalen
"Jörn König (AfD, Landesliste Niedersachsen)",,,,,,,no placement,"on record, side not placed",5,https://www.abgeordnetenwatch.de/profile/joern-koenig,2024-07-05 VOTE (Bundestag): Voted Nein: Änderung des Schwangerschaftskonfliktgesetzes [reading DRAFT -- not placed] | 2022-04-26 ANTRAG: § 219a StGB erhalten und Schutzauftrag des ungeborenen Lebens im allgemeinen Bewusstsein beleben (Drucksache 20/1505) [reading DRAFT -- not placed] | 2019-02-21 VOTE (Bundestag): Voted Nein: Aufhebung von § 219a StGB [reading DRAFT -- not placed] | 2019-02-21 VOTE (Bundestag): Voted Nein: Aufhebung des Werbeverbots für Schwangerschaftsabbrüche [reading DRAFT -- not placed] | 2019-02-21 VOTE (Bundestag): Voted Nein: Reform des §219a - Informationen zum Schwangerschaftsabbruch [never places: loosened the ban but kept it: neither lobby is cleanly ours],AfD,Landesliste Niedersachsen
"Jürgen Hardt (CDU/CSU, 102 - Solingen – Remscheid – Wuppertal II)",,,,,,,no placement,"on record, side not placed",5,https://www.abgeordnetenwatch.de/profile/juergen-hardt,2024-07-05 VOTE (Bundestag): Voted Nein: Änderung des Schwangerschaftskonfliktgesetzes [reading DRAFT -- not placed] | 2024-02-28 ANTRAG: Kassenzulassung des nichtinvasiven Pränataltests - Monitoring der Konsequenzen und Einrichtung eines Gremiums (Drucksache 20/10515) [reading DRAFT -- not placed] | 2019-02-21 VOTE (Bundestag): Voted Nein: Aufhebung von § 219a StGB [reading DRAFT -- not placed] | 2019-02-21 VOTE (Bundestag): Voted Nein: Aufhebung des Werbeverbots für Schwangerschaftsabbrüche [reading DRAFT -- not placed] | 2019-02-21 VOTE (Bundestag): Voted Ja: Reform des §219a - Informationen zum Schwangerschaftsabbruch [never places: loosened the ban but kept it: neither lobby is cleanly ours],CDU/CSU,102 - Solingen – Remscheid – Wuppertal II
"Karsten Hilse (AfD, 155 - Bautzen I)",,,,,,,no placement,"on record, side not placed",5,https://www.abgeordnetenwatch.de/profile/karsten-hilse,2024-07-05 VOTE (Bundestag): Voted Nein: Änderung des Schwangerschaftskonfliktgesetzes [reading DRAFT -- not placed] | 2022-04-26 ANTRAG: § 219a StGB erhalten und Schutzauftrag des ungeborenen Lebens im allgemeinen Bewusstsein beleben (Drucksache 20/1505) [reading DRAFT -- not placed] | 2019-02-21 VOTE (Bundestag): Voted Nein: Aufhebung von § 219a StGB [reading DRAFT -- not placed] | 2019-02-21 VOTE (Bundestag): Voted Nein: Aufhebung des Werbeverbots für Schwangerschaftsabbrüche [reading DRAFT -- not placed] | 2019-02-21 VOTE (Bundestag): Voted Nein: Reform des §219a - Informationen zum Schwangerschaftsabbruch [never places: loosened the ban but kept it: neither lobby is cleanly ours],AfD,155 - Bautzen I
"Katrin Staffler (CDU/CSU, 214 - Fürstenfeldbruck)",,,,,,,no placement,"on record, side not placed",5,https://www.abgeordnetenwatch.de/profile/katrin-staffler,2024-02-28 ANTRAG: Kassenzulassung des nichtinvasiven Pränataltests - Monitoring der Konsequenzen und Einrichtung eines Gremiums (Drucksache 20/10515) [reading DRAFT -- not placed] | 2023-02-03 SCHRIFTLICHE FRAGE: Einsetzung der Kommission zur reproduktiven Selbstbestimmung und Fortpflanzungsmedizin (Drucksache 20/5490) [never places: the title does not show which side the author is on] | 2019-02-21 VOTE (Bundestag): Voted Nein: Aufhebung von § 219a StGB [reading DRAFT -- not placed] | 2019-02-21 VOTE (Bundestag): Voted Nein: Aufhebung des Werbeverbots für Schwangerschaftsabbrüche [reading DRAFT -- not placed] | 2019-02-21 VOTE (Bundestag): Voted Ja: Reform des §219a - Informationen zum Schwangerschaftsabbruch [never places: loosened the ban but kept it: neither lobby is cleanly ours],CDU/CSU,214 - Fürstenfeldbruck
"Kerstin Vieregge (CDU/CSU, 134 - Lippe I)",,,,,,,no placement,"on record, side not placed",5,https://www.abgeordnetenwatch.de/profile/kerstin-vieregge,2026-01-28 ANTRAG: Kassenzulassung des nicht-invasiven Pränataltests - Monitoring der Konsequenzen und Einrichtung eines Gremiums (Drucksache 21/3873) [reading DRAFT -- not placed] | 2024-02-28 ANTRAG: Kassenzulassung des nichtinvasiven Pränataltests - Monitoring der Konsequenzen und Einrichtung eines Gremiums (Drucksache 20/10515) [reading DRAFT -- not placed] | 2019-02-21 VOTE (Bundestag): Voted Nein: Aufhebung von § 219a StGB [reading DRAFT -- not placed] | 2019-02-21 VOTE (Bundestag): Voted Nein: Aufhebung des Werbeverbots für Schwangerschaftsabbrüche [reading DRAFT -- not placed] | 2019-02-21 VOTE (Bundestag): Voted Ja: Reform des §219a - Informationen zum Schwangerschaftsabbruch [never places: loosened the ban but kept it: neither lobby is cleanly ours],CDU/CSU,134 - Lippe I
"Marc Biadacz (CDU/CSU, 260 - Böblingen)",,,,,,,no placement,"on record, side not placed",5,https://www.abgeordnetenwatch.de/profile/marc-biadacz,2026-01-28 ANTRAG: Kassenzulassung des nicht-invasiven Pränataltests - Monitoring der Konsequenzen und Einrichtung eines Gremiums (Drucksache 21/3873) [reading DRAFT -- not placed] | 2024-07-05 VOTE (Bundestag): Voted Nein: Änderung des Schwangerschaftskonfliktgesetzes [reading DRAFT -- not placed] | 2019-02-21 VOTE (Bundestag): Voted Nein: Aufhebung von § 219a StGB [reading DRAFT -- not placed] | 2019-02-21 VOTE (Bundestag): Voted Nein: Aufhebung des Werbeverbots für Schwangerschaftsabbrüche [reading DRAFT -- not placed] | 2019-02-21 VOTE (Bundestag): Voted Ja: Reform des §219a - Informationen zum Schwangerschaftsabbruch [never places: loosened the ban but kept it: neither lobby is cleanly ours],CDU/CSU,260 - Böblingen
"Martin Plum (CDU/CSU, 110 - Viersen)",,,,,,,no placement,"on record, side not placed",5,https://www.abgeordnetenwatch.de/profile/martin-plum,2026-01-28 ANTRAG: Kassenzulassung des nicht-invasiven Pränataltests - Monitoring der Konsequenzen und Einrichtung eines Gremiums (Drucksache 21/3873) [reading DRAFT -- not placed] | 2024-07-05 VOTE (Bundestag): Voted Nein: Änderung des Schwangerschaftskonfliktgesetzes [reading DRAFT -- not placed] | 2024-02-28 ANTRAG: Kassenzulassung des nichtinvasiven Pränataltests - Monitoring der Konsequenzen und Einrichtung eines Gremiums (Drucksache 20/10515) [reading DRAFT -- not placed] | 2023-03-29 MÜNDLICHE FRAGE: Bedrängungen von Ärzten im Zusammenhang mit Schwangerschaftsabbrüchen (Drucksache 20/93) [reading DRAFT -- not placed] | 2023-03-10 SCHRIFTLICHE FRAGE: Bedrängungen von Ärzten im Zusammenhang mit Schwangerschaftsabbrüchen (Drucksache 20/5942) [reading DRAFT -- not placed],CDU/CSU,110 - Viersen
"Norbert Maria Altenkamp (CDU/CSU, 180 - Main-Taunus)",,,,,,,no placement,"on record, side not placed",5,https://www.abgeordnetenwatch.de/profile/norbert-maria-altenkamp,2026-01-28 ANTRAG: Kassenzulassung des nicht-invasiven Pränataltests - Monitoring der Konsequenzen und Einrichtung eines Gremiums (Drucksache 21/3873) [reading DRAFT -- not placed] | 2024-02-28 ANTRAG: Kassenzulassung des nichtinvasiven Pränataltests - Monitoring der Konsequenzen und Einrichtung eines Gremiums (Drucksache 20/10515) [reading DRAFT -- not placed] | 2019-02-21 VOTE (Bundestag): Voted Nein: Aufhebung von § 219a StGB [reading DRAFT -- not placed] | 2019-02-21 VOTE (Bundestag): Voted Nein: Aufhebung des Werbeverbots für Schwangerschaftsabbrüche [reading DRAFT -- not placed] | 2019-02-21 VOTE (Bundestag): Voted Ja: Reform des §219a - Informationen zum Schwangerschaftsabbruch [never places: loosened the ban but kept it: neither lobby is cleanly ours],CDU/CSU,180 - Main-Taunus
"Norbert Röttgen (CDU/CSU, 97 - Rhein-Sieg-Kreis II)",,,,,,,no placement,"on record, side not placed",5,https://www.abgeordnetenwatch.de/profile/norbert-roettgen,2024-07-05 VOTE (Bundestag): Voted Nein: Änderung des Schwangerschaftskonfliktgesetzes [reading DRAFT -- not placed] | 2019-02-21 VOTE (Bundestag): Voted Nein: Aufhebung von § 219a StGB [reading DRAFT -- not placed] | 2019-02-21 VOTE (Bundestag): Voted Nein: Aufhebung des Werbeverbots für Schwangerschaftsabbrüche [reading DRAFT -- not placed] | 2019-02-21 VOTE (Bundestag): Voted Ja: Reform des §219a - Informationen zum Schwangerschaftsabbruch [never places: loosened the ban but kept it: neither lobby is cleanly ours] | 2009-05-13 VOTE (Bundestag): Voted Ja: Beratungspflicht bei Spätabtreibungen [reading DRAFT -- not placed],CDU/CSU,97 - Rhein-Sieg-Kreis II
"Olav Gutting (CDU/CSU, 278 - Bruchsal – Schwetzingen)",,,,,,,no placement,"on record, side not placed",5,https://www.abgeordnetenwatch.de/profile/olav-gutting,2024-07-05 VOTE (Bundestag): Voted Nein: Änderung des Schwangerschaftskonfliktgesetzes [reading DRAFT -- not placed] | 2019-02-21 VOTE (Bundestag): Voted Nein: Aufhebung von § 219a StGB [reading DRAFT -- not placed] | 2019-02-21 VOTE (Bundestag): Voted Nein: Aufhebung des Werbeverbots für Schwangerschaftsabbrüche [reading DRAFT -- not placed] | 2019-02-21 VOTE (Bundestag): Voted Ja: Reform des §219a - Informationen zum Schwangerschaftsabbruch [never places: loosened the ban but kept it: neither lobby is cleanly ours] | 2009-05-13 VOTE (Bundestag): Voted Ja: Beratungspflicht bei Spätabtreibungen [reading DRAFT -- not placed],CDU/CSU,278 - Bruchsal – Schwetzingen
"Patricia Lips (CDU/CSU, 186 - Odenwald)",,,,,,,no placement,"on record, side not placed",5,https://www.abgeordnetenwatch.de/profile/patricia-lips,2026-01-28 ANTRAG: Kassenzulassung des nicht-invasiven Pränataltests - Monitoring der Konsequenzen und Einrichtung eines Gremiums (Drucksache 21/3873) [reading DRAFT -- not placed] | 2019-02-21 VOTE (Bundestag): Voted Nein: Aufhebung von § 219a StGB [reading DRAFT -- not placed] | 2019-02-21 VOTE (Bundestag): Voted Nein: Aufhebung des Werbeverbots für Schwangerschaftsabbrüche [reading DRAFT -- not placed] | 2019-02-21 VOTE (Bundestag): Voted Ja: Reform des §219a - Informationen zum Schwangerschaftsabbruch [never places: loosened the ban but kept it: neither lobby is cleanly ours] | 2009-05-13 VOTE (Bundestag): Voted Ja: Beratungspflicht bei Spätabtreibungen [reading DRAFT -- not placed],CDU/CSU,186 - Odenwald
"Peter Aumer (CDU/CSU, 232 - Regensburg)",,,,,,,no placement,"on record, side not placed",5,https://www.abgeordnetenwatch.de/profile/peter-aumer,2024-07-05 VOTE (Bundestag): Voted Nein: Änderung des Schwangerschaftskonfliktgesetzes [reading DRAFT -- not placed] | 2024-02-28 ANTRAG: Kassenzulassung des nichtinvasiven Pränataltests - Monitoring der Konsequenzen und Einrichtung eines Gremiums (Drucksache 20/10515) [reading DRAFT -- not placed] | 2019-02-21 VOTE (Bundestag): Voted Nein: Aufhebung von § 219a StGB [reading DRAFT -- not placed] | 2019-02-21 VOTE (Bundestag): Voted Nein: Aufhebung des Werbeverbots für Schwangerschaftsabbrüche [reading DRAFT -- not placed] | 2019-02-21 VOTE (Bundestag): Voted Ja: Reform des §219a - Informationen zum Schwangerschaftsabbruch [never places: loosened the ban but kept it: neither lobby is cleanly ours],CDU/CSU,232 - Regensburg
"Ralph Brinkhaus (CDU/CSU, 130 - Gütersloh I)",,,,,,,no placement,"on record, side not placed",5,https://www.abgeordnetenwatch.de/profile/ralph-brinkhaus,2026-01-28 ANTRAG: Kassenzulassung des nicht-invasiven Pränataltests - Monitoring der Konsequenzen und Einrichtung eines Gremiums (Drucksache 21/3873) [reading DRAFT -- not placed] | 2024-07-05 VOTE (Bundestag): Voted Nein: Änderung des Schwangerschaftskonfliktgesetzes [reading DRAFT -- not placed] | 2019-02-21 VOTE (Bundestag): Voted Nein: Aufhebung von § 219a StGB [reading DRAFT -- not placed] | 2019-02-21 VOTE (Bundestag): Voted Nein: Aufhebung des Werbeverbots für Schwangerschaftsabbrüche [reading DRAFT -- not placed] | 2019-02-21 VOTE (Bundestag): Voted Ja: Reform des §219a - Informationen zum Schwangerschaftsabbruch [never places: loosened the ban but kept it: neither lobby is cleanly ours],CDU/CSU,130 - Gütersloh I
"Sebastian Hartmann (SPD, Landesliste Nordrhein-Westfalen)",,,,,,,no placement,"on record, side not placed",5,https://www.abgeordnetenwatch.de/profile/sebastian-hartmann,2024-11-14 GESETZENTWURF: Gesetz zur Neuregelung des Schwangerschaftsabbruchs (Drucksache 20/13775) [reading DRAFT -- not placed] | 2024-11-14 ANTRAG: Versorgungslage von ungewollt Schwangeren verbessern (Drucksache 20/13776) [reading DRAFT -- not placed] | 2019-02-21 VOTE (Bundestag): Voted Nein: Aufhebung von § 219a StGB [reading DRAFT -- not placed] | 2019-02-21 VOTE (Bundestag): Voted Nein: Aufhebung des Werbeverbots für Schwangerschaftsabbrüche [reading DRAFT -- not placed] | 2019-02-21 VOTE (Bundestag): Voted Ja: Reform des §219a - Informationen zum Schwangerschaftsabbruch [never places: loosened the ban but kept it: neither lobby is cleanly ours],SPD,Landesliste Nordrhein-Westfalen
"Stefan Keuter (AfD, Landesliste Nordrhein-Westfalen)",,,,,,,no placement,"on record, side not placed",5,https://www.abgeordnetenwatch.de/profile/stefan-keuter,2024-07-05 VOTE (Bundestag): Voted Nein: Änderung des Schwangerschaftskonfliktgesetzes [reading DRAFT -- not placed] | 2022-04-26 ANTRAG: § 219a StGB erhalten und Schutzauftrag des ungeborenen Lebens im allgemeinen Bewusstsein beleben (Drucksache 20/1505) [reading DRAFT -- not placed] | 2019-02-21 VOTE (Bundestag): Voted Nein: Aufhebung von § 219a StGB [reading DRAFT -- not placed] | 2019-02-21 VOTE (Bundestag): Voted Nein: Aufhebung des Werbeverbots für Schwangerschaftsabbrüche [reading DRAFT -- not placed] | 2019-02-21 VOTE (Bundestag): Voted Nein: Reform des §219a - Informationen zum Schwangerschaftsabbruch [never places: loosened the ban but kept it: neither lobby is cleanly ours],AfD,Landesliste Nordrhein-Westfalen
"Stefan Zierke (SPD, Landesliste Brandenburg)",,,,,,,no placement,"on record, side not placed",5,https://www.abgeordnetenwatch.de/profile/stefan-zierke,2024-11-14 GESETZENTWURF: Gesetz zur Neuregelung des Schwangerschaftsabbruchs (Drucksache 20/13775) [reading DRAFT -- not placed] | 2024-11-14 ANTRAG: Versorgungslage von ungewollt Schwangeren verbessern (Drucksache 20/13776) [reading DRAFT -- not placed] | 2019-02-21 VOTE (Bundestag): Voted Nein: Aufhebung von § 219a StGB [reading DRAFT -- not placed] | 2019-02-21 VOTE (Bundestag): Voted Nein: Aufhebung des Werbeverbots für Schwangerschaftsabbrüche [reading DRAFT -- not placed] | 2019-02-21 VOTE (Bundestag): Voted Ja: Reform des §219a - Informationen zum Schwangerschaftsabbruch [never places: loosened the ban but kept it: neither lobby is cleanly ours],SPD,Landesliste Brandenburg
"Steffen Bilger (CDU/CSU, 265 - Ludwigsburg)",,,,,,,no placement,"on record, side not placed",5,https://www.abgeordnetenwatch.de/profile/steffen-bilger,2026-01-28 ANTRAG: Kassenzulassung des nicht-invasiven Pränataltests - Monitoring der Konsequenzen und Einrichtung eines Gremiums (Drucksache 21/3873) [reading DRAFT -- not placed] | 2024-07-05 VOTE (Bundestag): Voted Nein: Änderung des Schwangerschaftskonfliktgesetzes [reading DRAFT -- not placed] | 2019-02-21 VOTE (Bundestag): Voted Nein: Aufhebung von § 219a StGB [reading DRAFT -- not placed] | 2019-02-21 VOTE (Bundestag): Voted Nein: Aufhebung des Werbeverbots für Schwangerschaftsabbrüche [reading DRAFT -- not placed] | 2019-02-21 VOTE (Bundestag): Voted Ja: Reform des §219a - Informationen zum Schwangerschaftsabbruch [never places: loosened the ban but kept it: neither lobby is cleanly ours],CDU/CSU,265 - Ludwigsburg
"Steffen Kotré (AfD, 62 - Dahme-Spreewald – Teltow-Fläming III)",,,,,,,no placement,"on record, side not placed",5,https://www.abgeordnetenwatch.de/profile/steffen-kotre,2024-07-05 VOTE (Bundestag): Voted Nein: Änderung des Schwangerschaftskonfliktgesetzes [reading DRAFT -- not placed] | 2022-04-26 ANTRAG: § 219a StGB erhalten und Schutzauftrag des ungeborenen Lebens im allgemeinen Bewusstsein beleben (Drucksache 20/1505) [reading DRAFT -- not placed] | 2019-02-21 VOTE (Bundestag): Voted Nein: Aufhebung von § 219a StGB [reading DRAFT -- not placed] | 2019-02-21 VOTE (Bundestag): Voted Nein: Aufhebung des Werbeverbots für Schwangerschaftsabbrüche [reading DRAFT -- not placed] | 2019-02-21 VOTE (Bundestag): Voted Nein: Reform des §219a - Informationen zum Schwangerschaftsabbruch [never places: loosened the ban but kept it: neither lobby is cleanly ours],AfD,62 - Dahme-Spreewald – Teltow-Fläming III
"Steffi Lemke (BÜNDNIS 90/DIE GRÜNEN, Landesliste Sachsen-Anhalt)",,,,,,,no placement,"on record, side not placed",5,https://www.abgeordnetenwatch.de/profile/steffi-lemke,2024-11-14 GESETZENTWURF: Gesetz zur Neuregelung des Schwangerschaftsabbruchs (Drucksache 20/13775) [reading DRAFT -- not placed] | 2024-11-14 ANTRAG: Versorgungslage von ungewollt Schwangeren verbessern (Drucksache 20/13776) [reading DRAFT -- not placed] | 2019-02-21 VOTE (Bundestag): Voted Ja: Aufhebung von § 219a StGB [reading DRAFT -- not placed] | 2019-02-21 VOTE (Bundestag): Voted Ja: Aufhebung des Werbeverbots für Schwangerschaftsabbrüche [reading DRAFT -- not placed] | 2019-02-21 VOTE (Bundestag): Voted Nein: Reform des §219a - Informationen zum Schwangerschaftsabbruch [never places: loosened the ban but kept it: neither lobby is cleanly ours],BÜNDNIS 90/DIE GRÜNEN,Landesliste Sachsen-Anhalt
"Stella Merendino (Die Linke, Landesliste Berlin)",,,,,,,no placement,"on record, side not placed",5,https://www.abgeordnetenwatch.de/profile/stella-merendino,2026-07-17 KLEINE ANFRAGE: Krankenhausschließungen und medizinische Versorgung im ländlichen Raum in Bayern (Drucksache 21/7211) [never places: the title does not show which side the author is on] | 2026-04-10 KLEINE ANFRAGE: Krankenhausschließungen und medizinische Versorgung im ländlichen Raum in Brandenburg (Drucksache 21/5255) [never places: the title does not show which side the author is on] | 2026-03-19 KLEINE ANFRAGE: Dokumentierte sexualisierte Kriegsgewalt im russischen Angriffskrieg gegen die Ukraine (Drucksache 21/4841) [never places: the title does not show which side the author is on] | 2026-03-11 KLEINE ANFRAGE: Krankenhausschließungen und medizinische Versorgung im ländlichen Raum in Rheinland-Pfalz (Drucksache 21/4642) [never places: the title does not show which side the author is on] | 2026-02-19 KLEINE ANFRAGE: Krankenhausschließungen und medizinische Versorgung im ländlichen Raum in Baden-Württemberg (Drucksache 21/4192) [never places: the title does not show which side the author is on],Die Linke,Landesliste Berlin
"Stephan Stracke (CDU/CSU, 257 - Ostallgäu)",,,,,,,no placement,"on record, side not placed",5,https://www.abgeordnetenwatch.de/profile/stephan-stracke,2026-01-28 ANTRAG: Kassenzulassung des nicht-invasiven Pränataltests - Monitoring der Konsequenzen und Einrichtung eines Gremiums (Drucksache 21/3873) [reading DRAFT -- not placed] | 2024-02-28 ANTRAG: Kassenzulassung des nichtinvasiven Pränataltests - Monitoring der Konsequenzen und Einrichtung eines Gremiums (Drucksache 20/10515) [reading DRAFT -- not placed] | 2019-02-21 VOTE (Bundestag): Voted Nein: Aufhebung von § 219a StGB [reading DRAFT -- not placed] | 2019-02-21 VOTE (Bundestag): Voted Nein: Aufhebung des Werbeverbots für Schwangerschaftsabbrüche [reading DRAFT -- not placed] | 2019-02-21 VOTE (Bundestag): Voted Ja: Reform des §219a - Informationen zum Schwangerschaftsabbruch [never places: loosened the ban but kept it: neither lobby is cleanly ours],CDU/CSU,257 - Ostallgäu
"Tanja Machalet (SPD, Landesliste Rheinland-Pfalz)",,,,,,,no placement,"on record, side not placed",5,https://www.abgeordnetenwatch.de/profile/tanja-machalet,2026-01-28 ANTRAG: Kassenzulassung des nicht-invasiven Pränataltests - Monitoring der Konsequenzen und Einrichtung eines Gremiums (Drucksache 21/3873) [reading DRAFT -- not placed] | 2024-11-14 GESETZENTWURF: Gesetz zur Neuregelung des Schwangerschaftsabbruchs (Drucksache 20/13775) [reading DRAFT -- not placed] | 2024-11-14 ANTRAG: Versorgungslage von ungewollt Schwangeren verbessern (Drucksache 20/13776) [reading DRAFT -- not placed] | 2024-07-05 VOTE (Bundestag): Voted Ja: Änderung des Schwangerschaftskonfliktgesetzes [reading DRAFT -- not placed] | 2024-02-28 ANTRAG: Kassenzulassung des nichtinvasiven Pränataltests - Monitoring der Konsequenzen und Einrichtung eines Gremiums (Drucksache 20/10515) [reading DRAFT -- not placed],SPD,Landesliste Rheinland-Pfalz
"Thomas Rachel (CDU/CSU, 89 - Düren)",,,,,,,no placement,"on record, side not placed",5,https://www.abgeordnetenwatch.de/profile/thomas-rachel,2024-07-05 VOTE (Bundestag): Voted Nein: Änderung des Schwangerschaftskonfliktgesetzes [reading DRAFT -- not placed] | 2019-02-21 VOTE (Bundestag): Voted Nein: Aufhebung von § 219a StGB [reading DRAFT -- not placed] | 2019-02-21 VOTE (Bundestag): Voted Nein: Aufhebung des Werbeverbots für Schwangerschaftsabbrüche [reading DRAFT -- not placed] | 2019-02-21 VOTE (Bundestag): Voted Ja: Reform des §219a - Informationen zum Schwangerschaftsabbruch [never places: loosened the ban but kept it: neither lobby is cleanly ours] | 2009-05-13 VOTE (Bundestag): Voted Ja: Beratungspflicht bei Spätabtreibungen [reading DRAFT -- not placed],CDU/CSU,89 - Düren
"Thomas Silberhorn (CDU/CSU, 235 - Bamberg)",,,,,,,no placement,"on record, side not placed",5,https://www.abgeordnetenwatch.de/profile/thomas-silberhorn,2024-07-05 VOTE (Bundestag): Voted Nein: Änderung des Schwangerschaftskonfliktgesetzes [reading DRAFT -- not placed] | 2019-02-21 VOTE (Bundestag): Voted Nein: Aufhebung von § 219a StGB [reading DRAFT -- not placed] | 2019-02-21 VOTE (Bundestag): Voted Nein: Aufhebung des Werbeverbots für Schwangerschaftsabbrüche [reading DRAFT -- not placed] | 2019-02-21 VOTE (Bundestag): Voted Ja: Reform des §219a - Informationen zum Schwangerschaftsabbruch [never places: loosened the ban but kept it: neither lobby is cleanly ours] | 2009-05-13 VOTE (Bundestag): Voted Ja: Beratungspflicht bei Spätabtreibungen [reading DRAFT -- not placed],CDU/CSU,235 - Bamberg
Zada Salihović (Die Linke),,,,,,,no placement,"on record, side not placed",5,https://www.abgeordnetenwatch.de/profile/zada-salihovic,2026-07-17 KLEINE ANFRAGE: Krankenhausschließungen und medizinische Versorgung im ländlichen Raum in Bayern (Drucksache 21/7211) [never places: the title does not show which side the author is on] | 2026-04-10 KLEINE ANFRAGE: Krankenhausschließungen und medizinische Versorgung im ländlichen Raum in Brandenburg (Drucksache 21/5255) [never places: the title does not show which side the author is on] | 2026-03-19 KLEINE ANFRAGE: Dokumentierte sexualisierte Kriegsgewalt im russischen Angriffskrieg gegen die Ukraine (Drucksache 21/4841) [never places: the title does not show which side the author is on] | 2026-02-19 KLEINE ANFRAGE: Krankenhausschließungen und medizinische Versorgung im ländlichen Raum in Baden-Württemberg (Drucksache 21/4192) [never places: the title does not show which side the author is on] | 2026-01-28 ANTRAG: Kassenzulassung des nicht-invasiven Pränataltests - Monitoring der Konsequenzen und Einrichtung eines Gremiums (Drucksache 21/3873) [reading DRAFT -- not placed],Die Linke,
"Alice Weidel (AfD, Landesliste Baden-Württemberg)",,,,,,,no placement,"on record, side not placed",4,https://www.abgeordnetenwatch.de/profile/alice-weidel,2024-07-05 VOTE (Bundestag): Voted Nein: Änderung des Schwangerschaftskonfliktgesetzes [reading DRAFT -- not placed] | 2019-02-21 VOTE (Bundestag): Voted Nein: Aufhebung von § 219a StGB [reading DRAFT -- not placed] | 2019-02-21 VOTE (Bundestag): Voted Nein: Aufhebung des Werbeverbots für Schwangerschaftsabbrüche [reading DRAFT -- not placed] | 2019-02-21 VOTE (Bundestag): Voted Nein: Reform des §219a - Informationen zum Schwangerschaftsabbruch [never places: loosened the ban but kept it: neither lobby is cleanly ours],AfD,Landesliste Baden-Württemberg
"Alois Rainer (CDU/CSU, 230 - Straubing)",,,,,,,no placement,"on record, side not placed",4,https://www.abgeordnetenwatch.de/profile/alois-rainer,2024-07-05 VOTE (Bundestag): Voted Nein: Änderung des Schwangerschaftskonfliktgesetzes [reading DRAFT -- not placed] | 2019-02-21 VOTE (Bundestag): Voted Nein: Aufhebung von § 219a StGB [reading DRAFT -- not placed] | 2019-02-21 VOTE (Bundestag): Voted Nein: Aufhebung des Werbeverbots für Schwangerschaftsabbrüche [reading DRAFT -- not placed] | 2019-02-21 VOTE (Bundestag): Voted Ja: Reform des §219a - Informationen zum Schwangerschaftsabbruch [never places: loosened the ban but kept it: neither lobby is cleanly ours],CDU/CSU,230 - Straubing
"Andreas Bleck (AfD, Landesliste Rheinland-Pfalz)",,,,,,,no placement,"on record, side not placed",4,https://www.abgeordnetenwatch.de/profile/andreas-bleck,2024-07-05 VOTE (Bundestag): Voted Nein: Änderung des Schwangerschaftskonfliktgesetzes [reading DRAFT -- not placed] | 2019-02-21 VOTE (Bundestag): Voted Nein: Aufhebung von § 219a StGB [reading DRAFT -- not placed] | 2019-02-21 VOTE (Bundestag): Voted Nein: Aufhebung des Werbeverbots für Schwangerschaftsabbrüche [reading DRAFT -- not placed] | 2019-02-21 VOTE (Bundestag): Voted Nein: Reform des §219a - Informationen zum Schwangerschaftsabbruch [never places: loosened the ban but kept it: neither lobby is cleanly ours],AfD,Landesliste Rheinland-Pfalz
"Anja Weisgerber (CDU/CSU, 249 - Schweinfurt)",,,,,,,no placement,"on record, side not placed",4,https://www.abgeordnetenwatch.de/profile/anja-weisgerber,2026-01-28 ANTRAG: Kassenzulassung des nicht-invasiven Pränataltests - Monitoring der Konsequenzen und Einrichtung eines Gremiums (Drucksache 21/3873) [reading DRAFT -- not placed] | 2019-02-21 VOTE (Bundestag): Voted Nein: Aufhebung von § 219a StGB [reading DRAFT -- not placed] | 2019-02-21 VOTE (Bundestag): Voted Nein: Aufhebung des Werbeverbots für Schwangerschaftsabbrüche [reading DRAFT -- not placed] | 2019-02-21 VOTE (Bundestag): Voted Ja: Reform des §219a - Informationen zum Schwangerschaftsabbruch [never places: loosened the ban but kept it: neither lobby is cleanly ours],CDU/CSU,249 - Schweinfurt
"Anna Lührmann (BÜNDNIS 90/DIE GRÜNEN, Landesliste Hessen)",,,,,,,no placement,"on record, side not placed",4,https://www.abgeordnetenwatch.de/profile/anna-luehrmann,2024-11-14 GESETZENTWURF: Gesetz zur Neuregelung des Schwangerschaftsabbruchs (Drucksache 20/13775) [reading DRAFT -- not placed] | 2024-11-14 ANTRAG: Versorgungslage von ungewollt Schwangeren verbessern (Drucksache 20/13776) [reading DRAFT -- not placed] | 2024-07-05 VOTE (Bundestag): Voted Ja: Änderung des Schwangerschaftskonfliktgesetzes [reading DRAFT -- not placed] | 2009-05-13 VOTE (Bundestag): Voted Nein: Beratungspflicht bei Spätabtreibungen [reading DRAFT -- not placed],BÜNDNIS 90/DIE GRÜNEN,Landesliste Hessen
"Artur Auernhammer (CDU/CSU, 240 - Ansbach)",,,,,,,no placement,"on record, side not placed",4,https://www.abgeordnetenwatch.de/profile/artur-auernhammer,2024-07-05 VOTE (Bundestag): Voted Nein: Änderung des Schwangerschaftskonfliktgesetzes [reading DRAFT -- not placed] | 2019-02-21 VOTE (Bundestag): Voted Nein: Aufhebung von § 219a StGB [reading DRAFT -- not placed] | 2019-02-21 VOTE (Bundestag): Voted Nein: Aufhebung des Werbeverbots für Schwangerschaftsabbrüche [reading DRAFT -- not placed] | 2019-02-21 VOTE (Bundestag): Voted Ja: Reform des §219a - Informationen zum Schwangerschaftsabbruch [never places: loosened the ban but kept it: neither lobby is cleanly ours],CDU/CSU,240 - Ansbach
"Aydan Özoğuz (SPD, 22 - Hamburg-Wandsbek)",,,,,,,no placement,"on record, side not placed",4,https://www.abgeordnetenwatch.de/profile/aydan-oezoguz,2026-01-28 ANTRAG: Kassenzulassung des nicht-invasiven Pränataltests - Monitoring der Konsequenzen und Einrichtung eines Gremiums (Drucksache 21/3873) [reading DRAFT -- not placed] | 2024-11-14 GESETZENTWURF: Gesetz zur Neuregelung des Schwangerschaftsabbruchs (Drucksache 20/13775) [reading DRAFT -- not placed] | 2024-11-14 ANTRAG: Versorgungslage von ungewollt Schwangeren verbessern (Drucksache 20/13776) [reading DRAFT -- not placed] | 2024-07-05 VOTE (Bundestag): Voted Ja: Änderung des Schwangerschaftskonfliktgesetzes [reading DRAFT -- not placed],SPD,22 - Hamburg-Wandsbek
"Carolin Wagner (SPD, Landesliste Bayern)",,,,,,,no placement,"on record, side not placed",4,https://www.abgeordnetenwatch.de/profile/carolin-wagner,2024-11-14 GESETZENTWURF: Gesetz zur Neuregelung des Schwangerschaftsabbruchs (Drucksache 20/13775) [reading DRAFT -- not placed] | 2024-11-14 ANTRAG: Versorgungslage von ungewollt Schwangeren verbessern (Drucksache 20/13776) [reading DRAFT -- not placed] | 2024-07-05 VOTE (Bundestag): Voted Ja: Änderung des Schwangerschaftskonfliktgesetzes [reading DRAFT -- not placed] | 2024-02-28 ANTRAG: Kassenzulassung des nichtinvasiven Pränataltests - Monitoring der Konsequenzen und Einrichtung eines Gremiums (Drucksache 20/10515) [reading DRAFT -- not placed],SPD,Landesliste Bayern
"Carsten Linnemann (CDU/CSU, 136 - Paderborn)",,,,,,,no placement,"on record, side not placed",4,https://www.abgeordnetenwatch.de/profile/carsten-linnemann,2024-07-05 VOTE (Bundestag): Voted Nein: Änderung des Schwangerschaftskonfliktgesetzes [reading DRAFT -- not placed] | 2019-02-21 VOTE (Bundestag): Voted Nein: Aufhebung von § 219a StGB [reading DRAFT -- not placed] | 2019-02-21 VOTE (Bundestag): Voted Nein: Aufhebung des Werbeverbots für Schwangerschaftsabbrüche [reading DRAFT -- not placed] | 2019-02-21 VOTE (Bundestag): Voted Ja: Reform des §219a - Informationen zum Schwangerschaftsabbruch [never places: loosened the ban but kept it: neither lobby is cleanly ours],CDU/CSU,136 - Paderborn
"Christian von Stetten (CDU/CSU, 268 - Schwäbisch Hall – Hohenlohe)",,,,,,,no placement,"on record, side not placed",4,https://www.abgeordnetenwatch.de/profile/christian-von-stetten,2019-02-21 VOTE (Bundestag): Voted Nein: Aufhebung von § 219a StGB [reading DRAFT -- not placed] | 2019-02-21 VOTE (Bundestag): Voted Nein: Aufhebung des Werbeverbots für Schwangerschaftsabbrüche [reading DRAFT -- not placed] | 2019-02-21 VOTE (Bundestag): Voted Ja: Reform des §219a - Informationen zum Schwangerschaftsabbruch [never places: loosened the ban but kept it: neither lobby is cleanly ours] | 2009-05-13 VOTE (Bundestag): Voted Ja: Beratungspflicht bei Spätabtreibungen [reading DRAFT -- not placed],CDU/CSU,268 - Schwäbisch Hall – Hohenlohe
"Christoph Ploß (CDU/CSU, 21 - Hamburg-Nord)",,,,,,,no placement,"on record, side not placed",4,https://www.abgeordnetenwatch.de/profile/christoph-ploss,2024-07-05 VOTE (Bundestag): Voted Nein: Änderung des Schwangerschaftskonfliktgesetzes [reading DRAFT -- not placed] | 2019-02-21 VOTE (Bundestag): Voted Nein: Aufhebung von § 219a StGB [reading DRAFT -- not placed] | 2019-02-21 VOTE (Bundestag): Voted Nein: Aufhebung des Werbeverbots für Schwangerschaftsabbrüche [reading DRAFT -- not placed] | 2019-02-21 VOTE (Bundestag): Voted Ja: Reform des §219a - Informationen zum Schwangerschaftsabbruch [never places: loosened the ban but kept it: neither lobby is cleanly ours],CDU/CSU,21 - Hamburg-Nord
"Christoph Schmid (SPD, Landesliste Bayern)",,,,,,,no placement,"on record, side not placed",4,https://www.abgeordnetenwatch.de/profile/christoph-schmid-0,2024-11-14 GESETZENTWURF: Gesetz zur Neuregelung des Schwangerschaftsabbruchs (Drucksache 20/13775) [reading DRAFT -- not placed] | 2024-11-14 ANTRAG: Versorgungslage von ungewollt Schwangeren verbessern (Drucksache 20/13776) [reading DRAFT -- not placed] | 2024-07-05 VOTE (Bundestag): Voted Ja: Änderung des Schwangerschaftskonfliktgesetzes [reading DRAFT -- not placed] | 2024-02-28 ANTRAG: Kassenzulassung des nichtinvasiven Pränataltests - Monitoring der Konsequenzen und Einrichtung eines Gremiums (Drucksache 20/10515) [reading DRAFT -- not placed],SPD,Landesliste Bayern
"Clara Bünger (Die Linke, Landesliste Sachsen)",,,,,,,no placement,"on record, side not placed",4,https://www.abgeordnetenwatch.de/profile/clara-buenger,"2024-11-14 GESETZENTWURF: Gesetz zur Neuregelung des Schwangerschaftsabbruchs (Drucksache 20/13775) [reading DRAFT -- not placed] | 2024-11-14 ANTRAG: Versorgungslage von ungewollt Schwangeren verbessern (Drucksache 20/13776) [reading DRAFT -- not placed] | 2024-09-24 ANTRAG: Körperliche und sexuelle Selbstbestimmung sichern, reproduktive Gerechtigkeit ermöglichen (Drucksache 20/12984) [reading DRAFT -- not placed] | 2024-07-05 VOTE (Bundestag): Voted Ja: Änderung des Schwangerschaftskonfliktgesetzes [reading DRAFT -- not placed]",Die Linke,Landesliste Sachsen
"Daniel Rinkert (SPD, Landesliste Nordrhein-Westfalen)",,,,,,,no placement,"on record, side not placed",4,https://www.abgeordnetenwatch.de/profile/daniel-rinkert,2026-01-28 ANTRAG: Kassenzulassung des nicht-invasiven Pränataltests - Monitoring der Konsequenzen und Einrichtung eines Gremiums (Drucksache 21/3873) [reading DRAFT -- not placed] | 2024-11-14 GESETZENTWURF: Gesetz zur Neuregelung des Schwangerschaftsabbruchs (Drucksache 20/13775) [reading DRAFT -- not placed] | 2024-11-14 ANTRAG: Versorgungslage von ungewollt Schwangeren verbessern (Drucksache 20/13776) [reading DRAFT -- not placed] | 2024-07-05 VOTE (Bundestag): Voted Ja: Änderung des Schwangerschaftskonfliktgesetzes [reading DRAFT -- not placed],SPD,Landesliste Nordrhein-Westfalen
"Dieter Stier (CDU/CSU, Landesliste Sachsen-Anhalt)",,,,,,,no placement,"on record, side not placed",4,https://www.abgeordnetenwatch.de/profile/dieter-stier,2024-07-05 VOTE (Bundestag): Voted Nein: Änderung des Schwangerschaftskonfliktgesetzes [reading DRAFT -- not placed] | 2019-02-21 VOTE (Bundestag): Voted Nein: Aufhebung von § 219a StGB [reading DRAFT -- not placed] | 2019-02-21 VOTE (Bundestag): Voted Nein: Aufhebung des Werbeverbots für Schwangerschaftsabbrüche [reading DRAFT -- not placed] | 2019-02-21 VOTE (Bundestag): Voted Ja: Reform des §219a - Informationen zum Schwangerschaftsabbruch [never places: loosened the ban but kept it: neither lobby is cleanly ours],CDU/CSU,Landesliste Sachsen-Anhalt
"Fabian Jacobi (AfD, Landesliste Nordrhein-Westfalen)",,,,,,,no placement,"on record, side not placed",4,https://www.abgeordnetenwatch.de/profile/fabian-jacobi,2026-07-07 ANTRAG: Pro familia von der Schwangerschaftskonfliktberatung ausschließen - Ungeborenes Leben schützen (Drucksache 21/6927) [reading DRAFT -- not placed] | 2019-02-21 VOTE (Bundestag): Voted Nein: Aufhebung von § 219a StGB [reading DRAFT -- not placed] | 2019-02-21 VOTE (Bundestag): Voted Nein: Aufhebung des Werbeverbots für Schwangerschaftsabbrüche [reading DRAFT -- not placed] | 2019-02-21 VOTE (Bundestag): Voted Nein: Reform des §219a - Informationen zum Schwangerschaftsabbruch [never places: loosened the ban but kept it: neither lobby is cleanly ours],AfD,Landesliste Nordrhein-Westfalen
"Felix Schreiner (CDU/CSU, 288 - Waldshut)",,,,,,,no placement,"on record, side not placed",4,https://www.abgeordnetenwatch.de/profile/felix-schreiner,2024-07-05 VOTE (Bundestag): Voted Nein: Änderung des Schwangerschaftskonfliktgesetzes [reading DRAFT -- not placed] | 2019-02-21 VOTE (Bundestag): Voted Nein: Aufhebung von § 219a StGB [reading DRAFT -- not placed] | 2019-02-21 VOTE (Bundestag): Voted Nein: Aufhebung des Werbeverbots für Schwangerschaftsabbrüche [reading DRAFT -- not placed] | 2019-02-21 VOTE (Bundestag): Voted Ja: Reform des §219a - Informationen zum Schwangerschaftsabbruch [never places: loosened the ban but kept it: neither lobby is cleanly ours],CDU/CSU,288 - Waldshut
"Florian Hahn (CDU/CSU, 220 - München-Land)",,,,,,,no placement,"on record, side not placed",4,https://www.abgeordnetenwatch.de/profile/florian-hahn,2024-02-28 ANTRAG: Kassenzulassung des nichtinvasiven Pränataltests - Monitoring der Konsequenzen und Einrichtung eines Gremiums (Drucksache 20/10515) [reading DRAFT -- not placed] | 2019-02-21 VOTE (Bundestag): Voted Nein: Aufhebung von § 219a StGB [reading DRAFT -- not placed] | 2019-02-21 VOTE (Bundestag): Voted Nein: Aufhebung des Werbeverbots für Schwangerschaftsabbrüche [reading DRAFT -- not placed] | 2019-02-21 VOTE (Bundestag): Voted Ja: Reform des §219a - Informationen zum Schwangerschaftsabbruch [never places: loosened the ban but kept it: neither lobby is cleanly ours],CDU/CSU,220 - München-Land
"Florian Oßner (CDU/CSU, 227 - Landshut)",,,,,,,no placement,"on record, side not placed",4,https://www.abgeordnetenwatch.de/profile/florian-ossner,2024-02-28 ANTRAG: Kassenzulassung des nichtinvasiven Pränataltests - Monitoring der Konsequenzen und Einrichtung eines Gremiums (Drucksache 20/10515) [reading DRAFT -- not placed] | 2019-02-21 VOTE (Bundestag): Voted Nein: Aufhebung von § 219a StGB [reading DRAFT -- not placed] | 2019-02-21 VOTE (Bundestag): Voted Nein: Aufhebung des Werbeverbots für Schwangerschaftsabbrüche [reading DRAFT -- not placed] | 2019-02-21 VOTE (Bundestag): Voted Ja: Reform des §219a - Informationen zum Schwangerschaftsabbruch [never places: loosened the ban but kept it: neither lobby is cleanly ours],CDU/CSU,227 - Landshut
"Fritz Güntzler (CDU/CSU, 53 - Göttingen I)",,,,,,,no placement,"on record, side not placed",4,https://www.abgeordnetenwatch.de/profile/fritz-guentzler,2024-07-05 VOTE (Bundestag): Voted Nein: Änderung des Schwangerschaftskonfliktgesetzes [reading DRAFT -- not placed] | 2019-02-21 VOTE (Bundestag): Voted Nein: Aufhebung von § 219a StGB [reading DRAFT -- not placed] | 2019-02-21 VOTE (Bundestag): Voted Nein: Aufhebung des Werbeverbots für Schwangerschaftsabbrüche [reading DRAFT -- not placed] | 2019-02-21 VOTE (Bundestag): Voted Ja: Reform des §219a - Informationen zum Schwangerschaftsabbruch [never places: loosened the ban but kept it: neither lobby is cleanly ours],CDU/CSU,53 - Göttingen I
"Hansjörg Durz (CDU/CSU, 252 - Augsburg-Land)",,,,,,,no placement,"on record, side not placed",4,https://www.abgeordnetenwatch.de/profile/hansjoerg-durz,2024-07-05 VOTE (Bundestag): Voted Nein: Änderung des Schwangerschaftskonfliktgesetzes [reading DRAFT -- not placed] | 2019-02-21 VOTE (Bundestag): Voted Nein: Aufhebung von § 219a StGB [reading DRAFT -- not placed] | 2019-02-21 VOTE (Bundestag): Voted Nein: Aufhebung des Werbeverbots für Schwangerschaftsabbrüche [reading DRAFT -- not placed] | 2019-02-21 VOTE (Bundestag): Voted Ja: Reform des §219a - Informationen zum Schwangerschaftsabbruch [never places: loosened the ban but kept it: neither lobby is cleanly ours],CDU/CSU,252 - Augsburg-Land
"Heike Heubach (SPD, Landesliste Bayern)",,,,,,,no placement,"on record, side not placed",4,https://www.abgeordnetenwatch.de/profile/heike-heubach,2026-01-28 ANTRAG: Kassenzulassung des nicht-invasiven Pränataltests - Monitoring der Konsequenzen und Einrichtung eines Gremiums (Drucksache 21/3873) [reading DRAFT -- not placed] | 2024-11-14 GESETZENTWURF: Gesetz zur Neuregelung des Schwangerschaftsabbruchs (Drucksache 20/13775) [reading DRAFT -- not placed] | 2024-11-14 ANTRAG: Versorgungslage von ungewollt Schwangeren verbessern (Drucksache 20/13776) [reading DRAFT -- not placed] | 2024-07-05 VOTE (Bundestag): Voted Ja: Änderung des Schwangerschaftskonfliktgesetzes [reading DRAFT -- not placed],SPD,Landesliste Bayern
"Helmut Kleebank (SPD, 77 - Berlin-Spandau – Charlottenburg Nord)",,,,,,,no placement,"on record, side not placed",4,https://www.abgeordnetenwatch.de/profile/helmut-kleebank,2026-01-28 ANTRAG: Kassenzulassung des nicht-invasiven Pränataltests - Monitoring der Konsequenzen und Einrichtung eines Gremiums (Drucksache 21/3873) [reading DRAFT -- not placed] | 2024-11-14 GESETZENTWURF: Gesetz zur Neuregelung des Schwangerschaftsabbruchs (Drucksache 20/13775) [reading DRAFT -- not placed] | 2024-11-14 ANTRAG: Versorgungslage von ungewollt Schwangeren verbessern (Drucksache 20/13776) [reading DRAFT -- not placed] | 2024-07-05 VOTE (Bundestag): Voted Ja: Änderung des Schwangerschaftskonfliktgesetzes [reading DRAFT -- not placed],SPD,77 - Berlin-Spandau – Charlottenburg Nord
"Hermann Färber (CDU/CSU, 263 - Göppingen)",,,,,,,no placement,"on record, side not placed",4,https://www.abgeordnetenwatch.de/profile/hermann-faerber,2024-07-05 VOTE (Bundestag): Voted Nein: Änderung des Schwangerschaftskonfliktgesetzes [reading DRAFT -- not placed] | 2019-02-21 VOTE (Bundestag): Voted Nein: Aufhebung von § 219a StGB [reading DRAFT -- not placed] | 2019-02-21 VOTE (Bundestag): Voted Nein: Aufhebung des Werbeverbots für Schwangerschaftsabbrüche [reading DRAFT -- not placed] | 2019-02-21 VOTE (Bundestag): Voted Ja: Reform des §219a - Informationen zum Schwangerschaftsabbruch [never places: loosened the ban but kept it: neither lobby is cleanly ours],CDU/CSU,263 - Göppingen
Holger Mann (SPD),,,,,,,no placement,"on record, side not placed",4,https://www.abgeordnetenwatch.de/profile/holger-mann,2024-11-14 GESETZENTWURF: Gesetz zur Neuregelung des Schwangerschaftsabbruchs (Drucksache 20/13775) [reading DRAFT -- not placed] | 2024-11-14 ANTRAG: Versorgungslage von ungewollt Schwangeren verbessern (Drucksache 20/13776) [reading DRAFT -- not placed] | 2024-07-05 VOTE (Bundestag): Voted Ja: Änderung des Schwangerschaftskonfliktgesetzes [reading DRAFT -- not placed] | 2024-02-28 ANTRAG: Kassenzulassung des nichtinvasiven Pränataltests - Monitoring der Konsequenzen und Einrichtung eines Gremiums (Drucksache 20/10515) [reading DRAFT -- not placed],SPD,
"Isabel Mackensen-Geis (SPD, Landesliste Rheinland-Pfalz)",,,,,,,no placement,"on record, side not placed",4,https://www.abgeordnetenwatch.de/profile/isabel-mackensen-geis,2026-01-28 ANTRAG: Kassenzulassung des nicht-invasiven Pränataltests - Monitoring der Konsequenzen und Einrichtung eines Gremiums (Drucksache 21/3873) [reading DRAFT -- not placed] | 2024-11-14 GESETZENTWURF: Gesetz zur Neuregelung des Schwangerschaftsabbruchs (Drucksache 20/13775) [reading DRAFT -- not placed] | 2024-11-14 ANTRAG: Versorgungslage von ungewollt Schwangeren verbessern (Drucksache 20/13776) [reading DRAFT -- not placed] | 2024-07-05 VOTE (Bundestag): Voted Ja: Änderung des Schwangerschaftskonfliktgesetzes [reading DRAFT -- not placed],SPD,Landesliste Rheinland-Pfalz
"Jan Dieren (SPD, Landesliste Nordrhein-Westfalen)",,,,,,,no placement,"on record, side not placed",4,https://www.abgeordnetenwatch.de/profile/jan-dieren,2026-01-28 ANTRAG: Kassenzulassung des nicht-invasiven Pränataltests - Monitoring der Konsequenzen und Einrichtung eines Gremiums (Drucksache 21/3873) [reading DRAFT -- not placed] | 2024-11-14 GESETZENTWURF: Gesetz zur Neuregelung des Schwangerschaftsabbruchs (Drucksache 20/13775) [reading DRAFT -- not placed] | 2024-11-14 ANTRAG: Versorgungslage von ungewollt Schwangeren verbessern (Drucksache 20/13776) [reading DRAFT -- not placed] | 2024-07-05 VOTE (Bundestag): Voted Ja: Änderung des Schwangerschaftskonfliktgesetzes [reading DRAFT -- not placed],SPD,Landesliste Nordrhein-Westfalen
"Jan Metzler (CDU/CSU, 205 - Worms)",,,,,,,no placement,"on record, side not placed",4,https://www.abgeordnetenwatch.de/profile/jan-metzler,2024-07-05 VOTE (Bundestag): Voted Nein: Änderung des Schwangerschaftskonfliktgesetzes [reading DRAFT -- not placed] | 2019-02-21 VOTE (Bundestag): Voted Nein: Aufhebung von § 219a StGB [reading DRAFT -- not placed] | 2019-02-21 VOTE (Bundestag): Voted Nein: Aufhebung des Werbeverbots für Schwangerschaftsabbrüche [reading DRAFT -- not placed] | 2019-02-21 VOTE (Bundestag): Voted Ja: Reform des §219a - Informationen zum Schwangerschaftsabbruch [never places: loosened the ban but kept it: neither lobby is cleanly ours],CDU/CSU,205 - Worms
"Janine Wissler (Die Linke, Landesliste Hessen)",,,,,,,no placement,"on record, side not placed",4,https://www.abgeordnetenwatch.de/profile/janine-wissler,"2024-11-14 GESETZENTWURF: Gesetz zur Neuregelung des Schwangerschaftsabbruchs (Drucksache 20/13775) [reading DRAFT -- not placed] | 2024-11-14 ANTRAG: Versorgungslage von ungewollt Schwangeren verbessern (Drucksache 20/13776) [reading DRAFT -- not placed] | 2024-07-05 VOTE (Bundestag): Voted Ja: Änderung des Schwangerschaftskonfliktgesetzes [reading DRAFT -- not placed] | 2022-05-10 ANTRAG: § 219a des Strafgesetzbuches streichen - Selbstbestimmung, Entscheidungsfreiheit und ausreichende Versorgung sicherstell (Drucksache 20/1736) [reading DRAFT -- not placed]",Die Linke,Landesliste Hessen
"Jochen Haug (AfD, Landesliste Nordrhein-Westfalen)",,,,,,,no placement,"on record, side not placed",4,https://www.abgeordnetenwatch.de/profile/jochen-haug,2024-07-05 VOTE (Bundestag): Voted Nein: Änderung des Schwangerschaftskonfliktgesetzes [reading DRAFT -- not placed] | 2019-02-21 VOTE (Bundestag): Voted Nein: Aufhebung von § 219a StGB [reading DRAFT -- not placed] | 2019-02-21 VOTE (Bundestag): Voted Nein: Aufhebung des Werbeverbots für Schwangerschaftsabbrüche [reading DRAFT -- not placed] | 2019-02-21 VOTE (Bundestag): Voted Nein: Reform des §219a - Informationen zum Schwangerschaftsabbruch [never places: loosened the ban but kept it: neither lobby is cleanly ours],AfD,Landesliste Nordrhein-Westfalen
"Josef Oster (CDU/CSU, 198 - Koblenz)",,,,,,,no placement,"on record, side not placed",4,https://www.abgeordnetenwatch.de/profile/josef-oster,2024-07-05 VOTE (Bundestag): Voted Nein: Änderung des Schwangerschaftskonfliktgesetzes [reading DRAFT -- not placed] | 2019-02-21 VOTE (Bundestag): Voted Nein: Aufhebung von § 219a StGB [reading DRAFT -- not placed] | 2019-02-21 VOTE (Bundestag): Voted Nein: Aufhebung des Werbeverbots für Schwangerschaftsabbrüche [reading DRAFT -- not placed] | 2019-02-21 VOTE (Bundestag): Voted Ja: Reform des §219a - Informationen zum Schwangerschaftsabbruch [never places: loosened the ban but kept it: neither lobby is cleanly ours],CDU/CSU,198 - Koblenz
"Kai Whittaker (CDU/CSU, 273 - Rastatt)",,,,,,,no placement,"on record, side not placed",4,https://www.abgeordnetenwatch.de/profile/kai-whittaker,2024-07-05 VOTE (Bundestag): Voted Nein: Änderung des Schwangerschaftskonfliktgesetzes [reading DRAFT -- not placed] | 2019-02-21 VOTE (Bundestag): Voted Nein: Aufhebung von § 219a StGB [reading DRAFT -- not placed] | 2019-02-21 VOTE (Bundestag): Voted Nein: Aufhebung des Werbeverbots für Schwangerschaftsabbrüche [reading DRAFT -- not placed] | 2019-02-21 VOTE (Bundestag): Voted Ja: Reform des §219a - Informationen zum Schwangerschaftsabbruch [never places: loosened the ban but kept it: neither lobby is cleanly ours],CDU/CSU,273 - Rastatt
"Karoline Otte (BÜNDNIS 90/DIE GRÜNEN, Landesliste Niedersachsen)",,,,,,,no placement,"on record, side not placed",4,https://www.abgeordnetenwatch.de/profile/karoline-otte,2024-11-14 GESETZENTWURF: Gesetz zur Neuregelung des Schwangerschaftsabbruchs (Drucksache 20/13775) [reading DRAFT -- not placed] | 2024-11-14 ANTRAG: Versorgungslage von ungewollt Schwangeren verbessern (Drucksache 20/13776) [reading DRAFT -- not placed] | 2024-07-05 VOTE (Bundestag): Voted Ja: Änderung des Schwangerschaftskonfliktgesetzes [reading DRAFT -- not placed] | 2024-02-28 ANTRAG: Kassenzulassung des nichtinvasiven Pränataltests - Monitoring der Konsequenzen und Einrichtung eines Gremiums (Drucksache 20/10515) [reading DRAFT -- not placed],BÜNDNIS 90/DIE GRÜNEN,Landesliste Niedersachsen
"Kathrin Michel (SPD, Landesliste Sachsen)",,,,,,,no placement,"on record, side not placed",4,https://www.abgeordnetenwatch.de/profile/kathrin-michel,2026-01-28 ANTRAG: Kassenzulassung des nicht-invasiven Pränataltests - Monitoring der Konsequenzen und Einrichtung eines Gremiums (Drucksache 21/3873) [reading DRAFT -- not placed] | 2024-11-14 GESETZENTWURF: Gesetz zur Neuregelung des Schwangerschaftsabbruchs (Drucksache 20/13775) [reading DRAFT -- not placed] | 2024-11-14 ANTRAG: Versorgungslage von ungewollt Schwangeren verbessern (Drucksache 20/13776) [reading DRAFT -- not placed] | 2024-07-05 VOTE (Bundestag): Voted Ja: Änderung des Schwangerschaftskonfliktgesetzes [reading DRAFT -- not placed],SPD,Landesliste Sachsen
"Kerstin Radomski (CDU/CSU, 113 - Krefeld II – Wesel II)",,,,,,,no placement,"on record, side not placed",4,https://www.abgeordnetenwatch.de/profile/kerstin-radomski,2024-07-05 VOTE (Bundestag): Voted Nein: Änderung des Schwangerschaftskonfliktgesetzes [reading DRAFT -- not placed] | 2019-02-21 VOTE (Bundestag): Voted Nein: Aufhebung von § 219a StGB [reading DRAFT -- not placed] | 2019-02-21 VOTE (Bundestag): Voted Nein: Aufhebung des Werbeverbots für Schwangerschaftsabbrüche [reading DRAFT -- not placed] | 2019-02-21 VOTE (Bundestag): Voted Ja: Reform des §219a - Informationen zum Schwangerschaftsabbruch [never places: loosened the ban but kept it: neither lobby is cleanly ours],CDU/CSU,113 - Krefeld II – Wesel II
"Leif-Erik Holm (AfD, 12 - Schwerin – Ludwigslust-Parchim I – Nordwestmecklenburg I)",,,,,,,no placement,"on record, side not placed",4,https://www.abgeordnetenwatch.de/profile/leif-erik-holm,2024-07-05 VOTE (Bundestag): Voted Nein: Änderung des Schwangerschaftskonfliktgesetzes [reading DRAFT -- not placed] | 2019-02-21 VOTE (Bundestag): Voted Nein: Aufhebung von § 219a StGB [reading DRAFT -- not placed] | 2019-02-21 VOTE (Bundestag): Voted Nein: Aufhebung des Werbeverbots für Schwangerschaftsabbrüche [reading DRAFT -- not placed] | 2019-02-21 VOTE (Bundestag): Voted Nein: Reform des §219a - Informationen zum Schwangerschaftsabbruch [never places: loosened the ban but kept it: neither lobby is cleanly ours],AfD,12 - Schwerin – Ludwigslust-Parchim I – Nordwestmecklenburg I
"Leon Eckert (BÜNDNIS 90/DIE GRÜNEN, Landesliste Bayern)",,,,,,,no placement,"on record, side not placed",4,https://www.abgeordnetenwatch.de/profile/leon-eckert,2024-11-14 GESETZENTWURF: Gesetz zur Neuregelung des Schwangerschaftsabbruchs (Drucksache 20/13775) [reading DRAFT -- not placed] | 2024-11-14 ANTRAG: Versorgungslage von ungewollt Schwangeren verbessern (Drucksache 20/13776) [reading DRAFT -- not placed] | 2024-07-05 VOTE (Bundestag): Voted Ja: Änderung des Schwangerschaftskonfliktgesetzes [reading DRAFT -- not placed] | 2024-02-28 ANTRAG: Kassenzulassung des nichtinvasiven Pränataltests - Monitoring der Konsequenzen und Einrichtung eines Gremiums (Drucksache 20/10515) [reading DRAFT -- not placed],BÜNDNIS 90/DIE GRÜNEN,Landesliste Bayern
"Lorenz Gösta Beutin (Die Linke, Landesliste Schleswig-Holstein)",,,,,,,no placement,"on record, side not placed",4,https://www.abgeordnetenwatch.de/profile/lorenz-goesta-beutin,2026-02-06 SCHRIFTLICHE FRAGE: Sicherstellung gesundheitlicher Daseinsvorsorge und weltanschaulicher Neutralität bei religiös begründeter Leistungsverw (Drucksache 21/4006) [reading DRAFT -- not placed] | 2019-02-21 VOTE (Bundestag): Voted Ja: Aufhebung von § 219a StGB [reading DRAFT -- not placed] | 2019-02-21 VOTE (Bundestag): Voted Ja: Aufhebung des Werbeverbots für Schwangerschaftsabbrüche [reading DRAFT -- not placed] | 2019-02-21 VOTE (Bundestag): Voted Nein: Reform des §219a - Informationen zum Schwangerschaftsabbruch [never places: loosened the ban but kept it: neither lobby is cleanly ours],Die Linke,Landesliste Schleswig-Holstein
"Mandy Eißing (Die Linke, Landesliste Thüringen)",,,,,,,no placement,"on record, side not placed",4,https://www.abgeordnetenwatch.de/profile/mandy-eissing,2026-07-17 KLEINE ANFRAGE: Krankenhausschließungen und medizinische Versorgung im ländlichen Raum in Bayern (Drucksache 21/7211) [never places: the title does not show which side the author is on] | 2026-04-10 KLEINE ANFRAGE: Krankenhausschließungen und medizinische Versorgung im ländlichen Raum in Brandenburg (Drucksache 21/5255) [never places: the title does not show which side the author is on] | 2026-02-25 ANTRAG: Reproduktive Gerechtigkeit verwirklichen - Selbstbestimmung gewährleisten (Drucksache 21/4299) [reading DRAFT -- not placed] | 2026-02-19 KLEINE ANFRAGE: Krankenhausschließungen und medizinische Versorgung im ländlichen Raum in Baden-Württemberg (Drucksache 21/4192) [never places: the title does not show which side the author is on],Die Linke,Landesliste Thüringen
"Marc Henrichmann (CDU/CSU, 126 - Coesfeld – Steinfurt II)",,,,,,,no placement,"on record, side not placed",4,https://www.abgeordnetenwatch.de/profile/marc-henrichmann,2024-07-05 VOTE (Bundestag): Voted Nein: Änderung des Schwangerschaftskonfliktgesetzes [reading DRAFT -- not placed] | 2019-02-21 VOTE (Bundestag): Voted Nein: Aufhebung von § 219a StGB [reading DRAFT -- not placed] | 2019-02-21 VOTE (Bundestag): Voted Nein: Aufhebung des Werbeverbots für Schwangerschaftsabbrüche [reading DRAFT -- not placed] | 2019-02-21 VOTE (Bundestag): Voted Ja: Reform des §219a - Informationen zum Schwangerschaftsabbruch [never places: loosened the ban but kept it: neither lobby is cleanly ours],CDU/CSU,126 - Coesfeld – Steinfurt II
"Marcus Bühl (AfD, 191 - Gotha – Ilm-Kreis)",,,,,,,no placement,"on record, side not placed",4,https://www.abgeordnetenwatch.de/profile/marcus-buehl,2024-07-05 VOTE (Bundestag): Voted Nein: Änderung des Schwangerschaftskonfliktgesetzes [reading DRAFT -- not placed] | 2019-02-21 VOTE (Bundestag): Voted Nein: Aufhebung von § 219a StGB [reading DRAFT -- not placed] | 2019-02-21 VOTE (Bundestag): Voted Nein: Aufhebung des Werbeverbots für Schwangerschaftsabbrüche [reading DRAFT -- not placed] | 2019-02-21 VOTE (Bundestag): Voted Nein: Reform des §219a - Informationen zum Schwangerschaftsabbruch [never places: loosened the ban but kept it: neither lobby is cleanly ours],AfD,191 - Gotha – Ilm-Kreis
"Mark Helfrich (CDU/CSU, 3 - Steinburg – Dithmarschen Süd)",,,,,,,no placement,"on record, side not placed",4,https://www.abgeordnetenwatch.de/profile/mark-helfrich,2024-07-05 VOTE (Bundestag): Voted Nein: Änderung des Schwangerschaftskonfliktgesetzes [reading DRAFT -- not placed] | 2019-02-21 VOTE (Bundestag): Voted Nein: Aufhebung von § 219a StGB [reading DRAFT -- not placed] | 2019-02-21 VOTE (Bundestag): Voted Nein: Aufhebung des Werbeverbots für Schwangerschaftsabbrüche [reading DRAFT -- not placed] | 2019-02-21 VOTE (Bundestag): Voted Ja: Reform des §219a - Informationen zum Schwangerschaftsabbruch [never places: loosened the ban but kept it: neither lobby is cleanly ours],CDU/CSU,3 - Steinburg – Dithmarschen Süd
"Markus Koob (CDU/CSU, 175 - Hochtaunus)",,,,,,,no placement,"on record, side not placed",4,https://www.abgeordnetenwatch.de/profile/markus-koob,2024-07-05 VOTE (Bundestag): Voted Nein: Änderung des Schwangerschaftskonfliktgesetzes [reading DRAFT -- not placed] | 2019-02-21 VOTE (Bundestag): Voted Nein: Aufhebung von § 219a StGB [reading DRAFT -- not placed] | 2019-02-21 VOTE (Bundestag): Voted Nein: Aufhebung des Werbeverbots für Schwangerschaftsabbrüche [reading DRAFT -- not placed] | 2019-02-21 VOTE (Bundestag): Voted Ja: Reform des §219a - Informationen zum Schwangerschaftsabbruch [never places: loosened the ban but kept it: neither lobby is cleanly ours],CDU/CSU,175 - Hochtaunus
"Markus Töns (SPD, 122 - Gelsenkirchen)",,,,,,,no placement,"on record, side not placed",4,https://www.abgeordnetenwatch.de/profile/markus-toens,2024-07-05 VOTE (Bundestag): Voted Ja: Änderung des Schwangerschaftskonfliktgesetzes [reading DRAFT -- not placed] | 2019-02-21 VOTE (Bundestag): Voted Nein: Aufhebung von § 219a StGB [reading DRAFT -- not placed] | 2019-02-21 VOTE (Bundestag): Voted Nein: Aufhebung des Werbeverbots für Schwangerschaftsabbrüche [reading DRAFT -- not placed] | 2019-02-21 VOTE (Bundestag): Voted Ja: Reform des §219a - Informationen zum Schwangerschaftsabbruch [never places: loosened the ban but kept it: neither lobby is cleanly ours],SPD,122 - Gelsenkirchen
"Martin Erwin Renner (AfD, Landesliste Nordrhein-Westfalen)",,,,,,,no placement,"on record, side not placed",4,https://www.abgeordnetenwatch.de/profile/martin-erwin-renner,2024-07-05 VOTE (Bundestag): Voted Nein: Änderung des Schwangerschaftskonfliktgesetzes [reading DRAFT -- not placed] | 2019-02-21 VOTE (Bundestag): Voted Nein: Aufhebung von § 219a StGB [reading DRAFT -- not placed] | 2019-02-21 VOTE (Bundestag): Voted Nein: Aufhebung des Werbeverbots für Schwangerschaftsabbrüche [reading DRAFT -- not placed] | 2019-02-21 VOTE (Bundestag): Voted Nein: Reform des §219a - Informationen zum Schwangerschaftsabbruch [never places: loosened the ban but kept it: neither lobby is cleanly ours],AfD,Landesliste Nordrhein-Westfalen
"Martin Rabanus (SPD, Landesliste Hessen)",,,,,,,no placement,"on record, side not placed",4,https://www.abgeordnetenwatch.de/profile/martin-rabanus,2024-07-05 VOTE (Bundestag): Voted Ja: Änderung des Schwangerschaftskonfliktgesetzes [reading DRAFT -- not placed] | 2019-02-21 VOTE (Bundestag): Voted Nein: Aufhebung von § 219a StGB [reading DRAFT -- not placed] | 2019-02-21 VOTE (Bundestag): Voted Nein: Aufhebung des Werbeverbots für Schwangerschaftsabbrüche [reading DRAFT -- not placed] | 2019-02-21 VOTE (Bundestag): Voted Ja: Reform des §219a - Informationen zum Schwangerschaftsabbruch [never places: loosened the ban but kept it: neither lobby is cleanly ours],SPD,Landesliste Hessen
"Mathias Middelberg (CDU/CSU, 39 - Stadt Osnabrück)",,,,,,,no placement,"on record, side not placed",4,https://www.abgeordnetenwatch.de/profile/mathias-middelberg,2024-07-05 VOTE (Bundestag): Voted Nein: Änderung des Schwangerschaftskonfliktgesetzes [reading DRAFT -- not placed] | 2019-02-21 VOTE (Bundestag): Voted Nein: Aufhebung von § 219a StGB [reading DRAFT -- not placed] | 2019-02-21 VOTE (Bundestag): Voted Nein: Aufhebung des Werbeverbots für Schwangerschaftsabbrüche [reading DRAFT -- not placed] | 2019-02-21 VOTE (Bundestag): Voted Ja: Reform des §219a - Informationen zum Schwangerschaftsabbruch [never places: loosened the ban but kept it: neither lobby is cleanly ours],CDU/CSU,39 - Stadt Osnabrück
"Mechthilde Wittmann (CDU/CSU, 256 - Oberallgäu)",,,,,,,no placement,"on record, side not placed",4,https://www.abgeordnetenwatch.de/profile/mechthilde-wittmann,2026-01-28 ANTRAG: Kassenzulassung des nicht-invasiven Pränataltests - Monitoring der Konsequenzen und Einrichtung eines Gremiums (Drucksache 21/3873) [reading DRAFT -- not placed] | 2024-07-05 VOTE (Bundestag): Voted Nein: Änderung des Schwangerschaftskonfliktgesetzes [reading DRAFT -- not placed] | 2024-02-28 ANTRAG: Kassenzulassung des nichtinvasiven Pränataltests - Monitoring der Konsequenzen und Einrichtung eines Gremiums (Drucksache 20/10515) [reading DRAFT -- not placed] | 2017-12-07 VOTE (Bayern): Voted Nein: Schwangeren den Zugang zu Informationen zu Schwangerschaftsabbruch ermöglichen [reading DRAFT -- not placed],CDU/CSU,256 - Oberallgäu
"Michael Kellner (BÜNDNIS 90/DIE GRÜNEN, Landesliste Brandenburg)",,,,,,,no placement,"on record, side not placed",4,https://www.abgeordnetenwatch.de/profile/michael-kellner,2026-01-28 ANTRAG: Kassenzulassung des nicht-invasiven Pränataltests - Monitoring der Konsequenzen und Einrichtung eines Gremiums (Drucksache 21/3873) [reading DRAFT -- not placed] | 2024-11-14 GESETZENTWURF: Gesetz zur Neuregelung des Schwangerschaftsabbruchs (Drucksache 20/13775) [reading DRAFT -- not placed] | 2024-11-14 ANTRAG: Versorgungslage von ungewollt Schwangeren verbessern (Drucksache 20/13776) [reading DRAFT -- not placed] | 2024-07-05 VOTE (Bundestag): Voted Ja: Änderung des Schwangerschaftskonfliktgesetzes [reading DRAFT -- not placed],BÜNDNIS 90/DIE GRÜNEN,Landesliste Brandenburg
"Michael Kießling (CDU/CSU, 223 - Starnberg – Landsberg am Lech)",,,,,,,no placement,"on record, side not placed",4,https://www.abgeordnetenwatch.de/profile/michael-kiessling,2024-02-28 ANTRAG: Kassenzulassung des nichtinvasiven Pränataltests - Monitoring der Konsequenzen und Einrichtung eines Gremiums (Drucksache 20/10515) [reading DRAFT -- not placed] | 2019-02-21 VOTE (Bundestag): Voted Nein: Aufhebung von § 219a StGB [reading DRAFT -- not placed] | 2019-02-21 VOTE (Bundestag): Voted Nein: Aufhebung des Werbeverbots für Schwangerschaftsabbrüche [reading DRAFT -- not placed] | 2019-02-21 VOTE (Bundestag): Voted Ja: Reform des §219a - Informationen zum Schwangerschaftsabbruch [never places: loosened the ban but kept it: neither lobby is cleanly ours],CDU/CSU,223 - Starnberg – Landsberg am Lech
"Nadine Heselhaus (SPD, Landesliste Nordrhein-Westfalen)",,,,,,,no placement,"on record, side not placed",4,https://www.abgeordnetenwatch.de/profile/nadine-heselhaus,2026-01-28 ANTRAG: Kassenzulassung des nicht-invasiven Pränataltests - Monitoring der Konsequenzen und Einrichtung eines Gremiums (Drucksache 21/3873) [reading DRAFT -- not placed] | 2024-11-14 GESETZENTWURF: Gesetz zur Neuregelung des Schwangerschaftsabbruchs (Drucksache 20/13775) [reading DRAFT -- not placed] | 2024-11-14 ANTRAG: Versorgungslage von ungewollt Schwangeren verbessern (Drucksache 20/13776) [reading DRAFT -- not placed] | 2024-07-05 VOTE (Bundestag): Voted Ja: Änderung des Schwangerschaftskonfliktgesetzes [reading DRAFT -- not placed],SPD,Landesliste Nordrhein-Westfalen
"Natalie Pawlik (SPD, Landesliste Hessen)",,,,,,,no placement,"on record, side not placed",4,https://www.abgeordnetenwatch.de/profile/natalie-pawlik,2026-01-28 ANTRAG: Kassenzulassung des nicht-invasiven Pränataltests - Monitoring der Konsequenzen und Einrichtung eines Gremiums (Drucksache 21/3873) [reading DRAFT -- not placed] | 2024-11-14 GESETZENTWURF: Gesetz zur Neuregelung des Schwangerschaftsabbruchs (Drucksache 20/13775) [reading DRAFT -- not placed] | 2024-11-14 ANTRAG: Versorgungslage von ungewollt Schwangeren verbessern (Drucksache 20/13776) [reading DRAFT -- not placed] | 2024-07-05 VOTE (Bundestag): Voted Ja: Änderung des Schwangerschaftskonfliktgesetzes [reading DRAFT -- not placed],SPD,Landesliste Hessen
"Ophelia Nick (BÜNDNIS 90/DIE GRÜNEN, Landesliste Nordrhein-Westfalen)",,,,,,,no placement,"on record, side not placed",4,https://www.abgeordnetenwatch.de/profile/ophelia-nick,2024-11-14 GESETZENTWURF: Gesetz zur Neuregelung des Schwangerschaftsabbruchs (Drucksache 20/13775) [reading DRAFT -- not placed] | 2024-11-14 ANTRAG: Versorgungslage von ungewollt Schwangeren verbessern (Drucksache 20/13776) [reading DRAFT -- not placed] | 2024-07-05 VOTE (Bundestag): Voted Ja: Änderung des Schwangerschaftskonfliktgesetzes [reading DRAFT -- not placed] | 2024-02-28 ANTRAG: Kassenzulassung des nichtinvasiven Pränataltests - Monitoring der Konsequenzen und Einrichtung eines Gremiums (Drucksache 20/10515) [reading DRAFT -- not placed],BÜNDNIS 90/DIE GRÜNEN,Landesliste Nordrhein-Westfalen
"Parsa Marvi (SPD, Landesliste Baden-Württemberg)",,,,,,,no placement,"on record, side not placed",4,https://www.abgeordnetenwatch.de/profile/parsa-marvi,2026-01-28 ANTRAG: Kassenzulassung des nicht-invasiven Pränataltests - Monitoring der Konsequenzen und Einrichtung eines Gremiums (Drucksache 21/3873) [reading DRAFT -- not placed] | 2024-11-14 GESETZENTWURF: Gesetz zur Neuregelung des Schwangerschaftsabbruchs (Drucksache 20/13775) [reading DRAFT -- not placed] | 2024-11-14 ANTRAG: Versorgungslage von ungewollt Schwangeren verbessern (Drucksache 20/13776) [reading DRAFT -- not placed] | 2024-07-05 VOTE (Bundestag): Voted Ja: Änderung des Schwangerschaftskonfliktgesetzes [reading DRAFT -- not placed],SPD,Landesliste Baden-Württemberg
Peter Felser (AfD),,,,,,,no placement,"on record, side not placed",4,https://www.abgeordnetenwatch.de/profile/peter-felser,2022-04-26 ANTRAG: § 219a StGB erhalten und Schutzauftrag des ungeborenen Lebens im allgemeinen Bewusstsein beleben (Drucksache 20/1505) [reading DRAFT -- not placed] | 2019-02-21 VOTE (Bundestag): Voted Nein: Aufhebung von § 219a StGB [reading DRAFT -- not placed] | 2019-02-21 VOTE (Bundestag): Voted Nein: Aufhebung des Werbeverbots für Schwangerschaftsabbrüche [reading DRAFT -- not placed] | 2019-02-21 VOTE (Bundestag): Voted Nein: Reform des §219a - Informationen zum Schwangerschaftsabbruch [never places: loosened the ban but kept it: neither lobby is cleanly ours],AfD,
Rainer Kraft (AfD),,,,,,,no placement,"on record, side not placed",4,https://www.abgeordnetenwatch.de/profile/rainer-kraft,2024-07-05 VOTE (Bundestag): Voted Nein: Änderung des Schwangerschaftskonfliktgesetzes [reading DRAFT -- not placed] | 2019-02-21 VOTE (Bundestag): Voted Nein: Aufhebung von § 219a StGB [reading DRAFT -- not placed] | 2019-02-21 VOTE (Bundestag): Voted Nein: Aufhebung des Werbeverbots für Schwangerschaftsabbrüche [reading DRAFT -- not placed] | 2019-02-21 VOTE (Bundestag): Voted Nein: Reform des §219a - Informationen zum Schwangerschaftsabbruch [never places: loosened the ban but kept it: neither lobby is cleanly ours],AfD,
"Reinhard Brandl (CDU/CSU, 215 - Ingolstadt)",,,,,,,no placement,"on record, side not placed",4,https://www.abgeordnetenwatch.de/profile/reinhard-brandl,2024-07-05 VOTE (Bundestag): Voted Nein: Änderung des Schwangerschaftskonfliktgesetzes [reading DRAFT -- not placed] | 2019-02-21 VOTE (Bundestag): Voted Nein: Aufhebung von § 219a StGB [reading DRAFT -- not placed] | 2019-02-21 VOTE (Bundestag): Voted Nein: Aufhebung des Werbeverbots für Schwangerschaftsabbrüche [reading DRAFT -- not placed] | 2019-02-21 VOTE (Bundestag): Voted Ja: Reform des §219a - Informationen zum Schwangerschaftsabbruch [never places: loosened the ban but kept it: neither lobby is cleanly ours],CDU/CSU,215 - Ingolstadt
"René Springer (AfD, 59 - Märkisch-Oderland – Barnim II)",,,,,,,no placement,"on record, side not placed",4,https://www.abgeordnetenwatch.de/profile/rene-springer,2025-06-27 GROSSE ANFRAGE: Förderung sowie Unterstützung von LGBTIQ- und Gender-Projekten sowie Abtreibung im Ausland (Drucksache 21/683) [reading DRAFT -- not placed] | 2019-02-21 VOTE (Bundestag): Voted Nein: Aufhebung von § 219a StGB [reading DRAFT -- not placed] | 2019-02-21 VOTE (Bundestag): Voted Nein: Aufhebung des Werbeverbots für Schwangerschaftsabbrüche [reading DRAFT -- not placed] | 2019-02-21 VOTE (Bundestag): Voted Nein: Reform des §219a - Informationen zum Schwangerschaftsabbruch [never places: loosened the ban but kept it: neither lobby is cleanly ours],AfD,59 - Märkisch-Oderland – Barnim II
"Rüdiger Lucassen (AfD, Landesliste Nordrhein-Westfalen)",,,,,,,no placement,"on record, side not placed",4,https://www.abgeordnetenwatch.de/profile/ruediger-lucassen,2024-07-05 VOTE (Bundestag): Voted Nein: Änderung des Schwangerschaftskonfliktgesetzes [reading DRAFT -- not placed] | 2019-02-21 VOTE (Bundestag): Voted Nein: Aufhebung von § 219a StGB [reading DRAFT -- not placed] | 2019-02-21 VOTE (Bundestag): Voted Nein: Aufhebung des Werbeverbots für Schwangerschaftsabbrüche [reading DRAFT -- not placed] | 2019-02-21 VOTE (Bundestag): Voted Nein: Reform des §219a - Informationen zum Schwangerschaftsabbruch [never places: loosened the ban but kept it: neither lobby is cleanly ours],AfD,Landesliste Nordrhein-Westfalen
"Sabine Dittmar (SPD, Landesliste Bayern)",,,,,,,no placement,"on record, side not placed",4,https://www.abgeordnetenwatch.de/profile/sabine-dittmar,2024-11-14 GESETZENTWURF: Gesetz zur Neuregelung des Schwangerschaftsabbruchs (Drucksache 20/13775) [reading DRAFT -- not placed] | 2024-07-05 VOTE (Bundestag): Voted Ja: Änderung des Schwangerschaftskonfliktgesetzes [reading DRAFT -- not placed] | 2019-02-21 VOTE (Bundestag): Voted Nein: Aufhebung von § 219a StGB [reading DRAFT -- not placed] | 2019-02-21 VOTE (Bundestag): Voted Ja: Reform des §219a - Informationen zum Schwangerschaftsabbruch [never places: loosened the ban but kept it: neither lobby is cleanly ours],SPD,Landesliste Bayern
"Sebastian Münzenmaier (AfD, Landesliste Rheinland-Pfalz)",,,,,,,no placement,"on record, side not placed",4,https://www.abgeordnetenwatch.de/profile/sebastian-muenzenmaier,2024-07-05 VOTE (Bundestag): Voted Nein: Änderung des Schwangerschaftskonfliktgesetzes [reading DRAFT -- not placed] | 2019-02-21 VOTE (Bundestag): Voted Nein: Aufhebung von § 219a StGB [reading DRAFT -- not placed] | 2019-02-21 VOTE (Bundestag): Voted Nein: Aufhebung des Werbeverbots für Schwangerschaftsabbrüche [reading DRAFT -- not placed] | 2019-02-21 VOTE (Bundestag): Voted Nein: Reform des §219a - Informationen zum Schwangerschaftsabbruch [never places: loosened the ban but kept it: neither lobby is cleanly ours],AfD,Landesliste Rheinland-Pfalz
"Sepp Müller (CDU/CSU, Landesliste Sachsen-Anhalt)",,,,,,,no placement,"on record, side not placed",4,https://www.abgeordnetenwatch.de/profile/sepp-mueller,2024-07-05 VOTE (Bundestag): Voted Nein: Änderung des Schwangerschaftskonfliktgesetzes [reading DRAFT -- not placed] | 2019-02-21 VOTE (Bundestag): Voted Nein: Aufhebung von § 219a StGB [reading DRAFT -- not placed] | 2019-02-21 VOTE (Bundestag): Voted Nein: Aufhebung des Werbeverbots für Schwangerschaftsabbrüche [reading DRAFT -- not placed] | 2019-02-21 VOTE (Bundestag): Voted Ja: Reform des §219a - Informationen zum Schwangerschaftsabbruch [never places: loosened the ban but kept it: neither lobby is cleanly ours],CDU/CSU,Landesliste Sachsen-Anhalt
"Stephan Albani (CDU/CSU, Landesliste Niedersachsen)",,,,,,,no placement,"on record, side not placed",4,https://www.abgeordnetenwatch.de/profile/stephan-albani,2024-07-05 VOTE (Bundestag): Voted Nein: Änderung des Schwangerschaftskonfliktgesetzes [reading DRAFT -- not placed] | 2019-02-21 VOTE (Bundestag): Voted Nein: Aufhebung von § 219a StGB [reading DRAFT -- not placed] | 2019-02-21 VOTE (Bundestag): Voted Nein: Aufhebung des Werbeverbots für Schwangerschaftsabbrüche [reading DRAFT -- not placed] | 2019-02-21 VOTE (Bundestag): Voted Ja: Reform des §219a - Informationen zum Schwangerschaftsabbruch [never places: loosened the ban but kept it: neither lobby is cleanly ours],CDU/CSU,Landesliste Niedersachsen
"Swantje Michaelsen (BÜNDNIS 90/DIE GRÜNEN, Landesliste Niedersachsen)",,,,,,,no placement,"on record, side not placed",4,https://www.abgeordnetenwatch.de/profile/swantje-michaelsen,2026-01-28 ANTRAG: Kassenzulassung des nicht-invasiven Pränataltests - Monitoring der Konsequenzen und Einrichtung eines Gremiums (Drucksache 21/3873) [reading DRAFT -- not placed] | 2024-11-14 GESETZENTWURF: Gesetz zur Neuregelung des Schwangerschaftsabbruchs (Drucksache 20/13775) [reading DRAFT -- not placed] | 2024-11-14 ANTRAG: Versorgungslage von ungewollt Schwangeren verbessern (Drucksache 20/13776) [reading DRAFT -- not placed] | 2024-07-05 VOTE (Bundestag): Voted Ja: Änderung des Schwangerschaftskonfliktgesetzes [reading DRAFT -- not placed],BÜNDNIS 90/DIE GRÜNEN,Landesliste Niedersachsen
"Tino Chrupalla (AfD, 156 - Görlitz)",,,,,,,no placement,"on record, side not placed",4,https://www.abgeordnetenwatch.de/profile/tino-chrupalla,2024-07-05 VOTE (Bundestag): Voted Nein: Änderung des Schwangerschaftskonfliktgesetzes [reading DRAFT -- not placed] | 2019-02-21 VOTE (Bundestag): Voted Nein: Aufhebung von § 219a StGB [reading DRAFT -- not placed] | 2019-02-21 VOTE (Bundestag): Voted Nein: Aufhebung des Werbeverbots für Schwangerschaftsabbrüche [reading DRAFT -- not placed] | 2019-02-21 VOTE (Bundestag): Voted Nein: Reform des §219a - Informationen zum Schwangerschaftsabbruch [never places: loosened the ban but kept it: neither lobby is cleanly ours],AfD,156 - Görlitz
"Tino Sorge (CDU/CSU, Landesliste Sachsen-Anhalt)",,,,,,,no placement,"on record, side not placed",4,https://www.abgeordnetenwatch.de/profile/tino-sorge,2024-07-05 VOTE (Bundestag): Voted Nein: Änderung des Schwangerschaftskonfliktgesetzes [reading DRAFT -- not placed] | 2019-02-21 VOTE (Bundestag): Voted Nein: Aufhebung von § 219a StGB [reading DRAFT -- not placed] | 2019-02-21 VOTE (Bundestag): Voted Nein: Aufhebung des Werbeverbots für Schwangerschaftsabbrüche [reading DRAFT -- not placed] | 2019-02-21 VOTE (Bundestag): Voted Ja: Reform des §219a - Informationen zum Schwangerschaftsabbruch [never places: loosened the ban but kept it: neither lobby is cleanly ours],CDU/CSU,Landesliste Sachsen-Anhalt
"Udo Hemmelgarn (AfD, Landesliste Nordrhein-Westfalen)",,,,,,,no placement,"on record, side not placed",4,https://www.abgeordnetenwatch.de/profile/udo-hemmelgarn,"2026-03-03 KLEINE ANFRAGE: Förderung von LGBTIQ-, Gender-Projekten und Abtreibung im Ausland (Drucksache 21/4447) [reading DRAFT -- not placed] | 2019-02-21 VOTE (Bundestag): Voted Nein: Aufhebung von § 219a StGB [reading DRAFT -- not placed] | 2019-02-21 VOTE (Bundestag): Voted Nein: Aufhebung des Werbeverbots für Schwangerschaftsabbrüche [reading DRAFT -- not placed] | 2019-02-21 VOTE (Bundestag): Voted Nein: Reform des §219a - Informationen zum Schwangerschaftsabbruch [never places: loosened the ban but kept it: neither lobby is cleanly ours]",AfD,Landesliste Nordrhein-Westfalen
"Ulrike Schielke-Ziesing (AfD, 17 - Mecklenburgische Seenplatte II – Landkreis Rostock III)",,,,,,,no placement,"on record, side not placed",4,https://www.abgeordnetenwatch.de/profile/ulrike-schielke-ziesing,2024-07-05 VOTE (Bundestag): Voted Nein: Änderung des Schwangerschaftskonfliktgesetzes [reading DRAFT -- not placed] | 2019-02-21 VOTE (Bundestag): Voted Nein: Aufhebung von § 219a StGB [reading DRAFT -- not placed] | 2019-02-21 VOTE (Bundestag): Voted Nein: Aufhebung des Werbeverbots für Schwangerschaftsabbrüche [reading DRAFT -- not placed] | 2019-02-21 VOTE (Bundestag): Voted Nein: Reform des §219a - Informationen zum Schwangerschaftsabbruch [never places: loosened the ban but kept it: neither lobby is cleanly ours],AfD,17 - Mecklenburgische Seenplatte II – Landkreis Rostock III
"Uwe Feiler (CDU/CSU, Landesliste Brandenburg)",,,,,,,no placement,"on record, side not placed",4,https://www.abgeordnetenwatch.de/profile/uwe-feiler,2024-07-05 VOTE (Bundestag): Voted Nein: Änderung des Schwangerschaftskonfliktgesetzes [reading DRAFT -- not placed] | 2019-02-21 VOTE (Bundestag): Voted Nein: Aufhebung von § 219a StGB [reading DRAFT -- not placed] | 2019-02-21 VOTE (Bundestag): Voted Nein: Aufhebung des Werbeverbots für Schwangerschaftsabbrüche [reading DRAFT -- not placed] | 2019-02-21 VOTE (Bundestag): Voted Ja: Reform des §219a - Informationen zum Schwangerschaftsabbruch [never places: loosened the ban but kept it: neither lobby is cleanly ours],CDU/CSU,Landesliste Brandenburg
Wolfgang Wiehle (AfD),,,,,,,no placement,"on record, side not placed",4,https://www.abgeordnetenwatch.de/profile/wolfgang-wiehle,2024-07-05 VOTE (Bundestag): Voted Nein: Änderung des Schwangerschaftskonfliktgesetzes [reading DRAFT -- not placed] | 2019-02-21 VOTE (Bundestag): Voted Nein: Aufhebung von § 219a StGB [reading DRAFT -- not placed] | 2019-02-21 VOTE (Bundestag): Voted Nein: Aufhebung des Werbeverbots für Schwangerschaftsabbrüche [reading DRAFT -- not placed] | 2019-02-21 VOTE (Bundestag): Voted Nein: Reform des §219a - Informationen zum Schwangerschaftsabbruch [never places: loosened the ban but kept it: neither lobby is cleanly ours],AfD,
"Albert Stegemann (CDU/CSU, 31 - Mittelems)",,,,,,,no placement,"on record, side not placed",3,https://www.abgeordnetenwatch.de/profile/albert-stegemann,2019-02-21 VOTE (Bundestag): Voted Nein: Aufhebung von § 219a StGB [reading DRAFT -- not placed] | 2019-02-21 VOTE (Bundestag): Voted Nein: Aufhebung des Werbeverbots für Schwangerschaftsabbrüche [reading DRAFT -- not placed] | 2019-02-21 VOTE (Bundestag): Voted Ja: Reform des §219a - Informationen zum Schwangerschaftsabbruch [never places: loosened the ban but kept it: neither lobby is cleanly ours],CDU/CSU,31 - Mittelems
"Alexander Radwan (CDU/CSU, 222 - Bad Tölz-Wolfratshausen – Miesbach)",,,,,,,no placement,"on record, side not placed",3,https://www.abgeordnetenwatch.de/profile/alexander-radwan,2019-02-21 VOTE (Bundestag): Voted Nein: Aufhebung von § 219a StGB [reading DRAFT -- not placed] | 2019-02-21 VOTE (Bundestag): Voted Nein: Aufhebung des Werbeverbots für Schwangerschaftsabbrüche [reading DRAFT -- not placed] | 2019-02-21 VOTE (Bundestag): Voted Ja: Reform des §219a - Informationen zum Schwangerschaftsabbruch [never places: loosened the ban but kept it: neither lobby is cleanly ours],CDU/CSU,222 - Bad Tölz-Wolfratshausen – Miesbach
"Alexander Throm (CDU/CSU, 267 - Heilbronn)",,,,,,,no placement,"on record, side not placed",3,https://www.abgeordnetenwatch.de/profile/alexander-throm,2019-02-21 VOTE (Bundestag): Voted Nein: Aufhebung von § 219a StGB [reading DRAFT -- not placed] | 2019-02-21 VOTE (Bundestag): Voted Nein: Aufhebung des Werbeverbots für Schwangerschaftsabbrüche [reading DRAFT -- not placed] | 2019-02-21 VOTE (Bundestag): Voted Ja: Reform des §219a - Informationen zum Schwangerschaftsabbruch [never places: loosened the ban but kept it: neither lobby is cleanly ours],CDU/CSU,267 - Heilbronn
"Anja Reinalter (BÜNDNIS 90/DIE GRÜNEN, Landesliste Baden-Württemberg)",,,,,,,no placement,"on record, side not placed",3,https://www.abgeordnetenwatch.de/profile/anja-reinalter,2024-11-14 GESETZENTWURF: Gesetz zur Neuregelung des Schwangerschaftsabbruchs (Drucksache 20/13775) [reading DRAFT -- not placed] | 2024-11-14 ANTRAG: Versorgungslage von ungewollt Schwangeren verbessern (Drucksache 20/13776) [reading DRAFT -- not placed] | 2024-07-05 VOTE (Bundestag): Voted Ja: Änderung des Schwangerschaftskonfliktgesetzes [reading DRAFT -- not placed],BÜNDNIS 90/DIE GRÜNEN,Landesliste Baden-Württemberg
"Anja Troff-Schaffarzyk (SPD, Landesliste Niedersachsen)",,,,,,,no placement,"on record, side not placed",3,https://www.abgeordnetenwatch.de/profile/anja-troff-schaffarzyk,2024-11-14 GESETZENTWURF: Gesetz zur Neuregelung des Schwangerschaftsabbruchs (Drucksache 20/13775) [reading DRAFT -- not placed] | 2024-11-14 ANTRAG: Versorgungslage von ungewollt Schwangeren verbessern (Drucksache 20/13776) [reading DRAFT -- not placed] | 2024-07-05 VOTE (Bundestag): Voted Ja: Änderung des Schwangerschaftskonfliktgesetzes [reading DRAFT -- not placed],SPD,Landesliste Niedersachsen
"Anne-Mieke Bremer (Die Linke, Landesliste Niedersachsen)",,,,,,,no placement,"on record, side not placed",3,https://www.abgeordnetenwatch.de/profile/anne-mieke-bremer,2026-07-17 KLEINE ANFRAGE: Krankenhausschließungen und medizinische Versorgung im ländlichen Raum in Bayern (Drucksache 21/7211) [never places: the title does not show which side the author is on] | 2026-04-10 KLEINE ANFRAGE: Krankenhausschließungen und medizinische Versorgung im ländlichen Raum in Brandenburg (Drucksache 21/5255) [never places: the title does not show which side the author is on] | 2026-02-19 KLEINE ANFRAGE: Krankenhausschließungen und medizinische Versorgung im ländlichen Raum in Baden-Württemberg (Drucksache 21/4192) [never places: the title does not show which side the author is on],Die Linke,Landesliste Niedersachsen
"Armand Zorn (SPD, Landesliste Hessen)",,,,,,,no placement,"on record, side not placed",3,https://www.abgeordnetenwatch.de/profile/armand-zorn,2024-11-14 GESETZENTWURF: Gesetz zur Neuregelung des Schwangerschaftsabbruchs (Drucksache 20/13775) [reading DRAFT -- not placed] | 2024-11-14 ANTRAG: Versorgungslage von ungewollt Schwangeren verbessern (Drucksache 20/13776) [reading DRAFT -- not placed] | 2024-07-05 VOTE (Bundestag): Voted Ja: Änderung des Schwangerschaftskonfliktgesetzes [reading DRAFT -- not placed],SPD,Landesliste Hessen
"Awet Tesfaiesus (BÜNDNIS 90/DIE GRÜNEN, Landesliste Hessen)",,,,,,,no placement,"on record, side not placed",3,https://www.abgeordnetenwatch.de/profile/awet-tesfaiesus,2024-11-14 GESETZENTWURF: Gesetz zur Neuregelung des Schwangerschaftsabbruchs (Drucksache 20/13775) [reading DRAFT -- not placed] | 2024-11-14 ANTRAG: Versorgungslage von ungewollt Schwangeren verbessern (Drucksache 20/13776) [reading DRAFT -- not placed] | 2024-07-05 VOTE (Bundestag): Voted Ja: Änderung des Schwangerschaftskonfliktgesetzes [reading DRAFT -- not placed],BÜNDNIS 90/DIE GRÜNEN,Landesliste Hessen
"Björn Simon (CDU/CSU, 184 - Offenbach)",,,,,,,no placement,"on record, side not placed",3,https://www.abgeordnetenwatch.de/profile/bjoern-simon,2019-02-21 VOTE (Bundestag): Voted Nein: Aufhebung von § 219a StGB [reading DRAFT -- not placed] | 2019-02-21 VOTE (Bundestag): Voted Nein: Aufhebung des Werbeverbots für Schwangerschaftsabbrüche [reading DRAFT -- not placed] | 2019-02-21 VOTE (Bundestag): Voted Ja: Reform des §219a - Informationen zum Schwangerschaftsabbruch [never places: loosened the ban but kept it: neither lobby is cleanly ours],CDU/CSU,184 - Offenbach
"Boris Mijatović (BÜNDNIS 90/DIE GRÜNEN, Landesliste Hessen)",,,,,,,no placement,"on record, side not placed",3,https://www.abgeordnetenwatch.de/profile/boris-mijatovic,2024-11-14 GESETZENTWURF: Gesetz zur Neuregelung des Schwangerschaftsabbruchs (Drucksache 20/13775) [reading DRAFT -- not placed] | 2024-11-14 ANTRAG: Versorgungslage von ungewollt Schwangeren verbessern (Drucksache 20/13776) [reading DRAFT -- not placed] | 2024-07-05 VOTE (Bundestag): Voted Ja: Änderung des Schwangerschaftskonfliktgesetzes [reading DRAFT -- not placed],BÜNDNIS 90/DIE GRÜNEN,Landesliste Hessen
"Bärbel Bas (SPD, 114 - Duisburg I)",,,,,,,no placement,"on record, side not placed",3,https://www.abgeordnetenwatch.de/profile/baerbel-bas,2024-11-14 GESETZENTWURF: Gesetz zur Neuregelung des Schwangerschaftsabbruchs (Drucksache 20/13775) [reading DRAFT -- not placed] | 2024-11-14 ANTRAG: Versorgungslage von ungewollt Schwangeren verbessern (Drucksache 20/13776) [reading DRAFT -- not placed] | 2024-07-05 VOTE (Bundestag): Voted Ja: Änderung des Schwangerschaftskonfliktgesetzes [reading DRAFT -- not placed],SPD,114 - Duisburg I
"Cansın Köktürk (Die Linke, Landesliste Nordrhein-Westfalen)",,,,,,,no placement,"on record, side not placed",3,https://www.abgeordnetenwatch.de/profile/cansin-koektuerk,2026-07-17 KLEINE ANFRAGE: Krankenhausschließungen und medizinische Versorgung im ländlichen Raum in Bayern (Drucksache 21/7211) [never places: the title does not show which side the author is on] | 2026-04-10 KLEINE ANFRAGE: Krankenhausschließungen und medizinische Versorgung im ländlichen Raum in Brandenburg (Drucksache 21/5255) [never places: the title does not show which side the author is on] | 2026-02-19 KLEINE ANFRAGE: Krankenhausschließungen und medizinische Versorgung im ländlichen Raum in Baden-Württemberg (Drucksache 21/4192) [never places: the title does not show which side the author is on],Die Linke,Landesliste Nordrhein-Westfalen
"Carsten Körber (CDU/CSU, Landesliste Sachsen)",,,,,,,no placement,"on record, side not placed",3,https://www.abgeordnetenwatch.de/profile/carsten-koerber,2019-02-21 VOTE (Bundestag): Voted Nein: Aufhebung von § 219a StGB [reading DRAFT -- not placed] | 2019-02-21 VOTE (Bundestag): Voted Nein: Aufhebung des Werbeverbots für Schwangerschaftsabbrüche [reading DRAFT -- not placed] | 2019-02-21 VOTE (Bundestag): Voted Ja: Reform des §219a - Informationen zum Schwangerschaftsabbruch [never places: loosened the ban but kept it: neither lobby is cleanly ours],CDU/CSU,Landesliste Sachsen
"Chantal Kopf (BÜNDNIS 90/DIE GRÜNEN, 281 - Freiburg)",,,,,,,no placement,"on record, side not placed",3,https://www.abgeordnetenwatch.de/profile/chantal-kopf,2024-11-14 GESETZENTWURF: Gesetz zur Neuregelung des Schwangerschaftsabbruchs (Drucksache 20/13775) [reading DRAFT -- not placed] | 2024-11-14 ANTRAG: Versorgungslage von ungewollt Schwangeren verbessern (Drucksache 20/13776) [reading DRAFT -- not placed] | 2024-07-05 VOTE (Bundestag): Voted Ja: Änderung des Schwangerschaftskonfliktgesetzes [reading DRAFT -- not placed],BÜNDNIS 90/DIE GRÜNEN,281 - Freiburg
"David Schliesing (Die Linke, Landesliste Sachsen-Anhalt)",,,,,,,no placement,"on record, side not placed",3,https://www.abgeordnetenwatch.de/profile/david-schliesing,2026-07-17 KLEINE ANFRAGE: Krankenhausschließungen und medizinische Versorgung im ländlichen Raum in Bayern (Drucksache 21/7211) [never places: the title does not show which side the author is on] | 2026-04-10 KLEINE ANFRAGE: Krankenhausschließungen und medizinische Versorgung im ländlichen Raum in Brandenburg (Drucksache 21/5255) [never places: the title does not show which side the author is on] | 2026-02-19 KLEINE ANFRAGE: Krankenhausschließungen und medizinische Versorgung im ländlichen Raum in Baden-Württemberg (Drucksache 21/4192) [never places: the title does not show which side the author is on],Die Linke,Landesliste Sachsen-Anhalt
"Dunja Kreiser (SPD, 49 - Salzgitter – Wolfenbüttel)",,,,,,,no placement,"on record, side not placed",3,https://www.abgeordnetenwatch.de/profile/dunja-kreiser,2024-11-14 GESETZENTWURF: Gesetz zur Neuregelung des Schwangerschaftsabbruchs (Drucksache 20/13775) [reading DRAFT -- not placed] | 2024-07-05 VOTE (Bundestag): Voted Ja: Änderung des Schwangerschaftskonfliktgesetzes [reading DRAFT -- not placed] | 2024-02-28 ANTRAG: Kassenzulassung des nichtinvasiven Pränataltests - Monitoring der Konsequenzen und Einrichtung eines Gremiums (Drucksache 20/10515) [reading DRAFT -- not placed],SPD,49 - Salzgitter – Wolfenbüttel
"Enrico Komning (AfD, 16 - Mecklenburgische Seenplatte I – Vorpommern-Greifswald II)",,,,,,,no placement,"on record, side not placed",3,https://www.abgeordnetenwatch.de/profile/enrico-komning,2019-02-21 VOTE (Bundestag): Voted Nein: Aufhebung von § 219a StGB [reading DRAFT -- not placed] | 2019-02-21 VOTE (Bundestag): Voted Nein: Aufhebung des Werbeverbots für Schwangerschaftsabbrüche [reading DRAFT -- not placed] | 2019-02-21 VOTE (Bundestag): Voted Nein: Reform des §219a - Informationen zum Schwangerschaftsabbruch [never places: loosened the ban but kept it: neither lobby is cleanly ours],AfD,16 - Mecklenburgische Seenplatte I – Vorpommern-Greifswald II
"Evelyn Schötz (Die Linke, Landesliste Bayern)",,,,,,,no placement,"on record, side not placed",3,https://www.abgeordnetenwatch.de/profile/evelyn-schoetz,2026-07-17 KLEINE ANFRAGE: Krankenhausschließungen und medizinische Versorgung im ländlichen Raum in Bayern (Drucksache 21/7211) [never places: the title does not show which side the author is on] | 2026-04-10 KLEINE ANFRAGE: Krankenhausschließungen und medizinische Versorgung im ländlichen Raum in Brandenburg (Drucksache 21/5255) [never places: the title does not show which side the author is on] | 2026-02-19 KLEINE ANFRAGE: Krankenhausschließungen und medizinische Versorgung im ländlichen Raum in Baden-Württemberg (Drucksache 21/4192) [never places: the title does not show which side the author is on],Die Linke,Landesliste Bayern
"Falko Droßmann (SPD, 18 - Hamburg-Mitte)",,,,,,,no placement,"on record, side not placed",3,https://www.abgeordnetenwatch.de/profile/falko-drossmann,2024-11-14 GESETZENTWURF: Gesetz zur Neuregelung des Schwangerschaftsabbruchs (Drucksache 20/13775) [reading DRAFT -- not placed] | 2024-11-14 ANTRAG: Versorgungslage von ungewollt Schwangeren verbessern (Drucksache 20/13776) [reading DRAFT -- not placed] | 2024-07-05 VOTE (Bundestag): Voted Ja: Änderung des Schwangerschaftskonfliktgesetzes [reading DRAFT -- not placed],SPD,18 - Hamburg-Mitte
"Felix Banaszak (BÜNDNIS 90/DIE GRÜNEN, Landesliste Nordrhein-Westfalen)",,,,,,,no placement,"on record, side not placed",3,https://www.abgeordnetenwatch.de/profile/felix-banaszak,2024-11-14 GESETZENTWURF: Gesetz zur Neuregelung des Schwangerschaftsabbruchs (Drucksache 20/13775) [reading DRAFT -- not placed] | 2024-11-14 ANTRAG: Versorgungslage von ungewollt Schwangeren verbessern (Drucksache 20/13776) [reading DRAFT -- not placed] | 2024-07-05 VOTE (Bundestag): Voted Ja: Änderung des Schwangerschaftskonfliktgesetzes [reading DRAFT -- not placed],BÜNDNIS 90/DIE GRÜNEN,Landesliste Nordrhein-Westfalen
"Gottfried Curio (AfD, 84 - Berlin-Marzahn-Hellersdorf)",,,,,,,no placement,"on record, side not placed",3,https://www.abgeordnetenwatch.de/profile/gottfried-curio,2019-02-21 VOTE (Bundestag): Voted Nein: Aufhebung von § 219a StGB [reading DRAFT -- not placed] | 2019-02-21 VOTE (Bundestag): Voted Nein: Aufhebung des Werbeverbots für Schwangerschaftsabbrüche [reading DRAFT -- not placed] | 2019-02-21 VOTE (Bundestag): Voted Nein: Reform des §219a - Informationen zum Schwangerschaftsabbruch [never places: loosened the ban but kept it: neither lobby is cleanly ours],AfD,84 - Berlin-Marzahn-Hellersdorf
"Gunther Krichbaum (CDU/CSU, 279 - Pforzheim)",,,,,,,no placement,"on record, side not placed",3,https://www.abgeordnetenwatch.de/profile/gunther-krichbaum,2019-02-21 VOTE (Bundestag): Voted Nein: Aufhebung von § 219a StGB [reading DRAFT -- not placed] | 2019-02-21 VOTE (Bundestag): Voted Nein: Aufhebung des Werbeverbots für Schwangerschaftsabbrüche [reading DRAFT -- not placed] | 2019-02-21 VOTE (Bundestag): Voted Ja: Reform des §219a - Informationen zum Schwangerschaftsabbruch [never places: loosened the ban but kept it: neither lobby is cleanly ours],CDU/CSU,279 - Pforzheim
"Hakan Demir (SPD, Landesliste Berlin)",,,,,,,no placement,"on record, side not placed",3,https://www.abgeordnetenwatch.de/profile/hakan-demir,2024-11-14 GESETZENTWURF: Gesetz zur Neuregelung des Schwangerschaftsabbruchs (Drucksache 20/13775) [reading DRAFT -- not placed] | 2024-11-14 ANTRAG: Versorgungslage von ungewollt Schwangeren verbessern (Drucksache 20/13776) [reading DRAFT -- not placed] | 2024-07-05 VOTE (Bundestag): Voted Ja: Änderung des Schwangerschaftskonfliktgesetzes [reading DRAFT -- not placed],SPD,Landesliste Berlin
"Isabel Cademartori (SPD, Landesliste Baden-Württemberg)",,,,,,,no placement,"on record, side not placed",3,https://www.abgeordnetenwatch.de/profile/isabel-cademartori,2024-11-14 GESETZENTWURF: Gesetz zur Neuregelung des Schwangerschaftsabbruchs (Drucksache 20/13775) [reading DRAFT -- not placed] | 2024-11-14 ANTRAG: Versorgungslage von ungewollt Schwangeren verbessern (Drucksache 20/13776) [reading DRAFT -- not placed] | 2024-07-05 VOTE (Bundestag): Voted Ja: Änderung des Schwangerschaftskonfliktgesetzes [reading DRAFT -- not placed],SPD,Landesliste Baden-Württemberg
"Jakob Blankenburg (SPD, 37 - Lüchow-Dannenberg – Lüneburg)",,,,,,,no placement,"on record, side not placed",3,https://www.abgeordnetenwatch.de/profile/jakob-blankenburg,2024-11-14 GESETZENTWURF: Gesetz zur Neuregelung des Schwangerschaftsabbruchs (Drucksache 20/13775) [reading DRAFT -- not placed] | 2024-11-14 ANTRAG: Versorgungslage von ungewollt Schwangeren verbessern (Drucksache 20/13776) [reading DRAFT -- not placed] | 2024-07-05 VOTE (Bundestag): Voted Ja: Änderung des Schwangerschaftskonfliktgesetzes [reading DRAFT -- not placed],SPD,37 - Lüchow-Dannenberg – Lüneburg
"Jamila Anna Schäfer (BÜNDNIS 90/DIE GRÜNEN, Landesliste Bayern)",,,,,,,no placement,"on record, side not placed",3,https://www.abgeordnetenwatch.de/profile/jamila-anna-schaefer,2024-11-14 GESETZENTWURF: Gesetz zur Neuregelung des Schwangerschaftsabbruchs (Drucksache 20/13775) [reading DRAFT -- not placed] | 2024-11-14 ANTRAG: Versorgungslage von ungewollt Schwangeren verbessern (Drucksache 20/13776) [reading DRAFT -- not placed] | 2024-07-05 VOTE (Bundestag): Voted Ja: Änderung des Schwangerschaftskonfliktgesetzes [reading DRAFT -- not placed],BÜNDNIS 90/DIE GRÜNEN,Landesliste Bayern
"Jan Ralf Nolte (AfD, Landesliste Hessen)",,,,,,,no placement,"on record, side not placed",3,https://www.abgeordnetenwatch.de/profile/jan-ralf-nolte,2019-02-21 VOTE (Bundestag): Voted Nein: Aufhebung von § 219a StGB [reading DRAFT -- not placed] | 2019-02-21 VOTE (Bundestag): Voted Nein: Aufhebung des Werbeverbots für Schwangerschaftsabbrüche [reading DRAFT -- not placed] | 2019-02-21 VOTE (Bundestag): Voted Nein: Reform des §219a - Informationen zum Schwangerschaftsabbruch [never places: loosened the ban but kept it: neither lobby is cleanly ours],AfD,Landesliste Hessen
"Jan Wenzel Schmidt (fraktionslos, 67 - Börde – Salzlandkreis)",,,,,,,no placement,"on record, side not placed",3,https://www.abgeordnetenwatch.de/profile/jan-wenzel-schmidt,"2026-03-03 KLEINE ANFRAGE: Förderung von LGBTIQ-, Gender-Projekten und Abtreibung im Ausland (Drucksache 21/4447) [reading DRAFT -- not placed] | 2024-07-05 VOTE (Bundestag): Voted Nein: Änderung des Schwangerschaftskonfliktgesetzes [reading DRAFT -- not placed] | 2022-04-26 ANTRAG: § 219a StGB erhalten und Schutzauftrag des ungeborenen Lebens im allgemeinen Bewusstsein beleben (Drucksache 20/1505) [reading DRAFT -- not placed]",fraktionslos,67 - Börde – Salzlandkreis
"Jan-Marco Luczak (CDU/CSU, Landesliste Berlin)",,,,,,,no placement,"on record, side not placed",3,https://www.abgeordnetenwatch.de/profile/jan-marco-luczak,2019-02-21 VOTE (Bundestag): Voted Nein: Aufhebung von § 219a StGB [reading DRAFT -- not placed] | 2019-02-21 VOTE (Bundestag): Voted Nein: Aufhebung des Werbeverbots für Schwangerschaftsabbrüche [reading DRAFT -- not placed] | 2019-02-21 VOTE (Bundestag): Voted Ja: Reform des §219a - Informationen zum Schwangerschaftsabbruch [never places: loosened the ban but kept it: neither lobby is cleanly ours],CDU/CSU,Landesliste Berlin
"Jan-Niclas Gesenhues (BÜNDNIS 90/DIE GRÜNEN, Landesliste Nordrhein-Westfalen)",,,,,,,no placement,"on record, side not placed",3,https://www.abgeordnetenwatch.de/profile/jan-niclas-gesenhues,2024-11-14 GESETZENTWURF: Gesetz zur Neuregelung des Schwangerschaftsabbruchs (Drucksache 20/13775) [reading DRAFT -- not placed] | 2024-11-14 ANTRAG: Versorgungslage von ungewollt Schwangeren verbessern (Drucksache 20/13776) [reading DRAFT -- not placed] | 2024-07-05 VOTE (Bundestag): Voted Ja: Änderung des Schwangerschaftskonfliktgesetzes [reading DRAFT -- not placed],BÜNDNIS 90/DIE GRÜNEN,Landesliste Nordrhein-Westfalen
"Jens Peick (SPD, 141 - Dortmund I)",,,,,,,no placement,"on record, side not placed",3,https://www.abgeordnetenwatch.de/profile/jens-peick,2024-11-14 GESETZENTWURF: Gesetz zur Neuregelung des Schwangerschaftsabbruchs (Drucksache 20/13775) [reading DRAFT -- not placed] | 2024-11-14 ANTRAG: Versorgungslage von ungewollt Schwangeren verbessern (Drucksache 20/13776) [reading DRAFT -- not placed] | 2024-07-05 VOTE (Bundestag): Voted Ja: Änderung des Schwangerschaftskonfliktgesetzes [reading DRAFT -- not placed],SPD,141 - Dortmund I
"Johann Martel (AfD, Landesliste Baden-Württemberg)",,,,,,,no placement,"on record, side not placed",3,https://www.abgeordnetenwatch.de/profile/johann-martel,"2026-08-26 KLEINE ANFRAGE: Die vertrauliche Geburt und Formen anonymer Kindesabgabe (Drucksache 21/7740) [reading DRAFT -- not placed] | 2026-07-07 ANTRAG: Pro familia von der Schwangerschaftskonfliktberatung ausschließen - Ungeborenes Leben schützen (Drucksache 21/6927) [reading DRAFT -- not placed] | 2026-06-25 KLEINE ANFRAGE: Förderung des ""Equality Fund"" durch die Bundesregierung (Drucksache 21/6718) [reading DRAFT -- not placed]",AfD,Landesliste Baden-Württemberg
"Johann Wadephul (CDU/CSU, 4 - Rendsburg-Eckernförde)",,,,,,,no placement,"on record, side not placed",3,https://www.abgeordnetenwatch.de/profile/johann-wadephul,2019-02-21 VOTE (Bundestag): Voted Nein: Aufhebung von § 219a StGB [reading DRAFT -- not placed] | 2019-02-21 VOTE (Bundestag): Voted Nein: Aufhebung des Werbeverbots für Schwangerschaftsabbrüche [reading DRAFT -- not placed] | 2019-02-21 VOTE (Bundestag): Voted Ja: Reform des §219a - Informationen zum Schwangerschaftsabbruch [never places: loosened the ban but kept it: neither lobby is cleanly ours],CDU/CSU,4 - Rendsburg-Eckernförde
"Johannes Schätzl (SPD, Landesliste Bayern)",,,,,,,no placement,"on record, side not placed",3,https://www.abgeordnetenwatch.de/profile/johannes-schaetzl,2024-11-14 GESETZENTWURF: Gesetz zur Neuregelung des Schwangerschaftsabbruchs (Drucksache 20/13775) [reading DRAFT -- not placed] | 2024-11-14 ANTRAG: Versorgungslage von ungewollt Schwangeren verbessern (Drucksache 20/13776) [reading DRAFT -- not placed] | 2024-07-05 VOTE (Bundestag): Voted Ja: Änderung des Schwangerschaftskonfliktgesetzes [reading DRAFT -- not placed],SPD,Landesliste Bayern
"Johannes Steiniger (CDU/CSU, 207 - Neustadt – Speyer)",,,,,,,no placement,"on record, side not placed",3,https://www.abgeordnetenwatch.de/profile/johannes-steiniger,2019-02-21 VOTE (Bundestag): Voted Nein: Aufhebung von § 219a StGB [reading DRAFT -- not placed] | 2019-02-21 VOTE (Bundestag): Voted Nein: Aufhebung des Werbeverbots für Schwangerschaftsabbrüche [reading DRAFT -- not placed] | 2019-02-21 VOTE (Bundestag): Voted Ja: Reform des §219a - Informationen zum Schwangerschaftsabbruch [never places: loosened the ban but kept it: neither lobby is cleanly ours],CDU/CSU,207 - Neustadt – Speyer
"Jonas Geissler (CDU/CSU, 237 - Coburg)",,,,,,,no placement,"on record, side not placed",3,https://www.abgeordnetenwatch.de/profile/jonas-geissler,2026-01-28 ANTRAG: Kassenzulassung des nicht-invasiven Pränataltests - Monitoring der Konsequenzen und Einrichtung eines Gremiums (Drucksache 21/3873) [reading DRAFT -- not placed] | 2024-07-05 VOTE (Bundestag): Voted Nein: Änderung des Schwangerschaftskonfliktgesetzes [reading DRAFT -- not placed] | 2024-02-28 ANTRAG: Kassenzulassung des nichtinvasiven Pränataltests - Monitoring der Konsequenzen und Einrichtung eines Gremiums (Drucksache 20/10515) [reading DRAFT -- not placed],CDU/CSU,237 - Coburg
Jorrit Bosch (Die Linke),,,,,,,no placement,"on record, side not placed",3,https://www.abgeordnetenwatch.de/profile/jorrit-bosch,2026-07-17 KLEINE ANFRAGE: Krankenhausschließungen und medizinische Versorgung im ländlichen Raum in Bayern (Drucksache 21/7211) [never places: the title does not show which side the author is on] | 2026-04-10 KLEINE ANFRAGE: Krankenhausschließungen und medizinische Versorgung im ländlichen Raum in Brandenburg (Drucksache 21/5255) [never places: the title does not show which side the author is on] | 2026-02-19 KLEINE ANFRAGE: Krankenhausschließungen und medizinische Versorgung im ländlichen Raum in Baden-Württemberg (Drucksache 21/4192) [never places: the title does not show which side the author is on],Die Linke,
"Jürgen Coße (SPD, Landesliste Nordrhein-Westfalen)",,,,,,,no placement,"on record, side not placed",3,https://www.abgeordnetenwatch.de/profile/juergen-cosse,2024-11-14 GESETZENTWURF: Gesetz zur Neuregelung des Schwangerschaftsabbruchs (Drucksache 20/13775) [reading DRAFT -- not placed] | 2024-11-14 ANTRAG: Versorgungslage von ungewollt Schwangeren verbessern (Drucksache 20/13776) [reading DRAFT -- not placed] | 2024-07-05 VOTE (Bundestag): Voted Ja: Änderung des Schwangerschaftskonfliktgesetzes [reading DRAFT -- not placed],SPD,Landesliste Nordrhein-Westfalen
"Karl Bär (BÜNDNIS 90/DIE GRÜNEN, Landesliste Bayern)",,,,,,,no placement,"on record, side not placed",3,https://www.abgeordnetenwatch.de/profile/karl-baer,2024-11-14 GESETZENTWURF: Gesetz zur Neuregelung des Schwangerschaftsabbruchs (Drucksache 20/13775) [reading DRAFT -- not placed] | 2024-11-14 ANTRAG: Versorgungslage von ungewollt Schwangeren verbessern (Drucksache 20/13776) [reading DRAFT -- not placed] | 2024-07-05 VOTE (Bundestag): Voted Ja: Änderung des Schwangerschaftskonfliktgesetzes [reading DRAFT -- not placed],BÜNDNIS 90/DIE GRÜNEN,Landesliste Bayern
"Kassem Taher Saleh (BÜNDNIS 90/DIE GRÜNEN, Landesliste Sachsen)",,,,,,,no placement,"on record, side not placed",3,https://www.abgeordnetenwatch.de/profile/kassem-taher-saleh,2024-11-14 GESETZENTWURF: Gesetz zur Neuregelung des Schwangerschaftsabbruchs (Drucksache 20/13775) [reading DRAFT -- not placed] | 2024-11-14 ANTRAG: Versorgungslage von ungewollt Schwangeren verbessern (Drucksache 20/13776) [reading DRAFT -- not placed] | 2024-07-05 VOTE (Bundestag): Voted Ja: Änderung des Schwangerschaftskonfliktgesetzes [reading DRAFT -- not placed],BÜNDNIS 90/DIE GRÜNEN,Landesliste Sachsen
"Katharina Beck (BÜNDNIS 90/DIE GRÜNEN, Landesliste Hamburg)",,,,,,,no placement,"on record, side not placed",3,https://www.abgeordnetenwatch.de/profile/katharina-beck,2024-11-14 GESETZENTWURF: Gesetz zur Neuregelung des Schwangerschaftsabbruchs (Drucksache 20/13775) [reading DRAFT -- not placed] | 2024-11-14 ANTRAG: Versorgungslage von ungewollt Schwangeren verbessern (Drucksache 20/13776) [reading DRAFT -- not placed] | 2024-07-05 VOTE (Bundestag): Voted Ja: Änderung des Schwangerschaftskonfliktgesetzes [reading DRAFT -- not placed],BÜNDNIS 90/DIE GRÜNEN,Landesliste Hamburg
"Katrin Uhlig (BÜNDNIS 90/DIE GRÜNEN, Landesliste Nordrhein-Westfalen)",,,,,,,no placement,"on record, side not placed",3,https://www.abgeordnetenwatch.de/profile/katrin-uhlig,2024-11-14 GESETZENTWURF: Gesetz zur Neuregelung des Schwangerschaftsabbruchs (Drucksache 20/13775) [reading DRAFT -- not placed] | 2024-11-14 ANTRAG: Versorgungslage von ungewollt Schwangeren verbessern (Drucksache 20/13776) [reading DRAFT -- not placed] | 2024-07-05 VOTE (Bundestag): Voted Ja: Änderung des Schwangerschaftskonfliktgesetzes [reading DRAFT -- not placed],BÜNDNIS 90/DIE GRÜNEN,Landesliste Nordrhein-Westfalen
Katrin Zschau (SPD),,,,,,,no placement,"on record, side not placed",3,https://www.abgeordnetenwatch.de/profile/katrin-zschau,2024-11-14 GESETZENTWURF: Gesetz zur Neuregelung des Schwangerschaftsabbruchs (Drucksache 20/13775) [reading DRAFT -- not placed] | 2024-11-14 ANTRAG: Versorgungslage von ungewollt Schwangeren verbessern (Drucksache 20/13776) [reading DRAFT -- not placed] | 2024-07-05 VOTE (Bundestag): Voted Ja: Änderung des Schwangerschaftskonfliktgesetzes [reading DRAFT -- not placed],SPD,
"Kay Gottschalk (AfD, Landesliste Nordrhein-Westfalen)",,,,,,,no placement,"on record, side not placed",3,https://www.abgeordnetenwatch.de/profile/kay-gottschalk,"2026-06-25 KLEINE ANFRAGE: Förderung des ""Equality Fund"" durch die Bundesregierung (Drucksache 21/6718) [reading DRAFT -- not placed] | 2024-07-05 VOTE (Bundestag): Voted Nein: Änderung des Schwangerschaftskonfliktgesetzes [reading DRAFT -- not placed] | 2022-04-26 ANTRAG: § 219a StGB erhalten und Schutzauftrag des ungeborenen Lebens im allgemeinen Bewusstsein beleben (Drucksache 20/1505) [reading DRAFT -- not placed]",AfD,Landesliste Nordrhein-Westfalen
"Kay-Uwe Ziegler (AfD, 73 - Mansfeld)",,,,,,,no placement,"on record, side not placed",3,https://www.abgeordnetenwatch.de/profile/kay-uwe-ziegler,2026-07-07 ANTRAG: Pro familia von der Schwangerschaftskonfliktberatung ausschließen - Ungeborenes Leben schützen (Drucksache 21/6927) [reading DRAFT -- not placed] | 2024-07-05 VOTE (Bundestag): Voted Nein: Änderung des Schwangerschaftskonfliktgesetzes [reading DRAFT -- not placed] | 2022-04-26 ANTRAG: § 219a StGB erhalten und Schutzauftrag des ungeborenen Lebens im allgemeinen Bewusstsein beleben (Drucksache 20/1505) [reading DRAFT -- not placed],AfD,73 - Mansfeld
"Lamya Kaddor (BÜNDNIS 90/DIE GRÜNEN, Landesliste Nordrhein-Westfalen)",,,,,,,no placement,"on record, side not placed",3,https://www.abgeordnetenwatch.de/profile/lamya-kaddor,2024-11-14 GESETZENTWURF: Gesetz zur Neuregelung des Schwangerschaftsabbruchs (Drucksache 20/13775) [reading DRAFT -- not placed] | 2024-11-14 ANTRAG: Versorgungslage von ungewollt Schwangeren verbessern (Drucksache 20/13776) [reading DRAFT -- not placed] | 2024-07-05 VOTE (Bundestag): Voted Ja: Änderung des Schwangerschaftskonfliktgesetzes [reading DRAFT -- not placed],BÜNDNIS 90/DIE GRÜNEN,Landesliste Nordrhein-Westfalen
"Malte Kaufmann (AfD, Landesliste Baden-Württemberg)",,,,,,,no placement,"on record, side not placed",3,https://www.abgeordnetenwatch.de/profile/malte-kaufmann,"2026-03-03 KLEINE ANFRAGE: Förderung von LGBTIQ-, Gender-Projekten und Abtreibung im Ausland (Drucksache 21/4447) [reading DRAFT -- not placed] | 2024-07-05 VOTE (Bundestag): Voted Nein: Änderung des Schwangerschaftskonfliktgesetzes [reading DRAFT -- not placed] | 2022-04-26 ANTRAG: § 219a StGB erhalten und Schutzauftrag des ungeborenen Lebens im allgemeinen Bewusstsein beleben (Drucksache 20/1505) [reading DRAFT -- not placed]",AfD,Landesliste Baden-Württemberg
"Mareike Hermeier (Die Linke, Landesliste Nordrhein-Westfalen)",,,,,,,no placement,"on record, side not placed",3,https://www.abgeordnetenwatch.de/profile/mareike-hermeier,2026-07-17 KLEINE ANFRAGE: Krankenhausschließungen und medizinische Versorgung im ländlichen Raum in Bayern (Drucksache 21/7211) [never places: the title does not show which side the author is on] | 2026-04-10 KLEINE ANFRAGE: Krankenhausschließungen und medizinische Versorgung im ländlichen Raum in Brandenburg (Drucksache 21/5255) [never places: the title does not show which side the author is on] | 2026-02-19 KLEINE ANFRAGE: Krankenhausschließungen und medizinische Versorgung im ländlichen Raum in Baden-Württemberg (Drucksache 21/4192) [never places: the title does not show which side the author is on],Die Linke,Landesliste Nordrhein-Westfalen
"Maren Kaminski (Die Linke, Landesliste Niedersachsen)",,,,,,,no placement,"on record, side not placed",3,https://www.abgeordnetenwatch.de/profile/maren-kaminski,2026-07-17 KLEINE ANFRAGE: Krankenhausschließungen und medizinische Versorgung im ländlichen Raum in Bayern (Drucksache 21/7211) [never places: the title does not show which side the author is on] | 2026-04-10 KLEINE ANFRAGE: Krankenhausschließungen und medizinische Versorgung im ländlichen Raum in Brandenburg (Drucksache 21/5255) [never places: the title does not show which side the author is on] | 2026-02-19 KLEINE ANFRAGE: Krankenhausschließungen und medizinische Versorgung im ländlichen Raum in Baden-Württemberg (Drucksache 21/4192) [never places: the title does not show which side the author is on],Die Linke,Landesliste Niedersachsen
"Marlene Schönberger (BÜNDNIS 90/DIE GRÜNEN, Landesliste Bayern)",,,,,,,no placement,"on record, side not placed",3,https://www.abgeordnetenwatch.de/profile/marlene-schoenberger,2024-11-14 GESETZENTWURF: Gesetz zur Neuregelung des Schwangerschaftsabbruchs (Drucksache 20/13775) [reading DRAFT -- not placed] | 2024-11-14 ANTRAG: Versorgungslage von ungewollt Schwangeren verbessern (Drucksache 20/13776) [reading DRAFT -- not placed] | 2024-07-05 VOTE (Bundestag): Voted Ja: Änderung des Schwangerschaftskonfliktgesetzes [reading DRAFT -- not placed],BÜNDNIS 90/DIE GRÜNEN,Landesliste Bayern
"Martin Hess (AfD, Landesliste Baden-Württemberg)",,,,,,,no placement,"on record, side not placed",3,https://www.abgeordnetenwatch.de/profile/martin-hess,2019-02-21 VOTE (Bundestag): Voted Nein: Aufhebung von § 219a StGB [reading DRAFT -- not placed] | 2019-02-21 VOTE (Bundestag): Voted Nein: Aufhebung des Werbeverbots für Schwangerschaftsabbrüche [reading DRAFT -- not placed] | 2019-02-21 VOTE (Bundestag): Voted Nein: Reform des §219a - Informationen zum Schwangerschaftsabbruch [never places: loosened the ban but kept it: neither lobby is cleanly ours],AfD,Landesliste Baden-Württemberg
"Martin Kröber (SPD, Landesliste Sachsen-Anhalt)",,,,,,,no placement,"on record, side not placed",3,https://www.abgeordnetenwatch.de/profile/martin-kroeber,2024-11-14 GESETZENTWURF: Gesetz zur Neuregelung des Schwangerschaftsabbruchs (Drucksache 20/13775) [reading DRAFT -- not placed] | 2024-11-14 ANTRAG: Versorgungslage von ungewollt Schwangeren verbessern (Drucksache 20/13776) [reading DRAFT -- not placed] | 2024-07-05 VOTE (Bundestag): Voted Ja: Änderung des Schwangerschaftskonfliktgesetzes [reading DRAFT -- not placed],SPD,Landesliste Sachsen-Anhalt
"Matthias Mieves (SPD, 208 - Kaiserslautern)",,,,,,,no placement,"on record, side not placed",3,https://www.abgeordnetenwatch.de/profile/matthias-mieves,2024-11-14 GESETZENTWURF: Gesetz zur Neuregelung des Schwangerschaftsabbruchs (Drucksache 20/13775) [reading DRAFT -- not placed] | 2024-11-14 ANTRAG: Versorgungslage von ungewollt Schwangeren verbessern (Drucksache 20/13776) [reading DRAFT -- not placed] | 2024-07-05 VOTE (Bundestag): Voted Ja: Änderung des Schwangerschaftskonfliktgesetzes [reading DRAFT -- not placed],SPD,208 - Kaiserslautern
"Michael Kaufmann (AfD, 194 - Saalfeld-Rudolstadt – Saale-Holzland-Kreis – Saale-Orla-Kreis)",,,,,,,no placement,"on record, side not placed",3,https://www.abgeordnetenwatch.de/profile/michael-kaufmann,2024-07-05 VOTE (Bundestag): Voted Nein: Änderung des Schwangerschaftskonfliktgesetzes [reading DRAFT -- not placed] | 2024-03-07 KLEINE ANFRAGE: Die demographische Situation in Deutschland vor dem Hintergrund nicht bestandserhaltender Geburtenzahlen (Drucksache 20/10574) [never places: the title does not show which side the author is on] | 2022-04-26 ANTRAG: § 219a StGB erhalten und Schutzauftrag des ungeborenen Lebens im allgemeinen Bewusstsein beleben (Drucksache 20/1505) [reading DRAFT -- not placed],AfD,194 - Saalfeld-Rudolstadt – Saale-Holzland-Kreis – Saale-Orla-Kreis
"Michael Schrodi (SPD, Landesliste Bayern)",,,,,,,no placement,"on record, side not placed",3,https://www.abgeordnetenwatch.de/profile/michael-schrodi,2024-11-14 GESETZENTWURF: Gesetz zur Neuregelung des Schwangerschaftsabbruchs (Drucksache 20/13775) [reading DRAFT -- not placed] | 2024-11-14 ANTRAG: Versorgungslage von ungewollt Schwangeren verbessern (Drucksache 20/13776) [reading DRAFT -- not placed] | 2024-07-05 VOTE (Bundestag): Voted Ja: Änderung des Schwangerschaftskonfliktgesetzes [reading DRAFT -- not placed],SPD,Landesliste Bayern
"Michael „Moses“ Arndt (Die Linke, Landesliste Saarland)",,,,,,,no placement,"on record, side not placed",3,https://www.abgeordnetenwatch.de/profile/michael-moses-arndt,2026-07-17 KLEINE ANFRAGE: Krankenhausschließungen und medizinische Versorgung im ländlichen Raum in Bayern (Drucksache 21/7211) [never places: the title does not show which side the author is on] | 2026-04-10 KLEINE ANFRAGE: Krankenhausschließungen und medizinische Versorgung im ländlichen Raum in Brandenburg (Drucksache 21/5255) [never places: the title does not show which side the author is on] | 2026-02-19 KLEINE ANFRAGE: Krankenhausschließungen und medizinische Versorgung im ländlichen Raum in Baden-Württemberg (Drucksache 21/4192) [never places: the title does not show which side the author is on],Die Linke,Landesliste Saarland
"Niklas Wagener (BÜNDNIS 90/DIE GRÜNEN, Landesliste Bayern)",,,,,,,no placement,"on record, side not placed",3,https://www.abgeordnetenwatch.de/profile/niklas-wagener,2024-11-14 GESETZENTWURF: Gesetz zur Neuregelung des Schwangerschaftsabbruchs (Drucksache 20/13775) [reading DRAFT -- not placed] | 2024-11-14 ANTRAG: Versorgungslage von ungewollt Schwangeren verbessern (Drucksache 20/13776) [reading DRAFT -- not placed] | 2024-07-05 VOTE (Bundestag): Voted Ja: Änderung des Schwangerschaftskonfliktgesetzes [reading DRAFT -- not placed],BÜNDNIS 90/DIE GRÜNEN,Landesliste Bayern
"Olaf Scholz (SPD, 61 - Potsdam – Potsdam-Mittelmark II – Teltow-Fläming II)",,,,,,,no placement,"on record, side not placed",3,https://www.abgeordnetenwatch.de/profile/olaf-scholz,2024-11-14 GESETZENTWURF: Gesetz zur Neuregelung des Schwangerschaftsabbruchs (Drucksache 20/13775) [reading DRAFT -- not placed] | 2024-11-14 ANTRAG: Versorgungslage von ungewollt Schwangeren verbessern (Drucksache 20/13776) [reading DRAFT -- not placed] | 2024-07-05 VOTE (Bundestag): Voted Ja: Änderung des Schwangerschaftskonfliktgesetzes [reading DRAFT -- not placed],SPD,61 - Potsdam – Potsdam-Mittelmark II – Teltow-Fläming II
"Paul Ziemiak (CDU/CSU, 149 - Märkischer Kreis II)",,,,,,,no placement,"on record, side not placed",3,https://www.abgeordnetenwatch.de/profile/paul-ziemiak,2019-02-21 VOTE (Bundestag): Voted Nein: Aufhebung von § 219a StGB [reading DRAFT -- not placed] | 2019-02-21 VOTE (Bundestag): Voted Nein: Aufhebung des Werbeverbots für Schwangerschaftsabbrüche [reading DRAFT -- not placed] | 2019-02-21 VOTE (Bundestag): Voted Ja: Reform des §219a - Informationen zum Schwangerschaftsabbruch [never places: loosened the ban but kept it: neither lobby is cleanly ours],CDU/CSU,149 - Märkischer Kreis II
"Peter Boehringer (AfD, Landesliste Bayern)",,,,,,,no placement,"on record, side not placed",3,https://www.abgeordnetenwatch.de/profile/peter-boehringer,2019-02-21 VOTE (Bundestag): Voted Nein: Aufhebung von § 219a StGB [reading DRAFT -- not placed] | 2019-02-21 VOTE (Bundestag): Voted Nein: Aufhebung des Werbeverbots für Schwangerschaftsabbrüche [reading DRAFT -- not placed] | 2019-02-21 VOTE (Bundestag): Voted Nein: Reform des §219a - Informationen zum Schwangerschaftsabbruch [never places: loosened the ban but kept it: neither lobby is cleanly ours],AfD,Landesliste Bayern
Reem Alabali Radovan (SPD),,,,,,,no placement,"on record, side not placed",3,https://www.abgeordnetenwatch.de/profile/reem-alabali-radovan,2024-11-14 GESETZENTWURF: Gesetz zur Neuregelung des Schwangerschaftsabbruchs (Drucksache 20/13775) [reading DRAFT -- not placed] | 2024-11-14 ANTRAG: Versorgungslage von ungewollt Schwangeren verbessern (Drucksache 20/13776) [reading DRAFT -- not placed] | 2024-07-05 VOTE (Bundestag): Voted Ja: Änderung des Schwangerschaftskonfliktgesetzes [reading DRAFT -- not placed],SPD,
"Robin Wagener (BÜNDNIS 90/DIE GRÜNEN, Landesliste Nordrhein-Westfalen)",,,,,,,no placement,"on record, side not placed",3,https://www.abgeordnetenwatch.de/profile/robin-wagener,2024-11-14 GESETZENTWURF: Gesetz zur Neuregelung des Schwangerschaftsabbruchs (Drucksache 20/13775) [reading DRAFT -- not placed] | 2024-11-14 ANTRAG: Versorgungslage von ungewollt Schwangeren verbessern (Drucksache 20/13776) [reading DRAFT -- not placed] | 2024-07-05 VOTE (Bundestag): Voted Ja: Änderung des Schwangerschaftskonfliktgesetzes [reading DRAFT -- not placed],BÜNDNIS 90/DIE GRÜNEN,Landesliste Nordrhein-Westfalen
"Roderich Kiesewetter (CDU/CSU, 270 - Aalen – Heidenheim)",,,,,,,no placement,"on record, side not placed",3,https://www.abgeordnetenwatch.de/profile/roderich-kiesewetter,2019-02-21 VOTE (Bundestag): Voted Nein: Aufhebung von § 219a StGB [reading DRAFT -- not placed] | 2019-02-21 VOTE (Bundestag): Voted Nein: Aufhebung des Werbeverbots für Schwangerschaftsabbrüche [reading DRAFT -- not placed] | 2019-02-21 VOTE (Bundestag): Voted Ja: Reform des §219a - Informationen zum Schwangerschaftsabbruch [never places: loosened the ban but kept it: neither lobby is cleanly ours],CDU/CSU,270 - Aalen – Heidenheim
"Ruppert Stüwe (SPD, Landesliste Berlin)",,,,,,,no placement,"on record, side not placed",3,https://www.abgeordnetenwatch.de/profile/ruppert-stuewe,2024-11-14 GESETZENTWURF: Gesetz zur Neuregelung des Schwangerschaftsabbruchs (Drucksache 20/13775) [reading DRAFT -- not placed] | 2024-11-14 ANTRAG: Versorgungslage von ungewollt Schwangeren verbessern (Drucksache 20/13776) [reading DRAFT -- not placed] | 2024-07-05 VOTE (Bundestag): Voted Ja: Änderung des Schwangerschaftskonfliktgesetzes [reading DRAFT -- not placed],SPD,Landesliste Berlin
"Sandra Detzer (BÜNDNIS 90/DIE GRÜNEN, Landesliste Baden-Württemberg)",,,,,,,no placement,"on record, side not placed",3,https://www.abgeordnetenwatch.de/profile/sandra-detzer,2024-11-14 GESETZENTWURF: Gesetz zur Neuregelung des Schwangerschaftsabbruchs (Drucksache 20/13775) [reading DRAFT -- not placed] | 2024-11-14 ANTRAG: Versorgungslage von ungewollt Schwangeren verbessern (Drucksache 20/13776) [reading DRAFT -- not placed] | 2024-07-05 VOTE (Bundestag): Voted Ja: Änderung des Schwangerschaftskonfliktgesetzes [reading DRAFT -- not placed],BÜNDNIS 90/DIE GRÜNEN,Landesliste Baden-Württemberg
"Sara Nanni (BÜNDNIS 90/DIE GRÜNEN, Landesliste Nordrhein-Westfalen)",,,,,,,no placement,"on record, side not placed",3,https://www.abgeordnetenwatch.de/profile/sara-nanni,2024-11-14 GESETZENTWURF: Gesetz zur Neuregelung des Schwangerschaftsabbruchs (Drucksache 20/13775) [reading DRAFT -- not placed] | 2024-11-14 ANTRAG: Versorgungslage von ungewollt Schwangeren verbessern (Drucksache 20/13776) [reading DRAFT -- not placed] | 2024-07-05 VOTE (Bundestag): Voted Ja: Änderung des Schwangerschaftskonfliktgesetzes [reading DRAFT -- not placed],BÜNDNIS 90/DIE GRÜNEN,Landesliste Nordrhein-Westfalen
"Sarah Vollath (Die Linke, Landesliste Bayern)",,,,,,,no placement,"on record, side not placed",3,https://www.abgeordnetenwatch.de/profile/sarah-vollath,2026-07-17 KLEINE ANFRAGE: Krankenhausschließungen und medizinische Versorgung im ländlichen Raum in Bayern (Drucksache 21/7211) [never places: the title does not show which side the author is on] | 2026-04-10 KLEINE ANFRAGE: Krankenhausschließungen und medizinische Versorgung im ländlichen Raum in Brandenburg (Drucksache 21/5255) [never places: the title does not show which side the author is on] | 2026-02-19 KLEINE ANFRAGE: Krankenhausschließungen und medizinische Versorgung im ländlichen Raum in Baden-Württemberg (Drucksache 21/4192) [never places: the title does not show which side the author is on],Die Linke,Landesliste Bayern
"Sascha Müller (BÜNDNIS 90/DIE GRÜNEN, Landesliste Bayern)",,,,,,,no placement,"on record, side not placed",3,https://www.abgeordnetenwatch.de/profile/sascha-mueller-0,2024-11-14 GESETZENTWURF: Gesetz zur Neuregelung des Schwangerschaftsabbruchs (Drucksache 20/13775) [reading DRAFT -- not placed] | 2024-11-14 ANTRAG: Versorgungslage von ungewollt Schwangeren verbessern (Drucksache 20/13776) [reading DRAFT -- not placed] | 2024-07-05 VOTE (Bundestag): Voted Ja: Änderung des Schwangerschaftskonfliktgesetzes [reading DRAFT -- not placed],BÜNDNIS 90/DIE GRÜNEN,Landesliste Bayern
"Schahina Gambir (BÜNDNIS 90/DIE GRÜNEN, Landesliste Nordrhein-Westfalen)",,,,,,,no placement,"on record, side not placed",3,https://www.abgeordnetenwatch.de/profile/schahina-gambir,2024-11-14 GESETZENTWURF: Gesetz zur Neuregelung des Schwangerschaftsabbruchs (Drucksache 20/13775) [reading DRAFT -- not placed] | 2024-11-14 ANTRAG: Versorgungslage von ungewollt Schwangeren verbessern (Drucksache 20/13776) [reading DRAFT -- not placed] | 2024-07-05 VOTE (Bundestag): Voted Ja: Änderung des Schwangerschaftskonfliktgesetzes [reading DRAFT -- not placed],BÜNDNIS 90/DIE GRÜNEN,Landesliste Nordrhein-Westfalen
"Sebastian Fiedler (SPD, 117 - Mülheim – Essen I)",,,,,,,no placement,"on record, side not placed",3,https://www.abgeordnetenwatch.de/profile/sebastian-fiedler,2024-11-14 GESETZENTWURF: Gesetz zur Neuregelung des Schwangerschaftsabbruchs (Drucksache 20/13775) [reading DRAFT -- not placed] | 2024-11-14 ANTRAG: Versorgungslage von ungewollt Schwangeren verbessern (Drucksache 20/13776) [reading DRAFT -- not placed] | 2024-07-05 VOTE (Bundestag): Voted Ja: Änderung des Schwangerschaftskonfliktgesetzes [reading DRAFT -- not placed],SPD,117 - Mülheim – Essen I
"Sebastian Roloff (SPD, Landesliste Bayern)",,,,,,,no placement,"on record, side not placed",3,https://www.abgeordnetenwatch.de/profile/sebastian-roloff,2024-11-14 GESETZENTWURF: Gesetz zur Neuregelung des Schwangerschaftsabbruchs (Drucksache 20/13775) [reading DRAFT -- not placed] | 2024-11-14 ANTRAG: Versorgungslage von ungewollt Schwangeren verbessern (Drucksache 20/13776) [reading DRAFT -- not placed] | 2024-07-05 VOTE (Bundestag): Voted Ja: Änderung des Schwangerschaftskonfliktgesetzes [reading DRAFT -- not placed],SPD,Landesliste Bayern
"Sebastian Schäfer (BÜNDNIS 90/DIE GRÜNEN, Landesliste Baden-Württemberg)",,,,,,,no placement,"on record, side not placed",3,https://www.abgeordnetenwatch.de/profile/sebastian-schaefer-0,2024-11-14 GESETZENTWURF: Gesetz zur Neuregelung des Schwangerschaftsabbruchs (Drucksache 20/13775) [reading DRAFT -- not placed] | 2024-11-14 ANTRAG: Versorgungslage von ungewollt Schwangeren verbessern (Drucksache 20/13776) [reading DRAFT -- not placed] | 2024-07-05 VOTE (Bundestag): Voted Ja: Änderung des Schwangerschaftskonfliktgesetzes [reading DRAFT -- not placed],BÜNDNIS 90/DIE GRÜNEN,Landesliste Baden-Württemberg
"Sebastian Steineke (CDU/CSU, Landesliste Brandenburg)",,,,,,,no placement,"on record, side not placed",3,https://www.abgeordnetenwatch.de/profile/sebastian-steineke,2019-02-21 VOTE (Bundestag): Voted Nein: Aufhebung von § 219a StGB [reading DRAFT -- not placed] | 2019-02-21 VOTE (Bundestag): Voted Nein: Aufhebung des Werbeverbots für Schwangerschaftsabbrüche [reading DRAFT -- not placed] | 2019-02-21 VOTE (Bundestag): Voted Ja: Reform des §219a - Informationen zum Schwangerschaftsabbruch [never places: loosened the ban but kept it: neither lobby is cleanly ours],CDU/CSU,Landesliste Brandenburg
"Simone Fischer (BÜNDNIS 90/DIE GRÜNEN, 258 - Stuttgart I)",,,,,,,no placement,"on record, side not placed",3,https://www.abgeordnetenwatch.de/profile/simone-fischer,2026-05-20 KLEINE ANFRAGE: Ankündigungen und Umsetzung - Bilanz der gesundheitspolitischen Vorhaben der Bundesministerin für Gesundheit nach einem  (Drucksache 21/6038) [never places: the title does not show which side the author is on] | 2026-01-28 ANTRAG: Kassenzulassung des nicht-invasiven Pränataltests - Monitoring der Konsequenzen und Einrichtung eines Gremiums (Drucksache 21/3873) [reading DRAFT -- not placed] | 2026-01-28 ANTRAG: Versorgung bei Schwangerschaftsabbrüchen sichern (Drucksache 21/3909) [reading DRAFT -- not placed],BÜNDNIS 90/DIE GRÜNEN,258 - Stuttgart I
Sonja Lemke (Die Linke),,,,,,,no placement,"on record, side not placed",3,https://www.abgeordnetenwatch.de/profile/sonja-lemke,2026-07-17 KLEINE ANFRAGE: Krankenhausschließungen und medizinische Versorgung im ländlichen Raum in Bayern (Drucksache 21/7211) [never places: the title does not show which side the author is on] | 2026-04-10 KLEINE ANFRAGE: Krankenhausschließungen und medizinische Versorgung im ländlichen Raum in Brandenburg (Drucksache 21/5255) [never places: the title does not show which side the author is on] | 2026-02-19 KLEINE ANFRAGE: Krankenhausschließungen und medizinische Versorgung im ländlichen Raum in Baden-Württemberg (Drucksache 21/4192) [never places: the title does not show which side the author is on],Die Linke,
"Stefan Möller (AfD, 189 - Eisenach – Wartburgkreis – Unstrut-Hainich-Kreis)",,,,,,,no placement,"on record, side not placed",3,https://www.abgeordnetenwatch.de/profile/stefan-moeller,"2019-02-28 LAND SPEECH (Thüringen): Plenarprotokoll 6/140, S. 12057 (TOP 5, Weltkindertag als Feiertag, Drs. 6/6163) ""Wissen Sie, wie viele Kinder nicht geboren worden sind wegen Ihrer Politik der Spätabtreibung"" [reading DRAFT -- not placed; https://parldok.thueringer-landtag.de/parldok/dokument/70291/6_0140_140_plenarsitzung] | 2018-12-14 LAND SPEECH (Thüringen): Plenarprotokoll 6/135, S. 11687 (TOP 10, Gesetzentwurf Wahlrechtsausschlüsse, Drs. 6/6495) ""Trotzdem werden 90 bis 95 Prozent aller ungeborenen Kinder, bei denen Trisomie 21 festgestellt wird, in diesem Land abgetrieben."" [reading DRAFT -- not placed; https://parldok.thueringer-landtag.de/parldok/dokument/69432/6_0135_135_plenarsitzung] | 2018-12-14 LAND SPEECH (Thüringen): Plenarprotokoll 6/135, S. 11690-11691 (second speech, same debate, Drs. 6/6495) ""Wer für das Recht auf Abtreibung, selbst sachgrundlos, bis zum letzten Tag vor der Geburt steht, der kommt genau in dieses moralische Dilemma"" [reading DRAFT -- not placed; https://parldok.thueringer-landtag.de/parldok/dokument/69432/6_0135_135_plenarsitzung]",AfD,189 - Eisenach – Wartburgkreis – Unstrut-Hainich-Kreis
"Svenja Schulze (SPD, Landesliste Nordrhein-Westfalen)",,,,,,,no placement,"on record, side not placed",3,https://www.abgeordnetenwatch.de/profile/svenja-schulze,2024-11-14 GESETZENTWURF: Gesetz zur Neuregelung des Schwangerschaftsabbruchs (Drucksache 20/13775) [reading DRAFT -- not placed] | 2024-11-14 ANTRAG: Versorgungslage von ungewollt Schwangeren verbessern (Drucksache 20/13776) [reading DRAFT -- not placed] | 2024-07-05 VOTE (Bundestag): Voted Ja: Änderung des Schwangerschaftskonfliktgesetzes [reading DRAFT -- not placed],SPD,Landesliste Nordrhein-Westfalen
"Thomas Erndl (CDU/CSU, 226 - Deggendorf)",,,,,,,no placement,"on record, side not placed",3,https://www.abgeordnetenwatch.de/profile/thomas-erndl,2019-02-21 VOTE (Bundestag): Voted Nein: Aufhebung von § 219a StGB [reading DRAFT -- not placed] | 2019-02-21 VOTE (Bundestag): Voted Nein: Aufhebung des Werbeverbots für Schwangerschaftsabbrüche [reading DRAFT -- not placed] | 2019-02-21 VOTE (Bundestag): Voted Ja: Reform des §219a - Informationen zum Schwangerschaftsabbruch [never places: loosened the ban but kept it: neither lobby is cleanly ours],CDU/CSU,226 - Deggendorf
"Thomas Gebhart (CDU/CSU, 210 - Südpfalz)",,,,,,,no placement,"on record, side not placed",3,https://www.abgeordnetenwatch.de/profile/thomas-gebhart,2019-02-21 VOTE (Bundestag): Voted Nein: Aufhebung von § 219a StGB [reading DRAFT -- not placed] | 2019-02-21 VOTE (Bundestag): Voted Nein: Aufhebung des Werbeverbots für Schwangerschaftsabbrüche [reading DRAFT -- not placed] | 2019-02-21 VOTE (Bundestag): Voted Ja: Reform des §219a - Informationen zum Schwangerschaftsabbruch [never places: loosened the ban but kept it: neither lobby is cleanly ours],CDU/CSU,210 - Südpfalz
"Till Steffen (BÜNDNIS 90/DIE GRÜNEN, 20 - Hamburg-Eimsbüttel)",,,,,,,no placement,"on record, side not placed",3,https://www.abgeordnetenwatch.de/profile/till-steffen,2024-11-14 GESETZENTWURF: Gesetz zur Neuregelung des Schwangerschaftsabbruchs (Drucksache 20/13775) [reading DRAFT -- not placed] | 2024-11-14 ANTRAG: Versorgungslage von ungewollt Schwangeren verbessern (Drucksache 20/13776) [reading DRAFT -- not placed] | 2024-07-05 VOTE (Bundestag): Voted Ja: Änderung des Schwangerschaftskonfliktgesetzes [reading DRAFT -- not placed],BÜNDNIS 90/DIE GRÜNEN,20 - Hamburg-Eimsbüttel
"Tim Klüssendorf (SPD, 11 - Lübeck)",,,,,,,no placement,"on record, side not placed",3,https://www.abgeordnetenwatch.de/profile/tim-kluessendorf,2024-11-14 GESETZENTWURF: Gesetz zur Neuregelung des Schwangerschaftsabbruchs (Drucksache 20/13775) [reading DRAFT -- not placed] | 2024-11-14 ANTRAG: Versorgungslage von ungewollt Schwangeren verbessern (Drucksache 20/13776) [reading DRAFT -- not placed] | 2024-07-05 VOTE (Bundestag): Voted Ja: Änderung des Schwangerschaftskonfliktgesetzes [reading DRAFT -- not placed],SPD,11 - Lübeck
"Tina Winklmann (BÜNDNIS 90/DIE GRÜNEN, Landesliste Bayern)",,,,,,,no placement,"on record, side not placed",3,https://www.abgeordnetenwatch.de/profile/tina-winklmann,2024-11-14 GESETZENTWURF: Gesetz zur Neuregelung des Schwangerschaftsabbruchs (Drucksache 20/13775) [reading DRAFT -- not placed] | 2024-11-14 ANTRAG: Versorgungslage von ungewollt Schwangeren verbessern (Drucksache 20/13776) [reading DRAFT -- not placed] | 2024-07-05 VOTE (Bundestag): Voted Ja: Änderung des Schwangerschaftskonfliktgesetzes [reading DRAFT -- not placed],BÜNDNIS 90/DIE GRÜNEN,Landesliste Bayern
"Ulrich Lange (CDU/CSU, 253 - Donau-Ries)",,,,,,,no placement,"on record, side not placed",3,https://www.abgeordnetenwatch.de/profile/ulrich-lange,2019-02-21 VOTE (Bundestag): Voted Nein: Aufhebung von § 219a StGB [reading DRAFT -- not placed] | 2019-02-21 VOTE (Bundestag): Voted Nein: Aufhebung des Werbeverbots für Schwangerschaftsabbrüche [reading DRAFT -- not placed] | 2019-02-21 VOTE (Bundestag): Voted Ja: Reform des §219a - Informationen zum Schwangerschaftsabbruch [never places: loosened the ban but kept it: neither lobby is cleanly ours],CDU/CSU,253 - Donau-Ries
"Uwe Schmidt (SPD, 55 - Bremen II – Bremerhaven)",,,,,,,no placement,"on record, side not placed",3,https://www.abgeordnetenwatch.de/profile/uwe-schmidt-1,2024-11-14 GESETZENTWURF: Gesetz zur Neuregelung des Schwangerschaftsabbruchs (Drucksache 20/13775) [reading DRAFT -- not placed] | 2024-11-14 ANTRAG: Versorgungslage von ungewollt Schwangeren verbessern (Drucksache 20/13776) [reading DRAFT -- not placed] | 2024-07-05 VOTE (Bundestag): Voted Ja: Änderung des Schwangerschaftskonfliktgesetzes [reading DRAFT -- not placed],SPD,55 - Bremen II – Bremerhaven
"Verena Hubertz (SPD, Landesliste Rheinland-Pfalz)",,,,,,,no placement,"on record, side not placed",3,https://www.abgeordnetenwatch.de/profile/verena-hubertz,2024-11-14 GESETZENTWURF: Gesetz zur Neuregelung des Schwangerschaftsabbruchs (Drucksache 20/13775) [reading DRAFT -- not placed] | 2024-11-14 ANTRAG: Versorgungslage von ungewollt Schwangeren verbessern (Drucksache 20/13776) [reading DRAFT -- not placed] | 2024-07-05 VOTE (Bundestag): Voted Ja: Änderung des Schwangerschaftskonfliktgesetzes [reading DRAFT -- not placed],SPD,Landesliste Rheinland-Pfalz
"Zoe Mayer (BÜNDNIS 90/DIE GRÜNEN, 271 - Karlsruhe-Stadt)",,,,,,,no placement,"on record, side not placed",3,https://www.abgeordnetenwatch.de/profile/zoe-mayer,2024-11-14 GESETZENTWURF: Gesetz zur Neuregelung des Schwangerschaftsabbruchs (Drucksache 20/13775) [reading DRAFT -- not placed] | 2024-11-14 ANTRAG: Versorgungslage von ungewollt Schwangeren verbessern (Drucksache 20/13776) [reading DRAFT -- not placed] | 2024-07-05 VOTE (Bundestag): Voted Ja: Änderung des Schwangerschaftskonfliktgesetzes [reading DRAFT -- not placed],BÜNDNIS 90/DIE GRÜNEN,271 - Karlsruhe-Stadt
"Alexander Wolf (AfD, Landesliste Hamburg)",,,,,,,no placement,"on record, side not placed",2,https://www.abgeordnetenwatch.de/profile/alexander-wolf-0,"2026-06-25 KLEINE ANFRAGE: Förderung des ""Equality Fund"" durch die Bundesregierung (Drucksache 21/6718) [reading DRAFT -- not placed] | 2026-03-03 KLEINE ANFRAGE: Förderung von LGBTIQ-, Gender-Projekten und Abtreibung im Ausland (Drucksache 21/4447) [reading DRAFT -- not placed]",AfD,Landesliste Hamburg
"Angela Rudzka (AfD, Landesliste Niedersachsen)",,,,,,,no placement,"on record, side not placed",2,https://www.abgeordnetenwatch.de/profile/angela-rudzka,2026-08-26 KLEINE ANFRAGE: Die vertrauliche Geburt und Formen anonymer Kindesabgabe (Drucksache 21/7740) [reading DRAFT -- not placed] | 2026-07-07 ANTRAG: Pro familia von der Schwangerschaftskonfliktberatung ausschließen - Ungeborenes Leben schützen (Drucksache 21/6927) [reading DRAFT -- not placed],AfD,Landesliste Niedersachsen
"Anna Leonore Labitzke Rathert (AfD, Landesliste Nordrhein-Westfalen)",,,,,,,no placement,"on record, side not placed",2,https://www.abgeordnetenwatch.de/profile/anna-leonore-labitzke-rathert,2026-08-26 KLEINE ANFRAGE: Die vertrauliche Geburt und Formen anonymer Kindesabgabe (Drucksache 21/7740) [reading DRAFT -- not placed] | 2026-07-07 ANTRAG: Pro familia von der Schwangerschaftskonfliktberatung ausschließen - Ungeborenes Leben schützen (Drucksache 21/6927) [reading DRAFT -- not placed],AfD,Landesliste Nordrhein-Westfalen
"Anne Janssen (CDU/CSU, Landesliste Niedersachsen)",,,,,,,no placement,"on record, side not placed",2,https://www.abgeordnetenwatch.de/profile/anne-janssen,2026-01-28 ANTRAG: Kassenzulassung des nicht-invasiven Pränataltests - Monitoring der Konsequenzen und Einrichtung eines Gremiums (Drucksache 21/3873) [reading DRAFT -- not placed] | 2024-07-05 VOTE (Bundestag): Voted Nein: Änderung des Schwangerschaftskonfliktgesetzes [reading DRAFT -- not placed],CDU/CSU,Landesliste Niedersachsen
"Astrid Timmermann-Fechter (CDU/CSU, Landesliste Nordrhein-Westfalen)",,,,,,,no placement,"on record, side not placed",2,https://www.abgeordnetenwatch.de/profile/astrid-timmermann-fechter,2024-07-05 VOTE (Bundestag): Voted Nein: Änderung des Schwangerschaftskonfliktgesetzes [reading DRAFT -- not placed] | 2024-02-28 ANTRAG: Kassenzulassung des nichtinvasiven Pränataltests - Monitoring der Konsequenzen und Einrichtung eines Gremiums (Drucksache 20/10515) [reading DRAFT -- not placed],CDU/CSU,Landesliste Nordrhein-Westfalen
"Bernd Schattner (AfD, Landesliste Rheinland-Pfalz)",,,,,,,no placement,"on record, side not placed",2,https://www.abgeordnetenwatch.de/profile/bernd-schattner,2024-07-05 VOTE (Bundestag): Voted Nein: Änderung des Schwangerschaftskonfliktgesetzes [reading DRAFT -- not placed] | 2022-04-26 ANTRAG: § 219a StGB erhalten und Schutzauftrag des ungeborenen Lebens im allgemeinen Bewusstsein beleben (Drucksache 20/1505) [reading DRAFT -- not placed],AfD,Landesliste Rheinland-Pfalz
"Birgit Bessin (AfD, 65 - Elbe-Elster – Oberspreewald-Lausitz)",,,,,,,no placement,"on record, side not placed",2,https://www.abgeordnetenwatch.de/profile/birgit-bessin,2026-08-26 KLEINE ANFRAGE: Die vertrauliche Geburt und Formen anonymer Kindesabgabe (Drucksache 21/7740) [reading DRAFT -- not placed] | 2026-07-07 ANTRAG: Pro familia von der Schwangerschaftskonfliktberatung ausschließen - Ungeborenes Leben schützen (Drucksache 21/6927) [reading DRAFT -- not placed],AfD,65 - Elbe-Elster – Oberspreewald-Lausitz
"Carsten Brodesser (CDU/CSU, 98 - Oberbergischer Kreis)",,,,,,,no placement,"on record, side not placed",2,https://www.abgeordnetenwatch.de/profile/carsten-brodesser,2026-01-28 ANTRAG: Kassenzulassung des nicht-invasiven Pränataltests - Monitoring der Konsequenzen und Einrichtung eines Gremiums (Drucksache 21/3873) [reading DRAFT -- not placed] | 2024-07-05 VOTE (Bundestag): Voted Nein: Änderung des Schwangerschaftskonfliktgesetzes [reading DRAFT -- not placed],CDU/CSU,98 - Oberbergischer Kreis
"Charlotte Neuhäuser (Die Linke, Landesliste Nordrhein-Westfalen)",,,,,,,no placement,"on record, side not placed",2,https://www.abgeordnetenwatch.de/profile/charlotte-neuhaeuser,2026-03-19 KLEINE ANFRAGE: Dokumentierte sexualisierte Kriegsgewalt im russischen Angriffskrieg gegen die Ukraine (Drucksache 21/4841) [never places: the title does not show which side the author is on] | 2026-01-28 ANTRAG: Kassenzulassung des nicht-invasiven Pränataltests - Monitoring der Konsequenzen und Einrichtung eines Gremiums (Drucksache 21/3873) [reading DRAFT -- not placed],Die Linke,Landesliste Nordrhein-Westfalen
"Christian Zaum (AfD, Landesliste Nordrhein-Westfalen)",,,,,,,no placement,"on record, side not placed",2,https://www.abgeordnetenwatch.de/profile/christian-zaum,2026-08-26 KLEINE ANFRAGE: Die vertrauliche Geburt und Formen anonymer Kindesabgabe (Drucksache 21/7740) [reading DRAFT -- not placed] | 2026-07-07 ANTRAG: Pro familia von der Schwangerschaftskonfliktberatung ausschließen - Ungeborenes Leben schützen (Drucksache 21/6927) [reading DRAFT -- not placed],AfD,Landesliste Nordrhein-Westfalen
"Christina Stumpp (CDU/CSU, 264 - Waiblingen)",,,,,,,no placement,"on record, side not placed",2,https://www.abgeordnetenwatch.de/profile/christina-stumpp,2024-07-05 VOTE (Bundestag): Voted Nein: Änderung des Schwangerschaftskonfliktgesetzes [reading DRAFT -- not placed] | 2024-02-28 ANTRAG: Kassenzulassung des nichtinvasiven Pränataltests - Monitoring der Konsequenzen und Einrichtung eines Gremiums (Drucksache 20/10515) [reading DRAFT -- not placed],CDU/CSU,264 - Waiblingen
"Claudia Weiss (AfD, 69 - Magdeburg)",,,,,,,no placement,"on record, side not placed",2,https://www.abgeordnetenwatch.de/profile/claudia-weiss,2026-08-26 KLEINE ANFRAGE: Die vertrauliche Geburt und Formen anonymer Kindesabgabe (Drucksache 21/7740) [reading DRAFT -- not placed] | 2026-07-07 ANTRAG: Pro familia von der Schwangerschaftskonfliktberatung ausschließen - Ungeborenes Leben schützen (Drucksache 21/6927) [reading DRAFT -- not placed],AfD,69 - Magdeburg
"Edgar Naujok (AfD, 153 - Leipzig-Land)",,,,,,,no placement,"on record, side not placed",2,https://www.abgeordnetenwatch.de/profile/edgar-naujok,2022-04-26 ANTRAG: § 219a StGB erhalten und Schutzauftrag des ungeborenen Lebens im allgemeinen Bewusstsein beleben (Drucksache 20/1505) [reading DRAFT -- not placed] | 2022-02-04 SCHRIFTLICHE FRAGE: Verankerung des Rechts auf Abtreibung in der EU-Grundrechtecharta (Drucksache 20/602) [never places: the title does not show which side the author is on],AfD,153 - Leipzig-Land
"Esra Limbacher (SPD, 299 - Homburg)",,,,,,,no placement,"on record, side not placed",2,https://www.abgeordnetenwatch.de/profile/esra-limbacher,2024-11-14 GESETZENTWURF: Gesetz zur Neuregelung des Schwangerschaftsabbruchs (Drucksache 20/13775) [reading DRAFT -- not placed] | 2024-11-14 ANTRAG: Versorgungslage von ungewollt Schwangeren verbessern (Drucksache 20/13776) [reading DRAFT -- not placed],SPD,299 - Homburg
"Franziska Hoppermann (CDU/CSU, Landesliste Hamburg)",,,,,,,no placement,"on record, side not placed",2,https://www.abgeordnetenwatch.de/profile/franziska-hoppermann,2026-01-28 ANTRAG: Kassenzulassung des nicht-invasiven Pränataltests - Monitoring der Konsequenzen und Einrichtung eines Gremiums (Drucksache 21/3873) [reading DRAFT -- not placed] | 2024-07-05 VOTE (Bundestag): Voted Nein: Änderung des Schwangerschaftskonfliktgesetzes [reading DRAFT -- not placed],CDU/CSU,Landesliste Hamburg
Gerold Otten (AfD),,,,,,,no placement,"on record, side not placed",2,https://www.abgeordnetenwatch.de/profile/gerold-otten,"2026-03-03 KLEINE ANFRAGE: Förderung von LGBTIQ-, Gender-Projekten und Abtreibung im Ausland (Drucksache 21/4447) [reading DRAFT -- not placed] | 2025-06-27 GROSSE ANFRAGE: Förderung sowie Unterstützung von LGBTIQ- und Gender-Projekten sowie Abtreibung im Ausland (Drucksache 21/683) [reading DRAFT -- not placed]",AfD,
"Hanna Steinmüller (BÜNDNIS 90/DIE GRÜNEN, 74 - Berlin-Mitte)",,,,,,,no placement,"on record, side not placed",2,https://www.abgeordnetenwatch.de/profile/hanna-steinmueller,2024-11-14 GESETZENTWURF: Gesetz zur Neuregelung des Schwangerschaftsabbruchs (Drucksache 20/13775) [reading DRAFT -- not placed] | 2024-07-05 VOTE (Bundestag): Voted Ja: Änderung des Schwangerschaftskonfliktgesetzes [reading DRAFT -- not placed],BÜNDNIS 90/DIE GRÜNEN,74 - Berlin-Mitte
"Jan Feser (AfD, Landesliste Hessen)",,,,,,,no placement,"on record, side not placed",2,https://www.abgeordnetenwatch.de/profile/jan-feser,2026-08-26 KLEINE ANFRAGE: Die vertrauliche Geburt und Formen anonymer Kindesabgabe (Drucksache 21/7740) [reading DRAFT -- not placed] | 2026-07-07 ANTRAG: Pro familia von der Schwangerschaftskonfliktberatung ausschließen - Ungeborenes Leben schützen (Drucksache 21/6927) [reading DRAFT -- not placed],AfD,Landesliste Hessen
"Jan-Wilhelm Pohlmann (CDU/CSU, 166 - Waldeck)",,,,,,,no placement,"on record, side not placed",2,https://www.abgeordnetenwatch.de/profile/jan-wilhelm-pohlmann,2026-01-28 ANTRAG: Kassenzulassung des nicht-invasiven Pränataltests - Monitoring der Konsequenzen und Einrichtung eines Gremiums (Drucksache 21/3873) [reading DRAFT -- not placed] | 2023-07-20 VOTE (Hessen): Voted Nein: Schutz vor Störung Schwangerer bei Schwangerschaftsberatung und -abbruch [reading DRAFT -- not placed],CDU/CSU,166 - Waldeck
"Julia Klöckner (CDU/CSU, 200 - Kreuznach)",,,,,,,no placement,"on record, side not placed",2,https://www.abgeordnetenwatch.de/profile/julia-kloeckner,2024-02-28 ANTRAG: Kassenzulassung des nichtinvasiven Pränataltests - Monitoring der Konsequenzen und Einrichtung eines Gremiums (Drucksache 20/10515) [reading DRAFT -- not placed] | 2009-05-13 VOTE (Bundestag): Voted Ja: Beratungspflicht bei Spätabtreibungen [reading DRAFT -- not placed],CDU/CSU,200 - Kreuznach
"Kerstin Przygodda (AfD, Landesliste Schleswig-Holstein)",,,,,,,no placement,"on record, side not placed",2,https://www.abgeordnetenwatch.de/profile/kerstin-przygodda,2026-08-26 KLEINE ANFRAGE: Die vertrauliche Geburt und Formen anonymer Kindesabgabe (Drucksache 21/7740) [reading DRAFT -- not placed] | 2026-07-07 ANTRAG: Pro familia von der Schwangerschaftskonfliktberatung ausschließen - Ungeborenes Leben schützen (Drucksache 21/6927) [reading DRAFT -- not placed],AfD,Landesliste Schleswig-Holstein
Lukas Rehm (AfD),,,,,,,no placement,"on record, side not placed",2,https://www.abgeordnetenwatch.de/profile/lukas-rehm,2026-08-26 KLEINE ANFRAGE: Die vertrauliche Geburt und Formen anonymer Kindesabgabe (Drucksache 21/7740) [reading DRAFT -- not placed] | 2026-07-07 ANTRAG: Pro familia von der Schwangerschaftskonfliktberatung ausschließen - Ungeborenes Leben schützen (Drucksache 21/6927) [reading DRAFT -- not placed],AfD,
"Macit Karaahmetoğlu (SPD, Landesliste Baden-Württemberg)",,,,,,,no placement,"on record, side not placed",2,https://www.abgeordnetenwatch.de/profile/macit-karaahmetoglu,2024-11-14 GESETZENTWURF: Gesetz zur Neuregelung des Schwangerschaftsabbruchs (Drucksache 20/13775) [reading DRAFT -- not placed] | 2024-11-14 ANTRAG: Versorgungslage von ungewollt Schwangeren verbessern (Drucksache 20/13776) [reading DRAFT -- not placed],SPD,Landesliste Baden-Württemberg
"Marcel Emmerich (BÜNDNIS 90/DIE GRÜNEN, Landesliste Baden-Württemberg)",,,,,,,no placement,"on record, side not placed",2,https://www.abgeordnetenwatch.de/profile/marcel-emmerich,2024-11-14 GESETZENTWURF: Gesetz zur Neuregelung des Schwangerschaftsabbruchs (Drucksache 20/13775) [reading DRAFT -- not placed] | 2024-11-14 ANTRAG: Versorgungslage von ungewollt Schwangeren verbessern (Drucksache 20/13776) [reading DRAFT -- not placed],BÜNDNIS 90/DIE GRÜNEN,Landesliste Baden-Württemberg
"Markus Frohnmaier (AfD, Landesliste Baden-Württemberg)",,,,,,,no placement,"on record, side not placed",2,https://www.abgeordnetenwatch.de/profile/markus-frohnmaier,2025-06-27 GROSSE ANFRAGE: Förderung sowie Unterstützung von LGBTIQ- und Gender-Projekten sowie Abtreibung im Ausland (Drucksache 21/683) [reading DRAFT -- not placed] | 2022-04-26 ANTRAG: § 219a StGB erhalten und Schutzauftrag des ungeborenen Lebens im allgemeinen Bewusstsein beleben (Drucksache 20/1505) [reading DRAFT -- not placed],AfD,Landesliste Baden-Württemberg
"Markus Reichel (CDU/CSU, Landesliste Sachsen)",,,,,,,no placement,"on record, side not placed",2,https://www.abgeordnetenwatch.de/profile/markus-reichel,2026-01-28 ANTRAG: Kassenzulassung des nicht-invasiven Pränataltests - Monitoring der Konsequenzen und Einrichtung eines Gremiums (Drucksache 21/3873) [reading DRAFT -- not placed] | 2024-07-05 VOTE (Bundestag): Voted Nein: Änderung des Schwangerschaftskonfliktgesetzes [reading DRAFT -- not placed],CDU/CSU,Landesliste Sachsen
"Matthias Rentzsch (AfD, 159 - Dresden II – Bautzen II)",,,,,,,no placement,"on record, side not placed",2,https://www.abgeordnetenwatch.de/profile/matthias-rentzsch,"2026-06-25 KLEINE ANFRAGE: Förderung des ""Equality Fund"" durch die Bundesregierung (Drucksache 21/6718) [reading DRAFT -- not placed] | 2026-03-03 KLEINE ANFRAGE: Förderung von LGBTIQ-, Gender-Projekten und Abtreibung im Ausland (Drucksache 21/4447) [reading DRAFT -- not placed]",AfD,159 - Dresden II – Bautzen II
"Oliver Vogt (CDU/CSU, 133 - Minden-Lübbecke I)",,,,,,,no placement,"on record, side not placed",2,https://www.abgeordnetenwatch.de/profile/oliver-vogt,2024-07-05 VOTE (Bundestag): Voted Nein: Änderung des Schwangerschaftskonfliktgesetzes [reading DRAFT -- not placed] | 2024-02-28 ANTRAG: Kassenzulassung des nichtinvasiven Pränataltests - Monitoring der Konsequenzen und Einrichtung eines Gremiums (Drucksache 20/10515) [reading DRAFT -- not placed],CDU/CSU,133 - Minden-Lübbecke I
Otto Strauß (AfD),,,,,,,no placement,"on record, side not placed",2,https://www.abgeordnetenwatch.de/profile/otto-strauss,2026-08-26 KLEINE ANFRAGE: Die vertrauliche Geburt und Formen anonymer Kindesabgabe (Drucksache 21/7740) [reading DRAFT -- not placed] | 2026-07-07 ANTRAG: Pro familia von der Schwangerschaftskonfliktberatung ausschließen - Ungeborenes Leben schützen (Drucksache 21/6927) [reading DRAFT -- not placed],AfD,
"Rainer Rothfuß (AfD, Landesliste Bayern)",,,,,,,no placement,"on record, side not placed",2,https://www.abgeordnetenwatch.de/profile/rainer-rothfuss,2025-06-27 GROSSE ANFRAGE: Förderung sowie Unterstützung von LGBTIQ- und Gender-Projekten sowie Abtreibung im Ausland (Drucksache 21/683) [reading DRAFT -- not placed] | 2024-07-05 VOTE (Bundestag): Voted Nein: Änderung des Schwangerschaftskonfliktgesetzes [reading DRAFT -- not placed],AfD,Landesliste Bayern
"Rasha Nasr (SPD, Landesliste Sachsen)",,,,,,,no placement,"on record, side not placed",2,https://www.abgeordnetenwatch.de/profile/rasha-nasr,2024-11-14 GESETZENTWURF: Gesetz zur Neuregelung des Schwangerschaftsabbruchs (Drucksache 20/13775) [reading DRAFT -- not placed] | 2024-11-14 ANTRAG: Versorgungslage von ungewollt Schwangeren verbessern (Drucksache 20/13776) [reading DRAFT -- not placed],SPD,Landesliste Sachsen
"René Bochmann (AfD, 150 - Nordsachsen)",,,,,,,no placement,"on record, side not placed",2,https://www.abgeordnetenwatch.de/profile/rene-bochmann,2024-07-05 VOTE (Bundestag): Voted Nein: Änderung des Schwangerschaftskonfliktgesetzes [reading DRAFT -- not placed] | 2022-04-26 ANTRAG: § 219a StGB erhalten und Schutzauftrag des ungeborenen Lebens im allgemeinen Bewusstsein beleben (Drucksache 20/1505) [reading DRAFT -- not placed],AfD,150 - Nordsachsen
"Ricarda Lang (BÜNDNIS 90/DIE GRÜNEN, Landesliste Baden-Württemberg)",,,,,,,no placement,"on record, side not placed",2,https://www.abgeordnetenwatch.de/profile/ricarda-lang,2024-11-14 GESETZENTWURF: Gesetz zur Neuregelung des Schwangerschaftsabbruchs (Drucksache 20/13775) [reading DRAFT -- not placed] | 2024-07-05 VOTE (Bundestag): Voted Ja: Änderung des Schwangerschaftskonfliktgesetzes [reading DRAFT -- not placed],BÜNDNIS 90/DIE GRÜNEN,Landesliste Baden-Württemberg
"Ronald Gläser (AfD, Landesliste Berlin)",,,,,,,no placement,"on record, side not placed",2,https://www.abgeordnetenwatch.de/profile/ronald-glaeser,"2024-09-26 LAND SPEECH (Berlin): Plenarprotokoll 19/53, S. 5178 (lfd. Nr. 43, Drs. 19/1904 Streichung § 218 StGB) ""[Zuruf von Ronald Gläser (AfD)] – after Haghanipour quoted: „Wer will schon einen Teil seiner Arbeit im Strafgesetzbuch zwischen Mord und Totschlag finden?“"" [never places: The protocol records an interjection by him during the Green speech for decriminalisation but not what he said. It shows he was present and heckling the pro-decriminalisation speaker; it does not give a stance. The same day he asked a Zwischenfrage on the next item (Rechtsextremismus), which is not abortion.; https://pardok.parlament-berlin.de/starweb/adis/citat/VT/19/PlenarPr/p19-053-wp.pdf#page=106] | 2020-03-05 LAND SPEECH (Berlin): Plenarprotokoll 18/55, S. 6671 (lfd. Nr. 4.2, Drs. 18/2516 'Medienstandort Berlin-Brandenburg – ein vielfältiger Rundfunkrat') ""Ich habe mal eine unverbindliche Liste zusammengestellt von Organisationen, über deren Vertretung im Rundfunkrat einmal nachgedacht werden sollte: Lebensschützer, Heimatvertriebene …"" [never places: passing mention in a broadcasting-council debate; shown, not placed.; https://pardok.parlament-berlin.de/starweb/adis/citat/VT/18/PlenarPr/p18-055-wp.pdf#page=59]",AfD,Landesliste Berlin
"Sanae Abdi (SPD, 92 - Köln I)",,,,,,,no placement,"on record, side not placed",2,https://www.abgeordnetenwatch.de/profile/sanae-abdi,2024-11-14 GESETZENTWURF: Gesetz zur Neuregelung des Schwangerschaftsabbruchs (Drucksache 20/13775) [reading DRAFT -- not placed] | 2024-11-14 ANTRAG: Versorgungslage von ungewollt Schwangeren verbessern (Drucksache 20/13776) [reading DRAFT -- not placed],SPD,92 - Köln I
"Saskia Ludwig (CDU/CSU, Landesliste Brandenburg)",,,,,,,no placement,"on record, side not placed",2,https://www.abgeordnetenwatch.de/profile/saskia-ludwig,"2017-12-13 LAND QUESTION (Brandenburg): Plenarprotokoll 6/53, p. 5627 (TOP 15, Antrag SPD/Linke/Gruene Drs. 6/7729 'Initiative zur Abschaffung des Paragrafen 219a StGB ergreifen') ""Männer haben bei dem Thema genauso mitzureden wie Frauen. (Beifall AfD und der Abgeordneten Dr. Ludwig [CDU] …)"" [never places: The protocol names her as the only non-AfD member applauding a line in AfD MdL Birgit Bessin's speech against the motion to abolish § 219a. The line applauded is about men having a say, not about abortion itself. The motion passed by show of hands, so her individual vote is not recorded; the Anwesenheitsliste shows she was present. Weak evidence: at most a signal of sympathy with the side opposing § 219a repeal.; https://www.parlamentsdokumentation.brandenburg.de/starweb/LBB/ELVIS/parladoku/w6/plpr/53.pdf] | 2005-02-16 LAND QUESTION (Brandenburg): Drucksache 4/653 (Kleine Anfrage 297 der Abgeordneten Saskia Funck, CDU); answered by the Landesregierung in Drs. 4/823 Neudruck (15.03.2005) ""Wer hat aus welchen Gründen die Entscheidung getroffen, einer bereits zum damaligen Zeitpunkt von der Insolvenz bedrohten Einrichtung Fördermittel zu gewähren?"" [never places: She asks about state funding (47,450 EUR in 2004) for the SchKG counselling centre of an insolvency-threatened provider in Teltow, including why the counselling was not given to another provider. The framing is financial oversight, not abortion policy. Answer: https://www.parlamentsdokumentation.brandenburg.de/starweb/LBB/ELVIS/parladoku/w4/drs/ab_0800/823.pdf; https://www.parlamentsdokumentation.brandenburg.de/starweb/LBB/ELVIS/parladoku/w4/drs/ab_0600/653.pdf]",CDU/CSU,Landesliste Brandenburg
"Simone Borchardt (CDU/CSU, Landesliste Mecklenburg-Vorpommern)",,,,,,,no placement,"on record, side not placed",2,https://www.abgeordnetenwatch.de/profile/simone-borchardt,2026-01-28 ANTRAG: Kassenzulassung des nicht-invasiven Pränataltests - Monitoring der Konsequenzen und Einrichtung eines Gremiums (Drucksache 21/3873) [reading DRAFT -- not placed] | 2024-07-05 VOTE (Bundestag): Voted Nein: Änderung des Schwangerschaftskonfliktgesetzes [reading DRAFT -- not placed],CDU/CSU,Landesliste Mecklenburg-Vorpommern
"Stefan Nacke (CDU/CSU, Landesliste Nordrhein-Westfalen)",,,,,,,no placement,"on record, side not placed",2,https://www.abgeordnetenwatch.de/profile/stefan-nacke,2026-01-28 ANTRAG: Kassenzulassung des nicht-invasiven Pränataltests - Monitoring der Konsequenzen und Einrichtung eines Gremiums (Drucksache 21/3873) [reading DRAFT -- not placed] | 2024-07-05 VOTE (Bundestag): Voted Nein: Änderung des Schwangerschaftskonfliktgesetzes [reading DRAFT -- not placed],CDU/CSU,Landesliste Nordrhein-Westfalen
"Steffen Janich (AfD, 157 - Sächsische Schweiz-Osterzgebirge)",,,,,,,no placement,"on record, side not placed",2,https://www.abgeordnetenwatch.de/profile/steffen-janich,2024-07-05 VOTE (Bundestag): Voted Nein: Änderung des Schwangerschaftskonfliktgesetzes [reading DRAFT -- not placed] | 2022-04-26 ANTRAG: § 219a StGB erhalten und Schutzauftrag des ungeborenen Lebens im allgemeinen Bewusstsein beleben (Drucksache 20/1505) [reading DRAFT -- not placed],AfD,157 - Sächsische Schweiz-Osterzgebirge
"Sylvia Rietenberg (BÜNDNIS 90/DIE GRÜNEN, 128 - Münster)",,,,,,,no placement,"on record, side not placed",2,https://www.abgeordnetenwatch.de/profile/sylvia-rietenberg,2026-01-28 ANTRAG: Kassenzulassung des nicht-invasiven Pränataltests - Monitoring der Konsequenzen und Einrichtung eines Gremiums (Drucksache 21/3873) [reading DRAFT -- not placed] | 2026-01-28 ANTRAG: Versorgung bei Schwangerschaftsabbrüchen sichern (Drucksache 21/3909) [reading DRAFT -- not placed],BÜNDNIS 90/DIE GRÜNEN,128 - Münster
"Tobias Ebenberger (AfD, Landesliste Nordrhein-Westfalen)",,,,,,,no placement,"on record, side not placed",2,https://www.abgeordnetenwatch.de/profile/tobias-ebenberger,2026-08-26 KLEINE ANFRAGE: Die vertrauliche Geburt und Formen anonymer Kindesabgabe (Drucksache 21/7740) [reading DRAFT -- not placed] | 2026-07-07 ANTRAG: Pro familia von der Schwangerschaftskonfliktberatung ausschließen - Ungeborenes Leben schützen (Drucksache 21/6927) [reading DRAFT -- not placed],AfD,Landesliste Nordrhein-Westfalen
"Tobias Winkler (CDU/CSU, 242 - Fürth)",,,,,,,no placement,"on record, side not placed",2,https://www.abgeordnetenwatch.de/profile/tobias-winkler,2026-01-28 ANTRAG: Kassenzulassung des nicht-invasiven Pränataltests - Monitoring der Konsequenzen und Einrichtung eines Gremiums (Drucksache 21/3873) [reading DRAFT -- not placed] | 2024-07-05 VOTE (Bundestag): Voted Nein: Änderung des Schwangerschaftskonfliktgesetzes [reading DRAFT -- not placed],CDU/CSU,242 - Fürth
"Aaron Valent (Die Linke, Landesliste Bayern)",,,,,,,no placement,"on record, side not placed",1,https://www.abgeordnetenwatch.de/profile/aaron-valent,2026-07-17 KLEINE ANFRAGE: Krankenhausschließungen und medizinische Versorgung im ländlichen Raum in Bayern (Drucksache 21/7211) [never places: the title does not show which side the author is on],Die Linke,Landesliste Bayern
"Adis Ahmetović (SPD, 41 - Stadt Hannover I)",,,,,,,no placement,"on record, side not placed",1,https://www.abgeordnetenwatch.de/profile/adis-ahmetovic,2024-11-14 GESETZENTWURF: Gesetz zur Neuregelung des Schwangerschaftsabbruchs (Drucksache 20/13775) [reading DRAFT -- not placed],SPD,41 - Stadt Hannover I
"Agnes Maria Conrad (Die Linke, Landesliste Bayern)",,,,,,,no placement,"on record, side not placed",1,https://www.abgeordnetenwatch.de/profile/agnes-maria-conrad,2026-07-17 KLEINE ANFRAGE: Krankenhausschließungen und medizinische Versorgung im ländlichen Raum in Bayern (Drucksache 21/7211) [never places: the title does not show which side the author is on],Die Linke,Landesliste Bayern
"Alexis Giersch (AfD, Landesliste Schleswig-Holstein)",,,,,,,no placement,"on record, side not placed",1,https://www.abgeordnetenwatch.de/profile/alexis-giersch,2026-07-07 ANTRAG: Pro familia von der Schwangerschaftskonfliktberatung ausschließen - Ungeborenes Leben schützen (Drucksache 21/6927) [reading DRAFT -- not placed],AfD,Landesliste Schleswig-Holstein
Andreas Mayer (AfD),,,,,,,no placement,"on record, side not placed",1,https://www.abgeordnetenwatch.de/profile/andreas-mayer-0,2025-08-01 SCHRIFTLICHE FRAGE: Kostenübernahme von Schwangerschaftsabbrüchen durch die gesetzlichen Krankenkassen (Drucksache 21/1089) [never places: the title does not show which side the author is on],AfD,
"Anne König (CDU/CSU, 125 - Borken II)",,,,,,,no placement,"on record, side not placed",1,https://www.abgeordnetenwatch.de/profile/anne-koenig,2026-01-28 ANTRAG: Kassenzulassung des nicht-invasiven Pränataltests - Monitoring der Konsequenzen und Einrichtung eines Gremiums (Drucksache 21/3873) [reading DRAFT -- not placed],CDU/CSU,125 - Borken II
"Anne Zerr (Die Linke, Landesliste Baden-Württemberg)",,,,,,,no placement,"on record, side not placed",1,https://www.abgeordnetenwatch.de/profile/anne-zerr,2026-02-19 KLEINE ANFRAGE: Krankenhausschließungen und medizinische Versorgung im ländlichen Raum in Baden-Württemberg (Drucksache 21/4192) [never places: the title does not show which side the author is on],Die Linke,Landesliste Baden-Württemberg
"Armin Laschet (CDU/CSU, 86 - Aachen I)",,,,,,,no placement,"on record, side not placed",1,https://www.abgeordnetenwatch.de/profile/armin-laschet,2024-07-05 VOTE (Bundestag): Voted Nein: Änderung des Schwangerschaftskonfliktgesetzes [reading DRAFT -- not placed],CDU/CSU,86 - Aachen I
"Arne Onni Raue (AfD, 60 - Brandenburg an der Havel – Potsdam-Mittelmark I – Havelland III – Teltow-Fläming I)",,,,,,,no placement,"on record, side not placed",1,https://www.abgeordnetenwatch.de/profile/arne-onni-raue,"2026-06-25 KLEINE ANFRAGE: Förderung des ""Equality Fund"" durch die Bundesregierung (Drucksache 21/6718) [reading DRAFT -- not placed]",AfD,60 - Brandenburg an der Havel – Potsdam-Mittelmark I – Havelland III – Teltow-Fläming I
"Benedikt Büdenbender (CDU/CSU, 147 - Siegen-Wittgenstein)",,,,,,,no placement,"on record, side not placed",1,https://www.abgeordnetenwatch.de/profile/benedikt-buedenbender,2026-01-28 ANTRAG: Kassenzulassung des nicht-invasiven Pränataltests - Monitoring der Konsequenzen und Einrichtung eines Gremiums (Drucksache 21/3873) [reading DRAFT -- not placed],CDU/CSU,147 - Siegen-Wittgenstein
"Bettina Lugk (SPD, Landesliste Nordrhein-Westfalen)",,,,,,,no placement,"on record, side not placed",1,https://www.abgeordnetenwatch.de/profile/bettina-lugk,2024-07-05 VOTE (Bundestag): Voted Ja: Änderung des Schwangerschaftskonfliktgesetzes [reading DRAFT -- not placed],SPD,Landesliste Nordrhein-Westfalen
"Bodo Ramelow (Die Linke, 192 - Erfurt – Weimar – Weimarer Land II)",,,,,,,no placement,"on record, side not placed",1,https://www.abgeordnetenwatch.de/profile/bodo-ramelow,2009-05-13 VOTE (Bundestag): Voted Nein: Beratungspflicht bei Spätabtreibungen [reading DRAFT -- not placed],Die Linke,192 - Erfurt – Weimar – Weimarer Land II
Cansu Özdemir (Die Linke),,,,,,,no placement,"on record, side not placed",1,https://www.abgeordnetenwatch.de/profile/cansu-oezdemir,2026-03-19 KLEINE ANFRAGE: Dokumentierte sexualisierte Kriegsgewalt im russischen Angriffskrieg gegen die Ukraine (Drucksache 21/4841) [never places: the title does not show which side the author is on],Die Linke,
"Christian Moser (CDU/CSU, 213 - Freising)",,,,,,,no placement,"on record, side not placed",1,https://www.abgeordnetenwatch.de/profile/christian-moser,2026-01-28 ANTRAG: Kassenzulassung des nicht-invasiven Pränataltests - Monitoring der Konsequenzen und Einrichtung eines Gremiums (Drucksache 21/3873) [reading DRAFT -- not placed],CDU/CSU,213 - Freising
"Christin Willnat (Die Linke, Landesliste Brandenburg)",,,,,,,no placement,"on record, side not placed",1,https://www.abgeordnetenwatch.de/profile/christin-willnat,2026-03-19 KLEINE ANFRAGE: Dokumentierte sexualisierte Kriegsgewalt im russischen Angriffskrieg gegen die Ukraine (Drucksache 21/4841) [never places: the title does not show which side the author is on],Die Linke,Landesliste Brandenburg
"Christoph Grimm (AfD, 13 - Ludwigslust-Parchim II – Nordwestmecklenburg II – Landkreis Rostock I)",,,,,,,no placement,"on record, side not placed",1,https://www.abgeordnetenwatch.de/profile/christoph-grimm,2018-11-21 VOTE (Mecklenburg-Vorpommern): Voted Nein: Abschaffung von §219a Strafgesetzbuch [reading DRAFT -- not placed],AfD,13 - Ludwigslust-Parchim II – Nordwestmecklenburg II – Landkreis Rostock I
"Cornell-Anette Babendererde (CDU/CSU, 36 - Harburg)",,,,,,,no placement,"on record, side not placed",1,https://www.abgeordnetenwatch.de/profile/cornell-anette-babendererde,2026-01-28 ANTRAG: Kassenzulassung des nicht-invasiven Pränataltests - Monitoring der Konsequenzen und Einrichtung eines Gremiums (Drucksache 21/3873) [reading DRAFT -- not placed],CDU/CSU,36 - Harburg
"David Gregosz (CDU/CSU, Landesliste Thüringen)",,,,,,,no placement,"on record, side not placed",1,https://www.abgeordnetenwatch.de/profile/david-gregosz,2026-01-28 ANTRAG: Kassenzulassung des nicht-invasiven Pränataltests - Monitoring der Konsequenzen und Einrichtung eines Gremiums (Drucksache 21/3873) [reading DRAFT -- not placed],CDU/CSU,Landesliste Thüringen
"David Preisendanz (CDU/CSU, 261 - Esslingen)",,,,,,,no placement,"on record, side not placed",1,https://www.abgeordnetenwatch.de/profile/david-preisendanz,2026-01-28 ANTRAG: Kassenzulassung des nicht-invasiven Pränataltests - Monitoring der Konsequenzen und Einrichtung eines Gremiums (Drucksache 21/3873) [reading DRAFT -- not placed],CDU/CSU,261 - Esslingen
Denis Pauli (AfD),,,,,,,no placement,"on record, side not placed",1,https://www.abgeordnetenwatch.de/profile/denis-pauli,"2026-06-25 KLEINE ANFRAGE: Förderung des ""Equality Fund"" durch die Bundesregierung (Drucksache 21/6718) [reading DRAFT -- not placed]",AfD,
"Desiree Becker (Die Linke, Landesliste Hessen)",,,,,,,no placement,"on record, side not placed",1,https://www.abgeordnetenwatch.de/profile/desiree-becker,2026-03-19 KLEINE ANFRAGE: Dokumentierte sexualisierte Kriegsgewalt im russischen Angriffskrieg gegen die Ukraine (Drucksache 21/4841) [never places: the title does not show which side the author is on],Die Linke,Landesliste Hessen
"Dirk Brandes (AfD, Landesliste Niedersachsen)",,,,,,,no placement,"on record, side not placed",1,https://www.abgeordnetenwatch.de/profile/dirk-brandes,2022-04-26 ANTRAG: § 219a StGB erhalten und Schutzauftrag des ungeborenen Lebens im allgemeinen Bewusstsein beleben (Drucksache 20/1505) [reading DRAFT -- not placed],AfD,Landesliste Niedersachsen
"Ferat Koçak (Die Linke, 81 - Berlin-Neukölln)",,,,,,,no placement,"on record, side not placed",1,https://www.abgeordnetenwatch.de/profile/ferat-kocak,"2022-02-10 LAND SPEECH (Berlin): Plenarprotokoll 19/6, S. 289 (Aktuelle Stunde 'Linke Straßenblockaden brechen, Täter bestrafen', AfD) ""Auch die Feministinnen, die 2019 den Marsch der Abtreibungsgegner und -gegnerinnen mit Sitzblockaden blockierten, wurden wegen angeblicher Nötigung vor Gericht gezerrt."" [never places: passing mention in a climate-protest debate; shown, not placed.; https://pardok.parlament-berlin.de/starweb/adis/citat/VT/19/PlenarPr/p19-006-wp.pdf#page=19]",Die Linke,81 - Berlin-Neukölln
"Friedrich Merz (CDU/CSU, 146 - Hochsauerlandkreis)",,,,,,,no placement,"on record, side not placed",1,https://www.abgeordnetenwatch.de/profile/friedrich-merz,2024-07-05 VOTE (Bundestag): Voted Nein: Änderung des Schwangerschaftskonfliktgesetzes [reading DRAFT -- not placed],CDU/CSU,146 - Hochsauerlandkreis
Gerrit Huy (AfD),,,,,,,no placement,"on record, side not placed",1,https://www.abgeordnetenwatch.de/profile/gerrit-huy,2024-07-05 VOTE (Bundestag): Voted Nein: Änderung des Schwangerschaftskonfliktgesetzes [reading DRAFT -- not placed],AfD,
"Hannes Gnauck (AfD, 57 - Uckermark – Barnim I)",,,,,,,no placement,"on record, side not placed",1,https://www.abgeordnetenwatch.de/profile/hannes-gnauck,2024-07-05 VOTE (Bundestag): Voted Nein: Änderung des Schwangerschaftskonfliktgesetzes [reading DRAFT -- not placed],AfD,57 - Uckermark – Barnim I
"Hans Koller (CDU/CSU, 228 - Passau)",,,,,,,no placement,"on record, side not placed",1,https://www.abgeordnetenwatch.de/profile/hans-koller,2026-01-28 ANTRAG: Kassenzulassung des nicht-invasiven Pränataltests - Monitoring der Konsequenzen und Einrichtung eines Gremiums (Drucksache 21/3873) [reading DRAFT -- not placed],CDU/CSU,228 - Passau
"Hans Theiss (CDU/CSU, 216 - München-Nord)",,,,,,,no placement,"on record, side not placed",1,https://www.abgeordnetenwatch.de/profile/hans-theiss,2026-01-28 ANTRAG: Kassenzulassung des nicht-invasiven Pränataltests - Monitoring der Konsequenzen und Einrichtung eines Gremiums (Drucksache 21/3873) [reading DRAFT -- not placed],CDU/CSU,216 - München-Nord
"Hendrik Bollmann (SPD, 140 - Herne – Bochum II)",,,,,,,no placement,"on record, side not placed",1,https://www.abgeordnetenwatch.de/profile/hendrik-bollmann,2026-01-28 ANTRAG: Kassenzulassung des nicht-invasiven Pränataltests - Monitoring der Konsequenzen und Einrichtung eines Gremiums (Drucksache 21/3873) [reading DRAFT -- not placed],SPD,140 - Herne – Bochum II
"Henning Rehbaum (CDU/CSU, 129 - Warendorf)",,,,,,,no placement,"on record, side not placed",1,https://www.abgeordnetenwatch.de/profile/henning-rehbaum,2024-07-05 VOTE (Bundestag): Voted Nein: Änderung des Schwangerschaftskonfliktgesetzes [reading DRAFT -- not placed],CDU/CSU,129 - Warendorf
"Inge Gräßle (CDU/CSU, 269 - Backnang – Schwäbisch Gmünd)",,,,,,,no placement,"on record, side not placed",1,https://www.abgeordnetenwatch.de/profile/inge-graessle,2024-07-05 VOTE (Bundestag): Voted Nein: Änderung des Schwangerschaftskonfliktgesetzes [reading DRAFT -- not placed],CDU/CSU,269 - Backnang – Schwäbisch Gmünd
Ingo Hahn (AfD),,,,,,,no placement,"on record, side not placed",1,https://www.abgeordnetenwatch.de/profile/ingo-hahn,2020-10-12 VOTE (Bayern): Voted Ja: Verbesserung der Schwangerschaftskonfliktberatung [reading DRAFT -- not placed],AfD,
"Jan Köstering (Die Linke, Landesliste Nordrhein-Westfalen)",,,,,,,no placement,"on record, side not placed",1,https://www.abgeordnetenwatch.de/profile/jan-koestering,2026-03-19 KLEINE ANFRAGE: Dokumentierte sexualisierte Kriegsgewalt im russischen Angriffskrieg gegen die Ukraine (Drucksache 21/4841) [never places: the title does not show which side the author is on],Die Linke,Landesliste Nordrhein-Westfalen
"Janina Böttger (Die Linke, Landesliste Sachsen-Anhalt)",,,,,,,no placement,"on record, side not placed",1,https://www.abgeordnetenwatch.de/profile/janina-boettger,2026-03-19 KLEINE ANFRAGE: Dokumentierte sexualisierte Kriegsgewalt im russischen Angriffskrieg gegen die Ukraine (Drucksache 21/4841) [never places: the title does not show which side the author is on],Die Linke,Landesliste Sachsen-Anhalt
"Joachim Bloch (AfD, Landesliste Baden-Württemberg)",,,,,,,no placement,"on record, side not placed",1,https://www.abgeordnetenwatch.de/profile/joachim-bloch,2026-07-07 ANTRAG: Pro familia von der Schwangerschaftskonfliktberatung ausschließen - Ungeborenes Leben schützen (Drucksache 21/6927) [reading DRAFT -- not placed],AfD,Landesliste Baden-Württemberg
"Johannes Volkmann (CDU/CSU, 171 - Lahn-Dill)",,,,,,,no placement,"on record, side not placed",1,https://www.abgeordnetenwatch.de/profile/johannes-volkmann-0,2026-01-28 ANTRAG: Kassenzulassung des nicht-invasiven Pränataltests - Monitoring der Konsequenzen und Einrichtung eines Gremiums (Drucksache 21/3873) [reading DRAFT -- not placed],CDU/CSU,171 - Lahn-Dill
"Johannes Wiegelmann (CDU/CSU, 174 - Main-Kinzig – Wetterau II – Schotten)",,,,,,,no placement,"on record, side not placed",1,https://www.abgeordnetenwatch.de/profile/johannes-wiegelmann,2026-01-28 ANTRAG: Kassenzulassung des nicht-invasiven Pränataltests - Monitoring der Konsequenzen und Einrichtung eines Gremiums (Drucksache 21/3873) [reading DRAFT -- not placed],CDU/CSU,174 - Main-Kinzig – Wetterau II – Schotten
"Julia Schneider (BÜNDNIS 90/DIE GRÜNEN, 75 - Berlin-Pankow)",,,,,,,no placement,"on record, side not placed",1,https://www.abgeordnetenwatch.de/profile/julia-schneider,2026-01-28 ANTRAG: Kassenzulassung des nicht-invasiven Pränataltests - Monitoring der Konsequenzen und Einrichtung eines Gremiums (Drucksache 21/3873) [reading DRAFT -- not placed],BÜNDNIS 90/DIE GRÜNEN,75 - Berlin-Pankow
"Katalin Gennburg (Die Linke, Landesliste Berlin)",,,,,,,no placement,"on record, side not placed",1,https://www.abgeordnetenwatch.de/profile/katalin-gennburg,"2024-09-26 LAND QUESTION (Berlin): Plenarprotokoll 19/53, S. 5179 (lfd. Nr. 43, Drs. 19/1904 'Reproduktive Selbstbestimmung verwirklichen – Bundesratsinitiative zur Streichung des § 218 StGB', Grüne) ""[Ines Schmidt (LINKE):] „Auch der Beratungszwang … muss ersatzlos gestrichen werden.“ [Katalin Gennburg (LINKE): Woo!]"" [reading DRAFT -- not placed; https://pardok.parlament-berlin.de/starweb/adis/citat/VT/19/PlenarPr/p19-053-wp.pdf#page=107]",Die Linke,Landesliste Berlin
"Katrin Fey (Die Linke, Landesliste Nordrhein-Westfalen)",,,,,,,no placement,"on record, side not placed",1,https://www.abgeordnetenwatch.de/profile/katrin-fey,2026-03-19 KLEINE ANFRAGE: Dokumentierte sexualisierte Kriegsgewalt im russischen Angriffskrieg gegen die Ukraine (Drucksache 21/4841) [never places: the title does not show which side the author is on],Die Linke,Landesliste Nordrhein-Westfalen
"Klaus Mack (CDU/CSU, 280 - Calw)",,,,,,,no placement,"on record, side not placed",1,https://www.abgeordnetenwatch.de/profile/klaus-mack,2024-07-05 VOTE (Bundestag): Voted Nein: Änderung des Schwangerschaftskonfliktgesetzes [reading DRAFT -- not placed],CDU/CSU,280 - Calw
"Klaus Wiener (CDU/CSU, 103 - Mettmann I)",,,,,,,no placement,"on record, side not placed",1,https://www.abgeordnetenwatch.de/profile/klaus-wiener,2024-07-05 VOTE (Bundestag): Voted Nein: Änderung des Schwangerschaftskonfliktgesetzes [reading DRAFT -- not placed],CDU/CSU,103 - Mettmann I
"Knut Abraham (CDU/CSU, Landesliste Brandenburg)",,,,,,,no placement,"on record, side not placed",1,https://www.abgeordnetenwatch.de/profile/knut-abraham,2026-01-28 ANTRAG: Kassenzulassung des nicht-invasiven Pränataltests - Monitoring der Konsequenzen und Einrichtung eines Gremiums (Drucksache 21/3873) [reading DRAFT -- not placed],CDU/CSU,Landesliste Brandenburg
"Lars Ehm (CDU/CSU, 121 - Recklinghausen II)",,,,,,,no placement,"on record, side not placed",1,https://www.abgeordnetenwatch.de/profile/lars-ehm,2026-01-28 ANTRAG: Kassenzulassung des nicht-invasiven Pränataltests - Monitoring der Konsequenzen und Einrichtung eines Gremiums (Drucksache 21/3873) [reading DRAFT -- not placed],CDU/CSU,121 - Recklinghausen II
"Lars Rohwer (CDU/CSU, Landesliste Sachsen)",,,,,,,no placement,"on record, side not placed",1,https://www.abgeordnetenwatch.de/profile/lars-rohwer,2024-07-05 VOTE (Bundestag): Voted Nein: Änderung des Schwangerschaftskonfliktgesetzes [reading DRAFT -- not placed],CDU/CSU,Landesliste Sachsen
"Lea Reisner (Die Linke, Landesliste Nordrhein-Westfalen)",,,,,,,no placement,"on record, side not placed",1,https://www.abgeordnetenwatch.de/profile/lea-reisner,2026-03-19 KLEINE ANFRAGE: Dokumentierte sexualisierte Kriegsgewalt im russischen Angriffskrieg gegen die Ukraine (Drucksache 21/4841) [never places: the title does not show which side the author is on],Die Linke,Landesliste Nordrhein-Westfalen
"Maja Wallstein (SPD, Landesliste Brandenburg)",,,,,,,no placement,"on record, side not placed",1,https://www.abgeordnetenwatch.de/profile/maja-wallstein,2024-07-05 VOTE (Bundestag): Voted Ja: Änderung des Schwangerschaftskonfliktgesetzes [reading DRAFT -- not placed],SPD,Landesliste Brandenburg
"Mareike Lotte Wulf (CDU/CSU, Landesliste Niedersachsen)",,,,,,,no placement,"on record, side not placed",1,https://www.abgeordnetenwatch.de/profile/mareike-lotte-wulf,2024-02-28 ANTRAG: Kassenzulassung des nichtinvasiven Pränataltests - Monitoring der Konsequenzen und Einrichtung eines Gremiums (Drucksache 20/10515) [reading DRAFT -- not placed],CDU/CSU,Landesliste Niedersachsen
"Marlon Bröhr (CDU/CSU, 199 - Mosel/Rhein-Hunsrück)",,,,,,,no placement,"on record, side not placed",1,https://www.abgeordnetenwatch.de/profile/marlon-broehr,2024-02-28 ANTRAG: Kassenzulassung des nichtinvasiven Pränataltests - Monitoring der Konsequenzen und Einrichtung eines Gremiums (Drucksache 20/10515) [reading DRAFT -- not placed],CDU/CSU,199 - Mosel/Rhein-Hunsrück
"Martina Englhardt-Kopf (CDU/CSU, 233 - Schwandorf)",,,,,,,no placement,"on record, side not placed",1,https://www.abgeordnetenwatch.de/profile/martina-englhardt-kopf,2024-07-05 VOTE (Bundestag): Voted Nein: Änderung des Schwangerschaftskonfliktgesetzes [reading DRAFT -- not placed],CDU/CSU,233 - Schwandorf
"Martina Uhr (AfD, Landesliste Niedersachsen)",,,,,,,no placement,"on record, side not placed",1,https://www.abgeordnetenwatch.de/profile/martina-uhr,"2026-06-25 KLEINE ANFRAGE: Förderung des ""Equality Fund"" durch die Bundesregierung (Drucksache 21/6718) [reading DRAFT -- not placed]",AfD,Landesliste Niedersachsen
"Matthias Moosdorf (AfD, 164 - Zwickau)",,,,,,,no placement,"on record, side not placed",1,https://www.abgeordnetenwatch.de/profile/matthias-moosdorf,2024-07-05 VOTE (Bundestag): Voted Nein: Änderung des Schwangerschaftskonfliktgesetzes [reading DRAFT -- not placed],AfD,164 - Zwickau
"Michael Breilmann (CDU/CSU, Landesliste Nordrhein-Westfalen)",,,,,,,no placement,"on record, side not placed",1,https://www.abgeordnetenwatch.de/profile/michael-breilmann,2024-07-05 VOTE (Bundestag): Voted Nein: Änderung des Schwangerschaftskonfliktgesetzes [reading DRAFT -- not placed],CDU/CSU,Landesliste Nordrhein-Westfalen
"Mirze Edis (Die Linke, Landesliste Nordrhein-Westfalen)",,,,,,,no placement,"on record, side not placed",1,https://www.abgeordnetenwatch.de/profile/mirze-edis,2026-03-19 KLEINE ANFRAGE: Dokumentierte sexualisierte Kriegsgewalt im russischen Angriffskrieg gegen die Ukraine (Drucksache 21/4841) [never places: the title does not show which side the author is on],Die Linke,Landesliste Nordrhein-Westfalen
"Nora Seitz (CDU/CSU, Landesliste Sachsen)",,,,,,,no placement,"on record, side not placed",1,https://www.abgeordnetenwatch.de/profile/nora-seitz,2026-01-28 ANTRAG: Kassenzulassung des nicht-invasiven Pränataltests - Monitoring der Konsequenzen und Einrichtung eines Gremiums (Drucksache 21/3873) [reading DRAFT -- not placed],CDU/CSU,Landesliste Sachsen
"Pascal Reddig (CDU/CSU, 179 - Hanau)",,,,,,,no placement,"on record, side not placed",1,https://www.abgeordnetenwatch.de/profile/pascal-reddig,2026-01-28 ANTRAG: Kassenzulassung des nicht-invasiven Pränataltests - Monitoring der Konsequenzen und Einrichtung eines Gremiums (Drucksache 21/3873) [reading DRAFT -- not placed],CDU/CSU,179 - Hanau
"Rainer Galla (AfD, 63 - Frankfurt (Oder) – Oder-Spree)",,,,,,,no placement,"on record, side not placed",1,https://www.abgeordnetenwatch.de/profile/rainer-galla,2025-08-01 SCHRIFTLICHE FRAGE: Erweiterung der Kostenübernahme durch die gesetzlichen Krankenkassen bei Vornahme eines Schwangerschaftsabbruchs (Drucksache 21/1089) [never places: the title does not show which side the author is on],AfD,63 - Frankfurt (Oder) – Oder-Spree
"Rocco Kever (AfD, Landesliste Niedersachsen)",,,,,,,no placement,"on record, side not placed",1,https://www.abgeordnetenwatch.de/profile/rocco-kever,"2026-06-25 KLEINE ANFRAGE: Förderung des ""Equality Fund"" durch die Bundesregierung (Drucksache 21/6718) [reading DRAFT -- not placed]",AfD,Landesliste Niedersachsen
"Sandra Carstensen (CDU/CSU, 6 - Plön – Neumünster)",,,,,,,no placement,"on record, side not placed",1,https://www.abgeordnetenwatch.de/profile/sandra-carstensen,2026-01-28 ANTRAG: Kassenzulassung des nicht-invasiven Pränataltests - Monitoring der Konsequenzen und Einrichtung eines Gremiums (Drucksache 21/3873) [reading DRAFT -- not placed],CDU/CSU,6 - Plön – Neumünster
"Sascha Lensing (AfD, Landesliste Nordrhein-Westfalen)",,,,,,,no placement,"on record, side not placed",1,https://www.abgeordnetenwatch.de/profile/sascha-lensing,"2026-03-03 KLEINE ANFRAGE: Förderung von LGBTIQ-, Gender-Projekten und Abtreibung im Ausland (Drucksache 21/4447) [reading DRAFT -- not placed]",AfD,Landesliste Nordrhein-Westfalen
"Sascha Wagner (Die Linke, Landesliste Nordrhein-Westfalen)",,,,,,,no placement,"on record, side not placed",1,https://www.abgeordnetenwatch.de/profile/sascha-wagner-0,2026-01-28 ANTRAG: Kassenzulassung des nicht-invasiven Pränataltests - Monitoring der Konsequenzen und Einrichtung eines Gremiums (Drucksache 21/3873) [reading DRAFT -- not placed],Die Linke,Landesliste Nordrhein-Westfalen
"Sascha van Beek (CDU/CSU, 112 - Wesel I)",,,,,,,no placement,"on record, side not placed",1,https://www.abgeordnetenwatch.de/profile/sascha-van-beek,2026-01-28 ANTRAG: Kassenzulassung des nicht-invasiven Pränataltests - Monitoring der Konsequenzen und Einrichtung eines Gremiums (Drucksache 21/3873) [reading DRAFT -- not placed],CDU/CSU,112 - Wesel I
"Sebastian Schmidt (CDU/CSU, 9 - Ostholstein – Stormarn-Nord)",,,,,,,no placement,"on record, side not placed",1,https://www.abgeordnetenwatch.de/profile/sebastian-schmidt-0,2026-01-28 ANTRAG: Kassenzulassung des nicht-invasiven Pränataltests - Monitoring der Konsequenzen und Einrichtung eines Gremiums (Drucksache 21/3873) [reading DRAFT -- not placed],CDU/CSU,9 - Ostholstein – Stormarn-Nord
"Serap Güler (CDU/CSU, Landesliste Nordrhein-Westfalen)",,,,,,,no placement,"on record, side not placed",1,https://www.abgeordnetenwatch.de/profile/serap-gueler,2024-02-28 ANTRAG: Kassenzulassung des nichtinvasiven Pränataltests - Monitoring der Konsequenzen und Einrichtung eines Gremiums (Drucksache 20/10515) [reading DRAFT -- not placed],CDU/CSU,Landesliste Nordrhein-Westfalen
"Siegfried Walch (CDU/CSU, 224 - Traunstein)",,,,,,,no placement,"on record, side not placed",1,https://www.abgeordnetenwatch.de/profile/siegfried-walch,2026-01-28 ANTRAG: Kassenzulassung des nicht-invasiven Pränataltests - Monitoring der Konsequenzen und Einrichtung eines Gremiums (Drucksache 21/3873) [reading DRAFT -- not placed],CDU/CSU,224 - Traunstein
"Stephan Protschka (AfD, Landesliste Bayern)",,,,,,,no placement,"on record, side not placed",1,https://www.abgeordnetenwatch.de/profile/stephan-protschka,2024-07-05 VOTE (Bundestag): Voted Nein: Änderung des Schwangerschaftskonfliktgesetzes [reading DRAFT -- not placed],AfD,Landesliste Bayern
"Tarek Al-Wazir (BÜNDNIS 90/DIE GRÜNEN, Landesliste Hessen)",,,,,,,no placement,"on record, side not placed",1,https://www.abgeordnetenwatch.de/profile/tarek-al-wazir,2023-07-20 VOTE (Hessen): Voted Nein: Schutz vor Störung Schwangerer bei Schwangerschaftsberatung und -abbruch [reading DRAFT -- not placed],BÜNDNIS 90/DIE GRÜNEN,Landesliste Hessen
"Thomas Jarzombek (CDU/CSU, 105 - Düsseldorf I)",,,,,,,no placement,"on record, side not placed",1,https://www.abgeordnetenwatch.de/profile/thomas-jarzombek,2024-07-05 VOTE (Bundestag): Voted Nein: Änderung des Schwangerschaftskonfliktgesetzes [reading DRAFT -- not placed],CDU/CSU,105 - Düsseldorf I
"Ulrich Thoden (Die Linke, Landesliste Nordrhein-Westfalen)",,,,,,,no placement,"on record, side not placed",1,https://www.abgeordnetenwatch.de/profile/ulrich-thoden,2026-03-19 KLEINE ANFRAGE: Dokumentierte sexualisierte Kriegsgewalt im russischen Angriffskrieg gegen die Ukraine (Drucksache 21/4841) [never places: the title does not show which side the author is on],Die Linke,Landesliste Nordrhein-Westfalen
"Vinzenz Glaser (Die Linke, Landesliste Baden-Württemberg)",,,,,,,no placement,"on record, side not placed",1,https://www.abgeordnetenwatch.de/profile/vinzenz-glaser,2026-03-19 KLEINE ANFRAGE: Dokumentierte sexualisierte Kriegsgewalt im russischen Angriffskrieg gegen die Ukraine (Drucksache 21/4841) [never places: the title does not show which side the author is on],Die Linke,Landesliste Baden-Württemberg
"Achim Köhler (AfD, Landesliste Baden-Württemberg)",,,,,,,no evidence,,0,https://www.abgeordnetenwatch.de/profile/achim-koehler,,AfD,Landesliste Baden-Württemberg
"Adam Balten (AfD, Landesliste Nordrhein-Westfalen)",,,,,,,no evidence,,0,https://www.abgeordnetenwatch.de/profile/adam-balten,,AfD,Landesliste Nordrhein-Westfalen
"Adrian Grasse (CDU/CSU, 78 - Berlin-Steglitz-Zehlendorf)",,,,,,,no evidence,,0,https://www.abgeordnetenwatch.de/profile/adrian-grasse,,CDU/CSU,78 - Berlin-Steglitz-Zehlendorf
"Alaa Alhamwi (BÜNDNIS 90/DIE GRÜNEN, Landesliste Niedersachsen)",,,,,,,no evidence,,0,https://www.abgeordnetenwatch.de/profile/alaa-alhamwi,,BÜNDNIS 90/DIE GRÜNEN,Landesliste Niedersachsen
"Alexander Arpaschi (AfD, Landesliste Baden-Württemberg)",,,,,,,no evidence,,0,https://www.abgeordnetenwatch.de/profile/alexander-arpaschi,,AfD,Landesliste Baden-Württemberg
"Alexander Engelhard (CDU/CSU, 254 - Neu-Ulm)",,,,,,,no evidence,,0,https://www.abgeordnetenwatch.de/profile/alexander-engelhard,,CDU/CSU,254 - Neu-Ulm
"Alexander Jordan (CDU/CSU, 51 - Helmstedt – Wolfsburg)",,,,,,,no evidence,,0,https://www.abgeordnetenwatch.de/profile/alexander-jordan,,CDU/CSU,51 - Helmstedt – Wolfsburg
"Andrea Lübcke (BÜNDNIS 90/DIE GRÜNEN, Landesliste Brandenburg)",,,,,,,no evidence,,0,https://www.abgeordnetenwatch.de/profile/andrea-luebcke,,BÜNDNIS 90/DIE GRÜNEN,Landesliste Brandenburg
"Andreas Paul (AfD, Landesliste Niedersachsen)",,,,,,,no evidence,,0,https://www.abgeordnetenwatch.de/profile/andreas-paul,,AfD,Landesliste Niedersachsen
"Anna Aeikens (CDU/CSU, Landesliste Sachsen-Anhalt)",,,,,,,no evidence,,0,https://www.abgeordnetenwatch.de/profile/anna-aeikens,,CDU/CSU,Landesliste Sachsen-Anhalt
"Bastian Alfons Ernst (CDU/CSU, 28 - Delmenhorst – Wesermarsch – Oldenburg-Land)",,,,,,,no evidence,,0,https://www.abgeordnetenwatch.de/profile/bastian-alfons-ernst,,CDU/CSU,28 - Delmenhorst – Wesermarsch – Oldenburg-Land
Bastian Treuheit (AfD),,,,,,,no evidence,,0,https://www.abgeordnetenwatch.de/profile/bastian-treuheit,,AfD,
Bernd Schuhmann (AfD),,,,,,,no evidence,,0,https://www.abgeordnetenwatch.de/profile/bernd-schuhmann,,AfD,
Boris Gamanov (AfD),,,,,,,no evidence,,0,https://www.abgeordnetenwatch.de/profile/boris-gamanov,,AfD,
"Boris Pistorius (SPD, 42 - Stadt Hannover II)",,,,,,,no evidence,,0,https://www.abgeordnetenwatch.de/profile/boris-pistorius,,SPD,42 - Stadt Hannover II
"Carina Schießl (AfD, Landesliste Bayern)",,,,,,,no evidence,,0,https://www.abgeordnetenwatch.de/profile/carina-schiessl,,AfD,Landesliste Bayern
"Carl-Philipp Sassenrath (CDU/CSU, 107 - Neuss I)",,,,,,,no evidence,,0,https://www.abgeordnetenwatch.de/profile/carl-philipp-sassenrath,,CDU/CSU,107 - Neuss I
"Caroline Bosbach (CDU/CSU, 99 - Rheinisch-Bergischer Kreis)",,,,,,,no evidence,,0,https://www.abgeordnetenwatch.de/profile/caroline-bosbach,,CDU/CSU,99 - Rheinisch-Bergischer Kreis
"Carsten Becker (AfD, Landesliste Saarland)",,,,,,,no evidence,,0,https://www.abgeordnetenwatch.de/profile/carsten-becker,,AfD,Landesliste Saarland
"Catarina dos Santos-Wintz (CDU/CSU, 87 - Aachen II)",,,,,,,no evidence,,0,https://www.abgeordnetenwatch.de/profile/catarina-dos-santos-wintz,,CDU/CSU,87 - Aachen II
"Cem Ince (Die Linke, Landesliste Niedersachsen)",,,,,,,no evidence,,0,https://www.abgeordnetenwatch.de/profile/cem-ince,,Die Linke,Landesliste Niedersachsen
"Christian Douglas (AfD, Landesliste Hessen)",,,,,,,no evidence,,0,https://www.abgeordnetenwatch.de/profile/christian-douglas,,AfD,Landesliste Hessen
"Christian Reck (AfD, 154 - Meißen)",,,,,,,no evidence,,0,https://www.abgeordnetenwatch.de/profile/christian-reck,,AfD,154 - Meißen
"Christiane Schenderlein (CDU/CSU, Landesliste Sachsen)",,,,,,,no evidence,,0,https://www.abgeordnetenwatch.de/profile/christiane-schenderlein,,CDU/CSU,Landesliste Sachsen
"Christoph Frauenpreiß (CDU/CSU, 29 - Cuxhaven – Stade II)",,,,,,,no evidence,,0,https://www.abgeordnetenwatch.de/profile/christoph-frauenpreiss,,CDU/CSU,29 - Cuxhaven – Stade II
Christoph Naser (CDU/CSU),,,,,,,no evidence,,0,https://www.abgeordnetenwatch.de/profile/christoph-naser,,CDU/CSU,
"Christopher Drößler (AfD, 188 - Eichsfeld – Nordhausen – Kyffhäuserkreis)",,,,,,,no evidence,,0,https://www.abgeordnetenwatch.de/profile/christopher-droessler,,AfD,188 - Eichsfeld – Nordhausen – Kyffhäuserkreis
"Daniel Bettermann (SPD, 167 - Kassel)",,,,,,,no evidence,,0,https://www.abgeordnetenwatch.de/profile/daniel-bettermann,,SPD,167 - Kassel
"Daniel Kölbl (CDU/CSU, 7 - Pinneberg)",,,,,,,no evidence,,0,https://www.abgeordnetenwatch.de/profile/daniel-koelbl,,CDU/CSU,7 - Pinneberg
"Daniel Walter (SPD, Landesliste Nordrhein-Westfalen)",,,,,,,no evidence,,0,https://www.abgeordnetenwatch.de/profile/daniel-walter,,SPD,Landesliste Nordrhein-Westfalen
"Daniel Zerbin (AfD, Landesliste Nordrhein-Westfalen)",,,,,,,no evidence,,0,https://www.abgeordnetenwatch.de/profile/daniel-zerbin,,AfD,Landesliste Nordrhein-Westfalen
"Daniela Rump (SPD, 48 - Hildesheim)",,,,,,,no evidence,,0,https://www.abgeordnetenwatch.de/profile/daniela-rump,,SPD,48 - Hildesheim
"Danny Meiners (AfD, Landesliste Niedersachsen)",,,,,,,no evidence,,0,https://www.abgeordnetenwatch.de/profile/danny-meiners,,AfD,Landesliste Niedersachsen
"Dario Seifert (AfD, 15 - Vorpommern-Rügen – Vorpommern-Greifswald I)",,,,,,,no evidence,,0,https://www.abgeordnetenwatch.de/profile/dario-seifert,,AfD,15 - Vorpommern-Rügen – Vorpommern-Greifswald I
"David Mandrella (SPD, Landesliste Bayern)",,,,,,,no evidence,,0,https://www.abgeordnetenwatch.de/profile/david-mandrella,,SPD,Landesliste Bayern
"Diana Herbstreuth (CDU/CSU, Landesliste Thüringen)",,,,,,,no evidence,,0,https://www.abgeordnetenwatch.de/profile/diana-herbstreuth,,CDU/CSU,Landesliste Thüringen
"Diana Zimmer (AfD, Landesliste Baden-Württemberg)",,,,,,,no evidence,,0,https://www.abgeordnetenwatch.de/profile/diana-zimmer,,AfD,Landesliste Baden-Württemberg
"Ellen Demuth (CDU/CSU, 196 - Neuwied)",,,,,,,no evidence,,0,https://www.abgeordnetenwatch.de/profile/ellen-demuth,,CDU/CSU,196 - Neuwied
Erhard Brucker (AfD),,,,,,,no evidence,,0,https://www.abgeordnetenwatch.de/profile/erhard-brucker,,AfD,
"Fabian Fahl (Die Linke, Landesliste Nordrhein-Westfalen)",,,,,,,no evidence,,0,https://www.abgeordnetenwatch.de/profile/fabian-fahl,,Die Linke,Landesliste Nordrhein-Westfalen
"Fabian Gramling (CDU/CSU, 266 - Neckar-Zaber)",,,,,,,no evidence,,0,https://www.abgeordnetenwatch.de/profile/fabian-gramling,,CDU/CSU,266 - Neckar-Zaber
"Florian Bilic (CDU/CSU, 209 - Pirmasens)",,,,,,,no evidence,,0,https://www.abgeordnetenwatch.de/profile/florian-bilic,,CDU/CSU,209 - Pirmasens
"Florian Dorn (CDU/CSU, 255 - Memmingen – Unterallgäu)",,,,,,,no evidence,,0,https://www.abgeordnetenwatch.de/profile/florian-dorn,,CDU/CSU,255 - Memmingen – Unterallgäu
"Florian Müller (CDU/CSU, 148 - Olpe – Märkischer Kreis I)",,,,,,,no evidence,,0,https://www.abgeordnetenwatch.de/profile/florian-mueller-0,,CDU/CSU,148 - Olpe – Märkischer Kreis I
"Florian Oest (CDU/CSU, Landesliste Sachsen)",,,,,,,no evidence,,0,https://www.abgeordnetenwatch.de/profile/florian-oest,,CDU/CSU,Landesliste Sachsen
"Frederik Bouffier (CDU/CSU, 172 - Gießen)",,,,,,,no evidence,,0,https://www.abgeordnetenwatch.de/profile/frederik-bouffier,,CDU/CSU,172 - Gießen
"Georg Günther (CDU/CSU, Landesliste Mecklenburg-Vorpommern)",,,,,,,no evidence,,0,https://www.abgeordnetenwatch.de/profile/georg-guenther,,CDU/CSU,Landesliste Mecklenburg-Vorpommern
"Georg Schroeter (AfD, Landesliste Nordrhein-Westfalen)",,,,,,,no evidence,,0,https://www.abgeordnetenwatch.de/profile/georg-schroeter,,AfD,Landesliste Nordrhein-Westfalen
"Gerhard Trabert (Die Linke, Landesliste Rheinland-Pfalz)",,,,,,,no evidence,,0,https://www.abgeordnetenwatch.de/profile/gerhard-trabert,,Die Linke,Landesliste Rheinland-Pfalz
"Günter Baumgartner (CDU/CSU, 229 - Rottal-Inn)",,,,,,,no evidence,,0,https://www.abgeordnetenwatch.de/profile/guenter-baumgartner,,CDU/CSU,229 - Rottal-Inn
"Hans-Jürgen Goßner (AfD, Landesliste Baden-Württemberg)",,,,,,,no evidence,,0,https://www.abgeordnetenwatch.de/profile/hans-juergen-gossner,,AfD,Landesliste Baden-Württemberg
"Harald Orthey (CDU/CSU, 203 - Montabaur)",,,,,,,no evidence,,0,https://www.abgeordnetenwatch.de/profile/harald-orthey,,CDU/CSU,203 - Montabaur
"Hauke Finger (AfD, Landesliste Nordrhein-Westfalen)",,,,,,,no evidence,,0,https://www.abgeordnetenwatch.de/profile/hauke-finger,,AfD,Landesliste Nordrhein-Westfalen
"Heiko Hain (CDU/CSU, 238 - Hof)",,,,,,,no evidence,,0,https://www.abgeordnetenwatch.de/profile/heiko-hain,,CDU/CSU,238 - Hof
"Heinrich Koch (AfD, Landesliste Baden-Württemberg)",,,,,,,no evidence,,0,https://www.abgeordnetenwatch.de/profile/heinrich-koch,,AfD,Landesliste Baden-Württemberg
"Hendrik Streeck (CDU/CSU, 95 - Bonn)",,,,,,,no evidence,,0,https://www.abgeordnetenwatch.de/profile/hendrik-streeck,,CDU/CSU,95 - Bonn
"Henri Schmidt (CDU/CSU, 10 - Herzogtum Lauenburg – Stormarn-Süd)",,,,,,,no evidence,,0,https://www.abgeordnetenwatch.de/profile/henri-schmidt,,CDU/CSU,10 - Herzogtum Lauenburg – Stormarn-Süd
"Hülya Düber (CDU/CSU, 250 - Würzburg)",,,,,,,no evidence,,0,https://www.abgeordnetenwatch.de/profile/huelya-dueber,,CDU/CSU,250 - Würzburg
"Ines Schwerdtner (Die Linke, 85 - Berlin-Lichtenberg)",,,,,,,no evidence,,0,https://www.abgeordnetenwatch.de/profile/ines-schwerdtner,,Die Linke,85 - Berlin-Lichtenberg
"Ingo Vogel (SPD, 118 - Essen II)",,,,,,,no evidence,,0,https://www.abgeordnetenwatch.de/profile/ingo-vogel,,SPD,118 - Essen II
"Iris Nieland (AfD, Landesliste Rheinland-Pfalz)",,,,,,,no evidence,,0,https://www.abgeordnetenwatch.de/profile/iris-nieland,,AfD,Landesliste Rheinland-Pfalz
"Isabelle Vandre (Die Linke, Landesliste Brandenburg)",,,,,,,no evidence,,0,https://www.abgeordnetenwatch.de/profile/isabelle-vandre,,Die Linke,Landesliste Brandenburg
"Jan van Aken (Die Linke, Landesliste Hamburg)",,,,,,,no evidence,,0,https://www.abgeordnetenwatch.de/profile/jan-van-aken,,Die Linke,Landesliste Hamburg
"Jeanne Dillschneider (BÜNDNIS 90/DIE GRÜNEN, Landesliste Saarland)",,,,,,,no evidence,,0,https://www.abgeordnetenwatch.de/profile/jeanne-dillschneider,,BÜNDNIS 90/DIE GRÜNEN,Landesliste Saarland
"Jens Behrens (SPD, Landesliste Nordrhein-Westfalen)",,,,,,,no evidence,,0,https://www.abgeordnetenwatch.de/profile/jens-behrens,,SPD,Landesliste Nordrhein-Westfalen
"Joachim Ebmeyer (CDU/CSU, 132 - Herford – Minden-Lübbecke II)",,,,,,,no evidence,,0,https://www.abgeordnetenwatch.de/profile/joachim-ebmeyer,,CDU/CSU,132 - Herford – Minden-Lübbecke II
"Johannes Rothenberger (CDU/CSU, 284 - Offenburg)",,,,,,,no evidence,,0,https://www.abgeordnetenwatch.de/profile/johannes-rothenberger,,CDU/CSU,284 - Offenburg
"Johannes Winkel (CDU/CSU, 106 - Düsseldorf II)",,,,,,,no evidence,,0,https://www.abgeordnetenwatch.de/profile/johannes-winkel,,CDU/CSU,106 - Düsseldorf II
"Julian Joswig (BÜNDNIS 90/DIE GRÜNEN, Landesliste Rheinland-Pfalz)",,,,,,,no evidence,,0,https://www.abgeordnetenwatch.de/profile/julian-joswig,,BÜNDNIS 90/DIE GRÜNEN,Landesliste Rheinland-Pfalz
"Julian Schmidt (AfD, Landesliste Hessen)",,,,,,,no evidence,,0,https://www.abgeordnetenwatch.de/profile/julian-schmidt,,AfD,Landesliste Hessen
"Jörg Zirwes (AfD, Landesliste Rheinland-Pfalz)",,,,,,,no evidence,,0,https://www.abgeordnetenwatch.de/profile/joerg-zirwes,,AfD,Landesliste Rheinland-Pfalz
"Jürgen Kögel (AfD, Landesliste Baden-Württemberg)",,,,,,,no evidence,,0,https://www.abgeordnetenwatch.de/profile/juergen-koegel,,AfD,Landesliste Baden-Württemberg
"Katja Strauss-Köster (CDU/CSU, 138 - Ennepe-Ruhr-Kreis II)",,,,,,,no evidence,,0,https://www.abgeordnetenwatch.de/profile/katja-strauss-koester,,CDU/CSU,138 - Ennepe-Ruhr-Kreis II
"Konrad Körner (CDU/CSU, 241 - Erlangen)",,,,,,,no evidence,,0,https://www.abgeordnetenwatch.de/profile/konrad-koerner,,CDU/CSU,241 - Erlangen
"Kurt Klaus Kleinschmidt (AfD, Landesliste Schleswig-Holstein)",,,,,,,no evidence,,0,https://www.abgeordnetenwatch.de/profile/kurt-klaus-kleinschmidt,,AfD,Landesliste Schleswig-Holstein
"Lars Haise (AfD, Landesliste Baden-Württemberg)",,,,,,,no evidence,,0,https://www.abgeordnetenwatch.de/profile/lars-haise,,AfD,Landesliste Baden-Württemberg
"Lars Schieske (AfD, 64 - Cottbus – Spree-Neiße)",,,,,,,no evidence,,0,https://www.abgeordnetenwatch.de/profile/lars-schieske,,AfD,64 - Cottbus – Spree-Neiße
"Leif Bodin (CDU/CSU, 2 - Nordfriesland – Dithmarschen Nord)",,,,,,,no evidence,,0,https://www.abgeordnetenwatch.de/profile/leif-bodin,,CDU/CSU,2 - Nordfriesland – Dithmarschen Nord
"Lisa Schubert (Die Linke, Landesliste Nordrhein-Westfalen)",,,,,,,no evidence,,0,https://www.abgeordnetenwatch.de/profile/lisa-schubert,,Die Linke,Landesliste Nordrhein-Westfalen
"Luigi Pantisano (Die Linke, Landesliste Baden-Württemberg)",,,,,,,no evidence,,0,https://www.abgeordnetenwatch.de/profile/luigi-pantisano,,Die Linke,Landesliste Baden-Württemberg
"Lukas Krieger (CDU/CSU, 79 - Berlin-Charlottenburg-Wilmersdorf)",,,,,,,no evidence,,0,https://www.abgeordnetenwatch.de/profile/lukas-krieger,,CDU/CSU,79 - Berlin-Charlottenburg-Wilmersdorf
"Luke Hoß (Die Linke, Landesliste Bayern)",,,,,,,no evidence,,0,https://www.abgeordnetenwatch.de/profile/luke-hoss,,Die Linke,Landesliste Bayern
"Lutz Brinkmann (CDU/CSU, 38 - Osnabrück-Land)",,,,,,,no evidence,,0,https://www.abgeordnetenwatch.de/profile/lutz-brinkmann,,CDU/CSU,38 - Osnabrück-Land
Manfred Schiller (AfD),,,,,,,no evidence,,0,https://www.abgeordnetenwatch.de/profile/manfred-schiller,,AfD,
Manuel Johannes Krauthausen (AfD),,,,,,,no evidence,,0,https://www.abgeordnetenwatch.de/profile/manuel-johannes-krauthausen,,AfD,
"Marcel Bauer (Die Linke, Landesliste Baden-Württemberg)",,,,,,,no evidence,,0,https://www.abgeordnetenwatch.de/profile/marcel-bauer,,Die Linke,Landesliste Baden-Württemberg
"Marcel Queckemeyer (AfD, Landesliste Niedersachsen)",,,,,,,no evidence,,0,https://www.abgeordnetenwatch.de/profile/marcel-queckemeyer,,AfD,Landesliste Niedersachsen
Markus Matzerath (AfD),,,,,,,no evidence,,0,https://www.abgeordnetenwatch.de/profile/markus-matzerath,,AfD,
"Marvin Schulz (CDU/CSU, 76 - Berlin-Reinickendorf)",,,,,,,no evidence,,0,https://www.abgeordnetenwatch.de/profile/marvin-schulz,,CDU/CSU,76 - Berlin-Reinickendorf
"Mathias Weiser (AfD, 165 - Vogtlandkreis)",,,,,,,no evidence,,0,https://www.abgeordnetenwatch.de/profile/mathias-weiser,,AfD,165 - Vogtlandkreis
"Matthias Hiller (CDU/CSU, 262 - Nürtingen)",,,,,,,no evidence,,0,https://www.abgeordnetenwatch.de/profile/matthias-hiller,,CDU/CSU,262 - Nürtingen
"Maximilian Kneller (AfD, Landesliste Nordrhein-Westfalen)",,,,,,,no evidence,,0,https://www.abgeordnetenwatch.de/profile/maximilian-kneller,,AfD,Landesliste Nordrhein-Westfalen
"Maximilian Krah (AfD, 162 - Chemnitzer Umland – Erzgebirgskreis II)",,,,,,,no evidence,,0,https://www.abgeordnetenwatch.de/profile/maximilian-krah,,AfD,162 - Chemnitzer Umland – Erzgebirgskreis II
"Mayra Vriesema (BÜNDNIS 90/DIE GRÜNEN, Landesliste Schleswig-Holstein)",,,,,,,no evidence,,0,https://www.abgeordnetenwatch.de/profile/mayra-vriesema,,BÜNDNIS 90/DIE GRÜNEN,Landesliste Schleswig-Holstein
"Micha Fehre (AfD, Landesliste Niedersachsen)",,,,,,,no evidence,,0,https://www.abgeordnetenwatch.de/profile/micha-fehre,,AfD,Landesliste Niedersachsen
"Michael Blos (AfD, Landesliste Baden-Württemberg)",,,,,,,no evidence,,0,https://www.abgeordnetenwatch.de/profile/michael-blos,,AfD,Landesliste Baden-Württemberg
"Michael Hose (CDU/CSU, Landesliste Thüringen)",,,,,,,no evidence,,0,https://www.abgeordnetenwatch.de/profile/michael-hose,,CDU/CSU,Landesliste Thüringen
"Mirco Hanker (AfD, Landesliste Niedersachsen)",,,,,,,no evidence,,0,https://www.abgeordnetenwatch.de/profile/mirco-hanker,,AfD,Landesliste Niedersachsen
"Moritz Heuberger (BÜNDNIS 90/DIE GRÜNEN, 80 - Berlin-Tempelhof-Schöneberg)",,,,,,,no evidence,,0,https://www.abgeordnetenwatch.de/profile/moritz-heuberger,,BÜNDNIS 90/DIE GRÜNEN,80 - Berlin-Tempelhof-Schöneberg
"Nancy Faeser (SPD, Landesliste Hessen)",,,,,,,no evidence,,0,https://www.abgeordnetenwatch.de/profile/nancy-faeser,,SPD,Landesliste Hessen
"Nicklas Kappe (CDU/CSU, 124 - Bottrop – Recklinghausen III)",,,,,,,no evidence,,0,https://www.abgeordnetenwatch.de/profile/nicklas-kappe,,CDU/CSU,124 - Bottrop – Recklinghausen III
"Nicolas Zippelius (CDU/CSU, 272 - Karlsruhe-Land)",,,,,,,no evidence,,0,https://www.abgeordnetenwatch.de/profile/nicolas-zippelius,,CDU/CSU,272 - Karlsruhe-Land
Olaf Hilmer (AfD),,,,,,,no evidence,,0,https://www.abgeordnetenwatch.de/profile/olaf-hilmer,,AfD,
"Oliver Pöpsel (CDU/CSU, 145 - Soest)",,,,,,,no evidence,,0,https://www.abgeordnetenwatch.de/profile/oliver-poepsel,,CDU/CSU,145 - Soest
"Ottilie Klein (CDU/CSU, Landesliste Berlin)",,,,,,,no evidence,,0,https://www.abgeordnetenwatch.de/profile/ottilie-klein,,CDU/CSU,Landesliste Berlin
Paul Schmidt (AfD),,,,,,,no evidence,,0,https://www.abgeordnetenwatch.de/profile/paul-schmidt,,AfD,
"Peter Beyer (CDU/CSU, 104 - Mettmann II)",,,,,,,no evidence,,0,https://www.abgeordnetenwatch.de/profile/peter-beyer,,CDU/CSU,104 - Mettmann II
Peter Bohnhof (AfD),,,,,,,no evidence,,0,https://www.abgeordnetenwatch.de/profile/peter-bohnhof,,AfD,
"Philip Hoffmann (CDU/CSU, 297 - Saarlouis)",,,,,,,no evidence,,0,https://www.abgeordnetenwatch.de/profile/philip-hoffmann,,CDU/CSU,297 - Saarlouis
"Philipp Rottwilm (SPD, Landesliste Hessen)",,,,,,,no evidence,,0,https://www.abgeordnetenwatch.de/profile/philipp-rottwilm,,SPD,Landesliste Hessen
"Pierre Lamely (AfD, Landesliste Hessen)",,,,,,,no evidence,,0,https://www.abgeordnetenwatch.de/profile/pierre-lamely,,AfD,Landesliste Hessen
"Raimond Scheirich (AfD, Landesliste Bayern)",,,,,,,no evidence,,0,https://www.abgeordnetenwatch.de/profile/raimond-scheirich,,AfD,Landesliste Bayern
Rainer Gross (AfD),,,,,,,no evidence,,0,https://www.abgeordnetenwatch.de/profile/rainer-gross-0,,AfD,
"Rebecca Lenhard (BÜNDNIS 90/DIE GRÜNEN, Landesliste Bayern)",,,,,,,no evidence,,0,https://www.abgeordnetenwatch.de/profile/rebecca-lenhard,,BÜNDNIS 90/DIE GRÜNEN,Landesliste Bayern
Reinhard Mixl (AfD),,,,,,,no evidence,,0,https://www.abgeordnetenwatch.de/profile/reinhard-mixl,,AfD,
"Reza Asghari (CDU/CSU, Landesliste Niedersachsen)",,,,,,,no evidence,,0,https://www.abgeordnetenwatch.de/profile/reza-asghari,,CDU/CSU,Landesliste Niedersachsen
"Robert Teske (AfD, 195 - Suhl – Schmalkalden-Meiningen – Hildburghausen – Sonneberg)",,,,,,,no evidence,,0,https://www.abgeordnetenwatch.de/profile/robert-teske,,AfD,195 - Suhl – Schmalkalden-Meiningen – Hildburghausen – Sonneberg
"Robin Jünger (AfD, Landesliste Hessen)",,,,,,,no evidence,,0,https://www.abgeordnetenwatch.de/profile/robin-juenger,,AfD,Landesliste Hessen
"Roland Theis (CDU/CSU, 298 - St. Wendel)",,,,,,,no evidence,,0,https://www.abgeordnetenwatch.de/profile/roland-theis,,CDU/CSU,298 - St. Wendel
"Ruben Rupp (AfD, Landesliste Baden-Württemberg)",,,,,,,no evidence,,0,https://www.abgeordnetenwatch.de/profile/ruben-rupp,,AfD,Landesliste Baden-Württemberg
"Sahra Mirow (Die Linke, Landesliste Baden-Württemberg)",,,,,,,no evidence,,0,https://www.abgeordnetenwatch.de/profile/sahra-mirow,,Die Linke,Landesliste Baden-Württemberg
"Sandra Stein (BÜNDNIS 90/DIE GRÜNEN, Landesliste Nordrhein-Westfalen)",,,,,,,no evidence,,0,https://www.abgeordnetenwatch.de/profile/sandra-stein,,BÜNDNIS 90/DIE GRÜNEN,Landesliste Nordrhein-Westfalen
"Serdar Yüksel (SPD, 139 - Bochum I)",,,,,,,no evidence,,0,https://www.abgeordnetenwatch.de/profile/serdar-yueksel,,SPD,139 - Bochum I
"Sergej Minich (AfD, Landesliste Bremen)",,,,,,,no evidence,,0,https://www.abgeordnetenwatch.de/profile/sergej-minich,,AfD,Landesliste Bremen
Sieghard Knodel (fraktionslos),,,,,,,no evidence,,0,https://www.abgeordnetenwatch.de/profile/sieghard-knodel,,fraktionslos,
Stefan Glaser (CDU/CSU),,,,,,,no evidence,,0,https://www.abgeordnetenwatch.de/profile/stefan-glaser,,CDU/CSU,
"Stefan Henze (AfD, Landesliste Niedersachsen)",,,,,,,no evidence,,0,https://www.abgeordnetenwatch.de/profile/stefan-henze,,AfD,Landesliste Niedersachsen
"Stefan Korbach (CDU/CSU, 178 - Wiesbaden)",,,,,,,no evidence,,0,https://www.abgeordnetenwatch.de/profile/stefan-korbach,,CDU/CSU,178 - Wiesbaden
"Stefan Schröder (AfD, 190 - Jena – Sömmerda – Weimarer Land I)",,,,,,,no evidence,,0,https://www.abgeordnetenwatch.de/profile/stefan-schroeder,,AfD,190 - Jena – Sömmerda – Weimarer Land I
"Sven Wendorf (AfD, Landesliste Schleswig-Holstein)",,,,,,,no evidence,,0,https://www.abgeordnetenwatch.de/profile/sven-wendorf,,AfD,Landesliste Schleswig-Holstein
"Thomas Fetsch (AfD, Landesliste Hessen)",,,,,,,no evidence,,0,https://www.abgeordnetenwatch.de/profile/thomas-fetsch,,AfD,Landesliste Hessen
"Thomas Korell (AfD, 66 - Altmark – Jerichower Land)",,,,,,,no evidence,,0,https://www.abgeordnetenwatch.de/profile/thomas-korell,,AfD,66 - Altmark – Jerichower Land
"Thomas Ladzinski (AfD, 158 - Dresden I)",,,,,,,no evidence,,0,https://www.abgeordnetenwatch.de/profile/thomas-ladzinski,,AfD,158 - Dresden I
"Thomas Pauls (CDU/CSU, 176 - Wetterau I)",,,,,,,no evidence,,0,https://www.abgeordnetenwatch.de/profile/thomas-pauls,,CDU/CSU,176 - Wetterau I
"Thomas Röwekamp (CDU/CSU, Landesliste Bremen)",,,,,,,no evidence,,0,https://www.abgeordnetenwatch.de/profile/thomas-roewekamp,,CDU/CSU,Landesliste Bremen
"Thomas Stephan (AfD, Landesliste Rheinland-Pfalz)",,,,,,,no evidence,,0,https://www.abgeordnetenwatch.de/profile/thomas-stephan,,AfD,Landesliste Rheinland-Pfalz
"Tijen Ataoğlu (CDU/CSU, 137 - Hagen – Ennepe-Ruhr-Kreis I)",,,,,,,no evidence,,0,https://www.abgeordnetenwatch.de/profile/tijen-ataoglu,,CDU/CSU,137 - Hagen – Ennepe-Ruhr-Kreis I
"Timon Dzienus (BÜNDNIS 90/DIE GRÜNEN, Landesliste Niedersachsen)",,,,,,,no evidence,,0,https://www.abgeordnetenwatch.de/profile/timon-dzienus,,BÜNDNIS 90/DIE GRÜNEN,Landesliste Niedersachsen
"Tobias Teich (AfD, Landesliste Bayern)",,,,,,,no evidence,,0,https://www.abgeordnetenwatch.de/profile/tobias-teich,,AfD,Landesliste Bayern
Torben Braga (AfD),,,,,,,no evidence,,0,https://www.abgeordnetenwatch.de/profile/torben-braga,,AfD,
"Truels Reichardt (SPD, Landesliste Schleswig-Holstein)",,,,,,,no evidence,,0,https://www.abgeordnetenwatch.de/profile/truels-reichardt,,SPD,Landesliste Schleswig-Holstein
"Ulrich von Zons (AfD, Landesliste Nordrhein-Westfalen)",,,,,,,no evidence,,0,https://www.abgeordnetenwatch.de/profile/ulrich-von-zons,,AfD,Landesliste Nordrhein-Westfalen
"Vanessa-Kim Zobel (CDU/CSU, 30 - Stade I – Rotenburg II)",,,,,,,no evidence,,0,https://www.abgeordnetenwatch.de/profile/vanessa-kim-zobel,,CDU/CSU,30 - Stade I – Rotenburg II
"Victoria Broßart (BÜNDNIS 90/DIE GRÜNEN, Landesliste Bayern)",,,,,,,no evidence,,0,https://www.abgeordnetenwatch.de/profile/victoria-brossart,,BÜNDNIS 90/DIE GRÜNEN,Landesliste Bayern
"Violetta Bock (Die Linke, Landesliste Hessen)",,,,,,,no evidence,,0,https://www.abgeordnetenwatch.de/profile/violetta-bock,,Die Linke,Landesliste Hessen
"Vivian Tauschwitz (CDU/CSU, Landesliste Niedersachsen)",,,,,,,no evidence,,0,https://www.abgeordnetenwatch.de/profile/vivian-tauschwitz,,CDU/CSU,Landesliste Niedersachsen
"Volker Scheurell (AfD, 70 - Anhalt – Dessau – Wittenberg)",,,,,,,no evidence,,0,https://www.abgeordnetenwatch.de/profile/volker-scheurell,,AfD,70 - Anhalt – Dessau – Wittenberg
"Wilhelm Gebhard (CDU/CSU, 168 - Werra-Meißner – Hersfeld-Rotenburg)",,,,,,,no evidence,,0,https://www.abgeordnetenwatch.de/profile/wilhelm-gebhard,,CDU/CSU,168 - Werra-Meißner – Hersfeld-Rotenburg
"Wolfgang Dahler (CDU/CSU, 292 - Biberach)",,,,,,,no evidence,,0,https://www.abgeordnetenwatch.de/profile/wolfgang-dahler,,CDU/CSU,292 - Biberach
"Yannick Bury (CDU/CSU, 283 - Emmendingen – Lahr)",,,,,,,no evidence,,0,https://www.abgeordnetenwatch.de/profile/yannick-bury,,CDU/CSU,283 - Emmendingen – Lahr
Totals - 630 sitting decision-makers,25,18,31,8,34,,"no evidence: 150; on record, not placed: 364",,,,,,
