Decision-Maker,++,+,0,-,--,Target (Y/N),Based on,Confidence,Evidence items,Profile,Comments,Party,Riding
David Eggen (NDP) - Edmonton-North West,,,1,,,,no confirmed reading,n/a (evidence only),10,,"VOTE YEA as Alberta New Democratic Party: 2021-11-22 ab-30-2/75 Committee of the Whole (the amendment was defeated on division, 8-26 8-26) [no reading -- not placed] | VOTE YEA as Alberta New Democratic Party: 2021-11-22 ab-30-2/75 Committee of the Whole (the amendment was defeated on division, 7-26 7-26) [no reading -- not placed] | VOTE NAY as Alberta New Democratic Party: 2024-11-27 ab-31-1/24 Third Reading (the motion was carried on division, 46-31 (voice vote before the division: The question being put, the motion was defeated) 46-31) [no reading -- not placed] | VOTE NAY as Alberta New Democratic Party: 2018-05-03 ab-29-4/9 Second Reading (the amendment was defeated on division, 1-41 1-41) [no reading -- not placed] | VOTE NAY as Alberta New Democratic Party: 2014-12-03 ab-28-3/10 Motion (the motion was carried on division, 42-12 42-12) [no reading -- not placed] | VOTE NAY as Alberta New Democratic Party: 2014-12-03 ab-28-3/10 Committee of the Whole (the motion was carried on division, 38-17 38-17) [no reading -- not placed] | VOTE NAY as Alberta New Democratic Party: 2014-12-02 ab-28-3/10 Second Reading (the bill was carried on division, 42-10 42-10) [no reading -- not placed] | 2024-11-26 NO RECORDED VOTE: 2024-11-26 ab-31-1/24 Committee of the Whole (the clauses was carried on division, 41-30 (voice vote before the division: The question being put on the remaining clauses of Bill 24, Alberta Bill of Rights Amendment Act, 2024, the motion was agreed to) 41-30) | 2024-10-30 NO RECORDED VOTE: 2024-10-30 ab-31-1/24 Committee of the Whole (the amendment was defeated on division, 18-46 (voice vote before the division: The question being put, the amendment was defeated) 18-46) | 2024-10-28 NO RECORDED VOTE: 2024-10-28 ab-31-1/24 motion (the motion was defeated on division, 18-46 (voice vote before the division: the Regional Health Authorities Act, during the period from January 1, 2023, to December 31, 2023? The question being put, the motion was defeated) 18-46)",NDP,Edmonton-North West
Mike Ellis (UC) - Calgary-West,,,1,,,,no confirmed reading,n/a (evidence only),9,,"VOTE YEA as United Conservative: 2024-11-27 ab-31-1/24 Third Reading (the motion was carried on division, 46-31 (voice vote before the division: The question being put, the motion was defeated) 46-31) [no reading -- not placed] | VOTE YEA as United Conservative: 2024-11-26 ab-31-1/24 Committee of the Whole (the clauses was carried on division, 41-30 (voice vote before the division: The question being put on the remaining clauses of Bill 24, Alberta Bill of Rights Amendment Act, 2024, the motion was agreed to) 41-30) [no reading -- not placed] | VOTE YEA as Progressive Conservative: 2014-12-03 ab-28-3/10 Motion (the motion was carried on division, 42-12 42-12) [no reading -- not placed] | VOTE YEA as Progressive Conservative: 2014-12-03 ab-28-3/10 Committee of the Whole (the motion was carried on division, 38-17 38-17) [no reading -- not placed] | VOTE YEA as Progressive Conservative: 2014-12-02 ab-28-3/10 Second Reading (the bill was carried on division, 42-10 42-10) [no reading -- not placed] | VOTE NAY as United Conservative: 2024-10-30 ab-31-1/24 Committee of the Whole (the amendment was defeated on division, 18-46 (voice vote before the division: The question being put, the amendment was defeated) 18-46) [no reading -- not placed] | VOTE NAY as United Conservative: 2024-10-28 ab-31-1/24 motion (the motion was defeated on division, 18-46 (voice vote before the division: the Regional Health Authorities Act, during the period from January 1, 2023, to December 31, 2023? The question being put, the motion was defeated) 18-46) [no reading -- not placed] | VOTE NAY as United Conservative: 2021-11-22 ab-30-2/75 Committee of the Whole (the amendment was defeated on division, 8-26 8-26) [no reading -- not placed] | VOTE NAY as United Conservative: 2021-11-22 ab-30-2/75 Committee of the Whole (the amendment was defeated on division, 7-26 7-26) [no reading -- not placed]",UC,Calgary-West
Irfan Sabir (NDP) - Calgary-Bhullar-McCall,,,1,,,,no confirmed reading,n/a (evidence only),7,,"VOTE YEA as Alberta New Democratic Party: 2024-10-30 ab-31-1/24 Committee of the Whole (the amendment was defeated on division, 18-46 (voice vote before the division: The question being put, the amendment was defeated) 18-46) [no reading -- not placed] | VOTE YEA as Alberta New Democratic Party: 2024-10-28 ab-31-1/24 motion (the motion was defeated on division, 18-46 (voice vote before the division: the Regional Health Authorities Act, during the period from January 1, 2023, to December 31, 2023? The question being put, the motion was defeated) 18-46) [no reading -- not placed] | VOTE YEA as Alberta New Democratic Party: 2021-11-22 ab-30-2/75 Committee of the Whole (the amendment was defeated on division, 8-26 8-26) [no reading -- not placed] | VOTE YEA as Alberta New Democratic Party: 2021-11-22 ab-30-2/75 Committee of the Whole (the amendment was defeated on division, 7-26 7-26) [no reading -- not placed] | VOTE NAY as Alberta New Democratic Party: 2024-11-27 ab-31-1/24 Third Reading (the motion was carried on division, 46-31 (voice vote before the division: The question being put, the motion was defeated) 46-31) [no reading -- not placed] | VOTE NAY as Alberta New Democratic Party: 2024-11-26 ab-31-1/24 Committee of the Whole (the clauses was carried on division, 41-30 (voice vote before the division: The question being put on the remaining clauses of Bill 24, Alberta Bill of Rights Amendment Act, 2024, the motion was agreed to) 41-30) [no reading -- not placed] | VOTE NAY as Alberta New Democratic Party: 2018-05-03 ab-29-4/9 Second Reading (the amendment was defeated on division, 1-41 1-41) [no reading -- not placed]",NDP,Calgary-Bhullar-McCall
Joseph Schow (UC) - Cardston-Siksika,,,1,,,,no confirmed reading,n/a (evidence only),7,,"VOTE YEA as United Conservative: 2024-11-27 ab-31-1/24 Third Reading (the motion was carried on division, 46-31 (voice vote before the division: The question being put, the motion was defeated) 46-31) [no reading -- not placed] | VOTE YEA as United Conservative: 2024-11-26 ab-31-1/24 Committee of the Whole (the clauses was carried on division, 41-30 (voice vote before the division: The question being put on the remaining clauses of Bill 24, Alberta Bill of Rights Amendment Act, 2024, the motion was agreed to) 41-30) [no reading -- not placed] | VOTE YEA as United Conservative: 2021-11-02 ab-30-2/75 Motion (the motion was carried on division, 27-7 27-7) [no reading -- not placed] | VOTE NAY as United Conservative: 2024-10-30 ab-31-1/24 Committee of the Whole (the amendment was defeated on division, 18-46 (voice vote before the division: The question being put, the amendment was defeated) 18-46) [no reading -- not placed] | VOTE NAY as United Conservative: 2024-10-28 ab-31-1/24 motion (the motion was defeated on division, 18-46 (voice vote before the division: the Regional Health Authorities Act, during the period from January 1, 2023, to December 31, 2023? The question being put, the motion was defeated) 18-46) [no reading -- not placed] | VOTE NAY as United Conservative: 2021-11-22 ab-30-2/75 Committee of the Whole (the amendment was defeated on division, 8-26 8-26) [no reading -- not placed] | VOTE NAY as United Conservative: 2021-11-22 ab-30-2/75 Committee of the Whole (the amendment was defeated on division, 7-26 7-26) [no reading -- not placed]",UC,Cardston-Siksika
Nathan Neudorf (UC) - Lethbridge-East,,,1,,,,no confirmed reading,n/a (evidence only),7,,"VOTE YEA as United Conservative: 2024-11-27 ab-31-1/24 Third Reading (the motion was carried on division, 46-31 (voice vote before the division: The question being put, the motion was defeated) 46-31) [no reading -- not placed] | VOTE YEA as United Conservative: 2021-11-02 ab-30-2/75 Motion (the motion was carried on division, 27-7 27-7) [no reading -- not placed] | VOTE NAY as United Conservative: 2024-10-30 ab-31-1/24 Committee of the Whole (the amendment was defeated on division, 18-46 (voice vote before the division: The question being put, the amendment was defeated) 18-46) [no reading -- not placed] | VOTE NAY as United Conservative: 2024-10-28 ab-31-1/24 motion (the motion was defeated on division, 18-46 (voice vote before the division: the Regional Health Authorities Act, during the period from January 1, 2023, to December 31, 2023? The question being put, the motion was defeated) 18-46) [no reading -- not placed] | VOTE NAY as United Conservative: 2021-11-22 ab-30-2/75 Committee of the Whole (the amendment was defeated on division, 8-26 8-26) [no reading -- not placed] | VOTE NAY as United Conservative: 2021-11-22 ab-30-2/75 Committee of the Whole (the amendment was defeated on division, 7-26 7-26) [no reading -- not placed] | 2024-11-26 NO RECORDED VOTE: 2024-11-26 ab-31-1/24 Committee of the Whole (the clauses was carried on division, 41-30 (voice vote before the division: The question being put on the remaining clauses of Bill 24, Alberta Bill of Rights Amendment Act, 2024, the motion was agreed to) 41-30)",UC,Lethbridge-East
Nicole Goehring (NDP) - Edmonton-Castle Downs,,,1,,,,no confirmed reading,n/a (evidence only),7,,"VOTE YEA as Alberta New Democratic Party: 2024-10-30 ab-31-1/24 Committee of the Whole (the amendment was defeated on division, 18-46 (voice vote before the division: The question being put, the amendment was defeated) 18-46) [no reading -- not placed] | VOTE YEA as Alberta New Democratic Party: 2024-10-28 ab-31-1/24 motion (the motion was defeated on division, 18-46 (voice vote before the division: the Regional Health Authorities Act, during the period from January 1, 2023, to December 31, 2023? The question being put, the motion was defeated) 18-46) [no reading -- not placed] | VOTE YEA as Alberta New Democratic Party: 2021-11-22 ab-30-2/75 Committee of the Whole (the amendment was defeated on division, 8-26 8-26) [no reading -- not placed] | VOTE YEA as Alberta New Democratic Party: 2021-11-22 ab-30-2/75 Committee of the Whole (the amendment was defeated on division, 7-26 7-26) [no reading -- not placed] | VOTE NAY as Alberta New Democratic Party: 2024-11-27 ab-31-1/24 Third Reading (the motion was carried on division, 46-31 (voice vote before the division: The question being put, the motion was defeated) 46-31) [no reading -- not placed] | VOTE NAY as Alberta New Democratic Party: 2024-11-26 ab-31-1/24 Committee of the Whole (the clauses was carried on division, 41-30 (voice vote before the division: The question being put on the remaining clauses of Bill 24, Alberta Bill of Rights Amendment Act, 2024, the motion was agreed to) 41-30) [no reading -- not placed] | VOTE NAY as Alberta New Democratic Party: 2018-05-03 ab-29-4/9 Second Reading (the amendment was defeated on division, 1-41 1-41) [no reading -- not placed]",NDP,Edmonton-Castle Downs
Ric McIver (UC) - Calgary-Hays,,,1,,,,no confirmed reading,n/a (evidence only),7,,"VOTE YEA as United Conservative: 2024-11-27 ab-31-1/24 Third Reading (the motion was carried on division, 46-31 (voice vote before the division: The question being put, the motion was defeated) 46-31) [no reading -- not placed] | VOTE YEA as United Conservative: 2024-11-26 ab-31-1/24 Committee of the Whole (the clauses was carried on division, 41-30 (voice vote before the division: The question being put on the remaining clauses of Bill 24, Alberta Bill of Rights Amendment Act, 2024, the motion was agreed to) 41-30) [no reading -- not placed] | VOTE YEA as Progressive Conservative: 2014-12-03 ab-28-3/10 Motion (the motion was carried on division, 42-12 42-12) [no reading -- not placed] | VOTE YEA as Progressive Conservative: 2014-12-03 ab-28-3/10 Committee of the Whole (the motion was carried on division, 38-17 38-17) [no reading -- not placed] | VOTE YEA as Progressive Conservative: 2014-12-02 ab-28-3/10 Second Reading (the bill was carried on division, 42-10 42-10) [no reading -- not placed] | VOTE NAY as United Conservative: 2024-10-30 ab-31-1/24 Committee of the Whole (the amendment was defeated on division, 18-46 (voice vote before the division: The question being put, the amendment was defeated) 18-46) [no reading -- not placed] | VOTE NAY as United Conservative: 2024-10-28 ab-31-1/24 motion (the motion was defeated on division, 18-46 (voice vote before the division: the Regional Health Authorities Act, during the period from January 1, 2023, to December 31, 2023? The question being put, the motion was defeated) 18-46) [no reading -- not placed]",UC,Calgary-Hays
Tany Yao (UC) - Fort McMurray-Wood Buffalo,,,1,,,,no confirmed reading,n/a (evidence only),7,,"VOTE YEA as United Conservative: 2024-11-27 ab-31-1/24 Third Reading (the motion was carried on division, 46-31 (voice vote before the division: The question being put, the motion was defeated) 46-31) [no reading -- not placed] | VOTE YEA as United Conservative: 2024-11-26 ab-31-1/24 Committee of the Whole (the clauses was carried on division, 41-30 (voice vote before the division: The question being put on the remaining clauses of Bill 24, Alberta Bill of Rights Amendment Act, 2024, the motion was agreed to) 41-30) [no reading -- not placed] | VOTE YEA as United Conservative: 2021-11-02 ab-30-2/75 Motion (the motion was carried on division, 27-7 27-7) [no reading -- not placed] | VOTE NAY as United Conservative: 2024-10-30 ab-31-1/24 Committee of the Whole (the amendment was defeated on division, 18-46 (voice vote before the division: The question being put, the amendment was defeated) 18-46) [no reading -- not placed] | VOTE NAY as United Conservative: 2024-10-28 ab-31-1/24 motion (the motion was defeated on division, 18-46 (voice vote before the division: the Regional Health Authorities Act, during the period from January 1, 2023, to December 31, 2023? The question being put, the motion was defeated) 18-46) [no reading -- not placed] | VOTE NAY as United Conservative: 2021-11-22 ab-30-2/75 Committee of the Whole (the amendment was defeated on division, 8-26 8-26) [no reading -- not placed] | VOTE NAY as United Conservative: 2021-11-22 ab-30-2/75 Committee of the Whole (the amendment was defeated on division, 7-26 7-26) [no reading -- not placed]",UC,Fort McMurray-Wood Buffalo
Adriana LaGrange (UC) - Red Deer-North,,,1,,,,no confirmed reading,n/a (evidence only),6,,"VOTE YEA as United Conservative: 2024-11-27 ab-31-1/24 Third Reading (the motion was carried on division, 46-31 (voice vote before the division: The question being put, the motion was defeated) 46-31) [no reading -- not placed] | VOTE YEA as United Conservative: 2024-11-26 ab-31-1/24 Committee of the Whole (the clauses was carried on division, 41-30 (voice vote before the division: The question being put on the remaining clauses of Bill 24, Alberta Bill of Rights Amendment Act, 2024, the motion was agreed to) 41-30) [no reading -- not placed] | VOTE NAY as United Conservative: 2024-10-30 ab-31-1/24 Committee of the Whole (the amendment was defeated on division, 18-46 (voice vote before the division: The question being put, the amendment was defeated) 18-46) [no reading -- not placed] | VOTE NAY as United Conservative: 2024-10-28 ab-31-1/24 motion (the motion was defeated on division, 18-46 (voice vote before the division: the Regional Health Authorities Act, during the period from January 1, 2023, to December 31, 2023? The question being put, the motion was defeated) 18-46) [no reading -- not placed] | VOTE NAY as United Conservative: 2021-11-22 ab-30-2/75 Committee of the Whole (the amendment was defeated on division, 8-26 8-26) [no reading -- not placed] | VOTE NAY as United Conservative: 2021-11-22 ab-30-2/75 Committee of the Whole (the amendment was defeated on division, 7-26 7-26) [no reading -- not placed]",UC,Red Deer-North
Christina Gray (NDP) - Edmonton-Mill Woods,,,1,,,,no confirmed reading,n/a (evidence only),6,,"VOTE NAY as Alberta New Democratic Party: 2024-11-27 ab-31-1/24 Third Reading (the motion was carried on division, 46-31 (voice vote before the division: The question being put, the motion was defeated) 46-31) [no reading -- not placed] | VOTE NAY as Alberta New Democratic Party: 2024-11-26 ab-31-1/24 Committee of the Whole (the clauses was carried on division, 41-30 (voice vote before the division: The question being put on the remaining clauses of Bill 24, Alberta Bill of Rights Amendment Act, 2024, the motion was agreed to) 41-30) [no reading -- not placed] | VOTE NAY as Alberta New Democratic Party: 2021-11-02 ab-30-2/75 Motion (the motion was carried on division, 27-7 27-7) [no reading -- not placed] | VOTE NAY as Alberta New Democratic Party: 2018-05-03 ab-29-4/9 Second Reading (the amendment was defeated on division, 1-41 1-41) [no reading -- not placed] | 2024-10-30 NO RECORDED VOTE: 2024-10-30 ab-31-1/24 Committee of the Whole (the amendment was defeated on division, 18-46 (voice vote before the division: The question being put, the amendment was defeated) 18-46) | 2024-10-28 NO RECORDED VOTE: 2024-10-28 ab-31-1/24 motion (the motion was defeated on division, 18-46 (voice vote before the division: the Regional Health Authorities Act, during the period from January 1, 2023, to December 31, 2023? The question being put, the motion was defeated) 18-46)",NDP,Edmonton-Mill Woods
Dan Williams (UC) - Peace River,,,1,,,,no confirmed reading,n/a (evidence only),6,,"VOTE YEA as United Conservative: 2024-11-27 ab-31-1/24 Third Reading (the motion was carried on division, 46-31 (voice vote before the division: The question being put, the motion was defeated) 46-31) [no reading -- not placed] | VOTE YEA as United Conservative: 2024-11-26 ab-31-1/24 Committee of the Whole (the clauses was carried on division, 41-30 (voice vote before the division: The question being put on the remaining clauses of Bill 24, Alberta Bill of Rights Amendment Act, 2024, the motion was agreed to) 41-30) [no reading -- not placed] | VOTE NAY as United Conservative: 2024-10-30 ab-31-1/24 Committee of the Whole (the amendment was defeated on division, 18-46 (voice vote before the division: The question being put, the amendment was defeated) 18-46) [no reading -- not placed] | VOTE NAY as United Conservative: 2024-10-28 ab-31-1/24 motion (the motion was defeated on division, 18-46 (voice vote before the division: the Regional Health Authorities Act, during the period from January 1, 2023, to December 31, 2023? The question being put, the motion was defeated) 18-46) [no reading -- not placed] | VOTE NAY as United Conservative: 2021-11-22 ab-30-2/75 Committee of the Whole (the amendment was defeated on division, 8-26 8-26) [no reading -- not placed] | VOTE NAY as United Conservative: 2021-11-22 ab-30-2/75 Committee of the Whole (the amendment was defeated on division, 7-26 7-26) [no reading -- not placed]",UC,Peace River
David Shepherd (NDP) - Edmonton-City Centre,,,1,,,,no confirmed reading,n/a (evidence only),6,,"VOTE NAY as Alberta New Democratic Party: 2024-11-27 ab-31-1/24 Third Reading (the motion was carried on division, 46-31 (voice vote before the division: The question being put, the motion was defeated) 46-31) [no reading -- not placed] | VOTE NAY as Alberta New Democratic Party: 2024-11-26 ab-31-1/24 Committee of the Whole (the clauses was carried on division, 41-30 (voice vote before the division: The question being put on the remaining clauses of Bill 24, Alberta Bill of Rights Amendment Act, 2024, the motion was agreed to) 41-30) [no reading -- not placed] | VOTE NAY as Alberta New Democratic Party: 2021-11-02 ab-30-2/75 Motion (the motion was carried on division, 27-7 27-7) [no reading -- not placed] | VOTE NAY as Alberta New Democratic Party: 2018-05-03 ab-29-4/9 Second Reading (the amendment was defeated on division, 1-41 1-41) [no reading -- not placed] | 2024-10-30 NO RECORDED VOTE: 2024-10-30 ab-31-1/24 Committee of the Whole (the amendment was defeated on division, 18-46 (voice vote before the division: The question being put, the amendment was defeated) 18-46) | 2024-10-28 NO RECORDED VOTE: 2024-10-28 ab-31-1/24 motion (the motion was defeated on division, 18-46 (voice vote before the division: the Regional Health Authorities Act, during the period from January 1, 2023, to December 31, 2023? The question being put, the motion was defeated) 18-46)",NDP,Edmonton-City Centre
Garth Rowswell (UC) - Vermilion-Lloydminster-Wainwright,,,1,,,,no confirmed reading,n/a (evidence only),6,,"VOTE YEA as United Conservative: 2024-11-27 ab-31-1/24 Third Reading (the motion was carried on division, 46-31 (voice vote before the division: The question being put, the motion was defeated) 46-31) [no reading -- not placed] | VOTE YEA as United Conservative: 2024-11-26 ab-31-1/24 Committee of the Whole (the clauses was carried on division, 41-30 (voice vote before the division: The question being put on the remaining clauses of Bill 24, Alberta Bill of Rights Amendment Act, 2024, the motion was agreed to) 41-30) [no reading -- not placed] | VOTE NAY as United Conservative: 2024-10-30 ab-31-1/24 Committee of the Whole (the amendment was defeated on division, 18-46 (voice vote before the division: The question being put, the amendment was defeated) 18-46) [no reading -- not placed] | VOTE NAY as United Conservative: 2024-10-28 ab-31-1/24 motion (the motion was defeated on division, 18-46 (voice vote before the division: the Regional Health Authorities Act, during the period from January 1, 2023, to December 31, 2023? The question being put, the motion was defeated) 18-46) [no reading -- not placed] | VOTE NAY as United Conservative: 2021-11-22 ab-30-2/75 Committee of the Whole (the amendment was defeated on division, 8-26 8-26) [no reading -- not placed] | VOTE NAY as United Conservative: 2021-11-22 ab-30-2/75 Committee of the Whole (the amendment was defeated on division, 7-26 7-26) [no reading -- not placed]",UC,Vermilion-Lloydminster-Wainwright
Heather Sweet (NDP) - Edmonton-Manning,,,1,,,,no confirmed reading,n/a (evidence only),6,,"VOTE YEA as Alberta New Democratic Party: 2024-10-30 ab-31-1/24 Committee of the Whole (the amendment was defeated on division, 18-46 (voice vote before the division: The question being put, the amendment was defeated) 18-46) [no reading -- not placed] | VOTE YEA as Alberta New Democratic Party: 2024-10-28 ab-31-1/24 motion (the motion was defeated on division, 18-46 (voice vote before the division: the Regional Health Authorities Act, during the period from January 1, 2023, to December 31, 2023? The question being put, the motion was defeated) 18-46) [no reading -- not placed] | VOTE YEA as Alberta New Democratic Party: 2021-11-22 ab-30-2/75 Committee of the Whole (the amendment was defeated on division, 8-26 8-26) [no reading -- not placed] | VOTE YEA as Alberta New Democratic Party: 2021-11-22 ab-30-2/75 Committee of the Whole (the amendment was defeated on division, 7-26 7-26) [no reading -- not placed] | 2024-11-27 NO RECORDED VOTE: 2024-11-27 ab-31-1/24 Third Reading (the motion was carried on division, 46-31 (voice vote before the division: The question being put, the motion was defeated) 46-31) | 2024-11-26 NO RECORDED VOTE: 2024-11-26 ab-31-1/24 Committee of the Whole (the clauses was carried on division, 41-30 (voice vote before the division: The question being put on the remaining clauses of Bill 24, Alberta Bill of Rights Amendment Act, 2024, the motion was agreed to) 41-30)",NDP,Edmonton-Manning
Jackie Armstrong-Homeniuk (UC) - Fort Saskatchewan-Vegreville,,,1,,,,no confirmed reading,n/a (evidence only),6,,"VOTE YEA as United Conservative: 2024-11-27 ab-31-1/24 Third Reading (the motion was carried on division, 46-31 (voice vote before the division: The question being put, the motion was defeated) 46-31) [no reading -- not placed] | VOTE YEA as United Conservative: 2024-11-26 ab-31-1/24 Committee of the Whole (the clauses was carried on division, 41-30 (voice vote before the division: The question being put on the remaining clauses of Bill 24, Alberta Bill of Rights Amendment Act, 2024, the motion was agreed to) 41-30) [no reading -- not placed] | VOTE NAY as United Conservative: 2024-10-30 ab-31-1/24 Committee of the Whole (the amendment was defeated on division, 18-46 (voice vote before the division: The question being put, the amendment was defeated) 18-46) [no reading -- not placed] | VOTE NAY as United Conservative: 2024-10-28 ab-31-1/24 motion (the motion was defeated on division, 18-46 (voice vote before the division: the Regional Health Authorities Act, during the period from January 1, 2023, to December 31, 2023? The question being put, the motion was defeated) 18-46) [no reading -- not placed] | VOTE NAY as United Conservative: 2021-11-22 ab-30-2/75 Committee of the Whole (the amendment was defeated on division, 8-26 8-26) [no reading -- not placed] | VOTE NAY as United Conservative: 2021-11-22 ab-30-2/75 Committee of the Whole (the amendment was defeated on division, 7-26 7-26) [no reading -- not placed]",UC,Fort Saskatchewan-Vegreville
Jackie Lovely (UC) - Camrose,,,1,,,,no confirmed reading,n/a (evidence only),6,,"VOTE YEA as United Conservative: 2024-11-27 ab-31-1/24 Third Reading (the motion was carried on division, 46-31 (voice vote before the division: The question being put, the motion was defeated) 46-31) [no reading -- not placed] | VOTE YEA as United Conservative: 2024-11-26 ab-31-1/24 Committee of the Whole (the clauses was carried on division, 41-30 (voice vote before the division: The question being put on the remaining clauses of Bill 24, Alberta Bill of Rights Amendment Act, 2024, the motion was agreed to) 41-30) [no reading -- not placed] | VOTE NAY as United Conservative: 2024-10-30 ab-31-1/24 Committee of the Whole (the amendment was defeated on division, 18-46 (voice vote before the division: The question being put, the amendment was defeated) 18-46) [no reading -- not placed] | VOTE NAY as United Conservative: 2024-10-28 ab-31-1/24 motion (the motion was defeated on division, 18-46 (voice vote before the division: the Regional Health Authorities Act, during the period from January 1, 2023, to December 31, 2023? The question being put, the motion was defeated) 18-46) [no reading -- not placed] | VOTE NAY as United Conservative: 2021-11-22 ab-30-2/75 Committee of the Whole (the amendment was defeated on division, 8-26 8-26) [no reading -- not placed] | VOTE NAY as United Conservative: 2021-11-22 ab-30-2/75 Committee of the Whole (the amendment was defeated on division, 7-26 7-26) [no reading -- not placed]",UC,Camrose
Jasvir Deol (NDP) - Edmonton-Meadows,,,1,,,,no confirmed reading,n/a (evidence only),6,,"VOTE YEA as Alberta New Democratic Party: 2021-11-22 ab-30-2/75 Committee of the Whole (the amendment was defeated on division, 8-26 8-26) [no reading -- not placed] | VOTE YEA as Alberta New Democratic Party: 2021-11-22 ab-30-2/75 Committee of the Whole (the amendment was defeated on division, 7-26 7-26) [no reading -- not placed] | VOTE NAY as Alberta New Democratic Party: 2024-11-27 ab-31-1/24 Third Reading (the motion was carried on division, 46-31 (voice vote before the division: The question being put, the motion was defeated) 46-31) [no reading -- not placed] | VOTE NAY as Alberta New Democratic Party: 2024-11-26 ab-31-1/24 Committee of the Whole (the clauses was carried on division, 41-30 (voice vote before the division: The question being put on the remaining clauses of Bill 24, Alberta Bill of Rights Amendment Act, 2024, the motion was agreed to) 41-30) [no reading -- not placed] | 2024-10-30 NO RECORDED VOTE: 2024-10-30 ab-31-1/24 Committee of the Whole (the amendment was defeated on division, 18-46 (voice vote before the division: The question being put, the amendment was defeated) 18-46) | 2024-10-28 NO RECORDED VOTE: 2024-10-28 ab-31-1/24 motion (the motion was defeated on division, 18-46 (voice vote before the division: the Regional Health Authorities Act, during the period from January 1, 2023, to December 31, 2023? The question being put, the motion was defeated) 18-46)",NDP,Edmonton-Meadows
Joe Ceci (NDP) - Calgary-Buffalo,,,1,,,,no confirmed reading,n/a (evidence only),6,,"VOTE YEA as Alberta New Democratic Party: 2024-10-30 ab-31-1/24 Committee of the Whole (the amendment was defeated on division, 18-46 (voice vote before the division: The question being put, the amendment was defeated) 18-46) [no reading -- not placed] | VOTE YEA as Alberta New Democratic Party: 2024-10-28 ab-31-1/24 motion (the motion was defeated on division, 18-46 (voice vote before the division: the Regional Health Authorities Act, during the period from January 1, 2023, to December 31, 2023? The question being put, the motion was defeated) 18-46) [no reading -- not placed] | VOTE NAY as Alberta New Democratic Party: 2024-11-27 ab-31-1/24 Third Reading (the motion was carried on division, 46-31 (voice vote before the division: The question being put, the motion was defeated) 46-31) [no reading -- not placed] | VOTE NAY as Alberta New Democratic Party: 2024-11-26 ab-31-1/24 Committee of the Whole (the clauses was carried on division, 41-30 (voice vote before the division: The question being put on the remaining clauses of Bill 24, Alberta Bill of Rights Amendment Act, 2024, the motion was agreed to) 41-30) [no reading -- not placed] | VOTE NAY as Alberta New Democratic Party: 2021-11-02 ab-30-2/75 Motion (the motion was carried on division, 27-7 27-7) [no reading -- not placed] | VOTE NAY as Alberta New Democratic Party: 2018-05-03 ab-29-4/9 Second Reading (the amendment was defeated on division, 1-41 1-41) [no reading -- not placed]",NDP,Calgary-Buffalo
Kathleen Ganley (NDP) - Calgary-Mountain View,,,1,,,,no confirmed reading,n/a (evidence only),6,,"VOTE YEA as Alberta New Democratic Party: 2024-10-28 ab-31-1/24 motion (the motion was defeated on division, 18-46 (voice vote before the division: the Regional Health Authorities Act, during the period from January 1, 2023, to December 31, 2023? The question being put, the motion was defeated) 18-46) [no reading -- not placed] | VOTE YEA as Alberta New Democratic Party: 2021-11-22 ab-30-2/75 Committee of the Whole (the amendment was defeated on division, 8-26 8-26) [no reading -- not placed] | VOTE YEA as Alberta New Democratic Party: 2021-11-22 ab-30-2/75 Committee of the Whole (the amendment was defeated on division, 7-26 7-26) [no reading -- not placed] | VOTE NAY as Alberta New Democratic Party: 2024-11-26 ab-31-1/24 Committee of the Whole (the clauses was carried on division, 41-30 (voice vote before the division: The question being put on the remaining clauses of Bill 24, Alberta Bill of Rights Amendment Act, 2024, the motion was agreed to) 41-30) [no reading -- not placed] | 2024-11-27 NO RECORDED VOTE: 2024-11-27 ab-31-1/24 Third Reading (the motion was carried on division, 46-31 (voice vote before the division: The question being put, the motion was defeated) 46-31) | 2024-10-30 NO RECORDED VOTE: 2024-10-30 ab-31-1/24 Committee of the Whole (the amendment was defeated on division, 18-46 (voice vote before the division: The question being put, the amendment was defeated) 18-46)",NDP,Calgary-Mountain View
Lorne Dach (NDP) - Edmonton-McClung,,,1,,,,no confirmed reading,n/a (evidence only),6,,"VOTE YEA as Alberta New Democratic Party: 2024-10-30 ab-31-1/24 Committee of the Whole (the amendment was defeated on division, 18-46 (voice vote before the division: The question being put, the amendment was defeated) 18-46) [no reading -- not placed] | VOTE YEA as Alberta New Democratic Party: 2024-10-28 ab-31-1/24 motion (the motion was defeated on division, 18-46 (voice vote before the division: the Regional Health Authorities Act, during the period from January 1, 2023, to December 31, 2023? The question being put, the motion was defeated) 18-46) [no reading -- not placed] | VOTE NAY as Alberta New Democratic Party: 2024-11-27 ab-31-1/24 Third Reading (the motion was carried on division, 46-31 (voice vote before the division: The question being put, the motion was defeated) 46-31) [no reading -- not placed] | VOTE NAY as Alberta New Democratic Party: 2024-11-26 ab-31-1/24 Committee of the Whole (the clauses was carried on division, 41-30 (voice vote before the division: The question being put on the remaining clauses of Bill 24, Alberta Bill of Rights Amendment Act, 2024, the motion was agreed to) 41-30) [no reading -- not placed] | VOTE NAY as Alberta New Democratic Party: 2021-11-02 ab-30-2/75 Motion (the motion was carried on division, 27-7 27-7) [no reading -- not placed] | VOTE NAY as Alberta New Democratic Party: 2018-05-03 ab-29-4/9 Second Reading (the amendment was defeated on division, 1-41 1-41) [no reading -- not placed]",NDP,Edmonton-McClung
Pete Guthrie (PTP) - Airdrie-Cochrane,,,1,,,,no confirmed reading,n/a (evidence only),6,,"VOTE YEA as United Conservative: 2024-11-27 ab-31-1/24 Third Reading (the motion was carried on division, 46-31 (voice vote before the division: The question being put, the motion was defeated) 46-31) [no reading -- not placed] | VOTE YEA as United Conservative: 2024-11-26 ab-31-1/24 Committee of the Whole (the clauses was carried on division, 41-30 (voice vote before the division: The question being put on the remaining clauses of Bill 24, Alberta Bill of Rights Amendment Act, 2024, the motion was agreed to) 41-30) [no reading -- not placed] | VOTE NAY as United Conservative: 2024-10-30 ab-31-1/24 Committee of the Whole (the amendment was defeated on division, 18-46 (voice vote before the division: The question being put, the amendment was defeated) 18-46) [no reading -- not placed] | VOTE NAY as United Conservative: 2024-10-28 ab-31-1/24 motion (the motion was defeated on division, 18-46 (voice vote before the division: the Regional Health Authorities Act, during the period from January 1, 2023, to December 31, 2023? The question being put, the motion was defeated) 18-46) [no reading -- not placed] | VOTE NAY as United Conservative: 2021-11-22 ab-30-2/75 Committee of the Whole (the amendment was defeated on division, 8-26 8-26) [no reading -- not placed] | VOTE NAY as United Conservative: 2021-11-22 ab-30-2/75 Committee of the Whole (the amendment was defeated on division, 7-26 7-26) [no reading -- not placed]",PTP,Airdrie-Cochrane
R.J. Sigurdson (UC) - Highwood,,,1,,,,no confirmed reading,n/a (evidence only),6,,"VOTE YEA as United Conservative: 2024-11-27 ab-31-1/24 Third Reading (the motion was carried on division, 46-31 (voice vote before the division: The question being put, the motion was defeated) 46-31) [no reading -- not placed] | VOTE YEA as United Conservative: 2024-11-26 ab-31-1/24 Committee of the Whole (the clauses was carried on division, 41-30 (voice vote before the division: The question being put on the remaining clauses of Bill 24, Alberta Bill of Rights Amendment Act, 2024, the motion was agreed to) 41-30) [no reading -- not placed] | VOTE NAY as United Conservative: 2024-10-30 ab-31-1/24 Committee of the Whole (the amendment was defeated on division, 18-46 (voice vote before the division: The question being put, the amendment was defeated) 18-46) [no reading -- not placed] | VOTE NAY as United Conservative: 2024-10-28 ab-31-1/24 motion (the motion was defeated on division, 18-46 (voice vote before the division: the Regional Health Authorities Act, during the period from January 1, 2023, to December 31, 2023? The question being put, the motion was defeated) 18-46) [no reading -- not placed] | VOTE NAY as United Conservative: 2021-11-22 ab-30-2/75 Committee of the Whole (the amendment was defeated on division, 8-26 8-26) [no reading -- not placed] | VOTE NAY as United Conservative: 2021-11-22 ab-30-2/75 Committee of the Whole (the amendment was defeated on division, 7-26 7-26) [no reading -- not placed]",UC,Highwood
Rajan Sawhney (UC) - Calgary-North West,,,1,,,,no confirmed reading,n/a (evidence only),6,,"VOTE YEA as United Conservative: 2024-11-27 ab-31-1/24 Third Reading (the motion was carried on division, 46-31 (voice vote before the division: The question being put, the motion was defeated) 46-31) [no reading -- not placed] | VOTE YEA as United Conservative: 2024-11-26 ab-31-1/24 Committee of the Whole (the clauses was carried on division, 41-30 (voice vote before the division: The question being put on the remaining clauses of Bill 24, Alberta Bill of Rights Amendment Act, 2024, the motion was agreed to) 41-30) [no reading -- not placed] | VOTE NAY as United Conservative: 2024-10-30 ab-31-1/24 Committee of the Whole (the amendment was defeated on division, 18-46 (voice vote before the division: The question being put, the amendment was defeated) 18-46) [no reading -- not placed] | VOTE NAY as United Conservative: 2024-10-28 ab-31-1/24 motion (the motion was defeated on division, 18-46 (voice vote before the division: the Regional Health Authorities Act, during the period from January 1, 2023, to December 31, 2023? The question being put, the motion was defeated) 18-46) [no reading -- not placed] | VOTE NAY as United Conservative: 2021-11-22 ab-30-2/75 Committee of the Whole (the amendment was defeated on division, 8-26 8-26) [no reading -- not placed] | VOTE NAY as United Conservative: 2021-11-22 ab-30-2/75 Committee of the Whole (the amendment was defeated on division, 7-26 7-26) [no reading -- not placed]",UC,Calgary-North West
Sarah Hoffman (NDP) - Edmonton-Glenora,,,1,,,,no confirmed reading,n/a (evidence only),6,,"VOTE YEA as Alberta New Democratic Party: 2024-10-30 ab-31-1/24 Committee of the Whole (the amendment was defeated on division, 18-46 (voice vote before the division: The question being put, the amendment was defeated) 18-46) [no reading -- not placed] | VOTE NAY as Alberta New Democratic Party: 2024-11-27 ab-31-1/24 Third Reading (the motion was carried on division, 46-31 (voice vote before the division: The question being put, the motion was defeated) 46-31) [no reading -- not placed] | VOTE NAY as Alberta New Democratic Party: 2024-11-26 ab-31-1/24 Committee of the Whole (the clauses was carried on division, 41-30 (voice vote before the division: The question being put on the remaining clauses of Bill 24, Alberta Bill of Rights Amendment Act, 2024, the motion was agreed to) 41-30) [no reading -- not placed] | VOTE NAY as Alberta New Democratic Party: 2021-11-02 ab-30-2/75 Motion (the motion was carried on division, 27-7 27-7) [no reading -- not placed] | VOTE NAY as Alberta New Democratic Party: 2018-05-03 ab-29-4/9 Second Reading (the amendment was defeated on division, 1-41 1-41) [no reading -- not placed] | 2024-10-28 NO RECORDED VOTE: 2024-10-28 ab-31-1/24 motion (the motion was defeated on division, 18-46 (voice vote before the division: the Regional Health Authorities Act, during the period from January 1, 2023, to December 31, 2023? The question being put, the motion was defeated) 18-46)",NDP,Edmonton-Glenora
Dale Nally (UC) - Morinville-St. Albert,,,1,,,,no confirmed reading,n/a (evidence only),5,,"VOTE YEA as United Conservative: 2024-11-27 ab-31-1/24 Third Reading (the motion was carried on division, 46-31 (voice vote before the division: The question being put, the motion was defeated) 46-31) [no reading -- not placed] | VOTE YEA as United Conservative: 2024-11-26 ab-31-1/24 Committee of the Whole (the clauses was carried on division, 41-30 (voice vote before the division: The question being put on the remaining clauses of Bill 24, Alberta Bill of Rights Amendment Act, 2024, the motion was agreed to) 41-30) [no reading -- not placed] | VOTE YEA as United Conservative: 2021-11-02 ab-30-2/75 Motion (the motion was carried on division, 27-7 27-7) [no reading -- not placed] | VOTE NAY as United Conservative: 2024-10-30 ab-31-1/24 Committee of the Whole (the amendment was defeated on division, 18-46 (voice vote before the division: The question being put, the amendment was defeated) 18-46) [no reading -- not placed] | VOTE NAY as United Conservative: 2024-10-28 ab-31-1/24 motion (the motion was defeated on division, 18-46 (voice vote before the division: the Regional Health Authorities Act, during the period from January 1, 2023, to December 31, 2023? The question being put, the motion was defeated) 18-46) [no reading -- not placed]",UC,Morinville-St. Albert
Danielle Smith (UC) - Brooks-Medicine Hat,,,1,,,,no confirmed reading,n/a (evidence only),5,,"VOTE NAY as Wildrose Alliance: 2014-12-02 ab-28-3/10 Second Reading (the bill was carried on division, 42-10 42-10) [no reading -- not placed] | VOTE NAY as United Conservative: 2024-10-30 ab-31-1/24 Committee of the Whole (the amendment was defeated on division, 18-46 (voice vote before the division: The question being put, the amendment was defeated) 18-46) [no reading -- not placed] | 2024-11-27 NO RECORDED VOTE: 2024-11-27 ab-31-1/24 Third Reading (the motion was carried on division, 46-31 (voice vote before the division: The question being put, the motion was defeated) 46-31) | 2024-11-26 NO RECORDED VOTE: 2024-11-26 ab-31-1/24 Committee of the Whole (the clauses was carried on division, 41-30 (voice vote before the division: The question being put on the remaining clauses of Bill 24, Alberta Bill of Rights Amendment Act, 2024, the motion was agreed to) 41-30) | 2024-10-28 NO RECORDED VOTE: 2024-10-28 ab-31-1/24 motion (the motion was defeated on division, 18-46 (voice vote before the division: the Regional Health Authorities Act, during the period from January 1, 2023, to December 31, 2023? The question being put, the motion was defeated) 18-46)",UC,Brooks-Medicine Hat
Demetrios Nicolaides (UC) - Calgary-Bow,,,1,,,,no confirmed reading,n/a (evidence only),5,,"VOTE YEA as United Conservative: 2024-11-27 ab-31-1/24 Third Reading (the motion was carried on division, 46-31 (voice vote before the division: The question being put, the motion was defeated) 46-31) [no reading -- not placed] | VOTE YEA as United Conservative: 2024-11-26 ab-31-1/24 Committee of the Whole (the clauses was carried on division, 41-30 (voice vote before the division: The question being put on the remaining clauses of Bill 24, Alberta Bill of Rights Amendment Act, 2024, the motion was agreed to) 41-30) [no reading -- not placed] | VOTE YEA as United Conservative: 2021-11-02 ab-30-2/75 Motion (the motion was carried on division, 27-7 27-7) [no reading -- not placed] | VOTE NAY as United Conservative: 2024-10-30 ab-31-1/24 Committee of the Whole (the amendment was defeated on division, 18-46 (voice vote before the division: The question being put, the amendment was defeated) 18-46) [no reading -- not placed] | VOTE NAY as United Conservative: 2024-10-28 ab-31-1/24 motion (the motion was defeated on division, 18-46 (voice vote before the division: the Regional Health Authorities Act, during the period from January 1, 2023, to December 31, 2023? The question being put, the motion was defeated) 18-46) [no reading -- not placed]",UC,Calgary-Bow
Devin Dreeshen (UC) - Innisfail-Sylvan Lake,,,1,,,,no confirmed reading,n/a (evidence only),5,,"VOTE YEA as United Conservative: 2024-11-27 ab-31-1/24 Third Reading (the motion was carried on division, 46-31 (voice vote before the division: The question being put, the motion was defeated) 46-31) [no reading -- not placed] | VOTE YEA as United Conservative: 2024-11-26 ab-31-1/24 Committee of the Whole (the clauses was carried on division, 41-30 (voice vote before the division: The question being put on the remaining clauses of Bill 24, Alberta Bill of Rights Amendment Act, 2024, the motion was agreed to) 41-30) [no reading -- not placed] | VOTE YEA as United Conservative: 2021-11-02 ab-30-2/75 Motion (the motion was carried on division, 27-7 27-7) [no reading -- not placed] | VOTE NAY as United Conservative: 2024-10-30 ab-31-1/24 Committee of the Whole (the amendment was defeated on division, 18-46 (voice vote before the division: The question being put, the amendment was defeated) 18-46) [no reading -- not placed] | VOTE NAY as United Conservative: 2024-10-28 ab-31-1/24 motion (the motion was defeated on division, 18-46 (voice vote before the division: the Regional Health Authorities Act, during the period from January 1, 2023, to December 31, 2023? The question being put, the motion was defeated) 18-46) [no reading -- not placed]",UC,Innisfail-Sylvan Lake
Glenn van Dijken (UC) - Athabasca-Barrhead-Westlock,,,1,,,,no confirmed reading,n/a (evidence only),5,,"VOTE YEA as United Conservative: 2024-11-27 ab-31-1/24 Third Reading (the motion was carried on division, 46-31 (voice vote before the division: The question being put, the motion was defeated) 46-31) [no reading -- not placed] | VOTE YEA as United Conservative: 2024-11-26 ab-31-1/24 Committee of the Whole (the clauses was carried on division, 41-30 (voice vote before the division: The question being put on the remaining clauses of Bill 24, Alberta Bill of Rights Amendment Act, 2024, the motion was agreed to) 41-30) [no reading -- not placed] | VOTE YEA as United Conservative: 2021-11-02 ab-30-2/75 Motion (the motion was carried on division, 27-7 27-7) [no reading -- not placed] | VOTE NAY as United Conservative: 2024-10-30 ab-31-1/24 Committee of the Whole (the amendment was defeated on division, 18-46 (voice vote before the division: The question being put, the amendment was defeated) 18-46) [no reading -- not placed] | VOTE NAY as United Conservative: 2024-10-28 ab-31-1/24 motion (the motion was defeated on division, 18-46 (voice vote before the division: the Regional Health Authorities Act, during the period from January 1, 2023, to December 31, 2023? The question being put, the motion was defeated) 18-46) [no reading -- not placed]",UC,Athabasca-Barrhead-Westlock
Grant Hunter (UC) - Taber-Warner,,,1,,,,no confirmed reading,n/a (evidence only),5,,"VOTE YEA as United Conservative: 2024-11-27 ab-31-1/24 Third Reading (the motion was carried on division, 46-31 (voice vote before the division: The question being put, the motion was defeated) 46-31) [no reading -- not placed] | VOTE YEA as United Conservative: 2024-11-26 ab-31-1/24 Committee of the Whole (the clauses was carried on division, 41-30 (voice vote before the division: The question being put on the remaining clauses of Bill 24, Alberta Bill of Rights Amendment Act, 2024, the motion was agreed to) 41-30) [no reading -- not placed] | VOTE YEA as United Conservative: 2021-11-02 ab-30-2/75 Motion (the motion was carried on division, 27-7 27-7) [no reading -- not placed] | VOTE NAY as United Conservative: 2024-10-30 ab-31-1/24 Committee of the Whole (the amendment was defeated on division, 18-46 (voice vote before the division: The question being put, the amendment was defeated) 18-46) [no reading -- not placed] | VOTE NAY as United Conservative: 2024-10-28 ab-31-1/24 motion (the motion was defeated on division, 18-46 (voice vote before the division: the Regional Health Authorities Act, during the period from January 1, 2023, to December 31, 2023? The question being put, the motion was defeated) 18-46) [no reading -- not placed]",UC,Taber-Warner
Jason Stephan (UC) - Red Deer-South,,,1,,,,no confirmed reading,n/a (evidence only),5,,"VOTE YEA as United Conservative: 2024-11-27 ab-31-1/24 Third Reading (the motion was carried on division, 46-31 (voice vote before the division: The question being put, the motion was defeated) 46-31) [no reading -- not placed] | VOTE YEA as United Conservative: 2024-11-26 ab-31-1/24 Committee of the Whole (the clauses was carried on division, 41-30 (voice vote before the division: The question being put on the remaining clauses of Bill 24, Alberta Bill of Rights Amendment Act, 2024, the motion was agreed to) 41-30) [no reading -- not placed] | VOTE YEA as United Conservative: 2021-11-02 ab-30-2/75 Motion (the motion was carried on division, 27-7 27-7) [no reading -- not placed] | VOTE NAY as United Conservative: 2024-10-30 ab-31-1/24 Committee of the Whole (the amendment was defeated on division, 18-46 (voice vote before the division: The question being put, the amendment was defeated) 18-46) [no reading -- not placed] | VOTE NAY as United Conservative: 2024-10-28 ab-31-1/24 motion (the motion was defeated on division, 18-46 (voice vote before the division: the Regional Health Authorities Act, during the period from January 1, 2023, to December 31, 2023? The question being put, the motion was defeated) 18-46) [no reading -- not placed]",UC,Red Deer-South
Lori Sigurdson (NDP) - Edmonton-Riverview,,,1,,,,no confirmed reading,n/a (evidence only),5,,"VOTE YEA as Alberta New Democratic Party: 2024-10-30 ab-31-1/24 Committee of the Whole (the amendment was defeated on division, 18-46 (voice vote before the division: The question being put, the amendment was defeated) 18-46) [no reading -- not placed] | VOTE YEA as Alberta New Democratic Party: 2024-10-28 ab-31-1/24 motion (the motion was defeated on division, 18-46 (voice vote before the division: the Regional Health Authorities Act, during the period from January 1, 2023, to December 31, 2023? The question being put, the motion was defeated) 18-46) [no reading -- not placed] | VOTE NAY as Alberta New Democratic Party: 2024-11-27 ab-31-1/24 Third Reading (the motion was carried on division, 46-31 (voice vote before the division: The question being put, the motion was defeated) 46-31) [no reading -- not placed] | VOTE NAY as Alberta New Democratic Party: 2018-05-03 ab-29-4/9 Second Reading (the amendment was defeated on division, 1-41 1-41) [no reading -- not placed] | 2024-11-26 NO RECORDED VOTE: 2024-11-26 ab-31-1/24 Committee of the Whole (the clauses was carried on division, 41-30 (voice vote before the division: The question being put on the remaining clauses of Bill 24, Alberta Bill of Rights Amendment Act, 2024, the motion was agreed to) 41-30)",NDP,Edmonton-Riverview
Marlin Schmidt (NDP) - Edmonton-Gold Bar,,,1,,,,no confirmed reading,n/a (evidence only),5,,"VOTE NAY as Alberta New Democratic Party: 2024-11-27 ab-31-1/24 Third Reading (the motion was carried on division, 46-31 (voice vote before the division: The question being put, the motion was defeated) 46-31) [no reading -- not placed] | VOTE NAY as Alberta New Democratic Party: 2018-05-03 ab-29-4/9 Second Reading (the amendment was defeated on division, 1-41 1-41) [no reading -- not placed] | 2024-11-26 NO RECORDED VOTE: 2024-11-26 ab-31-1/24 Committee of the Whole (the clauses was carried on division, 41-30 (voice vote before the division: The question being put on the remaining clauses of Bill 24, Alberta Bill of Rights Amendment Act, 2024, the motion was agreed to) 41-30) | 2024-10-30 NO RECORDED VOTE: 2024-10-30 ab-31-1/24 Committee of the Whole (the amendment was defeated on division, 18-46 (voice vote before the division: The question being put, the amendment was defeated) 18-46) | 2024-10-28 NO RECORDED VOTE: 2024-10-28 ab-31-1/24 motion (the motion was defeated on division, 18-46 (voice vote before the division: the Regional Health Authorities Act, during the period from January 1, 2023, to December 31, 2023? The question being put, the motion was defeated) 18-46)",NDP,Edmonton-Gold Bar
Martin Long (UC) - West Yellowhead,,,1,,,,no confirmed reading,n/a (evidence only),5,,"VOTE YEA as United Conservative: 2024-11-27 ab-31-1/24 Third Reading (the motion was carried on division, 46-31 (voice vote before the division: The question being put, the motion was defeated) 46-31) [no reading -- not placed] | VOTE YEA as United Conservative: 2024-11-26 ab-31-1/24 Committee of the Whole (the clauses was carried on division, 41-30 (voice vote before the division: The question being put on the remaining clauses of Bill 24, Alberta Bill of Rights Amendment Act, 2024, the motion was agreed to) 41-30) [no reading -- not placed] | VOTE YEA as United Conservative: 2021-11-02 ab-30-2/75 Motion (the motion was carried on division, 27-7 27-7) [no reading -- not placed] | VOTE NAY as United Conservative: 2024-10-30 ab-31-1/24 Committee of the Whole (the amendment was defeated on division, 18-46 (voice vote before the division: The question being put, the amendment was defeated) 18-46) [no reading -- not placed] | VOTE NAY as United Conservative: 2024-10-28 ab-31-1/24 motion (the motion was defeated on division, 18-46 (voice vote before the division: the Regional Health Authorities Act, during the period from January 1, 2023, to December 31, 2023? The question being put, the motion was defeated) 18-46) [no reading -- not placed]",UC,West Yellowhead
Mickey Amery (UC) - Calgary-Cross,,,1,,,,no confirmed reading,n/a (evidence only),5,,"VOTE YEA as United Conservative: 2024-11-27 ab-31-1/24 Third Reading (the motion was carried on division, 46-31 (voice vote before the division: The question being put, the motion was defeated) 46-31) [no reading -- not placed] | VOTE YEA as United Conservative: 2024-11-26 ab-31-1/24 Committee of the Whole (the clauses was carried on division, 41-30 (voice vote before the division: The question being put on the remaining clauses of Bill 24, Alberta Bill of Rights Amendment Act, 2024, the motion was agreed to) 41-30) [no reading -- not placed] | VOTE YEA as United Conservative: 2021-11-02 ab-30-2/75 Motion (the motion was carried on division, 27-7 27-7) [no reading -- not placed] | VOTE NAY as United Conservative: 2024-10-30 ab-31-1/24 Committee of the Whole (the amendment was defeated on division, 18-46 (voice vote before the division: The question being put, the amendment was defeated) 18-46) [no reading -- not placed] | VOTE NAY as United Conservative: 2024-10-28 ab-31-1/24 motion (the motion was defeated on division, 18-46 (voice vote before the division: the Regional Health Authorities Act, during the period from January 1, 2023, to December 31, 2023? The question being put, the motion was defeated) 18-46) [no reading -- not placed]",UC,Calgary-Cross
Muhammad Yaseen (UC) - Calgary-North,,,1,,,,no confirmed reading,n/a (evidence only),5,,"VOTE YEA as United Conservative: 2024-11-27 ab-31-1/24 Third Reading (the motion was carried on division, 46-31 (voice vote before the division: The question being put, the motion was defeated) 46-31) [no reading -- not placed] | VOTE YEA as United Conservative: 2024-11-26 ab-31-1/24 Committee of the Whole (the clauses was carried on division, 41-30 (voice vote before the division: The question being put on the remaining clauses of Bill 24, Alberta Bill of Rights Amendment Act, 2024, the motion was agreed to) 41-30) [no reading -- not placed] | VOTE YEA as United Conservative: 2021-11-02 ab-30-2/75 Motion (the motion was carried on division, 27-7 27-7) [no reading -- not placed] | VOTE NAY as United Conservative: 2024-10-30 ab-31-1/24 Committee of the Whole (the amendment was defeated on division, 18-46 (voice vote before the division: The question being put, the amendment was defeated) 18-46) [no reading -- not placed] | VOTE NAY as United Conservative: 2024-10-28 ab-31-1/24 motion (the motion was defeated on division, 18-46 (voice vote before the division: the Regional Health Authorities Act, during the period from January 1, 2023, to December 31, 2023? The question being put, the motion was defeated) 18-46) [no reading -- not placed]",UC,Calgary-North
Nate Horner (UC) - Drumheller-Stettler,,,1,,,,no confirmed reading,n/a (evidence only),5,,"VOTE YEA as United Conservative: 2021-11-02 ab-30-2/75 Motion (the motion was carried on division, 27-7 27-7) [no reading -- not placed] | VOTE NAY as United Conservative: 2024-10-30 ab-31-1/24 Committee of the Whole (the amendment was defeated on division, 18-46 (voice vote before the division: The question being put, the amendment was defeated) 18-46) [no reading -- not placed] | VOTE NAY as United Conservative: 2024-10-28 ab-31-1/24 motion (the motion was defeated on division, 18-46 (voice vote before the division: the Regional Health Authorities Act, during the period from January 1, 2023, to December 31, 2023? The question being put, the motion was defeated) 18-46) [no reading -- not placed] | 2024-11-27 NO RECORDED VOTE: 2024-11-27 ab-31-1/24 Third Reading (the motion was carried on division, 46-31 (voice vote before the division: The question being put, the motion was defeated) 46-31) | 2024-11-26 NO RECORDED VOTE: 2024-11-26 ab-31-1/24 Committee of the Whole (the clauses was carried on division, 41-30 (voice vote before the division: The question being put on the remaining clauses of Bill 24, Alberta Bill of Rights Amendment Act, 2024, the motion was agreed to) 41-30)",UC,Drumheller-Stettler
Peter Singh (UC) - Calgary-East,,,1,,,,no confirmed reading,n/a (evidence only),5,,"VOTE YEA as United Conservative: 2024-11-27 ab-31-1/24 Third Reading (the motion was carried on division, 46-31 (voice vote before the division: The question being put, the motion was defeated) 46-31) [no reading -- not placed] | VOTE YEA as United Conservative: 2021-11-02 ab-30-2/75 Motion (the motion was carried on division, 27-7 27-7) [no reading -- not placed] | VOTE NAY as United Conservative: 2024-10-30 ab-31-1/24 Committee of the Whole (the amendment was defeated on division, 18-46 (voice vote before the division: The question being put, the amendment was defeated) 18-46) [no reading -- not placed] | VOTE NAY as United Conservative: 2024-10-28 ab-31-1/24 motion (the motion was defeated on division, 18-46 (voice vote before the division: the Regional Health Authorities Act, during the period from January 1, 2023, to December 31, 2023? The question being put, the motion was defeated) 18-46) [no reading -- not placed] | 2024-11-26 NO RECORDED VOTE: 2024-11-26 ab-31-1/24 Committee of the Whole (the clauses was carried on division, 41-30 (voice vote before the division: The question being put on the remaining clauses of Bill 24, Alberta Bill of Rights Amendment Act, 2024, the motion was agreed to) 41-30)",UC,Calgary-East
Rick Wilson (UC) - Maskwacis-Wetaskiwin,,,1,,,,no confirmed reading,n/a (evidence only),5,,"VOTE YEA as United Conservative: 2024-11-27 ab-31-1/24 Third Reading (the motion was carried on division, 46-31 (voice vote before the division: The question being put, the motion was defeated) 46-31) [no reading -- not placed] | VOTE YEA as United Conservative: 2024-11-26 ab-31-1/24 Committee of the Whole (the clauses was carried on division, 41-30 (voice vote before the division: The question being put on the remaining clauses of Bill 24, Alberta Bill of Rights Amendment Act, 2024, the motion was agreed to) 41-30) [no reading -- not placed] | VOTE YEA as United Conservative: 2021-11-02 ab-30-2/75 Motion (the motion was carried on division, 27-7 27-7) [no reading -- not placed] | VOTE NAY as United Conservative: 2024-10-30 ab-31-1/24 Committee of the Whole (the amendment was defeated on division, 18-46 (voice vote before the division: The question being put, the amendment was defeated) 18-46) [no reading -- not placed] | VOTE NAY as United Conservative: 2024-10-28 ab-31-1/24 motion (the motion was defeated on division, 18-46 (voice vote before the division: the Regional Health Authorities Act, during the period from January 1, 2023, to December 31, 2023? The question being put, the motion was defeated) 18-46) [no reading -- not placed]",UC,Maskwacis-Wetaskiwin
Searle Turton (UC) - Spruce Grove-Stony Plain,,,1,,,,no confirmed reading,n/a (evidence only),5,,"VOTE YEA as United Conservative: 2024-11-27 ab-31-1/24 Third Reading (the motion was carried on division, 46-31 (voice vote before the division: The question being put, the motion was defeated) 46-31) [no reading -- not placed] | VOTE YEA as United Conservative: 2024-11-26 ab-31-1/24 Committee of the Whole (the clauses was carried on division, 41-30 (voice vote before the division: The question being put on the remaining clauses of Bill 24, Alberta Bill of Rights Amendment Act, 2024, the motion was agreed to) 41-30) [no reading -- not placed] | VOTE YEA as United Conservative: 2021-11-02 ab-30-2/75 Motion (the motion was carried on division, 27-7 27-7) [no reading -- not placed] | VOTE NAY as United Conservative: 2024-10-30 ab-31-1/24 Committee of the Whole (the amendment was defeated on division, 18-46 (voice vote before the division: The question being put, the amendment was defeated) 18-46) [no reading -- not placed] | VOTE NAY as United Conservative: 2024-10-28 ab-31-1/24 motion (the motion was defeated on division, 18-46 (voice vote before the division: the Regional Health Authorities Act, during the period from January 1, 2023, to December 31, 2023? The question being put, the motion was defeated) 18-46) [no reading -- not placed]",UC,Spruce Grove-Stony Plain
Shane Getson (UC) - Lac Ste. Anne-Parkland,,,1,,,,no confirmed reading,n/a (evidence only),5,,"VOTE YEA as United Conservative: 2024-11-27 ab-31-1/24 Third Reading (the motion was carried on division, 46-31 (voice vote before the division: The question being put, the motion was defeated) 46-31) [no reading -- not placed] | VOTE YEA as United Conservative: 2024-11-26 ab-31-1/24 Committee of the Whole (the clauses was carried on division, 41-30 (voice vote before the division: The question being put on the remaining clauses of Bill 24, Alberta Bill of Rights Amendment Act, 2024, the motion was agreed to) 41-30) [no reading -- not placed] | VOTE YEA as United Conservative: 2021-11-02 ab-30-2/75 Motion (the motion was carried on division, 27-7 27-7) [no reading -- not placed] | VOTE NAY as United Conservative: 2024-10-30 ab-31-1/24 Committee of the Whole (the amendment was defeated on division, 18-46 (voice vote before the division: The question being put, the amendment was defeated) 18-46) [no reading -- not placed] | VOTE NAY as United Conservative: 2024-10-28 ab-31-1/24 motion (the motion was defeated on division, 18-46 (voice vote before the division: the Regional Health Authorities Act, during the period from January 1, 2023, to December 31, 2023? The question being put, the motion was defeated) 18-46) [no reading -- not placed]",UC,Lac Ste. Anne-Parkland
Tanya Fir (UC) - Calgary-Peigan,,,1,,,,no confirmed reading,n/a (evidence only),5,,"VOTE YEA as United Conservative: 2024-11-27 ab-31-1/24 Third Reading (the motion was carried on division, 46-31 (voice vote before the division: The question being put, the motion was defeated) 46-31) [no reading -- not placed] | VOTE YEA as United Conservative: 2024-11-26 ab-31-1/24 Committee of the Whole (the clauses was carried on division, 41-30 (voice vote before the division: The question being put on the remaining clauses of Bill 24, Alberta Bill of Rights Amendment Act, 2024, the motion was agreed to) 41-30) [no reading -- not placed] | VOTE YEA as United Conservative: 2021-11-02 ab-30-2/75 Motion (the motion was carried on division, 27-7 27-7) [no reading -- not placed] | VOTE NAY as United Conservative: 2024-10-30 ab-31-1/24 Committee of the Whole (the amendment was defeated on division, 18-46 (voice vote before the division: The question being put, the amendment was defeated) 18-46) [no reading -- not placed] | VOTE NAY as United Conservative: 2024-10-28 ab-31-1/24 motion (the motion was defeated on division, 18-46 (voice vote before the division: the Regional Health Authorities Act, during the period from January 1, 2023, to December 31, 2023? The question being put, the motion was defeated) 18-46) [no reading -- not placed]",UC,Calgary-Peigan
Amanda Chapman (NDP) - Calgary-Beddington,,,1,,,,no confirmed reading,n/a (evidence only),4,,"VOTE YEA as Alberta New Democratic Party: 2024-10-30 ab-31-1/24 Committee of the Whole (the amendment was defeated on division, 18-46 (voice vote before the division: The question being put, the amendment was defeated) 18-46) [no reading -- not placed] | VOTE YEA as Alberta New Democratic Party: 2024-10-28 ab-31-1/24 motion (the motion was defeated on division, 18-46 (voice vote before the division: the Regional Health Authorities Act, during the period from January 1, 2023, to December 31, 2023? The question being put, the motion was defeated) 18-46) [no reading -- not placed] | VOTE NAY as Alberta New Democratic Party: 2024-11-27 ab-31-1/24 Third Reading (the motion was carried on division, 46-31 (voice vote before the division: The question being put, the motion was defeated) 46-31) [no reading -- not placed] | VOTE NAY as Alberta New Democratic Party: 2024-11-26 ab-31-1/24 Committee of the Whole (the clauses was carried on division, 41-30 (voice vote before the division: The question being put on the remaining clauses of Bill 24, Alberta Bill of Rights Amendment Act, 2024, the motion was agreed to) 41-30) [no reading -- not placed]",NDP,Calgary-Beddington
Andrew Boitchenko (UC) - Drayton Valley-Devon,,,1,,,,no confirmed reading,n/a (evidence only),4,,"VOTE YEA as United Conservative: 2024-11-27 ab-31-1/24 Third Reading (the motion was carried on division, 46-31 (voice vote before the division: The question being put, the motion was defeated) 46-31) [no reading -- not placed] | VOTE YEA as United Conservative: 2024-11-26 ab-31-1/24 Committee of the Whole (the clauses was carried on division, 41-30 (voice vote before the division: The question being put on the remaining clauses of Bill 24, Alberta Bill of Rights Amendment Act, 2024, the motion was agreed to) 41-30) [no reading -- not placed] | VOTE NAY as United Conservative: 2024-10-30 ab-31-1/24 Committee of the Whole (the amendment was defeated on division, 18-46 (voice vote before the division: The question being put, the amendment was defeated) 18-46) [no reading -- not placed] | VOTE NAY as United Conservative: 2024-10-28 ab-31-1/24 motion (the motion was defeated on division, 18-46 (voice vote before the division: the Regional Health Authorities Act, during the period from January 1, 2023, to December 31, 2023? The question being put, the motion was defeated) 18-46) [no reading -- not placed]",UC,Drayton Valley-Devon
Angela Pitt (UC) - Airdrie-East,,,1,,,,no confirmed reading,n/a (evidence only),4,,"VOTE YEA as United Conservative: 2024-11-27 ab-31-1/24 Third Reading (the motion was carried on division, 46-31 (voice vote before the division: The question being put, the motion was defeated) 46-31) [no reading -- not placed] | VOTE NAY as United Conservative: 2024-10-28 ab-31-1/24 motion (the motion was defeated on division, 18-46 (voice vote before the division: the Regional Health Authorities Act, during the period from January 1, 2023, to December 31, 2023? The question being put, the motion was defeated) 18-46) [no reading -- not placed] | 2024-11-26 NO RECORDED VOTE: 2024-11-26 ab-31-1/24 Committee of the Whole (the clauses was carried on division, 41-30 (voice vote before the division: The question being put on the remaining clauses of Bill 24, Alberta Bill of Rights Amendment Act, 2024, the motion was agreed to) 41-30) | 2024-10-30 NO RECORDED VOTE: 2024-10-30 ab-31-1/24 Committee of the Whole (the amendment was defeated on division, 18-46 (voice vote before the division: The question being put, the amendment was defeated) 18-46)",UC,Airdrie-East
Brandon Lunty (UC) - Leduc-Beaumont,,,1,,,,no confirmed reading,n/a (evidence only),4,,"VOTE YEA as United Conservative: 2024-11-27 ab-31-1/24 Third Reading (the motion was carried on division, 46-31 (voice vote before the division: The question being put, the motion was defeated) 46-31) [no reading -- not placed] | VOTE YEA as United Conservative: 2024-11-26 ab-31-1/24 Committee of the Whole (the clauses was carried on division, 41-30 (voice vote before the division: The question being put on the remaining clauses of Bill 24, Alberta Bill of Rights Amendment Act, 2024, the motion was agreed to) 41-30) [no reading -- not placed] | VOTE NAY as United Conservative: 2024-10-30 ab-31-1/24 Committee of the Whole (the amendment was defeated on division, 18-46 (voice vote before the division: The question being put, the amendment was defeated) 18-46) [no reading -- not placed] | VOTE NAY as United Conservative: 2024-10-28 ab-31-1/24 motion (the motion was defeated on division, 18-46 (voice vote before the division: the Regional Health Authorities Act, during the period from January 1, 2023, to December 31, 2023? The question being put, the motion was defeated) 18-46) [no reading -- not placed]",UC,Leduc-Beaumont
Brian Jean (UC) - Fort McMurray-Lac La Biche,,,1,,,,no confirmed reading,n/a (evidence only),4,,"VOTE YEA as United Conservative: 2024-11-27 ab-31-1/24 Third Reading (the motion was carried on division, 46-31 (voice vote before the division: The question being put, the motion was defeated) 46-31) [no reading -- not placed] | VOTE YEA as United Conservative: 2024-11-26 ab-31-1/24 Committee of the Whole (the clauses was carried on division, 41-30 (voice vote before the division: The question being put on the remaining clauses of Bill 24, Alberta Bill of Rights Amendment Act, 2024, the motion was agreed to) 41-30) [no reading -- not placed] | VOTE NAY as United Conservative: 2024-10-30 ab-31-1/24 Committee of the Whole (the amendment was defeated on division, 18-46 (voice vote before the division: The question being put, the amendment was defeated) 18-46) [no reading -- not placed] | VOTE NAY as United Conservative: 2024-10-28 ab-31-1/24 motion (the motion was defeated on division, 18-46 (voice vote before the division: the Regional Health Authorities Act, during the period from January 1, 2023, to December 31, 2023? The question being put, the motion was defeated) 18-46) [no reading -- not placed]",UC,Fort McMurray-Lac La Biche
Brooks Arcand-Paul (NDP) - Edmonton-West Henday,,,1,,,,no confirmed reading,n/a (evidence only),4,,"VOTE YEA as Alberta New Democratic Party: 2024-10-30 ab-31-1/24 Committee of the Whole (the amendment was defeated on division, 18-46 (voice vote before the division: The question being put, the amendment was defeated) 18-46) [no reading -- not placed] | VOTE YEA as Alberta New Democratic Party: 2024-10-28 ab-31-1/24 motion (the motion was defeated on division, 18-46 (voice vote before the division: the Regional Health Authorities Act, during the period from January 1, 2023, to December 31, 2023? The question being put, the motion was defeated) 18-46) [no reading -- not placed] | VOTE NAY as Alberta New Democratic Party: 2024-11-26 ab-31-1/24 Committee of the Whole (the clauses was carried on division, 41-30 (voice vote before the division: The question being put on the remaining clauses of Bill 24, Alberta Bill of Rights Amendment Act, 2024, the motion was agreed to) 41-30) [no reading -- not placed] | 2024-11-27 NO RECORDED VOTE: 2024-11-27 ab-31-1/24 Third Reading (the motion was carried on division, 46-31 (voice vote before the division: The question being put, the motion was defeated) 46-31)",NDP,Edmonton-West Henday
Chantelle de Jonge (UC) - Chestermere-Strathmore,,,1,,,,no confirmed reading,n/a (evidence only),4,,"VOTE YEA as United Conservative: 2024-11-27 ab-31-1/24 Third Reading (the motion was carried on division, 46-31 (voice vote before the division: The question being put, the motion was defeated) 46-31) [no reading -- not placed] | VOTE YEA as United Conservative: 2024-11-26 ab-31-1/24 Committee of the Whole (the clauses was carried on division, 41-30 (voice vote before the division: The question being put on the remaining clauses of Bill 24, Alberta Bill of Rights Amendment Act, 2024, the motion was agreed to) 41-30) [no reading -- not placed] | VOTE NAY as United Conservative: 2024-10-30 ab-31-1/24 Committee of the Whole (the amendment was defeated on division, 18-46 (voice vote before the division: The question being put, the amendment was defeated) 18-46) [no reading -- not placed] | VOTE NAY as United Conservative: 2024-10-28 ab-31-1/24 motion (the motion was defeated on division, 18-46 (voice vote before the division: the Regional Health Authorities Act, during the period from January 1, 2023, to December 31, 2023? The question being put, the motion was defeated) 18-46) [no reading -- not placed]",UC,Chestermere-Strathmore
Chelsae Petrovic (UC) - Livingstone-Macleod,,,1,,,,no confirmed reading,n/a (evidence only),4,,"VOTE YEA as United Conservative: 2024-11-27 ab-31-1/24 Third Reading (the motion was carried on division, 46-31 (voice vote before the division: The question being put, the motion was defeated) 46-31) [no reading -- not placed] | VOTE YEA as United Conservative: 2024-11-26 ab-31-1/24 Committee of the Whole (the clauses was carried on division, 41-30 (voice vote before the division: The question being put on the remaining clauses of Bill 24, Alberta Bill of Rights Amendment Act, 2024, the motion was agreed to) 41-30) [no reading -- not placed] | VOTE NAY as United Conservative: 2024-10-30 ab-31-1/24 Committee of the Whole (the amendment was defeated on division, 18-46 (voice vote before the division: The question being put, the amendment was defeated) 18-46) [no reading -- not placed] | VOTE NAY as United Conservative: 2024-10-28 ab-31-1/24 motion (the motion was defeated on division, 18-46 (voice vote before the division: the Regional Health Authorities Act, during the period from January 1, 2023, to December 31, 2023? The question being put, the motion was defeated) 18-46) [no reading -- not placed]",UC,Livingstone-Macleod
Court Ellingson (NDP) - Calgary-Foothills,,,1,,,,no confirmed reading,n/a (evidence only),4,,"VOTE NAY as Alberta New Democratic Party: 2024-11-27 ab-31-1/24 Third Reading (the motion was carried on division, 46-31 (voice vote before the division: The question being put, the motion was defeated) 46-31) [no reading -- not placed] | VOTE NAY as Alberta New Democratic Party: 2024-11-26 ab-31-1/24 Committee of the Whole (the clauses was carried on division, 41-30 (voice vote before the division: The question being put on the remaining clauses of Bill 24, Alberta Bill of Rights Amendment Act, 2024, the motion was agreed to) 41-30) [no reading -- not placed] | 2024-10-30 NO RECORDED VOTE: 2024-10-30 ab-31-1/24 Committee of the Whole (the amendment was defeated on division, 18-46 (voice vote before the division: The question being put, the amendment was defeated) 18-46) | 2024-10-28 NO RECORDED VOTE: 2024-10-28 ab-31-1/24 motion (the motion was defeated on division, 18-46 (voice vote before the division: the Regional Health Authorities Act, during the period from January 1, 2023, to December 31, 2023? The question being put, the motion was defeated) 18-46)",NDP,Calgary-Foothills
Diana Batten (NDP) - Calgary-Acadia,,,1,,,,no confirmed reading,n/a (evidence only),4,,"VOTE NAY as Alberta New Democratic Party: 2024-11-27 ab-31-1/24 Third Reading (the motion was carried on division, 46-31 (voice vote before the division: The question being put, the motion was defeated) 46-31) [no reading -- not placed] | VOTE NAY as Alberta New Democratic Party: 2024-11-26 ab-31-1/24 Committee of the Whole (the clauses was carried on division, 41-30 (voice vote before the division: The question being put on the remaining clauses of Bill 24, Alberta Bill of Rights Amendment Act, 2024, the motion was agreed to) 41-30) [no reading -- not placed] | 2024-10-30 NO RECORDED VOTE: 2024-10-30 ab-31-1/24 Committee of the Whole (the amendment was defeated on division, 18-46 (voice vote before the division: The question being put, the amendment was defeated) 18-46) | 2024-10-28 NO RECORDED VOTE: 2024-10-28 ab-31-1/24 motion (the motion was defeated on division, 18-46 (voice vote before the division: the Regional Health Authorities Act, during the period from January 1, 2023, to December 31, 2023? The question being put, the motion was defeated) 18-46)",NDP,Calgary-Acadia
Eric Bouchard (UC) - Calgary-Lougheed,,,1,,,,no confirmed reading,n/a (evidence only),4,,"VOTE YEA as United Conservative: 2024-11-27 ab-31-1/24 Third Reading (the motion was carried on division, 46-31 (voice vote before the division: The question being put, the motion was defeated) 46-31) [no reading -- not placed] | VOTE YEA as United Conservative: 2024-11-26 ab-31-1/24 Committee of the Whole (the clauses was carried on division, 41-30 (voice vote before the division: The question being put on the remaining clauses of Bill 24, Alberta Bill of Rights Amendment Act, 2024, the motion was agreed to) 41-30) [no reading -- not placed] | VOTE NAY as United Conservative: 2024-10-30 ab-31-1/24 Committee of the Whole (the amendment was defeated on division, 18-46 (voice vote before the division: The question being put, the amendment was defeated) 18-46) [no reading -- not placed] | VOTE NAY as United Conservative: 2024-10-28 ab-31-1/24 motion (the motion was defeated on division, 18-46 (voice vote before the division: the Regional Health Authorities Act, during the period from January 1, 2023, to December 31, 2023? The question being put, the motion was defeated) 18-46) [no reading -- not placed]",UC,Calgary-Lougheed
Gurinder Brar (NDP) - Calgary-North East,,,1,,,,no confirmed reading,n/a (evidence only),4,,"VOTE YEA as Alberta New Democratic Party: 2024-10-30 ab-31-1/24 Committee of the Whole (the amendment was defeated on division, 18-46 (voice vote before the division: The question being put, the amendment was defeated) 18-46) [no reading -- not placed] | VOTE YEA as Alberta New Democratic Party: 2024-10-28 ab-31-1/24 motion (the motion was defeated on division, 18-46 (voice vote before the division: the Regional Health Authorities Act, during the period from January 1, 2023, to December 31, 2023? The question being put, the motion was defeated) 18-46) [no reading -- not placed] | VOTE NAY as Alberta New Democratic Party: 2024-11-27 ab-31-1/24 Third Reading (the motion was carried on division, 46-31 (voice vote before the division: The question being put, the motion was defeated) 46-31) [no reading -- not placed] | VOTE NAY as Alberta New Democratic Party: 2024-11-26 ab-31-1/24 Committee of the Whole (the clauses was carried on division, 41-30 (voice vote before the division: The question being put on the remaining clauses of Bill 24, Alberta Bill of Rights Amendment Act, 2024, the motion was agreed to) 41-30) [no reading -- not placed]",NDP,Calgary-North East
Janet Eremenko (NDP) - Calgary-Currie,,,1,,,,no confirmed reading,n/a (evidence only),4,,"VOTE YEA as Alberta New Democratic Party: 2024-10-30 ab-31-1/24 Committee of the Whole (the amendment was defeated on division, 18-46 (voice vote before the division: The question being put, the amendment was defeated) 18-46) [no reading -- not placed] | VOTE YEA as Alberta New Democratic Party: 2024-10-28 ab-31-1/24 motion (the motion was defeated on division, 18-46 (voice vote before the division: the Regional Health Authorities Act, during the period from January 1, 2023, to December 31, 2023? The question being put, the motion was defeated) 18-46) [no reading -- not placed] | VOTE NAY as Alberta New Democratic Party: 2024-11-27 ab-31-1/24 Third Reading (the motion was carried on division, 46-31 (voice vote before the division: The question being put, the motion was defeated) 46-31) [no reading -- not placed] | VOTE NAY as Alberta New Democratic Party: 2024-11-26 ab-31-1/24 Committee of the Whole (the clauses was carried on division, 41-30 (voice vote before the division: The question being put on the remaining clauses of Bill 24, Alberta Bill of Rights Amendment Act, 2024, the motion was agreed to) 41-30) [no reading -- not placed]",NDP,Calgary-Currie
Janis Irwin (NDP) - Edmonton-Highlands-Norwood,,,1,,,,no confirmed reading,n/a (evidence only),4,,"VOTE NAY as Alberta New Democratic Party: 2024-11-27 ab-31-1/24 Third Reading (the motion was carried on division, 46-31 (voice vote before the division: The question being put, the motion was defeated) 46-31) [no reading -- not placed] | VOTE NAY as Alberta New Democratic Party: 2024-11-26 ab-31-1/24 Committee of the Whole (the clauses was carried on division, 41-30 (voice vote before the division: The question being put on the remaining clauses of Bill 24, Alberta Bill of Rights Amendment Act, 2024, the motion was agreed to) 41-30) [no reading -- not placed] | 2024-10-30 NO RECORDED VOTE: 2024-10-30 ab-31-1/24 Committee of the Whole (the amendment was defeated on division, 18-46 (voice vote before the division: The question being put, the amendment was defeated) 18-46) | 2024-10-28 NO RECORDED VOTE: 2024-10-28 ab-31-1/24 motion (the motion was defeated on division, 18-46 (voice vote before the division: the Regional Health Authorities Act, during the period from January 1, 2023, to December 31, 2023? The question being put, the motion was defeated) 18-46)",NDP,Edmonton-Highlands-Norwood
Jason Nixon (UC) - Rimbey-Rocky Mountain House-Sundre,,,1,,,,no confirmed reading,n/a (evidence only),4,,"VOTE YEA as United Conservative: 2024-11-27 ab-31-1/24 Third Reading (the motion was carried on division, 46-31 (voice vote before the division: The question being put, the motion was defeated) 46-31) [no reading -- not placed] | VOTE YEA as United Conservative: 2024-11-26 ab-31-1/24 Committee of the Whole (the clauses was carried on division, 41-30 (voice vote before the division: The question being put on the remaining clauses of Bill 24, Alberta Bill of Rights Amendment Act, 2024, the motion was agreed to) 41-30) [no reading -- not placed] | VOTE NAY as United Conservative: 2024-10-30 ab-31-1/24 Committee of the Whole (the amendment was defeated on division, 18-46 (voice vote before the division: The question being put, the amendment was defeated) 18-46) [no reading -- not placed] | VOTE NAY as United Conservative: 2024-10-28 ab-31-1/24 motion (the motion was defeated on division, 18-46 (voice vote before the division: the Regional Health Authorities Act, during the period from January 1, 2023, to December 31, 2023? The question being put, the motion was defeated) 18-46) [no reading -- not placed]",UC,Rimbey-Rocky Mountain House-Sundre
Jennifer Johnson (UC) - Lacombe-Ponoka,,,1,,,,no confirmed reading,n/a (evidence only),4,,"VOTE YEA as United Conservative: 2024-11-27 ab-31-1/24 Third Reading (the motion was carried on division, 46-31 (voice vote before the division: The question being put, the motion was defeated) 46-31) [no reading -- not placed] | VOTE YEA as United Conservative: 2024-11-26 ab-31-1/24 Committee of the Whole (the clauses was carried on division, 41-30 (voice vote before the division: The question being put on the remaining clauses of Bill 24, Alberta Bill of Rights Amendment Act, 2024, the motion was agreed to) 41-30) [no reading -- not placed] | VOTE NAY as United Conservative: 2024-10-30 ab-31-1/24 Committee of the Whole (the amendment was defeated on division, 18-46 (voice vote before the division: The question being put, the amendment was defeated) 18-46) [no reading -- not placed] | VOTE NAY as United Conservative: 2024-10-28 ab-31-1/24 motion (the motion was defeated on division, 18-46 (voice vote before the division: the Regional Health Authorities Act, during the period from January 1, 2023, to December 31, 2023? The question being put, the motion was defeated) 18-46) [no reading -- not placed]",UC,Lacombe-Ponoka
Jodi Calahoo Stonehouse (NDP) - Edmonton-Rutherford,,,1,,,,no confirmed reading,n/a (evidence only),4,,"VOTE NAY as Alberta New Democratic Party: 2024-11-26 ab-31-1/24 Committee of the Whole (the clauses was carried on division, 41-30 (voice vote before the division: The question being put on the remaining clauses of Bill 24, Alberta Bill of Rights Amendment Act, 2024, the motion was agreed to) 41-30) [no reading -- not placed] | 2024-11-27 NO RECORDED VOTE: 2024-11-27 ab-31-1/24 Third Reading (the motion was carried on division, 46-31 (voice vote before the division: The question being put, the motion was defeated) 46-31) | 2024-10-30 NO RECORDED VOTE: 2024-10-30 ab-31-1/24 Committee of the Whole (the amendment was defeated on division, 18-46 (voice vote before the division: The question being put, the amendment was defeated) 18-46) | 2024-10-28 NO RECORDED VOTE: 2024-10-28 ab-31-1/24 motion (the motion was defeated on division, 18-46 (voice vote before the division: the Regional Health Authorities Act, during the period from January 1, 2023, to December 31, 2023? The question being put, the motion was defeated) 18-46)",NDP,Edmonton-Rutherford
Julia Hayter (NDP) - Calgary-Edgemont,,,1,,,,no confirmed reading,n/a (evidence only),4,,"VOTE YEA as Alberta New Democratic Party: 2024-10-30 ab-31-1/24 Committee of the Whole (the amendment was defeated on division, 18-46 (voice vote before the division: The question being put, the amendment was defeated) 18-46) [no reading -- not placed] | VOTE YEA as Alberta New Democratic Party: 2024-10-28 ab-31-1/24 motion (the motion was defeated on division, 18-46 (voice vote before the division: the Regional Health Authorities Act, during the period from January 1, 2023, to December 31, 2023? The question being put, the motion was defeated) 18-46) [no reading -- not placed] | VOTE NAY as Alberta New Democratic Party: 2024-11-27 ab-31-1/24 Third Reading (the motion was carried on division, 46-31 (voice vote before the division: The question being put, the motion was defeated) 46-31) [no reading -- not placed] | VOTE NAY as Alberta New Democratic Party: 2024-11-26 ab-31-1/24 Committee of the Whole (the clauses was carried on division, 41-30 (voice vote before the division: The question being put on the remaining clauses of Bill 24, Alberta Bill of Rights Amendment Act, 2024, the motion was agreed to) 41-30) [no reading -- not placed]",NDP,Calgary-Edgemont
Justin Wright (UC) - Cypress-Medicine Hat,,,1,,,,no confirmed reading,n/a (evidence only),4,,"VOTE YEA as United Conservative: 2024-11-27 ab-31-1/24 Third Reading (the motion was carried on division, 46-31 (voice vote before the division: The question being put, the motion was defeated) 46-31) [no reading -- not placed] | VOTE YEA as United Conservative: 2024-11-26 ab-31-1/24 Committee of the Whole (the clauses was carried on division, 41-30 (voice vote before the division: The question being put on the remaining clauses of Bill 24, Alberta Bill of Rights Amendment Act, 2024, the motion was agreed to) 41-30) [no reading -- not placed] | VOTE NAY as United Conservative: 2024-10-30 ab-31-1/24 Committee of the Whole (the amendment was defeated on division, 18-46 (voice vote before the division: The question being put, the amendment was defeated) 18-46) [no reading -- not placed] | VOTE NAY as United Conservative: 2024-10-28 ab-31-1/24 motion (the motion was defeated on division, 18-46 (voice vote before the division: the Regional Health Authorities Act, during the period from January 1, 2023, to December 31, 2023? The question being put, the motion was defeated) 18-46) [no reading -- not placed]",UC,Cypress-Medicine Hat
Kyle Kasawski (NDP) - Sherwood Park,,,1,,,,no confirmed reading,n/a (evidence only),4,,"VOTE YEA as Alberta New Democratic Party: 2024-10-30 ab-31-1/24 Committee of the Whole (the amendment was defeated on division, 18-46 (voice vote before the division: The question being put, the amendment was defeated) 18-46) [no reading -- not placed] | VOTE YEA as Alberta New Democratic Party: 2024-10-28 ab-31-1/24 motion (the motion was defeated on division, 18-46 (voice vote before the division: the Regional Health Authorities Act, during the period from January 1, 2023, to December 31, 2023? The question being put, the motion was defeated) 18-46) [no reading -- not placed] | VOTE NAY as Alberta New Democratic Party: 2024-11-27 ab-31-1/24 Third Reading (the motion was carried on division, 46-31 (voice vote before the division: The question being put, the motion was defeated) 46-31) [no reading -- not placed] | VOTE NAY as Alberta New Democratic Party: 2024-11-26 ab-31-1/24 Committee of the Whole (the clauses was carried on division, 41-30 (voice vote before the division: The question being put on the remaining clauses of Bill 24, Alberta Bill of Rights Amendment Act, 2024, the motion was agreed to) 41-30) [no reading -- not placed]",NDP,Sherwood Park
Lizette Tejada (NDP) - Calgary-Klein,,,1,,,,no confirmed reading,n/a (evidence only),4,,"VOTE YEA as Alberta New Democratic Party: 2024-10-30 ab-31-1/24 Committee of the Whole (the amendment was defeated on division, 18-46 (voice vote before the division: The question being put, the amendment was defeated) 18-46) [no reading -- not placed] | VOTE YEA as Alberta New Democratic Party: 2024-10-28 ab-31-1/24 motion (the motion was defeated on division, 18-46 (voice vote before the division: the Regional Health Authorities Act, during the period from January 1, 2023, to December 31, 2023? The question being put, the motion was defeated) 18-46) [no reading -- not placed] | VOTE NAY as Alberta New Democratic Party: 2024-11-27 ab-31-1/24 Third Reading (the motion was carried on division, 46-31 (voice vote before the division: The question being put, the motion was defeated) 46-31) [no reading -- not placed] | VOTE NAY as Alberta New Democratic Party: 2024-11-26 ab-31-1/24 Committee of the Whole (the clauses was carried on division, 41-30 (voice vote before the division: The question being put on the remaining clauses of Bill 24, Alberta Bill of Rights Amendment Act, 2024, the motion was agreed to) 41-30) [no reading -- not placed]",NDP,Calgary-Klein
Luanne Metz (NDP) - Calgary-Varsity,,,1,,,,no confirmed reading,n/a (evidence only),4,,"VOTE YEA as Alberta New Democratic Party: 2024-10-30 ab-31-1/24 Committee of the Whole (the amendment was defeated on division, 18-46 (voice vote before the division: The question being put, the amendment was defeated) 18-46) [no reading -- not placed] | VOTE NAY as Alberta New Democratic Party: 2024-11-27 ab-31-1/24 Third Reading (the motion was carried on division, 46-31 (voice vote before the division: The question being put, the motion was defeated) 46-31) [no reading -- not placed] | VOTE NAY as Alberta New Democratic Party: 2024-11-26 ab-31-1/24 Committee of the Whole (the clauses was carried on division, 41-30 (voice vote before the division: The question being put on the remaining clauses of Bill 24, Alberta Bill of Rights Amendment Act, 2024, the motion was agreed to) 41-30) [no reading -- not placed] | 2024-10-28 NO RECORDED VOTE: 2024-10-28 ab-31-1/24 motion (the motion was defeated on division, 18-46 (voice vote before the division: the Regional Health Authorities Act, during the period from January 1, 2023, to December 31, 2023? The question being put, the motion was defeated) 18-46)",NDP,Calgary-Varsity
Marie Renaud (NDP) - St. Albert,,,1,,,,no confirmed reading,n/a (evidence only),4,,"VOTE YEA as Alberta New Democratic Party: 2024-10-30 ab-31-1/24 Committee of the Whole (the amendment was defeated on division, 18-46 (voice vote before the division: The question being put, the amendment was defeated) 18-46) [no reading -- not placed] | VOTE YEA as Alberta New Democratic Party: 2024-10-28 ab-31-1/24 motion (the motion was defeated on division, 18-46 (voice vote before the division: the Regional Health Authorities Act, during the period from January 1, 2023, to December 31, 2023? The question being put, the motion was defeated) 18-46) [no reading -- not placed] | VOTE NAY as Alberta New Democratic Party: 2024-11-27 ab-31-1/24 Third Reading (the motion was carried on division, 46-31 (voice vote before the division: The question being put, the motion was defeated) 46-31) [no reading -- not placed] | VOTE NAY as Alberta New Democratic Party: 2024-11-26 ab-31-1/24 Committee of the Whole (the clauses was carried on division, 41-30 (voice vote before the division: The question being put on the remaining clauses of Bill 24, Alberta Bill of Rights Amendment Act, 2024, the motion was agreed to) 41-30) [no reading -- not placed]",NDP,St. Albert
Matt Jones (UC) - Calgary-South East,,,1,,,,no confirmed reading,n/a (evidence only),4,,"VOTE YEA as United Conservative: 2024-11-27 ab-31-1/24 Third Reading (the motion was carried on division, 46-31 (voice vote before the division: The question being put, the motion was defeated) 46-31) [no reading -- not placed] | VOTE YEA as United Conservative: 2024-11-26 ab-31-1/24 Committee of the Whole (the clauses was carried on division, 41-30 (voice vote before the division: The question being put on the remaining clauses of Bill 24, Alberta Bill of Rights Amendment Act, 2024, the motion was agreed to) 41-30) [no reading -- not placed] | 2024-10-30 NO RECORDED VOTE: 2024-10-30 ab-31-1/24 Committee of the Whole (the amendment was defeated on division, 18-46 (voice vote before the division: The question being put, the amendment was defeated) 18-46) | 2024-10-28 NO RECORDED VOTE: 2024-10-28 ab-31-1/24 motion (the motion was defeated on division, 18-46 (voice vote before the division: the Regional Health Authorities Act, during the period from January 1, 2023, to December 31, 2023? The question being put, the motion was defeated) 18-46)",UC,Calgary-South East
Myles McDougall (UC) - Calgary-Fish Creek,,,1,,,,no confirmed reading,n/a (evidence only),4,,"VOTE YEA as United Conservative: 2024-11-27 ab-31-1/24 Third Reading (the motion was carried on division, 46-31 (voice vote before the division: The question being put, the motion was defeated) 46-31) [no reading -- not placed] | VOTE YEA as United Conservative: 2024-11-26 ab-31-1/24 Committee of the Whole (the clauses was carried on division, 41-30 (voice vote before the division: The question being put on the remaining clauses of Bill 24, Alberta Bill of Rights Amendment Act, 2024, the motion was agreed to) 41-30) [no reading -- not placed] | VOTE NAY as United Conservative: 2024-10-30 ab-31-1/24 Committee of the Whole (the amendment was defeated on division, 18-46 (voice vote before the division: The question being put, the amendment was defeated) 18-46) [no reading -- not placed] | VOTE NAY as United Conservative: 2024-10-28 ab-31-1/24 motion (the motion was defeated on division, 18-46 (voice vote before the division: the Regional Health Authorities Act, during the period from January 1, 2023, to December 31, 2023? The question being put, the motion was defeated) 18-46) [no reading -- not placed]",UC,Calgary-Fish Creek
Nagwan Al-Guneid (NDP) - Calgary-Glenmore,,,1,,,,no confirmed reading,n/a (evidence only),4,,"2024-11-27 NO RECORDED VOTE: 2024-11-27 ab-31-1/24 Third Reading (the motion was carried on division, 46-31 (voice vote before the division: The question being put, the motion was defeated) 46-31) | 2024-11-26 NO RECORDED VOTE: 2024-11-26 ab-31-1/24 Committee of the Whole (the clauses was carried on division, 41-30 (voice vote before the division: The question being put on the remaining clauses of Bill 24, Alberta Bill of Rights Amendment Act, 2024, the motion was agreed to) 41-30) | 2024-10-30 NO RECORDED VOTE: 2024-10-30 ab-31-1/24 Committee of the Whole (the amendment was defeated on division, 18-46 (voice vote before the division: The question being put, the amendment was defeated) 18-46) | 2024-10-28 NO RECORDED VOTE: 2024-10-28 ab-31-1/24 motion (the motion was defeated on division, 18-46 (voice vote before the division: the Regional Health Authorities Act, during the period from January 1, 2023, to December 31, 2023? The question being put, the motion was defeated) 18-46)",NDP,Calgary-Glenmore
Nate Glubish (UC) - Strathcona-Sherwood Park,,,1,,,,no confirmed reading,n/a (evidence only),4,,"VOTE YEA as United Conservative: 2024-11-27 ab-31-1/24 Third Reading (the motion was carried on division, 46-31 (voice vote before the division: The question being put, the motion was defeated) 46-31) [no reading -- not placed] | VOTE YEA as United Conservative: 2024-11-26 ab-31-1/24 Committee of the Whole (the clauses was carried on division, 41-30 (voice vote before the division: The question being put on the remaining clauses of Bill 24, Alberta Bill of Rights Amendment Act, 2024, the motion was agreed to) 41-30) [no reading -- not placed] | VOTE NAY as United Conservative: 2024-10-30 ab-31-1/24 Committee of the Whole (the amendment was defeated on division, 18-46 (voice vote before the division: The question being put, the amendment was defeated) 18-46) [no reading -- not placed] | VOTE NAY as United Conservative: 2024-10-28 ab-31-1/24 motion (the motion was defeated on division, 18-46 (voice vote before the division: the Regional Health Authorities Act, during the period from January 1, 2023, to December 31, 2023? The question being put, the motion was defeated) 18-46) [no reading -- not placed]",UC,Strathcona-Sherwood Park
Nathan Ip (NDP) - Edmonton-South West,,,1,,,,no confirmed reading,n/a (evidence only),4,,"VOTE NAY as Alberta New Democratic Party: 2024-11-27 ab-31-1/24 Third Reading (the motion was carried on division, 46-31 (voice vote before the division: The question being put, the motion was defeated) 46-31) [no reading -- not placed] | VOTE NAY as Alberta New Democratic Party: 2024-11-26 ab-31-1/24 Committee of the Whole (the clauses was carried on division, 41-30 (voice vote before the division: The question being put on the remaining clauses of Bill 24, Alberta Bill of Rights Amendment Act, 2024, the motion was agreed to) 41-30) [no reading -- not placed] | 2024-10-30 NO RECORDED VOTE: 2024-10-30 ab-31-1/24 Committee of the Whole (the amendment was defeated on division, 18-46 (voice vote before the division: The question being put, the amendment was defeated) 18-46) | 2024-10-28 NO RECORDED VOTE: 2024-10-28 ab-31-1/24 motion (the motion was defeated on division, 18-46 (voice vote before the division: the Regional Health Authorities Act, during the period from January 1, 2023, to December 31, 2023? The question being put, the motion was defeated) 18-46)",NDP,Edmonton-South West
Nolan Dyck (UC) - Grande Prairie,,,1,,,,no confirmed reading,n/a (evidence only),4,,"VOTE YEA as United Conservative: 2024-11-27 ab-31-1/24 Third Reading (the motion was carried on division, 46-31 (voice vote before the division: The question being put, the motion was defeated) 46-31) [no reading -- not placed] | VOTE YEA as United Conservative: 2024-11-26 ab-31-1/24 Committee of the Whole (the clauses was carried on division, 41-30 (voice vote before the division: The question being put on the remaining clauses of Bill 24, Alberta Bill of Rights Amendment Act, 2024, the motion was agreed to) 41-30) [no reading -- not placed] | VOTE NAY as United Conservative: 2024-10-30 ab-31-1/24 Committee of the Whole (the amendment was defeated on division, 18-46 (voice vote before the division: The question being put, the amendment was defeated) 18-46) [no reading -- not placed] | VOTE NAY as United Conservative: 2024-10-28 ab-31-1/24 motion (the motion was defeated on division, 18-46 (voice vote before the division: the Regional Health Authorities Act, during the period from January 1, 2023, to December 31, 2023? The question being put, the motion was defeated) 18-46) [no reading -- not placed]",UC,Grande Prairie
Parmeet Boparai (NDP) - Calgary-Falconridge,,,1,,,,no confirmed reading,n/a (evidence only),4,,"VOTE NAY as Alberta New Democratic Party: 2024-11-27 ab-31-1/24 Third Reading (the motion was carried on division, 46-31 (voice vote before the division: The question being put, the motion was defeated) 46-31) [no reading -- not placed] | VOTE NAY as Alberta New Democratic Party: 2024-11-26 ab-31-1/24 Committee of the Whole (the clauses was carried on division, 41-30 (voice vote before the division: The question being put on the remaining clauses of Bill 24, Alberta Bill of Rights Amendment Act, 2024, the motion was agreed to) 41-30) [no reading -- not placed] | 2024-10-30 NO RECORDED VOTE: 2024-10-30 ab-31-1/24 Committee of the Whole (the amendment was defeated on division, 18-46 (voice vote before the division: The question being put, the amendment was defeated) 18-46) | 2024-10-28 NO RECORDED VOTE: 2024-10-28 ab-31-1/24 motion (the motion was defeated on division, 18-46 (voice vote before the division: the Regional Health Authorities Act, during the period from January 1, 2023, to December 31, 2023? The question being put, the motion was defeated) 18-46)",NDP,Calgary-Falconridge
Peggy Wright (NDP) - Edmonton-Beverly-Clareview,,,1,,,,no confirmed reading,n/a (evidence only),4,,"VOTE NAY as Alberta New Democratic Party: 2024-11-27 ab-31-1/24 Third Reading (the motion was carried on division, 46-31 (voice vote before the division: The question being put, the motion was defeated) 46-31) [no reading -- not placed] | VOTE NAY as Alberta New Democratic Party: 2024-11-26 ab-31-1/24 Committee of the Whole (the clauses was carried on division, 41-30 (voice vote before the division: The question being put on the remaining clauses of Bill 24, Alberta Bill of Rights Amendment Act, 2024, the motion was agreed to) 41-30) [no reading -- not placed] | 2024-10-30 NO RECORDED VOTE: 2024-10-30 ab-31-1/24 Committee of the Whole (the amendment was defeated on division, 18-46 (voice vote before the division: The question being put, the amendment was defeated) 18-46) | 2024-10-28 NO RECORDED VOTE: 2024-10-28 ab-31-1/24 motion (the motion was defeated on division, 18-46 (voice vote before the division: the Regional Health Authorities Act, during the period from January 1, 2023, to December 31, 2023? The question being put, the motion was defeated) 18-46)",NDP,Edmonton-Beverly-Clareview
Rakhi Pancholi (NDP) - Edmonton-Whitemud,,,1,,,,no confirmed reading,n/a (evidence only),4,,"VOTE YEA as Alberta New Democratic Party: 2024-10-30 ab-31-1/24 Committee of the Whole (the amendment was defeated on division, 18-46 (voice vote before the division: The question being put, the amendment was defeated) 18-46) [no reading -- not placed] | VOTE YEA as Alberta New Democratic Party: 2024-10-28 ab-31-1/24 motion (the motion was defeated on division, 18-46 (voice vote before the division: the Regional Health Authorities Act, during the period from January 1, 2023, to December 31, 2023? The question being put, the motion was defeated) 18-46) [no reading -- not placed] | VOTE NAY as Alberta New Democratic Party: 2024-11-27 ab-31-1/24 Third Reading (the motion was carried on division, 46-31 (voice vote before the division: The question being put, the motion was defeated) 46-31) [no reading -- not placed] | VOTE NAY as Alberta New Democratic Party: 2024-11-26 ab-31-1/24 Committee of the Whole (the clauses was carried on division, 41-30 (voice vote before the division: The question being put on the remaining clauses of Bill 24, Alberta Bill of Rights Amendment Act, 2024, the motion was agreed to) 41-30) [no reading -- not placed]",NDP,Edmonton-Whitemud
Rhiannon Hoyle (NDP) - Edmonton-South,,,1,,,,no confirmed reading,n/a (evidence only),4,,"VOTE YEA as Alberta New Democratic Party: 2024-10-28 ab-31-1/24 motion (the motion was defeated on division, 18-46 (voice vote before the division: the Regional Health Authorities Act, during the period from January 1, 2023, to December 31, 2023? The question being put, the motion was defeated) 18-46) [no reading -- not placed] | VOTE NAY as Alberta New Democratic Party: 2024-11-27 ab-31-1/24 Third Reading (the motion was carried on division, 46-31 (voice vote before the division: The question being put, the motion was defeated) 46-31) [no reading -- not placed] | VOTE NAY as Alberta New Democratic Party: 2024-11-26 ab-31-1/24 Committee of the Whole (the clauses was carried on division, 41-30 (voice vote before the division: The question being put on the remaining clauses of Bill 24, Alberta Bill of Rights Amendment Act, 2024, the motion was agreed to) 41-30) [no reading -- not placed] | 2024-10-30 NO RECORDED VOTE: 2024-10-30 ab-31-1/24 Committee of the Whole (the amendment was defeated on division, 18-46 (voice vote before the division: The question being put, the amendment was defeated) 18-46)",NDP,Edmonton-South
Ron Wiebe (UC) - Grande Prairie-Wapiti,,,1,,,,no confirmed reading,n/a (evidence only),4,,"VOTE YEA as United Conservative: 2024-11-27 ab-31-1/24 Third Reading (the motion was carried on division, 46-31 (voice vote before the division: The question being put, the motion was defeated) 46-31) [no reading -- not placed] | VOTE NAY as United Conservative: 2024-10-30 ab-31-1/24 Committee of the Whole (the amendment was defeated on division, 18-46 (voice vote before the division: The question being put, the amendment was defeated) 18-46) [no reading -- not placed] | VOTE NAY as United Conservative: 2024-10-28 ab-31-1/24 motion (the motion was defeated on division, 18-46 (voice vote before the division: the Regional Health Authorities Act, during the period from January 1, 2023, to December 31, 2023? The question being put, the motion was defeated) 18-46) [no reading -- not placed] | 2024-11-26 NO RECORDED VOTE: 2024-11-26 ab-31-1/24 Committee of the Whole (the clauses was carried on division, 41-30 (voice vote before the division: The question being put on the remaining clauses of Bill 24, Alberta Bill of Rights Amendment Act, 2024, the motion was agreed to) 41-30)",UC,Grande Prairie-Wapiti
Samir Kayande (NDP) - Calgary-Elbow,,,1,,,,no confirmed reading,n/a (evidence only),4,,"2024-11-27 NO RECORDED VOTE: 2024-11-27 ab-31-1/24 Third Reading (the motion was carried on division, 46-31 (voice vote before the division: The question being put, the motion was defeated) 46-31) | 2024-11-26 NO RECORDED VOTE: 2024-11-26 ab-31-1/24 Committee of the Whole (the clauses was carried on division, 41-30 (voice vote before the division: The question being put on the remaining clauses of Bill 24, Alberta Bill of Rights Amendment Act, 2024, the motion was agreed to) 41-30) | 2024-10-30 NO RECORDED VOTE: 2024-10-30 ab-31-1/24 Committee of the Whole (the amendment was defeated on division, 18-46 (voice vote before the division: The question being put, the amendment was defeated) 18-46) | 2024-10-28 NO RECORDED VOTE: 2024-10-28 ab-31-1/24 motion (the motion was defeated on division, 18-46 (voice vote before the division: the Regional Health Authorities Act, during the period from January 1, 2023, to December 31, 2023? The question being put, the motion was defeated) 18-46)",NDP,Calgary-Elbow
Sarah Elmeligi (NDP) - Banff-Kananaskis,,,1,,,,no confirmed reading,n/a (evidence only),4,,"VOTE NAY as Alberta New Democratic Party: 2024-11-27 ab-31-1/24 Third Reading (the motion was carried on division, 46-31 (voice vote before the division: The question being put, the motion was defeated) 46-31) [no reading -- not placed] | VOTE NAY as Alberta New Democratic Party: 2024-11-26 ab-31-1/24 Committee of the Whole (the clauses was carried on division, 41-30 (voice vote before the division: The question being put on the remaining clauses of Bill 24, Alberta Bill of Rights Amendment Act, 2024, the motion was agreed to) 41-30) [no reading -- not placed] | 2024-10-30 NO RECORDED VOTE: 2024-10-30 ab-31-1/24 Committee of the Whole (the amendment was defeated on division, 18-46 (voice vote before the division: The question being put, the amendment was defeated) 18-46) | 2024-10-28 NO RECORDED VOTE: 2024-10-28 ab-31-1/24 motion (the motion was defeated on division, 18-46 (voice vote before the division: the Regional Health Authorities Act, during the period from January 1, 2023, to December 31, 2023? The question being put, the motion was defeated) 18-46)",NDP,Banff-Kananaskis
Scott Cyr (UC) - Bonnyville-Cold Lake-St. Paul,,,1,,,,no confirmed reading,n/a (evidence only),4,,"VOTE YEA as United Conservative: 2024-11-27 ab-31-1/24 Third Reading (the motion was carried on division, 46-31 (voice vote before the division: The question being put, the motion was defeated) 46-31) [no reading -- not placed] | VOTE YEA as United Conservative: 2024-11-26 ab-31-1/24 Committee of the Whole (the clauses was carried on division, 41-30 (voice vote before the division: The question being put on the remaining clauses of Bill 24, Alberta Bill of Rights Amendment Act, 2024, the motion was agreed to) 41-30) [no reading -- not placed] | VOTE NAY as United Conservative: 2024-10-30 ab-31-1/24 Committee of the Whole (the amendment was defeated on division, 18-46 (voice vote before the division: The question being put, the amendment was defeated) 18-46) [no reading -- not placed] | VOTE NAY as United Conservative: 2024-10-28 ab-31-1/24 motion (the motion was defeated on division, 18-46 (voice vote before the division: the Regional Health Authorities Act, during the period from January 1, 2023, to December 31, 2023? The question being put, the motion was defeated) 18-46) [no reading -- not placed]",UC,Bonnyville-Cold Lake-St. Paul
Scott Sinclair (UC) - Lesser Slave Lake,,,1,,,,no confirmed reading,n/a (evidence only),4,,"VOTE YEA as United Conservative: 2024-11-27 ab-31-1/24 Third Reading (the motion was carried on division, 46-31 (voice vote before the division: The question being put, the motion was defeated) 46-31) [no reading -- not placed] | VOTE YEA as United Conservative: 2024-11-26 ab-31-1/24 Committee of the Whole (the clauses was carried on division, 41-30 (voice vote before the division: The question being put on the remaining clauses of Bill 24, Alberta Bill of Rights Amendment Act, 2024, the motion was agreed to) 41-30) [no reading -- not placed] | VOTE NAY as United Conservative: 2024-10-30 ab-31-1/24 Committee of the Whole (the amendment was defeated on division, 18-46 (voice vote before the division: The question being put, the amendment was defeated) 18-46) [no reading -- not placed] | VOTE NAY as United Conservative: 2024-10-28 ab-31-1/24 motion (the motion was defeated on division, 18-46 (voice vote before the division: the Regional Health Authorities Act, during the period from January 1, 2023, to December 31, 2023? The question being put, the motion was defeated) 18-46) [no reading -- not placed]",UC,Lesser Slave Lake
Sharif Haji (NDP) - Edmonton-Decore,,,1,,,,no confirmed reading,n/a (evidence only),4,,"VOTE YEA as Alberta New Democratic Party: 2024-10-30 ab-31-1/24 Committee of the Whole (the amendment was defeated on division, 18-46 (voice vote before the division: The question being put, the amendment was defeated) 18-46) [no reading -- not placed] | VOTE YEA as Alberta New Democratic Party: 2024-10-28 ab-31-1/24 motion (the motion was defeated on division, 18-46 (voice vote before the division: the Regional Health Authorities Act, during the period from January 1, 2023, to December 31, 2023? The question being put, the motion was defeated) 18-46) [no reading -- not placed] | VOTE NAY as Alberta New Democratic Party: 2024-11-27 ab-31-1/24 Third Reading (the motion was carried on division, 46-31 (voice vote before the division: The question being put, the motion was defeated) 46-31) [no reading -- not placed] | 2024-11-26 NO RECORDED VOTE: 2024-11-26 ab-31-1/24 Committee of the Whole (the clauses was carried on division, 41-30 (voice vote before the division: The question being put on the remaining clauses of Bill 24, Alberta Bill of Rights Amendment Act, 2024, the motion was agreed to) 41-30)",NDP,Edmonton-Decore
Todd Loewen (UC) - Central Peace-Notley,,,1,,,,no confirmed reading,n/a (evidence only),4,,"VOTE YEA as United Conservative: 2024-11-27 ab-31-1/24 Third Reading (the motion was carried on division, 46-31 (voice vote before the division: The question being put, the motion was defeated) 46-31) [no reading -- not placed] | VOTE YEA as United Conservative: 2024-11-26 ab-31-1/24 Committee of the Whole (the clauses was carried on division, 41-30 (voice vote before the division: The question being put on the remaining clauses of Bill 24, Alberta Bill of Rights Amendment Act, 2024, the motion was agreed to) 41-30) [no reading -- not placed] | VOTE NAY as United Conservative: 2024-10-30 ab-31-1/24 Committee of the Whole (the amendment was defeated on division, 18-46 (voice vote before the division: The question being put, the amendment was defeated) 18-46) [no reading -- not placed] | VOTE NAY as United Conservative: 2024-10-28 ab-31-1/24 motion (the motion was defeated on division, 18-46 (voice vote before the division: the Regional Health Authorities Act, during the period from January 1, 2023, to December 31, 2023? The question being put, the motion was defeated) 18-46) [no reading -- not placed]",UC,Central Peace-Notley
Gurtej Brar (NDP) - Edmonton-Ellerslie,,,1,,,,no evidence,,0,,No recorded activity on this area,NDP,Edmonton-Ellerslie
Naheed Nenshi (NDP) - Edmonton-Strathcona,,,1,,,,no evidence,,0,,No recorded activity on this area,NDP,Edmonton-Strathcona
Rob Miyashiro (NDP) - Lethbridge-West,,,1,,,,no evidence,,0,,No recorded activity on this area,NDP,Lethbridge-West
Tara Sawyer (UC) - Olds-Didsbury-Three Hills,,,1,,,,no evidence,,0,,No recorded activity on this area,UC,Olds-Didsbury-Three Hills
Rachel Notley (Rachel) - Edmonton-Strathcona [FORMER],,,1,,,,no confirmed reading,n/a (evidence only),7,,"VOTE NAY as Alberta New Democratic Party: 2024-11-27 ab-31-1/24 Third Reading (the motion was carried on division, 46-31 (voice vote before the division: The question being put, the motion was defeated) 46-31) [no reading -- not placed] | VOTE NAY as Alberta New Democratic Party: 2024-11-26 ab-31-1/24 Committee of the Whole (the clauses was carried on division, 41-30 (voice vote before the division: The question being put on the remaining clauses of Bill 24, Alberta Bill of Rights Amendment Act, 2024, the motion was agreed to) 41-30) [no reading -- not placed] | VOTE NAY as Alberta New Democratic Party: 2014-12-03 ab-28-3/10 Motion (the motion was carried on division, 42-12 42-12) [no reading -- not placed] | VOTE NAY as Alberta New Democratic Party: 2014-12-03 ab-28-3/10 Committee of the Whole (the motion was carried on division, 38-17 38-17) [no reading -- not placed] | VOTE NAY as Alberta New Democratic Party: 2014-12-02 ab-28-3/10 Second Reading (the bill was carried on division, 42-10 42-10) [no reading -- not placed] | 2024-10-30 NO RECORDED VOTE: 2024-10-30 ab-31-1/24 Committee of the Whole (the amendment was defeated on division, 18-46 (voice vote before the division: The question being put, the amendment was defeated) 18-46) | 2024-10-28 NO RECORDED VOTE: 2024-10-28 ab-31-1/24 motion (the motion was defeated on division, 18-46 (voice vote before the division: the Regional Health Authorities Act, during the period from January 1, 2023, to December 31, 2023? The question being put, the motion was defeated) 18-46)",Rachel,Edmonton-Strathcona
Deron Bilous (Deron) - Edmonton-Beverly-Clareview [FORMER],,,1,,,,no confirmed reading,n/a (evidence only),6,,"VOTE YEA as Alberta New Democratic Party: 2021-11-22 ab-30-2/75 Committee of the Whole (the amendment was defeated on division, 8-26 8-26) [no reading -- not placed] | VOTE YEA as Alberta New Democratic Party: 2021-11-22 ab-30-2/75 Committee of the Whole (the amendment was defeated on division, 7-26 7-26) [no reading -- not placed] | VOTE NAY as Alberta New Democratic Party: 2014-12-03 ab-28-3/10 Motion (the motion was carried on division, 42-12 42-12) [no reading -- not placed] | VOTE NAY as Alberta New Democratic Party: 2014-12-03 ab-28-3/10 Committee of the Whole (the motion was carried on division, 38-17 38-17) [no reading -- not placed] | VOTE NAY as Alberta New Democratic Party: 2014-12-02 ab-28-3/10 Second Reading (the bill was carried on division, 42-10 42-10) [no reading -- not placed] | 2021-11-02 NO RECORDED VOTE: 2021-11-02 ab-30-2/75 Motion (the motion was carried on division, 27-7 27-7)",Deron,Edmonton-Beverly-Clareview
Rodrigo Loyola (Rodrigo) - Edmonton-Ellerslie [FORMER],,,1,,,,no confirmed reading,n/a (evidence only),6,,"VOTE NAY as Alberta New Democratic Party: 2024-11-27 ab-31-1/24 Third Reading (the motion was carried on division, 46-31 (voice vote before the division: The question being put, the motion was defeated) 46-31) [no reading -- not placed] | VOTE NAY as Alberta New Democratic Party: 2024-11-26 ab-31-1/24 Committee of the Whole (the clauses was carried on division, 41-30 (voice vote before the division: The question being put on the remaining clauses of Bill 24, Alberta Bill of Rights Amendment Act, 2024, the motion was agreed to) 41-30) [no reading -- not placed] | VOTE NAY as Alberta New Democratic Party: 2021-11-02 ab-30-2/75 Motion (the motion was carried on division, 27-7 27-7) [no reading -- not placed] | VOTE NAY as Alberta New Democratic Party: 2018-05-03 ab-29-4/9 Second Reading (the amendment was defeated on division, 1-41 1-41) [no reading -- not placed] | 2024-10-30 NO RECORDED VOTE: 2024-10-30 ab-31-1/24 Committee of the Whole (the amendment was defeated on division, 18-46 (voice vote before the division: The question being put, the amendment was defeated) 18-46) | 2024-10-28 NO RECORDED VOTE: 2024-10-28 ab-31-1/24 motion (the motion was defeated on division, 18-46 (voice vote before the division: the Regional Health Authorities Act, during the period from January 1, 2023, to December 31, 2023? The question being put, the motion was defeated) 18-46)",Rodrigo,Edmonton-Ellerslie
Jason Luan (Jason) - Calgary-Foothills [FORMER],,,1,,,,no confirmed reading,n/a (evidence only),5,,"VOTE YEA as Progressive Conservative: 2014-12-03 ab-28-3/10 Motion (the motion was carried on division, 42-12 42-12) [no reading -- not placed] | VOTE YEA as Progressive Conservative: 2014-12-02 ab-28-3/10 Second Reading (the bill was carried on division, 42-10 42-10) [no reading -- not placed] | VOTE NAY as United Conservative: 2021-11-22 ab-30-2/75 Committee of the Whole (the amendment was defeated on division, 8-26 8-26) [no reading -- not placed] | VOTE NAY as United Conservative: 2021-11-22 ab-30-2/75 Committee of the Whole (the amendment was defeated on division, 7-26 7-26) [no reading -- not placed] | 2021-11-02 NO RECORDED VOTE: 2021-11-02 ab-30-2/75 Motion (the motion was carried on division, 27-7 27-7)",Jason,Calgary-Foothills
Rebecca Schulz (Rebecca) - Calgary-Shaw [FORMER],,,1,,,,no confirmed reading,n/a (evidence only),5,,"VOTE YEA as United Conservative: 2024-11-27 ab-31-1/24 Third Reading (the motion was carried on division, 46-31 (voice vote before the division: The question being put, the motion was defeated) 46-31) [no reading -- not placed] | VOTE YEA as United Conservative: 2021-11-02 ab-30-2/75 Motion (the motion was carried on division, 27-7 27-7) [no reading -- not placed] | VOTE NAY as United Conservative: 2024-10-30 ab-31-1/24 Committee of the Whole (the amendment was defeated on division, 18-46 (voice vote before the division: The question being put, the amendment was defeated) 18-46) [no reading -- not placed] | VOTE NAY as United Conservative: 2024-10-28 ab-31-1/24 motion (the motion was defeated on division, 18-46 (voice vote before the division: the Regional Health Authorities Act, during the period from January 1, 2023, to December 31, 2023? The question being put, the motion was defeated) 18-46) [no reading -- not placed] | 2024-11-26 NO RECORDED VOTE: 2024-11-26 ab-31-1/24 Committee of the Whole (the clauses was carried on division, 41-30 (voice vote before the division: The question being put on the remaining clauses of Bill 24, Alberta Bill of Rights Amendment Act, 2024, the motion was agreed to) 41-30)",Rebecca,Calgary-Shaw
Brian Mason (Brian) - Edmonton-Highlands-Norwood [FORMER],,,1,,,,no confirmed reading,n/a (evidence only),4,,"VOTE NAY as Alberta New Democratic Party: 2018-05-03 ab-29-4/9 Second Reading (the amendment was defeated on division, 1-41 1-41) [no reading -- not placed] | VOTE NAY as Alberta New Democratic Party: 2014-12-03 ab-28-3/10 Motion (the motion was carried on division, 42-12 42-12) [no reading -- not placed] | VOTE NAY as Alberta New Democratic Party: 2014-12-03 ab-28-3/10 Committee of the Whole (the motion was carried on division, 38-17 38-17) [no reading -- not placed] | VOTE NAY as Alberta New Democratic Party: 2014-12-02 ab-28-3/10 Second Reading (the bill was carried on division, 42-10 42-10) [no reading -- not placed]",Brian,Edmonton-Highlands-Norwood
Chris Nielsen (Chris) - Edmonton-Decore [FORMER],,,1,,,,no confirmed reading,n/a (evidence only),4,,"VOTE NAY as Alberta New Democratic Party: 2018-05-03 ab-29-4/9 Second Reading (the amendment was defeated on division, 1-41 1-41) [no reading -- not placed] | 2021-11-22 NO RECORDED VOTE: 2021-11-22 ab-30-2/75 Committee of the Whole (the amendment was defeated on division, 8-26 8-26) | 2021-11-22 NO RECORDED VOTE: 2021-11-22 ab-30-2/75 Committee of the Whole (the amendment was defeated on division, 7-26 7-26) | 2021-11-02 NO RECORDED VOTE: 2021-11-02 ab-30-2/75 Motion (the motion was carried on division, 27-7 27-7)",Chris,Edmonton-Decore
Jon Carson (Jon) - Edmonton-West Henday [FORMER],,,1,,,,no confirmed reading,n/a (evidence only),4,,"VOTE YEA as Alberta New Democratic Party: 2021-11-22 ab-30-2/75 Committee of the Whole (the amendment was defeated on division, 8-26 8-26) [no reading -- not placed] | VOTE NAY as Alberta New Democratic Party: 2018-05-03 ab-29-4/9 Second Reading (the amendment was defeated on division, 1-41 1-41) [no reading -- not placed] | 2021-11-22 NO RECORDED VOTE: 2021-11-22 ab-30-2/75 Committee of the Whole (the amendment was defeated on division, 7-26 7-26) | 2021-11-02 NO RECORDED VOTE: 2021-11-02 ab-30-2/75 Motion (the motion was carried on division, 27-7 27-7)",Jon,Edmonton-West Henday
Richard Feehan (Richard) - Edmonton-Rutherford [FORMER],,,1,,,,no confirmed reading,n/a (evidence only),4,,"VOTE NAY as Alberta New Democratic Party: 2021-11-02 ab-30-2/75 Motion (the motion was carried on division, 27-7 27-7) [no reading -- not placed] | VOTE NAY as Alberta New Democratic Party: 2018-05-03 ab-29-4/9 Second Reading (the amendment was defeated on division, 1-41 1-41) [no reading -- not placed] | 2021-11-22 NO RECORDED VOTE: 2021-11-22 ab-30-2/75 Committee of the Whole (the amendment was defeated on division, 8-26 8-26) | 2021-11-22 NO RECORDED VOTE: 2021-11-22 ab-30-2/75 Committee of the Whole (the amendment was defeated on division, 7-26 7-26)",Richard,Edmonton-Rutherford
Richard Starke (Richard) - Vermilion-Lloydminster [FORMER],,,1,,,,no confirmed reading,n/a (evidence only),4,,"VOTE YEA as Progressive Conservative: 2014-12-03 ab-28-3/10 Motion (the motion was carried on division, 42-12 42-12) [no reading -- not placed] | VOTE YEA as Progressive Conservative: 2014-12-03 ab-28-3/10 Committee of the Whole (the motion was carried on division, 38-17 38-17) [no reading -- not placed] | VOTE YEA as Progressive Conservative: 2014-12-02 ab-28-3/10 Second Reading (the bill was carried on division, 42-10 42-10) [no reading -- not placed] | VOTE NAY as Progressive Conservative: 2018-05-03 ab-29-4/9 Second Reading (the amendment was defeated on division, 1-41 1-41) [no reading -- not placed]",Richard,Vermilion-Lloydminster
Sandra Jansen (Sandra) - Calgary-North West [FORMER],,,1,,,,no confirmed reading,n/a (evidence only),4,,"VOTE YEA as Progressive Conservative: 2014-12-03 ab-28-3/10 Motion (the motion was carried on division, 42-12 42-12) [no reading -- not placed] | VOTE YEA as Progressive Conservative: 2014-12-03 ab-28-3/10 Committee of the Whole (the motion was carried on division, 38-17 38-17) [no reading -- not placed] | VOTE YEA as Progressive Conservative: 2014-12-02 ab-28-3/10 Second Reading (the bill was carried on division, 42-10 42-10) [no reading -- not placed] | VOTE NAY as Alberta New Democratic Party: 2018-05-03 ab-29-4/9 Second Reading (the amendment was defeated on division, 1-41 1-41) [no reading -- not placed]",Sandra,Calgary-North West
Thomas Dang (Thomas) - Edmonton-South [FORMER],,,1,,,,no confirmed reading,n/a (evidence only),4,,"VOTE NAY as Alberta New Democratic Party: 2018-05-03 ab-29-4/9 Second Reading (the amendment was defeated on division, 1-41 1-41) [no reading -- not placed] | 2021-11-22 NO RECORDED VOTE: 2021-11-22 ab-30-2/75 Committee of the Whole (the amendment was defeated on division, 8-26 8-26) | 2021-11-22 NO RECORDED VOTE: 2021-11-22 ab-30-2/75 Committee of the Whole (the amendment was defeated on division, 7-26 7-26) | 2021-11-02 NO RECORDED VOTE: 2021-11-02 ab-30-2/75 Motion (the motion was carried on division, 27-7 27-7)",Thomas,Edmonton-South
Wayne Drysdale (Wayne) - Grande Prairie-Wapiti [FORMER],,,1,,,,no confirmed reading,n/a (evidence only),4,,"VOTE YEA as Progressive Conservative: 2014-12-03 ab-28-3/10 Motion (the motion was carried on division, 42-12 42-12) [no reading -- not placed] | VOTE YEA as Progressive Conservative: 2014-12-03 ab-28-3/10 Committee of the Whole (the motion was carried on division, 38-17 38-17) [no reading -- not placed] | VOTE YEA as Progressive Conservative: 2014-12-02 ab-28-3/10 Second Reading (the bill was carried on division, 42-10 42-10) [no reading -- not placed] | 2018-05-03 NO RECORDED VOTE: 2018-05-03 ab-29-4/9 Second Reading (the amendment was defeated on division, 1-41 1-41)",Wayne,Grande Prairie-Wapiti
Alana DeLong (Alana) - Calgary-Bow [FORMER],,,1,,,,no confirmed reading,n/a (evidence only),3,,"VOTE YEA as Progressive Conservative: 2014-12-03 ab-28-3/10 Committee of the Whole (the motion was carried on division, 38-17 38-17) [no reading -- not placed] | VOTE YEA as Progressive Conservative: 2014-12-02 ab-28-3/10 Second Reading (the bill was carried on division, 42-10 42-10) [no reading -- not placed] | 2014-12-03 NO RECORDED VOTE: 2014-12-03 ab-28-3/10 Motion (the motion was carried on division, 42-12 42-12)",Alana,Calgary-Bow
Blake Pedersen (Blake) - Medicine Hat [FORMER],,,1,,,,no confirmed reading,n/a (evidence only),3,,"VOTE YEA as Wildrose Alliance: 2014-12-02 ab-28-3/10 Second Reading (the bill was carried on division, 42-10 42-10) [no reading -- not placed] | VOTE NAY as Wildrose Alliance: 2014-12-03 ab-28-3/10 Motion (the motion was carried on division, 42-12 42-12) [no reading -- not placed] | VOTE NAY as Wildrose Alliance: 2014-12-03 ab-28-3/10 Committee of the Whole (the motion was carried on division, 38-17 38-17) [no reading -- not placed]",Blake,Medicine Hat
Brad Rutherford (Brad) - Leduc-Beaumont [FORMER],,,1,,,,no confirmed reading,n/a (evidence only),3,,"VOTE NAY as United Conservative: 2021-11-22 ab-30-2/75 Committee of the Whole (the amendment was defeated on division, 8-26 8-26) [no reading -- not placed] | VOTE NAY as United Conservative: 2021-11-22 ab-30-2/75 Committee of the Whole (the amendment was defeated on division, 7-26 7-26) [no reading -- not placed] | 2021-11-02 NO RECORDED VOTE: 2021-11-02 ab-30-2/75 Motion (the motion was carried on division, 27-7 27-7)",Brad,Leduc-Beaumont
Bridget A. Pastoor (Bridget A.) - Lethbridge-East [FORMER],,,1,,,,no confirmed reading,n/a (evidence only),3,,"VOTE YEA as Progressive Conservative: 2014-12-03 ab-28-3/10 Motion (the motion was carried on division, 42-12 42-12) [no reading -- not placed] | 2014-12-03 NO RECORDED VOTE: 2014-12-03 ab-28-3/10 Committee of the Whole (the motion was carried on division, 38-17 38-17) | 2014-12-02 NO RECORDED VOTE: 2014-12-02 ab-28-3/10 Second Reading (the bill was carried on division, 42-10 42-10)",Bridget A.,Lethbridge-East
Bruce McAllister (Bruce) - Chestermere-Rocky View [FORMER],,,1,,,,no confirmed reading,n/a (evidence only),3,,"VOTE NAY as Wildrose Alliance: 2014-12-03 ab-28-3/10 Committee of the Whole (the motion was carried on division, 38-17 38-17) [no reading -- not placed] | 2014-12-03 NO RECORDED VOTE: 2014-12-03 ab-28-3/10 Motion (the motion was carried on division, 42-12 42-12) | 2014-12-02 NO RECORDED VOTE: 2014-12-02 ab-28-3/10 Second Reading (the bill was carried on division, 42-10 42-10)",Bruce,Chestermere-Rocky View
Cal Dallas (Cal) - Red Deer-South [FORMER],,,1,,,,no confirmed reading,n/a (evidence only),3,,"VOTE YEA as Progressive Conservative: 2014-12-03 ab-28-3/10 Motion (the motion was carried on division, 42-12 42-12) [no reading -- not placed] | VOTE YEA as Progressive Conservative: 2014-12-03 ab-28-3/10 Committee of the Whole (the motion was carried on division, 38-17 38-17) [no reading -- not placed] | VOTE YEA as Progressive Conservative: 2014-12-02 ab-28-3/10 Second Reading (the bill was carried on division, 42-10 42-10) [no reading -- not placed]",Cal,Red Deer-South
Cathy Olesen (Cathy) - Sherwood Park [FORMER],,,1,,,,no confirmed reading,n/a (evidence only),3,,"VOTE YEA as Progressive Conservative: 2014-12-03 ab-28-3/10 Motion (the motion was carried on division, 42-12 42-12) [no reading -- not placed] | VOTE YEA as Progressive Conservative: 2014-12-03 ab-28-3/10 Committee of the Whole (the motion was carried on division, 38-17 38-17) [no reading -- not placed] | 2014-12-02 NO RECORDED VOTE: 2014-12-02 ab-28-3/10 Second Reading (the bill was carried on division, 42-10 42-10)",Cathy,Sherwood Park
Christine Cusanelli (Christine) - Calgary-Currie [FORMER],,,1,,,,no confirmed reading,n/a (evidence only),3,,"VOTE YEA as Progressive Conservative: 2014-12-02 ab-28-3/10 Second Reading (the bill was carried on division, 42-10 42-10) [no reading -- not placed] | 2014-12-03 NO RECORDED VOTE: 2014-12-03 ab-28-3/10 Motion (the motion was carried on division, 42-12 42-12) | 2014-12-03 NO RECORDED VOTE: 2014-12-03 ab-28-3/10 Committee of the Whole (the motion was carried on division, 38-17 38-17)",Christine,Calgary-Currie
Darshan Kang (Darshan) - Calgary-McCall [FORMER],,,1,,,,no confirmed reading,n/a (evidence only),3,,"VOTE NAY as Alberta Liberal: 2014-12-03 ab-28-3/10 Motion (the motion was carried on division, 42-12 42-12) [no reading -- not placed] | VOTE NAY as Alberta Liberal: 2014-12-03 ab-28-3/10 Committee of the Whole (the motion was carried on division, 38-17 38-17) [no reading -- not placed] | VOTE NAY as Alberta Liberal: 2014-12-02 ab-28-3/10 Second Reading (the bill was carried on division, 42-10 42-10) [no reading -- not placed]",Darshan,Calgary-McCall
Dave Quest (Dave) - Strathcona-Sherwood Park [FORMER],,,1,,,,no confirmed reading,n/a (evidence only),3,,"VOTE YEA as Progressive Conservative: 2014-12-03 ab-28-3/10 Motion (the motion was carried on division, 42-12 42-12) [no reading -- not placed] | VOTE YEA as Progressive Conservative: 2014-12-03 ab-28-3/10 Committee of the Whole (the motion was carried on division, 38-17 38-17) [no reading -- not placed] | 2014-12-02 NO RECORDED VOTE: 2014-12-02 ab-28-3/10 Second Reading (the bill was carried on division, 42-10 42-10)",Dave,Strathcona-Sherwood Park
David H. Xiao (David H.) - Edmonton-McClung [FORMER],,,1,,,,no confirmed reading,n/a (evidence only),3,,"VOTE YEA as Progressive Conservative: 2014-12-03 ab-28-3/10 Motion (the motion was carried on division, 42-12 42-12) [no reading -- not placed] | VOTE YEA as Progressive Conservative: 2014-12-03 ab-28-3/10 Committee of the Whole (the motion was carried on division, 38-17 38-17) [no reading -- not placed] | VOTE YEA as Progressive Conservative: 2014-12-02 ab-28-3/10 Second Reading (the bill was carried on division, 42-10 42-10) [no reading -- not placed]",David H.,Edmonton-McClung
David Hanson (David) - Bonnyville-Cold Lake-St. Paul [FORMER],,,1,,,,no confirmed reading,n/a (evidence only),3,,"VOTE YEA as United Conservative: 2021-11-02 ab-30-2/75 Motion (the motion was carried on division, 27-7 27-7) [no reading -- not placed] | VOTE NAY as United Conservative: 2021-11-22 ab-30-2/75 Committee of the Whole (the amendment was defeated on division, 8-26 8-26) [no reading -- not placed] | VOTE NAY as United Conservative: 2021-11-22 ab-30-2/75 Committee of the Whole (the amendment was defeated on division, 7-26 7-26) [no reading -- not placed]",David,Bonnyville-Cold Lake-St. Paul
David Swann (David) - Calgary-Mountain View [FORMER],,,1,,,,no confirmed reading,n/a (evidence only),3,,"VOTE NAY as Alberta Liberal: 2014-12-03 ab-28-3/10 Motion (the motion was carried on division, 42-12 42-12) [no reading -- not placed] | VOTE NAY as Alberta Liberal: 2014-12-03 ab-28-3/10 Committee of the Whole (the motion was carried on division, 38-17 38-17) [no reading -- not placed] | 2018-05-03 NO RECORDED VOTE: 2018-05-03 ab-29-4/9 Second Reading (the amendment was defeated on division, 1-41 1-41)",David,Calgary-Mountain View
Devinder Toor (Devinder) - Calgary-Falconridge [FORMER],,,1,,,,no confirmed reading,n/a (evidence only),3,,"VOTE YEA as United Conservative: 2021-11-02 ab-30-2/75 Motion (the motion was carried on division, 27-7 27-7) [no reading -- not placed] | 2021-11-22 NO RECORDED VOTE: 2021-11-22 ab-30-2/75 Committee of the Whole (the amendment was defeated on division, 8-26 8-26) | 2021-11-22 NO RECORDED VOTE: 2021-11-22 ab-30-2/75 Committee of the Whole (the amendment was defeated on division, 7-26 7-26)",Devinder,Calgary-Falconridge
Diana McQueen (Diana) - Drayton Valley-Devon [FORMER],,,1,,,,no confirmed reading,n/a (evidence only),3,,"VOTE YEA as Progressive Conservative: 2014-12-03 ab-28-3/10 Motion (the motion was carried on division, 42-12 42-12) [no reading -- not placed] | VOTE YEA as Progressive Conservative: 2014-12-03 ab-28-3/10 Committee of the Whole (the motion was carried on division, 38-17 38-17) [no reading -- not placed] | VOTE YEA as Progressive Conservative: 2014-12-02 ab-28-3/10 Second Reading (the bill was carried on division, 42-10 42-10) [no reading -- not placed]",Diana,Drayton Valley-Devon
Don Scott (Don) - Fort McMurray-Conklin [FORMER],,,1,,,,no confirmed reading,n/a (evidence only),3,,"VOTE YEA as Progressive Conservative: 2014-12-02 ab-28-3/10 Second Reading (the bill was carried on division, 42-10 42-10) [no reading -- not placed] | 2014-12-03 NO RECORDED VOTE: 2014-12-03 ab-28-3/10 Motion (the motion was carried on division, 42-12 42-12) | 2014-12-03 NO RECORDED VOTE: 2014-12-03 ab-28-3/10 Committee of the Whole (the motion was carried on division, 38-17 38-17)",Don,Fort McMurray-Conklin
Donna Kennedy-Glans (Donna) - Calgary-Varsity [FORMER],,,1,,,,no confirmed reading,n/a (evidence only),3,,"VOTE YEA as Progressive Conservative: 2014-12-03 ab-28-3/10 Motion (the motion was carried on division, 42-12 42-12) [no reading -- not placed] | VOTE YEA as Progressive Conservative: 2014-12-03 ab-28-3/10 Committee of the Whole (the motion was carried on division, 38-17 38-17) [no reading -- not placed] | VOTE YEA as Progressive Conservative: 2014-12-02 ab-28-3/10 Second Reading (the bill was carried on division, 42-10 42-10) [no reading -- not placed]",Donna,Calgary-Varsity
Doug Griffiths (Doug) - Battle River-Wainwright [FORMER],,,1,,,,no confirmed reading,n/a (evidence only),3,,"VOTE YEA as Progressive Conservative: 2014-12-02 ab-28-3/10 Second Reading (the bill was carried on division, 42-10 42-10) [no reading -- not placed] | VOTE NAY as Progressive Conservative: 2014-12-03 ab-28-3/10 Committee of the Whole (the motion was carried on division, 38-17 38-17) [no reading -- not placed] | 2014-12-03 NO RECORDED VOTE: 2014-12-03 ab-28-3/10 Motion (the motion was carried on division, 42-12 42-12)",Doug,Battle River-Wainwright
Doug Schweitzer (Doug) - Calgary-Elbow [FORMER],,,1,,,,no confirmed reading,n/a (evidence only),3,,"VOTE NAY as United Conservative: 2021-11-22 ab-30-2/75 Committee of the Whole (the amendment was defeated on division, 8-26 8-26) [no reading -- not placed] | VOTE NAY as United Conservative: 2021-11-22 ab-30-2/75 Committee of the Whole (the amendment was defeated on division, 7-26 7-26) [no reading -- not placed] | 2021-11-02 NO RECORDED VOTE: 2021-11-02 ab-30-2/75 Motion (the motion was carried on division, 27-7 27-7)",Doug,Calgary-Elbow
Everett McDonald (Everett) - Grande Prairie-Smoky [FORMER],,,1,,,,no confirmed reading,n/a (evidence only),3,,"VOTE YEA as Progressive Conservative: 2014-12-03 ab-28-3/10 Motion (the motion was carried on division, 42-12 42-12) [no reading -- not placed] | VOTE YEA as Progressive Conservative: 2014-12-03 ab-28-3/10 Committee of the Whole (the motion was carried on division, 38-17 38-17) [no reading -- not placed] | VOTE YEA as Progressive Conservative: 2014-12-02 ab-28-3/10 Second Reading (the bill was carried on division, 42-10 42-10) [no reading -- not placed]",Everett,Grande Prairie-Smoky
Frank Oberle (Frank) - Peace River [FORMER],,,1,,,,no confirmed reading,n/a (evidence only),3,,"VOTE YEA as Progressive Conservative: 2014-12-03 ab-28-3/10 Motion (the motion was carried on division, 42-12 42-12) [no reading -- not placed] | VOTE YEA as Progressive Conservative: 2014-12-03 ab-28-3/10 Committee of the Whole (the motion was carried on division, 38-17 38-17) [no reading -- not placed] | 2014-12-02 NO RECORDED VOTE: 2014-12-02 ab-28-3/10 Second Reading (the bill was carried on division, 42-10 42-10)",Frank,Peace River
Fred Horne (Fred) - Edmonton-Rutherford [FORMER],,,1,,,,no confirmed reading,n/a (evidence only),3,,"VOTE YEA as Progressive Conservative: 2014-12-03 ab-28-3/10 Motion (the motion was carried on division, 42-12 42-12) [no reading -- not placed] | VOTE YEA as Progressive Conservative: 2014-12-03 ab-28-3/10 Committee of the Whole (the motion was carried on division, 38-17 38-17) [no reading -- not placed] | 2014-12-02 NO RECORDED VOTE: 2014-12-02 ab-28-3/10 Second Reading (the bill was carried on division, 42-10 42-10)",Fred,Edmonton-Rutherford
Genia Leskiw (Genia) - Bonnyville-Cold Lake [FORMER],,,1,,,,no confirmed reading,n/a (evidence only),3,,"VOTE YEA as Progressive Conservative: 2014-12-02 ab-28-3/10 Second Reading (the bill was carried on division, 42-10 42-10) [no reading -- not placed] | 2014-12-03 NO RECORDED VOTE: 2014-12-03 ab-28-3/10 Motion (the motion was carried on division, 42-12 42-12) | 2014-12-03 NO RECORDED VOTE: 2014-12-03 ab-28-3/10 Committee of the Whole (the motion was carried on division, 38-17 38-17)",Genia,Bonnyville-Cold Lake
George VanderBurg (George) - Whitecourt-Ste. Anne [FORMER],,,1,,,,no confirmed reading,n/a (evidence only),3,,"VOTE YEA as Progressive Conservative: 2014-12-03 ab-28-3/10 Motion (the motion was carried on division, 42-12 42-12) [no reading -- not placed] | VOTE YEA as Progressive Conservative: 2014-12-03 ab-28-3/10 Committee of the Whole (the motion was carried on division, 38-17 38-17) [no reading -- not placed] | 2014-12-02 NO RECORDED VOTE: 2014-12-02 ab-28-3/10 Second Reading (the bill was carried on division, 42-10 42-10)",George,Whitecourt-Ste. Anne
Gordon Dirks (Gordon) - Calgary-Elbow [FORMER],,,1,,,,no confirmed reading,n/a (evidence only),3,,"VOTE YEA as Progressive Conservative: 2014-12-03 ab-28-3/10 Motion (the motion was carried on division, 42-12 42-12) [no reading -- not placed] | VOTE YEA as Progressive Conservative: 2014-12-03 ab-28-3/10 Committee of the Whole (the motion was carried on division, 38-17 38-17) [no reading -- not placed] | VOTE YEA as Progressive Conservative: 2014-12-02 ab-28-3/10 Second Reading (the bill was carried on division, 42-10 42-10) [no reading -- not placed]",Gordon,Calgary-Elbow
Greg Weadick (Greg) - Lethbridge-West [FORMER],,,1,,,,no confirmed reading,n/a (evidence only),3,,"VOTE YEA as Progressive Conservative: 2014-12-03 ab-28-3/10 Motion (the motion was carried on division, 42-12 42-12) [no reading -- not placed] | VOTE YEA as Progressive Conservative: 2014-12-03 ab-28-3/10 Committee of the Whole (the motion was carried on division, 38-17 38-17) [no reading -- not placed] | VOTE YEA as Progressive Conservative: 2014-12-02 ab-28-3/10 Second Reading (the bill was carried on division, 42-10 42-10) [no reading -- not placed]",Greg,Lethbridge-West
Heather Klimchuk (Heather) - Edmonton-Glenora [FORMER],,,1,,,,no confirmed reading,n/a (evidence only),3,,"VOTE YEA as Progressive Conservative: 2014-12-03 ab-28-3/10 Motion (the motion was carried on division, 42-12 42-12) [no reading -- not placed] | VOTE YEA as Progressive Conservative: 2014-12-03 ab-28-3/10 Committee of the Whole (the motion was carried on division, 38-17 38-17) [no reading -- not placed] | 2014-12-02 NO RECORDED VOTE: 2014-12-02 ab-28-3/10 Second Reading (the bill was carried on division, 42-10 42-10)",Heather,Edmonton-Glenora
Hector Goudreau (Hector) - Dunvegan-Central Peace-Notley [FORMER],,,1,,,,no confirmed reading,n/a (evidence only),3,,"VOTE YEA as Progressive Conservative: 2014-12-03 ab-28-3/10 Motion (the motion was carried on division, 42-12 42-12) [no reading -- not placed] | VOTE YEA as Progressive Conservative: 2014-12-03 ab-28-3/10 Committee of the Whole (the motion was carried on division, 38-17 38-17) [no reading -- not placed] | VOTE YEA as Progressive Conservative: 2014-12-02 ab-28-3/10 Second Reading (the bill was carried on division, 42-10 42-10) [no reading -- not placed]",Hector,Dunvegan-Central Peace-Notley
Ian Donovan (Ian) - Little Bow [FORMER],,,1,,,,no confirmed reading,n/a (evidence only),3,,"VOTE YEA as Progressive Conservative: 2014-12-03 ab-28-3/10 Motion (the motion was carried on division, 42-12 42-12) [no reading -- not placed] | VOTE YEA as Progressive Conservative: 2014-12-02 ab-28-3/10 Second Reading (the bill was carried on division, 42-10 42-10) [no reading -- not placed] | VOTE NAY as Progressive Conservative: 2014-12-03 ab-28-3/10 Committee of the Whole (the motion was carried on division, 38-17 38-17) [no reading -- not placed]",Ian,Little Bow
Jacquie Fenske (Jacquie) - Fort Saskatchewan-Vegreville [FORMER],,,1,,,,no confirmed reading,n/a (evidence only),3,,"VOTE YEA as Progressive Conservative: 2014-12-03 ab-28-3/10 Motion (the motion was carried on division, 42-12 42-12) [no reading -- not placed] | VOTE YEA as Progressive Conservative: 2014-12-03 ab-28-3/10 Committee of the Whole (the motion was carried on division, 38-17 38-17) [no reading -- not placed] | 2014-12-02 NO RECORDED VOTE: 2014-12-02 ab-28-3/10 Second Reading (the bill was carried on division, 42-10 42-10)",Jacquie,Fort Saskatchewan-Vegreville
Jason Hale (Jason) - Strathmore-Brooks [FORMER],,,1,,,,no confirmed reading,n/a (evidence only),3,,"VOTE YEA as Wildrose Alliance: 2014-12-02 ab-28-3/10 Second Reading (the bill was carried on division, 42-10 42-10) [no reading -- not placed] | 2014-12-03 NO RECORDED VOTE: 2014-12-03 ab-28-3/10 Motion (the motion was carried on division, 42-12 42-12) | 2014-12-03 NO RECORDED VOTE: 2014-12-03 ab-28-3/10 Committee of the Whole (the motion was carried on division, 38-17 38-17)",Jason,Strathmore-Brooks
Jeff Johnson (Jeff) - Athabasca-Sturgeon-Redwater [FORMER],,,1,,,,no confirmed reading,n/a (evidence only),3,,"VOTE YEA as Progressive Conservative: 2014-12-03 ab-28-3/10 Motion (the motion was carried on division, 42-12 42-12) [no reading -- not placed] | VOTE YEA as Progressive Conservative: 2014-12-03 ab-28-3/10 Committee of the Whole (the motion was carried on division, 38-17 38-17) [no reading -- not placed] | VOTE YEA as Progressive Conservative: 2014-12-02 ab-28-3/10 Second Reading (the bill was carried on division, 42-10 42-10) [no reading -- not placed]",Jeff,Athabasca-Sturgeon-Redwater
Jeff Wilson (Jeff) - Calgary-Shaw [FORMER],,,1,,,,no confirmed reading,n/a (evidence only),3,,"VOTE NAY as Wildrose Alliance: 2014-12-03 ab-28-3/10 Committee of the Whole (the motion was carried on division, 38-17 38-17) [no reading -- not placed] | VOTE NAY as Wildrose Alliance: 2014-12-02 ab-28-3/10 Second Reading (the bill was carried on division, 42-10 42-10) [no reading -- not placed] | 2014-12-03 NO RECORDED VOTE: 2014-12-03 ab-28-3/10 Motion (the motion was carried on division, 42-12 42-12)",Jeff,Calgary-Shaw
Jeremy Nixon (Jeremy) - Calgary-Klein [FORMER],,,1,,,,no confirmed reading,n/a (evidence only),3,,"VOTE NAY as United Conservative: 2021-11-22 ab-30-2/75 Committee of the Whole (the amendment was defeated on division, 8-26 8-26) [no reading -- not placed] | VOTE NAY as United Conservative: 2021-11-22 ab-30-2/75 Committee of the Whole (the amendment was defeated on division, 7-26 7-26) [no reading -- not placed] | 2021-11-02 NO RECORDED VOTE: 2021-11-02 ab-30-2/75 Motion (the motion was carried on division, 27-7 27-7)",Jeremy,Calgary-Klein
Joe Anglin (Joe) - Rimbey-Rocky Mountain House-Sundre [FORMER],,,1,,,,no confirmed reading,n/a (evidence only),3,,"VOTE YEA as Independent: 2014-12-02 ab-28-3/10 Second Reading (the bill was carried on division, 42-10 42-10) [no reading -- not placed] | VOTE NAY as Independent: 2014-12-03 ab-28-3/10 Motion (the motion was carried on division, 42-12 42-12) [no reading -- not placed] | VOTE NAY as Independent: 2014-12-03 ab-28-3/10 Committee of the Whole (the motion was carried on division, 38-17 38-17) [no reading -- not placed]",Joe,Rimbey-Rocky Mountain House-Sundre
Jonathan Denis (Jonathan) - Calgary-Acadia [FORMER],,,1,,,,no confirmed reading,n/a (evidence only),3,,"VOTE YEA as Progressive Conservative: 2014-12-03 ab-28-3/10 Motion (the motion was carried on division, 42-12 42-12) [no reading -- not placed] | VOTE YEA as Progressive Conservative: 2014-12-03 ab-28-3/10 Committee of the Whole (the motion was carried on division, 38-17 38-17) [no reading -- not placed] | VOTE YEA as Progressive Conservative: 2014-12-02 ab-28-3/10 Second Reading (the bill was carried on division, 42-10 42-10) [no reading -- not placed]",Jonathan,Calgary-Acadia
Josephine Pon (Josephine) - Calgary-Beddington [FORMER],,,1,,,,no confirmed reading,n/a (evidence only),3,,"VOTE YEA as United Conservative: 2021-11-02 ab-30-2/75 Motion (the motion was carried on division, 27-7 27-7) [no reading -- not placed] | 2021-11-22 NO RECORDED VOTE: 2021-11-22 ab-30-2/75 Committee of the Whole (the amendment was defeated on division, 8-26 8-26) | 2021-11-22 NO RECORDED VOTE: 2021-11-22 ab-30-2/75 Committee of the Whole (the amendment was defeated on division, 7-26 7-26)",Josephine,Calgary-Beddington
Kaycee Madu (Kaycee) - Edmonton-South West [FORMER],,,1,,,,no confirmed reading,n/a (evidence only),3,,"VOTE NAY as United Conservative: 2021-11-22 ab-30-2/75 Committee of the Whole (the amendment was defeated on division, 8-26 8-26) [no reading -- not placed] | VOTE NAY as United Conservative: 2021-11-22 ab-30-2/75 Committee of the Whole (the amendment was defeated on division, 7-26 7-26) [no reading -- not placed] | 2021-11-02 NO RECORDED VOTE: 2021-11-02 ab-30-2/75 Motion (the motion was carried on division, 27-7 27-7)",Kaycee,Edmonton-South West
Ken Lemke (Ken) - Stony Plain [FORMER],,,1,,,,no confirmed reading,n/a (evidence only),3,,"VOTE YEA as Progressive Conservative: 2014-12-03 ab-28-3/10 Motion (the motion was carried on division, 42-12 42-12) [no reading -- not placed] | VOTE YEA as Progressive Conservative: 2014-12-02 ab-28-3/10 Second Reading (the bill was carried on division, 42-10 42-10) [no reading -- not placed] | 2014-12-03 NO RECORDED VOTE: 2014-12-03 ab-28-3/10 Committee of the Whole (the motion was carried on division, 38-17 38-17)",Ken,Stony Plain
Kerry Towle (Kerry) - Innisfail-Sylvan Lake [FORMER],,,1,,,,no confirmed reading,n/a (evidence only),3,,"VOTE YEA as Progressive Conservative: 2014-12-03 ab-28-3/10 Motion (the motion was carried on division, 42-12 42-12) [no reading -- not placed] | VOTE YEA as Progressive Conservative: 2014-12-03 ab-28-3/10 Committee of the Whole (the motion was carried on division, 38-17 38-17) [no reading -- not placed] | 2014-12-02 NO RECORDED VOTE: 2014-12-02 ab-28-3/10 Second Reading (the bill was carried on division, 42-10 42-10)",Kerry,Innisfail-Sylvan Lake
Kyle Fawcett (Kyle) - Calgary-Klein [FORMER],,,1,,,,no confirmed reading,n/a (evidence only),3,,"VOTE YEA as Progressive Conservative: 2014-12-03 ab-28-3/10 Motion (the motion was carried on division, 42-12 42-12) [no reading -- not placed] | VOTE YEA as Progressive Conservative: 2014-12-03 ab-28-3/10 Committee of the Whole (the motion was carried on division, 38-17 38-17) [no reading -- not placed] | VOTE YEA as Progressive Conservative: 2014-12-02 ab-28-3/10 Second Reading (the bill was carried on division, 42-10 42-10) [no reading -- not placed]",Kyle,Calgary-Klein
Laurie Blakeman (Laurie) - Edmonton-Centre [FORMER],,,1,,,,no confirmed reading,n/a (evidence only),3,,"VOTE NAY as Alberta Liberal: 2014-12-03 ab-28-3/10 Motion (the motion was carried on division, 42-12 42-12) [no reading -- not placed] | VOTE NAY as Alberta Liberal: 2014-12-03 ab-28-3/10 Committee of the Whole (the motion was carried on division, 38-17 38-17) [no reading -- not placed] | VOTE NAY as Alberta Liberal: 2014-12-02 ab-28-3/10 Second Reading (the bill was carried on division, 42-10 42-10) [no reading -- not placed]",Laurie,Edmonton-Centre
Leela Sharon Aheer (Leela Sharon) - Chestermere-Strathmore [FORMER],,,1,,,,no confirmed reading,n/a (evidence only),3,,"VOTE NAY as United Conservative: 2021-11-22 ab-30-2/75 Committee of the Whole (the amendment was defeated on division, 8-26 8-26) [no reading -- not placed] | VOTE NAY as United Conservative: 2021-11-22 ab-30-2/75 Committee of the Whole (the amendment was defeated on division, 7-26 7-26) [no reading -- not placed] | 2021-11-02 NO RECORDED VOTE: 2021-11-02 ab-30-2/75 Motion (the motion was carried on division, 27-7 27-7)",Leela Sharon,Chestermere-Strathmore
Linda Johnson (Linda) - Calgary-Glenmore [FORMER],,,1,,,,no confirmed reading,n/a (evidence only),3,,"VOTE YEA as Progressive Conservative: 2014-12-02 ab-28-3/10 Second Reading (the bill was carried on division, 42-10 42-10) [no reading -- not placed] | 2014-12-03 NO RECORDED VOTE: 2014-12-03 ab-28-3/10 Motion (the motion was carried on division, 42-12 42-12) | 2014-12-03 NO RECORDED VOTE: 2014-12-03 ab-28-3/10 Committee of the Whole (the motion was carried on division, 38-17 38-17)",Linda,Calgary-Glenmore
Mark Smith (Mark) - Drayton Valley-Devon [FORMER],,,1,,,,no confirmed reading,n/a (evidence only),3,,"VOTE NAY as United Conservative: 2021-11-22 ab-30-2/75 Committee of the Whole (the amendment was defeated on division, 8-26 8-26) [no reading -- not placed] | VOTE NAY as United Conservative: 2021-11-22 ab-30-2/75 Committee of the Whole (the amendment was defeated on division, 7-26 7-26) [no reading -- not placed] | 2021-11-02 NO RECORDED VOTE: 2021-11-02 ab-30-2/75 Motion (the motion was carried on division, 27-7 27-7)",Mark,Drayton Valley-Devon
Maureen Kubinec (Maureen) - Barrhead-Morinville-Westlock [FORMER],,,1,,,,no confirmed reading,n/a (evidence only),3,,"VOTE YEA as Progressive Conservative: 2014-12-03 ab-28-3/10 Motion (the motion was carried on division, 42-12 42-12) [no reading -- not placed] | VOTE YEA as Progressive Conservative: 2014-12-03 ab-28-3/10 Committee of the Whole (the motion was carried on division, 38-17 38-17) [no reading -- not placed] | VOTE YEA as Progressive Conservative: 2014-12-02 ab-28-3/10 Second Reading (the bill was carried on division, 42-10 42-10) [no reading -- not placed]",Maureen,Barrhead-Morinville-Westlock
Michaela Frey (Michaela) - Brooks-Medicine Hat [FORMER],,,1,,,,no confirmed reading,n/a (evidence only),3,,"VOTE YEA as United Conservative: 2021-11-02 ab-30-2/75 Motion (the motion was carried on division, 27-7 27-7) [no reading -- not placed] | VOTE NAY as United Conservative: 2021-11-22 ab-30-2/75 Committee of the Whole (the amendment was defeated on division, 8-26 8-26) [no reading -- not placed] | VOTE NAY as United Conservative: 2021-11-22 ab-30-2/75 Committee of the Whole (the amendment was defeated on division, 7-26 7-26) [no reading -- not placed]",Michaela,Brooks-Medicine Hat
Mike Allen (Mike) - Fort McMurray-Wood Buffalo [FORMER],,,1,,,,no confirmed reading,n/a (evidence only),3,,"VOTE YEA as Progressive Conservative: 2014-12-03 ab-28-3/10 Motion (the motion was carried on division, 42-12 42-12) [no reading -- not placed] | VOTE YEA as Progressive Conservative: 2014-12-03 ab-28-3/10 Committee of the Whole (the motion was carried on division, 38-17 38-17) [no reading -- not placed] | VOTE YEA as Progressive Conservative: 2014-12-02 ab-28-3/10 Second Reading (the bill was carried on division, 42-10 42-10) [no reading -- not placed]",Mike,Fort McMurray-Wood Buffalo
Miranda Rosin (Miranda) - Banff-Kananaskis [FORMER],,,1,,,,no confirmed reading,n/a (evidence only),3,,"VOTE YEA as United Conservative: 2021-11-02 ab-30-2/75 Motion (the motion was carried on division, 27-7 27-7) [no reading -- not placed] | 2021-11-22 NO RECORDED VOTE: 2021-11-22 ab-30-2/75 Committee of the Whole (the amendment was defeated on division, 8-26 8-26) | 2021-11-22 NO RECORDED VOTE: 2021-11-22 ab-30-2/75 Committee of the Whole (the amendment was defeated on division, 7-26 7-26)",Miranda,Banff-Kananaskis
Moe Amery (Moe) - Calgary-East [FORMER],,,1,,,,no confirmed reading,n/a (evidence only),3,,"VOTE YEA as Progressive Conservative: 2014-12-02 ab-28-3/10 Second Reading (the bill was carried on division, 42-10 42-10) [no reading -- not placed] | 2014-12-03 NO RECORDED VOTE: 2014-12-03 ab-28-3/10 Motion (the motion was carried on division, 42-12 42-12) | 2014-12-03 NO RECORDED VOTE: 2014-12-03 ab-28-3/10 Committee of the Whole (the motion was carried on division, 38-17 38-17)",Moe,Calgary-East
Naresh Bhardwaj (Naresh) - Edmonton-Ellerslie [FORMER],,,1,,,,no confirmed reading,n/a (evidence only),3,,"VOTE YEA as Progressive Conservative: 2014-12-03 ab-28-3/10 Motion (the motion was carried on division, 42-12 42-12) [no reading -- not placed] | VOTE YEA as Progressive Conservative: 2014-12-03 ab-28-3/10 Committee of the Whole (the motion was carried on division, 38-17 38-17) [no reading -- not placed] | 2014-12-02 NO RECORDED VOTE: 2014-12-02 ab-28-3/10 Second Reading (the bill was carried on division, 42-10 42-10)",Naresh,Edmonton-Ellerslie
Neil Brown (Neil) - Calgary-Mackay-Nose Hill [FORMER],,,1,,,,no confirmed reading,n/a (evidence only),3,,"VOTE YEA as Progressive Conservative: 2014-12-03 ab-28-3/10 Motion (the motion was carried on division, 42-12 42-12) [no reading -- not placed] | VOTE YEA as Progressive Conservative: 2014-12-03 ab-28-3/10 Committee of the Whole (the motion was carried on division, 38-17 38-17) [no reading -- not placed] | VOTE YEA as Progressive Conservative: 2014-12-02 ab-28-3/10 Second Reading (the bill was carried on division, 42-10 42-10) [no reading -- not placed]",Neil,Calgary-Mackay-Nose Hill
Pearl Calahasen (Pearl) - Lesser Slave Lake [FORMER],,,1,,,,no confirmed reading,n/a (evidence only),3,,"VOTE YEA as Progressive Conservative: 2014-12-03 ab-28-3/10 Motion (the motion was carried on division, 42-12 42-12) [no reading -- not placed] | VOTE YEA as Progressive Conservative: 2014-12-02 ab-28-3/10 Second Reading (the bill was carried on division, 42-10 42-10) [no reading -- not placed] | 2014-12-03 NO RECORDED VOTE: 2014-12-03 ab-28-3/10 Committee of the Whole (the motion was carried on division, 38-17 38-17)",Pearl,Lesser Slave Lake
Peter Sandhu (Peter) - Edmonton-Manning [FORMER],,,1,,,,no confirmed reading,n/a (evidence only),3,,"VOTE YEA as Progressive Conservative: 2014-12-03 ab-28-3/10 Motion (the motion was carried on division, 42-12 42-12) [no reading -- not placed] | VOTE YEA as Progressive Conservative: 2014-12-03 ab-28-3/10 Committee of the Whole (the motion was carried on division, 38-17 38-17) [no reading -- not placed] | VOTE YEA as Progressive Conservative: 2014-12-02 ab-28-3/10 Second Reading (the bill was carried on division, 42-10 42-10) [no reading -- not placed]",Peter,Edmonton-Manning
Prasad Panda (Prasad) - Calgary-Edgemont [FORMER],,,1,,,,no confirmed reading,n/a (evidence only),3,,"VOTE NAY as United Conservative: 2021-11-22 ab-30-2/75 Committee of the Whole (the amendment was defeated on division, 8-26 8-26) [no reading -- not placed] | VOTE NAY as United Conservative: 2021-11-22 ab-30-2/75 Committee of the Whole (the amendment was defeated on division, 7-26 7-26) [no reading -- not placed] | 2021-11-02 NO RECORDED VOTE: 2021-11-02 ab-30-2/75 Motion (the motion was carried on division, 27-7 27-7)",Prasad,Calgary-Edgemont
Raj Sherman (Raj) - Edmonton-Meadowlark [FORMER],,,1,,,,no confirmed reading,n/a (evidence only),3,,"VOTE NAY as Alberta Liberal: 2014-12-03 ab-28-3/10 Motion (the motion was carried on division, 42-12 42-12) [no reading -- not placed] | VOTE NAY as Alberta Liberal: 2014-12-03 ab-28-3/10 Committee of the Whole (the motion was carried on division, 38-17 38-17) [no reading -- not placed] | VOTE NAY as Alberta Liberal: 2014-12-02 ab-28-3/10 Second Reading (the bill was carried on division, 42-10 42-10) [no reading -- not placed]",Raj,Edmonton-Meadowlark
Richard Gotfried (Richard) - Calgary-Fish Creek [FORMER],,,1,,,,no confirmed reading,n/a (evidence only),3,,"VOTE NAY as United Conservative: 2021-11-22 ab-30-2/75 Committee of the Whole (the amendment was defeated on division, 8-26 8-26) [no reading -- not placed] | VOTE NAY as United Conservative: 2021-11-22 ab-30-2/75 Committee of the Whole (the amendment was defeated on division, 7-26 7-26) [no reading -- not placed] | 2021-11-02 NO RECORDED VOTE: 2021-11-02 ab-30-2/75 Motion (the motion was carried on division, 27-7 27-7)",Richard,Calgary-Fish Creek
Rob Anderson (Rob) - Airdrie [FORMER],,,1,,,,no confirmed reading,n/a (evidence only),3,,"VOTE YEA as Wildrose Alliance: 2014-12-02 ab-28-3/10 Second Reading (the bill was carried on division, 42-10 42-10) [no reading -- not placed] | VOTE NAY as Wildrose Alliance: 2014-12-03 ab-28-3/10 Motion (the motion was carried on division, 42-12 42-12) [no reading -- not placed] | VOTE NAY as Wildrose Alliance: 2014-12-03 ab-28-3/10 Committee of the Whole (the motion was carried on division, 38-17 38-17) [no reading -- not placed]",Rob,Airdrie
Robin Campbell (Robin) - West Yellowhead [FORMER],,,1,,,,no confirmed reading,n/a (evidence only),3,,"VOTE YEA as Progressive Conservative: 2014-12-02 ab-28-3/10 Second Reading (the bill was carried on division, 42-10 42-10) [no reading -- not placed] | 2014-12-03 NO RECORDED VOTE: 2014-12-03 ab-28-3/10 Motion (the motion was carried on division, 42-12 42-12) | 2014-12-03 NO RECORDED VOTE: 2014-12-03 ab-28-3/10 Committee of the Whole (the motion was carried on division, 38-17 38-17)",Robin,West Yellowhead
Rod Fox (Rod) - Lacombe-Ponoka [FORMER],,,1,,,,no confirmed reading,n/a (evidence only),3,,"VOTE NAY as Wildrose Alliance: 2014-12-03 ab-28-3/10 Motion (the motion was carried on division, 42-12 42-12) [no reading -- not placed] | VOTE NAY as Wildrose Alliance: 2014-12-03 ab-28-3/10 Committee of the Whole (the motion was carried on division, 38-17 38-17) [no reading -- not placed] | 2014-12-02 NO RECORDED VOTE: 2014-12-02 ab-28-3/10 Second Reading (the bill was carried on division, 42-10 42-10)",Rod,Lacombe-Ponoka
Roger Reid (Roger) - Livingstone-Macleod [FORMER],,,1,,,,no confirmed reading,n/a (evidence only),3,,"VOTE NAY as United Conservative: 2021-11-22 ab-30-2/75 Committee of the Whole (the amendment was defeated on division, 8-26 8-26) [no reading -- not placed] | VOTE NAY as United Conservative: 2021-11-22 ab-30-2/75 Committee of the Whole (the amendment was defeated on division, 7-26 7-26) [no reading -- not placed] | 2021-11-02 NO RECORDED VOTE: 2021-11-02 ab-30-2/75 Motion (the motion was carried on division, 27-7 27-7)",Roger,Livingstone-Macleod
Ron Casey (Ron) - Banff-Cochrane [FORMER],,,1,,,,no confirmed reading,n/a (evidence only),3,,"VOTE YEA as Progressive Conservative: 2014-12-02 ab-28-3/10 Second Reading (the bill was carried on division, 42-10 42-10) [no reading -- not placed] | 2014-12-03 NO RECORDED VOTE: 2014-12-03 ab-28-3/10 Motion (the motion was carried on division, 42-12 42-12) | 2014-12-03 NO RECORDED VOTE: 2014-12-03 ab-28-3/10 Committee of the Whole (the motion was carried on division, 38-17 38-17)",Ron,Banff-Cochrane
Ron J.N. Orr (Ron J.N.) - Lacombe-Ponoka [FORMER],,,1,,,,no confirmed reading,n/a (evidence only),3,,"VOTE NAY as United Conservative: 2021-11-22 ab-30-2/75 Committee of the Whole (the amendment was defeated on division, 8-26 8-26) [no reading -- not placed] | VOTE NAY as United Conservative: 2021-11-22 ab-30-2/75 Committee of the Whole (the amendment was defeated on division, 7-26 7-26) [no reading -- not placed] | 2021-11-02 NO RECORDED VOTE: 2021-11-02 ab-30-2/75 Motion (the motion was carried on division, 27-7 27-7)",Ron J.N.,Lacombe-Ponoka
Sohail Quadri (Sohail) - Edmonton-Mill Woods [FORMER],,,1,,,,no confirmed reading,n/a (evidence only),3,,"VOTE YEA as Progressive Conservative: 2014-12-03 ab-28-3/10 Motion (the motion was carried on division, 42-12 42-12) [no reading -- not placed] | VOTE YEA as Progressive Conservative: 2014-12-03 ab-28-3/10 Committee of the Whole (the motion was carried on division, 38-17 38-17) [no reading -- not placed] | 2014-12-02 NO RECORDED VOTE: 2014-12-02 ab-28-3/10 Second Reading (the bill was carried on division, 42-10 42-10)",Sohail,Edmonton-Mill Woods
Sonya Savage (Sonya) - Calgary-North West [FORMER],,,1,,,,no confirmed reading,n/a (evidence only),3,,"VOTE YEA as United Conservative: 2021-11-02 ab-30-2/75 Motion (the motion was carried on division, 27-7 27-7) [no reading -- not placed] | 2021-11-22 NO RECORDED VOTE: 2021-11-22 ab-30-2/75 Committee of the Whole (the amendment was defeated on division, 8-26 8-26) | 2021-11-22 NO RECORDED VOTE: 2021-11-22 ab-30-2/75 Committee of the Whole (the amendment was defeated on division, 7-26 7-26)",Sonya,Calgary-North West
Stephen Khan (Stephen) - St. Albert [FORMER],,,1,,,,no confirmed reading,n/a (evidence only),3,,"VOTE YEA as Progressive Conservative: 2014-12-03 ab-28-3/10 Motion (the motion was carried on division, 42-12 42-12) [no reading -- not placed] | VOTE YEA as Progressive Conservative: 2014-12-03 ab-28-3/10 Committee of the Whole (the motion was carried on division, 38-17 38-17) [no reading -- not placed] | 2014-12-02 NO RECORDED VOTE: 2014-12-02 ab-28-3/10 Second Reading (the bill was carried on division, 42-10 42-10)",Stephen,St. Albert
Stephen Mandel (Stephen) - Edmonton-Whitemud [FORMER],,,1,,,,no confirmed reading,n/a (evidence only),3,,"VOTE YEA as Progressive Conservative: 2014-12-03 ab-28-3/10 Motion (the motion was carried on division, 42-12 42-12) [no reading -- not placed] | VOTE YEA as Progressive Conservative: 2014-12-03 ab-28-3/10 Committee of the Whole (the motion was carried on division, 38-17 38-17) [no reading -- not placed] | 2014-12-02 NO RECORDED VOTE: 2014-12-02 ab-28-3/10 Second Reading (the bill was carried on division, 42-10 42-10)",Stephen,Edmonton-Whitemud
Steve Young (Steve) - Edmonton-Riverview [FORMER],,,1,,,,no confirmed reading,n/a (evidence only),3,,"VOTE YEA as Progressive Conservative: 2014-12-03 ab-28-3/10 Motion (the motion was carried on division, 42-12 42-12) [no reading -- not placed] | VOTE YEA as Progressive Conservative: 2014-12-03 ab-28-3/10 Committee of the Whole (the motion was carried on division, 38-17 38-17) [no reading -- not placed] | 2014-12-02 NO RECORDED VOTE: 2014-12-02 ab-28-3/10 Second Reading (the bill was carried on division, 42-10 42-10)",Steve,Edmonton-Riverview
Teresa Woo-Paw (Teresa) - Calgary-Northern Hills [FORMER],,,1,,,,no confirmed reading,n/a (evidence only),3,,"VOTE YEA as Progressive Conservative: 2014-12-02 ab-28-3/10 Second Reading (the bill was carried on division, 42-10 42-10) [no reading -- not placed] | 2014-12-03 NO RECORDED VOTE: 2014-12-03 ab-28-3/10 Motion (the motion was carried on division, 42-12 42-12) | 2014-12-03 NO RECORDED VOTE: 2014-12-03 ab-28-3/10 Committee of the Whole (the motion was carried on division, 38-17 38-17)",Teresa,Calgary-Northern Hills
Thomas Lukaszuk (Thomas) - Edmonton-Castle Downs [FORMER],,,1,,,,no confirmed reading,n/a (evidence only),3,,"VOTE NAY as Progressive Conservative: 2014-12-03 ab-28-3/10 Committee of the Whole (the motion was carried on division, 38-17 38-17) [no reading -- not placed] | VOTE NAY as Progressive Conservative: 2014-12-02 ab-28-3/10 Second Reading (the bill was carried on division, 42-10 42-10) [no reading -- not placed] | 2014-12-03 NO RECORDED VOTE: 2014-12-03 ab-28-3/10 Motion (the motion was carried on division, 42-12 42-12)",Thomas,Edmonton-Castle Downs
Travis Toews (Travis) - Grande Prairie-Wapiti [FORMER],,,1,,,,no confirmed reading,n/a (evidence only),3,,"VOTE YEA as United Conservative: 2021-11-02 ab-30-2/75 Motion (the motion was carried on division, 27-7 27-7) [no reading -- not placed] | 2021-11-22 NO RECORDED VOTE: 2021-11-22 ab-30-2/75 Committee of the Whole (the amendment was defeated on division, 8-26 8-26) | 2021-11-22 NO RECORDED VOTE: 2021-11-22 ab-30-2/75 Committee of the Whole (the amendment was defeated on division, 7-26 7-26)",Travis,Grande Prairie-Wapiti
Verlyn Olson (Verlyn) - Wetaskiwin-Camrose [FORMER],,,1,,,,no confirmed reading,n/a (evidence only),3,,"VOTE YEA as Progressive Conservative: 2014-12-03 ab-28-3/10 Motion (the motion was carried on division, 42-12 42-12) [no reading -- not placed] | VOTE YEA as Progressive Conservative: 2014-12-03 ab-28-3/10 Committee of the Whole (the motion was carried on division, 38-17 38-17) [no reading -- not placed] | VOTE YEA as Progressive Conservative: 2014-12-02 ab-28-3/10 Second Reading (the bill was carried on division, 42-10 42-10) [no reading -- not placed]",Verlyn,Wetaskiwin-Camrose
Wayne Cao (Wayne) - Calgary-Fort [FORMER],,,1,,,,no confirmed reading,n/a (evidence only),3,,"VOTE YEA as Progressive Conservative: 2014-12-03 ab-28-3/10 Motion (the motion was carried on division, 42-12 42-12) [no reading -- not placed] | VOTE YEA as Progressive Conservative: 2014-12-03 ab-28-3/10 Committee of the Whole (the motion was carried on division, 38-17 38-17) [no reading -- not placed] | VOTE YEA as Progressive Conservative: 2014-12-02 ab-28-3/10 Second Reading (the bill was carried on division, 42-10 42-10) [no reading -- not placed]",Wayne,Calgary-Fort
Whitney Issik (Whitney) - Calgary-Glenmore [FORMER],,,1,,,,no confirmed reading,n/a (evidence only),3,,"VOTE YEA as United Conservative: 2021-11-02 ab-30-2/75 Motion (the motion was carried on division, 27-7 27-7) [no reading -- not placed] | VOTE NAY as United Conservative: 2021-11-22 ab-30-2/75 Committee of the Whole (the amendment was defeated on division, 8-26 8-26) [no reading -- not placed] | VOTE NAY as United Conservative: 2021-11-22 ab-30-2/75 Committee of the Whole (the amendment was defeated on division, 7-26 7-26) [no reading -- not placed]",Whitney,Calgary-Glenmore
Yvonne Fritz (Yvonne) - Calgary-Cross [FORMER],,,1,,,,no confirmed reading,n/a (evidence only),3,,"VOTE YEA as Progressive Conservative: 2014-12-03 ab-28-3/10 Motion (the motion was carried on division, 42-12 42-12) [no reading -- not placed] | VOTE YEA as Progressive Conservative: 2014-12-03 ab-28-3/10 Committee of the Whole (the motion was carried on division, 38-17 38-17) [no reading -- not placed] | VOTE YEA as Progressive Conservative: 2014-12-02 ab-28-3/10 Second Reading (the bill was carried on division, 42-10 42-10) [no reading -- not placed]",Yvonne,Calgary-Cross
Dave Rodney (Dave) - Calgary-Lougheed [FORMER],,,1,,,,no confirmed reading,n/a (evidence only),2,,"VOTE YEA as Progressive Conservative: 2014-12-03 ab-28-3/10 Motion (the motion was carried on division, 42-12 42-12) [no reading -- not placed] | VOTE YEA as Progressive Conservative: 2014-12-03 ab-28-3/10 Committee of the Whole (the motion was carried on division, 38-17 38-17) [no reading -- not placed]",Dave,Calgary-Lougheed
Anam Kazim (Anam) - Calgary-Glenmore [FORMER],,,1,,,,no confirmed reading,n/a (evidence only),1,,"VOTE NAY as Alberta New Democratic Party: 2018-05-03 ab-29-4/9 Second Reading (the amendment was defeated on division, 1-41 1-41) [no reading -- not placed]",Anam,Calgary-Glenmore
Annie McKitrick (Annie) - Sherwood Park [FORMER],,,1,,,,no confirmed reading,n/a (evidence only),1,,"VOTE NAY as Alberta New Democratic Party: 2018-05-03 ab-29-4/9 Second Reading (the amendment was defeated on division, 1-41 1-41) [no reading -- not placed]",Annie,Sherwood Park
Barb Miller (Barb) - Red Deer-South [FORMER],,,1,,,,no confirmed reading,n/a (evidence only),1,,"VOTE NAY as Alberta New Democratic Party: 2018-05-03 ab-29-4/9 Second Reading (the amendment was defeated on division, 1-41 1-41) [no reading -- not placed]",Barb,Red Deer-South
Bob Turner (Bob) - Edmonton-Whitemud [FORMER],,,1,,,,no confirmed reading,n/a (evidence only),1,,"VOTE NAY as Alberta New Democratic Party: 2018-05-03 ab-29-4/9 Second Reading (the amendment was defeated on division, 1-41 1-41) [no reading -- not placed]",Bob,Edmonton-Whitemud
Brandy Payne (Brandy) - Calgary-Acadia [FORMER],,,1,,,,no confirmed reading,n/a (evidence only),1,,"VOTE NAY as Alberta New Democratic Party: 2018-05-03 ab-29-4/9 Second Reading (the amendment was defeated on division, 1-41 1-41) [no reading -- not placed]",Brandy,Calgary-Acadia
Brian Malkinson (Brian) - Calgary-Currie [FORMER],,,1,,,,no confirmed reading,n/a (evidence only),1,,"VOTE NAY as Alberta New Democratic Party: 2018-05-03 ab-29-4/9 Second Reading (the amendment was defeated on division, 1-41 1-41) [no reading -- not placed]",Brian,Calgary-Currie
Cameron Westhead (Cameron) - Banff-Cochrane [FORMER],,,1,,,,no confirmed reading,n/a (evidence only),1,,"VOTE NAY as Alberta New Democratic Party: 2018-05-03 ab-29-4/9 Second Reading (the amendment was defeated on division, 1-41 1-41) [no reading -- not placed]",Cameron,Banff-Cochrane
Colin Piquette (Colin) - Athabasca-Sturgeon-Redwater [FORMER],,,1,,,,no confirmed reading,n/a (evidence only),1,,"VOTE NAY as Alberta New Democratic Party: 2018-05-03 ab-29-4/9 Second Reading (the amendment was defeated on division, 1-41 1-41) [no reading -- not placed]",Colin,Athabasca-Sturgeon-Redwater
Craig Coolahan (Craig) - Calgary-Klein [FORMER],,,1,,,,no confirmed reading,n/a (evidence only),1,,"VOTE NAY as Alberta New Democratic Party: 2018-05-03 ab-29-4/9 Second Reading (the amendment was defeated on division, 1-41 1-41) [no reading -- not placed]",Craig,Calgary-Klein
Denise Woollard (Denise) - Edmonton-Mill Creek [FORMER],,,1,,,,no confirmed reading,n/a (evidence only),1,,"VOTE NAY as Alberta New Democratic Party: 2018-05-03 ab-29-4/9 Second Reading (the amendment was defeated on division, 1-41 1-41) [no reading -- not placed]",Denise,Edmonton-Mill Creek
Derek Fildebrandt (Derek) - Strathmore-Brooks [FORMER],,,1,,,,no confirmed reading,n/a (evidence only),1,,"VOTE YEA as Independent Conservative: 2018-05-03 ab-29-4/9 Second Reading (the amendment was defeated on division, 1-41 1-41) [no reading -- not placed]",Derek,Strathmore-Brooks
Eric Rosendahl (Eric) - West Yellowhead [FORMER],,,1,,,,no confirmed reading,n/a (evidence only),1,,"VOTE NAY as Alberta New Democratic Party: 2018-05-03 ab-29-4/9 Second Reading (the amendment was defeated on division, 1-41 1-41) [no reading -- not placed]",Eric,West Yellowhead
Estefan Cortes-Vargas (Estefan) - Strathcona-Sherwood Park [FORMER],,,1,,,,no confirmed reading,n/a (evidence only),1,,"VOTE NAY as Alberta New Democratic Party: 2018-05-03 ab-29-4/9 Second Reading (the amendment was defeated on division, 1-41 1-41) [no reading -- not placed]",Estefan,Strathcona-Sherwood Park
Greg Clark (Greg) - Calgary-Elbow [FORMER],,,1,,,,no confirmed reading,n/a (evidence only),1,,"VOTE NAY as Alberta Party: 2018-05-03 ab-29-4/9 Second Reading (the amendment was defeated on division, 1-41 1-41) [no reading -- not placed]",Greg,Calgary-Elbow
Jamie Kleinsteuber (Jamie) - Calgary-Northern Hills [FORMER],,,1,,,,no confirmed reading,n/a (evidence only),1,,"VOTE NAY as Alberta New Democratic Party: 2018-05-03 ab-29-4/9 Second Reading (the amendment was defeated on division, 1-41 1-41) [no reading -- not placed]",Jamie,Calgary-Northern Hills
Kim Schreiner (Kim) - Red Deer-North [FORMER],,,1,,,,no confirmed reading,n/a (evidence only),1,,"VOTE NAY as Alberta New Democratic Party: 2018-05-03 ab-29-4/9 Second Reading (the amendment was defeated on division, 1-41 1-41) [no reading -- not placed]",Kim,Red Deer-North
Manmeet S. Bhullar (Manmeet S.) - Calgary-Greenway [FORMER],,,1,,,,no confirmed reading,n/a (evidence only),1,,"VOTE YEA as Progressive Conservative: 2014-12-02 ab-28-3/10 Second Reading (the bill was carried on division, 42-10 42-10) [no reading -- not placed]",Manmeet S.,Calgary-Greenway
Margaret McCuaig-Boyd (Margaret) - Dunvegan-Central Peace-Notley [FORMER],,,1,,,,no confirmed reading,n/a (evidence only),1,,"VOTE NAY as Alberta New Democratic Party: 2018-05-03 ab-29-4/9 Second Reading (the amendment was defeated on division, 1-41 1-41) [no reading -- not placed]",Margaret,Dunvegan-Central Peace-Notley
Maria Fitzpatrick (Maria) - Lethbridge-East [FORMER],,,1,,,,no confirmed reading,n/a (evidence only),1,,"VOTE NAY as Alberta New Democratic Party: 2018-05-03 ab-29-4/9 Second Reading (the amendment was defeated on division, 1-41 1-41) [no reading -- not placed]",Maria,Lethbridge-East
Michael Connolly (Michael) - Calgary-Hawkwood [FORMER],,,1,,,,no confirmed reading,n/a (evidence only),1,,"VOTE NAY as Alberta New Democratic Party: 2018-05-03 ab-29-4/9 Second Reading (the amendment was defeated on division, 1-41 1-41) [no reading -- not placed]",Michael,Calgary-Hawkwood
Oneil Carlier (Oneil) - Whitecourt-Ste. Anne [FORMER],,,1,,,,no confirmed reading,n/a (evidence only),1,,"VOTE NAY as Alberta New Democratic Party: 2018-05-03 ab-29-4/9 Second Reading (the amendment was defeated on division, 1-41 1-41) [no reading -- not placed]",Oneil,Whitecourt-Ste. Anne
Ricardo Miranda (Ricardo) - Calgary-Cross [FORMER],,,1,,,,no confirmed reading,n/a (evidence only),1,,"VOTE NAY as Alberta New Democratic Party: 2018-05-03 ab-29-4/9 Second Reading (the amendment was defeated on division, 1-41 1-41) [no reading -- not placed]",Ricardo,Calgary-Cross
Rick Fraser (Rick) - Calgary-South East [FORMER],,,1,,,,no confirmed reading,n/a (evidence only),1,,"VOTE NAY as Alberta Party: 2018-05-03 ab-29-4/9 Second Reading (the amendment was defeated on division, 1-41 1-41) [no reading -- not placed]",Rick,Calgary-South East
Robyn Luff (Robyn) - Calgary-East [FORMER],,,1,,,,no confirmed reading,n/a (evidence only),1,,"VOTE NAY as Alberta New Democratic Party: 2018-05-03 ab-29-4/9 Second Reading (the amendment was defeated on division, 1-41 1-41) [no reading -- not placed]",Robyn,Calgary-East
Trevor Horne (Trevor) - Spruce Grove-St. Albert [FORMER],,,1,,,,no confirmed reading,n/a (evidence only),1,,"VOTE NAY as Alberta New Democratic Party: 2018-05-03 ab-29-4/9 Second Reading (the amendment was defeated on division, 1-41 1-41) [no reading -- not placed]",Trevor,Spruce Grove-St. Albert
"Totals - 86 sitting decision-makers (114 former listed, not counted)",0,0,86,0,0,,,,,,,,
"Passed on voice, no member record: 2014-12-01 ab-28-3/10 First Reading; 2015-03-10 ab-28-3/10 Third Reading; 2015-03-18 ab-28-3/208 First Reading; 2021-10-26 ab-30-2/75 First Reading; 2021-11-04 ab-30-2/75 Second Reading; 2021-11-22 ab-30-2/75 Committee of the Whole; 2021-11-30 ab-30-2/75 Third Reading; 2024-10-28 ab-31-1/24 First Reading; 2024-10-29 ab-31-1/24 Second Reading",,,,,,,,,,,,,
"Not trusted (tally check failed), not shown: ab-30-2-2021-06-08-2",,,,,,,,,,,,,
