Decision-Maker,++,+,0,-,--,Target (Y/N),Based on,Confidence,Evidence items,Profile,Comments
Stephen Kerr (Scottish Conservative and Unionist Party) - Central Scotland,x,,,,,,"a vote, 7 months ago","strong (recorded vote, human-confirmed meaning line)",53,,"2026-09-02 QUESTION S7W-02898: ""To ask the Scottish Government, in light of the draft report from workstream one of the Ch"" [activity, not direction] | 2026-06-23 QUESTION S7W-01269: ""To ask the Scottish Government whether it will bring forward legislation or guidance to ad"" [activity, not direction] | 2026-06-23 QUESTION S7W-01268: ""To ask the Scottish Government what progress has been made with the three workstreams of i"" [activity, not direction] | 2026-06-09 QUESTION S7W-00889: ""To ask the Scottish Government, further to the answer to question S6W-44296 by Jenny Gilru"" [activity, not direction] | 2026-02-17 VOTE NO: S6M-20813 (Children (Withdrawal from Religious Education an) [diverged from own party's majority] [+2: Voted against passing the Bill that narrowed parents' right of withdrawal from religious education and observa] | 2026-02-17 SPOKE: Children (Withdrawal from Religious Educatio ""The conscience clause in section 9 of the Education (Scotland) Act 1980 recognised that se"" [activity, not direction] | 2026-02-17 SPOKE: Children (Withdrawal from Religious Educatio ""Schools need flexibility; they do not need another layer of bureaucratic reporting embedde"" [activity, not direction] | 2026-02-17 SPOKE: Children (Withdrawal from Religious Educatio ""Children (Withdrawal from Religious Education and Amendment of UNCRC Compatibility Duty) ("" [activity, not direction] | 2026-02-17 SPOKE: Children (Withdrawal from Religious Educatio ""Children (Withdrawal from Religious Education and Amendment of UNCRC Compatibility Duty) ("" [activity, not direction] | 2026-02-17 SPOKE: Children (Withdrawal from Religious Educatio ""Children (Withdrawal from Religious Education and Amendment of UNCRC Compatibility Duty) ("" [activity, not direction] | 2026-02-17 SPOKE: Children (Withdra"
Miles Briggs (Scottish Conservative and Unionist Party) - Lothian,x,,,,,,"a vote, 7 months ago","strong (recorded vote, human-confirmed meaning line)",27,,"2026-08-10 QUESTION S7W-02392: ""To ask the Scottish Government whether it has any plans to extend kinship care support pay"" [activity, not direction] | 2026-03-04 MOTION CO-SIGNED S6M-20992: Recognising Scottish Apprenticeship Week from 2 to 6 [no meaning line -- not placed] | 2026-02-17 VOTE NO: S6M-20813 (Children (Withdrawal from Religious Education an) [diverged from own party's majority] [+2: Voted against passing the Bill that narrowed parents' right of withdrawal from religious education and observa] | 2026-02-17 SPOKE: Children (Withdrawal from Religious Educatio ""Children (Withdrawal from Religious Education and Amendment of UNCRC Compatibility Duty) ("" [activity, not direction] | 2026-02-17 SPOKE: Children (Withdrawal from Religious Educatio ""Children (Withdrawal from Religious Education and Amendment of UNCRC Compatibility Duty) ("" [activity, not direction] | 2026-02-17 SPOKE: Children (Withdrawal from Religious Educatio ""Children (Withdrawal from Religious Education and Amendment of UNCRC Compatibility Duty) ("" [activity, not direction] | 2026-02-17 SPOKE: Children (Withdrawal from Religious Educatio ""Children (Withdrawal from Religious Education and Amendment of UNCRC Compatibility Duty) ("" [activity, not direction] | 2026-02-04 SPOKE: Education, Children and Young People Committ ""There must be a recognition that kinship carers may be caring for deeply traumatised child"" [activity, not direction] | 2026-01-29 VOTE YES: S6M-20611.1 (Business Programme) [no meaning line -- not placed] | 2025-12-16 VOTE YES: S6M-20135 (Motion of No Confidence) [no meaning line -- not placed] | 2025-12-11 VOTE NO: S6M-20099 (Children (Withdrawal from Religious Education an) [diverged from own party's majority] [+1: Voted to deny the Bill its financial resolution -- the procedur"
Graham Simpson (Reform UK) - Central Scotland,x,,,,,,"a vote, 7 months ago","strong (recorded vote, human-confirmed meaning line)",18,,"2026-02-17 VOTE NO: S6M-20813 (Children (Withdrawal from Religious Education an) [diverged from own party's majority] [+2: Voted against passing the Bill that narrowed parents' right of withdrawal from religious education and observa] | 2026-02-17 SPOKE: Children (Withdrawal from Religious Educatio ""Children (Withdrawal from Religious Education and Amendment of UNCRC Compatibility Duty) ("" [activity, not direction] | 2026-02-17 SPOKE: Children (Withdrawal from Religious Educatio ""Children (Withdrawal from Religious Education and Amendment of UNCRC Compatibility Duty) ("" [activity, not direction] | 2026-02-17 SPOKE: Children (Withdrawal from Religious Educatio ""Children (Withdrawal from Religious Education and Amendment of UNCRC Compatibility Duty) ("" [activity, not direction] | 2026-02-17 SPOKE: Children (Withdrawal from Religious Educatio ""Children (Withdrawal from Religious Education and Amendment of UNCRC Compatibility Duty) ("" [activity, not direction] | 2026-02-17 SPOKE: Children (Withdrawal from Religious Educatio ""Children (Withdrawal from Religious Education and Amendment of UNCRC Compatibility Duty) ("" [activity, not direction] | 2026-02-17 SPOKE: Children (Withdrawal from Religious Educatio ""Children (Withdrawal from Religious Education and Amendment of UNCRC Compatibility Duty) ("" [activity, not direction] | 2026-02-17 SPOKE: Children (Withdrawal from Religious Educatio ""Children (Withdrawal from Religious Education and Amendment of UNCRC Compatibility Duty) ("" [activity, not direction] | 2026-01-29 VOTE YES: S6M-20611.1 (Business Programme) [no meaning line -- not placed] | 2026-01-29 MOTION CO-SIGNED S6M-20611.1: Business Programme [no meaning line -- not placed] | 2025-12-16 VOTE YES: S6M-20135 (Motion of No Confidence) [no meaning line -- not placed] | 20"
Monica Lennon (Scottish Labour) - Central Scotland,x,,,,,,"a vote, 7 months ago","strong (recorded vote, human-confirmed meaning line)",16,,"2026-03-04 MOTION CO-SIGNED S6M-20992: Recognising Scottish Apprenticeship Week from 2 to 6 [no meaning line -- not placed] | 2026-02-17 VOTE NO: S6M-20813 (Children (Withdrawal from Religious Education an) [diverged from own party's majority] [+2: Voted against passing the Bill that narrowed parents' right of withdrawal from religious education and observa] | 2026-01-29 VOTE NOT VOTED: S6M-20611.1 (Business Programme) [absence/abstention -- not placed] | 2025-12-18 SPOKE: First Minister’s Question Time ""We still do not know when the Scottish National Party will deliver the additional 3,500 te"" [activity, not direction] | 2025-12-16 VOTE YES: S6M-20135 (Motion of No Confidence) [no meaning line -- not placed] | 2025-12-11 VOTE YES: S6M-20099 (Children (Withdrawal from Religious Education an) [diverged from own party's majority] [no meaning line -- not placed] | 2025-12-03 VOTE YES: S6M-19980.1 (Transparency in Tackling Group-based Child Sexua) [diverged from own party's majority] [no meaning line -- not placed] | 2025-12-03 VOTE YES: S6M-19980 (Transparency in Tackling Group-based Child Sexua) [no meaning line -- not placed] | 2025-12-03 VOTE NO: S6M-19980.2 (Transparency in Tackling Group-based Child Sexua) [diverged from own party's majority] [no meaning line -- not placed] | 2025-12-02 VOTE ABSTAIN: S6M-19970.2 (Uniting Local and National Efforts Across Sector) [diverged from own party's majority] [absence/abstention -- not placed] | 2025-11-25 VOTE ABSTAIN: S6M-19866 (Children (Withdrawal from Religious Education an) [diverged from own party's majority] [absence/abstention -- not placed] | 2025-11-11 MOTION CO-SIGNED S6M-19665: Congratulating Evie, Poppy and Violet on Being Inclu [no meaning line -- not placed] | 2025-06-26 VOTE YES: S6M-18081 (Children’s Wellbeing "
Pauline McNeill (Scottish Labour) - Glasgow,x,,,,,,"a vote, 7 months ago","strong (recorded vote, human-confirmed meaning line)",15,,"2026-02-17 VOTE NO: S6M-20813 (Children (Withdrawal from Religious Education an) [diverged from own party's majority] [+2: Voted against passing the Bill that narrowed parents' right of withdrawal from religious education and observa] | 2026-02-17 SPOKE: Children (Withdrawal from Religious Educatio ""Children (Withdrawal from Religious Education and Amendment of UNCRC Compatibility Duty) ("" [activity, not direction] | 2026-02-17 SPOKE: Children (Withdrawal from Religious Educatio ""Children (Withdrawal from Religious Education and Amendment of UNCRC Compatibility Duty) ("" [activity, not direction] | 2026-02-17 SPOKE: Children (Withdrawal from Religious Educatio ""Children (Withdrawal from Religious Education and Amendment of UNCRC Compatibility Duty) ("" [activity, not direction] | 2026-02-17 SPOKE: Children (Withdrawal from Religious Educatio ""Children (Withdrawal from Religious Education and Amendment of UNCRC Compatibility Duty) ("" [activity, not direction] | 2026-01-29 VOTE NO: S6M-20611.1 (Business Programme) [no meaning line -- not placed] | 2025-12-16 VOTE YES: S6M-20135 (Motion of No Confidence) [no meaning line -- not placed] | 2025-12-11 VOTE NOT VOTED: S6M-20099 (Children (Withdrawal from Religious Education an) [diverged from own party's majority] [absence/abstention -- not placed] | 2025-12-03 VOTE YES: S6M-19980.1 (Transparency in Tackling Group-based Child Sexua) [diverged from own party's majority] [no meaning line -- not placed] | 2025-12-03 VOTE YES: S6M-19980 (Transparency in Tackling Group-based Child Sexua) [no meaning line -- not placed] | 2025-12-03 VOTE NO: S6M-19980.2 (Transparency in Tackling Group-based Child Sexua) [diverged from own party's majority] [no meaning line -- not placed] | 2025-12-02 VOTE ABSTAIN: S6M-19970.2 (Uniting Local and Nation"
Liam Kerr (Scottish Conservative and Unionist Party) - North East Scotland,x,,,,,,"a vote, 7 months ago","strong (recorded vote, human-confirmed meaning line)",14,,"2026-02-17 VOTE NO: S6M-20813 (Children (Withdrawal from Religious Education an) [diverged from own party's majority] [+2: Voted against passing the Bill that narrowed parents' right of withdrawal from religious education and observa] | 2026-01-29 VOTE YES: S6M-20611.1 (Business Programme) [no meaning line -- not placed] | 2026-01-29 MOTION CO-SIGNED S6M-20611.1: Business Programme [no meaning line -- not placed] | 2026-01-19 QUESTION S6T-02850: ""To ask the Scottish Government what its response is to reports that grooming gangs are tar"" [activity, not direction] | 2026-01-15 QUESTION S6W-43147: ""To ask the Scottish Government what specific changes to national Child Sexual Abuse and Ex"" [activity, not direction] | 2026-01-15 QUESTION S6W-43146: ""To ask the Scottish Government what its position is on the finding of the Child Sexual Abu"" [activity, not direction] | 2025-12-16 VOTE YES: S6M-20135 (Motion of No Confidence) [no meaning line -- not placed] | 2025-12-11 VOTE NO: S6M-20099 (Children (Withdrawal from Religious Education an) [diverged from own party's majority] [+1: Voted to deny the Bill its financial resolution -- the procedural route to killing it, chosen only by its most] | 2025-12-03 VOTE YES: S6M-19980.1 (Transparency in Tackling Group-based Child Sexua) [no meaning line -- not placed] | 2025-12-03 VOTE NO: S6M-19980.2 (Transparency in Tackling Group-based Child Sexua) [diverged from own party's majority] [no meaning line -- not placed] | 2025-12-03 VOTE NO: S6M-19980 (Transparency in Tackling Group-based Child Sexua) [diverged from own party's majority] [no meaning line -- not placed] | 2025-12-02 VOTE YES: S6M-19970.2 (Uniting Local and National Efforts Across Sector) [+1: Voted to commit public bodies to the For Women Scotland sex definition and to demand"
Paul Sweeney (Scottish Labour) - Glasgow,x,,,,,,"a vote, 7 months ago","strong (recorded vote, human-confirmed meaning line)",14,,"2026-03-04 MOTION CO-SIGNED S6M-20992: Recognising Scottish Apprenticeship Week from 2 to 6 [no meaning line -- not placed] | 2026-02-17 VOTE NO: S6M-20813 (Children (Withdrawal from Religious Education an) [diverged from own party's majority] [+2: Voted against passing the Bill that narrowed parents' right of withdrawal from religious education and observa] | 2026-01-29 VOTE NOT VOTED: S6M-20611.1 (Business Programme) [absence/abstention -- not placed] | 2025-12-16 VOTE YES: S6M-20135 (Motion of No Confidence) [no meaning line -- not placed] | 2025-12-11 VOTE YES: S6M-20099 (Children (Withdrawal from Religious Education an) [diverged from own party's majority] [no meaning line -- not placed] | 2025-12-03 VOTE YES: S6M-19980.1 (Transparency in Tackling Group-based Child Sexua) [diverged from own party's majority] [no meaning line -- not placed] | 2025-12-03 VOTE YES: S6M-19980 (Transparency in Tackling Group-based Child Sexua) [no meaning line -- not placed] | 2025-12-03 VOTE NO: S6M-19980.2 (Transparency in Tackling Group-based Child Sexua) [diverged from own party's majority] [no meaning line -- not placed] | 2025-12-02 VOTE ABSTAIN: S6M-19970.2 (Uniting Local and National Efforts Across Sector) [diverged from own party's majority] [absence/abstention -- not placed] | 2025-11-25 VOTE ABSTAIN: S6M-19866 (Children (Withdrawal from Religious Education an) [diverged from own party's majority] [absence/abstention -- not placed] | 2025-11-11 MOTION CO-SIGNED S6M-19665: Congratulating Evie, Poppy and Violet on Being Inclu [no meaning line -- not placed] | 2025-06-26 VOTE YES: S6M-18081 (Children’s Wellbeing and Schools Bill - UK Legis) [diverged from own party's majority] [no meaning line -- not placed] | 2025-06-16 MOTION CO-SIGNED S6M-17985: 25th Anniversary of the Repeal "
Russell Findlay (Scottish Conservative and Unionist Party) - West Scotland,x,,,,,,"a vote, 7 months ago","strong (recorded vote, human-confirmed meaning line)",14,,"2026-03-11 QUESTION S6W-44296: ""To ask the Scottish Government whether it will provide details of any work it has undertak"" [activity, not direction] | 2026-02-17 VOTE NO: S6M-20813 (Children (Withdrawal from Religious Education an) [diverged from own party's majority] [+2: Voted against passing the Bill that narrowed parents' right of withdrawal from religious education and observa] | 2026-01-29 VOTE YES: S6M-20611.1 (Business Programme) [no meaning line -- not placed] | 2025-12-16 VOTE YES: S6M-20135 (Motion of No Confidence) [no meaning line -- not placed] | 2025-12-16 SPOKE: Motion of No Confidence ""Today, my party brings forward a motion of no confidence in the justice secretary. I will "" [activity, not direction] | 2025-12-11 VOTE NOT VOTED: S6M-20099 (Children (Withdrawal from Religious Education an) [diverged from own party's majority] [absence/abstention -- not placed] | 2025-12-11 MOTION PROPOSED S6M-20135: Motion of No Confidence [no meaning line -- not placed] | 2025-12-03 VOTE YES: S6M-19980.1 (Transparency in Tackling Group-based Child Sexua) [no meaning line -- not placed] | 2025-12-03 VOTE NO: S6M-19980.2 (Transparency in Tackling Group-based Child Sexua) [diverged from own party's majority] [no meaning line -- not placed] | 2025-12-03 VOTE NO: S6M-19980 (Transparency in Tackling Group-based Child Sexua) [diverged from own party's majority] [no meaning line -- not placed] | 2025-12-02 VOTE YES: S6M-19970.2 (Uniting Local and National Efforts Across Sector) [+1: Voted to commit public bodies to the For Women Scotland sex definition and to demand a grooming gangs inquiry ] | 2025-12-02 MOTION PROPOSED S6M-19980.1: Transparency in Tackling Group-based Child Sexual Ex [no meaning line -- not placed] | 2025-11-25 VOTE NO: S6M-19866 (Children (Withdrawal from "
Alexander Burnett (Scottish Conservative and Unionist Party) - Aberdeenshire West,x,,,,,,"a vote, 7 months ago","strong (recorded vote, human-confirmed meaning line)",12,,"2026-03-04 MOTION CO-SIGNED S6M-20992: Recognising Scottish Apprenticeship Week from 2 to 6 [no meaning line -- not placed] | 2026-02-17 VOTE NO: S6M-20813 (Children (Withdrawal from Religious Education an) [diverged from own party's majority] [+2: Voted against passing the Bill that narrowed parents' right of withdrawal from religious education and observa] | 2026-01-29 VOTE YES: S6M-20611.1 (Business Programme) [no meaning line -- not placed] | 2025-12-16 VOTE YES: S6M-20135 (Motion of No Confidence) [no meaning line -- not placed] | 2025-12-11 VOTE NOT VOTED: S6M-20099 (Children (Withdrawal from Religious Education an) [diverged from own party's majority] [absence/abstention -- not placed] | 2025-12-03 VOTE YES: S6M-19980.1 (Transparency in Tackling Group-based Child Sexua) [no meaning line -- not placed] | 2025-12-03 VOTE NO: S6M-19980.2 (Transparency in Tackling Group-based Child Sexua) [diverged from own party's majority] [no meaning line -- not placed] | 2025-12-03 VOTE NO: S6M-19980 (Transparency in Tackling Group-based Child Sexua) [diverged from own party's majority] [no meaning line -- not placed] | 2025-12-02 VOTE NOT VOTED: S6M-19970.2 (Uniting Local and National Efforts Across Sector) [absence/abstention -- not placed] | 2025-11-25 VOTE NO: S6M-19866 (Children (Withdrawal from Religious Education an) [diverged from own party's majority] [+1: Opposed the Bill's general principles at Stage 1 -- before amendment, on the principle itself.] | 2025-06-26 VOTE ABSTAIN: S6M-18081 (Children’s Wellbeing and Schools Bill - UK Legis) [diverged from own party's majority] [absence/abstention -- not placed] | 2024-04-17 MOTION CO-SIGNED S6M-12892: Royal Society of Edinburgh Recognises Dundee Scienti [no meaning line -- not placed]"
Claire Baker (Scottish Labour) - Mid Scotland and Fife,x,,,,,,"a vote, 7 months ago","strong (recorded vote, human-confirmed meaning line)",11,,2026-03-04 MOTION PROPOSED S6M-20992: Recognising Scottish Apprenticeship Week from 2 to 6 [no meaning line -- not placed] | 2026-02-17 VOTE NO: S6M-20813 (Children (Withdrawal from Religious Education an) [diverged from own party's majority] [+2: Voted against passing the Bill that narrowed parents' right of withdrawal from religious education and observa] | 2026-01-29 VOTE NO: S6M-20611.1 (Business Programme) [no meaning line -- not placed] | 2025-12-16 VOTE YES: S6M-20135 (Motion of No Confidence) [no meaning line -- not placed] | 2025-12-11 VOTE YES: S6M-20099 (Children (Withdrawal from Religious Education an) [diverged from own party's majority] [no meaning line -- not placed] | 2025-12-03 VOTE YES: S6M-19980.1 (Transparency in Tackling Group-based Child Sexua) [diverged from own party's majority] [no meaning line -- not placed] | 2025-12-03 VOTE YES: S6M-19980 (Transparency in Tackling Group-based Child Sexua) [no meaning line -- not placed] | 2025-12-03 VOTE NO: S6M-19980.2 (Transparency in Tackling Group-based Child Sexua) [diverged from own party's majority] [no meaning line -- not placed] | 2025-12-02 VOTE ABSTAIN: S6M-19970.2 (Uniting Local and National Efforts Across Sector) [diverged from own party's majority] [absence/abstention -- not placed] | 2025-11-25 VOTE ABSTAIN: S6M-19866 (Children (Withdrawal from Religious Education an) [diverged from own party's majority] [absence/abstention -- not placed] | 2025-06-26 VOTE YES: S6M-18081 (Children’s Wellbeing and Schools Bill - UK Legis) [diverged from own party's majority] [no meaning line -- not placed]
Craig Hoy (Scottish Conservative and Unionist Party) - South Scotland,x,,,,,,"a vote, 7 months ago","strong (recorded vote, human-confirmed meaning line)",11,,"2026-02-17 VOTE NO: S6M-20813 (Children (Withdrawal from Religious Education an) [diverged from own party's majority] [+2: Voted against passing the Bill that narrowed parents' right of withdrawal from religious education and observa] | 2026-02-17 SPOKE: Children (Withdrawal from Religious Educatio ""Children (Withdrawal from Religious Education and Amendment of UNCRC Compatibility Duty) ("" [activity, not direction] | 2026-01-29 VOTE YES: S6M-20611.1 (Business Programme) [no meaning line -- not placed] | 2025-12-16 VOTE YES: S6M-20135 (Motion of No Confidence) [no meaning line -- not placed] | 2025-12-11 VOTE NO: S6M-20099 (Children (Withdrawal from Religious Education an) [diverged from own party's majority] [+1: Voted to deny the Bill its financial resolution -- the procedural route to killing it, chosen only by its most] | 2025-12-03 VOTE YES: S6M-19980.1 (Transparency in Tackling Group-based Child Sexua) [no meaning line -- not placed] | 2025-12-03 VOTE NO: S6M-19980.2 (Transparency in Tackling Group-based Child Sexua) [diverged from own party's majority] [no meaning line -- not placed] | 2025-12-03 VOTE NO: S6M-19980 (Transparency in Tackling Group-based Child Sexua) [diverged from own party's majority] [no meaning line -- not placed] | 2025-12-02 VOTE YES: S6M-19970.2 (Uniting Local and National Efforts Across Sector) [+1: Voted to commit public bodies to the For Women Scotland sex definition and to demand a grooming gangs inquiry ] | 2025-11-25 VOTE NO: S6M-19866 (Children (Withdrawal from Religious Education an) [diverged from own party's majority] [+1: Opposed the Bill's general principles at Stage 1 -- before amendment, on the principle itself.] | 2025-06-26 VOTE ABSTAIN: S6M-18081 (Children’s Wellbeing and Schools Bill - UK Legis) [diverged from own party's ma"
Mark Griffin (Scottish Labour) - Central Scotland,x,,,,,,"a vote, 7 months ago","strong (recorded vote, human-confirmed meaning line)",11,,2026-02-17 VOTE NO: S6M-20813 (Children (Withdrawal from Religious Education an) [diverged from own party's majority] [+2: Voted against passing the Bill that narrowed parents' right of withdrawal from religious education and observa] | 2026-01-29 VOTE NO: S6M-20611.1 (Business Programme) [no meaning line -- not placed] | 2025-12-16 VOTE YES: S6M-20135 (Motion of No Confidence) [no meaning line -- not placed] | 2025-12-11 VOTE YES: S6M-20099 (Children (Withdrawal from Religious Education an) [diverged from own party's majority] [no meaning line -- not placed] | 2025-12-03 VOTE YES: S6M-19980.1 (Transparency in Tackling Group-based Child Sexua) [diverged from own party's majority] [no meaning line -- not placed] | 2025-12-03 VOTE YES: S6M-19980 (Transparency in Tackling Group-based Child Sexua) [no meaning line -- not placed] | 2025-12-03 VOTE NO: S6M-19980.2 (Transparency in Tackling Group-based Child Sexua) [diverged from own party's majority] [no meaning line -- not placed] | 2025-12-02 VOTE ABSTAIN: S6M-19970.2 (Uniting Local and National Efforts Across Sector) [diverged from own party's majority] [absence/abstention -- not placed] | 2025-11-25 VOTE ABSTAIN: S6M-19866 (Children (Withdrawal from Religious Education an) [diverged from own party's majority] [absence/abstention -- not placed] | 2025-06-26 VOTE YES: S6M-18081 (Children’s Wellbeing and Schools Bill - UK Legis) [diverged from own party's majority] [no meaning line -- not placed] | 2025-06-16 MOTION CO-SIGNED S6M-17985: 25th Anniversary of the Repeal of Section 28 [no meaning line -- not placed]
Meghan Gallacher (Scottish Conservative and Unionist Party) - Central Scotland,x,,,,,,"a vote, 7 months ago","strong (recorded vote, human-confirmed meaning line)",11,,"2026-02-17 VOTE NO: S6M-20813 (Children (Withdrawal from Religious Education an) [diverged from own party's majority] [+2: Voted against passing the Bill that narrowed parents' right of withdrawal from religious education and observa] | 2026-01-29 VOTE YES: S6M-20611.1 (Business Programme) [no meaning line -- not placed] | 2025-12-16 VOTE YES: S6M-20135 (Motion of No Confidence) [no meaning line -- not placed] | 2025-12-11 VOTE NO: S6M-20099 (Children (Withdrawal from Religious Education an) [diverged from own party's majority] [+1: Voted to deny the Bill its financial resolution -- the procedural route to killing it, chosen only by its most] | 2025-12-03 VOTE YES: S6M-19980.1 (Transparency in Tackling Group-based Child Sexua) [no meaning line -- not placed] | 2025-12-03 VOTE NO: S6M-19980.2 (Transparency in Tackling Group-based Child Sexua) [diverged from own party's majority] [no meaning line -- not placed] | 2025-12-03 VOTE NO: S6M-19980 (Transparency in Tackling Group-based Child Sexua) [diverged from own party's majority] [no meaning line -- not placed] | 2025-12-02 VOTE YES: S6M-19970.2 (Uniting Local and National Efforts Across Sector) [+1: Voted to commit public bodies to the For Women Scotland sex definition and to demand a grooming gangs inquiry ] | 2025-11-25 VOTE NO: S6M-19866 (Children (Withdrawal from Religious Education an) [diverged from own party's majority] [+1: Opposed the Bill's general principles at Stage 1 -- before amendment, on the principle itself.] | 2025-06-26 VOTE ABSTAIN: S6M-18081 (Children’s Wellbeing and Schools Bill - UK Legis) [diverged from own party's majority] [absence/abstention -- not placed] | 2025-02-05 SPOKE: Urgent Question ""—in putting out the school sex survey to local government without parental consent and wit"" [activity, n"
Michael Marra (Scottish Labour) - North East Scotland,x,,,,,,"a vote, 7 months ago","strong (recorded vote, human-confirmed meaning line)",11,,2026-02-17 VOTE NO: S6M-20813 (Children (Withdrawal from Religious Education an) [diverged from own party's majority] [+2: Voted against passing the Bill that narrowed parents' right of withdrawal from religious education and observa] | 2026-01-29 VOTE NOT VOTED: S6M-20611.1 (Business Programme) [absence/abstention -- not placed] | 2025-12-16 VOTE YES: S6M-20135 (Motion of No Confidence) [no meaning line -- not placed] | 2025-12-11 VOTE NOT VOTED: S6M-20099 (Children (Withdrawal from Religious Education an) [diverged from own party's majority] [absence/abstention -- not placed] | 2025-12-03 VOTE YES: S6M-19980.1 (Transparency in Tackling Group-based Child Sexua) [diverged from own party's majority] [no meaning line -- not placed] | 2025-12-03 VOTE YES: S6M-19980 (Transparency in Tackling Group-based Child Sexua) [no meaning line -- not placed] | 2025-12-03 VOTE NO: S6M-19980.2 (Transparency in Tackling Group-based Child Sexua) [diverged from own party's majority] [no meaning line -- not placed] | 2025-12-02 VOTE ABSTAIN: S6M-19970.2 (Uniting Local and National Efforts Across Sector) [diverged from own party's majority] [absence/abstention -- not placed] | 2025-11-25 VOTE ABSTAIN: S6M-19866 (Children (Withdrawal from Religious Education an) [diverged from own party's majority] [absence/abstention -- not placed] | 2025-06-26 VOTE YES: S6M-18081 (Children’s Wellbeing and Schools Bill - UK Legis) [diverged from own party's majority] [no meaning line -- not placed] | 2024-04-17 MOTION PROPOSED S6M-12892: Royal Society of Edinburgh Recognises Dundee Scienti [no meaning line -- not placed]
Murdo Fraser (Scottish Conservative and Unionist Party) - Mid Scotland and Fife,x,,,,,,"a vote, 7 months ago","strong (recorded vote, human-confirmed meaning line)",11,,"2026-03-04 MOTION CO-SIGNED S6M-20992: Recognising Scottish Apprenticeship Week from 2 to 6 [no meaning line -- not placed] | 2026-02-17 VOTE NO: S6M-20813 (Children (Withdrawal from Religious Education an) [diverged from own party's majority] [+2: Voted against passing the Bill that narrowed parents' right of withdrawal from religious education and observa] | 2026-01-29 VOTE YES: S6M-20611.1 (Business Programme) [no meaning line -- not placed] | 2025-12-16 VOTE YES: S6M-20135 (Motion of No Confidence) [no meaning line -- not placed] | 2025-12-11 VOTE NO: S6M-20099 (Children (Withdrawal from Religious Education an) [diverged from own party's majority] [+1: Voted to deny the Bill its financial resolution -- the procedural route to killing it, chosen only by its most] | 2025-12-03 VOTE YES: S6M-19980.1 (Transparency in Tackling Group-based Child Sexua) [no meaning line -- not placed] | 2025-12-03 VOTE NO: S6M-19980.2 (Transparency in Tackling Group-based Child Sexua) [diverged from own party's majority] [no meaning line -- not placed] | 2025-12-03 VOTE NO: S6M-19980 (Transparency in Tackling Group-based Child Sexua) [diverged from own party's majority] [no meaning line -- not placed] | 2025-12-02 VOTE YES: S6M-19970.2 (Uniting Local and National Efforts Across Sector) [+1: Voted to commit public bodies to the For Women Scotland sex definition and to demand a grooming gangs inquiry ] | 2025-11-25 VOTE NO: S6M-19866 (Children (Withdrawal from Religious Education an) [diverged from own party's majority] [+1: Opposed the Bill's general principles at Stage 1 -- before amendment, on the principle itself.] | 2025-06-26 VOTE ABSTAIN: S6M-18081 (Children’s Wellbeing and Schools Bill - UK Legis) [diverged from own party's majority] [absence/abstention -- not placed]"
Carol Mochan (Scottish Labour) - South Scotland,x,,,,,,"a vote, 7 months ago","strong (recorded vote, human-confirmed meaning line)",10,,2026-02-17 VOTE NO: S6M-20813 (Children (Withdrawal from Religious Education an) [diverged from own party's majority] [+2: Voted against passing the Bill that narrowed parents' right of withdrawal from religious education and observa] | 2026-01-29 VOTE NO: S6M-20611.1 (Business Programme) [no meaning line -- not placed] | 2025-12-16 VOTE YES: S6M-20135 (Motion of No Confidence) [no meaning line -- not placed] | 2025-12-11 VOTE YES: S6M-20099 (Children (Withdrawal from Religious Education an) [diverged from own party's majority] [no meaning line -- not placed] | 2025-12-03 VOTE YES: S6M-19980.1 (Transparency in Tackling Group-based Child Sexua) [diverged from own party's majority] [no meaning line -- not placed] | 2025-12-03 VOTE YES: S6M-19980 (Transparency in Tackling Group-based Child Sexua) [no meaning line -- not placed] | 2025-12-03 VOTE NO: S6M-19980.2 (Transparency in Tackling Group-based Child Sexua) [diverged from own party's majority] [no meaning line -- not placed] | 2025-12-02 VOTE ABSTAIN: S6M-19970.2 (Uniting Local and National Efforts Across Sector) [diverged from own party's majority] [absence/abstention -- not placed] | 2025-11-25 VOTE ABSTAIN: S6M-19866 (Children (Withdrawal from Religious Education an) [diverged from own party's majority] [absence/abstention -- not placed] | 2025-06-26 VOTE YES: S6M-18081 (Children’s Wellbeing and Schools Bill - UK Legis) [diverged from own party's majority] [no meaning line -- not placed]
Daniel Johnson (Scottish Labour) - Edinburgh Southern,x,,,,,,"a vote, 7 months ago","strong (recorded vote, human-confirmed meaning line)",10,,2026-02-17 VOTE NO: S6M-20813 (Children (Withdrawal from Religious Education an) [diverged from own party's majority] [+2: Voted against passing the Bill that narrowed parents' right of withdrawal from religious education and observa] | 2026-01-29 VOTE NO: S6M-20611.1 (Business Programme) [no meaning line -- not placed] | 2025-12-16 VOTE YES: S6M-20135 (Motion of No Confidence) [no meaning line -- not placed] | 2025-12-11 VOTE YES: S6M-20099 (Children (Withdrawal from Religious Education an) [diverged from own party's majority] [no meaning line -- not placed] | 2025-12-03 VOTE YES: S6M-19980.1 (Transparency in Tackling Group-based Child Sexua) [diverged from own party's majority] [no meaning line -- not placed] | 2025-12-03 VOTE YES: S6M-19980 (Transparency in Tackling Group-based Child Sexua) [no meaning line -- not placed] | 2025-12-03 VOTE NO: S6M-19980.2 (Transparency in Tackling Group-based Child Sexua) [diverged from own party's majority] [no meaning line -- not placed] | 2025-12-02 VOTE ABSTAIN: S6M-19970.2 (Uniting Local and National Efforts Across Sector) [diverged from own party's majority] [absence/abstention -- not placed] | 2025-11-25 VOTE ABSTAIN: S6M-19866 (Children (Withdrawal from Religious Education an) [diverged from own party's majority] [absence/abstention -- not placed] | 2025-06-26 VOTE YES: S6M-18081 (Children’s Wellbeing and Schools Bill - UK Legis) [diverged from own party's majority] [no meaning line -- not placed]
Finlay Carson (Scottish Conservative and Unionist Party) - Galloway and West Dumfries,x,,,,,,"a vote, 7 months ago","strong (recorded vote, human-confirmed meaning line)",10,,"2026-02-17 VOTE NO: S6M-20813 (Children (Withdrawal from Religious Education an) [diverged from own party's majority] [+2: Voted against passing the Bill that narrowed parents' right of withdrawal from religious education and observa] | 2026-01-29 VOTE YES: S6M-20611.1 (Business Programme) [no meaning line -- not placed] | 2025-12-16 VOTE YES: S6M-20135 (Motion of No Confidence) [no meaning line -- not placed] | 2025-12-11 VOTE NO: S6M-20099 (Children (Withdrawal from Religious Education an) [diverged from own party's majority] [+1: Voted to deny the Bill its financial resolution -- the procedural route to killing it, chosen only by its most] | 2025-12-03 VOTE YES: S6M-19980.1 (Transparency in Tackling Group-based Child Sexua) [no meaning line -- not placed] | 2025-12-03 VOTE NO: S6M-19980.2 (Transparency in Tackling Group-based Child Sexua) [diverged from own party's majority] [no meaning line -- not placed] | 2025-12-03 VOTE NO: S6M-19980 (Transparency in Tackling Group-based Child Sexua) [diverged from own party's majority] [no meaning line -- not placed] | 2025-12-02 VOTE YES: S6M-19970.2 (Uniting Local and National Efforts Across Sector) [+1: Voted to commit public bodies to the For Women Scotland sex definition and to demand a grooming gangs inquiry ] | 2025-11-25 VOTE NO: S6M-19866 (Children (Withdrawal from Religious Education an) [diverged from own party's majority] [+1: Opposed the Bill's general principles at Stage 1 -- before amendment, on the principle itself.] | 2025-06-26 VOTE ABSTAIN: S6M-18081 (Children’s Wellbeing and Schools Bill - UK Legis) [diverged from own party's majority] [absence/abstention -- not placed]"
Jackie Baillie (Scottish Labour) - Dumbarton,x,,,,,,"a vote, 7 months ago","strong (recorded vote, human-confirmed meaning line)",10,,2026-02-17 VOTE NO: S6M-20813 (Children (Withdrawal from Religious Education an) [diverged from own party's majority] [+2: Voted against passing the Bill that narrowed parents' right of withdrawal from religious education and observa] | 2026-01-29 VOTE NOT VOTED: S6M-20611.1 (Business Programme) [absence/abstention -- not placed] | 2025-12-16 VOTE YES: S6M-20135 (Motion of No Confidence) [no meaning line -- not placed] | 2025-12-11 VOTE YES: S6M-20099 (Children (Withdrawal from Religious Education an) [diverged from own party's majority] [no meaning line -- not placed] | 2025-12-03 VOTE YES: S6M-19980.1 (Transparency in Tackling Group-based Child Sexua) [diverged from own party's majority] [no meaning line -- not placed] | 2025-12-03 VOTE YES: S6M-19980 (Transparency in Tackling Group-based Child Sexua) [no meaning line -- not placed] | 2025-12-03 VOTE NO: S6M-19980.2 (Transparency in Tackling Group-based Child Sexua) [diverged from own party's majority] [no meaning line -- not placed] | 2025-12-02 VOTE NOT VOTED: S6M-19970.2 (Uniting Local and National Efforts Across Sector) [diverged from own party's majority] [absence/abstention -- not placed] | 2025-11-25 VOTE ABSTAIN: S6M-19866 (Children (Withdrawal from Religious Education an) [diverged from own party's majority] [absence/abstention -- not placed] | 2025-06-26 VOTE YES: S6M-18081 (Children’s Wellbeing and Schools Bill - UK Legis) [diverged from own party's majority] [no meaning line -- not placed]
Katy Clark (Scottish Labour) - West Scotland,x,,,,,,"a vote, 7 months ago","strong (recorded vote, human-confirmed meaning line)",10,,2026-02-17 VOTE NO: S6M-20813 (Children (Withdrawal from Religious Education an) [diverged from own party's majority] [+2: Voted against passing the Bill that narrowed parents' right of withdrawal from religious education and observa] | 2026-01-29 VOTE NOT VOTED: S6M-20611.1 (Business Programme) [absence/abstention -- not placed] | 2025-12-16 VOTE YES: S6M-20135 (Motion of No Confidence) [no meaning line -- not placed] | 2025-12-11 VOTE YES: S6M-20099 (Children (Withdrawal from Religious Education an) [diverged from own party's majority] [no meaning line -- not placed] | 2025-12-03 VOTE YES: S6M-19980.1 (Transparency in Tackling Group-based Child Sexua) [diverged from own party's majority] [no meaning line -- not placed] | 2025-12-03 VOTE YES: S6M-19980 (Transparency in Tackling Group-based Child Sexua) [no meaning line -- not placed] | 2025-12-03 VOTE NO: S6M-19980.2 (Transparency in Tackling Group-based Child Sexua) [diverged from own party's majority] [no meaning line -- not placed] | 2025-12-02 VOTE ABSTAIN: S6M-19970.2 (Uniting Local and National Efforts Across Sector) [diverged from own party's majority] [absence/abstention -- not placed] | 2025-11-25 VOTE ABSTAIN: S6M-19866 (Children (Withdrawal from Religious Education an) [diverged from own party's majority] [absence/abstention -- not placed] | 2025-06-26 VOTE YES: S6M-18081 (Children’s Wellbeing and Schools Bill - UK Legis) [diverged from own party's majority] [no meaning line -- not placed]
Neil Bibby (Scottish Labour) - West Scotland,x,,,,,,"a vote, 7 months ago","strong (recorded vote, human-confirmed meaning line)",10,,2026-02-17 VOTE NO: S6M-20813 (Children (Withdrawal from Religious Education an) [diverged from own party's majority] [+2: Voted against passing the Bill that narrowed parents' right of withdrawal from religious education and observa] | 2026-01-29 VOTE NO: S6M-20611.1 (Business Programme) [no meaning line -- not placed] | 2025-12-16 VOTE YES: S6M-20135 (Motion of No Confidence) [no meaning line -- not placed] | 2025-12-11 VOTE YES: S6M-20099 (Children (Withdrawal from Religious Education an) [diverged from own party's majority] [no meaning line -- not placed] | 2025-12-03 VOTE YES: S6M-19980.1 (Transparency in Tackling Group-based Child Sexua) [diverged from own party's majority] [no meaning line -- not placed] | 2025-12-03 VOTE YES: S6M-19980 (Transparency in Tackling Group-based Child Sexua) [no meaning line -- not placed] | 2025-12-03 VOTE NO: S6M-19980.2 (Transparency in Tackling Group-based Child Sexua) [diverged from own party's majority] [no meaning line -- not placed] | 2025-12-02 VOTE ABSTAIN: S6M-19970.2 (Uniting Local and National Efforts Across Sector) [diverged from own party's majority] [absence/abstention -- not placed] | 2025-11-25 VOTE ABSTAIN: S6M-19866 (Children (Withdrawal from Religious Education an) [diverged from own party's majority] [absence/abstention -- not placed] | 2025-06-26 VOTE YES: S6M-18081 (Children’s Wellbeing and Schools Bill - UK Legis) [diverged from own party's majority] [no meaning line -- not placed]
Tim Eagle (Scottish Conservative and Unionist Party) - Highlands and Islands,x,,,,,,"a vote, 7 months ago","strong (recorded vote, human-confirmed meaning line)",10,,"2026-02-17 VOTE NO: S6M-20813 (Children (Withdrawal from Religious Education an) [diverged from own party's majority] [+2: Voted against passing the Bill that narrowed parents' right of withdrawal from religious education and observa] | 2026-01-29 VOTE YES: S6M-20611.1 (Business Programme) [no meaning line -- not placed] | 2025-12-16 VOTE YES: S6M-20135 (Motion of No Confidence) [no meaning line -- not placed] | 2025-12-11 VOTE NO: S6M-20099 (Children (Withdrawal from Religious Education an) [diverged from own party's majority] [+1: Voted to deny the Bill its financial resolution -- the procedural route to killing it, chosen only by its most] | 2025-12-03 VOTE YES: S6M-19980.1 (Transparency in Tackling Group-based Child Sexua) [no meaning line -- not placed] | 2025-12-03 VOTE NO: S6M-19980.2 (Transparency in Tackling Group-based Child Sexua) [diverged from own party's majority] [no meaning line -- not placed] | 2025-12-03 VOTE NO: S6M-19980 (Transparency in Tackling Group-based Child Sexua) [diverged from own party's majority] [no meaning line -- not placed] | 2025-12-02 VOTE YES: S6M-19970.2 (Uniting Local and National Efforts Across Sector) [+1: Voted to commit public bodies to the For Women Scotland sex definition and to demand a grooming gangs inquiry ] | 2025-11-25 VOTE NO: S6M-19866 (Children (Withdrawal from Religious Education an) [diverged from own party's majority] [+1: Opposed the Bill's general principles at Stage 1 -- before amendment, on the principle itself.] | 2025-06-26 VOTE ABSTAIN: S6M-18081 (Children’s Wellbeing and Schools Bill - UK Legis) [diverged from own party's majority] [absence/abstention -- not placed]"
"Rachael Hamilton (Scottish Conservative and Unionist Party) - Ettrick, Roxburgh and Berwickshire",,x,,,,,"a vote, 9 months ago","strong (recorded vote, human-confirmed meaning line)",12,,"2026-03-12 QUESTION S6W-44353: ""To ask the Scottish Government what requirements exist for obtaining parental consent wher"" [activity, not direction] | 2026-02-17 VOTE NOT VOTED: S6M-20813 (Children (Withdrawal from Religious Education an) [diverged from own party's majority] [absence/abstention -- not placed] | 2026-01-29 VOTE YES: S6M-20611.1 (Business Programme) [no meaning line -- not placed] | 2026-01-29 MOTION CO-SIGNED S6M-20611.1: Business Programme [no meaning line -- not placed] | 2025-12-16 VOTE YES: S6M-20135 (Motion of No Confidence) [no meaning line -- not placed] | 2025-12-11 VOTE NO: S6M-20099 (Children (Withdrawal from Religious Education an) [diverged from own party's majority] [+1: Voted to deny the Bill its financial resolution -- the procedural route to killing it, chosen only by its most] | 2025-12-03 VOTE YES: S6M-19980.1 (Transparency in Tackling Group-based Child Sexua) [no meaning line -- not placed] | 2025-12-03 VOTE NO: S6M-19980.2 (Transparency in Tackling Group-based Child Sexua) [diverged from own party's majority] [no meaning line -- not placed] | 2025-12-03 VOTE NO: S6M-19980 (Transparency in Tackling Group-based Child Sexua) [diverged from own party's majority] [no meaning line -- not placed] | 2025-12-02 VOTE YES: S6M-19970.2 (Uniting Local and National Efforts Across Sector) [+1: Voted to commit public bodies to the For Women Scotland sex definition and to demand a grooming gangs inquiry ] | 2025-11-25 VOTE NO: S6M-19866 (Children (Withdrawal from Religious Education an) [diverged from own party's majority] [+1: Opposed the Bill's general principles at Stage 1 -- before amendment, on the principle itself.] | 2025-06-26 VOTE ABSTAIN: S6M-18081 (Children’s Wellbeing and Schools Bill - UK Legis) [diverged from own party's majority] [abse"
Sanne Dijkstra-Downie (Scottish Liberal Democrats) - Edinburgh Northern,,,x,,,,no confirmed meaning line,n/a (activity only),3,,"2026-06-03 QUESTION S7W-00765: ""To ask the Scottish Government whether young people placed in kinship care under provision"" [activity, not direction] | 2026-06-03 QUESTION S7W-00764: ""To ask the Scottish Government whether young people placed in kinship care under section 1"" [activity, not direction] | 2026-06-03 QUESTION S7W-00762: ""To ask the Scottish Government under what circumstances young people leaving kinship care "" [activity, not direction]"
Amanda Lindsay (Reform UK) - Central Scot and Lothians West,,,x,,,,no confirmed meaning line,n/a (activity only),1,,"2026-05-27 SPOKE: Childcare ""Thank God for that safeguard in the union.We still have male prisoners housed in female pr"" [activity, not direction]"
Duncan Dunlop (Scottish Liberal Democrats) - South Scotland,,,x,,,,no confirmed meaning line,n/a (activity only),1,,"2026-06-17 QUESTION S7O-00122: ""To ask the Scottish Government whether children and young people in kinship care are eligi"" [activity, not direction]"
Laura Moodie (Scottish Green Party) - South Scotland,,,x,,,,no confirmed meaning line,n/a (activity only),1,,"2026-07-23 QUESTION S7W-02037: ""To ask the Scottish Government whether it will provide an overview of the remit and workpl"" [activity, not direction]"
Thomas Kerr (Reform UK) - Glasgow,,,x,,,,no confirmed meaning line,n/a (activity only),1,,"2026-06-16 QUESTION S7W-01076: ""To ask the Scottish Government whether it will provide an update on its plans for a public"" [activity, not direction]"
Adam Harley (Scottish Liberal Democrats) - Strathkelvin and Bearsden,,,x,,,,no evidence,,0,,No recorded activity on this area
Alan Brown (Scottish National Party) - Kilmarnock and Irvine Valley,,,x,,,,no evidence,,0,,No recorded activity on this area
"Alex Kerr (Scottish National Party) - Hamilton, Larkhall and Stonehouse",,,x,,,,no evidence,,0,,No recorded activity on this area
Alison Thewliss (Scottish National Party) - Glasgow Central,,,x,,,,no evidence,,0,,No recorded activity on this area
Alyn Smith (Scottish National Party) - Stirling,,,x,,,,no evidence,,0,,No recorded activity on this area
Amanda Bland (Reform UK) - Central Scot and Lothians West,,,x,,,,no evidence,,0,,No recorded activity on this area
"Andrew Baxter (Scottish Liberal Democrats) - Skye, Lochaber and Badenoch",,,x,,,,no evidence,,0,,No recorded activity on this area
Angela Ross (Reform UK) - Edinburgh and Lothians East,,,x,,,,no evidence,,0,,No recorded activity on this area
"Calum Kerr (Scottish National Party) - Midlothian South, Tweeddale and Lauderdale",,,x,,,,no evidence,,0,,No recorded activity on this area
Cara McKee (Scottish Green Party) - West Scotland,,,x,,,,no evidence,,0,,No recorded activity on this area
Colm Merrick (Scottish National Party) - Glasgow Anniesland,,,x,,,,no evidence,,0,,No recorded activity on this area
David Barratt (Scottish National Party) - Cowdenbeath,,,x,,,,no evidence,,0,,No recorded activity on this area
"David Green (Scottish Liberal Democrats) - Caithness, Sutherland and Ross",,,x,,,,no evidence,,0,,No recorded activity on this area
David Kirkwood (Reform UK) - South Scotland,,,x,,,,no evidence,,0,,No recorded activity on this area
David Linden (Scottish National Party) - Glasgow Baillieston and Shettleston,,,x,,,,no evidence,,0,,No recorded activity on this area
David Smith (Reform UK) - West Scotland,,,x,,,,no evidence,,0,,No recorded activity on this area
Dawn Black (Scottish National Party) - Angus North and Mearns,,,x,,,,no evidence,,0,,No recorded activity on this area
Donald MacKinnon (Scottish Labour) - Na h-Eileanan an Iar,,,x,,,,no evidence,,0,,No recorded activity on this area
Duncan Massey (Reform UK) - North East Scotland,,,x,,,,no evidence,,0,,No recorded activity on this area
Gary Bouse (Scottish National Party) - Falkirk West,,,x,,,,no evidence,,0,,No recorded activity on this area
Hannah Mary Goodlad (Scottish National Party) - Shetland Islands,,,x,,,,no evidence,,0,,No recorded activity on this area
Heather Anderson (Scottish National Party) - Dundee City West,,,x,,,,no evidence,,0,,No recorded activity on this area
Helen McDade (Reform UK) - Mid Scotland and Fife,,,x,,,,no evidence,,0,,No recorded activity on this area
Holly Bruce (Scottish Green Party) - Glasgow Southside,,,x,,,,no evidence,,0,,No recorded activity on this area
Iris Duane (Scottish Green Party) - Glasgow,,,x,,,,no evidence,,0,,No recorded activity on this area
Irshad Ahmed (Scottish Labour) - Edinburgh and Lothians East,,,x,,,,no evidence,,0,,No recorded activity on this area
Jack Middleton (Scottish National Party) - Aberdeen Central,,,x,,,,no evidence,,0,,No recorded activity on this area
James Adams (Scottish Conservative and Unionist Party) - North East Scotland,,,x,,,,no evidence,,0,,No recorded activity on this area
Jamie Langan (Reform UK) - South Scotland,,,x,,,,no evidence,,0,,No recorded activity on this area
Jenny Young (Scottish Labour) - Central Scot and Lothians West,,,x,,,,no evidence,,0,,No recorded activity on this area
Joe Fagan (Scottish Labour) - South Scotland,,,x,,,,no evidence,,0,,No recorded activity on this area
Joe Long (Scottish Labour) - Mid Scotland and Fife,,,x,,,,no evidence,,0,,No recorded activity on this area
Julie MacDougall (Reform UK) - Mid Scotland and Fife,,,x,,,,no evidence,,0,,No recorded activity on this area
"Kate Campbell (Scottish National Party) - Edinburgh Eastern, Musselburgh and Tranent",,,x,,,,no evidence,,0,,No recorded activity on this area
Kate Nevens (Scottish Green Party) - Edinburgh and Lothians East,,,x,,,,no evidence,,0,,No recorded activity on this area
Katherine Sangster (Scottish Labour) - Edinburgh and Lothians East,,,x,,,,no evidence,,0,,No recorded activity on this area
"Katie Hagmann (Scottish National Party) - Carrick, Cumnock and Doon Valley",,,x,,,,no evidence,,0,,No recorded activity on this area
Kayleigh Kinross-O'Neill (Scottish Green Party) - Edinburgh and Lothians East,,,x,,,,no evidence,,0,,No recorded activity on this area
Kim Schmulian (Reform UK) - Glasgow,,,x,,,,no evidence,,0,,No recorded activity on this area
Kirsten Oswald (Scottish National Party) - Eastwood,,,x,,,,no evidence,,0,,No recorded activity on this area
Kristopher Leask (Scottish Green Party) - Highlands and Islands,,,x,,,,no evidence,,0,,No recorded activity on this area
Laura Mitchell (Scottish National Party) - Moray,,,x,,,,no evidence,,0,,No recorded activity on this area
Lloyd Melville (Scottish National Party) - Angus South,,,x,,,,no evidence,,0,,No recorded activity on this area
Malcolm Offord (Reform UK) - West Scotland,,,x,,,,no evidence,,0,,No recorded activity on this area
Mark Simpson (Reform UK) - North East Scotland,,,x,,,,no evidence,,0,,No recorded activity on this area
Martyn Day (Scottish National Party) - Falkirk East and Linlithgow,,,x,,,,no evidence,,0,,No recorded activity on this area
Max Bannerman (Reform UK) - Highlands and Islands,,,x,,,,no evidence,,0,,No recorded activity on this area
Michelle Campbell (Scottish National Party) - Renfrewshire North and Cardonald,,,x,,,,no evidence,,0,,No recorded activity on this area
Morven-May MacCallum (Scottish Liberal Democrats) - Highlands and Islands,,,x,,,,no evidence,,0,,No recorded activity on this area
Patricia Gibson (Scottish National Party) - Cunninghame South,,,x,,,,no evidence,,0,,No recorded activity on this area
Pauline Stafford (Scottish National Party) - Bathgate,,,x,,,,no evidence,,0,,No recorded activity on this area
Q Manivannan (Scottish Green Party) - Edinburgh and Lothians East,,,x,,,,no evidence,,0,,No recorded activity on this area
Senga Beresford (Reform UK) - South Scotland,,,x,,,,no evidence,,0,,No recorded activity on this area
Simita Kumar (Scottish National Party) - Edinburgh South Western,,,x,,,,no evidence,,0,,No recorded activity on this area
Stephen Flynn (Scottish National Party) - Aberdeen Deeside and North Kincardine,,,x,,,,no evidence,,0,,No recorded activity on this area
Stephen Gethins (Scottish National Party) - Dundee City East,,,x,,,,no evidence,,0,,No recorded activity on this area
Steven Bonnar (Scottish National Party) - Uddingston and Bellshill,,,x,,,,no evidence,,0,,No recorded activity on this area
Victor Currie (Reform UK) - Highlands and Islands,,,x,,,,no evidence,,0,,No recorded activity on this area
Yi-pei Chou Turvey (Scottish Liberal Democrats) - North East Scotland,,,x,,,,no evidence,,0,,No recorded activity on this area
Zen Ghani (Scottish National Party) - Glasgow Cathcart and Pollok,,,x,,,,no evidence,,0,,No recorded activity on this area
Maggie Chapman (Scottish Green Party) - North East Scotland,,,,x,,,"a vote, 9 months ago","strong (recorded vote, human-confirmed meaning line)",115,,"2026-03-04 MOTION CO-SIGNED S6M-20992: Recognising Scottish Apprenticeship Week from 2 to 6 [no meaning line -- not placed] | 2026-02-17 VOTE ABSTAIN: S6M-20813 (Children (Withdrawal from Religious Education an) [diverged from own party's majority] [absence/abstention -- not placed] | 2026-02-17 SPOKE: Children (Withdrawal from Religious Educatio ""The committee’s stage 1 report noted that a majority“supported amending the Bill to provid"" [activity, not direction] | 2026-02-17 SPOKE: Children (Withdrawal from Religious Educatio ""I begin these stage 3 proceedings by thanking the Cabinet Secretary for Education and Skil"" [activity, not direction] | 2026-02-17 SPOKE: Children (Withdrawal from Religious Educatio ""Children (Withdrawal from Religious Education and Amendment of UNCRC Compatibility Duty) ("" [activity, not direction] | 2026-02-17 SPOKE: Children (Withdrawal from Religious Educatio ""Children (Withdrawal from Religious Education and Amendment of UNCRC Compatibility Duty) ("" [activity, not direction] | 2026-02-17 SPOKE: Children (Withdrawal from Religious Educatio ""Children (Withdrawal from Religious Education and Amendment of UNCRC Compatibility Duty) ("" [activity, not direction] | 2026-02-17 SPOKE: Children (Withdrawal from Religious Educatio ""Children (Withdrawal from Religious Education and Amendment of UNCRC Compatibility Duty) ("" [activity, not direction] | 2026-02-17 SPOKE: Children (Withdrawal from Religious Educatio ""Children (Withdrawal from Religious Education and Amendment of UNCRC Compatibility Duty) ("" [activity, not direction] | 2026-02-17 SPOKE: Children (Withdrawal from Religious Educatio ""Children (Withdrawal from Religious Education and Amendment of UNCRC Compatibility Duty) ("" [activity, not direction] | 2026-02-17 SPOKE: Children (Withdrawal fro"
Ross Greer (Scottish Green Party) - West Scotland,,,,x,,,"a vote, 9 months ago","strong (recorded vote, human-confirmed meaning line)",20,,"2026-05-27 QUESTION S7W-00575: ""To ask the Scottish Government what progress it has made in monitoring and evaluating the "" [activity, not direction] | 2026-05-27 QUESTION S7W-00574: ""To ask the Scottish Government what steps it is taking to fulfil Section 5.5 of its Home E"" [activity, not direction] | 2026-02-17 VOTE ABSTAIN: S6M-20813 (Children (Withdrawal from Religious Education an) [diverged from own party's majority] [absence/abstention -- not placed] | 2026-02-17 SPOKE: Children (Withdrawal from Religious Educatio ""Children (Withdrawal from Religious Education and Amendment of UNCRC Compatibility Duty) ("" [activity, not direction] | 2026-02-17 SPOKE: Children (Withdrawal from Religious Educatio ""Children (Withdrawal from Religious Education and Amendment of UNCRC Compatibility Duty) ("" [activity, not direction] | 2026-01-29 VOTE NO: S6M-20611.1 (Business Programme) [no meaning line -- not placed] | 2025-12-16 VOTE NO: S6M-20135 (Motion of No Confidence) [no meaning line -- not placed] | 2025-12-11 VOTE YES: S6M-20099 (Children (Withdrawal from Religious Education an) [diverged from own party's majority] [no meaning line -- not placed] | 2025-12-03 VOTE YES: S6M-19980.2 (Transparency in Tackling Group-based Child Sexua) [diverged from own party's majority] [no meaning line -- not placed] | 2025-12-03 VOTE YES: S6M-19980 (Transparency in Tackling Group-based Child Sexua) [diverged from own party's majority] [no meaning line -- not placed] | 2025-12-03 VOTE NO: S6M-19980.1 (Transparency in Tackling Group-based Child Sexua) [diverged from own party's majority] [no meaning line -- not placed] | 2025-12-02 VOTE NO: S6M-19970.2 (Uniting Local and National Efforts Across Sector) [diverged from own party's majority] [-1: Voted down the amendment carrying Supreme Court sex"
Lorna Slater (Scottish Green Party) - Lothian,,,,x,,,"a vote, 9 months ago","strong (recorded vote, human-confirmed meaning line)",12,,"2026-02-17 VOTE ABSTAIN: S6M-20813 (Children (Withdrawal from Religious Education an) [diverged from own party's majority] [absence/abstention -- not placed] | 2026-02-17 SPOKE: Children (Withdrawal from Religious Educatio ""Children (Withdrawal from Religious Education and Amendment of UNCRC Compatibility Duty) ("" [activity, not direction] | 2026-01-29 VOTE NO: S6M-20611.1 (Business Programme) [no meaning line -- not placed] | 2025-12-16 VOTE NO: S6M-20135 (Motion of No Confidence) [no meaning line -- not placed] | 2025-12-11 VOTE YES: S6M-20099 (Children (Withdrawal from Religious Education an) [diverged from own party's majority] [no meaning line -- not placed] | 2025-12-03 VOTE YES: S6M-19980.2 (Transparency in Tackling Group-based Child Sexua) [diverged from own party's majority] [no meaning line -- not placed] | 2025-12-03 VOTE YES: S6M-19980 (Transparency in Tackling Group-based Child Sexua) [diverged from own party's majority] [no meaning line -- not placed] | 2025-12-03 VOTE NO: S6M-19980.1 (Transparency in Tackling Group-based Child Sexua) [diverged from own party's majority] [no meaning line -- not placed] | 2025-12-02 VOTE NO: S6M-19970.2 (Uniting Local and National Efforts Across Sector) [diverged from own party's majority] [-1: Voted down the amendment carrying Supreme Court sex-definition compliance and the grooming gangs inquiry call.] | 2025-11-25 VOTE YES: S6M-19866 (Children (Withdrawal from Religious Education an) [diverged from own party's majority] [-1: Supported the general principles of the Bill narrowing the parental conscience clause at Stage 1.] | 2025-06-26 VOTE YES: S6M-18081 (Children’s Wellbeing and Schools Bill - UK Legis) [diverged from own party's majority] [no meaning line -- not placed] | 2025-06-16 MOTION CO-SIGNED S6M-17985: 25th Ann"
Ariane Burgess (Scottish Green Party) - Highlands and Islands,,,,x,,,"a vote, 9 months ago","strong (recorded vote, human-confirmed meaning line)",11,,2026-02-17 VOTE ABSTAIN: S6M-20813 (Children (Withdrawal from Religious Education an) [diverged from own party's majority] [absence/abstention -- not placed] | 2026-01-29 VOTE NOT VOTED: S6M-20611.1 (Business Programme) [absence/abstention -- not placed] | 2025-12-16 VOTE NO: S6M-20135 (Motion of No Confidence) [no meaning line -- not placed] | 2025-12-11 VOTE YES: S6M-20099 (Children (Withdrawal from Religious Education an) [diverged from own party's majority] [no meaning line -- not placed] | 2025-12-03 VOTE NOT VOTED: S6M-19980.2 (Transparency in Tackling Group-based Child Sexua) [diverged from own party's majority] [absence/abstention -- not placed] | 2025-12-03 VOTE NOT VOTED: S6M-19980.1 (Transparency in Tackling Group-based Child Sexua) [diverged from own party's majority] [absence/abstention -- not placed] | 2025-12-03 VOTE NOT VOTED: S6M-19980 (Transparency in Tackling Group-based Child Sexua) [diverged from own party's majority] [absence/abstention -- not placed] | 2025-12-02 VOTE NOT VOTED: S6M-19970.2 (Uniting Local and National Efforts Across Sector) [diverged from own party's majority] [absence/abstention -- not placed] | 2025-11-25 VOTE YES: S6M-19866 (Children (Withdrawal from Religious Education an) [diverged from own party's majority] [-1: Supported the general principles of the Bill narrowing the parental conscience clause at Stage 1.] | 2025-06-26 VOTE YES: S6M-18081 (Children’s Wellbeing and Schools Bill - UK Legis) [diverged from own party's majority] [no meaning line -- not placed] | 2024-01-12 MOTION CO-SIGNED S6M-11864: The Economic Contribution of the Third Sector in Sco [no meaning line -- not placed]
Mark Ruskell (Scottish Green Party) - Mid Scotland and Fife,,,,x,,,"a vote, 9 months ago","strong (recorded vote, human-confirmed meaning line)",11,,2026-02-17 VOTE ABSTAIN: S6M-20813 (Children (Withdrawal from Religious Education an) [diverged from own party's majority] [absence/abstention -- not placed] | 2026-01-29 VOTE NO: S6M-20611.1 (Business Programme) [no meaning line -- not placed] | 2025-12-16 VOTE NO: S6M-20135 (Motion of No Confidence) [no meaning line -- not placed] | 2025-12-11 VOTE YES: S6M-20099 (Children (Withdrawal from Religious Education an) [diverged from own party's majority] [no meaning line -- not placed] | 2025-12-03 VOTE YES: S6M-19980.2 (Transparency in Tackling Group-based Child Sexua) [diverged from own party's majority] [no meaning line -- not placed] | 2025-12-03 VOTE YES: S6M-19980 (Transparency in Tackling Group-based Child Sexua) [diverged from own party's majority] [no meaning line -- not placed] | 2025-12-03 VOTE NO: S6M-19980.1 (Transparency in Tackling Group-based Child Sexua) [diverged from own party's majority] [no meaning line -- not placed] | 2025-12-02 VOTE NO: S6M-19970.2 (Uniting Local and National Efforts Across Sector) [diverged from own party's majority] [-1: Voted down the amendment carrying Supreme Court sex-definition compliance and the grooming gangs inquiry call.] | 2025-11-25 VOTE NOT VOTED: S6M-19866 (Children (Withdrawal from Religious Education an) [diverged from own party's majority] [absence/abstention -- not placed] | 2025-06-26 VOTE YES: S6M-18081 (Children’s Wellbeing and Schools Bill - UK Legis) [diverged from own party's majority] [no meaning line -- not placed] | 2025-06-16 MOTION CO-SIGNED S6M-17985: 25th Anniversary of the Repeal of Section 28 [no meaning line -- not placed]
Patrick Harvie (Scottish Green Party) - Glasgow,,,,x,,,"a vote, 9 months ago","strong (recorded vote, human-confirmed meaning line)",11,,2026-02-17 VOTE ABSTAIN: S6M-20813 (Children (Withdrawal from Religious Education an) [diverged from own party's majority] [absence/abstention -- not placed] | 2026-01-29 VOTE NO: S6M-20611.1 (Business Programme) [no meaning line -- not placed] | 2025-12-16 VOTE NO: S6M-20135 (Motion of No Confidence) [no meaning line -- not placed] | 2025-12-11 VOTE YES: S6M-20099 (Children (Withdrawal from Religious Education an) [diverged from own party's majority] [no meaning line -- not placed] | 2025-12-03 VOTE YES: S6M-19980.2 (Transparency in Tackling Group-based Child Sexua) [diverged from own party's majority] [no meaning line -- not placed] | 2025-12-03 VOTE YES: S6M-19980 (Transparency in Tackling Group-based Child Sexua) [diverged from own party's majority] [no meaning line -- not placed] | 2025-12-03 VOTE NO: S6M-19980.1 (Transparency in Tackling Group-based Child Sexua) [diverged from own party's majority] [no meaning line -- not placed] | 2025-12-02 VOTE NO: S6M-19970.2 (Uniting Local and National Efforts Across Sector) [diverged from own party's majority] [-1: Voted down the amendment carrying Supreme Court sex-definition compliance and the grooming gangs inquiry call.] | 2025-11-25 VOTE YES: S6M-19866 (Children (Withdrawal from Religious Education an) [diverged from own party's majority] [-1: Supported the general principles of the Bill narrowing the parental conscience clause at Stage 1.] | 2025-06-26 VOTE YES: S6M-18081 (Children’s Wellbeing and Schools Bill - UK Legis) [diverged from own party's majority] [no meaning line -- not placed] | 2025-06-16 MOTION CO-SIGNED S6M-17985: 25th Anniversary of the Repeal of Section 28 [no meaning line -- not placed]
Gillian Mackay (Scottish Green Party) - Central Scotland,,,,x,,,"a vote, 9 months ago","strong (recorded vote, human-confirmed meaning line)",10,,2026-02-17 VOTE ABSTAIN: S6M-20813 (Children (Withdrawal from Religious Education an) [diverged from own party's majority] [absence/abstention -- not placed] | 2026-01-29 VOTE NO: S6M-20611.1 (Business Programme) [no meaning line -- not placed] | 2025-12-16 VOTE NO: S6M-20135 (Motion of No Confidence) [no meaning line -- not placed] | 2025-12-11 VOTE YES: S6M-20099 (Children (Withdrawal from Religious Education an) [diverged from own party's majority] [no meaning line -- not placed] | 2025-12-03 VOTE YES: S6M-19980.2 (Transparency in Tackling Group-based Child Sexua) [diverged from own party's majority] [no meaning line -- not placed] | 2025-12-03 VOTE YES: S6M-19980 (Transparency in Tackling Group-based Child Sexua) [diverged from own party's majority] [no meaning line -- not placed] | 2025-12-03 VOTE NO: S6M-19980.1 (Transparency in Tackling Group-based Child Sexua) [diverged from own party's majority] [no meaning line -- not placed] | 2025-12-02 VOTE NO: S6M-19970.2 (Uniting Local and National Efforts Across Sector) [diverged from own party's majority] [-1: Voted down the amendment carrying Supreme Court sex-definition compliance and the grooming gangs inquiry call.] | 2025-11-25 VOTE YES: S6M-19866 (Children (Withdrawal from Religious Education an) [diverged from own party's majority] [-1: Supported the general principles of the Bill narrowing the parental conscience clause at Stage 1.] | 2025-06-26 VOTE YES: S6M-18081 (Children’s Wellbeing and Schools Bill - UK Legis) [diverged from own party's majority] [no meaning line -- not placed]
Karen Adam (Scottish National Party) - Banffshire and Buchan Coast,,,,,x,,"a vote, 7 months ago","strong (recorded vote, human-confirmed meaning line)",214,,"2026-02-17 VOTE YES: S6M-20813 (Children (Withdrawal from Religious Education an) [-2: Voted to pass the Bill narrowing the parental conscience clause: withdrawal from religious and moral education] | 2026-02-17 SPOKE: Children (Withdrawal from Religious Educatio ""Children (Withdrawal from Religious Education and Amendment of UNCRC Compatibility Duty) ("" [activity, not direction] | 2026-01-29 VOTE NO: S6M-20611.1 (Business Programme) [no meaning line -- not placed] | 2025-12-16 VOTE NO: S6M-20135 (Motion of No Confidence) [no meaning line -- not placed] | 2025-12-16 SPOKE: Equalities, Human Rights and Civil Justice C ""Children (Withdrawal from Religious Education and Amendment of UNCRC Compatibility Duty) ("" [activity, not direction] | 2025-12-16 SPOKE: Equalities, Human Rights and Civil Justice C ""Children (Withdrawal from Religious Education and Amendment of UNCRC Compatibility Duty) ("" [activity, not direction] | 2025-12-16 SPOKE: Equalities, Human Rights and Civil Justice C ""Children (Withdrawal from Religious Education and Amendment of UNCRC Compatibility Duty) ("" [activity, not direction] | 2025-12-16 SPOKE: Equalities, Human Rights and Civil Justice C ""Children (Withdrawal from Religious Education and Amendment of UNCRC Compatibility Duty) ("" [activity, not direction] | 2025-12-16 SPOKE: Equalities, Human Rights and Civil Justice C ""Children (Withdrawal from Religious Education and Amendment of UNCRC Compatibility Duty) ("" [activity, not direction] | 2025-12-16 SPOKE: Equalities, Human Rights and Civil Justice C ""Children (Withdrawal from Religious Education and Amendment of UNCRC Compatibility Duty) ("" [activity, not direction] | 2025-12-16 SPOKE: Equalities, Human Rights and Civil Justice C ""Children (Withdrawal from Religious Education and Amendment of UNCRC C"
Jenny Gilruth (Scottish National Party) - Mid Fife and Glenrothes,,,,,x,,"a vote, 7 months ago","strong (recorded vote, human-confirmed meaning line)",125,,"2026-02-17 VOTE YES: S6M-20813 (Children (Withdrawal from Religious Education an) [-2: Voted to pass the Bill narrowing the parental conscience clause: withdrawal from religious and moral education] | 2026-02-17 SPOKE: Children (Withdrawal from Religious Educatio ""The Government was supportive of the bill being amended in that way, given the clear conse"" [activity, not direction] | 2026-02-17 SPOKE: Children (Withdrawal from Religious Educatio ""I would like to make some progress; I am conscious of the time.Any regulations for a pupil"" [activity, not direction] | 2026-02-17 SPOKE: Children (Withdrawal from Religious Educatio ""I am very glad that we have worked with Ms Whitham on her amendment, which responds to con"" [activity, not direction] | 2026-02-17 SPOKE: Children (Withdrawal from Religious Educatio ""Children (Withdrawal from Religious Education and Amendment of UNCRC Compatibility Duty) ("" [activity, not direction] | 2026-02-17 SPOKE: Children (Withdrawal from Religious Educatio ""Children (Withdrawal from Religious Education and Amendment of UNCRC Compatibility Duty) ("" [activity, not direction] | 2026-02-17 SPOKE: Children (Withdrawal from Religious Educatio ""Children (Withdrawal from Religious Education and Amendment of UNCRC Compatibility Duty) ("" [activity, not direction] | 2026-02-17 SPOKE: Children (Withdrawal from Religious Educatio ""Children (Withdrawal from Religious Education and Amendment of UNCRC Compatibility Duty) ("" [activity, not direction] | 2026-02-17 SPOKE: Children (Withdrawal from Religious Educatio ""Children (Withdrawal from Religious Education and Amendment of UNCRC Compatibility Duty) ("" [activity, not direction] | 2026-02-17 SPOKE: Children (Withdrawal from Religious Educatio ""Children (Withdrawal from Religious Education and Amendment of "
Liam McArthur (Scottish Liberal Democrats) - Orkney Islands,,,,,x,,"a vote, 7 months ago","strong (recorded vote, human-confirmed meaning line)",84,,"2026-03-24 SPOKE: Crime and Policing Bill ""The next item of business is consideration of motion S6M-21179, a motion on legislative co"" [activity, not direction] | 2026-03-12 SPOKE: Assisted Dying for Terminally Ill Adults (Sc ""Assisted Dying for Terminally Ill Adults (Scotland) Bill: Stage 3"" [activity, not direction] | 2026-03-04 MOTION CO-SIGNED S6M-20992: Recognising Scottish Apprenticeship Week from 2 to 6 [no meaning line -- not placed] | 2026-02-17 VOTE YES: S6M-20813 (Children (Withdrawal from Religious Education an) [diverged from own party's majority] [-2: Voted to pass the Bill narrowing the parental conscience clause: withdrawal from religious and moral education] | 2026-02-17 SPOKE: Children (Withdrawal from Religious Educatio ""Children (Withdrawal from Religious Education and Amendment of UNCRC Compatibility Duty) ("" [activity, not direction] | 2026-02-17 SPOKE: Children (Withdrawal from Religious Educatio ""Children (Withdrawal from Religious Education and Amendment of UNCRC Compatibility Duty) ("" [activity, not direction] | 2026-02-17 SPOKE: Children (Withdrawal from Religious Educatio ""Children (Withdrawal from Religious Education and Amendment of UNCRC Compatibility Duty) ("" [activity, not direction] | 2026-02-17 SPOKE: Children (Withdrawal from Religious Educatio ""Children (Withdrawal from Religious Education and Amendment of UNCRC Compatibility Duty) ("" [activity, not direction] | 2026-02-17 SPOKE: Children (Withdrawal from Religious Educatio ""Children (Withdrawal from Religious Education and Amendment of UNCRC Compatibility Duty) ("" [activity, not direction] | 2026-02-17 SPOKE: Children (Withdrawal from Religious Educatio ""Children (Withdrawal from Religious Education and Amendment of UNCRC Compatibility Duty) ("" [activity, not direction] | 2026-02-17"
Paul McLennan (Scottish National Party) - East Lothian,,,,,x,,"a vote, 7 months ago","strong (recorded vote, human-confirmed meaning line)",49,,"2026-02-17 VOTE YES: S6M-20813 (Children (Withdrawal from Religious Education an) [-2: Voted to pass the Bill narrowing the parental conscience clause: withdrawal from religious and moral education] | 2026-01-29 VOTE NO: S6M-20611.1 (Business Programme) [no meaning line -- not placed] | 2025-12-16 VOTE NO: S6M-20135 (Motion of No Confidence) [no meaning line -- not placed] | 2025-12-11 VOTE YES: S6M-20099 (Children (Withdrawal from Religious Education an) [no meaning line -- not placed] | 2025-12-03 VOTE YES: S6M-19980.2 (Transparency in Tackling Group-based Child Sexua) [no meaning line -- not placed] | 2025-12-03 VOTE YES: S6M-19980 (Transparency in Tackling Group-based Child Sexua) [diverged from own party's majority] [no meaning line -- not placed] | 2025-12-03 VOTE NO: S6M-19980.1 (Transparency in Tackling Group-based Child Sexua) [diverged from own party's majority] [no meaning line -- not placed] | 2025-12-02 VOTE NO: S6M-19970.2 (Uniting Local and National Efforts Across Sector) [diverged from own party's majority] [-1: Voted down the amendment carrying Supreme Court sex-definition compliance and the grooming gangs inquiry call.] | 2025-11-25 VOTE YES: S6M-19866 (Children (Withdrawal from Religious Education an) [-1: Supported the general principles of the Bill narrowing the parental conscience clause at Stage 1.] | 2025-11-25 SPOKE: Children (Withdrawal from Religious Educatio ""Children (Withdrawal from Religious Education and Amendment of UNCRC Compatibility Duty) ("" [activity, not direction] | 2025-10-28 SPOKE: Equalities, Human Rights and Civil Justice C ""Children (Withdrawal from Religious Education and Amendment of UNCRC Compatibility Duty) ("" [activity, not direction] | 2025-10-28 SPOKE: Equalities, Human Rights and Civil Justice C ""Children (Withdrawal f"
Marie McNair (Scottish National Party) - Clydebank and Milngavie,,,,,x,,"a vote, 7 months ago","strong (recorded vote, human-confirmed meaning line)",35,,"2026-02-17 VOTE YES: S6M-20813 (Children (Withdrawal from Religious Education an) [-2: Voted to pass the Bill narrowing the parental conscience clause: withdrawal from religious and moral education] | 2026-01-29 VOTE NO: S6M-20611.1 (Business Programme) [no meaning line -- not placed] | 2025-12-16 VOTE NO: S6M-20135 (Motion of No Confidence) [no meaning line -- not placed] | 2025-12-11 VOTE YES: S6M-20099 (Children (Withdrawal from Religious Education an) [no meaning line -- not placed] | 2025-12-03 VOTE YES: S6M-19980.2 (Transparency in Tackling Group-based Child Sexua) [no meaning line -- not placed] | 2025-12-03 VOTE YES: S6M-19980 (Transparency in Tackling Group-based Child Sexua) [diverged from own party's majority] [no meaning line -- not placed] | 2025-12-03 VOTE NO: S6M-19980.1 (Transparency in Tackling Group-based Child Sexua) [diverged from own party's majority] [no meaning line -- not placed] | 2025-12-02 VOTE NO: S6M-19970.2 (Uniting Local and National Efforts Across Sector) [diverged from own party's majority] [-1: Voted down the amendment carrying Supreme Court sex-definition compliance and the grooming gangs inquiry call.] | 2025-11-25 VOTE YES: S6M-19866 (Children (Withdrawal from Religious Education an) [-1: Supported the general principles of the Bill narrowing the parental conscience clause at Stage 1.] | 2025-11-25 SPOKE: Children (Withdrawal from Religious Educatio ""Children (Withdrawal from Religious Education and Amendment of UNCRC Compatibility Duty) ("" [activity, not direction] | 2025-10-28 SPOKE: Equalities, Human Rights and Civil Justice C ""Children (Withdrawal from Religious Education and Amendment of UNCRC Compatibility Duty) ("" [activity, not direction] | 2025-10-28 SPOKE: Equalities, Human Rights and Civil Justice C ""Children (Withdrawal f"
Alex Cole-Hamilton (Scottish Liberal Democrats) - Edinburgh Western,,,,,x,,"a vote, 7 months ago","strong (recorded vote, human-confirmed meaning line)",30,,"2026-02-17 VOTE YES: S6M-20813 (Children (Withdrawal from Religious Education an) [diverged from own party's majority] [-2: Voted to pass the Bill narrowing the parental conscience clause: withdrawal from religious and moral education] | 2026-02-17 SPOKE: Children (Withdrawal from Religious Educatio ""Children (Withdrawal from Religious Education and Amendment of UNCRC Compatibility Duty) ("" [activity, not direction] | 2026-02-17 SPOKE: Children (Withdrawal from Religious Educatio ""Children (Withdrawal from Religious Education and Amendment of UNCRC Compatibility Duty) ("" [activity, not direction] | 2026-02-17 SPOKE: Children (Withdrawal from Religious Educatio ""Children (Withdrawal from Religious Education and Amendment of UNCRC Compatibility Duty) ("" [activity, not direction] | 2026-02-17 SPOKE: Children (Withdrawal from Religious Educatio ""Children (Withdrawal from Religious Education and Amendment of UNCRC Compatibility Duty) ("" [activity, not direction] | 2026-02-17 SPOKE: Children (Withdrawal from Religious Educatio ""Children (Withdrawal from Religious Education and Amendment of UNCRC Compatibility Duty) ("" [activity, not direction] | 2026-02-17 SPOKE: Children (Withdrawal from Religious Educatio ""Children (Withdrawal from Religious Education and Amendment of UNCRC Compatibility Duty) ("" [activity, not direction] | 2026-02-17 SPOKE: Children (Withdrawal from Religious Educatio ""Children (Withdrawal from Religious Education and Amendment of UNCRC Compatibility Duty) ("" [activity, not direction] | 2026-02-17 SPOKE: Children (Withdrawal from Religious Educatio ""Children (Withdrawal from Religious Education and Amendment of UNCRC Compatibility Duty) ("" [activity, not direction] | 2026-01-29 VOTE NO: S6M-20611.1 (Business Programme) [no meaning line -- not placed] | 202"
David Torrance (Scottish National Party) - Kirkcaldy,,,,,x,,"a vote, 7 months ago","strong (recorded vote, human-confirmed meaning line)",20,,"2026-03-04 MOTION CO-SIGNED S6M-20992: Recognising Scottish Apprenticeship Week from 2 to 6 [no meaning line -- not placed] | 2026-02-17 VOTE YES: S6M-20813 (Children (Withdrawal from Religious Education an) [-2: Voted to pass the Bill narrowing the parental conscience clause: withdrawal from religious and moral education] | 2026-02-17 SPOKE: Children (Withdrawal from Religious Educatio ""Children (Withdrawal from Religious Education and Amendment of UNCRC Compatibility Duty) ("" [activity, not direction] | 2026-02-17 SPOKE: Children (Withdrawal from Religious Educatio ""Children (Withdrawal from Religious Education and Amendment of UNCRC Compatibility Duty) ("" [activity, not direction] | 2026-02-17 SPOKE: Children (Withdrawal from Religious Educatio ""Children (Withdrawal from Religious Education and Amendment of UNCRC Compatibility Duty) ("" [activity, not direction] | 2026-02-17 SPOKE: Children (Withdrawal from Religious Educatio ""Children (Withdrawal from Religious Education and Amendment of UNCRC Compatibility Duty) ("" [activity, not direction] | 2026-02-17 SPOKE: Children (Withdrawal from Religious Educatio ""Children (Withdrawal from Religious Education and Amendment of UNCRC Compatibility Duty) ("" [activity, not direction] | 2026-02-17 SPOKE: Children (Withdrawal from Religious Educatio ""Children (Withdrawal from Religious Education and Amendment of UNCRC Compatibility Duty) ("" [activity, not direction] | 2026-01-29 VOTE NO: S6M-20611.1 (Business Programme) [no meaning line -- not placed] | 2025-12-16 VOTE NO: S6M-20135 (Motion of No Confidence) [no meaning line -- not placed] | 2025-12-11 VOTE YES: S6M-20099 (Children (Withdrawal from Religious Education an) [no meaning line -- not placed] | 2025-12-03 VOTE YES: S6M-19980.2 (Transparency in Tackling Group-based Child"
Fulton MacGregor (Scottish National Party) - Coatbridge and Chryston,,,,,x,,"a vote, 7 months ago","strong (recorded vote, human-confirmed meaning line)",20,,"2026-03-04 MOTION CO-SIGNED S6M-20992: Recognising Scottish Apprenticeship Week from 2 to 6 [no meaning line -- not placed] | 2026-02-17 VOTE YES: S6M-20813 (Children (Withdrawal from Religious Education an) [-2: Voted to pass the Bill narrowing the parental conscience clause: withdrawal from religious and moral education] | 2026-01-29 VOTE NO: S6M-20611.1 (Business Programme) [no meaning line -- not placed] | 2025-12-16 VOTE NO: S6M-20135 (Motion of No Confidence) [no meaning line -- not placed] | 2025-12-11 VOTE YES: S6M-20099 (Children (Withdrawal from Religious Education an) [no meaning line -- not placed] | 2025-12-03 VOTE YES: S6M-19980.2 (Transparency in Tackling Group-based Child Sexua) [no meaning line -- not placed] | 2025-12-03 VOTE YES: S6M-19980 (Transparency in Tackling Group-based Child Sexua) [diverged from own party's majority] [no meaning line -- not placed] | 2025-12-03 VOTE NO: S6M-19980.1 (Transparency in Tackling Group-based Child Sexua) [diverged from own party's majority] [no meaning line -- not placed] | 2025-12-02 VOTE NO: S6M-19970.2 (Uniting Local and National Efforts Across Sector) [diverged from own party's majority] [-1: Voted down the amendment carrying Supreme Court sex-definition compliance and the grooming gangs inquiry call.] | 2025-11-25 VOTE YES: S6M-19866 (Children (Withdrawal from Religious Education an) [-1: Supported the general principles of the Bill narrowing the parental conscience clause at Stage 1.] | 2025-11-11 MOTION CO-SIGNED S6M-19665: Congratulating Evie, Poppy and Violet on Being Inclu [no meaning line -- not placed] | 2025-06-26 VOTE YES: S6M-18081 (Children’s Wellbeing and Schools Bill - UK Legis) [no meaning line -- not placed] | 2025-06-16 MOTION CO-SIGNED S6M-17985: 25th Anniversary of the Repeal of Section 28 [n"
Colin Beattie (Scottish National Party) - Midlothian North and Musselburgh,,,,,x,,"a vote, 7 months ago","strong (recorded vote, human-confirmed meaning line)",16,,"2026-03-04 MOTION CO-SIGNED S6M-20992: Recognising Scottish Apprenticeship Week from 2 to 6 [no meaning line -- not placed] | 2026-02-17 VOTE YES: S6M-20813 (Children (Withdrawal from Religious Education an) [-2: Voted to pass the Bill narrowing the parental conscience clause: withdrawal from religious and moral education] | 2026-01-29 VOTE NO: S6M-20611.1 (Business Programme) [no meaning line -- not placed] | 2025-12-16 VOTE NO: S6M-20135 (Motion of No Confidence) [no meaning line -- not placed] | 2025-12-11 VOTE YES: S6M-20099 (Children (Withdrawal from Religious Education an) [no meaning line -- not placed] | 2025-12-03 VOTE YES: S6M-19980.2 (Transparency in Tackling Group-based Child Sexua) [no meaning line -- not placed] | 2025-12-03 VOTE YES: S6M-19980 (Transparency in Tackling Group-based Child Sexua) [diverged from own party's majority] [no meaning line -- not placed] | 2025-12-03 VOTE NO: S6M-19980.1 (Transparency in Tackling Group-based Child Sexua) [diverged from own party's majority] [no meaning line -- not placed] | 2025-12-02 VOTE NO: S6M-19970.2 (Uniting Local and National Efforts Across Sector) [diverged from own party's majority] [-1: Voted down the amendment carrying Supreme Court sex-definition compliance and the grooming gangs inquiry call.] | 2025-11-25 VOTE YES: S6M-19866 (Children (Withdrawal from Religious Education an) [-1: Supported the general principles of the Bill narrowing the parental conscience clause at Stage 1.] | 2025-11-11 MOTION CO-SIGNED S6M-19665: Congratulating Evie, Poppy and Violet on Being Inclu [no meaning line -- not placed] | 2025-06-26 VOTE YES: S6M-18081 (Children’s Wellbeing and Schools Bill - UK Legis) [no meaning line -- not placed] | 2025-06-16 MOTION CO-SIGNED S6M-17985: 25th Anniversary of the Repeal of Section 28 [n"
Stuart McMillan (Scottish National Party) - Greenock and Inverclyde,,,,,x,,"a vote, 7 months ago","strong (recorded vote, human-confirmed meaning line)",15,,"2026-03-04 MOTION CO-SIGNED S6M-20992: Recognising Scottish Apprenticeship Week from 2 to 6 [no meaning line -- not placed] | 2026-02-17 VOTE YES: S6M-20813 (Children (Withdrawal from Religious Education an) [-2: Voted to pass the Bill narrowing the parental conscience clause: withdrawal from religious and moral education] | 2026-01-29 VOTE NO: S6M-20611.1 (Business Programme) [no meaning line -- not placed] | 2025-12-16 VOTE NO: S6M-20135 (Motion of No Confidence) [no meaning line -- not placed] | 2025-12-11 VOTE YES: S6M-20099 (Children (Withdrawal from Religious Education an) [no meaning line -- not placed] | 2025-12-03 VOTE YES: S6M-19980.2 (Transparency in Tackling Group-based Child Sexua) [no meaning line -- not placed] | 2025-12-03 VOTE YES: S6M-19980 (Transparency in Tackling Group-based Child Sexua) [diverged from own party's majority] [no meaning line -- not placed] | 2025-12-03 VOTE NO: S6M-19980.1 (Transparency in Tackling Group-based Child Sexua) [diverged from own party's majority] [no meaning line -- not placed] | 2025-12-02 VOTE NO: S6M-19970.2 (Uniting Local and National Efforts Across Sector) [diverged from own party's majority] [-1: Voted down the amendment carrying Supreme Court sex-definition compliance and the grooming gangs inquiry call.] | 2025-11-25 VOTE YES: S6M-19866 (Children (Withdrawal from Religious Education an) [-1: Supported the general principles of the Bill narrowing the parental conscience clause at Stage 1.] | 2025-11-11 MOTION CO-SIGNED S6M-19665: Congratulating Evie, Poppy and Violet on Being Inclu [no meaning line -- not placed] | 2025-06-26 VOTE YES: S6M-18081 (Children’s Wellbeing and Schools Bill - UK Legis) [no meaning line -- not placed] | 2025-06-16 MOTION CO-SIGNED S6M-17985: 25th Anniversary of the Repeal of Section 28 [n"
Ben Macpherson (Scottish National Party) - Edinburgh Northern and Leith,,,,,x,,"a vote, 7 months ago","strong (recorded vote, human-confirmed meaning line)",14,,2026-02-17 VOTE YES: S6M-20813 (Children (Withdrawal from Religious Education an) [-2: Voted to pass the Bill narrowing the parental conscience clause: withdrawal from religious and moral education] | 2026-02-16 MOTION CO-SIGNED S6M-20813: Children (Withdrawal from Religious Education and Am [no meaning line -- not placed] | 2026-01-29 VOTE NO: S6M-20611.1 (Business Programme) [no meaning line -- not placed] | 2025-12-16 VOTE NO: S6M-20135 (Motion of No Confidence) [no meaning line -- not placed] | 2025-12-11 VOTE YES: S6M-20099 (Children (Withdrawal from Religious Education an) [no meaning line -- not placed] | 2025-12-03 VOTE YES: S6M-19980.2 (Transparency in Tackling Group-based Child Sexua) [no meaning line -- not placed] | 2025-12-03 VOTE YES: S6M-19980 (Transparency in Tackling Group-based Child Sexua) [diverged from own party's majority] [no meaning line -- not placed] | 2025-12-03 VOTE NO: S6M-19980.1 (Transparency in Tackling Group-based Child Sexua) [diverged from own party's majority] [no meaning line -- not placed] | 2025-12-02 VOTE NO: S6M-19970.2 (Uniting Local and National Efforts Across Sector) [diverged from own party's majority] [-1: Voted down the amendment carrying Supreme Court sex-definition compliance and the grooming gangs inquiry call.] | 2025-11-25 VOTE YES: S6M-19866 (Children (Withdrawal from Religious Education an) [-1: Supported the general principles of the Bill narrowing the parental conscience clause at Stage 1.] | 2025-11-21 MOTION CO-SIGNED S6M-19866: Children (Withdrawal from Religious Education and Am [no meaning line -- not placed] | 2025-06-26 VOTE YES: S6M-18081 (Children’s Wellbeing and Schools Bill - UK Legis) [no meaning line -- not placed] | 2025-06-16 MOTION CO-SIGNED S6M-17985: 25th Anniversary of the Repeal of Section 28 [n
Clare Adamson (Scottish National Party) - Motherwell and Wishaw,,,,,x,,"a vote, 7 months ago","strong (recorded vote, human-confirmed meaning line)",14,,"2026-02-17 VOTE YES: S6M-20813 (Children (Withdrawal from Religious Education an) [-2: Voted to pass the Bill narrowing the parental conscience clause: withdrawal from religious and moral education] | 2026-01-29 VOTE NO: S6M-20611.1 (Business Programme) [no meaning line -- not placed] | 2025-12-16 VOTE NO: S6M-20135 (Motion of No Confidence) [no meaning line -- not placed] | 2025-12-11 VOTE YES: S6M-20099 (Children (Withdrawal from Religious Education an) [no meaning line -- not placed] | 2025-12-03 VOTE YES: S6M-19980.2 (Transparency in Tackling Group-based Child Sexua) [no meaning line -- not placed] | 2025-12-03 VOTE YES: S6M-19980 (Transparency in Tackling Group-based Child Sexua) [diverged from own party's majority] [no meaning line -- not placed] | 2025-12-03 VOTE NO: S6M-19980.1 (Transparency in Tackling Group-based Child Sexua) [diverged from own party's majority] [no meaning line -- not placed] | 2025-12-02 VOTE NO: S6M-19970.2 (Uniting Local and National Efforts Across Sector) [diverged from own party's majority] [-1: Voted down the amendment carrying Supreme Court sex-definition compliance and the grooming gangs inquiry call.] | 2025-11-25 VOTE YES: S6M-19866 (Children (Withdrawal from Religious Education an) [-1: Supported the general principles of the Bill narrowing the parental conscience clause at Stage 1.] | 2025-11-11 MOTION CO-SIGNED S6M-19665: Congratulating Evie, Poppy and Violet on Being Inclu [no meaning line -- not placed] | 2025-06-26 VOTE YES: S6M-18081 (Children’s Wellbeing and Schools Bill - UK Legis) [no meaning line -- not placed] | 2024-04-17 MOTION CO-SIGNED S6M-12892: Royal Society of Edinburgh Recognises Dundee Scienti [no meaning line -- not placed] | 2024-01-30 SPOKE: European Union ""A series of 10 events has now been held by the RSE a"
Jamie Hepburn (Scottish National Party) - Cumbernauld and Kilsyth,,,,,x,,"a vote, 7 months ago","strong (recorded vote, human-confirmed meaning line)",14,,"2026-02-17 VOTE YES: S6M-20813 (Children (Withdrawal from Religious Education an) [-2: Voted to pass the Bill narrowing the parental conscience clause: withdrawal from religious and moral education] | 2026-01-29 VOTE NO: S6M-20611.1 (Business Programme) [no meaning line -- not placed] | 2025-12-16 VOTE NO: S6M-20135 (Motion of No Confidence) [no meaning line -- not placed] | 2025-12-11 VOTE YES: S6M-20099 (Children (Withdrawal from Religious Education an) [no meaning line -- not placed] | 2025-12-03 VOTE YES: S6M-19980.2 (Transparency in Tackling Group-based Child Sexua) [no meaning line -- not placed] | 2025-12-03 VOTE YES: S6M-19980 (Transparency in Tackling Group-based Child Sexua) [diverged from own party's majority] [no meaning line -- not placed] | 2025-12-03 VOTE NO: S6M-19980.1 (Transparency in Tackling Group-based Child Sexua) [diverged from own party's majority] [no meaning line -- not placed] | 2025-12-02 VOTE NO: S6M-19970.2 (Uniting Local and National Efforts Across Sector) [diverged from own party's majority] [-1: Voted down the amendment carrying Supreme Court sex-definition compliance and the grooming gangs inquiry call.] | 2025-11-25 VOTE YES: S6M-19866 (Children (Withdrawal from Religious Education an) [-1: Supported the general principles of the Bill narrowing the parental conscience clause at Stage 1.] | 2025-11-11 MOTION CO-SIGNED S6M-19665: Congratulating Evie, Poppy and Violet on Being Inclu [no meaning line -- not placed] | 2025-09-02 MOTION PROPOSED S6M-18698: Stage 1 Timetable [no meaning line -- not placed] | 2025-06-26 VOTE YES: S6M-18081 (Children’s Wellbeing and Schools Bill - UK Legis) [no meaning line -- not placed] | 2025-06-17 MOTION PROPOSED S6M-18003: Business Programme [no meaning line -- not placed] | 2025-05-06 MOTION PROPOSED S6M-"
Kenneth Gibson (No Party Affiliation) - Cunninghame North,,,,,x,,"a vote, 7 months ago","strong (recorded vote, human-confirmed meaning line)",14,,2026-03-04 MOTION CO-SIGNED S6M-20992: Recognising Scottish Apprenticeship Week from 2 to 6 [no meaning line -- not placed] | 2026-02-17 VOTE YES: S6M-20813 (Children (Withdrawal from Religious Education an) [-2: Voted to pass the Bill narrowing the parental conscience clause: withdrawal from religious and moral education] | 2026-01-29 VOTE NO: S6M-20611.1 (Business Programme) [no meaning line -- not placed] | 2025-12-16 VOTE NO: S6M-20135 (Motion of No Confidence) [no meaning line -- not placed] | 2025-12-11 VOTE YES: S6M-20099 (Children (Withdrawal from Religious Education an) [no meaning line -- not placed] | 2025-12-03 VOTE YES: S6M-19980.2 (Transparency in Tackling Group-based Child Sexua) [no meaning line -- not placed] | 2025-12-03 VOTE YES: S6M-19980 (Transparency in Tackling Group-based Child Sexua) [diverged from own party's majority] [no meaning line -- not placed] | 2025-12-03 VOTE NO: S6M-19980.1 (Transparency in Tackling Group-based Child Sexua) [diverged from own party's majority] [no meaning line -- not placed] | 2025-12-02 VOTE NO: S6M-19970.2 (Uniting Local and National Efforts Across Sector) [diverged from own party's majority] [-1: Voted down the amendment carrying Supreme Court sex-definition compliance and the grooming gangs inquiry call.] | 2025-11-25 VOTE YES: S6M-19866 (Children (Withdrawal from Religious Education an) [-1: Supported the general principles of the Bill narrowing the parental conscience clause at Stage 1.] | 2025-06-26 VOTE YES: S6M-18081 (Children’s Wellbeing and Schools Bill - UK Legis) [no meaning line -- not placed] | 2025-06-16 MOTION CO-SIGNED S6M-17985: 25th Anniversary of the Repeal of Section 28 [no meaning line -- not placed] | 2024-04-17 MOTION CO-SIGNED S6M-12892: Royal Society of Edinburgh Recognises Dundee Scienti [n
Angela Constance (Scottish National Party) - Almond Valley,,,,,x,,"a vote, 7 months ago","strong (recorded vote, human-confirmed meaning line)",13,,"2026-03-23 MOTION PROPOSED S6M-21179: Crime and Policing Bill - UK Legislation [no meaning line -- not placed] | 2026-02-25 SPOKE: Criminal Justice Committee -- Crime and Poli ""Thank you, convener. I welcome the opportunity to discuss the supplementary legislative co"" [activity, not direction] | 2026-02-17 VOTE YES: S6M-20813 (Children (Withdrawal from Religious Education an) [-2: Voted to pass the Bill narrowing the parental conscience clause: withdrawal from religious and moral education] | 2026-01-29 VOTE NO: S6M-20611.1 (Business Programme) [no meaning line -- not placed] | 2025-12-16 VOTE NO: S6M-20135 (Motion of No Confidence) [no meaning line -- not placed] | 2025-12-11 VOTE NOT VOTED: S6M-20099 (Children (Withdrawal from Religious Education an) [absence/abstention -- not placed] | 2025-12-03 VOTE YES: S6M-19980.2 (Transparency in Tackling Group-based Child Sexua) [no meaning line -- not placed] | 2025-12-03 VOTE YES: S6M-19980 (Transparency in Tackling Group-based Child Sexua) [diverged from own party's majority] [no meaning line -- not placed] | 2025-12-03 VOTE NO: S6M-19980.1 (Transparency in Tackling Group-based Child Sexua) [diverged from own party's majority] [no meaning line -- not placed] | 2025-12-03 SPOKE: Group-based Child Sexual Exploitation and Ab ""I am grateful to Martin Whitfield for giving way. I advise him and others that, when I loo"" [activity, not direction] | 2025-12-02 VOTE NO: S6M-19970.2 (Uniting Local and National Efforts Across Sector) [diverged from own party's majority] [-1: Voted down the amendment carrying Supreme Court sex-definition compliance and the grooming gangs inquiry call.] | 2025-11-25 VOTE YES: S6M-19866 (Children (Withdrawal from Religious Education an) [-1: Supported the general principles of the Bill narrowing the parent"
Jackie Dunbar (Scottish National Party) - Aberdeen Donside,,,,,x,,"a vote, 7 months ago","strong (recorded vote, human-confirmed meaning line)",13,,"2026-02-17 VOTE YES: S6M-20813 (Children (Withdrawal from Religious Education an) [-2: Voted to pass the Bill narrowing the parental conscience clause: withdrawal from religious and moral education] | 2026-01-29 VOTE NO: S6M-20611.1 (Business Programme) [no meaning line -- not placed] | 2025-12-16 VOTE NO: S6M-20135 (Motion of No Confidence) [no meaning line -- not placed] | 2025-12-11 VOTE YES: S6M-20099 (Children (Withdrawal from Religious Education an) [no meaning line -- not placed] | 2025-12-03 VOTE YES: S6M-19980.2 (Transparency in Tackling Group-based Child Sexua) [no meaning line -- not placed] | 2025-12-03 VOTE YES: S6M-19980 (Transparency in Tackling Group-based Child Sexua) [diverged from own party's majority] [no meaning line -- not placed] | 2025-12-03 VOTE NO: S6M-19980.1 (Transparency in Tackling Group-based Child Sexua) [diverged from own party's majority] [no meaning line -- not placed] | 2025-12-02 VOTE NO: S6M-19970.2 (Uniting Local and National Efforts Across Sector) [diverged from own party's majority] [-1: Voted down the amendment carrying Supreme Court sex-definition compliance and the grooming gangs inquiry call.] | 2025-11-25 VOTE YES: S6M-19866 (Children (Withdrawal from Religious Education an) [-1: Supported the general principles of the Bill narrowing the parental conscience clause at Stage 1.] | 2025-11-11 MOTION CO-SIGNED S6M-19665: Congratulating Evie, Poppy and Violet on Being Inclu [no meaning line -- not placed] | 2025-06-26 VOTE YES: S6M-18081 (Children’s Wellbeing and Schools Bill - UK Legis) [no meaning line -- not placed] | 2025-06-24 SPOKE: Education (Scotland) Bill: Stage 3 ""Has the member engaged with people in the home education community on what he is putting f"" [activity, not direction] | 2025-06-16 MOTION CO-SIGNED S6M-17985:"
Ivan McKee (Scottish National Party) - Glasgow Provan,,,,,x,,"a vote, 7 months ago","strong (recorded vote, human-confirmed meaning line)",12,,2026-02-17 VOTE YES: S6M-20813 (Children (Withdrawal from Religious Education an) [-2: Voted to pass the Bill narrowing the parental conscience clause: withdrawal from religious and moral education] | 2026-01-29 VOTE NO: S6M-20611.1 (Business Programme) [no meaning line -- not placed] | 2025-12-16 VOTE NO: S6M-20135 (Motion of No Confidence) [no meaning line -- not placed] | 2025-12-11 VOTE NOT VOTED: S6M-20099 (Children (Withdrawal from Religious Education an) [absence/abstention -- not placed] | 2025-12-03 VOTE YES: S6M-19980.2 (Transparency in Tackling Group-based Child Sexua) [no meaning line -- not placed] | 2025-12-03 VOTE YES: S6M-19980 (Transparency in Tackling Group-based Child Sexua) [diverged from own party's majority] [no meaning line -- not placed] | 2025-12-03 VOTE NO: S6M-19980.1 (Transparency in Tackling Group-based Child Sexua) [diverged from own party's majority] [no meaning line -- not placed] | 2025-12-02 VOTE NO: S6M-19970.2 (Uniting Local and National Efforts Across Sector) [diverged from own party's majority] [-1: Voted down the amendment carrying Supreme Court sex-definition compliance and the grooming gangs inquiry call.] | 2025-11-25 VOTE YES: S6M-19866 (Children (Withdrawal from Religious Education an) [-1: Supported the general principles of the Bill narrowing the parental conscience clause at Stage 1.] | 2025-06-26 VOTE NOT VOTED: S6M-18081 (Children’s Wellbeing and Schools Bill - UK Legis) [absence/abstention -- not placed] | 2024-04-17 MOTION CO-SIGNED S6M-12892: Royal Society of Edinburgh Recognises Dundee Scienti [no meaning line -- not placed] | 2024-01-12 MOTION CO-SIGNED S6M-11864: The Economic Contribution of the Third Sector in Sco [no meaning line -- not placed]
Keith Brown (Scottish National Party) - Clackmannanshire and Dunblane,,,,,x,,"a vote, 7 months ago","strong (recorded vote, human-confirmed meaning line)",12,,"2026-02-17 VOTE YES: S6M-20813 (Children (Withdrawal from Religious Education an) [-2: Voted to pass the Bill narrowing the parental conscience clause: withdrawal from religious and moral education] | 2026-02-17 SPOKE: Children (Withdrawal from Religious Educatio ""Children (Withdrawal from Religious Education and Amendment of UNCRC Compatibility Duty) ("" [activity, not direction] | 2026-01-29 VOTE NO: S6M-20611.1 (Business Programme) [no meaning line -- not placed] | 2026-01-08 SPOKE: Constitution, Europe, External Affairs and C ""This is my last comment—it is not a question. In 2002, the Scottish Executive held a consu"" [activity, not direction] | 2025-12-16 VOTE NO: S6M-20135 (Motion of No Confidence) [no meaning line -- not placed] | 2025-12-11 VOTE NOT VOTED: S6M-20099 (Children (Withdrawal from Religious Education an) [absence/abstention -- not placed] | 2025-12-03 VOTE YES: S6M-19980.2 (Transparency in Tackling Group-based Child Sexua) [no meaning line -- not placed] | 2025-12-03 VOTE YES: S6M-19980 (Transparency in Tackling Group-based Child Sexua) [diverged from own party's majority] [no meaning line -- not placed] | 2025-12-03 VOTE NO: S6M-19980.1 (Transparency in Tackling Group-based Child Sexua) [diverged from own party's majority] [no meaning line -- not placed] | 2025-12-02 VOTE NO: S6M-19970.2 (Uniting Local and National Efforts Across Sector) [diverged from own party's majority] [-1: Voted down the amendment carrying Supreme Court sex-definition compliance and the grooming gangs inquiry call.] | 2025-11-25 VOTE YES: S6M-19866 (Children (Withdrawal from Religious Education an) [-1: Supported the general principles of the Bill narrowing the parental conscience clause at Stage 1.] | 2025-06-26 VOTE YES: S6M-18081 (Children’s Wellbeing and Schools Bill - UK Le"
Bob Doris (Scottish National Party) - Glasgow Maryhill and Springburn,,,,,x,,"a vote, 7 months ago","strong (recorded vote, human-confirmed meaning line)",11,,2026-02-17 VOTE YES: S6M-20813 (Children (Withdrawal from Religious Education an) [-2: Voted to pass the Bill narrowing the parental conscience clause: withdrawal from religious and moral education] | 2026-01-29 VOTE NO: S6M-20611.1 (Business Programme) [no meaning line -- not placed] | 2025-12-16 VOTE NO: S6M-20135 (Motion of No Confidence) [no meaning line -- not placed] | 2025-12-11 VOTE YES: S6M-20099 (Children (Withdrawal from Religious Education an) [no meaning line -- not placed] | 2025-12-03 VOTE YES: S6M-19980.2 (Transparency in Tackling Group-based Child Sexua) [no meaning line -- not placed] | 2025-12-03 VOTE YES: S6M-19980 (Transparency in Tackling Group-based Child Sexua) [diverged from own party's majority] [no meaning line -- not placed] | 2025-12-03 VOTE NO: S6M-19980.1 (Transparency in Tackling Group-based Child Sexua) [diverged from own party's majority] [no meaning line -- not placed] | 2025-12-02 VOTE NO: S6M-19970.2 (Uniting Local and National Efforts Across Sector) [diverged from own party's majority] [-1: Voted down the amendment carrying Supreme Court sex-definition compliance and the grooming gangs inquiry call.] | 2025-11-25 VOTE YES: S6M-19866 (Children (Withdrawal from Religious Education an) [-1: Supported the general principles of the Bill narrowing the parental conscience clause at Stage 1.] | 2025-06-26 VOTE YES: S6M-18081 (Children’s Wellbeing and Schools Bill - UK Legis) [no meaning line -- not placed] | 2025-06-16 MOTION CO-SIGNED S6M-17985: 25th Anniversary of the Repeal of Section 28 [no meaning line -- not placed]
Clare Haughey (Scottish National Party) - Rutherglen,,,,,x,,"a vote, 7 months ago","strong (recorded vote, human-confirmed meaning line)",11,,"MIXED RECORD: directional evidence on both sides -- read the acts, not the column | 2026-02-17 VOTE YES: S6M-20813 (Children (Withdrawal from Religious Education an) [-2: Voted to pass the Bill narrowing the parental conscience clause: withdrawal from religious and moral education] | 2026-01-29 VOTE NO: S6M-20611.1 (Business Programme) [no meaning line -- not placed] | 2025-12-16 VOTE NO: S6M-20135 (Motion of No Confidence) [no meaning line -- not placed] | 2025-12-11 VOTE YES: S6M-20099 (Children (Withdrawal from Religious Education an) [no meaning line -- not placed] | 2025-12-03 VOTE YES: S6M-19980.2 (Transparency in Tackling Group-based Child Sexua) [no meaning line -- not placed] | 2025-12-03 VOTE YES: S6M-19980 (Transparency in Tackling Group-based Child Sexua) [diverged from own party's majority] [no meaning line -- not placed] | 2025-12-03 VOTE NO: S6M-19980.1 (Transparency in Tackling Group-based Child Sexua) [diverged from own party's majority] [no meaning line -- not placed] | 2025-12-02 VOTE NO: S6M-19970.2 (Uniting Local and National Efforts Across Sector) [diverged from own party's majority] [-1: Voted down the amendment carrying Supreme Court sex-definition compliance and the grooming gangs inquiry call.] | 2025-11-25 VOTE NO: S6M-19866 (Children (Withdrawal from Religious Education an) [+1: Opposed the Bill's general principles at Stage 1 -- before amendment, on the principle itself.] | 2025-06-26 VOTE YES: S6M-18081 (Children’s Wellbeing and Schools Bill - UK Legis) [no meaning line -- not placed] | 2025-06-16 MOTION CO-SIGNED S6M-17985: 25th Anniversary of the Repeal of Section 28 [no meaning line -- not placed]"
Emma Roddick (Scottish National Party) - Highlands and Islands,,,,,x,,"a vote, 7 months ago","strong (recorded vote, human-confirmed meaning line)",11,,"2026-02-17 VOTE YES: S6M-20813 (Children (Withdrawal from Religious Education an) [-2: Voted to pass the Bill narrowing the parental conscience clause: withdrawal from religious and moral education] | 2026-01-29 VOTE NO: S6M-20611.1 (Business Programme) [no meaning line -- not placed] | 2025-12-16 VOTE NO: S6M-20135 (Motion of No Confidence) [no meaning line -- not placed] | 2025-12-11 VOTE YES: S6M-20099 (Children (Withdrawal from Religious Education an) [no meaning line -- not placed] | 2025-12-03 VOTE YES: S6M-19980.2 (Transparency in Tackling Group-based Child Sexua) [no meaning line -- not placed] | 2025-12-03 VOTE YES: S6M-19980 (Transparency in Tackling Group-based Child Sexua) [diverged from own party's majority] [no meaning line -- not placed] | 2025-12-03 VOTE NO: S6M-19980.1 (Transparency in Tackling Group-based Child Sexua) [diverged from own party's majority] [no meaning line -- not placed] | 2025-12-02 VOTE NO: S6M-19970.2 (Uniting Local and National Efforts Across Sector) [diverged from own party's majority] [-1: Voted down the amendment carrying Supreme Court sex-definition compliance and the grooming gangs inquiry call.] | 2025-11-25 VOTE NOT VOTED: S6M-19866 (Children (Withdrawal from Religious Education an) [absence/abstention -- not placed] | 2025-09-18 SPOKE: Portfolio Question Time ""To ask the Scottish Government for what reason the Children (Withdrawal from Religious Edu"" [activity, not direction] | 2025-06-26 VOTE YES: S6M-18081 (Children’s Wellbeing and Schools Bill - UK Legis) [no meaning line -- not placed]"
George Adam (Scottish National Party) - Paisley,,,,,x,,"a vote, 7 months ago","strong (recorded vote, human-confirmed meaning line)",11,,2026-02-17 VOTE YES: S6M-20813 (Children (Withdrawal from Religious Education an) [-2: Voted to pass the Bill narrowing the parental conscience clause: withdrawal from religious and moral education] | 2026-01-29 VOTE NO: S6M-20611.1 (Business Programme) [no meaning line -- not placed] | 2025-12-16 VOTE NO: S6M-20135 (Motion of No Confidence) [no meaning line -- not placed] | 2025-12-11 VOTE YES: S6M-20099 (Children (Withdrawal from Religious Education an) [no meaning line -- not placed] | 2025-12-03 VOTE YES: S6M-19980.2 (Transparency in Tackling Group-based Child Sexua) [no meaning line -- not placed] | 2025-12-03 VOTE YES: S6M-19980 (Transparency in Tackling Group-based Child Sexua) [diverged from own party's majority] [no meaning line -- not placed] | 2025-12-03 VOTE NO: S6M-19980.1 (Transparency in Tackling Group-based Child Sexua) [diverged from own party's majority] [no meaning line -- not placed] | 2025-12-02 VOTE NO: S6M-19970.2 (Uniting Local and National Efforts Across Sector) [diverged from own party's majority] [-1: Voted down the amendment carrying Supreme Court sex-definition compliance and the grooming gangs inquiry call.] | 2025-11-25 VOTE YES: S6M-19866 (Children (Withdrawal from Religious Education an) [-1: Supported the general principles of the Bill narrowing the parental conscience clause at Stage 1.] | 2025-06-26 VOTE YES: S6M-18081 (Children’s Wellbeing and Schools Bill - UK Legis) [no meaning line -- not placed] | 2025-06-16 MOTION CO-SIGNED S6M-17985: 25th Anniversary of the Repeal of Section 28 [no meaning line -- not placed]
Jim Fairlie (Scottish National Party) - Perthshire South and Kinross-shire,,,,,x,,"a vote, 7 months ago","strong (recorded vote, human-confirmed meaning line)",11,,2026-02-17 VOTE YES: S6M-20813 (Children (Withdrawal from Religious Education an) [-2: Voted to pass the Bill narrowing the parental conscience clause: withdrawal from religious and moral education] | 2026-01-29 VOTE NO: S6M-20611.1 (Business Programme) [no meaning line -- not placed] | 2025-12-16 VOTE NO: S6M-20135 (Motion of No Confidence) [no meaning line -- not placed] | 2025-12-11 VOTE YES: S6M-20099 (Children (Withdrawal from Religious Education an) [no meaning line -- not placed] | 2025-12-03 VOTE YES: S6M-19980.2 (Transparency in Tackling Group-based Child Sexua) [no meaning line -- not placed] | 2025-12-03 VOTE YES: S6M-19980 (Transparency in Tackling Group-based Child Sexua) [diverged from own party's majority] [no meaning line -- not placed] | 2025-12-03 VOTE NO: S6M-19980.1 (Transparency in Tackling Group-based Child Sexua) [diverged from own party's majority] [no meaning line -- not placed] | 2025-12-02 VOTE NO: S6M-19970.2 (Uniting Local and National Efforts Across Sector) [diverged from own party's majority] [-1: Voted down the amendment carrying Supreme Court sex-definition compliance and the grooming gangs inquiry call.] | 2025-11-25 VOTE YES: S6M-19866 (Children (Withdrawal from Religious Education an) [-1: Supported the general principles of the Bill narrowing the parental conscience clause at Stage 1.] | 2025-06-26 VOTE YES: S6M-18081 (Children’s Wellbeing and Schools Bill - UK Legis) [no meaning line -- not placed] | 2024-01-12 MOTION CO-SIGNED S6M-11864: The Economic Contribution of the Third Sector in Sco [no meaning line -- not placed]
"Maree Todd (Scottish National Party) - Caithness, Sutherland and Ross",,,,,x,,"a vote, 7 months ago","strong (recorded vote, human-confirmed meaning line)",11,,"2026-02-17 VOTE YES: S6M-20813 (Children (Withdrawal from Religious Education an) [-2: Voted to pass the Bill narrowing the parental conscience clause: withdrawal from religious and moral education] | 2026-02-17 SPOKE: Children (Withdrawal from Religious Educatio ""Children (Withdrawal from Religious Education and Amendment of UNCRC Compatibility Duty) ("" [activity, not direction] | 2026-01-29 VOTE NO: S6M-20611.1 (Business Programme) [no meaning line -- not placed] | 2025-12-16 VOTE NO: S6M-20135 (Motion of No Confidence) [no meaning line -- not placed] | 2025-12-11 VOTE YES: S6M-20099 (Children (Withdrawal from Religious Education an) [no meaning line -- not placed] | 2025-12-03 VOTE YES: S6M-19980.2 (Transparency in Tackling Group-based Child Sexua) [no meaning line -- not placed] | 2025-12-03 VOTE YES: S6M-19980 (Transparency in Tackling Group-based Child Sexua) [diverged from own party's majority] [no meaning line -- not placed] | 2025-12-03 VOTE NO: S6M-19980.1 (Transparency in Tackling Group-based Child Sexua) [diverged from own party's majority] [no meaning line -- not placed] | 2025-12-02 VOTE NO: S6M-19970.2 (Uniting Local and National Efforts Across Sector) [diverged from own party's majority] [-1: Voted down the amendment carrying Supreme Court sex-definition compliance and the grooming gangs inquiry call.] | 2025-11-25 VOTE YES: S6M-19866 (Children (Withdrawal from Religious Education an) [-1: Supported the general principles of the Bill narrowing the parental conscience clause at Stage 1.] | 2025-06-26 VOTE YES: S6M-18081 (Children’s Wellbeing and Schools Bill - UK Legis) [no meaning line -- not placed]"
Neil Gray (Scottish National Party) - Airdrie and Shotts,,,,,x,,"a vote, 7 months ago","strong (recorded vote, human-confirmed meaning line)",11,,"2026-02-17 VOTE YES: S6M-20813 (Children (Withdrawal from Religious Education an) [-2: Voted to pass the Bill narrowing the parental conscience clause: withdrawal from religious and moral education] | 2026-02-17 SPOKE: Children (Withdrawal from Religious Educatio ""Children (Withdrawal from Religious Education and Amendment of UNCRC Compatibility Duty) ("" [activity, not direction] | 2026-01-29 VOTE NO: S6M-20611.1 (Business Programme) [no meaning line -- not placed] | 2025-12-16 VOTE NO: S6M-20135 (Motion of No Confidence) [no meaning line -- not placed] | 2025-12-11 VOTE YES: S6M-20099 (Children (Withdrawal from Religious Education an) [no meaning line -- not placed] | 2025-12-03 VOTE YES: S6M-19980.2 (Transparency in Tackling Group-based Child Sexua) [no meaning line -- not placed] | 2025-12-03 VOTE YES: S6M-19980 (Transparency in Tackling Group-based Child Sexua) [diverged from own party's majority] [no meaning line -- not placed] | 2025-12-03 VOTE NO: S6M-19980.1 (Transparency in Tackling Group-based Child Sexua) [diverged from own party's majority] [no meaning line -- not placed] | 2025-12-02 VOTE NO: S6M-19970.2 (Uniting Local and National Efforts Across Sector) [diverged from own party's majority] [-1: Voted down the amendment carrying Supreme Court sex-definition compliance and the grooming gangs inquiry call.] | 2025-11-25 VOTE YES: S6M-19866 (Children (Withdrawal from Religious Education an) [-1: Supported the general principles of the Bill narrowing the parental conscience clause at Stage 1.] | 2025-06-26 VOTE NOT VOTED: S6M-18081 (Children’s Wellbeing and Schools Bill - UK Legis) [absence/abstention -- not placed]"
Shirley-Anne Somerville (Scottish National Party) - Dunfermline,,,,,x,,"a vote, 7 months ago","strong (recorded vote, human-confirmed meaning line)",11,,"2026-02-17 VOTE YES: S6M-20813 (Children (Withdrawal from Religious Education an) [-2: Voted to pass the Bill narrowing the parental conscience clause: withdrawal from religious and moral education] | 2026-02-17 SPOKE: Children (Withdrawal from Religious Educatio ""Children (Withdrawal from Religious Education and Amendment of UNCRC Compatibility Duty) ("" [activity, not direction] | 2026-01-29 VOTE NO: S6M-20611.1 (Business Programme) [no meaning line -- not placed] | 2025-12-16 VOTE NO: S6M-20135 (Motion of No Confidence) [no meaning line -- not placed] | 2025-12-11 VOTE YES: S6M-20099 (Children (Withdrawal from Religious Education an) [no meaning line -- not placed] | 2025-12-03 VOTE YES: S6M-19980.2 (Transparency in Tackling Group-based Child Sexua) [no meaning line -- not placed] | 2025-12-03 VOTE YES: S6M-19980 (Transparency in Tackling Group-based Child Sexua) [diverged from own party's majority] [no meaning line -- not placed] | 2025-12-03 VOTE NO: S6M-19980.1 (Transparency in Tackling Group-based Child Sexua) [diverged from own party's majority] [no meaning line -- not placed] | 2025-12-02 VOTE NO: S6M-19970.2 (Uniting Local and National Efforts Across Sector) [diverged from own party's majority] [-1: Voted down the amendment carrying Supreme Court sex-definition compliance and the grooming gangs inquiry call.] | 2025-11-25 VOTE YES: S6M-19866 (Children (Withdrawal from Religious Education an) [-1: Supported the general principles of the Bill narrowing the parental conscience clause at Stage 1.] | 2025-06-26 VOTE NOT VOTED: S6M-18081 (Children’s Wellbeing and Schools Bill - UK Legis) [absence/abstention -- not placed]"
Willie Rennie (Scottish Liberal Democrats) - North East Fife,,,,,x,,"a vote, 7 months ago","strong (recorded vote, human-confirmed meaning line)",11,,"2026-03-25 SPOKE: Mobile Phone Use in Schools (Ban) ""We have looked at the issue of mobile phones, and I have been clear about the damaging eff"" [activity, not direction] | 2026-02-17 VOTE YES: S6M-20813 (Children (Withdrawal from Religious Education an) [diverged from own party's majority] [-2: Voted to pass the Bill narrowing the parental conscience clause: withdrawal from religious and moral education] | 2026-01-29 VOTE NO: S6M-20611.1 (Business Programme) [no meaning line -- not placed] | 2025-12-16 VOTE YES: S6M-20135 (Motion of No Confidence) [no meaning line -- not placed] | 2025-12-11 VOTE NOT VOTED: S6M-20099 (Children (Withdrawal from Religious Education an) [diverged from own party's majority] [absence/abstention -- not placed] | 2025-12-03 VOTE YES: S6M-19980 (Transparency in Tackling Group-based Child Sexua) [diverged from own party's majority] [no meaning line -- not placed] | 2025-12-03 VOTE NO: S6M-19980.2 (Transparency in Tackling Group-based Child Sexua) [diverged from own party's majority] [no meaning line -- not placed] | 2025-12-03 VOTE NO: S6M-19980.1 (Transparency in Tackling Group-based Child Sexua) [diverged from own party's majority] [no meaning line -- not placed] | 2025-12-02 VOTE NO: S6M-19970.2 (Uniting Local and National Efforts Across Sector) [diverged from own party's majority] [-1: Voted down the amendment carrying Supreme Court sex-definition compliance and the grooming gangs inquiry call.] | 2025-11-25 VOTE NOT VOTED: S6M-19866 (Children (Withdrawal from Religious Education an) [diverged from own party's majority] [absence/abstention -- not placed] | 2025-06-26 VOTE YES: S6M-18081 (Children’s Wellbeing and Schools Bill - UK Legis) [diverged from own party's majority] [no meaning line -- not placed]"
Collette Stevenson (Scottish National Party) - East Kilbride,,,,,x,,"a vote, 7 months ago","strong (recorded vote, human-confirmed meaning line)",10,,2026-02-17 VOTE YES: S6M-20813 (Children (Withdrawal from Religious Education an) [-2: Voted to pass the Bill narrowing the parental conscience clause: withdrawal from religious and moral education] | 2026-01-29 VOTE NO: S6M-20611.1 (Business Programme) [no meaning line -- not placed] | 2025-12-16 VOTE NO: S6M-20135 (Motion of No Confidence) [no meaning line -- not placed] | 2025-12-11 VOTE YES: S6M-20099 (Children (Withdrawal from Religious Education an) [no meaning line -- not placed] | 2025-12-03 VOTE YES: S6M-19980.2 (Transparency in Tackling Group-based Child Sexua) [no meaning line -- not placed] | 2025-12-03 VOTE YES: S6M-19980 (Transparency in Tackling Group-based Child Sexua) [diverged from own party's majority] [no meaning line -- not placed] | 2025-12-03 VOTE NO: S6M-19980.1 (Transparency in Tackling Group-based Child Sexua) [diverged from own party's majority] [no meaning line -- not placed] | 2025-12-02 VOTE NO: S6M-19970.2 (Uniting Local and National Efforts Across Sector) [diverged from own party's majority] [-1: Voted down the amendment carrying Supreme Court sex-definition compliance and the grooming gangs inquiry call.] | 2025-11-25 VOTE YES: S6M-19866 (Children (Withdrawal from Religious Education an) [-1: Supported the general principles of the Bill narrowing the parental conscience clause at Stage 1.] | 2025-06-26 VOTE YES: S6M-18081 (Children’s Wellbeing and Schools Bill - UK Legis) [no meaning line -- not placed]
Gillian Martin (Scottish National Party) - Aberdeenshire East,,,,,x,,"a vote, 7 months ago","strong (recorded vote, human-confirmed meaning line)",10,,2026-02-17 VOTE YES: S6M-20813 (Children (Withdrawal from Religious Education an) [-2: Voted to pass the Bill narrowing the parental conscience clause: withdrawal from religious and moral education] | 2026-01-29 VOTE NO: S6M-20611.1 (Business Programme) [no meaning line -- not placed] | 2025-12-16 VOTE NO: S6M-20135 (Motion of No Confidence) [no meaning line -- not placed] | 2025-12-11 VOTE YES: S6M-20099 (Children (Withdrawal from Religious Education an) [no meaning line -- not placed] | 2025-12-03 VOTE YES: S6M-19980.2 (Transparency in Tackling Group-based Child Sexua) [no meaning line -- not placed] | 2025-12-03 VOTE YES: S6M-19980 (Transparency in Tackling Group-based Child Sexua) [diverged from own party's majority] [no meaning line -- not placed] | 2025-12-03 VOTE NO: S6M-19980.1 (Transparency in Tackling Group-based Child Sexua) [diverged from own party's majority] [no meaning line -- not placed] | 2025-12-02 VOTE NO: S6M-19970.2 (Uniting Local and National Efforts Across Sector) [diverged from own party's majority] [-1: Voted down the amendment carrying Supreme Court sex-definition compliance and the grooming gangs inquiry call.] | 2025-11-25 VOTE YES: S6M-19866 (Children (Withdrawal from Religious Education an) [-1: Supported the general principles of the Bill narrowing the parental conscience clause at Stage 1.] | 2025-06-26 VOTE YES: S6M-18081 (Children’s Wellbeing and Schools Bill - UK Legis) [no meaning line -- not placed]
Jenni Minto (Scottish National Party) - Argyll and Bute,,,,,x,,"a vote, 7 months ago","strong (recorded vote, human-confirmed meaning line)",10,,2026-02-17 VOTE YES: S6M-20813 (Children (Withdrawal from Religious Education an) [-2: Voted to pass the Bill narrowing the parental conscience clause: withdrawal from religious and moral education] | 2026-01-29 VOTE NO: S6M-20611.1 (Business Programme) [no meaning line -- not placed] | 2025-12-16 VOTE NO: S6M-20135 (Motion of No Confidence) [no meaning line -- not placed] | 2025-12-11 VOTE YES: S6M-20099 (Children (Withdrawal from Religious Education an) [no meaning line -- not placed] | 2025-12-03 VOTE YES: S6M-19980.2 (Transparency in Tackling Group-based Child Sexua) [no meaning line -- not placed] | 2025-12-03 VOTE YES: S6M-19980 (Transparency in Tackling Group-based Child Sexua) [diverged from own party's majority] [no meaning line -- not placed] | 2025-12-03 VOTE NO: S6M-19980.1 (Transparency in Tackling Group-based Child Sexua) [diverged from own party's majority] [no meaning line -- not placed] | 2025-12-02 VOTE NO: S6M-19970.2 (Uniting Local and National Efforts Across Sector) [diverged from own party's majority] [-1: Voted down the amendment carrying Supreme Court sex-definition compliance and the grooming gangs inquiry call.] | 2025-11-25 VOTE YES: S6M-19866 (Children (Withdrawal from Religious Education an) [-1: Supported the general principles of the Bill narrowing the parental conscience clause at Stage 1.] | 2025-06-26 VOTE YES: S6M-18081 (Children’s Wellbeing and Schools Bill - UK Legis) [no meaning line -- not placed]
John Swinney (Scottish National Party) - Perthshire North,,,,,x,,"a vote, 7 months ago","strong (recorded vote, human-confirmed meaning line)",10,,2026-02-17 VOTE YES: S6M-20813 (Children (Withdrawal from Religious Education an) [-2: Voted to pass the Bill narrowing the parental conscience clause: withdrawal from religious and moral education] | 2026-01-29 VOTE NO: S6M-20611.1 (Business Programme) [no meaning line -- not placed] | 2025-12-16 VOTE NO: S6M-20135 (Motion of No Confidence) [no meaning line -- not placed] | 2025-12-11 VOTE YES: S6M-20099 (Children (Withdrawal from Religious Education an) [no meaning line -- not placed] | 2025-12-03 VOTE YES: S6M-19980.2 (Transparency in Tackling Group-based Child Sexua) [no meaning line -- not placed] | 2025-12-03 VOTE YES: S6M-19980 (Transparency in Tackling Group-based Child Sexua) [diverged from own party's majority] [no meaning line -- not placed] | 2025-12-03 VOTE NO: S6M-19980.1 (Transparency in Tackling Group-based Child Sexua) [diverged from own party's majority] [no meaning line -- not placed] | 2025-12-02 VOTE NO: S6M-19970.2 (Uniting Local and National Efforts Across Sector) [diverged from own party's majority] [-1: Voted down the amendment carrying Supreme Court sex-definition compliance and the grooming gangs inquiry call.] | 2025-11-25 VOTE YES: S6M-19866 (Children (Withdrawal from Religious Education an) [-1: Supported the general principles of the Bill narrowing the parental conscience clause at Stage 1.] | 2025-06-26 VOTE YES: S6M-18081 (Children’s Wellbeing and Schools Bill - UK Legis) [no meaning line -- not placed]
Màiri McAllan (Scottish National Party) - Clydesdale,,,,,x,,"a vote, 7 months ago","strong (recorded vote, human-confirmed meaning line)",10,,2026-02-17 VOTE YES: S6M-20813 (Children (Withdrawal from Religious Education an) [-2: Voted to pass the Bill narrowing the parental conscience clause: withdrawal from religious and moral education] | 2026-01-29 VOTE NO: S6M-20611.1 (Business Programme) [no meaning line -- not placed] | 2025-12-16 VOTE NO: S6M-20135 (Motion of No Confidence) [no meaning line -- not placed] | 2025-12-11 VOTE YES: S6M-20099 (Children (Withdrawal from Religious Education an) [no meaning line -- not placed] | 2025-12-03 VOTE YES: S6M-19980.2 (Transparency in Tackling Group-based Child Sexua) [no meaning line -- not placed] | 2025-12-03 VOTE YES: S6M-19980 (Transparency in Tackling Group-based Child Sexua) [diverged from own party's majority] [no meaning line -- not placed] | 2025-12-03 VOTE NO: S6M-19980.1 (Transparency in Tackling Group-based Child Sexua) [diverged from own party's majority] [no meaning line -- not placed] | 2025-12-02 VOTE NO: S6M-19970.2 (Uniting Local and National Efforts Across Sector) [diverged from own party's majority] [-1: Voted down the amendment carrying Supreme Court sex-definition compliance and the grooming gangs inquiry call.] | 2025-11-25 VOTE YES: S6M-19866 (Children (Withdrawal from Religious Education an) [-1: Supported the general principles of the Bill narrowing the parental conscience clause at Stage 1.] | 2025-06-26 VOTE YES: S6M-18081 (Children’s Wellbeing and Schools Bill - UK Legis) [no meaning line -- not placed]
Siobhian Brown (Scottish National Party) - Ayr,,,,,x,,"a vote, 7 months ago","strong (recorded vote, human-confirmed meaning line)",10,,2026-02-17 VOTE YES: S6M-20813 (Children (Withdrawal from Religious Education an) [-2: Voted to pass the Bill narrowing the parental conscience clause: withdrawal from religious and moral education] | 2026-01-29 VOTE NO: S6M-20611.1 (Business Programme) [no meaning line -- not placed] | 2025-12-16 VOTE NO: S6M-20135 (Motion of No Confidence) [no meaning line -- not placed] | 2025-12-11 VOTE YES: S6M-20099 (Children (Withdrawal from Religious Education an) [no meaning line -- not placed] | 2025-12-03 VOTE YES: S6M-19980.2 (Transparency in Tackling Group-based Child Sexua) [no meaning line -- not placed] | 2025-12-03 VOTE YES: S6M-19980 (Transparency in Tackling Group-based Child Sexua) [diverged from own party's majority] [no meaning line -- not placed] | 2025-12-03 VOTE NO: S6M-19980.1 (Transparency in Tackling Group-based Child Sexua) [diverged from own party's majority] [no meaning line -- not placed] | 2025-12-02 VOTE NO: S6M-19970.2 (Uniting Local and National Efforts Across Sector) [diverged from own party's majority] [-1: Voted down the amendment carrying Supreme Court sex-definition compliance and the grooming gangs inquiry call.] | 2025-11-25 VOTE YES: S6M-19866 (Children (Withdrawal from Religious Education an) [-1: Supported the general principles of the Bill narrowing the parental conscience clause at Stage 1.] | 2025-06-26 VOTE YES: S6M-18081 (Children’s Wellbeing and Schools Bill - UK Legis) [no meaning line -- not placed]
Tom Arthur (Scottish National Party) - Renfrewshire South,,,,,x,,"a vote, 7 months ago","strong (recorded vote, human-confirmed meaning line)",10,,2026-02-17 VOTE YES: S6M-20813 (Children (Withdrawal from Religious Education an) [-2: Voted to pass the Bill narrowing the parental conscience clause: withdrawal from religious and moral education] | 2026-01-29 VOTE NO: S6M-20611.1 (Business Programme) [no meaning line -- not placed] | 2025-12-16 VOTE NO: S6M-20135 (Motion of No Confidence) [no meaning line -- not placed] | 2025-12-11 VOTE YES: S6M-20099 (Children (Withdrawal from Religious Education an) [no meaning line -- not placed] | 2025-12-03 VOTE YES: S6M-19980.2 (Transparency in Tackling Group-based Child Sexua) [no meaning line -- not placed] | 2025-12-03 VOTE YES: S6M-19980 (Transparency in Tackling Group-based Child Sexua) [diverged from own party's majority] [no meaning line -- not placed] | 2025-12-03 VOTE NO: S6M-19980.1 (Transparency in Tackling Group-based Child Sexua) [diverged from own party's majority] [no meaning line -- not placed] | 2025-12-02 VOTE NO: S6M-19970.2 (Uniting Local and National Efforts Across Sector) [diverged from own party's majority] [-1: Voted down the amendment carrying Supreme Court sex-definition compliance and the grooming gangs inquiry call.] | 2025-11-25 VOTE YES: S6M-19866 (Children (Withdrawal from Religious Education an) [-1: Supported the general principles of the Bill narrowing the parental conscience clause at Stage 1.] | 2025-06-26 VOTE YES: S6M-18081 (Children’s Wellbeing and Schools Bill - UK Legis) [no meaning line -- not placed]
