Decision-Maker,++,+,0,-,--,Target (Y/N),Based on,Confidence,Evidence items,Profile,Comments,Party,Where
Adam Smith (D) - WA-9,,,1,,,,no signed reading,n/a (evidence only),3,,"VOTE NAY (D): 2026-07-22 Self of Texas Part A Amendment No. 28 On Agreeing to the Amendment: An amendment numbered 28 printed in Part A of House Report 119-755 to codify protections a (Agreed to 221-210) [reading DRAFT, unsigned -- not placed] | 2026-05-13 (CO)SPONSORED 4 bill(s) on the area with no reading: H.R. 1061 Protecting Sensitive Locations Act; H.R. 8800 National Defense Authorization Act for Fiscal; H.R. 1954 Do No Harm Act; H.R. 897 Aviation-Impacted Communities Act (sponsor) [no reading -- not placed] | 2025-04-29 COSPONSORED H.R. 15 Equality Act [reading DRAFT, unsigned -- not placed]",D,WA-9
Adelita S. Grijalva (D) - AZ-7,,,1,,,,no signed reading,n/a (evidence only),3,,"VOTE NAY (D): 2026-07-22 Self of Texas Part A Amendment No. 28 On Agreeing to the Amendment: An amendment numbered 28 printed in Part A of House Report 119-755 to codify protections a (Agreed to 221-210) [reading DRAFT, unsigned -- not placed] | 2026-04-22 (CO)SPONSORED 2 bill(s) on the area with no reading: H.R. 1061 Protecting Sensitive Locations Act; H.R. 1954 Do No Harm Act [no reading -- not placed] | 2025-11-20 COSPONSORED H.R. 15 Equality Act [reading DRAFT, unsigned -- not placed]",D,AZ-7
Adrian Smith (R) - NE-3,,,1,,,,no signed reading,n/a (evidence only),3,,"VOTE YEA (R): 2026-07-22 Self of Texas Part A Amendment No. 28 On Agreeing to the Amendment: An amendment numbered 28 printed in Part A of House Report 119-755 to codify protections a (Agreed to 221-210) [reading DRAFT, unsigned -- not placed] | 2025-11-19 (CO)SPONSORED 1 bill(s) on the area with no reading: H.Res. 860 Commending President Trump for Redesignating  [no reading -- not placed] | 2025-01-21 COSPONSORED H.R. 589 FACE Act Repeal Act of 2025 [reading DRAFT, unsigned -- not placed]",R,NE-3
Adriano Espaillat (D) - NY-13,,,1,,,,no signed reading,n/a (evidence only),3,,"VOTE NAY (D): 2026-07-22 Self of Texas Part A Amendment No. 28 On Agreeing to the Amendment: An amendment numbered 28 printed in Part A of House Report 119-755 to codify protections a (Agreed to 221-210) [reading DRAFT, unsigned -- not placed] | 2025-04-29 COSPONSORED H.R. 15 Equality Act [reading DRAFT, unsigned -- not placed] | 2025-02-06 (CO)SPONSORED 1 bill(s) on the area with no reading: H.R. 1061 Protecting Sensitive Locations Act (sponsor) [no reading -- not placed]",D,NY-13
Al Green (D) - TX-9,,,1,,,,no signed reading,n/a (evidence only),3,,"VOTE NAY (D): 2026-07-22 Self of Texas Part A Amendment No. 28 On Agreeing to the Amendment: An amendment numbered 28 printed in Part A of House Report 119-755 to codify protections a (Agreed to 221-210) [reading DRAFT, unsigned -- not placed] | 2025-04-29 COSPONSORED H.R. 15 Equality Act [reading DRAFT, unsigned -- not placed] | 2025-02-06 (CO)SPONSORED 1 bill(s) on the area with no reading: H.R. 1061 Protecting Sensitive Locations Act [no reading -- not placed]",D,TX-9
Alexandria Ocasio-Cortez (D) - NY-14,,,1,,,,no signed reading,n/a (evidence only),3,,"VOTE NAY (D): 2026-07-22 Self of Texas Part A Amendment No. 28 On Agreeing to the Amendment: An amendment numbered 28 printed in Part A of House Report 119-755 to codify protections a (Agreed to 221-210) [reading DRAFT, unsigned -- not placed] | 2025-04-29 COSPONSORED H.R. 15 Equality Act [reading DRAFT, unsigned -- not placed] | 2025-03-10 (CO)SPONSORED 2 bill(s) on the area with no reading: H.R. 1061 Protecting Sensitive Locations Act; H.R. 1954 Do No Harm Act [no reading -- not placed]",D,NY-14
Alma S. Adams (D) - NC-12,,,1,,,,no signed reading,n/a (evidence only),3,,"VOTE NAY (D): 2026-07-22 Self of Texas Part A Amendment No. 28 On Agreeing to the Amendment: An amendment numbered 28 printed in Part A of House Report 119-755 to codify protections a (Agreed to 221-210) [reading DRAFT, unsigned -- not placed] | 2025-07-14 (CO)SPONSORED 1 bill(s) on the area with no reading: H.R. 1061 Protecting Sensitive Locations Act [no reading -- not placed] | 2025-04-29 COSPONSORED H.R. 15 Equality Act [reading DRAFT, unsigned -- not placed]",D,NC-12
Ami Bera (D) - CA-6,,,1,,,,no signed reading,n/a (evidence only),3,,"VOTE NAY (D): 2026-07-22 Self of Texas Part A Amendment No. 28 On Agreeing to the Amendment: An amendment numbered 28 printed in Part A of House Report 119-755 to codify protections a (Agreed to 221-210) [reading DRAFT, unsigned -- not placed] | 2026-02-12 (CO)SPONSORED 3 bill(s) on the area with no reading: H.R. 1061 Protecting Sensitive Locations Act; H.R. 2635 Uyghur Policy Act of 2025; H.R. 4425 Palliative Care and Hospice Education and Tra [no reading -- not placed] | 2025-04-29 COSPONSORED H.R. 15 Equality Act [reading DRAFT, unsigned -- not placed]",D,CA-6
Andrea Salinas (D) - OR-6,,,1,,,,no signed reading,n/a (evidence only),3,,"VOTE NAY (D): 2026-07-22 Self of Texas Part A Amendment No. 28 On Agreeing to the Amendment: An amendment numbered 28 printed in Part A of House Report 119-755 to codify protections a (Agreed to 221-210) [reading DRAFT, unsigned -- not placed] | 2025-04-29 COSPONSORED H.R. 15 Equality Act [reading DRAFT, unsigned -- not placed] | 2025-04-09 (CO)SPONSORED 2 bill(s) on the area with no reading: H.R. 1061 Protecting Sensitive Locations Act; H.R. 1954 Do No Harm Act [no reading -- not placed]",D,OR-6
Andrew S. Clyde (R) - GA-9,,,1,,,,no signed reading,n/a (evidence only),3,,"VOTE YEA (R): 2026-07-22 Self of Texas Part A Amendment No. 28 On Agreeing to the Amendment: An amendment numbered 28 printed in Part A of House Report 119-755 to codify protections a (Agreed to 221-210) [reading DRAFT, unsigned -- not placed] | 2025-11-07 (CO)SPONSORED 1 bill(s) on the area with no reading: H.Res. 866 Condemning the persecution of Christians in N [no reading -- not placed] | 2025-04-08 COSPONSORED H.R. 589 FACE Act Repeal Act of 2025 [reading DRAFT, unsigned -- not placed]",R,GA-9
André Carson (D) - IN-7,,,1,,,,no signed reading,n/a (evidence only),3,,"VOTE NAY (D): 2026-07-22 Self of Texas Part A Amendment No. 28 On Agreeing to the Amendment: An amendment numbered 28 printed in Part A of House Report 119-755 to codify protections a (Agreed to 221-210) [reading DRAFT, unsigned -- not placed] | 2025-12-04 (CO)SPONSORED 4 bill(s) on the area with no reading: H.R. 1061 Protecting Sensitive Locations Act; H.R. 1954 Do No Harm Act; H.Res. 930 Commemorating the 78th birthday of Jimmy Lai ; H.Res. 515 Commemorating the 90th birthday of His Holine [no reading -- not placed] | 2025-04-29 COSPONSORED H.R. 15 Equality Act [reading DRAFT, unsigned -- not placed]",D,IN-7
Andy Biggs (R) - AZ-5,,,1,,,,no signed reading,n/a (evidence only),3,,"2026-07-22 NOT VOTING: Self of Texas Part A Amendment No. 28 On Agreeing to the Amendment: An amendment numbered 28 printed in Part A of House Report 119-755 to codify protections a (Agreed to 221-210) [no direction recorded] | 2025-11-07 (CO)SPONSORED 2 bill(s) on the area with no reading: H.Res. 866 Condemning the persecution of Christians in N; H.Res. 594 Condemning the persecution of Christians in M [no reading -- not placed] | 2025-01-21 COSPONSORED H.R. 589 FACE Act Repeal Act of 2025 [reading DRAFT, unsigned -- not placed]",R,AZ-5
Andy Harris (R) - MD-1,,,1,,,,no signed reading,n/a (evidence only),3,,"VOTE YEA (R): 2026-07-22 Self of Texas Part A Amendment No. 28 On Agreeing to the Amendment: An amendment numbered 28 printed in Part A of House Report 119-755 to codify protections a (Agreed to 221-210) [reading DRAFT, unsigned -- not placed] | 2025-12-09 (CO)SPONSORED 4 bill(s) on the area with no reading: H.Res. 866 Condemning the persecution of Christians in N; H.Res. 220 Expressing the sense of Congress regarding th; H.Res. 594 Condemning the persecution of Christians in M; H.Res. 860 Commending President Trump for Redesignating  [no reading -- not placed] | 2025-01-28 COSPONSORED H.R. 589 FACE Act Repeal Act of 2025 [reading DRAFT, unsigned -- not placed]",R,MD-1
Angie Craig (D) - MN-2,,,1,,,,no signed reading,n/a (evidence only),3,,"VOTE NAY (D): 2026-07-22 Self of Texas Part A Amendment No. 28 On Agreeing to the Amendment: An amendment numbered 28 printed in Part A of House Report 119-755 to codify protections a (Agreed to 221-210) [reading DRAFT, unsigned -- not placed] | 2025-09-17 (CO)SPONSORED 2 bill(s) on the area with no reading: H.R. 1061 Protecting Sensitive Locations Act; H.R. 1954 Do No Harm Act [no reading -- not placed] | 2025-04-29 COSPONSORED H.R. 15 Equality Act [reading DRAFT, unsigned -- not placed]",D,MN-2
Anna Paulina Luna (R) - FL-13,,,1,,,,no signed reading,n/a (evidence only),3,,"VOTE YEA (R): 2026-07-22 Self of Texas Part A Amendment No. 28 On Agreeing to the Amendment: An amendment numbered 28 printed in Part A of House Report 119-755 to codify protections a (Agreed to 221-210) [reading DRAFT, unsigned -- not placed] | 2026-04-02 (CO)SPONSORED 5 bill(s) on the area with no reading: H.Res. 866 Condemning the persecution of Christians in N; H.Res. 594 Condemning the persecution of Christians in M; H.R. 8182 Banning Perpetrators of Religious Persecution; H.Res. 930 Commemorating the 78th birthday of Jimmy Lai ; H.Res. 860 Commending President Trump for Redesignating  [no reading -- not placed] | 2025-01-21 COSPONSORED H.R. 589 FACE Act Repeal Act of 2025 [reading DRAFT, unsigned -- not placed]",R,FL-13
April McClain Delaney (D) - MD-6,,,1,,,,no signed reading,n/a (evidence only),3,,"VOTE NAY (D): 2026-07-22 Self of Texas Part A Amendment No. 28 On Agreeing to the Amendment: An amendment numbered 28 printed in Part A of House Report 119-755 to codify protections a (Agreed to 221-210) [reading DRAFT, unsigned -- not placed] | 2025-04-29 COSPONSORED H.R. 15 Equality Act [reading DRAFT, unsigned -- not placed] | 2025-04-02 (CO)SPONSORED 1 bill(s) on the area with no reading: H.R. 1061 Protecting Sensitive Locations Act [no reading -- not placed]",D,MD-6
Barry Moore (R) - AL-1,,,1,,,,no signed reading,n/a (evidence only),3,,"VOTE YEA (R): 2026-07-22 Self of Texas Part A Amendment No. 28 On Agreeing to the Amendment: An amendment numbered 28 printed in Part A of House Report 119-755 to codify protections a (Agreed to 221-210) [reading DRAFT, unsigned -- not placed] | 2025-11-07 (CO)SPONSORED 2 bill(s) on the area with no reading: H.Res. 866 Condemning the persecution of Christians in N; H.Res. 220 Expressing the sense of Congress regarding th [no reading -- not placed] | 2025-01-21 COSPONSORED H.R. 589 FACE Act Repeal Act of 2025 [reading DRAFT, unsigned -- not placed]",R,AL-1
Becca Balint (D) - VT-AL,,,1,,,,no signed reading,n/a (evidence only),3,,"VOTE NAY (D): 2026-07-22 Self of Texas Part A Amendment No. 28 On Agreeing to the Amendment: An amendment numbered 28 printed in Part A of House Report 119-755 to codify protections a (Agreed to 221-210) [reading DRAFT, unsigned -- not placed] | 2025-04-29 COSPONSORED H.R. 15 Equality Act [reading DRAFT, unsigned -- not placed] | 2025-04-02 (CO)SPONSORED 2 bill(s) on the area with no reading: H.R. 1061 Protecting Sensitive Locations Act; H.R. 1954 Do No Harm Act [no reading -- not placed]",D,VT-AL
Ben Cline (R) - VA-6,,,1,,,,no signed reading,n/a (evidence only),3,,"VOTE YEA (R): 2026-07-22 Self of Texas Part A Amendment No. 28 On Agreeing to the Amendment: An amendment numbered 28 printed in Part A of House Report 119-755 to codify protections a (Agreed to 221-210) [reading DRAFT, unsigned -- not placed] | 2025-11-12 (CO)SPONSORED 2 bill(s) on the area with no reading: H.Res. 866 Condemning the persecution of Christians in N; H.Res. 594 Condemning the persecution of Christians in M [no reading -- not placed] | 2025-01-23 COSPONSORED H.R. 589 FACE Act Repeal Act of 2025 [reading DRAFT, unsigned -- not placed]",R,VA-6
Bennie G. Thompson (D) - MS-2,,,1,,,,no signed reading,n/a (evidence only),3,,"VOTE NAY (D): 2026-07-22 Self of Texas Part A Amendment No. 28 On Agreeing to the Amendment: An amendment numbered 28 printed in Part A of House Report 119-755 to codify protections a (Agreed to 221-210) [reading DRAFT, unsigned -- not placed] | 2025-04-29 COSPONSORED H.R. 15 Equality Act [reading DRAFT, unsigned -- not placed] | 2025-03-06 (CO)SPONSORED 1 bill(s) on the area with no reading: H.R. 1954 Do No Harm Act [no reading -- not placed]",D,MS-2
Betty McCollum (D) - MN-4,,,1,,,,no signed reading,n/a (evidence only),3,,"VOTE NAY (D): 2026-07-22 Self of Texas Part A Amendment No. 28 On Agreeing to the Amendment: An amendment numbered 28 printed in Part A of House Report 119-755 to codify protections a (Agreed to 221-210) [reading DRAFT, unsigned -- not placed] | 2026-03-30 (CO)SPONSORED 2 bill(s) on the area with no reading: H.R. 1061 Protecting Sensitive Locations Act; H.R. 1954 Do No Harm Act [no reading -- not placed] | 2025-04-29 COSPONSORED H.R. 15 Equality Act [reading DRAFT, unsigned -- not placed]",D,MN-4
Bill Foster (D) - IL-11,,,1,,,,no signed reading,n/a (evidence only),3,,"2026-08-13 (CO)SPONSORED 3 bill(s) on the area with no reading: H.R. 1061 Protecting Sensitive Locations Act; H.R. 1954 Do No Harm Act; H.Res. 69 Celebrating Hindu Americans, condemning attac [no reading -- not placed] | VOTE NAY (D): 2026-07-22 Self of Texas Part A Amendment No. 28 On Agreeing to the Amendment: An amendment numbered 28 printed in Part A of House Report 119-755 to codify protections a (Agreed to 221-210) [reading DRAFT, unsigned -- not placed] | 2025-04-29 COSPONSORED H.R. 15 Equality Act [reading DRAFT, unsigned -- not placed]",D,IL-11
Bonnie Watson Coleman (D) - NJ-12,,,1,,,,no signed reading,n/a (evidence only),3,,"VOTE NAY (D): 2026-07-22 Self of Texas Part A Amendment No. 28 On Agreeing to the Amendment: An amendment numbered 28 printed in Part A of House Report 119-755 to codify protections a (Agreed to 221-210) [reading DRAFT, unsigned -- not placed] | 2026-02-04 (CO)SPONSORED 1 bill(s) on the area with no reading: H.R. 1061 Protecting Sensitive Locations Act [no reading -- not placed] | 2025-04-29 COSPONSORED H.R. 15 Equality Act [reading DRAFT, unsigned -- not placed]",D,NJ-12
Brad Sherman (D) - CA-32,,,1,,,,no signed reading,n/a (evidence only),3,,"VOTE NAY (D): 2026-07-22 Self of Texas Part A Amendment No. 28 On Agreeing to the Amendment: An amendment numbered 28 printed in Part A of House Report 119-755 to codify protections a (Agreed to 221-210) [reading DRAFT, unsigned -- not placed] | 2026-02-10 (CO)SPONSORED 8 bill(s) on the area with no reading: H.R. 1061 Protecting Sensitive Locations Act; H.Res. 925 Condemning the Government of Iran's state-spo; H.R. 1744 United States Commission on International Rel; H.R. 1954 Do No Harm Act; H.Res. 69 Celebrating Hindu Americans, condemning attac; H.Res. 930 Commemorating the 78th birthday of Jimmy Lai ; and 2 more [no reading -- not placed] | 2025-04-29 COSPONSORED H.R. 15 Equality Act [reading DRAFT, unsigned -- not placed]",D,CA-32
Bradley Scott Schneider (D) - IL-10,,,1,,,,no signed reading,n/a (evidence only),3,,"2026-09-16 (CO)SPONSORED 5 bill(s) on the area with no reading: H.R. 1061 Protecting Sensitive Locations Act; H.Res. 925 Condemning the Government of Iran's state-spo; H.R. 10052 Right to Worship Act; H.R. 8239 SACRED Act; H.R. 1954 Do No Harm Act [no reading -- not placed] | VOTE NAY (D): 2026-07-22 Self of Texas Part A Amendment No. 28 On Agreeing to the Amendment: An amendment numbered 28 printed in Part A of House Report 119-755 to codify protections a (Agreed to 221-210) [reading DRAFT, unsigned -- not placed] | 2025-04-29 COSPONSORED H.R. 15 Equality Act [reading DRAFT, unsigned -- not placed]",D,IL-10
Brandon Gill (R) - TX-26,,,1,,,,no signed reading,n/a (evidence only),3,,"VOTE YEA (R): 2026-07-22 Self of Texas Part A Amendment No. 28 On Agreeing to the Amendment: An amendment numbered 28 printed in Part A of House Report 119-755 to codify protections a (Agreed to 221-210) [reading DRAFT, unsigned -- not placed] | 2026-07-15 (CO)SPONSORED 3 bill(s) on the area with no reading: H.Res. 866 Condemning the persecution of Christians in N; H.Res. 594 Condemning the persecution of Christians in M; H.Res. 1436 Condemning Omar Suleiman for celebrating the  [no reading -- not placed] | 2025-01-28 COSPONSORED H.R. 589 FACE Act Repeal Act of 2025 [reading DRAFT, unsigned -- not placed]",R,TX-26
Brendan F. Boyle (D) - PA-2,,,1,,,,no signed reading,n/a (evidence only),3,,"VOTE NAY (D): 2026-07-22 Self of Texas Part A Amendment No. 28 On Agreeing to the Amendment: An amendment numbered 28 printed in Part A of House Report 119-755 to codify protections a (Agreed to 221-210) [reading DRAFT, unsigned -- not placed] | 2026-06-08 (CO)SPONSORED 2 bill(s) on the area with no reading: H.Res. 925 Condemning the Government of Iran's state-spo; H.R. 1954 Do No Harm Act [no reading -- not placed] | 2025-04-29 COSPONSORED H.R. 15 Equality Act [reading DRAFT, unsigned -- not placed]",D,PA-2
Brittany Pettersen (D) - CO-7,,,1,,,,no signed reading,n/a (evidence only),3,,"VOTE NAY (D): 2026-07-22 Self of Texas Part A Amendment No. 28 On Agreeing to the Amendment: An amendment numbered 28 printed in Part A of House Report 119-755 to codify protections a (Agreed to 221-210) [reading DRAFT, unsigned -- not placed] | 2025-04-29 COSPONSORED H.R. 15 Equality Act [reading DRAFT, unsigned -- not placed] | 2025-02-12 (CO)SPONSORED 1 bill(s) on the area with no reading: H.R. 1061 Protecting Sensitive Locations Act [no reading -- not placed]",D,CO-7
Burgess Owens (R) - UT-4,,,1,,,,no signed reading,n/a (evidence only),3,,"VOTE YEA (R): 2026-07-22 Self of Texas Part A Amendment No. 28 On Agreeing to the Amendment: An amendment numbered 28 printed in Part A of House Report 119-755 to codify protections a (Agreed to 221-210) [reading DRAFT, unsigned -- not placed] | 2025-10-31 (CO)SPONSORED 2 bill(s) on the area with no reading: H.Res. 69 Celebrating Hindu Americans, condemning attac; H.Res. 515 Commemorating the 90th birthday of His Holine [no reading -- not placed] | 2025-01-21 COSPONSORED H.R. 589 FACE Act Repeal Act of 2025 [reading DRAFT, unsigned -- not placed]",R,UT-4
"Charles J. ""Chuck"" Fleischmann (R) - TN-3",,,1,,,,no signed reading,n/a (evidence only),3,,"VOTE YEA (R): 2026-07-22 Self of Texas Part A Amendment No. 28 On Agreeing to the Amendment: An amendment numbered 28 printed in Part A of House Report 119-755 to codify protections a (Agreed to 221-210) [reading DRAFT, unsigned -- not placed] | 2026-04-02 (CO)SPONSORED 1 bill(s) on the area with no reading: H.R. 8182 Banning Perpetrators of Religious Persecution [no reading -- not placed] | 2025-01-21 COSPONSORED H.R. 589 FACE Act Repeal Act of 2025 [reading DRAFT, unsigned -- not placed]",R,TN-3
Chellie Pingree (D) - ME-1,,,1,,,,no signed reading,n/a (evidence only),3,,"VOTE NAY (D): 2026-07-22 Self of Texas Part A Amendment No. 28 On Agreeing to the Amendment: An amendment numbered 28 printed in Part A of House Report 119-755 to codify protections a (Agreed to 221-210) [reading DRAFT, unsigned -- not placed] | 2025-04-29 COSPONSORED H.R. 15 Equality Act [reading DRAFT, unsigned -- not placed] | 2025-03-06 (CO)SPONSORED 2 bill(s) on the area with no reading: H.R. 1061 Protecting Sensitive Locations Act; H.R. 1954 Do No Harm Act [no reading -- not placed]",D,ME-1
Chip Roy (R) - TX-21,,,1,,,,no signed reading,n/a (evidence only),3,,"VOTE YEA (R): 2026-07-22 Self of Texas Part A Amendment No. 28 On Agreeing to the Amendment: An amendment numbered 28 printed in Part A of House Report 119-755 to codify protections a (Agreed to 221-210) [reading DRAFT, unsigned -- not placed] | 2026-07-15 (CO)SPONSORED 1 bill(s) on the area with no reading: H.Res. 1436 Condemning Omar Suleiman for celebrating the  [no reading -- not placed] | 2025-01-21 SPONSORED H.R. 589 FACE Act Repeal Act of 2025 [reading DRAFT, unsigned -- not placed]",R,TX-21
Chris Pappas (D) - NH-1,,,1,,,,no signed reading,n/a (evidence only),3,,"VOTE NAY (D): 2026-07-22 Self of Texas Part A Amendment No. 28 On Agreeing to the Amendment: An amendment numbered 28 printed in Part A of House Report 119-755 to codify protections a (Agreed to 221-210) [reading DRAFT, unsigned -- not placed] | 2026-03-17 (CO)SPONSORED 1 bill(s) on the area with no reading: H.Res. 925 Condemning the Government of Iran's state-spo [no reading -- not placed] | 2025-04-29 COSPONSORED H.R. 15 Equality Act [reading DRAFT, unsigned -- not placed]",D,NH-1
Chrissy Houlahan (D) - PA-6,,,1,,,,no signed reading,n/a (evidence only),3,,"VOTE NAY (D): 2026-07-22 Self of Texas Part A Amendment No. 28 On Agreeing to the Amendment: An amendment numbered 28 printed in Part A of House Report 119-755 to codify protections a (Agreed to 221-210) [reading DRAFT, unsigned -- not placed] | 2026-04-20 (CO)SPONSORED 2 bill(s) on the area with no reading: H.R. 1061 Protecting Sensitive Locations Act; H.Res. 925 Condemning the Government of Iran's state-spo [no reading -- not placed] | 2025-04-29 COSPONSORED H.R. 15 Equality Act [reading DRAFT, unsigned -- not placed]",D,PA-6
Christopher H. Smith (R) - NJ-4,,,1,,,,no signed reading,n/a (evidence only),3,,"VOTE YEA (R): 2026-07-22 Self of Texas Part A Amendment No. 28 On Agreeing to the Amendment: An amendment numbered 28 printed in Part A of House Report 119-755 to codify protections a (Agreed to 221-210) [reading DRAFT, unsigned -- not placed] | 2026-06-30 (CO)SPONSORED 8 bill(s) on the area with no reading: H.Res. 220 Expressing the sense of Congress regarding th (sponsor); H.R. 1744 United States Commission on International Rel (sponsor); H.R. 7457 Nigeria Religious Freedom and Accountability  (sponsor); H.Res. 1400 Condemning the People's Republic of China's L (sponsor); H.Res. 930 Commemorating the 78th birthday of Jimmy Lai ; H.Res. 860 Commending President Trump for Redesignating  (sponsor); and 2 more [no reading -- not placed] | 2025-04-29 COSPONSORED H.R. 589 FACE Act Repeal Act of 2025 [reading DRAFT, unsigned -- not placed]",R,NJ-4
Christopher R. Deluzio (D) - PA-17,,,1,,,,no signed reading,n/a (evidence only),3,,"VOTE NAY (D): 2026-07-22 Self of Texas Part A Amendment No. 28 On Agreeing to the Amendment: An amendment numbered 28 printed in Part A of House Report 119-755 to codify protections a (Agreed to 221-210) [reading DRAFT, unsigned -- not placed] | 2026-07-02 (CO)SPONSORED 3 bill(s) on the area with no reading: H.R. 1061 Protecting Sensitive Locations Act; H.R. 1954 Do No Harm Act; H.Res. 69 Celebrating Hindu Americans, condemning attac [no reading -- not placed] | 2025-04-29 COSPONSORED H.R. 15 Equality Act [reading DRAFT, unsigned -- not placed]",D,PA-17
Clay Higgins (R) - LA-3,,,1,,,,no signed reading,n/a (evidence only),3,,"VOTE YEA (R): 2026-07-22 Self of Texas Part A Amendment No. 28 On Agreeing to the Amendment: An amendment numbered 28 printed in Part A of House Report 119-755 to codify protections a (Agreed to 221-210) [reading DRAFT, unsigned -- not placed] | 2025-11-12 (CO)SPONSORED 3 bill(s) on the area with no reading: H.Res. 866 Condemning the persecution of Christians in N; H.Res. 594 Condemning the persecution of Christians in M; H.Res. 852 Expressing the sense of the House of Represen [no reading -- not placed] | 2025-01-21 COSPONSORED H.R. 589 FACE Act Repeal Act of 2025 [reading DRAFT, unsigned -- not placed]",R,LA-3
Cleo Fields (D) - LA-6,,,1,,,,no signed reading,n/a (evidence only),3,,"VOTE NAY (D): 2026-07-22 Self of Texas Part A Amendment No. 28 On Agreeing to the Amendment: An amendment numbered 28 printed in Part A of House Report 119-755 to codify protections a (Agreed to 221-210) [reading DRAFT, unsigned -- not placed] | 2025-04-29 COSPONSORED H.R. 15 Equality Act [reading DRAFT, unsigned -- not placed] | 2025-03-06 (CO)SPONSORED 1 bill(s) on the area with no reading: H.R. 1954 Do No Harm Act [no reading -- not placed]",D,LA-6
Dan Crenshaw (R) - TX-2,,,1,,,,no signed reading,n/a (evidence only),3,,"VOTE YEA (R): 2026-07-22 Self of Texas Part A Amendment No. 28 On Agreeing to the Amendment: An amendment numbered 28 printed in Part A of House Report 119-755 to codify protections a (Agreed to 221-210) [reading DRAFT, unsigned -- not placed] | 2026-07-15 (CO)SPONSORED 2 bill(s) on the area with no reading: H.R. 5838 Combatting the Persecution of Religious Group; H.Res. 1436 Condemning Omar Suleiman for celebrating the  [no reading -- not placed] | 2025-01-21 COSPONSORED H.R. 589 FACE Act Repeal Act of 2025 [reading DRAFT, unsigned -- not placed]",R,TX-2
Daniel S. Goldman (D) - NY-10,,,1,,,,no signed reading,n/a (evidence only),3,,"VOTE NAY (D): 2026-07-22 Self of Texas Part A Amendment No. 28 On Agreeing to the Amendment: An amendment numbered 28 printed in Part A of House Report 119-755 to codify protections a (Agreed to 221-210) [reading DRAFT, unsigned -- not placed] | 2026-06-29 (CO)SPONSORED 4 bill(s) on the area with no reading: H.R. 1061 Protecting Sensitive Locations Act; H.R. 8239 SACRED Act; H.R. 1954 Do No Harm Act; H.Res. 69 Celebrating Hindu Americans, condemning attac [no reading -- not placed] | 2025-04-29 COSPONSORED H.R. 15 Equality Act [reading DRAFT, unsigned -- not placed]",D,NY-10
Daniel Webster (R) - FL-11,,,1,,,,no signed reading,n/a (evidence only),3,,"VOTE YEA (R): 2026-07-22 Self of Texas Part A Amendment No. 28 On Agreeing to the Amendment: An amendment numbered 28 printed in Part A of House Report 119-755 to codify protections a (Agreed to 221-210) [reading DRAFT, unsigned -- not placed] | 2026-04-02 (CO)SPONSORED 1 bill(s) on the area with no reading: H.R. 8182 Banning Perpetrators of Religious Persecution [no reading -- not placed] | 2025-01-21 COSPONSORED H.R. 589 FACE Act Repeal Act of 2025 [reading DRAFT, unsigned -- not placed]",R,FL-11
Danny K. Davis (D) - IL-7,,,1,,,,no signed reading,n/a (evidence only),3,,"VOTE NAY (D): 2026-07-22 Self of Texas Part A Amendment No. 28 On Agreeing to the Amendment: An amendment numbered 28 printed in Part A of House Report 119-755 to codify protections a (Agreed to 221-210) [reading DRAFT, unsigned -- not placed] | 2025-10-17 (CO)SPONSORED 2 bill(s) on the area with no reading: H.R. 1061 Protecting Sensitive Locations Act; H.R. 1954 Do No Harm Act [no reading -- not placed] | 2025-04-29 COSPONSORED H.R. 15 Equality Act [reading DRAFT, unsigned -- not placed]",D,IL-7
Darren Soto (D) - FL-9,,,1,,,,no signed reading,n/a (evidence only),3,,"VOTE NAY (D): 2026-07-22 Self of Texas Part A Amendment No. 28 On Agreeing to the Amendment: An amendment numbered 28 printed in Part A of House Report 119-755 to codify protections a (Agreed to 221-210) [reading DRAFT, unsigned -- not placed] | 2026-02-04 (CO)SPONSORED 2 bill(s) on the area with no reading: H.R. 1061 Protecting Sensitive Locations Act; H.R. 1954 Do No Harm Act [no reading -- not placed] | 2025-04-29 COSPONSORED H.R. 15 Equality Act [reading DRAFT, unsigned -- not placed]",D,FL-9
Dave Min (D) - CA-47,,,1,,,,no signed reading,n/a (evidence only),3,,"VOTE NAY (D): 2026-07-22 Self of Texas Part A Amendment No. 28 On Agreeing to the Amendment: An amendment numbered 28 printed in Part A of House Report 119-755 to codify protections a (Agreed to 221-210) [reading DRAFT, unsigned -- not placed] | 2025-06-02 (CO)SPONSORED 1 bill(s) on the area with no reading: H.Res. 69 Celebrating Hindu Americans, condemning attac [no reading -- not placed] | 2025-04-29 COSPONSORED H.R. 15 Equality Act [reading DRAFT, unsigned -- not placed]",D,CA-47
Debbie Dingell (D) - MI-6,,,1,,,,no signed reading,n/a (evidence only),3,,"VOTE NAY (D): 2026-07-22 Self of Texas Part A Amendment No. 28 On Agreeing to the Amendment: An amendment numbered 28 printed in Part A of House Report 119-755 to codify protections a (Agreed to 221-210) [reading DRAFT, unsigned -- not placed] | 2025-04-29 COSPONSORED H.R. 15 Equality Act [reading DRAFT, unsigned -- not placed] | 2025-04-02 (CO)SPONSORED 2 bill(s) on the area with no reading: H.R. 1061 Protecting Sensitive Locations Act; H.R. 1954 Do No Harm Act [no reading -- not placed]",D,MI-6
Debbie Wasserman Schultz (D) - FL-25,,,1,,,,no signed reading,n/a (evidence only),3,,"2026-08-31 (CO)SPONSORED 3 bill(s) on the area with no reading: H.R. 1061 Protecting Sensitive Locations Act; H.R. 10052 Right to Worship Act; H.R. 1954 Do No Harm Act [no reading -- not placed] | VOTE NAY (D): 2026-07-22 Self of Texas Part A Amendment No. 28 On Agreeing to the Amendment: An amendment numbered 28 printed in Part A of House Report 119-755 to codify protections a (Agreed to 221-210) [reading DRAFT, unsigned -- not placed] | 2025-04-29 COSPONSORED H.R. 15 Equality Act [reading DRAFT, unsigned -- not placed]",D,FL-25
Deborah K. Ross (D) - NC-2,,,1,,,,no signed reading,n/a (evidence only),3,,"VOTE NAY (D): 2026-07-22 Self of Texas Part A Amendment No. 28 On Agreeing to the Amendment: An amendment numbered 28 printed in Part A of House Report 119-755 to codify protections a (Agreed to 221-210) [reading DRAFT, unsigned -- not placed] | 2025-04-29 COSPONSORED H.R. 15 Equality Act [reading DRAFT, unsigned -- not placed] | 2025-02-12 (CO)SPONSORED 2 bill(s) on the area with no reading: H.R. 1061 Protecting Sensitive Locations Act; H.Res. 69 Celebrating Hindu Americans, condemning attac [no reading -- not placed]",D,NC-2
Delia C. Ramirez (D) - IL-3,,,1,,,,no signed reading,n/a (evidence only),3,,"VOTE NAY (D): 2026-07-22 Self of Texas Part A Amendment No. 28 On Agreeing to the Amendment: An amendment numbered 28 printed in Part A of House Report 119-755 to codify protections a (Agreed to 221-210) [reading DRAFT, unsigned -- not placed] | 2025-04-29 COSPONSORED H.R. 15 Equality Act [reading DRAFT, unsigned -- not placed] | 2025-03-31 (CO)SPONSORED 2 bill(s) on the area with no reading: H.R. 1061 Protecting Sensitive Locations Act; H.R. 1954 Do No Harm Act [no reading -- not placed]",D,IL-3
Derek Tran (D) - CA-45,,,1,,,,no signed reading,n/a (evidence only),3,,"VOTE NAY (D): 2026-07-22 Self of Texas Part A Amendment No. 28 On Agreeing to the Amendment: An amendment numbered 28 printed in Part A of House Report 119-755 to codify protections a (Agreed to 221-210) [reading DRAFT, unsigned -- not placed] | 2025-12-15 (CO)SPONSORED 1 bill(s) on the area with no reading: H.R. 4425 Palliative Care and Hospice Education and Tra [no reading -- not placed] | 2025-04-29 COSPONSORED H.R. 15 Equality Act [reading DRAFT, unsigned -- not placed]",D,CA-45
Diana DeGette (D) - CO-1,,,1,,,,no signed reading,n/a (evidence only),3,,"VOTE NAY (D): 2026-07-22 Self of Texas Part A Amendment No. 28 On Agreeing to the Amendment: An amendment numbered 28 printed in Part A of House Report 119-755 to codify protections a (Agreed to 221-210) [reading DRAFT, unsigned -- not placed] | 2025-04-29 COSPONSORED H.R. 15 Equality Act [reading DRAFT, unsigned -- not placed] | 2025-03-06 (CO)SPONSORED 2 bill(s) on the area with no reading: H.R. 1061 Protecting Sensitive Locations Act; H.R. 1954 Do No Harm Act [no reading -- not placed]",D,CO-1
Diana Harshbarger (R) - TN-1,,,1,,,,no signed reading,n/a (evidence only),3,,"VOTE YEA (R): 2026-07-22 Self of Texas Part A Amendment No. 28 On Agreeing to the Amendment: An amendment numbered 28 printed in Part A of House Report 119-755 to codify protections a (Agreed to 221-210) [reading DRAFT, unsigned -- not placed] | 2025-11-04 (CO)SPONSORED 1 bill(s) on the area with no reading: H.Res. 220 Expressing the sense of Congress regarding th [no reading -- not placed] | 2025-07-16 COSPONSORED H.R. 589 FACE Act Repeal Act of 2025 [reading DRAFT, unsigned -- not placed]",R,TN-1
Dina Titus (D) - NV-1,,,1,,,,no signed reading,n/a (evidence only),3,,"VOTE NAY (D): 2026-07-22 Self of Texas Part A Amendment No. 28 On Agreeing to the Amendment: An amendment numbered 28 printed in Part A of House Report 119-755 to codify protections a (Agreed to 221-210) [reading DRAFT, unsigned -- not placed] | 2026-02-09 (CO)SPONSORED 3 bill(s) on the area with no reading: H.R. 1061 Protecting Sensitive Locations Act; H.R. 1954 Do No Harm Act; H.Res. 930 Commemorating the 78th birthday of Jimmy Lai  [no reading -- not placed] | 2025-04-29 COSPONSORED H.R. 15 Equality Act [reading DRAFT, unsigned -- not placed]",D,NV-1
Donald Norcross (D) - NJ-1,,,1,,,,no signed reading,n/a (evidence only),3,,"VOTE NAY (D): 2026-07-22 Self of Texas Part A Amendment No. 28 On Agreeing to the Amendment: An amendment numbered 28 printed in Part A of House Report 119-755 to codify protections a (Agreed to 221-210) [reading DRAFT, unsigned -- not placed] | 2026-01-22 (CO)SPONSORED 1 bill(s) on the area with no reading: H.R. 1061 Protecting Sensitive Locations Act [no reading -- not placed] | 2025-04-29 COSPONSORED H.R. 15 Equality Act [reading DRAFT, unsigned -- not placed]",D,NJ-1
"Donald S. Beyer, Jr. (D) - VA-8",,,1,,,,no signed reading,n/a (evidence only),3,,"VOTE NAY (D): 2026-07-22 Self of Texas Part A Amendment No. 28 On Agreeing to the Amendment: An amendment numbered 28 printed in Part A of House Report 119-755 to codify protections a (Agreed to 221-210) [reading DRAFT, unsigned -- not placed] | 2026-06-30 (CO)SPONSORED 4 bill(s) on the area with no reading: H.R. 1061 Protecting Sensitive Locations Act; H.Res. 925 Condemning the Government of Iran's state-spo; H.R. 1954 Do No Harm Act; H.R. 897 Aviation-Impacted Communities Act [no reading -- not placed] | 2025-04-29 COSPONSORED H.R. 15 Equality Act [reading DRAFT, unsigned -- not placed]",D,VA-8
Doris O. Matsui (D) - CA-7,,,1,,,,no signed reading,n/a (evidence only),3,,"VOTE NAY (D): 2026-07-22 Self of Texas Part A Amendment No. 28 On Agreeing to the Amendment: An amendment numbered 28 printed in Part A of House Report 119-755 to codify protections a (Agreed to 221-210) [reading DRAFT, unsigned -- not placed] | 2025-12-15 (CO)SPONSORED 2 bill(s) on the area with no reading: H.R. 1061 Protecting Sensitive Locations Act; H.R. 1954 Do No Harm Act [no reading -- not placed] | 2025-04-29 COSPONSORED H.R. 15 Equality Act [reading DRAFT, unsigned -- not placed]",D,CA-7
Dwight Evans (D) - PA-3,,,1,,,,no signed reading,n/a (evidence only),3,,"VOTE NAY (D): 2026-07-22 Self of Texas Part A Amendment No. 28 On Agreeing to the Amendment: An amendment numbered 28 printed in Part A of House Report 119-755 to codify protections a (Agreed to 221-210) [reading DRAFT, unsigned -- not placed] | 2025-06-02 (CO)SPONSORED 2 bill(s) on the area with no reading: H.R. 1061 Protecting Sensitive Locations Act; H.R. 1954 Do No Harm Act [no reading -- not placed] | 2025-04-29 COSPONSORED H.R. 15 Equality Act [reading DRAFT, unsigned -- not placed]",D,PA-3
Emanuel Cleaver (D) - MO-5,,,1,,,,no signed reading,n/a (evidence only),3,,"VOTE NAY (D): 2026-07-22 Self of Texas Part A Amendment No. 28 On Agreeing to the Amendment: An amendment numbered 28 printed in Part A of House Report 119-755 to codify protections a (Agreed to 221-210) [reading DRAFT, unsigned -- not placed] | 2025-12-03 (CO)SPONSORED 3 bill(s) on the area with no reading: H.R. 1061 Protecting Sensitive Locations Act; H.Res. 925 Condemning the Government of Iran's state-spo; H.R. 1954 Do No Harm Act [no reading -- not placed] | 2025-04-29 COSPONSORED H.R. 15 Equality Act [reading DRAFT, unsigned -- not placed]",D,MO-5
Emily Randall (D) - WA-6,,,1,,,,no signed reading,n/a (evidence only),3,,"VOTE NAY (D): 2026-07-22 Self of Texas Part A Amendment No. 28 On Agreeing to the Amendment: An amendment numbered 28 printed in Part A of House Report 119-755 to codify protections a (Agreed to 221-210) [reading DRAFT, unsigned -- not placed] | 2026-01-16 (CO)SPONSORED 2 bill(s) on the area with no reading: H.R. 1061 Protecting Sensitive Locations Act; H.R. 1954 Do No Harm Act [no reading -- not placed] | 2025-04-29 COSPONSORED H.R. 15 Equality Act [reading DRAFT, unsigned -- not placed]",D,WA-6
Eric Sorensen (D) - IL-17,,,1,,,,no signed reading,n/a (evidence only),3,,"VOTE NAY (D): 2026-07-22 Self of Texas Part A Amendment No. 28 On Agreeing to the Amendment: An amendment numbered 28 printed in Part A of House Report 119-755 to codify protections a (Agreed to 221-210) [reading DRAFT, unsigned -- not placed] | 2026-02-20 (CO)SPONSORED 1 bill(s) on the area with no reading: H.R. 1061 Protecting Sensitive Locations Act [no reading -- not placed] | 2025-04-29 COSPONSORED H.R. 15 Equality Act [reading DRAFT, unsigned -- not placed]",D,IL-17
Eugene Simon Vindman (D) - VA-7,,,1,,,,no signed reading,n/a (evidence only),3,,"2026-07-23 (CO)SPONSORED 3 bill(s) on the area with no reading: H.R. 8239 SACRED Act; H.R. 2635 Uyghur Policy Act of 2025; H.R. 4425 Palliative Care and Hospice Education and Tra [no reading -- not placed] | VOTE NAY (D): 2026-07-22 Self of Texas Part A Amendment No. 28 On Agreeing to the Amendment: An amendment numbered 28 printed in Part A of House Report 119-755 to codify protections a (Agreed to 221-210) [reading DRAFT, unsigned -- not placed] | 2025-04-29 COSPONSORED H.R. 15 Equality Act [reading DRAFT, unsigned -- not placed]",D,VA-7
Frank J. Mrvan (D) - IN-1,,,1,,,,no signed reading,n/a (evidence only),3,,"VOTE NAY (D): 2026-07-22 Self of Texas Part A Amendment No. 28 On Agreeing to the Amendment: An amendment numbered 28 printed in Part A of House Report 119-755 to codify protections a (Agreed to 221-210) [reading DRAFT, unsigned -- not placed] | 2025-04-29 COSPONSORED H.R. 15 Equality Act [reading DRAFT, unsigned -- not placed] | 2025-03-06 (CO)SPONSORED 1 bill(s) on the area with no reading: H.R. 1954 Do No Harm Act [no reading -- not placed]",D,IN-1
"Frank Pallone, Jr. (D) - NJ-6",,,1,,,,no signed reading,n/a (evidence only),3,,"VOTE NAY (D): 2026-07-22 Self of Texas Part A Amendment No. 28 On Agreeing to the Amendment: An amendment numbered 28 printed in Part A of House Report 119-755 to codify protections a (Agreed to 221-210) [reading DRAFT, unsigned -- not placed] | 2025-04-29 COSPONSORED H.R. 15 Equality Act [reading DRAFT, unsigned -- not placed] | 2025-03-06 (CO)SPONSORED 3 bill(s) on the area with no reading: H.R. 1061 Protecting Sensitive Locations Act; H.R. 1954 Do No Harm Act; H.Res. 69 Celebrating Hindu Americans, condemning attac [no reading -- not placed]",D,NJ-6
Frederica S. Wilson (D) - FL-24,,,1,,,,no signed reading,n/a (evidence only),3,,"2026-07-22 NOT VOTING: Self of Texas Part A Amendment No. 28 On Agreeing to the Amendment: An amendment numbered 28 printed in Part A of House Report 119-755 to codify protections a (Agreed to 221-210) [no direction recorded] | 2025-11-10 (CO)SPONSORED 2 bill(s) on the area with no reading: H.R. 1061 Protecting Sensitive Locations Act; H.R. 1954 Do No Harm Act [no reading -- not placed] | 2025-04-29 COSPONSORED H.R. 15 Equality Act [reading DRAFT, unsigned -- not placed]",D,FL-24
Gabe Amo (D) - RI-1,,,1,,,,no signed reading,n/a (evidence only),3,,"VOTE NAY (D): 2026-07-22 Self of Texas Part A Amendment No. 28 On Agreeing to the Amendment: An amendment numbered 28 printed in Part A of House Report 119-755 to codify protections a (Agreed to 221-210) [reading DRAFT, unsigned -- not placed] | 2026-02-10 (CO)SPONSORED 4 bill(s) on the area with no reading: H.R. 1061 Protecting Sensitive Locations Act; H.R. 1954 Do No Harm Act; H.Res. 930 Commemorating the 78th birthday of Jimmy Lai ; H.R. 2635 Uyghur Policy Act of 2025 [no reading -- not placed] | 2025-04-29 COSPONSORED H.R. 15 Equality Act [reading DRAFT, unsigned -- not placed]",D,RI-1
Gabe Vasquez (D) - NM-2,,,1,,,,no signed reading,n/a (evidence only),3,,"VOTE NAY (D): 2026-07-22 Self of Texas Part A Amendment No. 28 On Agreeing to the Amendment: An amendment numbered 28 printed in Part A of House Report 119-755 to codify protections a (Agreed to 221-210) [reading DRAFT, unsigned -- not placed] | 2026-02-04 (CO)SPONSORED 2 bill(s) on the area with no reading: H.R. 1061 Protecting Sensitive Locations Act; H.Res. 925 Condemning the Government of Iran's state-spo [no reading -- not placed] | 2025-04-29 COSPONSORED H.R. 15 Equality Act [reading DRAFT, unsigned -- not placed]",D,NM-2
George Latimer (D) - NY-16,,,1,,,,no signed reading,n/a (evidence only),3,,"VOTE NAY (D): 2026-07-22 Self of Texas Part A Amendment No. 28 On Agreeing to the Amendment: An amendment numbered 28 printed in Part A of House Report 119-755 to codify protections a (Agreed to 221-210) [reading DRAFT, unsigned -- not placed] | 2026-01-13 (CO)SPONSORED 3 bill(s) on the area with no reading: H.R. 1061 Protecting Sensitive Locations Act; H.R. 1954 Do No Harm Act; H.Res. 69 Celebrating Hindu Americans, condemning attac [no reading -- not placed] | 2025-04-29 COSPONSORED H.R. 15 Equality Act [reading DRAFT, unsigned -- not placed]",D,NY-16
"Gilbert Ray Cisneros, Jr. (D) - CA-31",,,1,,,,no signed reading,n/a (evidence only),3,,"VOTE NAY (D): 2026-07-22 Self of Texas Part A Amendment No. 28 On Agreeing to the Amendment: An amendment numbered 28 printed in Part A of House Report 119-755 to codify protections a (Agreed to 221-210) [reading DRAFT, unsigned -- not placed] | 2026-05-19 (CO)SPONSORED 3 bill(s) on the area with no reading: H.R. 1061 Protecting Sensitive Locations Act; H.Res. 925 Condemning the Government of Iran's state-spo; H.R. 1954 Do No Harm Act [no reading -- not placed] | 2025-04-29 COSPONSORED H.R. 15 Equality Act [reading DRAFT, unsigned -- not placed]",D,CA-31
Glenn Grothman (R) - WI-6,,,1,,,,no signed reading,n/a (evidence only),3,,"VOTE YEA (R): 2026-07-22 Self of Texas Part A Amendment No. 28 On Agreeing to the Amendment: An amendment numbered 28 printed in Part A of House Report 119-755 to codify protections a (Agreed to 221-210) [reading DRAFT, unsigned -- not placed] | 2026-04-02 (CO)SPONSORED 3 bill(s) on the area with no reading: H.Res. 594 Condemning the persecution of Christians in M; H.R. 8182 Banning Perpetrators of Religious Persecution; H.Res. 860 Commending President Trump for Redesignating  [no reading -- not placed] | 2025-09-15 COSPONSORED H.R. 589 FACE Act Repeal Act of 2025 [reading DRAFT, unsigned -- not placed]",R,WI-6
Grace Meng (D) - NY-6,,,1,,,,no signed reading,n/a (evidence only),3,,"VOTE NAY (D): 2026-07-22 Self of Texas Part A Amendment No. 28 On Agreeing to the Amendment: An amendment numbered 28 printed in Part A of House Report 119-755 to codify protections a (Agreed to 221-210) [reading DRAFT, unsigned -- not placed] | 2025-04-29 COSPONSORED H.R. 15 Equality Act [reading DRAFT, unsigned -- not placed] | 2025-02-13 (CO)SPONSORED 1 bill(s) on the area with no reading: H.R. 1061 Protecting Sensitive Locations Act [no reading -- not placed]",D,NY-6
Greg Casar (D) - TX-35,,,1,,,,no signed reading,n/a (evidence only),3,,"VOTE NAY (D): 2026-07-22 Self of Texas Part A Amendment No. 28 On Agreeing to the Amendment: An amendment numbered 28 printed in Part A of House Report 119-755 to codify protections a (Agreed to 221-210) [reading DRAFT, unsigned -- not placed] | 2025-04-29 COSPONSORED H.R. 15 Equality Act [reading DRAFT, unsigned -- not placed] | 2025-03-10 (CO)SPONSORED 2 bill(s) on the area with no reading: H.R. 1061 Protecting Sensitive Locations Act; H.R. 1954 Do No Harm Act [no reading -- not placed]",D,TX-35
Greg Landsman (D) - OH-1,,,1,,,,no signed reading,n/a (evidence only),3,,"VOTE NAY (D): 2026-07-22 Self of Texas Part A Amendment No. 28 On Agreeing to the Amendment: An amendment numbered 28 printed in Part A of House Report 119-755 to codify protections a (Agreed to 221-210) [reading DRAFT, unsigned -- not placed] | 2026-03-20 (CO)SPONSORED 3 bill(s) on the area with no reading: H.R. 1061 Protecting Sensitive Locations Act; H.Res. 1130 Recognizing the Bangladesh Genocide of 1971 a (sponsor); H.Res. 69 Celebrating Hindu Americans, condemning attac [no reading -- not placed] | 2025-04-29 COSPONSORED H.R. 15 Equality Act [reading DRAFT, unsigned -- not placed]",D,OH-1
Greg Stanton (D) - AZ-4,,,1,,,,no signed reading,n/a (evidence only),3,,"VOTE NAY (D): 2026-07-22 Self of Texas Part A Amendment No. 28 On Agreeing to the Amendment: An amendment numbered 28 printed in Part A of House Report 119-755 to codify protections a (Agreed to 221-210) [reading DRAFT, unsigned -- not placed] | 2026-04-29 (CO)SPONSORED 4 bill(s) on the area with no reading: H.R. 1061 Protecting Sensitive Locations Act; H.Res. 925 Condemning the Government of Iran's state-spo; H.R. 1954 Do No Harm Act; H.Res. 930 Commemorating the 78th birthday of Jimmy Lai  [no reading -- not placed] | 2025-04-29 COSPONSORED H.R. 15 Equality Act [reading DRAFT, unsigned -- not placed]",D,AZ-4
Gregory W. Meeks (D) - NY-5,,,1,,,,no signed reading,n/a (evidence only),3,,"VOTE NAY (D): 2026-07-22 Self of Texas Part A Amendment No. 28 On Agreeing to the Amendment: An amendment numbered 28 printed in Part A of House Report 119-755 to codify protections a (Agreed to 221-210) [reading DRAFT, unsigned -- not placed] | 2026-01-07 (CO)SPONSORED 2 bill(s) on the area with no reading: H.Res. 930 Commemorating the 78th birthday of Jimmy Lai ; H.R. 2635 Uyghur Policy Act of 2025 [no reading -- not placed] | 2025-04-29 COSPONSORED H.R. 15 Equality Act [reading DRAFT, unsigned -- not placed]",D,NY-5
Gwen Moore (D) - WI-4,,,1,,,,no signed reading,n/a (evidence only),3,,"VOTE NAY (D): 2026-07-22 Self of Texas Part A Amendment No. 28 On Agreeing to the Amendment: An amendment numbered 28 printed in Part A of House Report 119-755 to codify protections a (Agreed to 221-210) [reading DRAFT, unsigned -- not placed] | 2025-04-29 COSPONSORED H.R. 15 Equality Act [reading DRAFT, unsigned -- not placed] | 2025-02-06 (CO)SPONSORED 1 bill(s) on the area with no reading: H.R. 1061 Protecting Sensitive Locations Act [no reading -- not placed]",D,WI-4
Haley M. Stevens (D) - MI-11,,,1,,,,no signed reading,n/a (evidence only),3,,"VOTE NAY (D): 2026-07-22 Self of Texas Part A Amendment No. 28 On Agreeing to the Amendment: An amendment numbered 28 printed in Part A of House Report 119-755 to codify protections a (Agreed to 221-210) [reading DRAFT, unsigned -- not placed] | 2026-04-20 (CO)SPONSORED 3 bill(s) on the area with no reading: H.R. 1061 Protecting Sensitive Locations Act; H.Res. 925 Condemning the Government of Iran's state-spo; H.R. 1954 Do No Harm Act [no reading -- not placed] | 2025-04-29 COSPONSORED H.R. 15 Equality Act [reading DRAFT, unsigned -- not placed]",D,MI-11
"Henry C. ""Hank"" Johnson, Jr. (D) - GA-4",,,1,,,,no signed reading,n/a (evidence only),3,,"VOTE NAY (D): 2026-07-22 Self of Texas Part A Amendment No. 28 On Agreeing to the Amendment: An amendment numbered 28 printed in Part A of House Report 119-755 to codify protections a (Agreed to 221-210) [reading DRAFT, unsigned -- not placed] | 2026-05-07 (CO)SPONSORED 4 bill(s) on the area with no reading: H.R. 1061 Protecting Sensitive Locations Act; H.Res. 925 Condemning the Government of Iran's state-spo; H.R. 1954 Do No Harm Act; H.R. 897 Aviation-Impacted Communities Act [no reading -- not placed] | 2025-04-29 COSPONSORED H.R. 15 Equality Act [reading DRAFT, unsigned -- not placed]",D,GA-4
Ilhan Omar (D) - MN-5,,,1,,,,no signed reading,n/a (evidence only),3,,"VOTE NAY (D): 2026-07-22 Self of Texas Part A Amendment No. 28 On Agreeing to the Amendment: An amendment numbered 28 printed in Part A of House Report 119-755 to codify protections a (Agreed to 221-210) [reading DRAFT, unsigned -- not placed] | 2025-07-02 (CO)SPONSORED 3 bill(s) on the area with no reading: H.R. 1061 Protecting Sensitive Locations Act; H.R. 1954 Do No Harm Act; H.Res. 515 Commemorating the 90th birthday of His Holine [no reading -- not placed] | 2025-04-29 COSPONSORED H.R. 15 Equality Act [reading DRAFT, unsigned -- not placed]",D,MN-5
J. Luis Correa (D) - CA-46,,,1,,,,no signed reading,n/a (evidence only),3,,"VOTE NAY (D): 2026-07-22 Self of Texas Part A Amendment No. 28 On Agreeing to the Amendment: An amendment numbered 28 printed in Part A of House Report 119-755 to codify protections a (Agreed to 221-210) [reading DRAFT, unsigned -- not placed] | 2025-04-29 COSPONSORED H.R. 15 Equality Act [reading DRAFT, unsigned -- not placed] | 2025-02-12 (CO)SPONSORED 1 bill(s) on the area with no reading: H.R. 1061 Protecting Sensitive Locations Act [no reading -- not placed]",D,CA-46
Jahana Hayes (D) - CT-5,,,1,,,,no signed reading,n/a (evidence only),3,,"VOTE NAY (D): 2026-07-22 Self of Texas Part A Amendment No. 28 On Agreeing to the Amendment: An amendment numbered 28 printed in Part A of House Report 119-755 to codify protections a (Agreed to 221-210) [reading DRAFT, unsigned -- not placed] | 2025-04-29 COSPONSORED H.R. 15 Equality Act [reading DRAFT, unsigned -- not placed] | 2025-02-06 (CO)SPONSORED 1 bill(s) on the area with no reading: H.R. 1061 Protecting Sensitive Locations Act [no reading -- not placed]",D,CT-5
Jake Auchincloss (D) - MA-4,,,1,,,,no signed reading,n/a (evidence only),3,,"VOTE NAY (D): 2026-07-22 Self of Texas Part A Amendment No. 28 On Agreeing to the Amendment: An amendment numbered 28 printed in Part A of House Report 119-755 to codify protections a (Agreed to 221-210) [reading DRAFT, unsigned -- not placed] | 2025-12-03 (CO)SPONSORED 2 bill(s) on the area with no reading: H.Res. 925 Condemning the Government of Iran's state-spo; H.R. 1954 Do No Harm Act [no reading -- not placed] | 2025-04-29 COSPONSORED H.R. 15 Equality Act [reading DRAFT, unsigned -- not placed]",D,MA-4
James A. Himes (D) - CT-4,,,1,,,,no signed reading,n/a (evidence only),3,,"VOTE NAY (D): 2026-07-22 Self of Texas Part A Amendment No. 28 On Agreeing to the Amendment: An amendment numbered 28 printed in Part A of House Report 119-755 to codify protections a (Agreed to 221-210) [reading DRAFT, unsigned -- not placed] | 2025-12-11 (CO)SPONSORED 1 bill(s) on the area with no reading: H.R. 1954 Do No Harm Act [no reading -- not placed] | 2025-04-29 COSPONSORED H.R. 15 Equality Act [reading DRAFT, unsigned -- not placed]",D,CT-4
James E. Clyburn (D) - SC-6,,,1,,,,no signed reading,n/a (evidence only),3,,"VOTE NAY (D): 2026-07-22 Self of Texas Part A Amendment No. 28 On Agreeing to the Amendment: An amendment numbered 28 printed in Part A of House Report 119-755 to codify protections a (Agreed to 221-210) [reading DRAFT, unsigned -- not placed] | 2025-12-15 (CO)SPONSORED 1 bill(s) on the area with no reading: H.R. 1061 Protecting Sensitive Locations Act [no reading -- not placed] | 2025-04-29 COSPONSORED H.R. 15 Equality Act [reading DRAFT, unsigned -- not placed]",D,SC-6
James P. McGovern (D) - MA-2,,,1,,,,no signed reading,n/a (evidence only),3,,"VOTE NAY (D): 2026-07-22 Self of Texas Part A Amendment No. 28 On Agreeing to the Amendment: An amendment numbered 28 printed in Part A of House Report 119-755 to codify protections a (Agreed to 221-210) [reading DRAFT, unsigned -- not placed] | 2026-06-30 (CO)SPONSORED 7 bill(s) on the area with no reading: H.R. 1061 Protecting Sensitive Locations Act; H.Res. 925 Condemning the Government of Iran's state-spo; H.Res. 738 Expressing concern regarding severe restricti; H.Res. 1400 Condemning the People's Republic of China's L; H.R. 1954 Do No Harm Act; H.Res. 930 Commemorating the 78th birthday of Jimmy Lai ; and 1 more [no reading -- not placed] | 2025-04-29 COSPONSORED H.R. 15 Equality Act [reading DRAFT, unsigned -- not placed]",D,MA-2
James R. Walkinshaw (D) - VA-11,,,1,,,,no signed reading,n/a (evidence only),3,,"VOTE NAY (D): 2026-07-22 Self of Texas Part A Amendment No. 28 On Agreeing to the Amendment: An amendment numbered 28 printed in Part A of House Report 119-755 to codify protections a (Agreed to 221-210) [reading DRAFT, unsigned -- not placed] | 2026-04-13 (CO)SPONSORED 4 bill(s) on the area with no reading: H.R. 1061 Protecting Sensitive Locations Act; H.R. 1954 Do No Harm Act; H.Res. 69 Celebrating Hindu Americans, condemning attac; H.R. 2635 Uyghur Policy Act of 2025 [no reading -- not placed] | 2025-09-26 COSPONSORED H.R. 15 Equality Act [reading DRAFT, unsigned -- not placed]",D,VA-11
Jamie Raskin (D) - MD-8,,,1,,,,no signed reading,n/a (evidence only),3,,"2026-09-08 (CO)SPONSORED 6 bill(s) on the area with no reading: H.Res. 925 Condemning the Government of Iran's state-spo; H.R. 1744 United States Commission on International Rel; H.R. 1954 Do No Harm Act; H.Res. 930 Commemorating the 78th birthday of Jimmy Lai ; H.Res. 515 Commemorating the 90th birthday of His Holine; H.R. 897 Aviation-Impacted Communities Act [no reading -- not placed] | VOTE NAY (D): 2026-07-22 Self of Texas Part A Amendment No. 28 On Agreeing to the Amendment: An amendment numbered 28 printed in Part A of House Report 119-755 to codify protections a (Agreed to 221-210) [reading DRAFT, unsigned -- not placed] | 2025-04-29 COSPONSORED H.R. 15 Equality Act [reading DRAFT, unsigned -- not placed]",D,MD-8
Janelle S. Bynum (D) - OR-5,,,1,,,,no signed reading,n/a (evidence only),3,,"VOTE NAY (D): 2026-07-22 Self of Texas Part A Amendment No. 28 On Agreeing to the Amendment: An amendment numbered 28 printed in Part A of House Report 119-755 to codify protections a (Agreed to 221-210) [reading DRAFT, unsigned -- not placed] | 2025-07-16 (CO)SPONSORED 1 bill(s) on the area with no reading: H.R. 1061 Protecting Sensitive Locations Act [no reading -- not placed] | 2025-04-29 COSPONSORED H.R. 15 Equality Act [reading DRAFT, unsigned -- not placed]",D,OR-5
Janice D. Schakowsky (D) - IL-9,,,1,,,,no signed reading,n/a (evidence only),3,,"VOTE NAY (D): 2026-07-22 Self of Texas Part A Amendment No. 28 On Agreeing to the Amendment: An amendment numbered 28 printed in Part A of House Report 119-755 to codify protections a (Agreed to 221-210) [reading DRAFT, unsigned -- not placed] | 2026-01-30 (CO)SPONSORED 5 bill(s) on the area with no reading: H.R. 1061 Protecting Sensitive Locations Act; H.Res. 925 Condemning the Government of Iran's state-spo (sponsor); H.R. 1954 Do No Harm Act; H.Res. 515 Commemorating the 90th birthday of His Holine; H.R. 897 Aviation-Impacted Communities Act [no reading -- not placed] | 2025-04-29 COSPONSORED H.R. 15 Equality Act [reading DRAFT, unsigned -- not placed]",D,IL-9
Jared Huffman (D) - CA-2,,,1,,,,no signed reading,n/a (evidence only),3,,"VOTE NAY (D): 2026-07-22 Self of Texas Part A Amendment No. 28 On Agreeing to the Amendment: An amendment numbered 28 printed in Part A of House Report 119-755 to codify protections a (Agreed to 221-210) [reading DRAFT, unsigned -- not placed] | 2026-01-12 (CO)SPONSORED 3 bill(s) on the area with no reading: H.R. 1061 Protecting Sensitive Locations Act; H.Res. 925 Condemning the Government of Iran's state-spo; H.R. 1954 Do No Harm Act [no reading -- not placed] | 2025-04-29 COSPONSORED H.R. 15 Equality Act [reading DRAFT, unsigned -- not placed]",D,CA-2
Jared Moskowitz (D) - FL-23,,,1,,,,no signed reading,n/a (evidence only),3,,"2026-09-16 (CO)SPONSORED 3 bill(s) on the area with no reading: H.R. 10052 Right to Worship Act; H.R. 1954 Do No Harm Act; H.R. 2635 Uyghur Policy Act of 2025 [no reading -- not placed] | VOTE NAY (D): 2026-07-22 Self of Texas Part A Amendment No. 28 On Agreeing to the Amendment: An amendment numbered 28 printed in Part A of House Report 119-755 to codify protections a (Agreed to 221-210) [reading DRAFT, unsigned -- not placed] | 2025-04-29 COSPONSORED H.R. 15 Equality Act [reading DRAFT, unsigned -- not placed]",D,FL-23
Jasmine Crockett (D) - TX-30,,,1,,,,no signed reading,n/a (evidence only),3,,"VOTE NAY (D): 2026-07-22 Self of Texas Part A Amendment No. 28 On Agreeing to the Amendment: An amendment numbered 28 printed in Part A of House Report 119-755 to codify protections a (Agreed to 221-210) [reading DRAFT, unsigned -- not placed] | 2025-04-29 COSPONSORED H.R. 15 Equality Act [reading DRAFT, unsigned -- not placed] | 2025-02-06 (CO)SPONSORED 1 bill(s) on the area with no reading: H.R. 1061 Protecting Sensitive Locations Act [no reading -- not placed]",D,TX-30
Jason Crow (D) - CO-6,,,1,,,,no signed reading,n/a (evidence only),3,,"VOTE NAY (D): 2026-07-22 Self of Texas Part A Amendment No. 28 On Agreeing to the Amendment: An amendment numbered 28 printed in Part A of House Report 119-755 to codify protections a (Agreed to 221-210) [reading DRAFT, unsigned -- not placed] | 2025-05-14 (CO)SPONSORED 2 bill(s) on the area with no reading: H.R. 1061 Protecting Sensitive Locations Act; H.R. 1744 United States Commission on International Rel [no reading -- not placed] | 2025-04-29 COSPONSORED H.R. 15 Equality Act [reading DRAFT, unsigned -- not placed]",D,CO-6
Jennifer L. McClellan (D) - VA-4,,,1,,,,no signed reading,n/a (evidence only),3,,"VOTE NAY (D): 2026-07-22 Self of Texas Part A Amendment No. 28 On Agreeing to the Amendment: An amendment numbered 28 printed in Part A of House Report 119-755 to codify protections a (Agreed to 221-210) [reading DRAFT, unsigned -- not placed] | 2025-04-29 COSPONSORED H.R. 15 Equality Act [reading DRAFT, unsigned -- not placed] | 2025-03-06 (CO)SPONSORED 1 bill(s) on the area with no reading: H.R. 1954 Do No Harm Act [no reading -- not placed]",D,VA-4
Jerrold Nadler (D) - NY-12,,,1,,,,no signed reading,n/a (evidence only),3,,"VOTE NAY (D): 2026-07-22 Self of Texas Part A Amendment No. 28 On Agreeing to the Amendment: An amendment numbered 28 printed in Part A of House Report 119-755 to codify protections a (Agreed to 221-210) [reading DRAFT, unsigned -- not placed] | 2025-12-15 (CO)SPONSORED 3 bill(s) on the area with no reading: H.R. 1061 Protecting Sensitive Locations Act; H.R. 1954 Do No Harm Act; H.R. 897 Aviation-Impacted Communities Act [no reading -- not placed] | 2025-04-29 COSPONSORED H.R. 15 Equality Act [reading DRAFT, unsigned -- not placed]",D,NY-12
"Jesús G. ""Chuy"" García (D) - IL-4",,,1,,,,no signed reading,n/a (evidence only),3,,"2026-10-05 (CO)SPONSORED 2 bill(s) on the area with no reading: H.R. 1061 Protecting Sensitive Locations Act; H.R. 1954 Do No Harm Act [no reading -- not placed] | VOTE NAY (D): 2026-07-22 Self of Texas Part A Amendment No. 28 On Agreeing to the Amendment: An amendment numbered 28 printed in Part A of House Report 119-755 to codify protections a (Agreed to 221-210) [reading DRAFT, unsigned -- not placed] | 2025-04-29 COSPONSORED H.R. 15 Equality Act [reading DRAFT, unsigned -- not placed]",D,IL-4
Jill N. Tokuda (D) - HI-2,,,1,,,,no signed reading,n/a (evidence only),3,,"VOTE NAY (D): 2026-07-22 Self of Texas Part A Amendment No. 28 On Agreeing to the Amendment: An amendment numbered 28 printed in Part A of House Report 119-755 to codify protections a (Agreed to 221-210) [reading DRAFT, unsigned -- not placed] | 2026-06-11 (CO)SPONSORED 4 bill(s) on the area with no reading: H.R. 1061 Protecting Sensitive Locations Act; H.Res. 925 Condemning the Government of Iran's state-spo; H.R. 1954 Do No Harm Act; H.R. 4425 Palliative Care and Hospice Education and Tra [no reading -- not placed] | 2025-04-29 COSPONSORED H.R. 15 Equality Act [reading DRAFT, unsigned -- not placed]",D,HI-2
Jim Costa (D) - CA-21,,,1,,,,no signed reading,n/a (evidence only),3,,"VOTE NAY (D): 2026-07-22 Self of Texas Part A Amendment No. 28 On Agreeing to the Amendment: An amendment numbered 28 printed in Part A of House Report 119-755 to codify protections a (Agreed to 221-210) [reading DRAFT, unsigned -- not placed] | 2026-01-20 (CO)SPONSORED 2 bill(s) on the area with no reading: H.R. 1061 Protecting Sensitive Locations Act; H.R. 1954 Do No Harm Act [no reading -- not placed] | 2025-04-29 COSPONSORED H.R. 15 Equality Act [reading DRAFT, unsigned -- not placed]",D,CA-21
Jimmy Gomez (D) - CA-34,,,1,,,,no signed reading,n/a (evidence only),3,,"VOTE NAY (D): 2026-07-22 Self of Texas Part A Amendment No. 28 On Agreeing to the Amendment: An amendment numbered 28 printed in Part A of House Report 119-755 to codify protections a (Agreed to 221-210) [reading DRAFT, unsigned -- not placed] | 2025-04-29 COSPONSORED H.R. 15 Equality Act [reading DRAFT, unsigned -- not placed] | 2025-03-06 (CO)SPONSORED 2 bill(s) on the area with no reading: H.R. 1061 Protecting Sensitive Locations Act; H.R. 1954 Do No Harm Act [no reading -- not placed]",D,CA-34
Jimmy Panetta (D) - CA-19,,,1,,,,no signed reading,n/a (evidence only),3,,"2026-09-21 (CO)SPONSORED 4 bill(s) on the area with no reading: H.R. 1061 Protecting Sensitive Locations Act; H.R. 10052 Right to Worship Act; H.R. 8239 SACRED Act; H.R. 1954 Do No Harm Act [no reading -- not placed] | VOTE NAY (D): 2026-07-22 Self of Texas Part A Amendment No. 28 On Agreeing to the Amendment: An amendment numbered 28 printed in Part A of House Report 119-755 to codify protections a (Agreed to 221-210) [reading DRAFT, unsigned -- not placed] | 2025-04-29 COSPONSORED H.R. 15 Equality Act [reading DRAFT, unsigned -- not placed]",D,CA-19
Joaquin Castro (D) - TX-20,,,1,,,,no signed reading,n/a (evidence only),3,,"VOTE NAY (D): 2026-07-22 Self of Texas Part A Amendment No. 28 On Agreeing to the Amendment: An amendment numbered 28 printed in Part A of House Report 119-755 to codify protections a (Agreed to 221-210) [reading DRAFT, unsigned -- not placed] | 2025-04-29 COSPONSORED H.R. 15 Equality Act [reading DRAFT, unsigned -- not placed] | 2025-02-10 (CO)SPONSORED 1 bill(s) on the area with no reading: H.R. 1061 Protecting Sensitive Locations Act [no reading -- not placed]",D,TX-20
Joe Courtney (D) - CT-2,,,1,,,,no signed reading,n/a (evidence only),3,,"VOTE NAY (D): 2026-07-22 Self of Texas Part A Amendment No. 28 On Agreeing to the Amendment: An amendment numbered 28 printed in Part A of House Report 119-755 to codify protections a (Agreed to 221-210) [reading DRAFT, unsigned -- not placed] | 2025-04-29 COSPONSORED H.R. 15 Equality Act [reading DRAFT, unsigned -- not placed] | 2025-03-06 (CO)SPONSORED 1 bill(s) on the area with no reading: H.R. 1954 Do No Harm Act [no reading -- not placed]",D,CT-2
Joe Neguse (D) - CO-2,,,1,,,,no signed reading,n/a (evidence only),3,,"VOTE NAY (D): 2026-07-22 Self of Texas Part A Amendment No. 28 On Agreeing to the Amendment: An amendment numbered 28 printed in Part A of House Report 119-755 to codify protections a (Agreed to 221-210) [reading DRAFT, unsigned -- not placed] | 2026-02-11 (CO)SPONSORED 3 bill(s) on the area with no reading: H.R. 1061 Protecting Sensitive Locations Act; H.R. 1954 Do No Harm Act; H.R. 897 Aviation-Impacted Communities Act [no reading -- not placed] | 2025-04-29 COSPONSORED H.R. 15 Equality Act [reading DRAFT, unsigned -- not placed]",D,CO-2
John B. Larson (D) - CT-1,,,1,,,,no signed reading,n/a (evidence only),3,,"VOTE NAY (D): 2026-07-22 Self of Texas Part A Amendment No. 28 On Agreeing to the Amendment: An amendment numbered 28 printed in Part A of House Report 119-755 to codify protections a (Agreed to 221-210) [reading DRAFT, unsigned -- not placed] | 2025-04-29 COSPONSORED H.R. 15 Equality Act [reading DRAFT, unsigned -- not placed] | 2025-02-06 (CO)SPONSORED 1 bill(s) on the area with no reading: H.R. 1061 Protecting Sensitive Locations Act [no reading -- not placed]",D,CT-1
John Garamendi (D) - CA-8,,,1,,,,no signed reading,n/a (evidence only),3,,"VOTE NAY (D): 2026-07-22 Self of Texas Part A Amendment No. 28 On Agreeing to the Amendment: An amendment numbered 28 printed in Part A of House Report 119-755 to codify protections a (Agreed to 221-210) [reading DRAFT, unsigned -- not placed] | 2025-10-14 (CO)SPONSORED 1 bill(s) on the area with no reading: H.R. 1061 Protecting Sensitive Locations Act [no reading -- not placed] | 2025-04-29 COSPONSORED H.R. 15 Equality Act [reading DRAFT, unsigned -- not placed]",D,CA-8
John H. Rutherford (R) - FL-5,,,1,,,,no signed reading,n/a (evidence only),3,,"VOTE YEA (R): 2026-07-22 Self of Texas Part A Amendment No. 28 On Agreeing to the Amendment: An amendment numbered 28 printed in Part A of House Report 119-755 to codify protections a (Agreed to 221-210) [reading DRAFT, unsigned -- not placed] | 2025-11-19 (CO)SPONSORED 2 bill(s) on the area with no reading: H.Res. 594 Condemning the persecution of Christians in M; H.Res. 860 Commending President Trump for Redesignating  [no reading -- not placed] | 2025-01-23 COSPONSORED H.R. 589 FACE Act Repeal Act of 2025 [reading DRAFT, unsigned -- not placed]",R,FL-5
"Johnny Olszewski, Jr. (D) - MD-2",,,1,,,,no signed reading,n/a (evidence only),3,,"2026-08-10 (CO)SPONSORED 2 bill(s) on the area with no reading: H.R. 1061 Protecting Sensitive Locations Act; H.Res. 69 Celebrating Hindu Americans, condemning attac [no reading -- not placed] | VOTE NAY (D): 2026-07-22 Self of Texas Part A Amendment No. 28 On Agreeing to the Amendment: An amendment numbered 28 printed in Part A of House Report 119-755 to codify protections a (Agreed to 221-210) [reading DRAFT, unsigned -- not placed] | 2025-04-29 COSPONSORED H.R. 15 Equality Act [reading DRAFT, unsigned -- not placed]",D,MD-2
Jonathan L. Jackson (D) - IL-1,,,1,,,,no signed reading,n/a (evidence only),3,,"VOTE NAY (D): 2026-07-22 Self of Texas Part A Amendment No. 28 On Agreeing to the Amendment: An amendment numbered 28 printed in Part A of House Report 119-755 to codify protections a (Agreed to 221-210) [reading DRAFT, unsigned -- not placed] | 2025-10-24 (CO)SPONSORED 2 bill(s) on the area with no reading: H.R. 1061 Protecting Sensitive Locations Act; H.Res. 69 Celebrating Hindu Americans, condemning attac [no reading -- not placed] | 2025-04-29 COSPONSORED H.R. 15 Equality Act [reading DRAFT, unsigned -- not placed]",D,IL-1
Joseph D. Morelle (D) - NY-25,,,1,,,,no signed reading,n/a (evidence only),3,,"VOTE NAY (D): 2026-07-22 Self of Texas Part A Amendment No. 28 On Agreeing to the Amendment: An amendment numbered 28 printed in Part A of House Report 119-755 to codify protections a (Agreed to 221-210) [reading DRAFT, unsigned -- not placed] | 2025-04-29 COSPONSORED H.R. 15 Equality Act [reading DRAFT, unsigned -- not placed] | 2025-03-31 (CO)SPONSORED 1 bill(s) on the area with no reading: H.R. 1954 Do No Harm Act [no reading -- not placed]",D,NY-25
Josh Gottheimer (D) - NJ-5,,,1,,,,no signed reading,n/a (evidence only),3,,"2026-08-06 (CO)SPONSORED 6 bill(s) on the area with no reading: H.R. 1061 Protecting Sensitive Locations Act; H.Res. 925 Condemning the Government of Iran's state-spo; H.R. 10052 Right to Worship Act; H.R. 8239 SACRED Act; H.R. 1954 Do No Harm Act; H.Res. 69 Celebrating Hindu Americans, condemning attac [no reading -- not placed] | VOTE NAY (D): 2026-07-22 Self of Texas Part A Amendment No. 28 On Agreeing to the Amendment: An amendment numbered 28 printed in Part A of House Report 119-755 to codify protections a (Agreed to 221-210) [reading DRAFT, unsigned -- not placed] | 2025-04-29 COSPONSORED H.R. 15 Equality Act [reading DRAFT, unsigned -- not placed]",D,NJ-5
Josh Harder (D) - CA-9,,,1,,,,no signed reading,n/a (evidence only),3,,"VOTE NAY (D): 2026-07-22 Self of Texas Part A Amendment No. 28 On Agreeing to the Amendment: An amendment numbered 28 printed in Part A of House Report 119-755 to codify protections a (Agreed to 221-210) [reading DRAFT, unsigned -- not placed] | 2025-12-04 (CO)SPONSORED 1 bill(s) on the area with no reading: H.R. 1954 Do No Harm Act [no reading -- not placed] | 2025-04-29 COSPONSORED H.R. 15 Equality Act [reading DRAFT, unsigned -- not placed]",D,CA-9
Josh Riley (D) - NY-19,,,1,,,,no signed reading,n/a (evidence only),3,,"VOTE NAY (D): 2026-07-22 Self of Texas Part A Amendment No. 28 On Agreeing to the Amendment: An amendment numbered 28 printed in Part A of House Report 119-755 to codify protections a (Agreed to 221-210) [reading DRAFT, unsigned -- not placed] | 2026-04-22 (CO)SPONSORED 2 bill(s) on the area with no reading: H.Res. 925 Condemning the Government of Iran's state-spo; H.Res. 515 Commemorating the 90th birthday of His Holine [no reading -- not placed] | 2025-04-29 COSPONSORED H.R. 15 Equality Act [reading DRAFT, unsigned -- not placed]",D,NY-19
Joyce Beatty (D) - OH-3,,,1,,,,no signed reading,n/a (evidence only),3,,"VOTE NAY (D): 2026-07-22 Self of Texas Part A Amendment No. 28 On Agreeing to the Amendment: An amendment numbered 28 printed in Part A of House Report 119-755 to codify protections a (Agreed to 221-210) [reading DRAFT, unsigned -- not placed] | 2026-05-29 (CO)SPONSORED 3 bill(s) on the area with no reading: H.R. 1061 Protecting Sensitive Locations Act; H.R. 8239 SACRED Act; H.R. 1954 Do No Harm Act [no reading -- not placed] | 2025-04-29 COSPONSORED H.R. 15 Equality Act [reading DRAFT, unsigned -- not placed]",D,OH-3
Juan Vargas (D) - CA-52,,,1,,,,no signed reading,n/a (evidence only),3,,"VOTE NAY (D): 2026-07-22 Self of Texas Part A Amendment No. 28 On Agreeing to the Amendment: An amendment numbered 28 printed in Part A of House Report 119-755 to codify protections a (Agreed to 221-210) [reading DRAFT, unsigned -- not placed] | 2025-12-03 (CO)SPONSORED 3 bill(s) on the area with no reading: H.R. 1061 Protecting Sensitive Locations Act; H.Res. 925 Condemning the Government of Iran's state-spo; H.Res. 69 Celebrating Hindu Americans, condemning attac [no reading -- not placed] | 2025-04-29 COSPONSORED H.R. 15 Equality Act [reading DRAFT, unsigned -- not placed]",D,CA-52
Judy Chu (D) - CA-28,,,1,,,,no signed reading,n/a (evidence only),3,,"VOTE NAY (D): 2026-07-22 Self of Texas Part A Amendment No. 28 On Agreeing to the Amendment: An amendment numbered 28 printed in Part A of House Report 119-755 to codify protections a (Agreed to 221-210) [reading DRAFT, unsigned -- not placed] | 2025-04-29 COSPONSORED H.R. 15 Equality Act [reading DRAFT, unsigned -- not placed] | 2025-04-28 (CO)SPONSORED 3 bill(s) on the area with no reading: H.R. 1061 Protecting Sensitive Locations Act; H.R. 1954 Do No Harm Act; H.R. 897 Aviation-Impacted Communities Act [no reading -- not placed]",D,CA-28
Julia Brownley (D) - CA-26,,,1,,,,no signed reading,n/a (evidence only),3,,"VOTE NAY (D): 2026-07-22 Self of Texas Part A Amendment No. 28 On Agreeing to the Amendment: An amendment numbered 28 printed in Part A of House Report 119-755 to codify protections a (Agreed to 221-210) [reading DRAFT, unsigned -- not placed] | 2025-04-29 COSPONSORED H.R. 15 Equality Act [reading DRAFT, unsigned -- not placed] | 2025-03-06 (CO)SPONSORED 2 bill(s) on the area with no reading: H.R. 1954 Do No Harm Act; H.R. 897 Aviation-Impacted Communities Act [no reading -- not placed]",D,CA-26
Julie Johnson (D) - TX-32,,,1,,,,no signed reading,n/a (evidence only),3,,"VOTE NAY (D): 2026-07-22 Self of Texas Part A Amendment No. 28 On Agreeing to the Amendment: An amendment numbered 28 printed in Part A of House Report 119-755 to codify protections a (Agreed to 221-210) [reading DRAFT, unsigned -- not placed] | 2026-07-13 (CO)SPONSORED 3 bill(s) on the area with no reading: H.R. 1061 Protecting Sensitive Locations Act; H.R. 1954 Do No Harm Act; H.Res. 69 Celebrating Hindu Americans, condemning attac [no reading -- not placed] | 2025-04-29 COSPONSORED H.R. 15 Equality Act [reading DRAFT, unsigned -- not placed]",D,TX-32
Kathy Castor (D) - FL-14,,,1,,,,no signed reading,n/a (evidence only),3,,"VOTE NAY (D): 2026-07-22 Self of Texas Part A Amendment No. 28 On Agreeing to the Amendment: An amendment numbered 28 printed in Part A of House Report 119-755 to codify protections a (Agreed to 221-210) [reading DRAFT, unsigned -- not placed] | 2026-03-30 (CO)SPONSORED 1 bill(s) on the area with no reading: H.R. 1061 Protecting Sensitive Locations Act [no reading -- not placed] | 2025-04-29 COSPONSORED H.R. 15 Equality Act [reading DRAFT, unsigned -- not placed]",D,FL-14
Keith Self (R) - TX-3,,,1,,,,no signed reading,n/a (evidence only),3,,"2026-08-27 COSPONSORED H.R. 589 FACE Act Repeal Act of 2025 [reading DRAFT, unsigned -- not placed] | VOTE YEA (R): 2026-07-22 Self of Texas Part A Amendment No. 28 On Agreeing to the Amendment: An amendment numbered 28 printed in Part A of House Report 119-755 to codify protections a (Agreed to 221-210) [reading DRAFT, unsigned -- not placed] | 2026-07-15 (CO)SPONSORED 8 bill(s) on the area with no reading: H.Res. 866 Condemning the persecution of Christians in N; H.Res. 220 Expressing the sense of Congress regarding th; H.R. 8182 Banning Perpetrators of Religious Persecution; H.R. 3163 Military Chaplains Act of 2025 (sponsor); H.Res. 860 Commending President Trump for Redesignating ; H.R. 5758 Enhancing Faith-Based Support for Veterans Ac (sponsor); and 2 more [no reading -- not placed]",R,TX-3
Kelly Morrison (D) - MN-3,,,1,,,,no signed reading,n/a (evidence only),3,,"VOTE NAY (D): 2026-07-22 Self of Texas Part A Amendment No. 28 On Agreeing to the Amendment: An amendment numbered 28 printed in Part A of House Report 119-755 to codify protections a (Agreed to 221-210) [reading DRAFT, unsigned -- not placed] | 2026-02-04 (CO)SPONSORED 1 bill(s) on the area with no reading: H.R. 1061 Protecting Sensitive Locations Act [no reading -- not placed] | 2025-04-29 COSPONSORED H.R. 15 Equality Act [reading DRAFT, unsigned -- not placed]",D,MN-3
Kevin Mullin (D) - CA-15,,,1,,,,no signed reading,n/a (evidence only),3,,"2026-08-03 (CO)SPONSORED 3 bill(s) on the area with no reading: H.R. 1061 Protecting Sensitive Locations Act; H.R. 1954 Do No Harm Act; H.Res. 69 Celebrating Hindu Americans, condemning attac [no reading -- not placed] | VOTE NAY (D): 2026-07-22 Self of Texas Part A Amendment No. 28 On Agreeing to the Amendment: An amendment numbered 28 printed in Part A of House Report 119-755 to codify protections a (Agreed to 221-210) [reading DRAFT, unsigned -- not placed] | 2025-04-29 COSPONSORED H.R. 15 Equality Act [reading DRAFT, unsigned -- not placed]",D,CA-15
Kim Schrier (D) - WA-8,,,1,,,,no signed reading,n/a (evidence only),3,,"VOTE NAY (D): 2026-07-22 Self of Texas Part A Amendment No. 28 On Agreeing to the Amendment: An amendment numbered 28 printed in Part A of House Report 119-755 to codify protections a (Agreed to 221-210) [reading DRAFT, unsigned -- not placed] | 2026-03-03 (CO)SPONSORED 1 bill(s) on the area with no reading: H.R. 1061 Protecting Sensitive Locations Act [no reading -- not placed] | 2025-04-29 COSPONSORED H.R. 15 Equality Act [reading DRAFT, unsigned -- not placed]",D,WA-8
Kristen McDonald Rivet (D) - MI-8,,,1,,,,no signed reading,n/a (evidence only),3,,"VOTE NAY (D): 2026-07-22 Self of Texas Part A Amendment No. 28 On Agreeing to the Amendment: An amendment numbered 28 printed in Part A of House Report 119-755 to codify protections a (Agreed to 221-210) [reading DRAFT, unsigned -- not placed] | 2026-01-22 (CO)SPONSORED 1 bill(s) on the area with no reading: H.R. 1061 Protecting Sensitive Locations Act [no reading -- not placed] | 2025-04-29 COSPONSORED H.R. 15 Equality Act [reading DRAFT, unsigned -- not placed]",D,MI-8
Kweisi Mfume (D) - MD-7,,,1,,,,no signed reading,n/a (evidence only),3,,"VOTE NAY (D): 2026-07-22 Self of Texas Part A Amendment No. 28 On Agreeing to the Amendment: An amendment numbered 28 printed in Part A of House Report 119-755 to codify protections a (Agreed to 221-210) [reading DRAFT, unsigned -- not placed] | 2025-04-29 COSPONSORED H.R. 15 Equality Act [reading DRAFT, unsigned -- not placed] | 2025-03-06 (CO)SPONSORED 2 bill(s) on the area with no reading: H.R. 1061 Protecting Sensitive Locations Act; H.R. 1954 Do No Harm Act [no reading -- not placed]",D,MD-7
LaMonica McIver (D) - NJ-10,,,1,,,,no signed reading,n/a (evidence only),3,,"VOTE NAY (D): 2026-07-22 Self of Texas Part A Amendment No. 28 On Agreeing to the Amendment: An amendment numbered 28 printed in Part A of House Report 119-755 to codify protections a (Agreed to 221-210) [reading DRAFT, unsigned -- not placed] | 2025-04-29 COSPONSORED H.R. 15 Equality Act [reading DRAFT, unsigned -- not placed] | 2025-02-06 (CO)SPONSORED 2 bill(s) on the area with no reading: H.R. 1061 Protecting Sensitive Locations Act; H.Res. 69 Celebrating Hindu Americans, condemning attac [no reading -- not placed]",D,NJ-10
Lateefah Simon (D) - CA-12,,,1,,,,no signed reading,n/a (evidence only),3,,"VOTE NAY (D): 2026-07-22 Self of Texas Part A Amendment No. 28 On Agreeing to the Amendment: An amendment numbered 28 printed in Part A of House Report 119-755 to codify protections a (Agreed to 221-210) [reading DRAFT, unsigned -- not placed] | 2025-11-07 (CO)SPONSORED 2 bill(s) on the area with no reading: H.R. 1061 Protecting Sensitive Locations Act; H.R. 1954 Do No Harm Act [no reading -- not placed] | 2025-04-29 COSPONSORED H.R. 15 Equality Act [reading DRAFT, unsigned -- not placed]",D,CA-12
Laura Friedman (D) - CA-30,,,1,,,,no signed reading,n/a (evidence only),3,,"VOTE NAY (D): 2026-07-22 Self of Texas Part A Amendment No. 28 On Agreeing to the Amendment: An amendment numbered 28 printed in Part A of House Report 119-755 to codify protections a (Agreed to 221-210) [reading DRAFT, unsigned -- not placed] | 2025-04-29 COSPONSORED H.R. 15 Equality Act [reading DRAFT, unsigned -- not placed] | 2025-03-06 (CO)SPONSORED 2 bill(s) on the area with no reading: H.R. 1061 Protecting Sensitive Locations Act; H.R. 1954 Do No Harm Act [no reading -- not placed]",D,CA-30
Laura Gillen (D) - NY-4,,,1,,,,no signed reading,n/a (evidence only),3,,"2026-09-01 (CO)SPONSORED 2 bill(s) on the area with no reading: H.R. 10052 Right to Worship Act; H.R. 8239 SACRED Act [no reading -- not placed] | VOTE NAY (D): 2026-07-22 Self of Texas Part A Amendment No. 28 On Agreeing to the Amendment: An amendment numbered 28 printed in Part A of House Report 119-755 to codify protections a (Agreed to 221-210) [reading DRAFT, unsigned -- not placed] | 2025-04-29 COSPONSORED H.R. 15 Equality Act [reading DRAFT, unsigned -- not placed]",D,NY-4
Lauren Boebert (R) - CO-4,,,1,,,,no signed reading,n/a (evidence only),3,,"VOTE YEA (R): 2026-07-22 Self of Texas Part A Amendment No. 28 On Agreeing to the Amendment: An amendment numbered 28 printed in Part A of House Report 119-755 to codify protections a (Agreed to 221-210) [reading DRAFT, unsigned -- not placed] | 2025-11-12 (CO)SPONSORED 2 bill(s) on the area with no reading: H.R. 5838 Combatting the Persecution of Religious Group; H.Res. 860 Commending President Trump for Redesignating  [no reading -- not placed] | 2025-01-23 COSPONSORED H.R. 589 FACE Act Repeal Act of 2025 [reading DRAFT, unsigned -- not placed]",R,CO-4
Lauren Underwood (D) - IL-14,,,1,,,,no signed reading,n/a (evidence only),3,,"VOTE NAY (D): 2026-07-22 Self of Texas Part A Amendment No. 28 On Agreeing to the Amendment: An amendment numbered 28 printed in Part A of House Report 119-755 to codify protections a (Agreed to 221-210) [reading DRAFT, unsigned -- not placed] | 2025-08-12 (CO)SPONSORED 1 bill(s) on the area with no reading: H.R. 1954 Do No Harm Act [no reading -- not placed] | 2025-04-29 COSPONSORED H.R. 15 Equality Act [reading DRAFT, unsigned -- not placed]",D,IL-14
Linda T. Sánchez (D) - CA-38,,,1,,,,no signed reading,n/a (evidence only),3,,"VOTE NAY (D): 2026-07-22 Self of Texas Part A Amendment No. 28 On Agreeing to the Amendment: An amendment numbered 28 printed in Part A of House Report 119-755 to codify protections a (Agreed to 221-210) [reading DRAFT, unsigned -- not placed] | 2025-04-29 COSPONSORED H.R. 15 Equality Act [reading DRAFT, unsigned -- not placed] | 2025-03-06 (CO)SPONSORED 2 bill(s) on the area with no reading: H.R. 1061 Protecting Sensitive Locations Act; H.R. 1954 Do No Harm Act [no reading -- not placed]",D,CA-38
Lizzie Fletcher (D) - TX-7,,,1,,,,no signed reading,n/a (evidence only),3,,"VOTE NAY (D): 2026-07-22 Self of Texas Part A Amendment No. 28 On Agreeing to the Amendment: An amendment numbered 28 printed in Part A of House Report 119-755 to codify protections a (Agreed to 221-210) [reading DRAFT, unsigned -- not placed] | 2026-02-20 (CO)SPONSORED 2 bill(s) on the area with no reading: H.R. 1061 Protecting Sensitive Locations Act; H.R. 1954 Do No Harm Act [no reading -- not placed] | 2025-04-29 COSPONSORED H.R. 15 Equality Act [reading DRAFT, unsigned -- not placed]",D,TX-7
Lloyd Doggett (D) - TX-37,,,1,,,,no signed reading,n/a (evidence only),3,,"VOTE NAY (D): 2026-07-22 Self of Texas Part A Amendment No. 28 On Agreeing to the Amendment: An amendment numbered 28 printed in Part A of House Report 119-755 to codify protections a (Agreed to 221-210) [reading DRAFT, unsigned -- not placed] | 2025-12-03 (CO)SPONSORED 3 bill(s) on the area with no reading: H.R. 1061 Protecting Sensitive Locations Act; H.Res. 925 Condemning the Government of Iran's state-spo; H.R. 1954 Do No Harm Act [no reading -- not placed] | 2025-04-29 COSPONSORED H.R. 15 Equality Act [reading DRAFT, unsigned -- not placed]",D,TX-37
Lois Frankel (D) - FL-22,,,1,,,,no signed reading,n/a (evidence only),3,,"VOTE NAY (D): 2026-07-22 Self of Texas Part A Amendment No. 28 On Agreeing to the Amendment: An amendment numbered 28 printed in Part A of House Report 119-755 to codify protections a (Agreed to 221-210) [reading DRAFT, unsigned -- not placed] | 2025-10-28 (CO)SPONSORED 2 bill(s) on the area with no reading: H.R. 1061 Protecting Sensitive Locations Act; H.R. 1954 Do No Harm Act [no reading -- not placed] | 2025-04-29 COSPONSORED H.R. 15 Equality Act [reading DRAFT, unsigned -- not placed]",D,FL-22
Lori Trahan (D) - MA-3,,,1,,,,no signed reading,n/a (evidence only),3,,"VOTE NAY (D): 2026-07-22 Self of Texas Part A Amendment No. 28 On Agreeing to the Amendment: An amendment numbered 28 printed in Part A of House Report 119-755 to codify protections a (Agreed to 221-210) [reading DRAFT, unsigned -- not placed] | 2025-04-29 COSPONSORED H.R. 15 Equality Act [reading DRAFT, unsigned -- not placed] | 2025-03-10 (CO)SPONSORED 2 bill(s) on the area with no reading: H.R. 1061 Protecting Sensitive Locations Act; H.R. 1954 Do No Harm Act [no reading -- not placed]",D,MA-3
Luz M. Rivas (D) - CA-29,,,1,,,,no signed reading,n/a (evidence only),3,,"VOTE NAY (D): 2026-07-22 Self of Texas Part A Amendment No. 28 On Agreeing to the Amendment: An amendment numbered 28 printed in Part A of House Report 119-755 to codify protections a (Agreed to 221-210) [reading DRAFT, unsigned -- not placed] | 2025-04-29 COSPONSORED H.R. 15 Equality Act [reading DRAFT, unsigned -- not placed] | 2025-03-03 (CO)SPONSORED 1 bill(s) on the area with no reading: H.R. 1061 Protecting Sensitive Locations Act [no reading -- not placed]",D,CA-29
Madeleine Dean (D) - PA-4,,,1,,,,no signed reading,n/a (evidence only),3,,"2026-08-27 (CO)SPONSORED 3 bill(s) on the area with no reading: H.R. 1061 Protecting Sensitive Locations Act; H.Res. 925 Condemning the Government of Iran's state-spo; H.R. 1954 Do No Harm Act [no reading -- not placed] | VOTE NAY (D): 2026-07-22 Self of Texas Part A Amendment No. 28 On Agreeing to the Amendment: An amendment numbered 28 printed in Part A of House Report 119-755 to codify protections a (Agreed to 221-210) [reading DRAFT, unsigned -- not placed] | 2025-04-29 COSPONSORED H.R. 15 Equality Act [reading DRAFT, unsigned -- not placed]",D,PA-4
Maggie Goodlander (D) - NH-2,,,1,,,,no signed reading,n/a (evidence only),3,,"VOTE NAY (D): 2026-07-22 Self of Texas Part A Amendment No. 28 On Agreeing to the Amendment: An amendment numbered 28 printed in Part A of House Report 119-755 to codify protections a (Agreed to 221-210) [reading DRAFT, unsigned -- not placed] | 2026-04-22 (CO)SPONSORED 1 bill(s) on the area with no reading: H.R. 4425 Palliative Care and Hospice Education and Tra [no reading -- not placed] | 2025-04-29 COSPONSORED H.R. 15 Equality Act [reading DRAFT, unsigned -- not placed]",D,NH-2
Marc A. Veasey (D) - TX-33,,,1,,,,no signed reading,n/a (evidence only),3,,"VOTE NAY (D): 2026-07-22 Self of Texas Part A Amendment No. 28 On Agreeing to the Amendment: An amendment numbered 28 printed in Part A of House Report 119-755 to codify protections a (Agreed to 221-210) [reading DRAFT, unsigned -- not placed] | 2025-04-29 COSPONSORED H.R. 15 Equality Act [reading DRAFT, unsigned -- not placed] | 2025-03-06 (CO)SPONSORED 1 bill(s) on the area with no reading: H.R. 1954 Do No Harm Act [no reading -- not placed]",D,TX-33
Marie Gluesenkamp Perez (D) - WA-3,,,1,,,,no signed reading,n/a (evidence only),3,,"VOTE YEA (D): 2026-07-22 Self of Texas Part A Amendment No. 28 On Agreeing to the Amendment: An amendment numbered 28 printed in Part A of House Report 119-755 to codify protections a (Agreed to 221-210) [reading DRAFT, unsigned -- not placed] | 2026-07-16 (CO)SPONSORED 1 bill(s) on the area with no reading: H.R. 9376 TOURS Act [no reading -- not placed] | 2025-04-29 COSPONSORED H.R. 15 Equality Act [reading DRAFT, unsigned -- not placed]",D,WA-3
Marilyn Strickland (D) - WA-10,,,1,,,,no signed reading,n/a (evidence only),3,,"VOTE NAY (D): 2026-07-22 Self of Texas Part A Amendment No. 28 On Agreeing to the Amendment: An amendment numbered 28 printed in Part A of House Report 119-755 to codify protections a (Agreed to 221-210) [reading DRAFT, unsigned -- not placed] | 2026-02-10 (CO)SPONSORED 2 bill(s) on the area with no reading: H.R. 1061 Protecting Sensitive Locations Act; H.R. 1954 Do No Harm Act [no reading -- not placed] | 2025-04-29 COSPONSORED H.R. 15 Equality Act [reading DRAFT, unsigned -- not placed]",D,WA-10
Mark DeSaulnier (D) - CA-10,,,1,,,,no signed reading,n/a (evidence only),3,,"VOTE NAY (D): 2026-07-22 Self of Texas Part A Amendment No. 28 On Agreeing to the Amendment: An amendment numbered 28 printed in Part A of House Report 119-755 to codify protections a (Agreed to 221-210) [reading DRAFT, unsigned -- not placed] | 2025-04-29 COSPONSORED H.R. 15 Equality Act [reading DRAFT, unsigned -- not placed] | 2025-04-02 (CO)SPONSORED 2 bill(s) on the area with no reading: H.R. 1061 Protecting Sensitive Locations Act; H.R. 1954 Do No Harm Act [no reading -- not placed]",D,CA-10
Mark Harris (R) - NC-8,,,1,,,,no signed reading,n/a (evidence only),3,,"VOTE YEA (R): 2026-07-22 Self of Texas Part A Amendment No. 28 On Agreeing to the Amendment: An amendment numbered 28 printed in Part A of House Report 119-755 to codify protections a (Agreed to 221-210) [reading DRAFT, unsigned -- not placed] | 2025-11-04 (CO)SPONSORED 1 bill(s) on the area with no reading: H.Res. 220 Expressing the sense of Congress regarding th [no reading -- not placed] | 2025-01-31 COSPONSORED H.R. 589 FACE Act Repeal Act of 2025 [reading DRAFT, unsigned -- not placed]",R,NC-8
Mark Pocan (D) - WI-2,,,1,,,,no signed reading,n/a (evidence only),3,,"VOTE NAY (D): 2026-07-22 Self of Texas Part A Amendment No. 28 On Agreeing to the Amendment: An amendment numbered 28 printed in Part A of House Report 119-755 to codify protections a (Agreed to 221-210) [reading DRAFT, unsigned -- not placed] | 2026-01-16 (CO)SPONSORED 3 bill(s) on the area with no reading: H.R. 1061 Protecting Sensitive Locations Act; H.R. 1954 Do No Harm Act; H.Res. 515 Commemorating the 90th birthday of His Holine [no reading -- not placed] | 2025-04-29 COSPONSORED H.R. 15 Equality Act [reading DRAFT, unsigned -- not placed]",D,WI-2
Mark Takano (D) - CA-39,,,1,,,,no signed reading,n/a (evidence only),3,,"VOTE NAY (D): 2026-07-22 Self of Texas Part A Amendment No. 28 On Agreeing to the Amendment: An amendment numbered 28 printed in Part A of House Report 119-755 to codify protections a (Agreed to 221-210) [reading DRAFT, unsigned -- not placed] | 2025-04-29 SPONSORED H.R. 15 Equality Act [reading DRAFT, unsigned -- not placed] | 2025-03-06 (CO)SPONSORED 2 bill(s) on the area with no reading: H.R. 1061 Protecting Sensitive Locations Act; H.R. 1954 Do No Harm Act [no reading -- not placed]",D,CA-39
Mary E. Miller (R) - IL-15,,,1,,,,no signed reading,n/a (evidence only),3,,"VOTE YEA (R): 2026-07-22 Self of Texas Part A Amendment No. 28 On Agreeing to the Amendment: An amendment numbered 28 printed in Part A of House Report 119-755 to codify protections a (Agreed to 221-210) [reading DRAFT, unsigned -- not placed] | 2025-11-07 (CO)SPONSORED 2 bill(s) on the area with no reading: H.Res. 866 Condemning the persecution of Christians in N; H.R. 3163 Military Chaplains Act of 2025 [no reading -- not placed] | 2025-01-21 COSPONSORED H.R. 589 FACE Act Repeal Act of 2025 [reading DRAFT, unsigned -- not placed]",R,IL-15
Mary Gay Scanlon (D) - PA-5,,,1,,,,no signed reading,n/a (evidence only),3,,"VOTE NAY (D): 2026-07-22 Self of Texas Part A Amendment No. 28 On Agreeing to the Amendment: An amendment numbered 28 printed in Part A of House Report 119-755 to codify protections a (Agreed to 221-210) [reading DRAFT, unsigned -- not placed] | 2025-12-09 (CO)SPONSORED 2 bill(s) on the area with no reading: H.R. 1061 Protecting Sensitive Locations Act; H.R. 1954 Do No Harm Act [no reading -- not placed] | 2025-04-29 COSPONSORED H.R. 15 Equality Act [reading DRAFT, unsigned -- not placed]",D,PA-5
Maxine Dexter (D) - OR-3,,,1,,,,no signed reading,n/a (evidence only),3,,"VOTE NAY (D): 2026-07-22 Self of Texas Part A Amendment No. 28 On Agreeing to the Amendment: An amendment numbered 28 printed in Part A of House Report 119-755 to codify protections a (Agreed to 221-210) [reading DRAFT, unsigned -- not placed] | 2025-07-02 (CO)SPONSORED 2 bill(s) on the area with no reading: H.R. 1061 Protecting Sensitive Locations Act; H.Res. 515 Commemorating the 90th birthday of His Holine [no reading -- not placed] | 2025-04-29 COSPONSORED H.R. 15 Equality Act [reading DRAFT, unsigned -- not placed]",D,OR-3
Maxine Waters (D) - CA-43,,,1,,,,no signed reading,n/a (evidence only),3,,"VOTE NAY (D): 2026-07-22 Self of Texas Part A Amendment No. 28 On Agreeing to the Amendment: An amendment numbered 28 printed in Part A of House Report 119-755 to codify protections a (Agreed to 221-210) [reading DRAFT, unsigned -- not placed] | 2026-02-11 (CO)SPONSORED 2 bill(s) on the area with no reading: H.R. 1061 Protecting Sensitive Locations Act; H.R. 1954 Do No Harm Act [no reading -- not placed] | 2025-04-29 COSPONSORED H.R. 15 Equality Act [reading DRAFT, unsigned -- not placed]",D,CA-43
Maxwell Frost (D) - FL-10,,,1,,,,no signed reading,n/a (evidence only),3,,"VOTE NAY (D): 2026-07-22 Self of Texas Part A Amendment No. 28 On Agreeing to the Amendment: An amendment numbered 28 printed in Part A of House Report 119-755 to codify protections a (Agreed to 221-210) [reading DRAFT, unsigned -- not placed] | 2026-03-03 (CO)SPONSORED 2 bill(s) on the area with no reading: H.R. 1061 Protecting Sensitive Locations Act; H.R. 1954 Do No Harm Act [no reading -- not placed] | 2025-04-29 COSPONSORED H.R. 15 Equality Act [reading DRAFT, unsigned -- not placed]",D,FL-10
Melanie A. Stansbury (D) - NM-1,,,1,,,,no signed reading,n/a (evidence only),3,,"VOTE NAY (D): 2026-07-22 Self of Texas Part A Amendment No. 28 On Agreeing to the Amendment: An amendment numbered 28 printed in Part A of House Report 119-755 to codify protections a (Agreed to 221-210) [reading DRAFT, unsigned -- not placed] | 2025-11-12 (CO)SPONSORED 2 bill(s) on the area with no reading: H.R. 1061 Protecting Sensitive Locations Act; H.R. 1954 Do No Harm Act [no reading -- not placed] | 2025-04-29 COSPONSORED H.R. 15 Equality Act [reading DRAFT, unsigned -- not placed]",D,NM-1
Michael Cloud (R) - TX-27,,,1,,,,no signed reading,n/a (evidence only),3,,"VOTE YEA (R): 2026-07-22 Self of Texas Part A Amendment No. 28 On Agreeing to the Amendment: An amendment numbered 28 printed in Part A of House Report 119-755 to codify protections a (Agreed to 221-210) [reading DRAFT, unsigned -- not placed] | 2026-07-15 (CO)SPONSORED 3 bill(s) on the area with no reading: H.Res. 866 Condemning the persecution of Christians in N; H.R. 3163 Military Chaplains Act of 2025; H.Res. 1436 Condemning Omar Suleiman for celebrating the  [no reading -- not placed] | 2025-01-21 COSPONSORED H.R. 589 FACE Act Repeal Act of 2025 [reading DRAFT, unsigned -- not placed]",R,TX-27
Mike Levin (D) - CA-49,,,1,,,,no signed reading,n/a (evidence only),3,,"VOTE NAY (D): 2026-07-22 Self of Texas Part A Amendment No. 28 On Agreeing to the Amendment: An amendment numbered 28 printed in Part A of House Report 119-755 to codify protections a (Agreed to 221-210) [reading DRAFT, unsigned -- not placed] | 2026-04-16 (CO)SPONSORED 3 bill(s) on the area with no reading: H.R. 1954 Do No Harm Act; H.Res. 69 Celebrating Hindu Americans, condemning attac; H.R. 897 Aviation-Impacted Communities Act [no reading -- not placed] | 2025-04-29 COSPONSORED H.R. 15 Equality Act [reading DRAFT, unsigned -- not placed]",D,CA-49
Mike Quigley (D) - IL-5,,,1,,,,no signed reading,n/a (evidence only),3,,"VOTE NAY (D): 2026-07-22 Self of Texas Part A Amendment No. 28 On Agreeing to the Amendment: An amendment numbered 28 printed in Part A of House Report 119-755 to codify protections a (Agreed to 221-210) [reading DRAFT, unsigned -- not placed] | 2025-04-29 COSPONSORED H.R. 15 Equality Act [reading DRAFT, unsigned -- not placed] | 2025-03-06 (CO)SPONSORED 3 bill(s) on the area with no reading: H.R. 1061 Protecting Sensitive Locations Act; H.R. 1954 Do No Harm Act; H.R. 897 Aviation-Impacted Communities Act [no reading -- not placed]",D,IL-5
Mike Thompson (D) - CA-4,,,1,,,,no signed reading,n/a (evidence only),3,,"VOTE NAY (D): 2026-07-22 Self of Texas Part A Amendment No. 28 On Agreeing to the Amendment: An amendment numbered 28 printed in Part A of House Report 119-755 to codify protections a (Agreed to 221-210) [reading DRAFT, unsigned -- not placed] | 2025-11-04 (CO)SPONSORED 1 bill(s) on the area with no reading: H.R. 1061 Protecting Sensitive Locations Act [no reading -- not placed] | 2025-04-29 COSPONSORED H.R. 15 Equality Act [reading DRAFT, unsigned -- not placed]",D,CA-4
Morgan McGarvey (D) - KY-3,,,1,,,,no signed reading,n/a (evidence only),3,,"VOTE NAY (D): 2026-07-22 Self of Texas Part A Amendment No. 28 On Agreeing to the Amendment: An amendment numbered 28 printed in Part A of House Report 119-755 to codify protections a (Agreed to 221-210) [reading DRAFT, unsigned -- not placed] | 2026-01-22 (CO)SPONSORED 2 bill(s) on the area with no reading: H.R. 1061 Protecting Sensitive Locations Act; H.R. 1954 Do No Harm Act [no reading -- not placed] | 2025-04-29 COSPONSORED H.R. 15 Equality Act [reading DRAFT, unsigned -- not placed]",D,KY-3
Nancy Pelosi (D) - CA-11,,,1,,,,no signed reading,n/a (evidence only),3,,"VOTE NAY (D): 2026-07-22 Self of Texas Part A Amendment No. 28 On Agreeing to the Amendment: An amendment numbered 28 printed in Part A of House Report 119-755 to codify protections a (Agreed to 221-210) [reading DRAFT, unsigned -- not placed] | 2025-12-15 (CO)SPONSORED 3 bill(s) on the area with no reading: H.Res. 738 Expressing concern regarding severe restricti; H.Res. 930 Commemorating the 78th birthday of Jimmy Lai ; H.Res. 515 Commemorating the 90th birthday of His Holine [no reading -- not placed] | 2025-04-29 COSPONSORED H.R. 15 Equality Act [reading DRAFT, unsigned -- not placed]",D,CA-11
Nanette Diaz Barragán (D) - CA-44,,,1,,,,no signed reading,n/a (evidence only),3,,"VOTE NAY (D): 2026-07-22 Self of Texas Part A Amendment No. 28 On Agreeing to the Amendment: An amendment numbered 28 printed in Part A of House Report 119-755 to codify protections a (Agreed to 221-210) [reading DRAFT, unsigned -- not placed] | 2025-04-29 COSPONSORED H.R. 15 Equality Act [reading DRAFT, unsigned -- not placed] | 2025-03-06 (CO)SPONSORED 2 bill(s) on the area with no reading: H.R. 1061 Protecting Sensitive Locations Act; H.R. 1954 Do No Harm Act [no reading -- not placed]",D,CA-44
Nathaniel Moran (R) - TX-1,,,1,,,,no signed reading,n/a (evidence only),3,,"VOTE YEA (R): 2026-07-22 Self of Texas Part A Amendment No. 28 On Agreeing to the Amendment: An amendment numbered 28 printed in Part A of House Report 119-755 to codify protections a (Agreed to 221-210) [reading DRAFT, unsigned -- not placed] | 2026-07-15 (CO)SPONSORED 2 bill(s) on the area with no reading: H.Res. 930 Commemorating the 78th birthday of Jimmy Lai ; H.Res. 1436 Condemning Omar Suleiman for celebrating the  [no reading -- not placed] | 2025-07-21 COSPONSORED H.R. 589 FACE Act Repeal Act of 2025 [reading DRAFT, unsigned -- not placed]",R,TX-1
Nellie Pou (D) - NJ-9,,,1,,,,no signed reading,n/a (evidence only),3,,"VOTE NAY (D): 2026-07-22 Self of Texas Part A Amendment No. 28 On Agreeing to the Amendment: An amendment numbered 28 printed in Part A of House Report 119-755 to codify protections a (Agreed to 221-210) [reading DRAFT, unsigned -- not placed] | 2026-03-18 (CO)SPONSORED 2 bill(s) on the area with no reading: H.R. 1061 Protecting Sensitive Locations Act; H.Res. 515 Commemorating the 90th birthday of His Holine [no reading -- not placed] | 2025-04-29 COSPONSORED H.R. 15 Equality Act [reading DRAFT, unsigned -- not placed]",D,NJ-9
Nicholas A. Langworthy (R) - NY-23,,,1,,,,no signed reading,n/a (evidence only),3,,"VOTE YEA (R): 2026-07-22 Self of Texas Part A Amendment No. 28 On Agreeing to the Amendment: An amendment numbered 28 printed in Part A of House Report 119-755 to codify protections a (Agreed to 221-210) [reading DRAFT, unsigned -- not placed] | 2026-06-02 (CO)SPONSORED 1 bill(s) on the area with no reading: H.R. 8239 SACRED Act [no reading -- not placed] | 2025-01-21 COSPONSORED H.R. 589 FACE Act Repeal Act of 2025 [reading DRAFT, unsigned -- not placed]",R,NY-23
Nikema Williams (D) - GA-5,,,1,,,,no signed reading,n/a (evidence only),3,,"VOTE NAY (D): 2026-07-22 Self of Texas Part A Amendment No. 28 On Agreeing to the Amendment: An amendment numbered 28 printed in Part A of House Report 119-755 to codify protections a (Agreed to 221-210) [reading DRAFT, unsigned -- not placed] | 2025-09-26 (CO)SPONSORED 2 bill(s) on the area with no reading: H.R. 1061 Protecting Sensitive Locations Act; H.R. 1954 Do No Harm Act [no reading -- not placed] | 2025-04-29 COSPONSORED H.R. 15 Equality Act [reading DRAFT, unsigned -- not placed]",D,GA-5
Nikki Budzinski (D) - IL-13,,,1,,,,no signed reading,n/a (evidence only),3,,"VOTE NAY (D): 2026-07-22 Self of Texas Part A Amendment No. 28 On Agreeing to the Amendment: An amendment numbered 28 printed in Part A of House Report 119-755 to codify protections a (Agreed to 221-210) [reading DRAFT, unsigned -- not placed] | 2025-11-10 (CO)SPONSORED 1 bill(s) on the area with no reading: H.R. 1061 Protecting Sensitive Locations Act [no reading -- not placed] | 2025-04-29 COSPONSORED H.R. 15 Equality Act [reading DRAFT, unsigned -- not placed]",D,IL-13
Norma J. Torres (D) - CA-35,,,1,,,,no signed reading,n/a (evidence only),3,,"VOTE NAY (D): 2026-07-22 Self of Texas Part A Amendment No. 28 On Agreeing to the Amendment: An amendment numbered 28 printed in Part A of House Report 119-755 to codify protections a (Agreed to 221-210) [reading DRAFT, unsigned -- not placed] | 2025-04-29 COSPONSORED H.R. 15 Equality Act [reading DRAFT, unsigned -- not placed] | 2025-03-06 (CO)SPONSORED 1 bill(s) on the area with no reading: H.R. 1954 Do No Harm Act [no reading -- not placed]",D,CA-35
Nydia M. Velázquez (D) - NY-7,,,1,,,,no signed reading,n/a (evidence only),3,,"VOTE NAY (D): 2026-07-22 Self of Texas Part A Amendment No. 28 On Agreeing to the Amendment: An amendment numbered 28 printed in Part A of House Report 119-755 to codify protections a (Agreed to 221-210) [reading DRAFT, unsigned -- not placed] | 2025-04-29 COSPONSORED H.R. 15 Equality Act [reading DRAFT, unsigned -- not placed] | 2025-02-06 (CO)SPONSORED 1 bill(s) on the area with no reading: H.R. 1061 Protecting Sensitive Locations Act [no reading -- not placed]",D,NY-7
Pat Harrigan (R) - NC-10,,,1,,,,no signed reading,n/a (evidence only),3,,"2026-09-02 (CO)SPONSORED 3 bill(s) on the area with no reading: H.R. 10052 Right to Worship Act; H.Res. 594 Condemning the persecution of Christians in M; H.R. 8769 Military Chaplains Modernization Act of 2026 [no reading -- not placed] | VOTE YEA (R): 2026-07-22 Self of Texas Part A Amendment No. 28 On Agreeing to the Amendment: An amendment numbered 28 printed in Part A of House Report 119-755 to codify protections a (Agreed to 221-210) [reading DRAFT, unsigned -- not placed] | 2025-03-11 COSPONSORED H.R. 589 FACE Act Repeal Act of 2025 [reading DRAFT, unsigned -- not placed]",R,NC-10
Paul Tonko (D) - NY-20,,,1,,,,no signed reading,n/a (evidence only),3,,"VOTE NAY (D): 2026-07-22 Self of Texas Part A Amendment No. 28 On Agreeing to the Amendment: An amendment numbered 28 printed in Part A of House Report 119-755 to codify protections a (Agreed to 221-210) [reading DRAFT, unsigned -- not placed] | 2025-12-02 (CO)SPONSORED 3 bill(s) on the area with no reading: H.R. 1061 Protecting Sensitive Locations Act; H.R. 1954 Do No Harm Act; H.R. 4425 Palliative Care and Hospice Education and Tra [no reading -- not placed] | 2025-04-29 COSPONSORED H.R. 15 Equality Act [reading DRAFT, unsigned -- not placed]",D,NY-20
Pete Aguilar (D) - CA-33,,,1,,,,no signed reading,n/a (evidence only),3,,"VOTE NAY (D): 2026-07-22 Self of Texas Part A Amendment No. 28 On Agreeing to the Amendment: An amendment numbered 28 printed in Part A of House Report 119-755 to codify protections a (Agreed to 221-210) [reading DRAFT, unsigned -- not placed] | 2026-03-30 (CO)SPONSORED 1 bill(s) on the area with no reading: H.R. 1061 Protecting Sensitive Locations Act [no reading -- not placed] | 2025-04-29 COSPONSORED H.R. 15 Equality Act [reading DRAFT, unsigned -- not placed]",D,CA-33
Pete Stauber (R) - MN-8,,,1,,,,no signed reading,n/a (evidence only),3,,"2026-10-01 (CO)SPONSORED 2 bill(s) on the area with no reading: H.Res. 866 Condemning the persecution of Christians in N; H.R. 10052 Right to Worship Act [no reading -- not placed] | VOTE YEA (R): 2026-07-22 Self of Texas Part A Amendment No. 28 On Agreeing to the Amendment: An amendment numbered 28 printed in Part A of House Report 119-755 to codify protections a (Agreed to 221-210) [reading DRAFT, unsigned -- not placed] | 2025-01-21 COSPONSORED H.R. 589 FACE Act Repeal Act of 2025 [reading DRAFT, unsigned -- not placed]",R,MN-8
Pramila Jayapal (D) - WA-7,,,1,,,,no signed reading,n/a (evidence only),3,,"VOTE NAY (D): 2026-07-22 Self of Texas Part A Amendment No. 28 On Agreeing to the Amendment: An amendment numbered 28 printed in Part A of House Report 119-755 to codify protections a (Agreed to 221-210) [reading DRAFT, unsigned -- not placed] | 2025-07-02 (CO)SPONSORED 4 bill(s) on the area with no reading: H.R. 1061 Protecting Sensitive Locations Act; H.R. 1954 Do No Harm Act; H.Res. 515 Commemorating the 90th birthday of His Holine; H.R. 897 Aviation-Impacted Communities Act [no reading -- not placed] | 2025-04-29 COSPONSORED H.R. 15 Equality Act [reading DRAFT, unsigned -- not placed]",D,WA-7
Raja Krishnamoorthi (D) - IL-8,,,1,,,,no signed reading,n/a (evidence only),3,,"VOTE NAY (D): 2026-07-22 Self of Texas Part A Amendment No. 28 On Agreeing to the Amendment: An amendment numbered 28 printed in Part A of House Report 119-755 to codify protections a (Agreed to 221-210) [reading DRAFT, unsigned -- not placed] | 2025-12-04 (CO)SPONSORED 6 bill(s) on the area with no reading: H.R. 1061 Protecting Sensitive Locations Act; H.Res. 925 Condemning the Government of Iran's state-spo; H.R. 1954 Do No Harm Act; H.Res. 69 Celebrating Hindu Americans, condemning attac; H.Res. 930 Commemorating the 78th birthday of Jimmy Lai ; H.Res. 515 Commemorating the 90th birthday of His Holine [no reading -- not placed] | 2025-04-29 COSPONSORED H.R. 15 Equality Act [reading DRAFT, unsigned -- not placed]",D,IL-8
"Randy K. Weber, Sr. (R) - TX-14",,,1,,,,no signed reading,n/a (evidence only),3,,"2026-09-10 (CO)SPONSORED 3 bill(s) on the area with no reading: H.R. 10052 Right to Worship Act; H.R. 8239 SACRED Act; H.Res. 1436 Condemning Omar Suleiman for celebrating the  [no reading -- not placed] | VOTE YEA (R): 2026-07-22 Self of Texas Part A Amendment No. 28 On Agreeing to the Amendment: An amendment numbered 28 printed in Part A of House Report 119-755 to codify protections a (Agreed to 221-210) [reading DRAFT, unsigned -- not placed] | 2025-01-28 COSPONSORED H.R. 589 FACE Act Repeal Act of 2025 [reading DRAFT, unsigned -- not placed]",R,TX-14
Rashida Tlaib (D) - MI-12,,,1,,,,no signed reading,n/a (evidence only),3,,"VOTE NAY (D): 2026-07-22 Self of Texas Part A Amendment No. 28 On Agreeing to the Amendment: An amendment numbered 28 printed in Part A of House Report 119-755 to codify protections a (Agreed to 221-210) [reading DRAFT, unsigned -- not placed] | 2025-04-29 COSPONSORED H.R. 15 Equality Act [reading DRAFT, unsigned -- not placed] | 2025-02-10 (CO)SPONSORED 2 bill(s) on the area with no reading: H.R. 1061 Protecting Sensitive Locations Act; H.R. 897 Aviation-Impacted Communities Act [no reading -- not placed]",D,MI-12
Raul Ruiz (D) - CA-25,,,1,,,,no signed reading,n/a (evidence only),3,,"VOTE NAY (D): 2026-07-22 Self of Texas Part A Amendment No. 28 On Agreeing to the Amendment: An amendment numbered 28 printed in Part A of House Report 119-755 to codify protections a (Agreed to 221-210) [reading DRAFT, unsigned -- not placed] | 2025-11-07 (CO)SPONSORED 2 bill(s) on the area with no reading: H.Res. 69 Celebrating Hindu Americans, condemning attac; H.R. 897 Aviation-Impacted Communities Act [no reading -- not placed] | 2025-04-29 COSPONSORED H.R. 15 Equality Act [reading DRAFT, unsigned -- not placed]",D,CA-25
Richard E. Neal (D) - MA-1,,,1,,,,no signed reading,n/a (evidence only),3,,"VOTE NAY (D): 2026-07-22 Self of Texas Part A Amendment No. 28 On Agreeing to the Amendment: An amendment numbered 28 printed in Part A of House Report 119-755 to codify protections a (Agreed to 221-210) [reading DRAFT, unsigned -- not placed] | 2025-04-29 COSPONSORED H.R. 15 Equality Act [reading DRAFT, unsigned -- not placed] | 2025-03-06 (CO)SPONSORED 1 bill(s) on the area with no reading: H.R. 1954 Do No Harm Act [no reading -- not placed]",D,MA-1
Rick Larsen (D) - WA-2,,,1,,,,no signed reading,n/a (evidence only),3,,"2026-10-05 (CO)SPONSORED 2 bill(s) on the area with no reading: H.R. 1061 Protecting Sensitive Locations Act; H.R. 1954 Do No Harm Act [no reading -- not placed] | VOTE NAY (D): 2026-07-22 Self of Texas Part A Amendment No. 28 On Agreeing to the Amendment: An amendment numbered 28 printed in Part A of House Report 119-755 to codify protections a (Agreed to 221-210) [reading DRAFT, unsigned -- not placed] | 2025-04-29 COSPONSORED H.R. 15 Equality Act [reading DRAFT, unsigned -- not placed]",D,WA-2
Riley M. Moore (R) - WV-2,,,1,,,,no signed reading,n/a (evidence only),3,,"2026-09-14 COSPONSORED H.R. 589 FACE Act Repeal Act of 2025 [reading DRAFT, unsigned -- not placed] | VOTE YEA (R): 2026-07-22 Self of Texas Part A Amendment No. 28 On Agreeing to the Amendment: An amendment numbered 28 printed in Part A of House Report 119-755 to codify protections a (Agreed to 221-210) [reading DRAFT, unsigned -- not placed] | 2026-02-10 (CO)SPONSORED 3 bill(s) on the area with no reading: H.Res. 866 Condemning the persecution of Christians in N (sponsor); H.Res. 594 Condemning the persecution of Christians in M (sponsor); H.R. 7457 Nigeria Religious Freedom and Accountability  [no reading -- not placed]",R,WV-2
Ritchie Torres (D) - NY-15,,,1,,,,no signed reading,n/a (evidence only),3,,"VOTE NAY (D): 2026-07-22 Self of Texas Part A Amendment No. 28 On Agreeing to the Amendment: An amendment numbered 28 printed in Part A of House Report 119-755 to codify protections a (Agreed to 221-210) [reading DRAFT, unsigned -- not placed] | 2026-01-30 (CO)SPONSORED 2 bill(s) on the area with no reading: H.R. 1061 Protecting Sensitive Locations Act; H.R. 1954 Do No Harm Act [no reading -- not placed] | 2025-04-29 COSPONSORED H.R. 15 Equality Act [reading DRAFT, unsigned -- not placed]",D,NY-15
Ro Khanna (D) - CA-17,,,1,,,,no signed reading,n/a (evidence only),3,,"VOTE NAY (D): 2026-07-22 Self of Texas Part A Amendment No. 28 On Agreeing to the Amendment: An amendment numbered 28 printed in Part A of House Report 119-755 to codify protections a (Agreed to 221-210) [reading DRAFT, unsigned -- not placed] | 2026-06-02 (CO)SPONSORED 5 bill(s) on the area with no reading: H.R. 1061 Protecting Sensitive Locations Act; H.R. 1954 Do No Harm Act; H.Res. 69 Celebrating Hindu Americans, condemning attac; H.Res. 930 Commemorating the 78th birthday of Jimmy Lai ; H.R. 897 Aviation-Impacted Communities Act [no reading -- not placed] | 2025-04-29 COSPONSORED H.R. 15 Equality Act [reading DRAFT, unsigned -- not placed]",D,CA-17
"Robert C. ""Bobby"" Scott (D) - VA-3",,,1,,,,no signed reading,n/a (evidence only),3,,"VOTE NAY (D): 2026-07-22 Self of Texas Part A Amendment No. 28 On Agreeing to the Amendment: An amendment numbered 28 printed in Part A of House Report 119-755 to codify protections a (Agreed to 221-210) [reading DRAFT, unsigned -- not placed] | 2025-04-29 COSPONSORED H.R. 15 Equality Act [reading DRAFT, unsigned -- not placed] | 2025-03-06 (CO)SPONSORED 1 bill(s) on the area with no reading: H.R. 1954 Do No Harm Act (sponsor) [no reading -- not placed]",D,VA-3
"Robert F. Onder, Jr. (R) - MO-3",,,1,,,,no signed reading,n/a (evidence only),3,,"2026-07-22 NOT VOTING: Self of Texas Part A Amendment No. 28 On Agreeing to the Amendment: An amendment numbered 28 printed in Part A of House Report 119-755 to codify protections a (Agreed to 221-210) [no direction recorded] | 2026-02-02 (CO)SPONSORED 3 bill(s) on the area with no reading: H.Res. 866 Condemning the persecution of Christians in N; H.Res. 220 Expressing the sense of Congress regarding th; H.Res. 860 Commending President Trump for Redesignating  [no reading -- not placed] | 2025-04-07 COSPONSORED H.R. 589 FACE Act Repeal Act of 2025 [reading DRAFT, unsigned -- not placed]",R,MO-3
Robert Garcia (D) - CA-42,,,1,,,,no signed reading,n/a (evidence only),3,,"VOTE NAY (D): 2026-07-22 Self of Texas Part A Amendment No. 28 On Agreeing to the Amendment: An amendment numbered 28 printed in Part A of House Report 119-755 to codify protections a (Agreed to 221-210) [reading DRAFT, unsigned -- not placed] | 2025-04-29 COSPONSORED H.R. 15 Equality Act [reading DRAFT, unsigned -- not placed] | 2025-03-06 (CO)SPONSORED 2 bill(s) on the area with no reading: H.R. 1061 Protecting Sensitive Locations Act; H.R. 1954 Do No Harm Act [no reading -- not placed]",D,CA-42
Robert Menendez (D) - NJ-8,,,1,,,,no signed reading,n/a (evidence only),3,,"VOTE NAY (D): 2026-07-22 Self of Texas Part A Amendment No. 28 On Agreeing to the Amendment: An amendment numbered 28 printed in Part A of House Report 119-755 to codify protections a (Agreed to 221-210) [reading DRAFT, unsigned -- not placed] | 2025-11-12 (CO)SPONSORED 2 bill(s) on the area with no reading: H.R. 1061 Protecting Sensitive Locations Act; H.R. 1954 Do No Harm Act [no reading -- not placed] | 2025-04-29 COSPONSORED H.R. 15 Equality Act [reading DRAFT, unsigned -- not placed]",D,NJ-8
Robin L. Kelly (D) - IL-2,,,1,,,,no signed reading,n/a (evidence only),3,,"VOTE NAY (D): 2026-07-22 Self of Texas Part A Amendment No. 28 On Agreeing to the Amendment: An amendment numbered 28 printed in Part A of House Report 119-755 to codify protections a (Agreed to 221-210) [reading DRAFT, unsigned -- not placed] | 2025-04-29 COSPONSORED H.R. 15 Equality Act [reading DRAFT, unsigned -- not placed] | 2025-04-08 (CO)SPONSORED 2 bill(s) on the area with no reading: H.R. 1061 Protecting Sensitive Locations Act; H.R. 1954 Do No Harm Act [no reading -- not placed]",D,IL-2
Rosa L. DeLauro (D) - CT-3,,,1,,,,no signed reading,n/a (evidence only),3,,"VOTE NAY (D): 2026-07-22 Self of Texas Part A Amendment No. 28 On Agreeing to the Amendment: An amendment numbered 28 printed in Part A of House Report 119-755 to codify protections a (Agreed to 221-210) [reading DRAFT, unsigned -- not placed] | 2025-04-29 COSPONSORED H.R. 15 Equality Act [reading DRAFT, unsigned -- not placed] | 2025-03-06 (CO)SPONSORED 1 bill(s) on the area with no reading: H.R. 1954 Do No Harm Act [no reading -- not placed]",D,CT-3
Russ Fulcher (R) - ID-1,,,1,,,,no signed reading,n/a (evidence only),3,,"VOTE YEA (R): 2026-07-22 Self of Texas Part A Amendment No. 28 On Agreeing to the Amendment: An amendment numbered 28 printed in Part A of House Report 119-755 to codify protections a (Agreed to 221-210) [reading DRAFT, unsigned -- not placed] | 2025-11-07 (CO)SPONSORED 2 bill(s) on the area with no reading: H.Res. 220 Expressing the sense of Congress regarding th; H.Res. 860 Commending President Trump for Redesignating  [no reading -- not placed] | 2025-01-21 COSPONSORED H.R. 589 FACE Act Repeal Act of 2025 [reading DRAFT, unsigned -- not placed]",R,ID-1
Salud O. Carbajal (D) - CA-24,,,1,,,,no signed reading,n/a (evidence only),3,,"VOTE NAY (D): 2026-07-22 Self of Texas Part A Amendment No. 28 On Agreeing to the Amendment: An amendment numbered 28 printed in Part A of House Report 119-755 to codify protections a (Agreed to 221-210) [reading DRAFT, unsigned -- not placed] | 2025-05-14 (CO)SPONSORED 2 bill(s) on the area with no reading: H.R. 1061 Protecting Sensitive Locations Act; H.R. 1954 Do No Harm Act [no reading -- not placed] | 2025-04-29 COSPONSORED H.R. 15 Equality Act [reading DRAFT, unsigned -- not placed]",D,CA-24
Sam T. Liccardo (D) - CA-16,,,1,,,,no signed reading,n/a (evidence only),3,,"VOTE NAY (D): 2026-07-22 Self of Texas Part A Amendment No. 28 On Agreeing to the Amendment: An amendment numbered 28 printed in Part A of House Report 119-755 to codify protections a (Agreed to 221-210) [reading DRAFT, unsigned -- not placed] | 2025-04-29 COSPONSORED H.R. 15 Equality Act [reading DRAFT, unsigned -- not placed] | 2025-03-03 (CO)SPONSORED 1 bill(s) on the area with no reading: H.R. 1061 Protecting Sensitive Locations Act [no reading -- not placed]",D,CA-16
"Sanford D. Bishop, Jr. (D) - GA-2",,,1,,,,no signed reading,n/a (evidence only),3,,"VOTE NAY (D): 2026-07-22 Self of Texas Part A Amendment No. 28 On Agreeing to the Amendment: An amendment numbered 28 printed in Part A of House Report 119-755 to codify protections a (Agreed to 221-210) [reading DRAFT, unsigned -- not placed] | 2026-02-12 (CO)SPONSORED 2 bill(s) on the area with no reading: H.R. 1061 Protecting Sensitive Locations Act; H.Res. 69 Celebrating Hindu Americans, condemning attac [no reading -- not placed] | 2025-04-29 COSPONSORED H.R. 15 Equality Act [reading DRAFT, unsigned -- not placed]",D,GA-2
Sara Jacobs (D) - CA-51,,,1,,,,no signed reading,n/a (evidence only),3,,"VOTE NAY (D): 2026-07-22 Self of Texas Part A Amendment No. 28 On Agreeing to the Amendment: An amendment numbered 28 printed in Part A of House Report 119-755 to codify protections a (Agreed to 221-210) [reading DRAFT, unsigned -- not placed] | 2025-04-29 COSPONSORED H.R. 15 Equality Act [reading DRAFT, unsigned -- not placed] | 2025-03-06 (CO)SPONSORED 2 bill(s) on the area with no reading: H.R. 1061 Protecting Sensitive Locations Act; H.R. 1954 Do No Harm Act [no reading -- not placed]",D,CA-51
Sarah Elfreth (D) - MD-3,,,1,,,,no signed reading,n/a (evidence only),3,,"VOTE NAY (D): 2026-07-22 Self of Texas Part A Amendment No. 28 On Agreeing to the Amendment: An amendment numbered 28 printed in Part A of House Report 119-755 to codify protections a (Agreed to 221-210) [reading DRAFT, unsigned -- not placed] | 2026-04-02 (CO)SPONSORED 2 bill(s) on the area with no reading: H.R. 1061 Protecting Sensitive Locations Act; H.Res. 925 Condemning the Government of Iran's state-spo [no reading -- not placed] | 2025-04-29 COSPONSORED H.R. 15 Equality Act [reading DRAFT, unsigned -- not placed]",D,MD-3
Sarah McBride (D) - DE-AL,,,1,,,,no signed reading,n/a (evidence only),3,,"2026-09-14 (CO)SPONSORED 4 bill(s) on the area with no reading: H.R. 1061 Protecting Sensitive Locations Act; H.R. 1954 Do No Harm Act; H.R. 4425 Palliative Care and Hospice Education and Tra; H.R. 897 Aviation-Impacted Communities Act [no reading -- not placed] | VOTE NAY (D): 2026-07-22 Self of Texas Part A Amendment No. 28 On Agreeing to the Amendment: An amendment numbered 28 printed in Part A of House Report 119-755 to codify protections a (Agreed to 221-210) [reading DRAFT, unsigned -- not placed] | 2025-04-29 COSPONSORED H.R. 15 Equality Act [reading DRAFT, unsigned -- not placed]",D,DE-AL
Scott H. Peters (D) - CA-50,,,1,,,,no signed reading,n/a (evidence only),3,,"2026-10-06 (CO)SPONSORED 6 bill(s) on the area with no reading: H.R. 1061 Protecting Sensitive Locations Act; H.Res. 925 Condemning the Government of Iran's state-spo; H.R. 10052 Right to Worship Act; H.R. 1954 Do No Harm Act; H.Res. 69 Celebrating Hindu Americans, condemning attac; H.R. 2635 Uyghur Policy Act of 2025 [no reading -- not placed] | VOTE NAY (D): 2026-07-22 Self of Texas Part A Amendment No. 28 On Agreeing to the Amendment: An amendment numbered 28 printed in Part A of House Report 119-755 to codify protections a (Agreed to 221-210) [reading DRAFT, unsigned -- not placed] | 2025-04-29 COSPONSORED H.R. 15 Equality Act [reading DRAFT, unsigned -- not placed]",D,CA-50
Sean Casten (D) - IL-6,,,1,,,,no signed reading,n/a (evidence only),3,,"VOTE NAY (D): 2026-07-22 Self of Texas Part A Amendment No. 28 On Agreeing to the Amendment: An amendment numbered 28 printed in Part A of House Report 119-755 to codify protections a (Agreed to 221-210) [reading DRAFT, unsigned -- not placed] | 2025-04-29 COSPONSORED H.R. 15 Equality Act [reading DRAFT, unsigned -- not placed] | 2025-02-06 (CO)SPONSORED 1 bill(s) on the area with no reading: H.R. 1061 Protecting Sensitive Locations Act [no reading -- not placed]",D,IL-6
Seth Magaziner (D) - RI-2,,,1,,,,no signed reading,n/a (evidence only),3,,"VOTE NAY (D): 2026-07-22 Self of Texas Part A Amendment No. 28 On Agreeing to the Amendment: An amendment numbered 28 printed in Part A of House Report 119-755 to codify protections a (Agreed to 221-210) [reading DRAFT, unsigned -- not placed] | 2026-04-21 (CO)SPONSORED 2 bill(s) on the area with no reading: H.R. 1061 Protecting Sensitive Locations Act; H.R. 1954 Do No Harm Act [no reading -- not placed] | 2025-04-29 COSPONSORED H.R. 15 Equality Act [reading DRAFT, unsigned -- not placed]",D,RI-2
Seth Moulton (D) - MA-6,,,1,,,,no signed reading,n/a (evidence only),3,,"2026-08-27 (CO)SPONSORED 4 bill(s) on the area with no reading: H.R. 1061 Protecting Sensitive Locations Act; H.Res. 925 Condemning the Government of Iran's state-spo; H.R. 1954 Do No Harm Act; H.Res. 930 Commemorating the 78th birthday of Jimmy Lai  [no reading -- not placed] | VOTE NAY (D): 2026-07-22 Self of Texas Part A Amendment No. 28 On Agreeing to the Amendment: An amendment numbered 28 printed in Part A of House Report 119-755 to codify protections a (Agreed to 221-210) [reading DRAFT, unsigned -- not placed] | 2025-04-29 COSPONSORED H.R. 15 Equality Act [reading DRAFT, unsigned -- not placed]",D,MA-6
Sharice Davids (D) - KS-3,,,1,,,,no signed reading,n/a (evidence only),3,,"VOTE NAY (D): 2026-07-22 Self of Texas Part A Amendment No. 28 On Agreeing to the Amendment: An amendment numbered 28 printed in Part A of House Report 119-755 to codify protections a (Agreed to 221-210) [reading DRAFT, unsigned -- not placed] | 2025-04-29 COSPONSORED H.R. 15 Equality Act [reading DRAFT, unsigned -- not placed] | 2025-03-10 (CO)SPONSORED 1 bill(s) on the area with no reading: H.R. 1954 Do No Harm Act [no reading -- not placed]",D,KS-3
Shontel M. Brown (D) - OH-11,,,1,,,,no signed reading,n/a (evidence only),3,,"VOTE NAY (D): 2026-07-22 Self of Texas Part A Amendment No. 28 On Agreeing to the Amendment: An amendment numbered 28 printed in Part A of House Report 119-755 to codify protections a (Agreed to 221-210) [reading DRAFT, unsigned -- not placed] | 2025-10-03 (CO)SPONSORED 1 bill(s) on the area with no reading: H.R. 1061 Protecting Sensitive Locations Act [no reading -- not placed] | 2025-04-29 COSPONSORED H.R. 15 Equality Act [reading DRAFT, unsigned -- not placed]",D,OH-11
Shri Thanedar (D) - MI-13,,,1,,,,no signed reading,n/a (evidence only),3,,"VOTE NAY (D): 2026-07-22 Self of Texas Part A Amendment No. 28 On Agreeing to the Amendment: An amendment numbered 28 printed in Part A of House Report 119-755 to codify protections a (Agreed to 221-210) [reading DRAFT, unsigned -- not placed] | 2026-04-16 (CO)SPONSORED 4 bill(s) on the area with no reading: H.R. 1061 Protecting Sensitive Locations Act; H.Res. 1130 Recognizing the Bangladesh Genocide of 1971 a; H.R. 1954 Do No Harm Act; H.Res. 69 Celebrating Hindu Americans, condemning attac (sponsor) [no reading -- not placed] | 2025-04-29 COSPONSORED H.R. 15 Equality Act [reading DRAFT, unsigned -- not placed]",D,MI-13
Steny H. Hoyer (D) - MD-5,,,1,,,,no signed reading,n/a (evidence only),3,,"VOTE NAY (D): 2026-07-22 Self of Texas Part A Amendment No. 28 On Agreeing to the Amendment: An amendment numbered 28 printed in Part A of House Report 119-755 to codify protections a (Agreed to 221-210) [reading DRAFT, unsigned -- not placed] | 2025-04-29 COSPONSORED H.R. 15 Equality Act [reading DRAFT, unsigned -- not placed] | 2025-03-06 (CO)SPONSORED 1 bill(s) on the area with no reading: H.R. 1954 Do No Harm Act [no reading -- not placed]",D,MD-5
Stephen F. Lynch (D) - MA-8,,,1,,,,no signed reading,n/a (evidence only),3,,"2026-07-30 (CO)SPONSORED 2 bill(s) on the area with no reading: H.R. 1061 Protecting Sensitive Locations Act; H.R. 1954 Do No Harm Act [no reading -- not placed] | VOTE NAY (D): 2026-07-22 Self of Texas Part A Amendment No. 28 On Agreeing to the Amendment: An amendment numbered 28 printed in Part A of House Report 119-755 to codify protections a (Agreed to 221-210) [reading DRAFT, unsigned -- not placed] | 2025-04-29 COSPONSORED H.R. 15 Equality Act [reading DRAFT, unsigned -- not placed]",D,MA-8
Steve Cohen (D) - TN-9,,,1,,,,no signed reading,n/a (evidence only),3,,"2026-09-10 (CO)SPONSORED 2 bill(s) on the area with no reading: H.R. 10052 Right to Worship Act; H.R. 1954 Do No Harm Act [no reading -- not placed] | VOTE NAY (D): 2026-07-22 Self of Texas Part A Amendment No. 28 On Agreeing to the Amendment: An amendment numbered 28 printed in Part A of House Report 119-755 to codify protections a (Agreed to 221-210) [reading DRAFT, unsigned -- not placed] | 2025-04-29 COSPONSORED H.R. 15 Equality Act [reading DRAFT, unsigned -- not placed]",D,TN-9
Steven Horsford (D) - NV-4,,,1,,,,no signed reading,n/a (evidence only),3,,"VOTE NAY (D): 2026-07-22 Self of Texas Part A Amendment No. 28 On Agreeing to the Amendment: An amendment numbered 28 printed in Part A of House Report 119-755 to codify protections a (Agreed to 221-210) [reading DRAFT, unsigned -- not placed] | 2025-12-15 (CO)SPONSORED 1 bill(s) on the area with no reading: H.R. 1061 Protecting Sensitive Locations Act [no reading -- not placed] | 2025-04-29 COSPONSORED H.R. 15 Equality Act [reading DRAFT, unsigned -- not placed]",D,NV-4
Suhas Subramanyam (D) - VA-10,,,1,,,,no signed reading,n/a (evidence only),3,,"VOTE NAY (D): 2026-07-22 Self of Texas Part A Amendment No. 28 On Agreeing to the Amendment: An amendment numbered 28 printed in Part A of House Report 119-755 to codify protections a (Agreed to 221-210) [reading DRAFT, unsigned -- not placed] | 2025-12-03 (CO)SPONSORED 2 bill(s) on the area with no reading: H.Res. 925 Condemning the Government of Iran's state-spo; H.Res. 69 Celebrating Hindu Americans, condemning attac [no reading -- not placed] | 2025-04-29 COSPONSORED H.R. 15 Equality Act [reading DRAFT, unsigned -- not placed]",D,VA-10
Summer L. Lee (D) - PA-12,,,1,,,,no signed reading,n/a (evidence only),3,,"VOTE NAY (D): 2026-07-22 Self of Texas Part A Amendment No. 28 On Agreeing to the Amendment: An amendment numbered 28 printed in Part A of House Report 119-755 to codify protections a (Agreed to 221-210) [reading DRAFT, unsigned -- not placed] | 2025-04-29 COSPONSORED H.R. 15 Equality Act [reading DRAFT, unsigned -- not placed] | 2025-03-10 (CO)SPONSORED 2 bill(s) on the area with no reading: H.R. 1061 Protecting Sensitive Locations Act; H.R. 1954 Do No Harm Act [no reading -- not placed]",D,PA-12
Susie Lee (D) - NV-3,,,1,,,,no signed reading,n/a (evidence only),3,,"VOTE NAY (D): 2026-07-22 Self of Texas Part A Amendment No. 28 On Agreeing to the Amendment: An amendment numbered 28 printed in Part A of House Report 119-755 to codify protections a (Agreed to 221-210) [reading DRAFT, unsigned -- not placed] | 2026-04-16 (CO)SPONSORED 1 bill(s) on the area with no reading: H.Res. 69 Celebrating Hindu Americans, condemning attac [no reading -- not placed] | 2025-04-29 COSPONSORED H.R. 15 Equality Act [reading DRAFT, unsigned -- not placed]",D,NV-3
Suzan K. DelBene (D) - WA-1,,,1,,,,no signed reading,n/a (evidence only),3,,"VOTE NAY (D): 2026-07-22 Self of Texas Part A Amendment No. 28 On Agreeing to the Amendment: An amendment numbered 28 printed in Part A of House Report 119-755 to codify protections a (Agreed to 221-210) [reading DRAFT, unsigned -- not placed] | 2025-04-29 COSPONSORED H.R. 15 Equality Act [reading DRAFT, unsigned -- not placed] | 2025-03-06 (CO)SPONSORED 2 bill(s) on the area with no reading: H.R. 1061 Protecting Sensitive Locations Act; H.R. 1954 Do No Harm Act [no reading -- not placed]",D,WA-1
Suzanne Bonamici (D) - OR-1,,,1,,,,no signed reading,n/a (evidence only),3,,"2026-09-28 (CO)SPONSORED 3 bill(s) on the area with no reading: H.R. 1061 Protecting Sensitive Locations Act; H.Res. 925 Condemning the Government of Iran's state-spo; H.R. 1954 Do No Harm Act [no reading -- not placed] | VOTE NAY (D): 2026-07-22 Self of Texas Part A Amendment No. 28 On Agreeing to the Amendment: An amendment numbered 28 printed in Part A of House Report 119-755 to codify protections a (Agreed to 221-210) [reading DRAFT, unsigned -- not placed] | 2025-04-29 COSPONSORED H.R. 15 Equality Act [reading DRAFT, unsigned -- not placed]",D,OR-1
Sydney Kamlager-Dove (D) - CA-37,,,1,,,,no signed reading,n/a (evidence only),3,,"2026-09-21 (CO)SPONSORED 3 bill(s) on the area with no reading: H.R. 1061 Protecting Sensitive Locations Act; H.R. 10052 Right to Worship Act; H.R. 2635 Uyghur Policy Act of 2025 [no reading -- not placed] | VOTE NAY (D): 2026-07-22 Self of Texas Part A Amendment No. 28 On Agreeing to the Amendment: An amendment numbered 28 printed in Part A of House Report 119-755 to codify protections a (Agreed to 221-210) [reading DRAFT, unsigned -- not placed] | 2025-04-29 COSPONSORED H.R. 15 Equality Act [reading DRAFT, unsigned -- not placed]",D,CA-37
Sylvia R. Garcia (D) - TX-29,,,1,,,,no signed reading,n/a (evidence only),3,,"VOTE NAY (D): 2026-07-22 Self of Texas Part A Amendment No. 28 On Agreeing to the Amendment: An amendment numbered 28 printed in Part A of House Report 119-755 to codify protections a (Agreed to 221-210) [reading DRAFT, unsigned -- not placed] | 2025-04-29 COSPONSORED H.R. 15 Equality Act [reading DRAFT, unsigned -- not placed] | 2025-03-06 (CO)SPONSORED 2 bill(s) on the area with no reading: H.R. 1061 Protecting Sensitive Locations Act; H.R. 1954 Do No Harm Act [no reading -- not placed]",D,TX-29
Ted Lieu (D) - CA-36,,,1,,,,no signed reading,n/a (evidence only),3,,"VOTE NAY (D): 2026-07-22 Self of Texas Part A Amendment No. 28 On Agreeing to the Amendment: An amendment numbered 28 printed in Part A of House Report 119-755 to codify protections a (Agreed to 221-210) [reading DRAFT, unsigned -- not placed] | 2025-08-26 (CO)SPONSORED 3 bill(s) on the area with no reading: H.R. 1061 Protecting Sensitive Locations Act; H.R. 1744 United States Commission on International Rel; H.R. 1954 Do No Harm Act [no reading -- not placed] | 2025-04-29 COSPONSORED H.R. 15 Equality Act [reading DRAFT, unsigned -- not placed]",D,CA-36
Teresa Leger Fernandez (D) - NM-3,,,1,,,,no signed reading,n/a (evidence only),3,,"VOTE NAY (D): 2026-07-22 Self of Texas Part A Amendment No. 28 On Agreeing to the Amendment: An amendment numbered 28 printed in Part A of House Report 119-755 to codify protections a (Agreed to 221-210) [reading DRAFT, unsigned -- not placed] | 2025-06-11 (CO)SPONSORED 1 bill(s) on the area with no reading: H.R. 1954 Do No Harm Act [no reading -- not placed] | 2025-04-29 COSPONSORED H.R. 15 Equality Act [reading DRAFT, unsigned -- not placed]",D,NM-3
Terri A. Sewell (D) - AL-7,,,1,,,,no signed reading,n/a (evidence only),3,,"VOTE NAY (D): 2026-07-22 Self of Texas Part A Amendment No. 28 On Agreeing to the Amendment: An amendment numbered 28 printed in Part A of House Report 119-755 to codify protections a (Agreed to 221-210) [reading DRAFT, unsigned -- not placed] | 2026-03-03 (CO)SPONSORED 2 bill(s) on the area with no reading: H.R. 1061 Protecting Sensitive Locations Act; H.Res. 930 Commemorating the 78th birthday of Jimmy Lai  [no reading -- not placed] | 2025-04-29 COSPONSORED H.R. 15 Equality Act [reading DRAFT, unsigned -- not placed]",D,AL-7
Thomas R. Suozzi (D) - NY-3,,,1,,,,no signed reading,n/a (evidence only),3,,"2026-08-06 (CO)SPONSORED 9 bill(s) on the area with no reading: H.Res. 925 Condemning the Government of Iran's state-spo; H.R. 10052 Right to Worship Act; H.R. 8239 SACRED Act (sponsor); H.R. 1744 United States Commission on International Rel; H.R. 1954 Do No Harm Act; H.Res. 69 Celebrating Hindu Americans, condemning attac; and 3 more [no reading -- not placed] | VOTE NAY (D): 2026-07-22 Self of Texas Part A Amendment No. 28 On Agreeing to the Amendment: An amendment numbered 28 printed in Part A of House Report 119-755 to codify protections a (Agreed to 221-210) [reading DRAFT, unsigned -- not placed] | 2025-04-29 COSPONSORED H.R. 15 Equality Act [reading DRAFT, unsigned -- not placed]",D,NY-3
Timothy M. Kennedy (D) - NY-26,,,1,,,,no signed reading,n/a (evidence only),3,,"VOTE NAY (D): 2026-07-22 Self of Texas Part A Amendment No. 28 On Agreeing to the Amendment: An amendment numbered 28 printed in Part A of House Report 119-755 to codify protections a (Agreed to 221-210) [reading DRAFT, unsigned -- not placed] | 2026-04-09 (CO)SPONSORED 2 bill(s) on the area with no reading: H.R. 1061 Protecting Sensitive Locations Act; H.Res. 925 Condemning the Government of Iran's state-spo [no reading -- not placed] | 2025-04-29 COSPONSORED H.R. 15 Equality Act [reading DRAFT, unsigned -- not placed]",D,NY-26
Val T. Hoyle (D) - OR-4,,,1,,,,no signed reading,n/a (evidence only),3,,"VOTE NAY (D): 2026-07-22 Self of Texas Part A Amendment No. 28 On Agreeing to the Amendment: An amendment numbered 28 printed in Part A of House Report 119-755 to codify protections a (Agreed to 221-210) [reading DRAFT, unsigned -- not placed] | 2026-03-18 (CO)SPONSORED 1 bill(s) on the area with no reading: H.R. 1061 Protecting Sensitive Locations Act [no reading -- not placed] | 2025-04-29 COSPONSORED H.R. 15 Equality Act [reading DRAFT, unsigned -- not placed]",D,OR-4
Valerie P. Foushee (D) - NC-4,,,1,,,,no signed reading,n/a (evidence only),3,,"VOTE NAY (D): 2026-07-22 Self of Texas Part A Amendment No. 28 On Agreeing to the Amendment: An amendment numbered 28 printed in Part A of House Report 119-755 to codify protections a (Agreed to 221-210) [reading DRAFT, unsigned -- not placed] | 2026-05-11 (CO)SPONSORED 2 bill(s) on the area with no reading: H.R. 1061 Protecting Sensitive Locations Act; H.Res. 925 Condemning the Government of Iran's state-spo [no reading -- not placed] | 2025-04-29 COSPONSORED H.R. 15 Equality Act [reading DRAFT, unsigned -- not placed]",D,NC-4
Veronica Escobar (D) - TX-16,,,1,,,,no signed reading,n/a (evidence only),3,,"VOTE NAY (D): 2026-07-22 Self of Texas Part A Amendment No. 28 On Agreeing to the Amendment: An amendment numbered 28 printed in Part A of House Report 119-755 to codify protections a (Agreed to 221-210) [reading DRAFT, unsigned -- not placed] | 2026-04-27 (CO)SPONSORED 1 bill(s) on the area with no reading: H.Res. 925 Condemning the Government of Iran's state-spo [no reading -- not placed] | 2025-04-29 COSPONSORED H.R. 15 Equality Act [reading DRAFT, unsigned -- not placed]",D,TX-16
Warren Davidson (R) - OH-8,,,1,,,,no signed reading,n/a (evidence only),3,,"VOTE YEA (R): 2026-07-22 Self of Texas Part A Amendment No. 28 On Agreeing to the Amendment: An amendment numbered 28 printed in Part A of House Report 119-755 to codify protections a (Agreed to 221-210) [reading DRAFT, unsigned -- not placed] | 2025-07-21 (CO)SPONSORED 1 bill(s) on the area with no reading: H.Res. 594 Condemning the persecution of Christians in M [no reading -- not placed] | 2025-01-21 COSPONSORED H.R. 589 FACE Act Repeal Act of 2025 [reading DRAFT, unsigned -- not placed]",R,OH-8
Wesley Bell (D) - MO-1,,,1,,,,no signed reading,n/a (evidence only),3,,"VOTE NAY (D): 2026-07-22 Self of Texas Part A Amendment No. 28 On Agreeing to the Amendment: An amendment numbered 28 printed in Part A of House Report 119-755 to codify protections a (Agreed to 221-210) [reading DRAFT, unsigned -- not placed] | 2025-11-10 (CO)SPONSORED 2 bill(s) on the area with no reading: H.R. 1061 Protecting Sensitive Locations Act; H.R. 1954 Do No Harm Act [no reading -- not placed] | 2025-04-29 COSPONSORED H.R. 15 Equality Act [reading DRAFT, unsigned -- not placed]",D,MO-1
William R. Keating (D) - MA-9,,,1,,,,no signed reading,n/a (evidence only),3,,"VOTE NAY (D): 2026-07-22 Self of Texas Part A Amendment No. 28 On Agreeing to the Amendment: An amendment numbered 28 printed in Part A of House Report 119-755 to codify protections a (Agreed to 221-210) [reading DRAFT, unsigned -- not placed] | 2026-02-26 (CO)SPONSORED 1 bill(s) on the area with no reading: H.R. 1061 Protecting Sensitive Locations Act [no reading -- not placed] | 2025-04-29 COSPONSORED H.R. 15 Equality Act [reading DRAFT, unsigned -- not placed]",D,MA-9
Yassamin Ansari (D) - AZ-3,,,1,,,,no signed reading,n/a (evidence only),3,,"VOTE NAY (D): 2026-07-22 Self of Texas Part A Amendment No. 28 On Agreeing to the Amendment: An amendment numbered 28 printed in Part A of House Report 119-755 to codify protections a (Agreed to 221-210) [reading DRAFT, unsigned -- not placed] | 2025-04-29 COSPONSORED H.R. 15 Equality Act [reading DRAFT, unsigned -- not placed] | 2025-03-06 (CO)SPONSORED 2 bill(s) on the area with no reading: H.R. 1061 Protecting Sensitive Locations Act; H.R. 1954 Do No Harm Act [no reading -- not placed]",D,AZ-3
Yvette D. Clarke (D) - NY-9,,,1,,,,no signed reading,n/a (evidence only),3,,"VOTE NAY (D): 2026-07-22 Self of Texas Part A Amendment No. 28 On Agreeing to the Amendment: An amendment numbered 28 printed in Part A of House Report 119-755 to codify protections a (Agreed to 221-210) [reading DRAFT, unsigned -- not placed] | 2025-04-29 COSPONSORED H.R. 15 Equality Act [reading DRAFT, unsigned -- not placed] | 2025-02-06 (CO)SPONSORED 1 bill(s) on the area with no reading: H.R. 1061 Protecting Sensitive Locations Act [no reading -- not placed]",D,NY-9
Zoe Lofgren (D) - CA-18,,,1,,,,no signed reading,n/a (evidence only),3,,"VOTE NAY (D): 2026-07-22 Self of Texas Part A Amendment No. 28 On Agreeing to the Amendment: An amendment numbered 28 printed in Part A of House Report 119-755 to codify protections a (Agreed to 221-210) [reading DRAFT, unsigned -- not placed] | 2025-04-29 COSPONSORED H.R. 15 Equality Act [reading DRAFT, unsigned -- not placed] | 2025-02-06 (CO)SPONSORED 1 bill(s) on the area with no reading: H.R. 1061 Protecting Sensitive Locations Act [no reading -- not placed]",D,CA-18
Abraham J. Hamadeh (R) - AZ-8,,,1,,,,no signed reading,n/a (evidence only),2,,"VOTE YEA (R): 2026-07-22 Self of Texas Part A Amendment No. 28 On Agreeing to the Amendment: An amendment numbered 28 printed in Part A of House Report 119-755 to codify protections a (Agreed to 221-210) [reading DRAFT, unsigned -- not placed] | 2026-07-15 (CO)SPONSORED 1 bill(s) on the area with no reading: H.Res. 1436 Condemning Omar Suleiman for celebrating the  [no reading -- not placed]",R,AZ-8
Adam Gray (D) - CA-13,,,1,,,,no signed reading,n/a (evidence only),2,,"VOTE NAY (D): 2026-07-22 Self of Texas Part A Amendment No. 28 On Agreeing to the Amendment: An amendment numbered 28 printed in Part A of House Report 119-755 to codify protections a (Agreed to 221-210) [reading DRAFT, unsigned -- not placed] | 2025-04-29 COSPONSORED H.R. 15 Equality Act [reading DRAFT, unsigned -- not placed]",D,CA-13
Addison P. McDowell (R) - NC-6,,,1,,,,no signed reading,n/a (evidence only),2,,"VOTE YEA (R): 2026-07-22 Self of Texas Part A Amendment No. 28 On Agreeing to the Amendment: An amendment numbered 28 printed in Part A of House Report 119-755 to codify protections a (Agreed to 221-210) [reading DRAFT, unsigned -- not placed] | 2026-04-02 (CO)SPONSORED 4 bill(s) on the area with no reading: H.Res. 866 Condemning the persecution of Christians in N; H.Res. 220 Expressing the sense of Congress regarding th; H.Res. 594 Condemning the persecution of Christians in M; H.R. 8182 Banning Perpetrators of Religious Persecution [no reading -- not placed]",R,NC-6
Analilia Mejia (D) - NJ-11,,,1,,,,no signed reading,n/a (evidence only),2,,"VOTE NAY (D): 2026-07-22 Self of Texas Part A Amendment No. 28 On Agreeing to the Amendment: An amendment numbered 28 printed in Part A of House Report 119-755 to codify protections a (Agreed to 221-210) [reading DRAFT, unsigned -- not placed] | 2026-04-27 COSPONSORED H.R. 15 Equality Act [reading DRAFT, unsigned -- not placed]",D,NJ-11
Andrew Ogles (R) - TN-5,,,1,,,,no signed reading,n/a (evidence only),2,,"VOTE YEA (R): 2026-07-22 Self of Texas Part A Amendment No. 28 On Agreeing to the Amendment: An amendment numbered 28 printed in Part A of House Report 119-755 to codify protections a (Agreed to 221-210) [reading DRAFT, unsigned -- not placed] | 2025-01-21 COSPONSORED H.R. 589 FACE Act Repeal Act of 2025 [reading DRAFT, unsigned -- not placed]",R,TN-5
Andy Barr (R) - KY-6,,,1,,,,no signed reading,n/a (evidence only),2,,"2026-09-02 (CO)SPONSORED 4 bill(s) on the area with no reading: H.R. 10052 Right to Worship Act; H.Res. 861 Expressing condemnation of the Chinese Commun (sponsor); H.Res. 930 Commemorating the 78th birthday of Jimmy Lai ; H.Res. 860 Commending President Trump for Redesignating  [no reading -- not placed] | VOTE YEA (R): 2026-07-22 Self of Texas Part A Amendment No. 28 On Agreeing to the Amendment: An amendment numbered 28 printed in Part A of House Report 119-755 to codify protections a (Agreed to 221-210) [reading DRAFT, unsigned -- not placed]",R,KY-6
August Pfluger (R) - TX-11,,,1,,,,no signed reading,n/a (evidence only),2,,"VOTE YEA (R): 2026-07-22 Self of Texas Part A Amendment No. 28 On Agreeing to the Amendment: An amendment numbered 28 printed in Part A of House Report 119-755 to codify protections a (Agreed to 221-210) [reading DRAFT, unsigned -- not placed] | 2026-07-15 (CO)SPONSORED 2 bill(s) on the area with no reading: H.Res. 866 Condemning the persecution of Christians in N; H.Res. 1436 Condemning Omar Suleiman for celebrating the  [no reading -- not placed]",R,TX-11
Austin Scott (R) - GA-8,,,1,,,,no signed reading,n/a (evidence only),2,,"VOTE YEA (R): 2026-07-22 Self of Texas Part A Amendment No. 28 On Agreeing to the Amendment: An amendment numbered 28 printed in Part A of House Report 119-755 to codify protections a (Agreed to 221-210) [reading DRAFT, unsigned -- not placed] | 2025-03-26 COSPONSORED H.R. 589 FACE Act Repeal Act of 2025 [reading DRAFT, unsigned -- not placed]",R,GA-8
Ayanna Pressley (D) - MA-7,,,1,,,,no signed reading,n/a (evidence only),2,,"VOTE NAY (D): 2026-07-22 Self of Texas Part A Amendment No. 28 On Agreeing to the Amendment: An amendment numbered 28 printed in Part A of House Report 119-755 to codify protections a (Agreed to 221-210) [reading DRAFT, unsigned -- not placed] | 2025-04-29 COSPONSORED H.R. 15 Equality Act [reading DRAFT, unsigned -- not placed]",D,MA-7
Barry Loudermilk (R) - GA-11,,,1,,,,no signed reading,n/a (evidence only),2,,"VOTE YEA (R): 2026-07-22 Self of Texas Part A Amendment No. 28 On Agreeing to the Amendment: An amendment numbered 28 printed in Part A of House Report 119-755 to codify protections a (Agreed to 221-210) [reading DRAFT, unsigned -- not placed] | 2025-10-03 (CO)SPONSORED 1 bill(s) on the area with no reading: H.Res. 594 Condemning the persecution of Christians in M [no reading -- not placed]",R,GA-11
Beth Van Duyne (R) - TX-24,,,1,,,,no signed reading,n/a (evidence only),2,,"VOTE YEA (R): 2026-07-22 Self of Texas Part A Amendment No. 28 On Agreeing to the Amendment: An amendment numbered 28 printed in Part A of House Report 119-755 to codify protections a (Agreed to 221-210) [reading DRAFT, unsigned -- not placed] | 2026-07-15 (CO)SPONSORED 2 bill(s) on the area with no reading: H.Res. 930 Commemorating the 78th birthday of Jimmy Lai ; H.Res. 1436 Condemning Omar Suleiman for celebrating the  (sponsor) [no reading -- not placed]",R,TX-24
Bill Huizenga (R) - MI-4,,,1,,,,no signed reading,n/a (evidence only),2,,"VOTE YEA (R): 2026-07-22 Self of Texas Part A Amendment No. 28 On Agreeing to the Amendment: An amendment numbered 28 printed in Part A of House Report 119-755 to codify protections a (Agreed to 221-210) [reading DRAFT, unsigned -- not placed] | 2026-02-24 (CO)SPONSORED 4 bill(s) on the area with no reading: H.Res. 220 Expressing the sense of Congress regarding th; H.R. 1744 United States Commission on International Rel; H.R. 7457 Nigeria Religious Freedom and Accountability ; H.Res. 860 Commending President Trump for Redesignating  [no reading -- not placed]",R,MI-4
Brad Finstad (R) - MN-1,,,1,,,,no signed reading,n/a (evidence only),2,,"VOTE YEA (R): 2026-07-22 Self of Texas Part A Amendment No. 28 On Agreeing to the Amendment: An amendment numbered 28 printed in Part A of House Report 119-755 to codify protections a (Agreed to 221-210) [reading DRAFT, unsigned -- not placed] | 2025-11-17 (CO)SPONSORED 1 bill(s) on the area with no reading: H.Res. 866 Condemning the persecution of Christians in N [no reading -- not placed]",R,MN-1
Brad Knott (R) - NC-13,,,1,,,,no signed reading,n/a (evidence only),2,,"2026-08-06 (CO)SPONSORED 1 bill(s) on the area with no reading: H.R. 10052 Right to Worship Act (sponsor) [no reading -- not placed] | VOTE YEA (R): 2026-07-22 Self of Texas Part A Amendment No. 28 On Agreeing to the Amendment: An amendment numbered 28 printed in Part A of House Report 119-755 to codify protections a (Agreed to 221-210) [reading DRAFT, unsigned -- not placed]",R,NC-13
Brian Babin (R) - TX-36,,,1,,,,no signed reading,n/a (evidence only),2,,"VOTE YEA (R): 2026-07-22 Self of Texas Part A Amendment No. 28 On Agreeing to the Amendment: An amendment numbered 28 printed in Part A of House Report 119-755 to codify protections a (Agreed to 221-210) [reading DRAFT, unsigned -- not placed] | 2026-07-15 (CO)SPONSORED 1 bill(s) on the area with no reading: H.Res. 1436 Condemning Omar Suleiman for celebrating the  [no reading -- not placed]",R,TX-36
Brian J. Mast (R) - FL-21,,,1,,,,no signed reading,n/a (evidence only),2,,"VOTE YEA (R): 2026-07-22 Self of Texas Part A Amendment No. 28 On Agreeing to the Amendment: An amendment numbered 28 printed in Part A of House Report 119-755 to codify protections a (Agreed to 221-210) [reading DRAFT, unsigned -- not placed] | 2026-02-10 (CO)SPONSORED 1 bill(s) on the area with no reading: H.R. 7457 Nigeria Religious Freedom and Accountability  [no reading -- not placed]",R,FL-21
Brian K. Fitzpatrick (R) - PA-1,,,1,,,,no signed reading,n/a (evidence only),2,,"2026-09-03 (CO)SPONSORED 3 bill(s) on the area with no reading: H.R. 10052 Right to Worship Act; H.R. 8239 SACRED Act; H.Res. 69 Celebrating Hindu Americans, condemning attac [no reading -- not placed] | VOTE YEA (R): 2026-07-22 Self of Texas Part A Amendment No. 28 On Agreeing to the Amendment: An amendment numbered 28 printed in Part A of House Report 119-755 to codify protections a (Agreed to 221-210) [reading DRAFT, unsigned -- not placed]",R,PA-1
Bruce Westerman (R) - AR-4,,,1,,,,no signed reading,n/a (evidence only),2,,"VOTE YEA (R): 2026-07-22 Self of Texas Part A Amendment No. 28 On Agreeing to the Amendment: An amendment numbered 28 printed in Part A of House Report 119-755 to codify protections a (Agreed to 221-210) [reading DRAFT, unsigned -- not placed] | 2025-11-07 (CO)SPONSORED 1 bill(s) on the area with no reading: H.Res. 860 Commending President Trump for Redesignating  [no reading -- not placed]",R,AR-4
Byron Donalds (R) - FL-19,,,1,,,,no signed reading,n/a (evidence only),2,,"VOTE YEA (R): 2026-07-22 Self of Texas Part A Amendment No. 28 On Agreeing to the Amendment: An amendment numbered 28 printed in Part A of House Report 119-755 to codify protections a (Agreed to 221-210) [reading DRAFT, unsigned -- not placed] | 2025-11-18 (CO)SPONSORED 1 bill(s) on the area with no reading: H.Res. 866 Condemning the persecution of Christians in N [no reading -- not placed]",R,FL-19
Celeste Maloy (R) - UT-2,,,1,,,,no signed reading,n/a (evidence only),2,,"2026-09-03 (CO)SPONSORED 3 bill(s) on the area with no reading: H.Res. 925 Condemning the Government of Iran's state-spo; H.Res. 866 Condemning the persecution of Christians in N; H.R. 10052 Right to Worship Act [no reading -- not placed] | VOTE YEA (R): 2026-07-22 Self of Texas Part A Amendment No. 28 On Agreeing to the Amendment: An amendment numbered 28 printed in Part A of House Report 119-755 to codify protections a (Agreed to 221-210) [reading DRAFT, unsigned -- not placed]",R,UT-2
Christian D. Menefee (D) - TX-18,,,1,,,,no signed reading,n/a (evidence only),2,,"VOTE NAY (D): 2026-07-22 Self of Texas Part A Amendment No. 28 On Agreeing to the Amendment: An amendment numbered 28 printed in Part A of House Report 119-755 to codify protections a (Agreed to 221-210) [reading DRAFT, unsigned -- not placed] | 2026-04-14 COSPONSORED H.R. 15 Equality Act [reading DRAFT, unsigned -- not placed]",D,TX-18
Chuck Edwards (R) - NC-11,,,1,,,,no signed reading,n/a (evidence only),2,,"VOTE YEA (R): 2026-07-22 Self of Texas Part A Amendment No. 28 On Agreeing to the Amendment: An amendment numbered 28 printed in Part A of House Report 119-755 to codify protections a (Agreed to 221-210) [reading DRAFT, unsigned -- not placed] | 2025-11-17 (CO)SPONSORED 1 bill(s) on the area with no reading: H.Res. 866 Condemning the persecution of Christians in N [no reading -- not placed]",R,NC-11
Claudia Tenney (R) - NY-24,,,1,,,,no signed reading,n/a (evidence only),2,,"2026-08-27 (CO)SPONSORED 4 bill(s) on the area with no reading: H.Res. 925 Condemning the Government of Iran's state-spo; H.R. 10052 Right to Worship Act; H.Res. 852 Expressing the sense of the House of Represen (sponsor); H.Res. 1436 Condemning Omar Suleiman for celebrating the  [no reading -- not placed] | VOTE YEA (R): 2026-07-22 Self of Texas Part A Amendment No. 28 On Agreeing to the Amendment: An amendment numbered 28 printed in Part A of House Report 119-755 to codify protections a (Agreed to 221-210) [reading DRAFT, unsigned -- not placed]",R,NY-24
Craig A. Goldman (R) - TX-12,,,1,,,,no signed reading,n/a (evidence only),2,,"VOTE YEA (R): 2026-07-22 Self of Texas Part A Amendment No. 28 On Agreeing to the Amendment: An amendment numbered 28 printed in Part A of House Report 119-755 to codify protections a (Agreed to 221-210) [reading DRAFT, unsigned -- not placed] | 2026-07-15 (CO)SPONSORED 1 bill(s) on the area with no reading: H.Res. 1436 Condemning Omar Suleiman for celebrating the  [no reading -- not placed]",R,TX-12
Daniel Meuser (R) - PA-9,,,1,,,,no signed reading,n/a (evidence only),2,,"2026-07-23 (CO)SPONSORED 1 bill(s) on the area with no reading: H.R. 8239 SACRED Act [no reading -- not placed] | VOTE YEA (R): 2026-07-22 Self of Texas Part A Amendment No. 28 On Agreeing to the Amendment: An amendment numbered 28 printed in Part A of House Report 119-755 to codify protections a (Agreed to 221-210) [reading DRAFT, unsigned -- not placed]",R,PA-9
Darrell Issa (R) - CA-48,,,1,,,,no signed reading,n/a (evidence only),2,,"VOTE YEA (R): 2026-07-22 Self of Texas Part A Amendment No. 28 On Agreeing to the Amendment: An amendment numbered 28 printed in Part A of House Report 119-755 to codify protections a (Agreed to 221-210) [reading DRAFT, unsigned -- not placed] | 2025-12-11 (CO)SPONSORED 1 bill(s) on the area with no reading: H.Res. 925 Condemning the Government of Iran's state-spo [no reading -- not placed]",R,CA-48
David G. Valadao (R) - CA-22,,,1,,,,no signed reading,n/a (evidence only),2,,"VOTE YEA (R): 2026-07-22 Self of Texas Part A Amendment No. 28 On Agreeing to the Amendment: An amendment numbered 28 printed in Part A of House Report 119-755 to codify protections a (Agreed to 221-210) [reading DRAFT, unsigned -- not placed] | 2026-06-18 (CO)SPONSORED 1 bill(s) on the area with no reading: H.R. 9376 TOURS Act (sponsor) [no reading -- not placed]",R,CA-22
David J. Taylor (R) - OH-2,,,1,,,,no signed reading,n/a (evidence only),2,,"VOTE YEA (R): 2026-07-22 Self of Texas Part A Amendment No. 28 On Agreeing to the Amendment: An amendment numbered 28 printed in Part A of House Report 119-755 to codify protections a (Agreed to 221-210) [reading DRAFT, unsigned -- not placed] | 2025-12-17 COSPONSORED H.R. 589 FACE Act Repeal Act of 2025 [reading DRAFT, unsigned -- not placed]",R,OH-2
David Kustoff (R) - TN-8,,,1,,,,no signed reading,n/a (evidence only),2,,"VOTE YEA (R): 2026-07-22 Self of Texas Part A Amendment No. 28 On Agreeing to the Amendment: An amendment numbered 28 printed in Part A of House Report 119-755 to codify protections a (Agreed to 221-210) [reading DRAFT, unsigned -- not placed] | 2026-05-29 (CO)SPONSORED 1 bill(s) on the area with no reading: H.R. 8239 SACRED Act [no reading -- not placed]",R,TN-8
David Rouzer (R) - NC-7,,,1,,,,no signed reading,n/a (evidence only),2,,"VOTE YEA (R): 2026-07-22 Self of Texas Part A Amendment No. 28 On Agreeing to the Amendment: An amendment numbered 28 printed in Part A of House Report 119-755 to codify protections a (Agreed to 221-210) [reading DRAFT, unsigned -- not placed] | 2025-01-13 (CO)SPONSORED 1 bill(s) on the area with no reading: H.R. 370 Voluntary School Prayer Protection Act of 202 (sponsor) [no reading -- not placed]",R,NC-7
Derek Schmidt (R) - KS-2,,,1,,,,no signed reading,n/a (evidence only),2,,"VOTE YEA (R): 2026-07-22 Self of Texas Part A Amendment No. 28 On Agreeing to the Amendment: An amendment numbered 28 printed in Part A of House Report 119-755 to codify protections a (Agreed to 221-210) [reading DRAFT, unsigned -- not placed] | 2026-02-02 (CO)SPONSORED 2 bill(s) on the area with no reading: H.Res. 220 Expressing the sense of Congress regarding th; H.Res. 594 Condemning the persecution of Christians in M [no reading -- not placed]",R,KS-2
Derrick Van Orden (R) - WI-3,,,1,,,,no signed reading,n/a (evidence only),2,,"2026-09-02 (CO)SPONSORED 1 bill(s) on the area with no reading: H.R. 10052 Right to Worship Act [no reading -- not placed] | VOTE YEA (R): 2026-07-22 Self of Texas Part A Amendment No. 28 On Agreeing to the Amendment: An amendment numbered 28 printed in Part A of House Report 119-755 to codify protections a (Agreed to 221-210) [reading DRAFT, unsigned -- not placed]",R,WI-3
Don Bacon (R) - NE-2,,,1,,,,no signed reading,n/a (evidence only),2,,"VOTE YEA (R): 2026-07-22 Self of Texas Part A Amendment No. 28 On Agreeing to the Amendment: An amendment numbered 28 printed in Part A of House Report 119-755 to codify protections a (Agreed to 221-210) [reading DRAFT, unsigned -- not placed] | 2025-10-08 (CO)SPONSORED 2 bill(s) on the area with no reading: H.Res. 220 Expressing the sense of Congress regarding th; H.Res. 69 Celebrating Hindu Americans, condemning attac [no reading -- not placed]",R,NE-2
"Earl L. ""Buddy"" Carter (R) - GA-1",,,1,,,,no signed reading,n/a (evidence only),2,,"VOTE YEA (R): 2026-07-22 Self of Texas Part A Amendment No. 28 On Agreeing to the Amendment: An amendment numbered 28 printed in Part A of House Report 119-755 to codify protections a (Agreed to 221-210) [reading DRAFT, unsigned -- not placed] | 2026-01-30 (CO)SPONSORED 6 bill(s) on the area with no reading: H.Res. 866 Condemning the persecution of Christians in N; H.Res. 220 Expressing the sense of Congress regarding th; H.Res. 1026 Condemning the violent disruption of a religi (sponsor); H.Res. 860 Commending President Trump for Redesignating ; H.R. 2635 Uyghur Policy Act of 2025; H.R. 4425 Palliative Care and Hospice Education and Tra (sponsor) [no reading -- not placed]",R,GA-1
Ed Case (D) - HI-1,,,1,,,,no signed reading,n/a (evidence only),2,,"VOTE NAY (D): 2026-07-22 Self of Texas Part A Amendment No. 28 On Agreeing to the Amendment: An amendment numbered 28 printed in Part A of House Report 119-755 to codify protections a (Agreed to 221-210) [reading DRAFT, unsigned -- not placed] | 2025-04-29 COSPONSORED H.R. 15 Equality Act [reading DRAFT, unsigned -- not placed]",D,HI-1
Elijah Crane (R) - AZ-2,,,1,,,,no signed reading,n/a (evidence only),2,,"VOTE YEA (R): 2026-07-22 Self of Texas Part A Amendment No. 28 On Agreeing to the Amendment: An amendment numbered 28 printed in Part A of House Report 119-755 to codify protections a (Agreed to 221-210) [reading DRAFT, unsigned -- not placed] | 2025-01-21 COSPONSORED H.R. 589 FACE Act Repeal Act of 2025 [reading DRAFT, unsigned -- not placed]",R,AZ-2
Elise M. Stefanik (R) - NY-21,,,1,,,,no signed reading,n/a (evidence only),2,,"VOTE YEA (R): 2026-07-22 Self of Texas Part A Amendment No. 28 On Agreeing to the Amendment: An amendment numbered 28 printed in Part A of House Report 119-755 to codify protections a (Agreed to 221-210) [reading DRAFT, unsigned -- not placed] | 2026-02-10 (CO)SPONSORED 1 bill(s) on the area with no reading: H.Res. 930 Commemorating the 78th birthday of Jimmy Lai  [no reading -- not placed]",R,NY-21
Emilia Strong Sykes (D) - OH-13,,,1,,,,no signed reading,n/a (evidence only),2,,"VOTE NAY (D): 2026-07-22 Self of Texas Part A Amendment No. 28 On Agreeing to the Amendment: An amendment numbered 28 printed in Part A of House Report 119-755 to codify protections a (Agreed to 221-210) [reading DRAFT, unsigned -- not placed] | 2025-04-29 COSPONSORED H.R. 15 Equality Act [reading DRAFT, unsigned -- not placed]",D,OH-13
Eric Burlison (R) - MO-7,,,1,,,,no signed reading,n/a (evidence only),2,,"VOTE YEA (R): 2026-07-22 Self of Texas Part A Amendment No. 28 On Agreeing to the Amendment: An amendment numbered 28 printed in Part A of House Report 119-755 to codify protections a (Agreed to 221-210) [reading DRAFT, unsigned -- not placed] | 2025-01-21 COSPONSORED H.R. 589 FACE Act Repeal Act of 2025 [reading DRAFT, unsigned -- not placed]",R,MO-7
Erin Houchin (R) - IN-9,,,1,,,,no signed reading,n/a (evidence only),2,,"VOTE YEA (R): 2026-07-22 Self of Texas Part A Amendment No. 28 On Agreeing to the Amendment: An amendment numbered 28 printed in Part A of House Report 119-755 to codify protections a (Agreed to 221-210) [reading DRAFT, unsigned -- not placed] | 2026-07-15 (CO)SPONSORED 1 bill(s) on the area with no reading: H.Res. 1436 Condemning Omar Suleiman for celebrating the  [no reading -- not placed]",R,IN-9
Gary J. Palmer (R) - AL-6,,,1,,,,no signed reading,n/a (evidence only),2,,"VOTE YEA (R): 2026-07-22 Self of Texas Part A Amendment No. 28 On Agreeing to the Amendment: An amendment numbered 28 printed in Part A of House Report 119-755 to codify protections a (Agreed to 221-210) [reading DRAFT, unsigned -- not placed] | 2025-11-07 (CO)SPONSORED 4 bill(s) on the area with no reading: H.Res. 866 Condemning the persecution of Christians in N; H.Res. 220 Expressing the sense of Congress regarding th; H.Res. 594 Condemning the persecution of Christians in M; H.Res. 860 Commending President Trump for Redesignating  [no reading -- not placed]",R,AL-6
George Whitesides (D) - CA-27,,,1,,,,no signed reading,n/a (evidence only),2,,"VOTE NAY (D): 2026-07-22 Self of Texas Part A Amendment No. 28 On Agreeing to the Amendment: An amendment numbered 28 printed in Part A of House Report 119-755 to codify protections a (Agreed to 221-210) [reading DRAFT, unsigned -- not placed] | 2025-04-29 COSPONSORED H.R. 15 Equality Act [reading DRAFT, unsigned -- not placed]",D,CA-27
Glenn Ivey (D) - MD-4,,,1,,,,no signed reading,n/a (evidence only),2,,"VOTE NAY (D): 2026-07-22 Self of Texas Part A Amendment No. 28 On Agreeing to the Amendment: An amendment numbered 28 printed in Part A of House Report 119-755 to codify protections a (Agreed to 221-210) [reading DRAFT, unsigned -- not placed] | 2025-04-29 COSPONSORED H.R. 15 Equality Act [reading DRAFT, unsigned -- not placed]",D,MD-4
Glenn Thompson (R) - PA-15,,,1,,,,no signed reading,n/a (evidence only),2,,"2026-09-10 (CO)SPONSORED 1 bill(s) on the area with no reading: H.R. 10052 Right to Worship Act [no reading -- not placed] | VOTE YEA (R): 2026-07-22 Self of Texas Part A Amendment No. 28 On Agreeing to the Amendment: An amendment numbered 28 printed in Part A of House Report 119-755 to codify protections a (Agreed to 221-210) [reading DRAFT, unsigned -- not placed]",R,PA-15
Gus M. Bilirakis (R) - FL-12,,,1,,,,no signed reading,n/a (evidence only),2,,"VOTE YEA (R): 2026-07-22 Self of Texas Part A Amendment No. 28 On Agreeing to the Amendment: An amendment numbered 28 printed in Part A of House Report 119-755 to codify protections a (Agreed to 221-210) [reading DRAFT, unsigned -- not placed] | 2026-05-19 (CO)SPONSORED 8 bill(s) on the area with no reading: H.Res. 925 Condemning the Government of Iran's state-spo; H.Res. 866 Condemning the persecution of Christians in N; H.Res. 220 Expressing the sense of Congress regarding th; H.Res. 594 Condemning the persecution of Christians in M; H.R. 8239 SACRED Act; H.R. 1744 United States Commission on International Rel; and 2 more [no reading -- not placed]",R,FL-12
Guy Reschenthaler (R) - PA-14,,,1,,,,no signed reading,n/a (evidence only),2,,"2026-09-14 (CO)SPONSORED 1 bill(s) on the area with no reading: H.R. 10052 Right to Worship Act [no reading -- not placed] | VOTE YEA (R): 2026-07-22 Self of Texas Part A Amendment No. 28 On Agreeing to the Amendment: An amendment numbered 28 printed in Part A of House Report 119-755 to codify protections a (Agreed to 221-210) [reading DRAFT, unsigned -- not placed]",R,PA-14
Hakeem S. Jeffries (D) - NY-8,,,1,,,,no signed reading,n/a (evidence only),2,,"VOTE NAY (D): 2026-07-22 Self of Texas Part A Amendment No. 28 On Agreeing to the Amendment: An amendment numbered 28 printed in Part A of House Report 119-755 to codify protections a (Agreed to 221-210) [reading DRAFT, unsigned -- not placed] | 2025-04-29 COSPONSORED H.R. 15 Equality Act [reading DRAFT, unsigned -- not placed]",D,NY-8
Harriet M. Hageman (R) - WY-AL,,,1,,,,no signed reading,n/a (evidence only),2,,"VOTE YEA (R): 2026-07-22 Self of Texas Part A Amendment No. 28 On Agreeing to the Amendment: An amendment numbered 28 printed in Part A of House Report 119-755 to codify protections a (Agreed to 221-210) [reading DRAFT, unsigned -- not placed] | 2025-01-21 COSPONSORED H.R. 589 FACE Act Repeal Act of 2025 [reading DRAFT, unsigned -- not placed]",R,WY-AL
Henry Cuellar (D) - TX-28,,,1,,,,no signed reading,n/a (evidence only),2,,"VOTE YEA (D): 2026-07-22 Self of Texas Part A Amendment No. 28 On Agreeing to the Amendment: An amendment numbered 28 printed in Part A of House Report 119-755 to codify protections a (Agreed to 221-210) [reading DRAFT, unsigned -- not placed] | 2025-02-27 (CO)SPONSORED 1 bill(s) on the area with no reading: H.R. 1744 United States Commission on International Rel [no reading -- not placed]",D,TX-28
"Herbert C. Conaway, Jr. (D) - NJ-3",,,1,,,,no signed reading,n/a (evidence only),2,,"VOTE NAY (D): 2026-07-22 Self of Texas Part A Amendment No. 28 On Agreeing to the Amendment: An amendment numbered 28 printed in Part A of House Report 119-755 to codify protections a (Agreed to 221-210) [reading DRAFT, unsigned -- not placed] | 2025-04-29 COSPONSORED H.R. 15 Equality Act [reading DRAFT, unsigned -- not placed]",D,NJ-3
Hillary J. Scholten (D) - MI-3,,,1,,,,no signed reading,n/a (evidence only),2,,"VOTE NAY (D): 2026-07-22 Self of Texas Part A Amendment No. 28 On Agreeing to the Amendment: An amendment numbered 28 printed in Part A of House Report 119-755 to codify protections a (Agreed to 221-210) [reading DRAFT, unsigned -- not placed] | 2025-04-29 COSPONSORED H.R. 15 Equality Act [reading DRAFT, unsigned -- not placed]",D,MI-3
J. French Hill (R) - AR-2,,,1,,,,no signed reading,n/a (evidence only),2,,"VOTE YEA (R): 2026-07-22 Self of Texas Part A Amendment No. 28 On Agreeing to the Amendment: An amendment numbered 28 printed in Part A of House Report 119-755 to codify protections a (Agreed to 221-210) [reading DRAFT, unsigned -- not placed] | 2026-02-23 (CO)SPONSORED 3 bill(s) on the area with no reading: H.Res. 220 Expressing the sense of Congress regarding th; H.Res. 738 Expressing concern regarding severe restricti (sponsor); H.Res. 930 Commemorating the 78th birthday of Jimmy Lai  [no reading -- not placed]",R,AR-2
Jake Ellzey (R) - TX-6,,,1,,,,no signed reading,n/a (evidence only),2,,"VOTE YEA (R): 2026-07-22 Self of Texas Part A Amendment No. 28 On Agreeing to the Amendment: An amendment numbered 28 printed in Part A of House Report 119-755 to codify protections a (Agreed to 221-210) [reading DRAFT, unsigned -- not placed] | 2026-07-15 (CO)SPONSORED 1 bill(s) on the area with no reading: H.Res. 1436 Condemning Omar Suleiman for celebrating the  [no reading -- not placed]",R,TX-6
James R. Baird (R) - IN-4,,,1,,,,no signed reading,n/a (evidence only),2,,"2026-08-27 (CO)SPONSORED 4 bill(s) on the area with no reading: H.Res. 866 Condemning the persecution of Christians in N; H.R. 10052 Right to Worship Act; H.Res. 220 Expressing the sense of Congress regarding th; H.Res. 515 Commemorating the 90th birthday of His Holine [no reading -- not placed] | VOTE YEA (R): 2026-07-22 Self of Texas Part A Amendment No. 28 On Agreeing to the Amendment: An amendment numbered 28 printed in Part A of House Report 119-755 to codify protections a (Agreed to 221-210) [reading DRAFT, unsigned -- not placed]",R,IN-4
Jared F. Golden (D) - ME-2,,,1,,,,no signed reading,n/a (evidence only),2,,"VOTE NAY (D): 2026-07-22 Self of Texas Part A Amendment No. 28 On Agreeing to the Amendment: An amendment numbered 28 printed in Part A of House Report 119-755 to codify protections a (Agreed to 221-210) [reading DRAFT, unsigned -- not placed] | 2025-04-29 COSPONSORED H.R. 15 Equality Act [reading DRAFT, unsigned -- not placed]",D,ME-2
Jay Obernolte (R) - CA-23,,,1,,,,no signed reading,n/a (evidence only),2,,"VOTE YEA (R): 2026-07-22 Self of Texas Part A Amendment No. 28 On Agreeing to the Amendment: An amendment numbered 28 printed in Part A of House Report 119-755 to codify protections a (Agreed to 221-210) [reading DRAFT, unsigned -- not placed] | 2025-12-03 (CO)SPONSORED 1 bill(s) on the area with no reading: H.Res. 925 Condemning the Government of Iran's state-spo [no reading -- not placed]",R,CA-23
Jeff Hurd (R) - CO-3,,,1,,,,no signed reading,n/a (evidence only),2,,"VOTE YEA (R): 2026-07-22 Self of Texas Part A Amendment No. 28 On Agreeing to the Amendment: An amendment numbered 28 printed in Part A of House Report 119-755 to codify protections a (Agreed to 221-210) [reading DRAFT, unsigned -- not placed] | 2025-11-10 (CO)SPONSORED 1 bill(s) on the area with no reading: H.Res. 866 Condemning the persecution of Christians in N [no reading -- not placed]",R,CO-3
Jefferson Shreve (R) - IN-6,,,1,,,,no signed reading,n/a (evidence only),2,,"VOTE YEA (R): 2026-07-22 Self of Texas Part A Amendment No. 28 On Agreeing to the Amendment: An amendment numbered 28 printed in Part A of House Report 119-755 to codify protections a (Agreed to 221-210) [reading DRAFT, unsigned -- not placed] | 2025-11-19 (CO)SPONSORED 2 bill(s) on the area with no reading: H.Res. 594 Condemning the persecution of Christians in M; H.Res. 860 Commending President Trump for Redesignating  [no reading -- not placed]",R,IN-6
Jefferson Van Drew (R) - NJ-2,,,1,,,,no signed reading,n/a (evidence only),2,,"VOTE YEA (R): 2026-07-22 Self of Texas Part A Amendment No. 28 On Agreeing to the Amendment: An amendment numbered 28 printed in Part A of House Report 119-755 to codify protections a (Agreed to 221-210) [reading DRAFT, unsigned -- not placed] | 2026-03-12 (CO)SPONSORED 4 bill(s) on the area with no reading: H.Res. 925 Condemning the Government of Iran's state-spo; H.Res. 866 Condemning the persecution of Christians in N; H.Res. 860 Commending President Trump for Redesignating ; H.R. 4425 Palliative Care and Hospice Education and Tra [no reading -- not placed]",R,NJ-2
Jennifer A. Kiggans (R) - VA-2,,,1,,,,no signed reading,n/a (evidence only),2,,"VOTE YEA (R): 2026-07-22 Self of Texas Part A Amendment No. 28 On Agreeing to the Amendment: An amendment numbered 28 printed in Part A of House Report 119-755 to codify protections a (Agreed to 221-210) [reading DRAFT, unsigned -- not placed] | 2026-06-29 (CO)SPONSORED 1 bill(s) on the area with no reading: H.R. 8239 SACRED Act [no reading -- not placed]",R,VA-2
Jodey C. Arrington (R) - TX-19,,,1,,,,no signed reading,n/a (evidence only),2,,"VOTE YEA (R): 2026-07-22 Self of Texas Part A Amendment No. 28 On Agreeing to the Amendment: An amendment numbered 28 printed in Part A of House Report 119-755 to codify protections a (Agreed to 221-210) [reading DRAFT, unsigned -- not placed] | 2026-07-15 (CO)SPONSORED 1 bill(s) on the area with no reading: H.Res. 1436 Condemning Omar Suleiman for celebrating the  [no reading -- not placed]",R,TX-19
Joe Wilson (R) - SC-2,,,1,,,,no signed reading,n/a (evidence only),2,,"VOTE YEA (R): 2026-07-22 Self of Texas Part A Amendment No. 28 On Agreeing to the Amendment: An amendment numbered 28 printed in Part A of House Report 119-755 to codify protections a (Agreed to 221-210) [reading DRAFT, unsigned -- not placed] | 2026-02-24 (CO)SPONSORED 2 bill(s) on the area with no reading: H.Res. 930 Commemorating the 78th birthday of Jimmy Lai ; H.Res. 515 Commemorating the 90th birthday of His Holine [no reading -- not placed]",R,SC-2
John James (R) - MI-10,,,1,,,,no signed reading,n/a (evidence only),2,,"VOTE YEA (R): 2026-07-22 Self of Texas Part A Amendment No. 28 On Agreeing to the Amendment: An amendment numbered 28 printed in Part A of House Report 119-755 to codify protections a (Agreed to 221-210) [reading DRAFT, unsigned -- not placed] | 2026-06-08 (CO)SPONSORED 3 bill(s) on the area with no reading: H.Res. 866 Condemning the persecution of Christians in N; H.R. 7457 Nigeria Religious Freedom and Accountability ; H.Res. 860 Commending President Trump for Redesignating  [no reading -- not placed]",R,MI-10
John R. Carter (R) - TX-31,,,1,,,,no signed reading,n/a (evidence only),2,,"VOTE YEA (R): 2026-07-22 Self of Texas Part A Amendment No. 28 On Agreeing to the Amendment: An amendment numbered 28 printed in Part A of House Report 119-755 to codify protections a (Agreed to 221-210) [reading DRAFT, unsigned -- not placed] | 2026-07-15 (CO)SPONSORED 1 bill(s) on the area with no reading: H.Res. 1436 Condemning Omar Suleiman for celebrating the  [no reading -- not placed]",R,TX-31
John R. Moolenaar (R) - MI-2,,,1,,,,no signed reading,n/a (evidence only),2,,"VOTE YEA (R): 2026-07-22 Self of Texas Part A Amendment No. 28 On Agreeing to the Amendment: An amendment numbered 28 printed in Part A of House Report 119-755 to codify protections a (Agreed to 221-210) [reading DRAFT, unsigned -- not placed] | 2026-05-11 (CO)SPONSORED 5 bill(s) on the area with no reading: H.R. 5838 Combatting the Persecution of Religious Group; H.Res. 861 Expressing condemnation of the Chinese Commun; H.Res. 930 Commemorating the 78th birthday of Jimmy Lai  (sponsor); H.Res. 515 Commemorating the 90th birthday of His Holine; H.Res. 1259 Expressing the sense of the House of Represen [no reading -- not placed]",R,MI-2
John W. Mannion (D) - NY-22,,,1,,,,no signed reading,n/a (evidence only),2,,"VOTE NAY (D): 2026-07-22 Self of Texas Part A Amendment No. 28 On Agreeing to the Amendment: An amendment numbered 28 printed in Part A of House Report 119-755 to codify protections a (Agreed to 221-210) [reading DRAFT, unsigned -- not placed] | 2025-04-29 COSPONSORED H.R. 15 Equality Act [reading DRAFT, unsigned -- not placed]",D,NY-22
John W. Rose (R) - TN-6,,,1,,,,no signed reading,n/a (evidence only),2,,"2026-08-31 (CO)SPONSORED 4 bill(s) on the area with no reading: H.Res. 220 Expressing the sense of Congress regarding th; H.Res. 594 Condemning the persecution of Christians in M; H.Res. 860 Commending President Trump for Redesignating ; H.R. 9376 TOURS Act [no reading -- not placed] | VOTE YEA (R): 2026-07-22 Self of Texas Part A Amendment No. 28 On Agreeing to the Amendment: An amendment numbered 28 printed in Part A of House Report 119-755 to codify protections a (Agreed to 221-210) [reading DRAFT, unsigned -- not placed]",R,TN-6
Josh Brecheen (R) - OK-2,,,1,,,,no signed reading,n/a (evidence only),2,,"VOTE YEA (R): 2026-07-22 Self of Texas Part A Amendment No. 28 On Agreeing to the Amendment: An amendment numbered 28 printed in Part A of House Report 119-755 to codify protections a (Agreed to 221-210) [reading DRAFT, unsigned -- not placed] | 2025-01-21 COSPONSORED H.R. 589 FACE Act Repeal Act of 2025 [reading DRAFT, unsigned -- not placed]",R,OK-2
Juan Ciscomani (R) - AZ-6,,,1,,,,no signed reading,n/a (evidence only),2,,"VOTE YEA (R): 2026-07-22 Self of Texas Part A Amendment No. 28 On Agreeing to the Amendment: An amendment numbered 28 printed in Part A of House Report 119-755 to codify protections a (Agreed to 221-210) [reading DRAFT, unsigned -- not placed] | 2026-06-08 (CO)SPONSORED 2 bill(s) on the area with no reading: H.R. 8239 SACRED Act; H.R. 5758 Enhancing Faith-Based Support for Veterans Ac [no reading -- not placed]",R,AZ-6
Julia Letlow (R) - LA-5,,,1,,,,no signed reading,n/a (evidence only),2,,"VOTE YEA (R): 2026-07-22 Self of Texas Part A Amendment No. 28 On Agreeing to the Amendment: An amendment numbered 28 printed in Part A of House Report 119-755 to codify protections a (Agreed to 221-210) [reading DRAFT, unsigned -- not placed] | 2025-11-20 (CO)SPONSORED 1 bill(s) on the area with no reading: H.Res. 866 Condemning the persecution of Christians in N [no reading -- not placed]",R,LA-5
Julie Fedorchak (R) - ND-AL,,,1,,,,no signed reading,n/a (evidence only),2,,"VOTE YEA (R): 2026-07-22 Self of Texas Part A Amendment No. 28 On Agreeing to the Amendment: An amendment numbered 28 printed in Part A of House Report 119-755 to codify protections a (Agreed to 221-210) [reading DRAFT, unsigned -- not placed] | 2026-04-02 (CO)SPONSORED 1 bill(s) on the area with no reading: H.R. 8182 Banning Perpetrators of Religious Persecution [no reading -- not placed]",R,ND-AL
Katherine M. Clark (D) - MA-5,,,1,,,,no signed reading,n/a (evidence only),2,,"VOTE NAY (D): 2026-07-22 Self of Texas Part A Amendment No. 28 On Agreeing to the Amendment: An amendment numbered 28 printed in Part A of House Report 119-755 to codify protections a (Agreed to 221-210) [reading DRAFT, unsigned -- not placed] | 2025-04-29 COSPONSORED H.R. 15 Equality Act [reading DRAFT, unsigned -- not placed]",D,MA-5
Lance Gooden (R) - TX-5,,,1,,,,no signed reading,n/a (evidence only),2,,"2026-08-27 (CO)SPONSORED 1 bill(s) on the area with no reading: H.R. 10052 Right to Worship Act [no reading -- not placed] | VOTE YEA (R): 2026-07-22 Self of Texas Part A Amendment No. 28 On Agreeing to the Amendment: An amendment numbered 28 printed in Part A of House Report 119-755 to codify protections a (Agreed to 221-210) [reading DRAFT, unsigned -- not placed]",R,TX-5
Laurel M. Lee (R) - FL-15,,,1,,,,no signed reading,n/a (evidence only),2,,"2026-09-14 (CO)SPONSORED 1 bill(s) on the area with no reading: H.R. 10052 Right to Worship Act [no reading -- not placed] | VOTE YEA (R): 2026-07-22 Self of Texas Part A Amendment No. 28 On Agreeing to the Amendment: An amendment numbered 28 printed in Part A of House Report 119-755 to codify protections a (Agreed to 221-210) [reading DRAFT, unsigned -- not placed]",R,FL-15
Lucy McBath (D) - GA-6,,,1,,,,no signed reading,n/a (evidence only),2,,"VOTE NAY (D): 2026-07-22 Self of Texas Part A Amendment No. 28 On Agreeing to the Amendment: An amendment numbered 28 printed in Part A of House Report 119-755 to codify protections a (Agreed to 221-210) [reading DRAFT, unsigned -- not placed] | 2025-04-29 COSPONSORED H.R. 15 Equality Act [reading DRAFT, unsigned -- not placed]",D,GA-6
Marcy Kaptur (D) - OH-9,,,1,,,,no signed reading,n/a (evidence only),2,,"VOTE NAY (D): 2026-07-22 Self of Texas Part A Amendment No. 28 On Agreeing to the Amendment: An amendment numbered 28 printed in Part A of House Report 119-755 to codify protections a (Agreed to 221-210) [reading DRAFT, unsigned -- not placed] | 2025-04-29 COSPONSORED H.R. 15 Equality Act [reading DRAFT, unsigned -- not placed]",D,OH-9
Maria Elvira Salazar (R) - FL-27,,,1,,,,no signed reading,n/a (evidence only),2,,"VOTE YEA (R): 2026-07-22 Self of Texas Part A Amendment No. 28 On Agreeing to the Amendment: An amendment numbered 28 printed in Part A of House Report 119-755 to codify protections a (Agreed to 221-210) [reading DRAFT, unsigned -- not placed] | 2026-02-20 (CO)SPONSORED 4 bill(s) on the area with no reading: H.Res. 220 Expressing the sense of Congress regarding th; H.R. 1744 United States Commission on International Rel; H.Res. 860 Commending President Trump for Redesignating ; H.Res. 515 Commemorating the 90th birthday of His Holine [no reading -- not placed]",R,FL-27
Mario Diaz-Balart (R) - FL-26,,,1,,,,no signed reading,n/a (evidence only),2,,"VOTE YEA (R): 2026-07-22 Self of Texas Part A Amendment No. 28 On Agreeing to the Amendment: An amendment numbered 28 printed in Part A of House Report 119-755 to codify protections a (Agreed to 221-210) [reading DRAFT, unsigned -- not placed] | 2026-04-30 (CO)SPONSORED 3 bill(s) on the area with no reading: H.R. 7457 Nigeria Religious Freedom and Accountability ; H.R. 4779 National Security, Department of State, and R (sponsor); H.R. 8595 Making appropriations for national security,  (sponsor) [no reading -- not placed]",R,FL-26
Mark Alford (R) - MO-4,,,1,,,,no signed reading,n/a (evidence only),2,,"VOTE YEA (R): 2026-07-22 Self of Texas Part A Amendment No. 28 On Agreeing to the Amendment: An amendment numbered 28 printed in Part A of House Report 119-755 to codify protections a (Agreed to 221-210) [reading DRAFT, unsigned -- not placed] | 2025-11-07 (CO)SPONSORED 2 bill(s) on the area with no reading: H.Res. 866 Condemning the persecution of Christians in N; H.R. 5838 Combatting the Persecution of Religious Group (sponsor) [no reading -- not placed]",R,MO-4
Mark B. Messmer (R) - IN-8,,,1,,,,no signed reading,n/a (evidence only),2,,"VOTE YEA (R): 2026-07-22 Self of Texas Part A Amendment No. 28 On Agreeing to the Amendment: An amendment numbered 28 printed in Part A of House Report 119-755 to codify protections a (Agreed to 221-210) [reading DRAFT, unsigned -- not placed] | 2025-11-07 (CO)SPONSORED 1 bill(s) on the area with no reading: H.Res. 866 Condemning the persecution of Christians in N [no reading -- not placed]",R,IN-8
Marlin A. Stutzman (R) - IN-3,,,1,,,,no signed reading,n/a (evidence only),2,,"VOTE YEA (R): 2026-07-22 Self of Texas Part A Amendment No. 28 On Agreeing to the Amendment: An amendment numbered 28 printed in Part A of House Report 119-755 to codify protections a (Agreed to 221-210) [reading DRAFT, unsigned -- not placed] | 2026-02-24 (CO)SPONSORED 3 bill(s) on the area with no reading: H.Res. 866 Condemning the persecution of Christians in N; H.R. 5808 Nigeria Religious Freedom Accountability Act  (sponsor); H.Res. 930 Commemorating the 78th birthday of Jimmy Lai  [no reading -- not placed]",R,IN-3
Max L. Miller (R) - OH-7,,,1,,,,no signed reading,n/a (evidence only),2,,"VOTE YEA (R): 2026-07-22 Self of Texas Part A Amendment No. 28 On Agreeing to the Amendment: An amendment numbered 28 printed in Part A of House Report 119-755 to codify protections a (Agreed to 221-210) [reading DRAFT, unsigned -- not placed] | 2026-04-09 (CO)SPONSORED 2 bill(s) on the area with no reading: H.R. 8239 SACRED Act; H.Res. 930 Commemorating the 78th birthday of Jimmy Lai  [no reading -- not placed]",R,OH-7
Michael A. Rulli (R) - OH-6,,,1,,,,no signed reading,n/a (evidence only),2,,"VOTE YEA (R): 2026-07-22 Self of Texas Part A Amendment No. 28 On Agreeing to the Amendment: An amendment numbered 28 printed in Part A of House Report 119-755 to codify protections a (Agreed to 221-210) [reading DRAFT, unsigned -- not placed] | 2025-10-03 (CO)SPONSORED 1 bill(s) on the area with no reading: H.Res. 594 Condemning the persecution of Christians in M [no reading -- not placed]",R,OH-6
Michael Baumgartner (R) - WA-5,,,1,,,,no signed reading,n/a (evidence only),2,,"VOTE YEA (R): 2026-07-22 Self of Texas Part A Amendment No. 28 On Agreeing to the Amendment: An amendment numbered 28 printed in Part A of House Report 119-755 to codify protections a (Agreed to 221-210) [reading DRAFT, unsigned -- not placed] | 2026-02-20 (CO)SPONSORED 2 bill(s) on the area with no reading: H.Res. 925 Condemning the Government of Iran's state-spo; H.Res. 866 Condemning the persecution of Christians in N [no reading -- not placed]",R,WA-5
Michael Guest (R) - MS-3,,,1,,,,no signed reading,n/a (evidence only),2,,"VOTE YEA (R): 2026-07-22 Self of Texas Part A Amendment No. 28 On Agreeing to the Amendment: An amendment numbered 28 printed in Part A of House Report 119-755 to codify protections a (Agreed to 221-210) [reading DRAFT, unsigned -- not placed] | 2025-11-12 (CO)SPONSORED 3 bill(s) on the area with no reading: H.Res. 866 Condemning the persecution of Christians in N; H.Res. 220 Expressing the sense of Congress regarding th; H.Res. 594 Condemning the persecution of Christians in M [no reading -- not placed]",R,MS-3
Michael Lawler (R) - NY-17,,,1,,,,no signed reading,n/a (evidence only),2,,"2026-08-31 (CO)SPONSORED 7 bill(s) on the area with no reading: H.Res. 925 Condemning the Government of Iran's state-spo; H.R. 10052 Right to Worship Act; H.R. 1744 United States Commission on International Rel; H.Res. 69 Celebrating Hindu Americans, condemning attac; H.Res. 515 Commemorating the 90th birthday of His Holine; H.R. 2635 Uyghur Policy Act of 2025; and 1 more [no reading -- not placed] | VOTE YEA (R): 2026-07-22 Self of Texas Part A Amendment No. 28 On Agreeing to the Amendment: An amendment numbered 28 printed in Part A of House Report 119-755 to codify protections a (Agreed to 221-210) [reading DRAFT, unsigned -- not placed]",R,NY-17
Michael T. McCaul (R) - TX-10,,,1,,,,no signed reading,n/a (evidence only),2,,"VOTE YEA (R): 2026-07-22 Self of Texas Part A Amendment No. 28 On Agreeing to the Amendment: An amendment numbered 28 printed in Part A of House Report 119-755 to codify protections a (Agreed to 221-210) [reading DRAFT, unsigned -- not placed] | 2026-07-15 (CO)SPONSORED 7 bill(s) on the area with no reading: H.Res. 925 Condemning the Government of Iran's state-spo; H.R. 1744 United States Commission on International Rel; H.R. 5838 Combatting the Persecution of Religious Group; H.Res. 930 Commemorating the 78th birthday of Jimmy Lai ; H.Res. 860 Commending President Trump for Redesignating ; H.Res. 515 Commemorating the 90th birthday of His Holine (sponsor); and 1 more [no reading -- not placed]",R,TX-10
Mike Bost (R) - IL-12,,,1,,,,no signed reading,n/a (evidence only),2,,"VOTE YEA (R): 2026-07-22 Self of Texas Part A Amendment No. 28 On Agreeing to the Amendment: An amendment numbered 28 printed in Part A of House Report 119-755 to codify protections a (Agreed to 221-210) [reading DRAFT, unsigned -- not placed] | 2026-02-03 (CO)SPONSORED 2 bill(s) on the area with no reading: H.Res. 866 Condemning the persecution of Christians in N; H.Res. 594 Condemning the persecution of Christians in M [no reading -- not placed]",R,IL-12
Mike Flood (R) - NE-1,,,1,,,,no signed reading,n/a (evidence only),2,,"VOTE YEA (R): 2026-07-22 Self of Texas Part A Amendment No. 28 On Agreeing to the Amendment: An amendment numbered 28 printed in Part A of House Report 119-755 to codify protections a (Agreed to 221-210) [reading DRAFT, unsigned -- not placed] | 2025-04-01 (CO)SPONSORED 1 bill(s) on the area with no reading: H.Res. 220 Expressing the sense of Congress regarding th [no reading -- not placed]",R,NE-1
Mike Kennedy (R) - UT-3,,,1,,,,no signed reading,n/a (evidence only),2,,"VOTE YEA (R): 2026-07-22 Self of Texas Part A Amendment No. 28 On Agreeing to the Amendment: An amendment numbered 28 printed in Part A of House Report 119-755 to codify protections a (Agreed to 221-210) [reading DRAFT, unsigned -- not placed] | 2026-04-27 (CO)SPONSORED 2 bill(s) on the area with no reading: H.Res. 925 Condemning the Government of Iran's state-spo; H.R. 8182 Banning Perpetrators of Religious Persecution [no reading -- not placed]",R,UT-3
Mike Rogers (R) - AL-3,,,1,,,,no signed reading,n/a (evidence only),2,,"VOTE YEA (R): 2026-07-22 Self of Texas Part A Amendment No. 28 On Agreeing to the Amendment: An amendment numbered 28 printed in Part A of House Report 119-755 to codify protections a (Agreed to 221-210) [reading DRAFT, unsigned -- not placed] | 2026-05-13 (CO)SPONSORED 1 bill(s) on the area with no reading: H.R. 8800 National Defense Authorization Act for Fiscal (sponsor) [no reading -- not placed]",R,AL-3
Monica De La Cruz (R) - TX-15,,,1,,,,no signed reading,n/a (evidence only),2,,"VOTE YEA (R): 2026-07-22 Self of Texas Part A Amendment No. 28 On Agreeing to the Amendment: An amendment numbered 28 printed in Part A of House Report 119-755 to codify protections a (Agreed to 221-210) [reading DRAFT, unsigned -- not placed] | 2026-07-16 (CO)SPONSORED 1 bill(s) on the area with no reading: H.Res. 1436 Condemning Omar Suleiman for celebrating the  [no reading -- not placed]",R,TX-15
Morgan Luttrell (R) - TX-8,,,1,,,,no signed reading,n/a (evidence only),2,,"VOTE YEA (R): 2026-07-22 Self of Texas Part A Amendment No. 28 On Agreeing to the Amendment: An amendment numbered 28 printed in Part A of House Report 119-755 to codify protections a (Agreed to 221-210) [reading DRAFT, unsigned -- not placed] | 2026-07-15 (CO)SPONSORED 2 bill(s) on the area with no reading: H.R. 3163 Military Chaplains Act of 2025; H.Res. 1436 Condemning Omar Suleiman for celebrating the  [no reading -- not placed]",R,TX-8
Nancy Mace (R) - SC-1,,,1,,,,no signed reading,n/a (evidence only),2,,"VOTE YEA (R): 2026-07-22 Self of Texas Part A Amendment No. 28 On Agreeing to the Amendment: An amendment numbered 28 printed in Part A of House Report 119-755 to codify protections a (Agreed to 221-210) [reading DRAFT, unsigned -- not placed] | 2026-04-02 (CO)SPONSORED 1 bill(s) on the area with no reading: H.R. 8182 Banning Perpetrators of Religious Persecution [no reading -- not placed]",R,SC-1
Nicole Malliotakis (R) - NY-11,,,1,,,,no signed reading,n/a (evidence only),2,,"VOTE YEA (R): 2026-07-22 Self of Texas Part A Amendment No. 28 On Agreeing to the Amendment: An amendment numbered 28 printed in Part A of House Report 119-755 to codify protections a (Agreed to 221-210) [reading DRAFT, unsigned -- not placed] | 2025-06-27 (CO)SPONSORED 1 bill(s) on the area with no reading: H.Res. 515 Commemorating the 90th birthday of His Holine [no reading -- not placed]",R,NY-11
Pat Fallon (R) - TX-4,,,1,,,,no signed reading,n/a (evidence only),2,,"VOTE YEA (R): 2026-07-22 Self of Texas Part A Amendment No. 28 On Agreeing to the Amendment: An amendment numbered 28 printed in Part A of House Report 119-755 to codify protections a (Agreed to 221-210) [reading DRAFT, unsigned -- not placed] | 2026-07-15 (CO)SPONSORED 2 bill(s) on the area with no reading: H.Res. 69 Celebrating Hindu Americans, condemning attac; H.Res. 1436 Condemning Omar Suleiman for celebrating the  [no reading -- not placed]",R,TX-4
Patrick Ryan (D) - NY-18,,,1,,,,no signed reading,n/a (evidence only),2,,"VOTE NAY (D): 2026-07-22 Self of Texas Part A Amendment No. 28 On Agreeing to the Amendment: An amendment numbered 28 printed in Part A of House Report 119-755 to codify protections a (Agreed to 221-210) [reading DRAFT, unsigned -- not placed] | 2025-04-29 COSPONSORED H.R. 15 Equality Act [reading DRAFT, unsigned -- not placed]",D,NY-18
Paul A. Gosar (R) - AZ-9,,,1,,,,no signed reading,n/a (evidence only),2,,"VOTE YEA (R): 2026-07-22 Self of Texas Part A Amendment No. 28 On Agreeing to the Amendment: An amendment numbered 28 printed in Part A of House Report 119-755 to codify protections a (Agreed to 221-210) [reading DRAFT, unsigned -- not placed] | 2025-01-21 COSPONSORED H.R. 589 FACE Act Repeal Act of 2025 [reading DRAFT, unsigned -- not placed]",R,AZ-9
Pete Sessions (R) - TX-17,,,1,,,,no signed reading,n/a (evidence only),2,,"VOTE YEA (R): 2026-07-22 Self of Texas Part A Amendment No. 28 On Agreeing to the Amendment: An amendment numbered 28 printed in Part A of House Report 119-755 to codify protections a (Agreed to 221-210) [reading DRAFT, unsigned -- not placed] | 2026-02-02 (CO)SPONSORED 1 bill(s) on the area with no reading: H.Res. 925 Condemning the Government of Iran's state-spo [no reading -- not placed]",R,TX-17
Ralph Norman (R) - SC-5,,,1,,,,no signed reading,n/a (evidence only),2,,"VOTE YEA (R): 2026-07-22 Self of Texas Part A Amendment No. 28 On Agreeing to the Amendment: An amendment numbered 28 printed in Part A of House Report 119-755 to codify protections a (Agreed to 221-210) [reading DRAFT, unsigned -- not placed] | 2025-11-07 (CO)SPONSORED 1 bill(s) on the area with no reading: H.Res. 866 Condemning the persecution of Christians in N [no reading -- not placed]",R,SC-5
Randy Feenstra (R) - IA-4,,,1,,,,no signed reading,n/a (evidence only),2,,"VOTE YEA (R): 2026-07-22 Self of Texas Part A Amendment No. 28 On Agreeing to the Amendment: An amendment numbered 28 printed in Part A of House Report 119-755 to codify protections a (Agreed to 221-210) [reading DRAFT, unsigned -- not placed] | 2026-01-09 (CO)SPONSORED 1 bill(s) on the area with no reading: H.Res. 925 Condemning the Government of Iran's state-spo [no reading -- not placed]",R,IA-4
Randy Fine (R) - FL-6,,,1,,,,no signed reading,n/a (evidence only),2,,"VOTE YEA (R): 2026-07-22 Self of Texas Part A Amendment No. 28 On Agreeing to the Amendment: An amendment numbered 28 printed in Part A of House Report 119-755 to codify protections a (Agreed to 221-210) [reading DRAFT, unsigned -- not placed] | 2026-07-15 (CO)SPONSORED 2 bill(s) on the area with no reading: H.Res. 860 Commending President Trump for Redesignating ; H.Res. 1436 Condemning Omar Suleiman for celebrating the  [no reading -- not placed]",R,FL-6
Richard McCormick (R) - GA-7,,,1,,,,no signed reading,n/a (evidence only),2,,"VOTE YEA (R): 2026-07-22 Self of Texas Part A Amendment No. 28 On Agreeing to the Amendment: An amendment numbered 28 printed in Part A of House Report 119-755 to codify protections a (Agreed to 221-210) [reading DRAFT, unsigned -- not placed] | 2026-07-21 (CO)SPONSORED 6 bill(s) on the area with no reading: H.Res. 925 Condemning the Government of Iran's state-spo; H.Res. 738 Expressing concern regarding severe restricti; H.Res. 930 Commemorating the 78th birthday of Jimmy Lai ; H.Res. 860 Commending President Trump for Redesignating ; H.Res. 515 Commemorating the 90th birthday of His Holine; H.Res. 1436 Condemning Omar Suleiman for celebrating the  [no reading -- not placed]",R,GA-7
Robert B. Aderholt (R) - AL-4,,,1,,,,no signed reading,n/a (evidence only),2,,"VOTE YEA (R): 2026-07-22 Self of Texas Part A Amendment No. 28 On Agreeing to the Amendment: An amendment numbered 28 printed in Part A of House Report 119-755 to codify protections a (Agreed to 221-210) [reading DRAFT, unsigned -- not placed] | 2025-11-07 (CO)SPONSORED 2 bill(s) on the area with no reading: H.Res. 866 Condemning the persecution of Christians in N; H.Res. 860 Commending President Trump for Redesignating  [no reading -- not placed]",R,AL-4
Robert J. Wittman (R) - VA-1,,,1,,,,no signed reading,n/a (evidence only),2,,"VOTE YEA (R): 2026-07-22 Self of Texas Part A Amendment No. 28 On Agreeing to the Amendment: An amendment numbered 28 printed in Part A of House Report 119-755 to codify protections a (Agreed to 221-210) [reading DRAFT, unsigned -- not placed] | 2025-12-04 (CO)SPONSORED 1 bill(s) on the area with no reading: H.Res. 930 Commemorating the 78th birthday of Jimmy Lai  [no reading -- not placed]",R,VA-1
Roger Williams (R) - TX-25,,,1,,,,no signed reading,n/a (evidence only),2,,"VOTE YEA (R): 2026-07-22 Self of Texas Part A Amendment No. 28 On Agreeing to the Amendment: An amendment numbered 28 printed in Part A of House Report 119-755 to codify protections a (Agreed to 221-210) [reading DRAFT, unsigned -- not placed] | 2026-07-15 (CO)SPONSORED 1 bill(s) on the area with no reading: H.Res. 1436 Condemning Omar Suleiman for celebrating the  [no reading -- not placed]",R,TX-25
Ronny Jackson (R) - TX-13,,,1,,,,no signed reading,n/a (evidence only),2,,"VOTE YEA (R): 2026-07-22 Self of Texas Part A Amendment No. 28 On Agreeing to the Amendment: An amendment numbered 28 printed in Part A of House Report 119-755 to codify protections a (Agreed to 221-210) [reading DRAFT, unsigned -- not placed] | 2026-07-15 (CO)SPONSORED 1 bill(s) on the area with no reading: H.Res. 1436 Condemning Omar Suleiman for celebrating the  [no reading -- not placed]",R,TX-13
Rudy Yakym III (R) - IN-2,,,1,,,,no signed reading,n/a (evidence only),2,,"VOTE YEA (R): 2026-07-22 Self of Texas Part A Amendment No. 28 On Agreeing to the Amendment: An amendment numbered 28 printed in Part A of House Report 119-755 to codify protections a (Agreed to 221-210) [reading DRAFT, unsigned -- not placed] | 2025-12-03 (CO)SPONSORED 2 bill(s) on the area with no reading: H.Res. 925 Condemning the Government of Iran's state-spo; H.Res. 220 Expressing the sense of Congress regarding th [no reading -- not placed]",R,IN-2
Russell Fry (R) - SC-7,,,1,,,,no signed reading,n/a (evidence only),2,,"VOTE YEA (R): 2026-07-22 Self of Texas Part A Amendment No. 28 On Agreeing to the Amendment: An amendment numbered 28 printed in Part A of House Report 119-755 to codify protections a (Agreed to 221-210) [reading DRAFT, unsigned -- not placed] | 2025-11-25 (CO)SPONSORED 1 bill(s) on the area with no reading: H.Res. 866 Condemning the persecution of Christians in N [no reading -- not placed]",R,SC-7
Ryan Mackenzie (R) - PA-7,,,1,,,,no signed reading,n/a (evidence only),2,,"VOTE YEA (R): 2026-07-22 Self of Texas Part A Amendment No. 28 On Agreeing to the Amendment: An amendment numbered 28 printed in Part A of House Report 119-755 to codify protections a (Agreed to 221-210) [reading DRAFT, unsigned -- not placed] | 2026-02-24 (CO)SPONSORED 1 bill(s) on the area with no reading: H.Res. 930 Commemorating the 78th birthday of Jimmy Lai  [no reading -- not placed]",R,PA-7
Sheri Biggs (R) - SC-3,,,1,,,,no signed reading,n/a (evidence only),2,,"VOTE YEA (R): 2026-07-22 Self of Texas Part A Amendment No. 28 On Agreeing to the Amendment: An amendment numbered 28 printed in Part A of House Report 119-755 to codify protections a (Agreed to 221-210) [reading DRAFT, unsigned -- not placed] | 2025-04-08 COSPONSORED H.R. 589 FACE Act Repeal Act of 2025 [reading DRAFT, unsigned -- not placed]",R,SC-3
Shomari Figures (D) - AL-2,,,1,,,,no signed reading,n/a (evidence only),2,,"VOTE NAY (D): 2026-07-22 Self of Texas Part A Amendment No. 28 On Agreeing to the Amendment: An amendment numbered 28 printed in Part A of House Report 119-755 to codify protections a (Agreed to 221-210) [reading DRAFT, unsigned -- not placed] | 2025-04-29 COSPONSORED H.R. 15 Equality Act [reading DRAFT, unsigned -- not placed]",D,AL-2
Stephanie I. Bice (R) - OK-5,,,1,,,,no signed reading,n/a (evidence only),2,,"VOTE YEA (R): 2026-07-22 Self of Texas Part A Amendment No. 28 On Agreeing to the Amendment: An amendment numbered 28 printed in Part A of House Report 119-755 to codify protections a (Agreed to 221-210) [reading DRAFT, unsigned -- not placed] | 2025-11-12 (CO)SPONSORED 1 bill(s) on the area with no reading: H.Res. 860 Commending President Trump for Redesignating  [no reading -- not placed]",R,OK-5
Steve Womack (R) - AR-3,,,1,,,,no signed reading,n/a (evidence only),2,,"VOTE YEA (R): 2026-07-22 Self of Texas Part A Amendment No. 28 On Agreeing to the Amendment: An amendment numbered 28 printed in Part A of House Report 119-755 to codify protections a (Agreed to 221-210) [reading DRAFT, unsigned -- not placed] | 2025-11-04 (CO)SPONSORED 1 bill(s) on the area with no reading: H.Res. 220 Expressing the sense of Congress regarding th [no reading -- not placed]",R,AR-3
"Thomas H. Kean, Jr. (R) - NJ-7",,,1,,,,no signed reading,n/a (evidence only),2,,"VOTE YEA (R): 2026-07-22 Self of Texas Part A Amendment No. 28 On Agreeing to the Amendment: An amendment numbered 28 printed in Part A of House Report 119-755 to codify protections a (Agreed to 221-210) [reading DRAFT, unsigned -- not placed] | 2026-03-02 (CO)SPONSORED 3 bill(s) on the area with no reading: H.Res. 925 Condemning the Government of Iran's state-spo; H.Res. 930 Commemorating the 78th birthday of Jimmy Lai ; H.Res. 860 Commending President Trump for Redesignating  [no reading -- not placed]",R,NJ-7
Tim Burchett (R) - TN-2,,,1,,,,no signed reading,n/a (evidence only),2,,"VOTE YEA (R): 2026-07-22 Self of Texas Part A Amendment No. 28 On Agreeing to the Amendment: An amendment numbered 28 printed in Part A of House Report 119-755 to codify protections a (Agreed to 221-210) [reading DRAFT, unsigned -- not placed] | 2026-04-20 (CO)SPONSORED 1 bill(s) on the area with no reading: H.R. 8366 PEARL Act (sponsor) [no reading -- not placed]",R,TN-2
Tim Moore (R) - NC-14,,,1,,,,no signed reading,n/a (evidence only),2,,"VOTE YEA (R): 2026-07-22 Self of Texas Part A Amendment No. 28 On Agreeing to the Amendment: An amendment numbered 28 printed in Part A of House Report 119-755 to codify protections a (Agreed to 221-210) [reading DRAFT, unsigned -- not placed] | 2026-04-02 (CO)SPONSORED 5 bill(s) on the area with no reading: H.Res. 866 Condemning the persecution of Christians in N; H.Res. 220 Expressing the sense of Congress regarding th; H.R. 8182 Banning Perpetrators of Religious Persecution (sponsor); H.R. 7457 Nigeria Religious Freedom and Accountability ; H.Res. 860 Commending President Trump for Redesignating  [no reading -- not placed]",R,NC-14
Tom Cole (R) - OK-4,,,1,,,,no signed reading,n/a (evidence only),2,,"2026-09-16 (CO)SPONSORED 3 bill(s) on the area with no reading: H.R. 10052 Right to Worship Act; H.R. 7457 Nigeria Religious Freedom and Accountability ; H.R. 7006 Financial Services and General Government and (sponsor) [no reading -- not placed] | VOTE YEA (R): 2026-07-22 Self of Texas Part A Amendment No. 28 On Agreeing to the Amendment: An amendment numbered 28 printed in Part A of House Report 119-755 to codify protections a (Agreed to 221-210) [reading DRAFT, unsigned -- not placed]",R,OK-4
Troy A. Carter (D) - LA-2,,,1,,,,no signed reading,n/a (evidence only),2,,"VOTE NAY (D): 2026-07-22 Self of Texas Part A Amendment No. 28 On Agreeing to the Amendment: An amendment numbered 28 printed in Part A of House Report 119-755 to codify protections a (Agreed to 221-210) [reading DRAFT, unsigned -- not placed] | 2025-04-29 COSPONSORED H.R. 15 Equality Act [reading DRAFT, unsigned -- not placed]",D,LA-2
Troy Downing (R) - MT-2,,,1,,,,no signed reading,n/a (evidence only),2,,"VOTE YEA (R): 2026-07-22 Self of Texas Part A Amendment No. 28 On Agreeing to the Amendment: An amendment numbered 28 printed in Part A of House Report 119-755 to codify protections a (Agreed to 221-210) [reading DRAFT, unsigned -- not placed] | 2025-01-21 COSPONSORED H.R. 589 FACE Act Repeal Act of 2025 [reading DRAFT, unsigned -- not placed]",R,MT-2
Troy E. Nehls (R) - TX-22,,,1,,,,no signed reading,n/a (evidence only),2,,"VOTE YEA (R): 2026-07-22 Self of Texas Part A Amendment No. 28 On Agreeing to the Amendment: An amendment numbered 28 printed in Part A of House Report 119-755 to codify protections a (Agreed to 221-210) [reading DRAFT, unsigned -- not placed] | 2026-07-15 (CO)SPONSORED 1 bill(s) on the area with no reading: H.Res. 1436 Condemning Omar Suleiman for celebrating the  [no reading -- not placed]",R,TX-22
Vicente Gonzalez (D) - TX-34,,,1,,,,no signed reading,n/a (evidence only),2,,"VOTE NAY (D): 2026-07-22 Self of Texas Part A Amendment No. 28 On Agreeing to the Amendment: An amendment numbered 28 printed in Part A of House Report 119-755 to codify protections a (Agreed to 221-210) [reading DRAFT, unsigned -- not placed] | 2025-04-29 COSPONSORED H.R. 15 Equality Act [reading DRAFT, unsigned -- not placed]",D,TX-34
Vince Fong (R) - CA-20,,,1,,,,no signed reading,n/a (evidence only),2,,"VOTE YEA (R): 2026-07-22 Self of Texas Part A Amendment No. 28 On Agreeing to the Amendment: An amendment numbered 28 printed in Part A of House Report 119-755 to codify protections a (Agreed to 221-210) [reading DRAFT, unsigned -- not placed] | 2025-10-28 (CO)SPONSORED 1 bill(s) on the area with no reading: H.Res. 69 Celebrating Hindu Americans, condemning attac [no reading -- not placed]",R,CA-20
W. Gregory Steube (R) - FL-17,,,1,,,,no signed reading,n/a (evidence only),2,,"VOTE YEA (R): 2026-07-22 Self of Texas Part A Amendment No. 28 On Agreeing to the Amendment: An amendment numbered 28 printed in Part A of House Report 119-755 to codify protections a (Agreed to 221-210) [reading DRAFT, unsigned -- not placed] | 2026-04-02 (CO)SPONSORED 4 bill(s) on the area with no reading: H.Res. 866 Condemning the persecution of Christians in N; H.Res. 594 Condemning the persecution of Christians in M; H.R. 8182 Banning Perpetrators of Religious Persecution; H.R. 5838 Combatting the Persecution of Religious Group [no reading -- not placed]",R,FL-17
Wesley Hunt (R) - TX-38,,,1,,,,no signed reading,n/a (evidence only),2,,"VOTE YEA (R): 2026-07-22 Self of Texas Part A Amendment No. 28 On Agreeing to the Amendment: An amendment numbered 28 printed in Part A of House Report 119-755 to codify protections a (Agreed to 221-210) [reading DRAFT, unsigned -- not placed] | 2026-07-15 (CO)SPONSORED 3 bill(s) on the area with no reading: H.Res. 866 Condemning the persecution of Christians in N; H.Res. 860 Commending President Trump for Redesignating ; H.Res. 1436 Condemning Omar Suleiman for celebrating the  [no reading -- not placed]",R,TX-38
Young Kim (R) - CA-40,,,1,,,,no signed reading,n/a (evidence only),2,,"VOTE YEA (R): 2026-07-22 Self of Texas Part A Amendment No. 28 On Agreeing to the Amendment: An amendment numbered 28 printed in Part A of House Report 119-755 to codify protections a (Agreed to 221-210) [reading DRAFT, unsigned -- not placed] | 2026-05-12 (CO)SPONSORED 5 bill(s) on the area with no reading: H.Res. 69 Celebrating Hindu Americans, condemning attac; H.Res. 930 Commemorating the 78th birthday of Jimmy Lai ; H.Res. 515 Commemorating the 90th birthday of His Holine; H.R. 2635 Uyghur Policy Act of 2025 (sponsor); H.Res. 1259 Expressing the sense of the House of Represen [no reading -- not placed]",R,CA-40
Aaron Bean (R) - FL-4,,,1,,,,no signed reading,n/a (evidence only),1,,"VOTE YEA (R): 2026-07-22 Self of Texas Part A Amendment No. 28 On Agreeing to the Amendment: An amendment numbered 28 printed in Part A of House Report 119-755 to codify protections a (Agreed to 221-210) [reading DRAFT, unsigned -- not placed]",R,FL-4
Andrew R. Garbarino (R) - NY-2,,,1,,,,no signed reading,n/a (evidence only),1,,"VOTE YEA (R): 2026-07-22 Self of Texas Part A Amendment No. 28 On Agreeing to the Amendment: An amendment numbered 28 printed in Part A of House Report 119-755 to codify protections a (Agreed to 221-210) [reading DRAFT, unsigned -- not placed]",R,NY-2
Ann Wagner (R) - MO-2,,,1,,,,no signed reading,n/a (evidence only),1,,"VOTE YEA (R): 2026-07-22 Self of Texas Part A Amendment No. 28 On Agreeing to the Amendment: An amendment numbered 28 printed in Part A of House Report 119-755 to codify protections a (Agreed to 221-210) [reading DRAFT, unsigned -- not placed]",R,MO-2
Ashley Hinson (R) - IA-2,,,1,,,,no signed reading,n/a (evidence only),1,,"VOTE YEA (R): 2026-07-22 Self of Texas Part A Amendment No. 28 On Agreeing to the Amendment: An amendment numbered 28 printed in Part A of House Report 119-755 to codify protections a (Agreed to 221-210) [reading DRAFT, unsigned -- not placed]",R,IA-2
Blake D. Moore (R) - UT-1,,,1,,,,no signed reading,n/a (evidence only),1,,"VOTE YEA (R): 2026-07-22 Self of Texas Part A Amendment No. 28 On Agreeing to the Amendment: An amendment numbered 28 printed in Part A of House Report 119-755 to codify protections a (Agreed to 221-210) [reading DRAFT, unsigned -- not placed]",R,UT-1
Brett Guthrie (R) - KY-2,,,1,,,,no signed reading,n/a (evidence only),1,,"VOTE YEA (R): 2026-07-22 Self of Texas Part A Amendment No. 28 On Agreeing to the Amendment: An amendment numbered 28 printed in Part A of House Report 119-755 to codify protections a (Agreed to 221-210) [reading DRAFT, unsigned -- not placed]",R,KY-2
Brian Jack (R) - GA-3,,,1,,,,no signed reading,n/a (evidence only),1,,"VOTE YEA (R): 2026-07-22 Self of Texas Part A Amendment No. 28 On Agreeing to the Amendment: An amendment numbered 28 printed in Part A of House Report 119-755 to codify protections a (Agreed to 221-210) [reading DRAFT, unsigned -- not placed]",R,GA-3
Bryan Steil (R) - WI-1,,,1,,,,no signed reading,n/a (evidence only),1,,"VOTE YEA (R): 2026-07-22 Self of Texas Part A Amendment No. 28 On Agreeing to the Amendment: An amendment numbered 28 printed in Part A of House Report 119-755 to codify protections a (Agreed to 221-210) [reading DRAFT, unsigned -- not placed]",R,WI-1
Carlos A. Gimenez (R) - FL-28,,,1,,,,no signed reading,n/a (evidence only),1,,"VOTE YEA (R): 2026-07-22 Self of Texas Part A Amendment No. 28 On Agreeing to the Amendment: An amendment numbered 28 printed in Part A of House Report 119-755 to codify protections a (Agreed to 221-210) [reading DRAFT, unsigned -- not placed]",R,FL-28
Carol D. Miller (R) - WV-1,,,1,,,,no signed reading,n/a (evidence only),1,,"VOTE YEA (R): 2026-07-22 Self of Texas Part A Amendment No. 28 On Agreeing to the Amendment: An amendment numbered 28 printed in Part A of House Report 119-755 to codify protections a (Agreed to 221-210) [reading DRAFT, unsigned -- not placed]",R,WV-1
Clay Fuller (R) - GA-14,,,1,,,,no signed reading,n/a (evidence only),1,,"VOTE YEA (R): 2026-07-22 Self of Texas Part A Amendment No. 28 On Agreeing to the Amendment: An amendment numbered 28 printed in Part A of House Report 119-755 to codify protections a (Agreed to 221-210) [reading DRAFT, unsigned -- not placed]",R,GA-14
Cliff Bentz (R) - OR-2,,,1,,,,no signed reading,n/a (evidence only),1,,"VOTE YEA (R): 2026-07-22 Self of Texas Part A Amendment No. 28 On Agreeing to the Amendment: An amendment numbered 28 printed in Part A of House Report 119-755 to codify protections a (Agreed to 221-210) [reading DRAFT, unsigned -- not placed]",R,OR-2
Cory Mills (R) - FL-7,,,1,,,,no signed reading,n/a (evidence only),1,,"VOTE YEA (R): 2026-07-22 Self of Texas Part A Amendment No. 28 On Agreeing to the Amendment: An amendment numbered 28 printed in Part A of House Report 119-755 to codify protections a (Agreed to 221-210) [reading DRAFT, unsigned -- not placed]",R,FL-7
Dale W. Strong (R) - AL-5,,,1,,,,no signed reading,n/a (evidence only),1,,"VOTE YEA (R): 2026-07-22 Self of Texas Part A Amendment No. 28 On Agreeing to the Amendment: An amendment numbered 28 printed in Part A of House Report 119-755 to codify protections a (Agreed to 221-210) [reading DRAFT, unsigned -- not placed]",R,AL-5
Dan Newhouse (R) - WA-4,,,1,,,,no signed reading,n/a (evidence only),1,,"VOTE YEA (R): 2026-07-22 Self of Texas Part A Amendment No. 28 On Agreeing to the Amendment: An amendment numbered 28 printed in Part A of House Report 119-755 to codify protections a (Agreed to 221-210) [reading DRAFT, unsigned -- not placed]",R,WA-4
Darin LaHood (R) - IL-16,,,1,,,,no signed reading,n/a (evidence only),1,,"VOTE YEA (R): 2026-07-22 Self of Texas Part A Amendment No. 28 On Agreeing to the Amendment: An amendment numbered 28 printed in Part A of House Report 119-755 to codify protections a (Agreed to 221-210) [reading DRAFT, unsigned -- not placed]",R,IL-16
David P. Joyce (R) - OH-14,,,1,,,,no signed reading,n/a (evidence only),1,,"VOTE YEA (R): 2026-07-22 Self of Texas Part A Amendment No. 28 On Agreeing to the Amendment: An amendment numbered 28 printed in Part A of House Report 119-755 to codify protections a (Agreed to 221-210) [reading DRAFT, unsigned -- not placed]",R,OH-14
David Schweikert (R) - AZ-1,,,1,,,,no signed reading,n/a (evidence only),1,,"VOTE YEA (R): 2026-07-22 Self of Texas Part A Amendment No. 28 On Agreeing to the Amendment: An amendment numbered 28 printed in Part A of House Report 119-755 to codify protections a (Agreed to 221-210) [reading DRAFT, unsigned -- not placed]",R,AZ-1
Donald G. Davis (D) - NC-1,,,1,,,,no signed reading,n/a (evidence only),1,,"VOTE YEA (D): 2026-07-22 Self of Texas Part A Amendment No. 28 On Agreeing to the Amendment: An amendment numbered 28 printed in Part A of House Report 119-755 to codify protections a (Agreed to 221-210) [reading DRAFT, unsigned -- not placed]",D,NC-1
Dusty Johnson (R) - SD-AL,,,1,,,,no signed reading,n/a (evidence only),1,,"VOTE YEA (R): 2026-07-22 Self of Texas Part A Amendment No. 28 On Agreeing to the Amendment: An amendment numbered 28 printed in Part A of House Report 119-755 to codify protections a (Agreed to 221-210) [reading DRAFT, unsigned -- not placed]",R,SD-AL
"Eric A. ""Rick"" Crawford (R) - AR-1",,,1,,,,no signed reading,n/a (evidence only),1,,"VOTE YEA (R): 2026-07-22 Self of Texas Part A Amendment No. 28 On Agreeing to the Amendment: An amendment numbered 28 printed in Part A of House Report 119-755 to codify protections a (Agreed to 221-210) [reading DRAFT, unsigned -- not placed]",R,AR-1
Everton Blair Jr. (D) - GA-13,,,1,,,,no signed reading,n/a (evidence only),1,,"2026-09-10 COSPONSORED H.R. 15 Equality Act [reading DRAFT, unsigned -- not placed]",D,GA-13
Frank D. Lucas (R) - OK-3,,,1,,,,no signed reading,n/a (evidence only),1,,"VOTE YEA (R): 2026-07-22 Self of Texas Part A Amendment No. 28 On Agreeing to the Amendment: An amendment numbered 28 printed in Part A of House Report 119-755 to codify protections a (Agreed to 221-210) [reading DRAFT, unsigned -- not placed]",R,OK-3
Gabe Evans (R) - CO-8,,,1,,,,no signed reading,n/a (evidence only),1,,"VOTE YEA (R): 2026-07-22 Self of Texas Part A Amendment No. 28 On Agreeing to the Amendment: An amendment numbered 28 printed in Part A of House Report 119-755 to codify protections a (Agreed to 221-210) [reading DRAFT, unsigned -- not placed]",R,CO-8
Gregory F. Murphy (R) - NC-3,,,1,,,,no signed reading,n/a (evidence only),1,,"VOTE YEA (R): 2026-07-22 Self of Texas Part A Amendment No. 28 On Agreeing to the Amendment: An amendment numbered 28 printed in Part A of House Report 119-755 to codify protections a (Agreed to 221-210) [reading DRAFT, unsigned -- not placed]",R,NC-3
H. Morgan Griffith (R) - VA-9,,,1,,,,no signed reading,n/a (evidence only),1,,"VOTE YEA (R): 2026-07-22 Self of Texas Part A Amendment No. 28 On Agreeing to the Amendment: An amendment numbered 28 printed in Part A of House Report 119-755 to codify protections a (Agreed to 221-210) [reading DRAFT, unsigned -- not placed]",R,VA-9
Harold Rogers (R) - KY-5,,,1,,,,no signed reading,n/a (evidence only),1,,"VOTE YEA (R): 2026-07-22 Self of Texas Part A Amendment No. 28 On Agreeing to the Amendment: An amendment numbered 28 printed in Part A of House Report 119-755 to codify protections a (Agreed to 221-210) [reading DRAFT, unsigned -- not placed]",R,KY-5
Jack Bergman (R) - MI-1,,,1,,,,no signed reading,n/a (evidence only),1,,"VOTE YEA (R): 2026-07-22 Self of Texas Part A Amendment No. 28 On Agreeing to the Amendment: An amendment numbered 28 printed in Part A of House Report 119-755 to codify protections a (Agreed to 221-210) [reading DRAFT, unsigned -- not placed]",R,MI-1
James Comer (R) - KY-1,,,1,,,,no signed reading,n/a (evidence only),1,,"VOTE YEA (R): 2026-07-22 Self of Texas Part A Amendment No. 28 On Agreeing to the Amendment: An amendment numbered 28 printed in Part A of House Report 119-755 to codify protections a (Agreed to 221-210) [reading DRAFT, unsigned -- not placed]",R,KY-1
James Gallagher (R) - CA-1,,,1,,,,no signed reading,n/a (evidence only),1,,"VOTE YEA (R): 2026-07-22 Self of Texas Part A Amendment No. 28 On Agreeing to the Amendment: An amendment numbered 28 printed in Part A of House Report 119-755 to codify protections a (Agreed to 221-210) [reading DRAFT, unsigned -- not placed]",R,CA-1
Jason Smith (R) - MO-8,,,1,,,,no signed reading,n/a (evidence only),1,,"VOTE YEA (R): 2026-07-22 Self of Texas Part A Amendment No. 28 On Agreeing to the Amendment: An amendment numbered 28 printed in Part A of House Report 119-755 to codify protections a (Agreed to 221-210) [reading DRAFT, unsigned -- not placed]",R,MO-8
Jeff Crank (R) - CO-5,,,1,,,,no signed reading,n/a (evidence only),1,,"VOTE YEA (R): 2026-07-22 Self of Texas Part A Amendment No. 28 On Agreeing to the Amendment: An amendment numbered 28 printed in Part A of House Report 119-755 to codify protections a (Agreed to 221-210) [reading DRAFT, unsigned -- not placed]",R,CO-5
Jim Jordan (R) - OH-4,,,1,,,,no signed reading,n/a (evidence only),1,,"VOTE YEA (R): 2026-07-22 Self of Texas Part A Amendment No. 28 On Agreeing to the Amendment: An amendment numbered 28 printed in Part A of House Report 119-755 to codify protections a (Agreed to 221-210) [reading DRAFT, unsigned -- not placed]",R,OH-4
Jimmy Patronis (R) - FL-1,,,1,,,,no signed reading,n/a (evidence only),1,,"VOTE YEA (R): 2026-07-22 Self of Texas Part A Amendment No. 28 On Agreeing to the Amendment: An amendment numbered 28 printed in Part A of House Report 119-755 to codify protections a (Agreed to 221-210) [reading DRAFT, unsigned -- not placed]",R,FL-1
John J. McGuire III (R) - VA-5,,,1,,,,no signed reading,n/a (evidence only),1,,"VOTE YEA (R): 2026-07-22 Self of Texas Part A Amendment No. 28 On Agreeing to the Amendment: An amendment numbered 28 printed in Part A of House Report 119-755 to codify protections a (Agreed to 221-210) [reading DRAFT, unsigned -- not placed]",R,VA-5
John Joyce (R) - PA-13,,,1,,,,no signed reading,n/a (evidence only),1,,"VOTE YEA (R): 2026-07-22 Self of Texas Part A Amendment No. 28 On Agreeing to the Amendment: An amendment numbered 28 printed in Part A of House Report 119-755 to codify protections a (Agreed to 221-210) [reading DRAFT, unsigned -- not placed]",R,PA-13
Kat Cammack (R) - FL-3,,,1,,,,no signed reading,n/a (evidence only),1,,"VOTE YEA (R): 2026-07-22 Self of Texas Part A Amendment No. 28 On Agreeing to the Amendment: An amendment numbered 28 printed in Part A of House Report 119-755 to codify protections a (Agreed to 221-210) [reading DRAFT, unsigned -- not placed]",R,FL-3
Ken Calvert (R) - CA-41,,,1,,,,no signed reading,n/a (evidence only),1,,"VOTE YEA (R): 2026-07-22 Self of Texas Part A Amendment No. 28 On Agreeing to the Amendment: An amendment numbered 28 printed in Part A of House Report 119-755 to codify protections a (Agreed to 221-210) [reading DRAFT, unsigned -- not placed]",R,CA-41
Kevin Hern (R) - OK-1,,,1,,,,no signed reading,n/a (evidence only),1,,"VOTE YEA (R): 2026-07-22 Self of Texas Part A Amendment No. 28 On Agreeing to the Amendment: An amendment numbered 28 printed in Part A of House Report 119-755 to codify protections a (Agreed to 221-210) [reading DRAFT, unsigned -- not placed]",R,OK-1
Kevin Kiley (I) - CA-3,,,1,,,,no signed reading,n/a (evidence only),1,,"VOTE YEA (I): 2026-07-22 Self of Texas Part A Amendment No. 28 On Agreeing to the Amendment: An amendment numbered 28 printed in Part A of House Report 119-755 to codify protections a (Agreed to 221-210) [reading DRAFT, unsigned -- not placed]",I,CA-3
Lisa C. McClain (R) - MI-9,,,1,,,,no signed reading,n/a (evidence only),1,,"VOTE YEA (R): 2026-07-22 Self of Texas Part A Amendment No. 28 On Agreeing to the Amendment: An amendment numbered 28 printed in Part A of House Report 119-755 to codify protections a (Agreed to 221-210) [reading DRAFT, unsigned -- not placed]",R,MI-9
Lloyd Smucker (R) - PA-11,,,1,,,,no signed reading,n/a (evidence only),1,,"VOTE YEA (R): 2026-07-22 Self of Texas Part A Amendment No. 28 On Agreeing to the Amendment: An amendment numbered 28 printed in Part A of House Report 119-755 to codify protections a (Agreed to 221-210) [reading DRAFT, unsigned -- not placed]",R,PA-11
Mariannette Miller-Meeks (R) - IA-1,,,1,,,,no signed reading,n/a (evidence only),1,,"VOTE YEA (R): 2026-07-22 Self of Texas Part A Amendment No. 28 On Agreeing to the Amendment: An amendment numbered 28 printed in Part A of House Report 119-755 to codify protections a (Agreed to 221-210) [reading DRAFT, unsigned -- not placed]",R,IA-1
Mark E. Amodei (R) - NV-2,,,1,,,,no signed reading,n/a (evidence only),1,,"VOTE YEA (R): 2026-07-22 Self of Texas Part A Amendment No. 28 On Agreeing to the Amendment: An amendment numbered 28 printed in Part A of House Report 119-755 to codify protections a (Agreed to 221-210) [reading DRAFT, unsigned -- not placed]",R,NV-2
Matt Van Epps (R) - TN-7,,,1,,,,no signed reading,n/a (evidence only),1,,"VOTE YEA (R): 2026-07-22 Self of Texas Part A Amendment No. 28 On Agreeing to the Amendment: An amendment numbered 28 printed in Part A of House Report 119-755 to codify protections a (Agreed to 221-210) [reading DRAFT, unsigned -- not placed]",R,TN-7
Michael K. Simpson (R) - ID-2,,,1,,,,no signed reading,n/a (evidence only),1,,"VOTE YEA (R): 2026-07-22 Self of Texas Part A Amendment No. 28 On Agreeing to the Amendment: An amendment numbered 28 printed in Part A of House Report 119-755 to codify protections a (Agreed to 221-210) [reading DRAFT, unsigned -- not placed]",R,ID-2
Michael R. Turner (R) - OH-10,,,1,,,,no signed reading,n/a (evidence only),1,,"VOTE YEA (R): 2026-07-22 Self of Texas Part A Amendment No. 28 On Agreeing to the Amendment: An amendment numbered 28 printed in Part A of House Report 119-755 to codify protections a (Agreed to 221-210) [reading DRAFT, unsigned -- not placed]",R,OH-10
Michelle Fischbach (R) - MN-7,,,1,,,,no signed reading,n/a (evidence only),1,,"VOTE YEA (R): 2026-07-22 Self of Texas Part A Amendment No. 28 On Agreeing to the Amendment: An amendment numbered 28 printed in Part A of House Report 119-755 to codify protections a (Agreed to 221-210) [reading DRAFT, unsigned -- not placed]",R,MN-7
Mike Carey (R) - OH-15,,,1,,,,no signed reading,n/a (evidence only),1,,"VOTE YEA (R): 2026-07-22 Self of Texas Part A Amendment No. 28 On Agreeing to the Amendment: An amendment numbered 28 printed in Part A of House Report 119-755 to codify protections a (Agreed to 221-210) [reading DRAFT, unsigned -- not placed]",R,OH-15
Mike Collins (R) - GA-10,,,1,,,,no signed reading,n/a (evidence only),1,,"VOTE YEA (R): 2026-07-22 Self of Texas Part A Amendment No. 28 On Agreeing to the Amendment: An amendment numbered 28 printed in Part A of House Report 119-755 to codify protections a (Agreed to 221-210) [reading DRAFT, unsigned -- not placed]",R,GA-10
Mike Ezell (R) - MS-4,,,1,,,,no signed reading,n/a (evidence only),1,,"VOTE YEA (R): 2026-07-22 Self of Texas Part A Amendment No. 28 On Agreeing to the Amendment: An amendment numbered 28 printed in Part A of House Report 119-755 to codify protections a (Agreed to 221-210) [reading DRAFT, unsigned -- not placed]",R,MS-4
Mike Haridopolos (R) - FL-8,,,1,,,,no signed reading,n/a (evidence only),1,,"VOTE YEA (R): 2026-07-22 Self of Texas Part A Amendment No. 28 On Agreeing to the Amendment: An amendment numbered 28 printed in Part A of House Report 119-755 to codify protections a (Agreed to 221-210) [reading DRAFT, unsigned -- not placed]",R,FL-8
Mike Kelly (R) - PA-16,,,1,,,,no signed reading,n/a (evidence only),1,,"VOTE YEA (R): 2026-07-22 Self of Texas Part A Amendment No. 28 On Agreeing to the Amendment: An amendment numbered 28 printed in Part A of House Report 119-755 to codify protections a (Agreed to 221-210) [reading DRAFT, unsigned -- not placed]",R,PA-16
Neal P. Dunn (R) - FL-2,,,1,,,,no signed reading,n/a (evidence only),1,,"VOTE YEA (R): 2026-07-22 Self of Texas Part A Amendment No. 28 On Agreeing to the Amendment: An amendment numbered 28 printed in Part A of House Report 119-755 to codify protections a (Agreed to 221-210) [reading DRAFT, unsigned -- not placed]",R,FL-2
Nicholas J. Begich III (R) - AK-AL,,,1,,,,no signed reading,n/a (evidence only),1,,"VOTE YEA (R): 2026-07-22 Self of Texas Part A Amendment No. 28 On Agreeing to the Amendment: An amendment numbered 28 printed in Part A of House Report 119-755 to codify protections a (Agreed to 221-210) [reading DRAFT, unsigned -- not placed]",R,AK-AL
Nick LaLota (R) - NY-1,,,1,,,,no signed reading,n/a (evidence only),1,,"VOTE YEA (R): 2026-07-22 Self of Texas Part A Amendment No. 28 On Agreeing to the Amendment: An amendment numbered 28 printed in Part A of House Report 119-755 to codify protections a (Agreed to 221-210) [reading DRAFT, unsigned -- not placed]",R,NY-1
Richard Hudson (R) - NC-9,,,1,,,,no signed reading,n/a (evidence only),1,,"VOTE YEA (R): 2026-07-22 Self of Texas Part A Amendment No. 28 On Agreeing to the Amendment: An amendment numbered 28 printed in Part A of House Report 119-755 to codify protections a (Agreed to 221-210) [reading DRAFT, unsigned -- not placed]",R,NC-9
Rick W. Allen (R) - GA-12,,,1,,,,no signed reading,n/a (evidence only),1,,"VOTE YEA (R): 2026-07-22 Self of Texas Part A Amendment No. 28 On Agreeing to the Amendment: An amendment numbered 28 printed in Part A of House Report 119-755 to codify protections a (Agreed to 221-210) [reading DRAFT, unsigned -- not placed]",R,GA-12
Robert E. Latta (R) - OH-5,,,1,,,,no signed reading,n/a (evidence only),1,,"VOTE YEA (R): 2026-07-22 Self of Texas Part A Amendment No. 28 On Agreeing to the Amendment: An amendment numbered 28 printed in Part A of House Report 119-755 to codify protections a (Agreed to 221-210) [reading DRAFT, unsigned -- not placed]",R,OH-5
"Robert P. Bresnahan, Jr. (R) - PA-8",,,1,,,,no signed reading,n/a (evidence only),1,,"VOTE YEA (R): 2026-07-22 Self of Texas Part A Amendment No. 28 On Agreeing to the Amendment: An amendment numbered 28 printed in Part A of House Report 119-755 to codify protections a (Agreed to 221-210) [reading DRAFT, unsigned -- not placed]",R,PA-8
Ron Estes (R) - KS-4,,,1,,,,no signed reading,n/a (evidence only),1,,"VOTE YEA (R): 2026-07-22 Self of Texas Part A Amendment No. 28 On Agreeing to the Amendment: An amendment numbered 28 printed in Part A of House Report 119-755 to codify protections a (Agreed to 221-210) [reading DRAFT, unsigned -- not placed]",R,KS-4
Ryan K. Zinke (R) - MT-1,,,1,,,,no signed reading,n/a (evidence only),1,,"VOTE YEA (R): 2026-07-22 Self of Texas Part A Amendment No. 28 On Agreeing to the Amendment: An amendment numbered 28 printed in Part A of House Report 119-755 to codify protections a (Agreed to 221-210) [reading DRAFT, unsigned -- not placed]",R,MT-1
Sam Graves (R) - MO-6,,,1,,,,no signed reading,n/a (evidence only),1,,"VOTE YEA (R): 2026-07-22 Self of Texas Part A Amendment No. 28 On Agreeing to the Amendment: An amendment numbered 28 printed in Part A of House Report 119-755 to codify protections a (Agreed to 221-210) [reading DRAFT, unsigned -- not placed]",R,MO-6
Scott DesJarlais (R) - TN-4,,,1,,,,no signed reading,n/a (evidence only),1,,"VOTE YEA (R): 2026-07-22 Self of Texas Part A Amendment No. 28 On Agreeing to the Amendment: An amendment numbered 28 printed in Part A of House Report 119-755 to codify protections a (Agreed to 221-210) [reading DRAFT, unsigned -- not placed]",R,TN-4
Scott Fitzgerald (R) - WI-5,,,1,,,,no signed reading,n/a (evidence only),1,,"VOTE YEA (R): 2026-07-22 Self of Texas Part A Amendment No. 28 On Agreeing to the Amendment: An amendment numbered 28 printed in Part A of House Report 119-755 to codify protections a (Agreed to 221-210) [reading DRAFT, unsigned -- not placed]",R,WI-5
Scott Franklin (R) - FL-18,,,1,,,,no signed reading,n/a (evidence only),1,,"VOTE YEA (R): 2026-07-22 Self of Texas Part A Amendment No. 28 On Agreeing to the Amendment: An amendment numbered 28 printed in Part A of House Report 119-755 to codify protections a (Agreed to 221-210) [reading DRAFT, unsigned -- not placed]",R,FL-18
Scott Perry (R) - PA-10,,,1,,,,no signed reading,n/a (evidence only),1,,"VOTE YEA (R): 2026-07-22 Self of Texas Part A Amendment No. 28 On Agreeing to the Amendment: An amendment numbered 28 printed in Part A of House Report 119-755 to codify protections a (Agreed to 221-210) [reading DRAFT, unsigned -- not placed]",R,PA-10
Steve Scalise (R) - LA-1,,,1,,,,no signed reading,n/a (evidence only),1,,"VOTE YEA (R): 2026-07-22 Self of Texas Part A Amendment No. 28 On Agreeing to the Amendment: An amendment numbered 28 printed in Part A of House Report 119-755 to codify protections a (Agreed to 221-210) [reading DRAFT, unsigned -- not placed]",R,LA-1
Thomas Massie (R) - KY-4,,,1,,,,no signed reading,n/a (evidence only),1,,"VOTE YEA (R): 2026-07-22 Self of Texas Part A Amendment No. 28 On Agreeing to the Amendment: An amendment numbered 28 printed in Part A of House Report 119-755 to codify protections a (Agreed to 221-210) [reading DRAFT, unsigned -- not placed]",R,KY-4
Thomas P. Tiffany (R) - WI-7,,,1,,,,no signed reading,n/a (evidence only),1,,"VOTE YEA (R): 2026-07-22 Self of Texas Part A Amendment No. 28 On Agreeing to the Amendment: An amendment numbered 28 printed in Part A of House Report 119-755 to codify protections a (Agreed to 221-210) [reading DRAFT, unsigned -- not placed]",R,WI-7
Tim Walberg (R) - MI-5,,,1,,,,no signed reading,n/a (evidence only),1,,"VOTE YEA (R): 2026-07-22 Self of Texas Part A Amendment No. 28 On Agreeing to the Amendment: An amendment numbered 28 printed in Part A of House Report 119-755 to codify protections a (Agreed to 221-210) [reading DRAFT, unsigned -- not placed]",R,MI-5
Tom Barrett (R) - MI-7,,,1,,,,no signed reading,n/a (evidence only),1,,"VOTE YEA (R): 2026-07-22 Self of Texas Part A Amendment No. 28 On Agreeing to the Amendment: An amendment numbered 28 printed in Part A of House Report 119-755 to codify protections a (Agreed to 221-210) [reading DRAFT, unsigned -- not placed]",R,MI-7
Tom Emmer (R) - MN-6,,,1,,,,no signed reading,n/a (evidence only),1,,"VOTE YEA (R): 2026-07-22 Self of Texas Part A Amendment No. 28 On Agreeing to the Amendment: An amendment numbered 28 printed in Part A of House Report 119-755 to codify protections a (Agreed to 221-210) [reading DRAFT, unsigned -- not placed]",R,MN-6
Tom McClintock (R) - CA-5,,,1,,,,no signed reading,n/a (evidence only),1,,"VOTE YEA (R): 2026-07-22 Self of Texas Part A Amendment No. 28 On Agreeing to the Amendment: An amendment numbered 28 printed in Part A of House Report 119-755 to codify protections a (Agreed to 221-210) [reading DRAFT, unsigned -- not placed]",R,CA-5
Tony Wied (R) - WI-8,,,1,,,,no signed reading,n/a (evidence only),1,,"VOTE YEA (R): 2026-07-22 Self of Texas Part A Amendment No. 28 On Agreeing to the Amendment: An amendment numbered 28 printed in Part A of House Report 119-755 to codify protections a (Agreed to 221-210) [reading DRAFT, unsigned -- not placed]",R,WI-8
Tracey Mann (R) - KS-1,,,1,,,,no signed reading,n/a (evidence only),1,,"VOTE YEA (R): 2026-07-22 Self of Texas Part A Amendment No. 28 On Agreeing to the Amendment: An amendment numbered 28 printed in Part A of House Report 119-755 to codify protections a (Agreed to 221-210) [reading DRAFT, unsigned -- not placed]",R,KS-1
Trent Kelly (R) - MS-1,,,1,,,,no signed reading,n/a (evidence only),1,,"VOTE YEA (R): 2026-07-22 Self of Texas Part A Amendment No. 28 On Agreeing to the Amendment: An amendment numbered 28 printed in Part A of House Report 119-755 to codify protections a (Agreed to 221-210) [reading DRAFT, unsigned -- not placed]",R,MS-1
Troy Balderson (R) - OH-12,,,1,,,,no signed reading,n/a (evidence only),1,,"VOTE YEA (R): 2026-07-22 Self of Texas Part A Amendment No. 28 On Agreeing to the Amendment: An amendment numbered 28 printed in Part A of House Report 119-755 to codify protections a (Agreed to 221-210) [reading DRAFT, unsigned -- not placed]",R,OH-12
Vern Buchanan (R) - FL-16,,,1,,,,no signed reading,n/a (evidence only),1,,"VOTE YEA (R): 2026-07-22 Self of Texas Part A Amendment No. 28 On Agreeing to the Amendment: An amendment numbered 28 printed in Part A of House Report 119-755 to codify protections a (Agreed to 221-210) [reading DRAFT, unsigned -- not placed]",R,FL-16
Victoria Spartz (R) - IN-5,,,1,,,,no signed reading,n/a (evidence only),1,,"VOTE YEA (R): 2026-07-22 Self of Texas Part A Amendment No. 28 On Agreeing to the Amendment: An amendment numbered 28 printed in Part A of House Report 119-755 to codify protections a (Agreed to 221-210) [reading DRAFT, unsigned -- not placed]",R,IN-5
Virginia Foxx (R) - NC-5,,,1,,,,no signed reading,n/a (evidence only),1,,"VOTE YEA (R): 2026-07-22 Self of Texas Part A Amendment No. 28 On Agreeing to the Amendment: An amendment numbered 28 printed in Part A of House Report 119-755 to codify protections a (Agreed to 221-210) [reading DRAFT, unsigned -- not placed]",R,NC-5
William R. Timmons IV (R) - SC-4,,,1,,,,no signed reading,n/a (evidence only),1,,"VOTE YEA (R): 2026-07-22 Self of Texas Part A Amendment No. 28 On Agreeing to the Amendment: An amendment numbered 28 printed in Part A of House Report 119-755 to codify protections a (Agreed to 221-210) [reading DRAFT, unsigned -- not placed]",R,SC-4
Zachary Nunn (R) - IA-3,,,1,,,,no signed reading,n/a (evidence only),1,,"VOTE YEA (R): 2026-07-22 Self of Texas Part A Amendment No. 28 On Agreeing to the Amendment: An amendment numbered 28 printed in Part A of House Report 119-755 to codify protections a (Agreed to 221-210) [reading DRAFT, unsigned -- not placed]",R,IA-3
Aisha Wahab (D) - CA-14,,,1,,,,no evidence,,0,,No recorded activity on this area,D,CA-14
Mike Johnson (R) - LA-4,,,1,,,,no evidence,,0,,No recorded activity on this area,R,LA-4
Eleanor Holmes Norton (D) - XX-AL [FORMER],,,1,,,,no signed reading,n/a (evidence only),3,,"VOTE NAY (D): 2026-07-22 Self of Texas Part A Amendment No. 28 On Agreeing to the Amendment: An amendment numbered 28 printed in Part A of House Report 119-755 to codify protections a (Agreed to 221-210) [reading DRAFT, unsigned -- not placed] | 2025-12-03 (CO)SPONSORED 9 bill(s) on the area with no reading: H.R. 1061 Protecting Sensitive Locations Act; H.Res. 925 Condemning the Government of Iran's state-spo; H.R. 3850 District of Columbia Non-Discrimination Home  (sponsor); H.R. 1954 Do No Harm Act; H.Res. 69 Celebrating Hindu Americans, condemning attac; H.Res. 515 Commemorating the 90th birthday of His Holine; and 3 more [no reading -- not placed] | 2025-04-29 COSPONSORED H.R. 15 Equality Act [reading DRAFT, unsigned -- not placed]",D,XX-AL
Pablo José Hernández (D) - XX-AL [FORMER],,,1,,,,no signed reading,n/a (evidence only),3,,"VOTE NAY (D): 2026-07-22 Self of Texas Part A Amendment No. 28 On Agreeing to the Amendment: An amendment numbered 28 printed in Part A of House Report 119-755 to codify protections a (Agreed to 221-210) [reading DRAFT, unsigned -- not placed] | 2025-04-29 COSPONSORED H.R. 15 Equality Act [reading DRAFT, unsigned -- not placed] | 2025-02-13 (CO)SPONSORED 1 bill(s) on the area with no reading: H.R. 1061 Protecting Sensitive Locations Act [no reading -- not placed]",D,XX-AL
James C. Moylan (R) - XX-AL [FORMER],,,1,,,,no signed reading,n/a (evidence only),2,,"VOTE YEA (R): 2026-07-22 Self of Texas Part A Amendment No. 28 On Agreeing to the Amendment: An amendment numbered 28 printed in Part A of House Report 119-755 to codify protections a (Agreed to 221-210) [reading DRAFT, unsigned -- not placed] | 2025-10-06 (CO)SPONSORED 2 bill(s) on the area with no reading: H.Res. 515 Commemorating the 90th birthday of His Holine; H.R. 2635 Uyghur Policy Act of 2025 [no reading -- not placed]",R,XX-AL
Kimberlyn King-Hinds (R) - XX-AL [FORMER],,,1,,,,no signed reading,n/a (evidence only),1,,"VOTE YEA (R): 2026-07-22 Self of Texas Part A Amendment No. 28 On Agreeing to the Amendment: An amendment numbered 28 printed in Part A of House Report 119-755 to codify protections a (Agreed to 221-210) [reading DRAFT, unsigned -- not placed]",R,XX-AL
"Totals - 433 sitting decision-makers (4 former listed, not counted)",0,0,433,0,0,,,,,,,,
"NO SIGNED READINGS for Freedom of religion: 1 drafted, 0 signed. No member is placed; every row sits at 0 and the sheet is an evidence list. Sign readings in the sign-off guide to fill the columns.",,,,,,,,,,,,,
